{"type":"FeatureCollection","features":[{"type":"Feature","id":"node/5026159041","properties":{"highway":"street_lamp","light:colour":"orange","light:count":"2","light:lit":"dusk-dawn","light:method":"high_pressure_sodium","light:tilt":"-90","light_source":"lantern","source":"AGIV Flanders Ortho","support":"pole","id":"node/5026159041"},"geometry":{"type":"Point","coordinates":[4.7418203,51.4980848]}},{"type":"Feature","id":"node/5026159043","properties":{"highway":"street_lamp","light:colour":"orange","light:count":"2","light:lit":"dusk-dawn","light:method":"high_pressure_sodium","light:tilt":"-90","light_source":"lantern","source":"AGIV Flanders Ortho","support":"pole","id":"node/5026159043"},"geometry":{"type":"Point","coordinates":[4.7406426,51.4954783]}},{"type":"Feature","id":"node/5026159044","properties":{"highway":"street_lamp","light:colour":"orange","light:count":"2","light:lit":"dusk-dawn","light:method":"high_pressure_sodium","light:tilt":"-90","light_source":"lantern","source":"AGIV Flanders Ortho","support":"pole","id":"node/5026159044"},"geometry":{"type":"Point","coordinates":[4.7398261,51.4939472]}},{"type":"Feature","id":"node/5026159045","properties":{"highway":"street_lamp","light:colour":"orange","light:count":"2","light:lit":"dusk-dawn","light:method":"high_pressure_sodium","light:tilt":"-90","light_source":"lantern","source":"AGIV Flanders Ortho","support":"pole","id":"node/5026159045"},"geometry":{"type":"Point","coordinates":[4.7395478,51.4934326]}},{"type":"Feature","id":"node/5026159046","properties":{"highway":"street_lamp","light:colour":"orange","light:count":"2","light:lit":"dusk-dawn","light:method":"high_pressure_sodium","light:tilt":"-90","light_source":"lantern","source":"AGIV Flanders Ortho","support":"pole","id":"node/5026159046"},"geometry":{"type":"Point","coordinates":[4.7392507,51.4929243]}},{"type":"Feature","id":"node/5026159047","properties":{"highway":"street_lamp","light:colour":"orange","light:count":"2","light:lit":"dusk-dawn","light:method":"high_pressure_sodium","light:tilt":"-90","light_source":"lantern","source":"AGIV Flanders Ortho","support":"pole","id":"node/5026159047"},"geometry":{"type":"Point","coordinates":[4.7389621,51.4924173]}},{"type":"Feature","id":"node/5026159048","properties":{"highway":"street_lamp","light:colour":"orange","light:count":"2","light:lit":"dusk-dawn","light:method":"high_pressure_sodium","light:tilt":"-90","light_source":"lantern","source":"AGIV Flanders Ortho","support":"pole","id":"node/5026159048"},"geometry":{"type":"Point","coordinates":[4.7387056,51.4919688]}},{"type":"Feature","id":"node/5026159049","properties":{"highway":"street_lamp","light:colour":"orange","light:count":"2","light:lit":"dusk-dawn","light:method":"high_pressure_sodium","light:tilt":"-90","light_source":"lantern","source":"AGIV Flanders Ortho","support":"pole","id":"node/5026159049"},"geometry":{"type":"Point","coordinates":[4.7383673,51.4913584]}},{"type":"Feature","id":"node/5026159050","properties":{"highway":"street_lamp","light:colour":"orange","light:count":"2","light:lit":"dusk-dawn","light:method":"high_pressure_sodium","light:tilt":"-90","light_source":"lantern","source":"AGIV Flanders Ortho","support":"pole","id":"node/5026159050"},"geometry":{"type":"Point","coordinates":[4.7380705,51.4908272]}},{"type":"Feature","id":"node/5026159051","properties":{"highway":"street_lamp","light:colour":"orange","light:count":"2","light:lit":"dusk-dawn","light:method":"high_pressure_sodium","light:tilt":"-90","light_source":"lantern","source":"AGIV Flanders Ortho","support":"pole","id":"node/5026159051"},"geometry":{"type":"Point","coordinates":[4.7377886,51.4903235]}},{"type":"Feature","id":"node/5026159052","properties":{"highway":"street_lamp","light:colour":"orange","light:count":"2","light:lit":"dusk-dawn","light:method":"high_pressure_sodium","light:tilt":"-90","light_source":"lantern","source":"AGIV Flanders Ortho","support":"pole","id":"node/5026159052"},"geometry":{"type":"Point","coordinates":[4.737506,51.4898197]}},{"type":"Feature","id":"node/5026159053","properties":{"highway":"street_lamp","light:colour":"orange","light:count":"2","light:lit":"dusk-dawn","light:method":"high_pressure_sodium","light:tilt":"-90","light_source":"lantern","source":"AGIV Flanders Ortho","support":"pole","id":"node/5026159053"},"geometry":{"type":"Point","coordinates":[4.7372177,51.4893058]}},{"type":"Feature","id":"node/5026159054","properties":{"highway":"street_lamp","light:colour":"orange","light:count":"2","light:lit":"dusk-dawn","light:method":"high_pressure_sodium","light:tilt":"-90","light_source":"lantern","source":"AGIV Flanders Ortho","support":"pole","id":"node/5026159054"},"geometry":{"type":"Point","coordinates":[4.736931,51.4887995]}},{"type":"Feature","id":"node/5026159055","properties":{"highway":"street_lamp","light:colour":"orange","light:count":"2","light:lit":"dusk-dawn","light:method":"high_pressure_sodium","light:tilt":"-90","light_source":"lantern","source":"AGIV Flanders Ortho","support":"pole","id":"node/5026159055"},"geometry":{"type":"Point","coordinates":[4.736648,51.4882926]}},{"type":"Feature","id":"node/5026159056","properties":{"highway":"street_lamp","light:colour":"orange","light:count":"2","light:lit":"dusk-dawn","light:method":"high_pressure_sodium","light:tilt":"-90","light_source":"lantern","source":"AGIV Flanders Ortho","support":"pole","id":"node/5026159056"},"geometry":{"type":"Point","coordinates":[4.736366,51.487793]}},{"type":"Feature","id":"node/5026159057","properties":{"highway":"street_lamp","light:colour":"orange","light:count":"2","light:lit":"dusk-dawn","light:method":"high_pressure_sodium","light:tilt":"-90","light_source":"lantern","source":"AGIV Flanders Ortho","support":"pole","id":"node/5026159057"},"geometry":{"type":"Point","coordinates":[4.7360814,51.4872836]}},{"type":"Feature","id":"node/5026159058","properties":{"highway":"street_lamp","light:colour":"orange","light:count":"2","light:lit":"dusk-dawn","light:method":"high_pressure_sodium","light:tilt":"-90","light_source":"lantern","source":"AGIV Flanders Ortho","support":"pole","id":"node/5026159058"},"geometry":{"type":"Point","coordinates":[4.7357951,51.4867723]}},{"type":"Feature","id":"node/5026159059","properties":{"highway":"street_lamp","light:colour":"orange","light:count":"2","light:lit":"dusk-dawn","light:method":"high_pressure_sodium","light:tilt":"-90","light_source":"lantern","source":"AGIV Flanders Ortho","support":"pole","id":"node/5026159059"},"geometry":{"type":"Point","coordinates":[4.7355054,51.4862635]}},{"type":"Feature","id":"node/5028038548","properties":{"highway":"street_lamp","light:colour":"orange","light:lit":"dusk-dawn","light:method":"high_pressure_sodium","light:tilt":"-90","light_source":"lantern","source":"AGIV Flanders Ortho","support":"pole","id":"node/5028038548"},"geometry":{"type":"Point","coordinates":[4.7482127,51.5259106]}},{"type":"Feature","id":"node/5028038549","properties":{"highway":"street_lamp","light:colour":"orange","light:lit":"dusk-dawn","light:method":"high_pressure_sodium","light:tilt":"-90","light_source":"lantern","source":"AGIV Flanders Ortho","support":"pole","id":"node/5028038549"},"geometry":{"type":"Point","coordinates":[4.7476602,51.5258268]}},{"type":"Feature","id":"node/5028038550","properties":{"highway":"street_lamp","light:colour":"orange","light:lit":"dusk-dawn","light:method":"high_pressure_sodium","light:tilt":"-90","light_source":"lantern","source":"AGIV Flanders Ortho","support":"pole","id":"node/5028038550"},"geometry":{"type":"Point","coordinates":[4.7471043,51.5257354]}},{"type":"Feature","id":"node/5028038551","properties":{"highway":"street_lamp","light:colour":"orange","light:lit":"dusk-dawn","light:method":"high_pressure_sodium","light:tilt":"-90","light_source":"lantern","source":"AGIV Flanders Ortho","support":"pole","id":"node/5028038551"},"geometry":{"type":"Point","coordinates":[4.7465477,51.525634]}},{"type":"Feature","id":"node/5028038552","properties":{"highway":"street_lamp","light:colour":"orange","light:lit":"dusk-dawn","light:method":"high_pressure_sodium","light:tilt":"-90","light_source":"lantern","source":"AGIV Flanders Ortho","support":"pole","id":"node/5028038552"},"geometry":{"type":"Point","coordinates":[4.7458524,51.5255139]}},{"type":"Feature","id":"node/5028038553","properties":{"highway":"street_lamp","light:colour":"orange","light:lit":"dusk-dawn","light:method":"high_pressure_sodium","light:tilt":"-90","light_source":"lantern","source":"AGIV Flanders Ortho","support":"pole","id":"node/5028038553"},"geometry":{"type":"Point","coordinates":[4.745271,51.5254429]}},{"type":"Feature","id":"node/5028038554","properties":{"highway":"street_lamp","light:colour":"orange","light:lit":"dusk-dawn","light:method":"high_pressure_sodium","light:tilt":"-90","light_source":"lantern","source":"AGIV Flanders Ortho","support":"pole","id":"node/5028038554"},"geometry":{"type":"Point","coordinates":[4.744646,51.5254108]}},{"type":"Feature","id":"node/5028038555","properties":{"highway":"street_lamp","light:colour":"orange","light:lit":"dusk-dawn","light:method":"high_pressure_sodium","light:tilt":"-90","light_source":"lantern","source":"AGIV Flanders Ortho","support":"pole","id":"node/5028038555"},"geometry":{"type":"Point","coordinates":[4.7438917,51.5254726]}},{"type":"Feature","id":"node/5028038556","properties":{"highway":"street_lamp","light:colour":"orange","light:lit":"dusk-dawn","light:method":"high_pressure_sodium","light:tilt":"-90","light_source":"lantern","source":"AGIV Flanders Ortho","support":"pole","id":"node/5028038556"},"geometry":{"type":"Point","coordinates":[4.7431641,51.5256019]}},{"type":"Feature","id":"node/5028038557","properties":{"highway":"street_lamp","light:colour":"orange","light:lit":"dusk-dawn","light:method":"high_pressure_sodium","light:tilt":"-90","light_source":"lantern","source":"AGIV Flanders Ortho","support":"pole","id":"node/5028038557"},"geometry":{"type":"Point","coordinates":[4.7424835,51.5258034]}},{"type":"Feature","id":"node/5028038558","properties":{"highway":"street_lamp","light:colour":"orange","light:lit":"dusk-dawn","light:method":"high_pressure_sodium","light:tilt":"-90","light_source":"lantern","source":"AGIV Flanders Ortho","support":"pole","id":"node/5028038558"},"geometry":{"type":"Point","coordinates":[4.7418887,51.5260616]}},{"type":"Feature","id":"node/5028038559","properties":{"highway":"street_lamp","light:colour":"orange","light:lit":"dusk-dawn","light:method":"high_pressure_sodium","light:tilt":"-90","light_source":"lantern","source":"AGIV Flanders Ortho","support":"pole","id":"node/5028038559"},"geometry":{"type":"Point","coordinates":[4.7413717,51.5263841]}},{"type":"Feature","id":"node/5028038560","properties":{"highway":"street_lamp","light:colour":"orange","light:lit":"dusk-dawn","light:method":"high_pressure_sodium","light:tilt":"-90","light_source":"lantern","source":"AGIV Flanders Ortho","support":"pole","id":"node/5028038560"},"geometry":{"type":"Point","coordinates":[4.7409607,51.5267375]}},{"type":"Feature","id":"node/5028038561","properties":{"highway":"street_lamp","light:colour":"orange","light:lit":"dusk-dawn","light:method":"high_pressure_sodium","light:tilt":"-90","light_source":"lantern","source":"AGIV Flanders Ortho","support":"pole","id":"node/5028038561"},"geometry":{"type":"Point","coordinates":[4.7406388,51.5271351]}},{"type":"Feature","id":"node/5028038562","properties":{"highway":"street_lamp","light:colour":"orange","light:lit":"dusk-dawn","light:method":"high_pressure_sodium","light:tilt":"-90","light_source":"lantern","source":"AGIV Flanders Ortho","support":"pole","id":"node/5028038562"},"geometry":{"type":"Point","coordinates":[4.7404249,51.5275748]}},{"type":"Feature","id":"node/5028038563","properties":{"highway":"street_lamp","light:colour":"orange","light:lit":"dusk-dawn","light:method":"high_pressure_sodium","light:tilt":"-90","light_source":"lantern","source":"AGIV Flanders Ortho","support":"pole","id":"node/5028038563"},"geometry":{"type":"Point","coordinates":[4.7403357,51.5280186]}},{"type":"Feature","id":"node/5028038564","properties":{"highway":"street_lamp","light:colour":"orange","light:lit":"dusk-dawn","light:method":"high_pressure_sodium","light:tilt":"-90","light_source":"lantern","source":"AGIV Flanders Ortho","support":"pole","id":"node/5028038564"},"geometry":{"type":"Point","coordinates":[4.7403532,51.52847]}},{"type":"Feature","id":"node/5028038565","properties":{"highway":"street_lamp","light:colour":"orange","light:lit":"dusk-dawn","light:method":"high_pressure_sodium","light:tilt":"-90","light_source":"lantern","source":"AGIV Flanders Ortho","support":"pole","id":"node/5028038565"},"geometry":{"type":"Point","coordinates":[4.7404987,51.5289093]}},{"type":"Feature","id":"node/5028038566","properties":{"highway":"street_lamp","light:colour":"orange","light:lit":"dusk-dawn","light:method":"high_pressure_sodium","light:tilt":"-90","light_source":"lantern","source":"AGIV Flanders Ortho","support":"pole","id":"node/5028038566"},"geometry":{"type":"Point","coordinates":[4.7407528,51.5293315]}},{"type":"Feature","id":"node/5028038567","properties":{"highway":"street_lamp","light:colour":"orange","light:lit":"dusk-dawn","light:method":"high_pressure_sodium","light:tilt":"-90","light_source":"lantern","source":"AGIV Flanders Ortho","support":"pole","id":"node/5028038567"},"geometry":{"type":"Point","coordinates":[4.741082,51.5297273]}},{"type":"Feature","id":"node/5028038568","properties":{"highway":"street_lamp","light:colour":"orange","light:lit":"dusk-dawn","light:method":"high_pressure_sodium","light:tilt":"-90","light_source":"lantern","source":"AGIV Flanders Ortho","support":"pole","id":"node/5028038568"},"geometry":{"type":"Point","coordinates":[4.7414301,51.5301182]}},{"type":"Feature","id":"node/5028038569","properties":{"highway":"street_lamp","light:colour":"orange","light:lit":"dusk-dawn","light:method":"high_pressure_sodium","light:tilt":"-90","light_source":"lantern","source":"AGIV Flanders Ortho","support":"pole","id":"node/5028038569"},"geometry":{"type":"Point","coordinates":[4.7417217,51.530522]}},{"type":"Feature","id":"node/5028038570","properties":{"highway":"street_lamp","light:colour":"orange","light:lit":"dusk-dawn","light:method":"high_pressure_sodium","light:tilt":"-90","light_source":"lantern","source":"AGIV Flanders Ortho","support":"pole","id":"node/5028038570"},"geometry":{"type":"Point","coordinates":[4.741878,51.5308674]}},{"type":"Feature","id":"node/5028038571","properties":{"highway":"street_lamp","light:colour":"orange","light:lit":"dusk-dawn","light:method":"high_pressure_sodium","light:tilt":"-90","light_source":"lantern","source":"AGIV Flanders Ortho","support":"pole","id":"node/5028038571"},"geometry":{"type":"Point","coordinates":[4.7419551,51.5311928]}},{"type":"Feature","id":"node/5028038572","properties":{"highway":"street_lamp","light:colour":"orange","light:lit":"dusk-dawn","light:method":"high_pressure_sodium","light:tilt":"-90","light_source":"lantern","source":"AGIV Flanders Ortho","support":"pole","id":"node/5028038572"},"geometry":{"type":"Point","coordinates":[4.7419631,51.531549]}},{"type":"Feature","id":"node/5028038573","properties":{"highway":"street_lamp","light:colour":"orange","light:lit":"dusk-dawn","light:method":"high_pressure_sodium","light:tilt":"-90","light_source":"lantern","source":"AGIV Flanders Ortho","support":"pole","id":"node/5028038573"},"geometry":{"type":"Point","coordinates":[4.7419115,51.531909]}},{"type":"Feature","id":"node/5028038574","properties":{"highway":"street_lamp","light:colour":"orange","light:lit":"dusk-dawn","light:method":"high_pressure_sodium","light:tilt":"-90","light_source":"lantern","source":"AGIV Flanders Ortho","support":"pole","id":"node/5028038574"},"geometry":{"type":"Point","coordinates":[4.7417975,51.5322657]}},{"type":"Feature","id":"node/5028038575","properties":{"highway":"street_lamp","light:colour":"orange","light:lit":"dusk-dawn","light:method":"high_pressure_sodium","light:tilt":"-90","light_source":"lantern","source":"AGIV Flanders Ortho","support":"pole","id":"node/5028038575"},"geometry":{"type":"Point","coordinates":[4.7416889,51.5325969]}},{"type":"Feature","id":"node/5028038576","properties":{"highway":"street_lamp","light:colour":"orange","light:lit":"dusk-dawn","light:method":"high_pressure_sodium","light:tilt":"-90","light_source":"lantern","source":"AGIV Flanders Ortho","support":"pole","id":"node/5028038576"},"geometry":{"type":"Point","coordinates":[4.741469,51.5332034]}},{"type":"Feature","id":"node/5028038577","properties":{"highway":"street_lamp","light:colour":"orange","light:lit":"dusk-dawn","light:method":"high_pressure_sodium","light:tilt":"-90","light_source":"lantern","source":"AGIV Flanders Ortho","support":"pole","id":"node/5028038577"},"geometry":{"type":"Point","coordinates":[4.7412785,51.533731]}},{"type":"Feature","id":"node/5028038578","properties":{"highway":"street_lamp","light:colour":"orange","light:lit":"dusk-dawn","light:method":"high_pressure_sodium","light:tilt":"-90","light_source":"lantern","source":"AGIV Flanders Ortho","support":"pole","id":"node/5028038578"},"geometry":{"type":"Point","coordinates":[4.7410478,51.5343742]}},{"type":"Feature","id":"node/5028038579","properties":{"highway":"street_lamp","light:colour":"orange","light:lit":"dusk-dawn","light:method":"high_pressure_sodium","light:tilt":"-90","light_source":"lantern","source":"AGIV Flanders Ortho","support":"pole","id":"node/5028038579"},"geometry":{"type":"Point","coordinates":[4.7408232,51.5350257]}},{"type":"Feature","id":"node/5028038580","properties":{"highway":"street_lamp","light:colour":"orange","light:lit":"dusk-dawn","light:method":"high_pressure_sodium","light:tilt":"-90","light_source":"lantern","source":"AGIV Flanders Ortho","support":"pole","id":"node/5028038580"},"geometry":{"type":"Point","coordinates":[4.7406187,51.5356768]}},{"type":"Feature","id":"node/5028038581","properties":{"highway":"street_lamp","light:colour":"orange","light:lit":"dusk-dawn","light:method":"high_pressure_sodium","light:tilt":"-90","light_source":"lantern","source":"AGIV Flanders Ortho","support":"pole","id":"node/5028038581"},"geometry":{"type":"Point","coordinates":[4.7404313,51.5363298]}},{"type":"Feature","id":"node/5028038582","properties":{"highway":"street_lamp","light:lit":"dusk-dawn","light:method":"electric","light:tilt":"-90","light_source":"lantern","source":"AGIV Flanders Ortho","support":"pole","id":"node/5028038582"},"geometry":{"type":"Point","coordinates":[4.7393084,51.5476557]}},{"type":"Feature","id":"node/5028038583","properties":{"highway":"street_lamp","light:lit":"dusk-dawn","light:method":"electric","light:tilt":"-90","light_source":"lantern","source":"AGIV Flanders Ortho","support":"pole","id":"node/5028038583"},"geometry":{"type":"Point","coordinates":[4.7388779,51.5479075]}},{"type":"Feature","id":"node/5028038584","properties":{"highway":"street_lamp","light:lit":"dusk-dawn","light:method":"electric","light:tilt":"-90","light_source":"lantern","source":"AGIV Flanders Ortho","support":"pole","id":"node/5028038584"},"geometry":{"type":"Point","coordinates":[4.738837,51.548272]}},{"type":"Feature","id":"node/5028038585","properties":{"highway":"street_lamp","light:lit":"dusk-dawn","light:method":"electric","light:tilt":"-90","light_source":"lantern","source":"AGIV Flanders Ortho","support":"pole","id":"node/5028038585"},"geometry":{"type":"Point","coordinates":[4.7390409,51.5494487]}},{"type":"Feature","id":"node/5028038586","properties":{"highway":"street_lamp","light:lit":"dusk-dawn","light:method":"electric","light:tilt":"-90","light_source":"lantern","source":"AGIV Flanders Ortho","support":"pole","id":"node/5028038586"},"geometry":{"type":"Point","coordinates":[4.7389584,51.5498077]}},{"type":"Feature","id":"node/5028038587","properties":{"highway":"street_lamp","light:colour":"orange","light:count":"2","light:lit":"dusk-dawn","light:method":"high_pressure_sodium","light:tilt":"-90","light_source":"lantern","source":"AGIV Flanders Ortho","support":"pole","id":"node/5028038587"},"geometry":{"type":"Point","coordinates":[4.7395163,51.5493853]}},{"type":"Feature","id":"node/5028038588","properties":{"highway":"street_lamp","light:colour":"orange","light:count":"2","light:lit":"dusk-dawn","light:method":"high_pressure_sodium","light:tilt":"-90","light_source":"lantern","source":"AGIV Flanders Ortho","support":"pole","id":"node/5028038588"},"geometry":{"type":"Point","coordinates":[4.7396591,51.5487044]}},{"type":"Feature","id":"node/5028038589","properties":{"highway":"street_lamp","light:colour":"orange","light:count":"2","light:lit":"dusk-dawn","light:method":"high_pressure_sodium","light:tilt":"-90","light_source":"lantern","source":"AGIV Flanders Ortho","support":"pole","id":"node/5028038589"},"geometry":{"type":"Point","coordinates":[4.7397839,51.548013]}},{"type":"Feature","id":"node/5028038590","properties":{"highway":"street_lamp","light:colour":"orange","light:count":"2","light:lit":"dusk-dawn","light:method":"high_pressure_sodium","light:tilt":"-90","light_source":"lantern","source":"AGIV Flanders Ortho","support":"pole","id":"node/5028038590"},"geometry":{"type":"Point","coordinates":[4.7398972,51.5473338]}},{"type":"Feature","id":"node/5028038591","properties":{"highway":"street_lamp","light:colour":"orange","light:count":"2","light:lit":"dusk-dawn","light:method":"high_pressure_sodium","light:tilt":"-90","light_source":"lantern","source":"AGIV Flanders Ortho","support":"pole","id":"node/5028038591"},"geometry":{"type":"Point","coordinates":[4.7399864,51.5466586]}},{"type":"Feature","id":"node/5028038592","properties":{"highway":"street_lamp","light:colour":"orange","light:count":"2","light:lit":"dusk-dawn","light:method":"high_pressure_sodium","light:tilt":"-90","light_source":"lantern","source":"AGIV Flanders Ortho","support":"pole","id":"node/5028038592"},"geometry":{"type":"Point","coordinates":[4.7400641,51.5459985]}},{"type":"Feature","id":"node/5028038593","properties":{"highway":"street_lamp","light:colour":"orange","light:count":"2","light:lit":"dusk-dawn","light:method":"high_pressure_sodium","light:tilt":"-90","light_source":"lantern","source":"AGIV Flanders Ortho","support":"pole","id":"node/5028038593"},"geometry":{"type":"Point","coordinates":[4.7401278,51.5453371]}},{"type":"Feature","id":"node/5028038594","properties":{"highway":"street_lamp","light:colour":"orange","light:count":"2","light:lit":"dusk-dawn","light:method":"high_pressure_sodium","light:tilt":"-90","light_source":"lantern","source":"AGIV Flanders Ortho","support":"pole","id":"node/5028038594"},"geometry":{"type":"Point","coordinates":[4.7401714,51.5446695]}},{"type":"Feature","id":"node/5028038595","properties":{"highway":"street_lamp","light:colour":"orange","light:count":"2","light:lit":"dusk-dawn","light:method":"high_pressure_sodium","light:tilt":"-90","light_source":"lantern","source":"AGIV Flanders Ortho","support":"pole","id":"node/5028038595"},"geometry":{"type":"Point","coordinates":[4.7402036,51.5440006]}},{"type":"Feature","id":"node/5028038596","properties":{"highway":"street_lamp","light:colour":"orange","light:count":"2","light:lit":"dusk-dawn","light:method":"high_pressure_sodium","light:tilt":"-90","light_source":"lantern","source":"AGIV Flanders Ortho","support":"pole","id":"node/5028038596"},"geometry":{"type":"Point","coordinates":[4.7402164,51.543348]}},{"type":"Feature","id":"node/5028038597","properties":{"highway":"street_lamp","light:colour":"orange","light:count":"2","light:lit":"dusk-dawn","light:method":"high_pressure_sodium","light:tilt":"-90","light_source":"lantern","source":"AGIV Flanders Ortho","support":"pole","id":"node/5028038597"},"geometry":{"type":"Point","coordinates":[4.7402157,51.5426865]}},{"type":"Feature","id":"node/5028038598","properties":{"highway":"street_lamp","light:colour":"orange","light:count":"2","light:lit":"dusk-dawn","light:method":"high_pressure_sodium","light:tilt":"-90","light_source":"lantern","source":"AGIV Flanders Ortho","support":"pole","id":"node/5028038598"},"geometry":{"type":"Point","coordinates":[4.740207,51.5420209]}},{"type":"Feature","id":"node/5028038599","properties":{"highway":"street_lamp","light:colour":"orange","light:count":"2","light:lit":"dusk-dawn","light:method":"high_pressure_sodium","light:tilt":"-90","light_source":"lantern","source":"AGIV Flanders Ortho","support":"pole","id":"node/5028038599"},"geometry":{"type":"Point","coordinates":[4.7402023,51.5413603]}},{"type":"Feature","id":"node/5028038600","properties":{"highway":"street_lamp","light:colour":"orange","light:count":"2","light:lit":"dusk-dawn","light:method":"high_pressure_sodium","light:tilt":"-90","light_source":"lantern","source":"AGIV Flanders Ortho","support":"pole","id":"node/5028038600"},"geometry":{"type":"Point","coordinates":[4.740207,51.5406826]}},{"type":"Feature","id":"node/5028038601","properties":{"highway":"street_lamp","light:colour":"orange","light:count":"2","light:lit":"dusk-dawn","light:method":"high_pressure_sodium","light:tilt":"-90","light_source":"lantern","source":"AGIV Flanders Ortho","support":"pole","id":"node/5028038601"},"geometry":{"type":"Point","coordinates":[4.7402284,51.539972]}},{"type":"Feature","id":"node/5028038602","properties":{"highway":"street_lamp","light:colour":"orange","light:count":"2","light:lit":"dusk-dawn","light:method":"high_pressure_sodium","light:tilt":"-90","light_source":"lantern","source":"AGIV Flanders Ortho","support":"pole","id":"node/5028038602"},"geometry":{"type":"Point","coordinates":[4.7402653,51.5393872]}},{"type":"Feature","id":"node/5028038603","properties":{"highway":"street_lamp","light:colour":"orange","light:count":"2","light:lit":"dusk-dawn","light:method":"high_pressure_sodium","light:tilt":"-90","light_source":"lantern","source":"AGIV Flanders Ortho","support":"pole","id":"node/5028038603"},"geometry":{"type":"Point","coordinates":[4.7403297,51.5387274]}},{"type":"Feature","id":"node/5028038604","properties":{"highway":"street_lamp","light:colour":"orange","light:count":"2","light:lit":"dusk-dawn","light:method":"high_pressure_sodium","light:tilt":"-90","light_source":"lantern","source":"AGIV Flanders Ortho","support":"pole","id":"node/5028038604"},"geometry":{"type":"Point","coordinates":[4.7404256,51.5380689]}},{"type":"Feature","id":"node/5028038605","properties":{"highway":"street_lamp","light:colour":"orange","light:count":"2","light:lit":"dusk-dawn","light:method":"high_pressure_sodium","light:tilt":"-90","light_source":"lantern","source":"AGIV Flanders Ortho","support":"pole","id":"node/5028038605"},"geometry":{"type":"Point","coordinates":[4.740551,51.5373836]}},{"type":"Feature","id":"node/5028038606","properties":{"highway":"street_lamp","light:colour":"orange","light:count":"2","light:lit":"dusk-dawn","light:method":"high_pressure_sodium","light:tilt":"-90","light_source":"lantern","source":"AGIV Flanders Ortho","support":"pole","id":"node/5028038606"},"geometry":{"type":"Point","coordinates":[4.7406978,51.5367146]}},{"type":"Feature","id":"node/5028038607","properties":{"highway":"street_lamp","light:colour":"orange","light:count":"2","light:lit":"dusk-dawn","light:method":"high_pressure_sodium","light:tilt":"-90","light_source":"lantern","source":"AGIV Flanders Ortho","support":"pole","id":"node/5028038607"},"geometry":{"type":"Point","coordinates":[4.7408742,51.536028]}},{"type":"Feature","id":"node/5028038608","properties":{"highway":"street_lamp","light:colour":"orange","light:count":"2","light:lit":"dusk-dawn","light:method":"high_pressure_sodium","light:tilt":"-90","light_source":"lantern","source":"AGIV Flanders Ortho","support":"pole","id":"node/5028038608"},"geometry":{"type":"Point","coordinates":[4.741076,51.5353736]}},{"type":"Feature","id":"node/5028038609","properties":{"highway":"street_lamp","light:colour":"orange","light:count":"2","light:lit":"dusk-dawn","light:method":"high_pressure_sodium","light:tilt":"-90","light_source":"lantern","source":"AGIV Flanders Ortho","support":"pole","id":"node/5028038609"},"geometry":{"type":"Point","coordinates":[4.7412866,51.5347279]}},{"type":"Feature","id":"node/5028038610","properties":{"highway":"street_lamp","light:colour":"orange","light:count":"2","light:lit":"dusk-dawn","light:method":"high_pressure_sodium","light:tilt":"-90","light_source":"lantern","source":"AGIV Flanders Ortho","support":"pole","id":"node/5028038610"},"geometry":{"type":"Point","coordinates":[4.7415199,51.5340793]}},{"type":"Feature","id":"node/5028038611","properties":{"highway":"street_lamp","light:colour":"orange","light:count":"2","light:lit":"dusk-dawn","light:method":"high_pressure_sodium","light:tilt":"-90","light_source":"lantern","source":"AGIV Flanders Ortho","support":"pole","id":"node/5028038611"},"geometry":{"type":"Point","coordinates":[4.7417566,51.5334336]}},{"type":"Feature","id":"node/5028038612","properties":{"highway":"street_lamp","light:colour":"orange","light:count":"2","light:lit":"dusk-dawn","light:method":"high_pressure_sodium","light:tilt":"-90","light_source":"lantern","source":"AGIV Flanders Ortho","support":"pole","id":"node/5028038612"},"geometry":{"type":"Point","coordinates":[4.741996,51.5327821]}},{"type":"Feature","id":"node/5028038613","properties":{"highway":"street_lamp","light:colour":"orange","light:count":"2","light:lit":"dusk-dawn","light:method":"high_pressure_sodium","light:tilt":"-90","light_source":"lantern","source":"AGIV Flanders Ortho","support":"pole","id":"node/5028038613"},"geometry":{"type":"Point","coordinates":[4.7422347,51.5321472]}},{"type":"Feature","id":"node/5028038614","properties":{"highway":"street_lamp","light:colour":"orange","light:count":"2","light:lit":"dusk-dawn","light:method":"high_pressure_sodium","light:tilt":"-90","light_source":"lantern","source":"AGIV Flanders Ortho","support":"pole","id":"node/5028038614"},"geometry":{"type":"Point","coordinates":[4.7424681,51.5315181]}},{"type":"Feature","id":"node/5028038616","properties":{"highway":"street_lamp","light:colour":"orange","light:count":"2","light:lit":"dusk-dawn","light:method":"high_pressure_sodium","light:tilt":"-90","light_source":"lantern","source":"AGIV Flanders Ortho","support":"pole","id":"node/5028038616"},"geometry":{"type":"Point","coordinates":[4.7430139,51.5300594]}},{"type":"Feature","id":"node/5028038617","properties":{"highway":"street_lamp","light:colour":"orange","light:count":"2","light:lit":"dusk-dawn","light:method":"high_pressure_sodium","light:tilt":"-90","light_source":"lantern","source":"AGIV Flanders Ortho","support":"pole","id":"node/5028038617"},"geometry":{"type":"Point","coordinates":[4.7432607,51.5293911]}},{"type":"Feature","id":"node/5028038618","properties":{"highway":"street_lamp","light:colour":"orange","light:count":"2","light:lit":"dusk-dawn","light:method":"high_pressure_sodium","light:tilt":"-90","light_source":"lantern","source":"AGIV Flanders Ortho","support":"pole","id":"node/5028038618"},"geometry":{"type":"Point","coordinates":[4.7435121,51.528717]}},{"type":"Feature","id":"node/5028038619","properties":{"highway":"street_lamp","light:colour":"orange","light:count":"2","light:lit":"dusk-dawn","light:method":"high_pressure_sodium","light:tilt":"-90","light_source":"lantern","source":"AGIV Flanders Ortho","support":"pole","id":"node/5028038619"},"geometry":{"type":"Point","coordinates":[4.7437575,51.5280512]}},{"type":"Feature","id":"node/5028038620","properties":{"highway":"street_lamp","light:colour":"orange","light:count":"2","light:lit":"dusk-dawn","light:method":"high_pressure_sodium","light:tilt":"-90","light_source":"lantern","source":"AGIV Flanders Ortho","support":"pole","id":"node/5028038620"},"geometry":{"type":"Point","coordinates":[4.7440157,51.5273766]}},{"type":"Feature","id":"node/5028039021","properties":{"highway":"street_lamp","light:colour":"orange","light:count":"2","light:lit":"dusk-dawn","light:method":"high_pressure_sodium","light:tilt":"-90","light_source":"lantern","source":"AGIV Flanders Ortho","support":"pole","id":"node/5028039021"},"geometry":{"type":"Point","coordinates":[4.7442028,51.5268493]}},{"type":"Feature","id":"node/5028039022","properties":{"highway":"street_lamp","light:colour":"orange","light:count":"2","light:lit":"dusk-dawn","light:method":"high_pressure_sodium","light:tilt":"-90","light_source":"lantern","source":"AGIV Flanders Ortho","support":"pole","id":"node/5028039022"},"geometry":{"type":"Point","coordinates":[4.7443845,51.5262919]}},{"type":"Feature","id":"node/5028039023","properties":{"highway":"street_lamp","light:colour":"orange","light:count":"2","light:lit":"dusk-dawn","light:method":"high_pressure_sodium","light:tilt":"-90","light_source":"lantern","source":"AGIV Flanders Ortho","support":"pole","id":"node/5028039023"},"geometry":{"type":"Point","coordinates":[4.7445414,51.5257763]}},{"type":"Feature","id":"node/5028039024","properties":{"highway":"street_lamp","light:colour":"orange","light:count":"2","light:lit":"dusk-dawn","light:method":"high_pressure_sodium","light:tilt":"-90","light_source":"lantern","source":"AGIV Flanders Ortho","support":"pole","id":"node/5028039024"},"geometry":{"type":"Point","coordinates":[4.7447077,51.5251968]}},{"type":"Feature","id":"node/5028039025","properties":{"highway":"street_lamp","light:colour":"orange","light:count":"2","light:lit":"dusk-dawn","light:method":"high_pressure_sodium","light:tilt":"-90","light_source":"lantern","source":"AGIV Flanders Ortho","support":"pole","id":"node/5028039025"},"geometry":{"type":"Point","coordinates":[4.7448365,51.5246674]}},{"type":"Feature","id":"node/5028039026","properties":{"highway":"street_lamp","light:colour":"orange","light:count":"2","light:lit":"dusk-dawn","light:method":"high_pressure_sodium","light:tilt":"-90","light_source":"lantern","source":"AGIV Flanders Ortho","support":"pole","id":"node/5028039026"},"geometry":{"type":"Point","coordinates":[4.7449592,51.5241346]}},{"type":"Feature","id":"node/5028039027","properties":{"highway":"street_lamp","light:colour":"orange","light:count":"2","light:lit":"dusk-dawn","light:method":"high_pressure_sodium","light:tilt":"-90","light_source":"lantern","source":"AGIV Flanders Ortho","support":"pole","id":"node/5028039027"},"geometry":{"type":"Point","coordinates":[4.7450665,51.5236022]}},{"type":"Feature","id":"node/5028039028","properties":{"highway":"street_lamp","light:colour":"orange","light:count":"2","light:lit":"dusk-dawn","light:method":"high_pressure_sodium","light:tilt":"-90","light_source":"lantern","source":"AGIV Flanders Ortho","support":"pole","id":"node/5028039028"},"geometry":{"type":"Point","coordinates":[4.7451637,51.5230715]}},{"type":"Feature","id":"node/5028039029","properties":{"highway":"street_lamp","light:colour":"orange","light:count":"2","light:lit":"dusk-dawn","light:method":"high_pressure_sodium","light:tilt":"-90","light_source":"lantern","source":"AGIV Flanders Ortho","support":"pole","id":"node/5028039029"},"geometry":{"type":"Point","coordinates":[4.7452502,51.5225367]}},{"type":"Feature","id":"node/5028039030","properties":{"highway":"street_lamp","light:colour":"orange","light:count":"2","light:lit":"dusk-dawn","light:method":"high_pressure_sodium","light:tilt":"-90","light_source":"lantern","source":"AGIV Flanders Ortho","support":"pole","id":"node/5028039030"},"geometry":{"type":"Point","coordinates":[4.7453213,51.5220026]}},{"type":"Feature","id":"node/5028039031","properties":{"highway":"street_lamp","light:colour":"orange","light:count":"2","light:lit":"dusk-dawn","light:method":"high_pressure_sodium","light:tilt":"-90","light_source":"lantern","source":"AGIV Flanders Ortho","support":"pole","id":"node/5028039031"},"geometry":{"type":"Point","coordinates":[4.7453823,51.5214648]}},{"type":"Feature","id":"node/5028039032","properties":{"highway":"street_lamp","light:colour":"orange","light:count":"2","light:lit":"dusk-dawn","light:method":"high_pressure_sodium","light:tilt":"-90","light_source":"lantern","source":"AGIV Flanders Ortho","support":"pole","id":"node/5028039032"},"geometry":{"type":"Point","coordinates":[4.7454259,51.5209232]}},{"type":"Feature","id":"node/5028039033","properties":{"highway":"street_lamp","light:colour":"orange","light:count":"2","light:lit":"dusk-dawn","light:method":"high_pressure_sodium","light:tilt":"-90","light_source":"lantern","source":"AGIV Flanders Ortho","support":"pole","id":"node/5028039033"},"geometry":{"type":"Point","coordinates":[4.7454594,51.5203888]}},{"type":"Feature","id":"node/5028039034","properties":{"highway":"street_lamp","light:colour":"orange","light:count":"2","light:lit":"dusk-dawn","light:method":"high_pressure_sodium","light:tilt":"-90","light_source":"lantern","source":"AGIV Flanders Ortho","support":"pole","id":"node/5028039034"},"geometry":{"type":"Point","coordinates":[4.7454755,51.5198526]}},{"type":"Feature","id":"node/5028039035","properties":{"highway":"street_lamp","light:colour":"orange","light:count":"2","light:lit":"dusk-dawn","light:method":"high_pressure_sodium","light:tilt":"-90","light_source":"lantern","source":"AGIV Flanders Ortho","support":"pole","id":"node/5028039035"},"geometry":{"type":"Point","coordinates":[4.7454822,51.5193164]}},{"type":"Feature","id":"node/5028039036","properties":{"highway":"street_lamp","light:colour":"orange","light:count":"2","light:lit":"dusk-dawn","light:method":"high_pressure_sodium","light:tilt":"-90","light_source":"lantern","source":"AGIV Flanders Ortho","support":"pole","id":"node/5028039036"},"geometry":{"type":"Point","coordinates":[4.7454715,51.5187769]}},{"type":"Feature","id":"node/5028039037","properties":{"highway":"street_lamp","light:colour":"orange","light:count":"2","light:lit":"dusk-dawn","light:method":"high_pressure_sodium","light:tilt":"-90","light_source":"lantern","source":"AGIV Flanders Ortho","support":"pole","id":"node/5028039037"},"geometry":{"type":"Point","coordinates":[4.745448,51.518257]}},{"type":"Feature","id":"node/5028039038","properties":{"highway":"street_lamp","light:colour":"orange","light:count":"2","light:lit":"dusk-dawn","light:method":"high_pressure_sodium","light:tilt":"-90","light_source":"lantern","source":"AGIV Flanders Ortho","support":"pole","id":"node/5028039038"},"geometry":{"type":"Point","coordinates":[4.7454205,51.5177254]}},{"type":"Feature","id":"node/5028039039","properties":{"highway":"street_lamp","light:colour":"orange","light:count":"2","light:lit":"dusk-dawn","light:method":"high_pressure_sodium","light:tilt":"-90","light_source":"lantern","source":"AGIV Flanders Ortho","support":"pole","id":"node/5028039039"},"geometry":{"type":"Point","coordinates":[4.7453756,51.5171942]}},{"type":"Feature","id":"node/5028039040","properties":{"highway":"street_lamp","light:colour":"orange","light:count":"2","light:lit":"dusk-dawn","light:method":"high_pressure_sodium","light:tilt":"-90","light_source":"lantern","source":"AGIV Flanders Ortho","support":"pole","id":"node/5028039040"},"geometry":{"type":"Point","coordinates":[4.7453253,51.5166714]}},{"type":"Feature","id":"node/5028039041","properties":{"highway":"street_lamp","light:colour":"orange","light:count":"2","light:lit":"dusk-dawn","light:method":"high_pressure_sodium","light:tilt":"-90","light_source":"lantern","source":"AGIV Flanders Ortho","support":"pole","id":"node/5028039041"},"geometry":{"type":"Point","coordinates":[4.7452696,51.5161452]}},{"type":"Feature","id":"node/5028039042","properties":{"highway":"street_lamp","light:colour":"orange","light:count":"2","light:lit":"dusk-dawn","light:method":"high_pressure_sodium","light:tilt":"-90","light_source":"lantern","source":"AGIV Flanders Ortho","support":"pole","id":"node/5028039042"},"geometry":{"type":"Point","coordinates":[4.7452093,51.5156148]}},{"type":"Feature","id":"node/5028039043","properties":{"highway":"street_lamp","light:colour":"orange","light:count":"2","light:lit":"dusk-dawn","light:method":"high_pressure_sodium","light:tilt":"-90","light_source":"lantern","source":"AGIV Flanders Ortho","support":"pole","id":"node/5028039043"},"geometry":{"type":"Point","coordinates":[4.7451523,51.5150924]}},{"type":"Feature","id":"node/5028039044","properties":{"highway":"street_lamp","light:colour":"orange","light:count":"2","light:lit":"dusk-dawn","light:method":"high_pressure_sodium","light:tilt":"-90","light_source":"lantern","source":"AGIV Flanders Ortho","support":"pole","id":"node/5028039044"},"geometry":{"type":"Point","coordinates":[4.7450919,51.5145687]}},{"type":"Feature","id":"node/5028039045","properties":{"highway":"street_lamp","light:colour":"orange","light:count":"2","light:lit":"dusk-dawn","light:method":"high_pressure_sodium","light:tilt":"-90","light_source":"lantern","source":"AGIV Flanders Ortho","support":"pole","id":"node/5028039045"},"geometry":{"type":"Point","coordinates":[4.7450296,51.5140396]}},{"type":"Feature","id":"node/5028039046","properties":{"highway":"street_lamp","light:colour":"orange","light:count":"2","light:lit":"dusk-dawn","light:method":"high_pressure_sodium","light:tilt":"-90","light_source":"lantern","source":"AGIV Flanders Ortho","support":"pole","id":"node/5028039046"},"geometry":{"type":"Point","coordinates":[4.7449619,51.5134941]}},{"type":"Feature","id":"node/5028039047","properties":{"highway":"street_lamp","light:colour":"orange","light:count":"2","light:lit":"dusk-dawn","light:method":"high_pressure_sodium","light:tilt":"-90","light_source":"lantern","source":"AGIV Flanders Ortho","support":"pole","id":"node/5028039047"},"geometry":{"type":"Point","coordinates":[4.7448968,51.5129871]}},{"type":"Feature","id":"node/5028039048","properties":{"highway":"street_lamp","light:colour":"orange","light:count":"2","light:lit":"dusk-dawn","light:method":"high_pressure_sodium","light:tilt":"-90","light_source":"lantern","source":"AGIV Flanders Ortho","support":"pole","id":"node/5028039048"},"geometry":{"type":"Point","coordinates":[4.7448298,51.5124592]}},{"type":"Feature","id":"node/5028039049","properties":{"highway":"street_lamp","light:colour":"orange","light:count":"2","light:lit":"dusk-dawn","light:method":"high_pressure_sodium","light:tilt":"-90","light_source":"lantern","source":"AGIV Flanders Ortho","support":"pole","id":"node/5028039049"},"geometry":{"type":"Point","coordinates":[4.7447627,51.5119338]}},{"type":"Feature","id":"node/5028039050","properties":{"highway":"street_lamp","light:colour":"orange","light:count":"2","light:lit":"dusk-dawn","light:method":"high_pressure_sodium","light:tilt":"-90","light_source":"lantern","source":"AGIV Flanders Ortho","support":"pole","id":"node/5028039050"},"geometry":{"type":"Point","coordinates":[4.7446923,51.5114055]}},{"type":"Feature","id":"node/5028039051","properties":{"highway":"street_lamp","light:colour":"orange","light:count":"2","light:lit":"dusk-dawn","light:method":"high_pressure_sodium","light:tilt":"-90","light_source":"lantern","source":"AGIV Flanders Ortho","support":"pole","id":"node/5028039051"},"geometry":{"type":"Point","coordinates":[4.7446179,51.5108805]}},{"type":"Feature","id":"node/5028039052","properties":{"highway":"street_lamp","light:colour":"orange","light:count":"2","light:lit":"dusk-dawn","light:method":"high_pressure_sodium","light:tilt":"-90","light_source":"lantern","source":"AGIV Flanders Ortho","support":"pole","id":"node/5028039052"},"geometry":{"type":"Point","coordinates":[4.7445441,51.510353]}},{"type":"Feature","id":"node/5028039053","properties":{"highway":"street_lamp","light:colour":"orange","light:count":"2","light:lit":"dusk-dawn","light:method":"high_pressure_sodium","light:tilt":"-90","light_source":"lantern","source":"AGIV Flanders Ortho","support":"pole","id":"node/5028039053"},"geometry":{"type":"Point","coordinates":[4.7444697,51.5098276]}},{"type":"Feature","id":"node/5028039054","properties":{"highway":"street_lamp","light:colour":"orange","light:count":"2","light:lit":"dusk-dawn","light:method":"high_pressure_sodium","light:tilt":"-90","light_source":"lantern","source":"AGIV Flanders Ortho","support":"pole","id":"node/5028039054"},"geometry":{"type":"Point","coordinates":[4.7443919,51.5093013]}},{"type":"Feature","id":"node/5028039055","properties":{"highway":"street_lamp","light:colour":"orange","light:count":"2","light:lit":"dusk-dawn","light:method":"high_pressure_sodium","light:tilt":"-90","light_source":"lantern","source":"AGIV Flanders Ortho","support":"pole","id":"node/5028039055"},"geometry":{"type":"Point","coordinates":[4.7443108,51.5087809]}},{"type":"Feature","id":"node/5028039056","properties":{"highway":"street_lamp","light:colour":"orange","light:count":"2","light:lit":"dusk-dawn","light:method":"high_pressure_sodium","light:tilt":"-90","light_source":"lantern","source":"AGIV Flanders Ortho","support":"pole","id":"node/5028039056"},"geometry":{"type":"Point","coordinates":[4.7442269,51.5082425]}},{"type":"Feature","id":"node/5028039057","properties":{"highway":"street_lamp","light:colour":"orange","light:count":"2","light:lit":"dusk-dawn","light:method":"high_pressure_sodium","light:tilt":"-90","light_source":"lantern","source":"AGIV Flanders Ortho","support":"pole","id":"node/5028039057"},"geometry":{"type":"Point","coordinates":[4.7441505,51.5077166]}},{"type":"Feature","id":"node/5028039058","properties":{"highway":"street_lamp","light:colour":"orange","light:count":"2","light:lit":"dusk-dawn","light:method":"high_pressure_sodium","light:tilt":"-90","light_source":"lantern","source":"AGIV Flanders Ortho","support":"pole","id":"node/5028039058"},"geometry":{"type":"Point","coordinates":[4.7440633,51.5071782]}},{"type":"Feature","id":"node/5028039059","properties":{"highway":"street_lamp","light:colour":"orange","light:count":"2","light:lit":"dusk-dawn","light:method":"high_pressure_sodium","light:tilt":"-90","light_source":"lantern","source":"AGIV Flanders Ortho","support":"pole","id":"node/5028039059"},"geometry":{"type":"Point","coordinates":[4.7439802,51.5066431]}},{"type":"Feature","id":"node/5028039060","properties":{"highway":"street_lamp","light:colour":"orange","light:count":"2","light:lit":"dusk-dawn","light:method":"high_pressure_sodium","light:tilt":"-90","light_source":"lantern","source":"AGIV Flanders Ortho","support":"pole","id":"node/5028039060"},"geometry":{"type":"Point","coordinates":[4.7438917,51.5061064]}},{"type":"Feature","id":"node/5028039061","properties":{"highway":"street_lamp","light:colour":"orange","light:count":"2","light:lit":"dusk-dawn","light:method":"high_pressure_sodium","light:tilt":"-90","light_source":"lantern","source":"AGIV Flanders Ortho","support":"pole","id":"node/5028039061"},"geometry":{"type":"Point","coordinates":[4.7437964,51.5055663]}},{"type":"Feature","id":"node/5028039062","properties":{"highway":"street_lamp","light:colour":"orange","light:count":"2","light:lit":"dusk-dawn","light:method":"high_pressure_sodium","light:tilt":"-90","light_source":"lantern","source":"AGIV Flanders Ortho","support":"pole","id":"node/5028039062"},"geometry":{"type":"Point","coordinates":[4.7437052,51.5050392]}},{"type":"Feature","id":"node/5028039063","properties":{"highway":"street_lamp","light:colour":"orange","light:count":"2","light:lit":"dusk-dawn","light:method":"high_pressure_sodium","light:tilt":"-90","light_source":"lantern","source":"AGIV Flanders Ortho","support":"pole","id":"node/5028039063"},"geometry":{"type":"Point","coordinates":[4.74361,51.504497]}},{"type":"Feature","id":"node/5028039064","properties":{"highway":"street_lamp","light:colour":"orange","light:count":"2","light:lit":"dusk-dawn","light:method":"high_pressure_sodium","light:tilt":"-90","light_source":"lantern","source":"AGIV Flanders Ortho","support":"pole","id":"node/5028039064"},"geometry":{"type":"Point","coordinates":[4.7435135,51.5039556]}},{"type":"Feature","id":"node/5028039065","properties":{"highway":"street_lamp","light:colour":"orange","light:count":"2","light:lit":"dusk-dawn","light:method":"high_pressure_sodium","light:tilt":"-90","light_source":"lantern","source":"AGIV Flanders Ortho","support":"pole","id":"node/5028039065"},"geometry":{"type":"Point","coordinates":[4.7434129,51.5034247]}},{"type":"Feature","id":"node/5028039066","properties":{"highway":"street_lamp","light:colour":"orange","light:count":"2","light:lit":"dusk-dawn","light:method":"high_pressure_sodium","light:tilt":"-90","light_source":"lantern","source":"AGIV Flanders Ortho","support":"pole","id":"node/5028039066"},"geometry":{"type":"Point","coordinates":[4.7432975,51.5028827]}},{"type":"Feature","id":"node/5028039067","properties":{"highway":"street_lamp","light:colour":"orange","light:count":"2","light:lit":"dusk-dawn","light:method":"high_pressure_sodium","light:tilt":"-90","light_source":"lantern","source":"AGIV Flanders Ortho","support":"pole","id":"node/5028039067"},"geometry":{"type":"Point","coordinates":[4.7431775,51.502347]}},{"type":"Feature","id":"node/5028039068","properties":{"highway":"street_lamp","light:colour":"orange","light:count":"2","light:lit":"dusk-dawn","light:method":"high_pressure_sodium","light:tilt":"-90","light_source":"lantern","source":"AGIV Flanders Ortho","support":"pole","id":"node/5028039068"},"geometry":{"type":"Point","coordinates":[4.7430384,51.5017995]}},{"type":"Feature","id":"node/5028039069","properties":{"highway":"street_lamp","light:colour":"orange","light:count":"2","light:lit":"dusk-dawn","light:method":"high_pressure_sodium","light:tilt":"-90","light_source":"lantern","source":"AGIV Flanders Ortho","support":"pole","id":"node/5028039069"},"geometry":{"type":"Point","coordinates":[4.7429019,51.5012794]}},{"type":"Feature","id":"node/5028039070","properties":{"highway":"street_lamp","light:colour":"orange","light:count":"2","light:lit":"dusk-dawn","light:method":"high_pressure_sodium","light:tilt":"-90","light_source":"lantern","source":"AGIV Flanders Ortho","support":"pole","id":"node/5028039070"},"geometry":{"type":"Point","coordinates":[4.7427474,51.5007376]}},{"type":"Feature","id":"node/5028039071","properties":{"highway":"street_lamp","light:colour":"orange","light:count":"2","light:lit":"dusk-dawn","light:method":"high_pressure_sodium","light:tilt":"-90","light_source":"lantern","source":"AGIV Flanders Ortho","support":"pole","id":"node/5028039071"},"geometry":{"type":"Point","coordinates":[4.7425811,51.500204]}},{"type":"Feature","id":"node/5028039072","properties":{"highway":"street_lamp","light:colour":"orange","light:count":"2","light:lit":"dusk-dawn","light:method":"high_pressure_sodium","light:tilt":"-90","light_source":"lantern","source":"AGIV Flanders Ortho","support":"pole","id":"node/5028039072"},"geometry":{"type":"Point","coordinates":[4.7424047,51.4996717]}},{"type":"Feature","id":"node/5028039073","properties":{"highway":"street_lamp","light:colour":"orange","light:count":"2","light:lit":"dusk-dawn","light:method":"high_pressure_sodium","light:tilt":"-90","light_source":"lantern","source":"AGIV Flanders Ortho","support":"pole","id":"node/5028039073"},"geometry":{"type":"Point","coordinates":[4.7422233,51.4991458]}},{"type":"Feature","id":"node/5028039074","properties":{"highway":"street_lamp","light:colour":"orange","light:count":"2","light:lit":"dusk-dawn","light:method":"high_pressure_sodium","light:tilt":"-90","light_source":"lantern","source":"AGIV Flanders Ortho","support":"pole","id":"node/5028039074"},"geometry":{"type":"Point","coordinates":[4.7420255,51.4986131]}},{"type":"Feature","id":"node/5028039075","properties":{"highway":"street_lamp","light:colour":"orange","light:count":"2","light:lit":"dusk-dawn","light:method":"high_pressure_sodium","light:tilt":"-90","light_source":"lantern","source":"AGIV Flanders Ortho","support":"pole","id":"node/5028039075"},"geometry":{"type":"Point","coordinates":[4.7416064,51.4975603]}},{"type":"Feature","id":"node/5028039076","properties":{"highway":"street_lamp","light:colour":"orange","light:count":"2","light:lit":"dusk-dawn","light:method":"high_pressure_sodium","light:tilt":"-90","light_source":"lantern","source":"AGIV Flanders Ortho","support":"pole","id":"node/5028039076"},"geometry":{"type":"Point","coordinates":[4.7413811,51.4970381]}},{"type":"Feature","id":"node/5028039077","properties":{"highway":"street_lamp","light:colour":"orange","light:count":"2","light:lit":"dusk-dawn","light:method":"high_pressure_sodium","light:tilt":"-90","light_source":"lantern","source":"AGIV Flanders Ortho","support":"pole","id":"node/5028039077"},"geometry":{"type":"Point","coordinates":[4.7411461,51.4965144]}},{"type":"Feature","id":"node/5028039078","properties":{"highway":"street_lamp","light:colour":"orange","light:count":"2","light:lit":"dusk-dawn","light:method":"high_pressure_sodium","light:tilt":"-90","light_source":"lantern","source":"AGIV Flanders Ortho","support":"pole","id":"node/5028039078"},"geometry":{"type":"Point","coordinates":[4.7408993,51.4959982]}},{"type":"Feature","id":"node/5028039079","properties":{"highway":"street_lamp","light:colour":"orange","light:lit":"dusk-dawn","light:method":"high_pressure_sodium","light:tilt":"-90","light_source":"lantern","source":"AGIV Flanders Ortho","support":"pole","id":"node/5028039079"},"geometry":{"type":"Point","coordinates":[4.7403813,51.4949679]}},{"type":"Feature","id":"node/5028039080","properties":{"highway":"street_lamp","light:colour":"orange","light:lit":"dusk-dawn","light:method":"high_pressure_sodium","light:tilt":"-90","light_source":"lantern","source":"AGIV Flanders Ortho","support":"pole","id":"node/5028039080"},"geometry":{"type":"Point","coordinates":[4.7401024,51.494451]}},{"type":"Feature","id":"node/5028074306","properties":{"highway":"street_lamp","light:colour":"orange","light:lit":"dusk-dawn","light:method":"high_pressure_sodium","light:tilt":"-90","light_source":"lantern","source":"AGIV Flanders Ortho","support":"pole","id":"node/5028074306"},"geometry":{"type":"Point","coordinates":[4.8191437,51.5464218]}},{"type":"Feature","id":"node/5028074307","properties":{"highway":"street_lamp","light:colour":"orange","light:lit":"dusk-dawn","light:method":"high_pressure_sodium","light:tilt":"-90","light_source":"lantern","source":"AGIV Flanders Ortho","support":"pole","id":"node/5028074307"},"geometry":{"type":"Point","coordinates":[4.8196185,51.5466228]}},{"type":"Feature","id":"node/5028074308","properties":{"highway":"street_lamp","light:colour":"orange","light:lit":"dusk-dawn","light:method":"high_pressure_sodium","light:tilt":"-90","light_source":"lantern","source":"AGIV Flanders Ortho","support":"pole","id":"node/5028074308"},"geometry":{"type":"Point","coordinates":[4.8200905,51.5468309]}},{"type":"Feature","id":"node/5028074309","properties":{"highway":"street_lamp","light:colour":"orange","light:lit":"dusk-dawn","light:method":"high_pressure_sodium","light:tilt":"-90","light_source":"lantern","source":"AGIV Flanders Ortho","support":"pole","id":"node/5028074309"},"geometry":{"type":"Point","coordinates":[4.8205512,51.5470423]}},{"type":"Feature","id":"node/5028074310","properties":{"highway":"street_lamp","light:colour":"orange","light:lit":"dusk-dawn","light:method":"high_pressure_sodium","light:tilt":"-90","light_source":"lantern","source":"AGIV Flanders Ortho","support":"pole","id":"node/5028074310"},"geometry":{"type":"Point","coordinates":[4.8210206,51.5472545]}},{"type":"Feature","id":"node/5028074311","properties":{"highway":"street_lamp","light:colour":"orange","light:lit":"dusk-dawn","light:method":"high_pressure_sodium","light:tilt":"-90","light_source":"lantern","source":"AGIV Flanders Ortho","support":"pole","id":"node/5028074311"},"geometry":{"type":"Point","coordinates":[4.8214853,51.547463]}},{"type":"Feature","id":"node/5028074312","properties":{"highway":"street_lamp","light:colour":"orange","light:lit":"dusk-dawn","light:method":"high_pressure_sodium","light:tilt":"-90","light_source":"lantern","source":"AGIV Flanders Ortho","support":"pole","id":"node/5028074312"},"geometry":{"type":"Point","coordinates":[4.8219319,51.5476853]}},{"type":"Feature","id":"node/5028074313","properties":{"highway":"street_lamp","light:colour":"orange","light:lit":"dusk-dawn","light:method":"high_pressure_sodium","light:tilt":"-90","light_source":"lantern","source":"AGIV Flanders Ortho","support":"pole","id":"node/5028074313"},"geometry":{"type":"Point","coordinates":[4.8223396,51.547933]}},{"type":"Feature","id":"node/5028074314","properties":{"highway":"street_lamp","light:colour":"orange","light:lit":"dusk-dawn","light:method":"high_pressure_sodium","light:tilt":"-90","light_source":"lantern","source":"AGIV Flanders Ortho","support":"pole","id":"node/5028074314"},"geometry":{"type":"Point","coordinates":[4.8227117,51.5482065]}},{"type":"Feature","id":"node/5028074315","properties":{"highway":"street_lamp","light:colour":"orange","light:lit":"dusk-dawn","light:method":"high_pressure_sodium","light:tilt":"-90","light_source":"lantern","source":"AGIV Flanders Ortho","support":"pole","id":"node/5028074315"},"geometry":{"type":"Point","coordinates":[4.8230356,51.548503]}},{"type":"Feature","id":"node/5028074316","properties":{"highway":"street_lamp","light:colour":"orange","light:lit":"dusk-dawn","light:method":"high_pressure_sodium","light:tilt":"-90","light_source":"lantern","source":"AGIV Flanders Ortho","support":"pole","id":"node/5028074316"},"geometry":{"type":"Point","coordinates":[4.8233025,51.5488086]}},{"type":"Feature","id":"node/5028074317","properties":{"highway":"street_lamp","light:colour":"orange","light:lit":"dusk-dawn","light:method":"high_pressure_sodium","light:tilt":"-90","light_source":"lantern","source":"AGIV Flanders Ortho","support":"pole","id":"node/5028074317"},"geometry":{"type":"Point","coordinates":[4.8235251,51.5491381]}},{"type":"Feature","id":"node/5028074318","properties":{"highway":"street_lamp","light:colour":"orange","light:lit":"dusk-dawn","light:method":"high_pressure_sodium","light:tilt":"-90","light_source":"lantern","source":"AGIV Flanders Ortho","support":"pole","id":"node/5028074318"},"geometry":{"type":"Point","coordinates":[4.8237015,51.5494808]}},{"type":"Feature","id":"node/5028074319","properties":{"highway":"street_lamp","light:colour":"orange","light:count":"2","light:lit":"dusk-dawn","light:method":"high_pressure_sodium","light:tilt":"-90","light_source":"lantern","source":"AGIV Flanders Ortho","support":"pole","id":"node/5028074319"},"geometry":{"type":"Point","coordinates":[4.8274565,51.5495755]}},{"type":"Feature","id":"node/5028074320","properties":{"highway":"street_lamp","light:colour":"orange","light:count":"2","light:lit":"dusk-dawn","light:method":"high_pressure_sodium","light:tilt":"-90","light_source":"lantern","source":"AGIV Flanders Ortho","support":"pole","id":"node/5028074320"},"geometry":{"type":"Point","coordinates":[4.826727,51.5492857]}},{"type":"Feature","id":"node/5028074621","properties":{"highway":"street_lamp","light:colour":"orange","light:count":"2","light:lit":"dusk-dawn","light:method":"high_pressure_sodium","light:tilt":"-90","light_source":"lantern","source":"AGIV Flanders Ortho","support":"pole","id":"node/5028074621"},"geometry":{"type":"Point","coordinates":[4.8260108,51.5489959]}},{"type":"Feature","id":"node/5028074622","properties":{"highway":"street_lamp","light:colour":"orange","light:count":"2","light:lit":"dusk-dawn","light:method":"high_pressure_sodium","light:tilt":"-90","light_source":"lantern","source":"AGIV Flanders Ortho","support":"pole","id":"node/5028074622"},"geometry":{"type":"Point","coordinates":[4.8252846,51.5487048]}},{"type":"Feature","id":"node/5028074623","properties":{"highway":"street_lamp","light:colour":"orange","light:count":"2","light:lit":"dusk-dawn","light:method":"high_pressure_sodium","light:tilt":"-90","light_source":"lantern","source":"AGIV Flanders Ortho","support":"pole","id":"node/5028074623"},"geometry":{"type":"Point","coordinates":[4.8245611,51.5484142]}},{"type":"Feature","id":"node/5028074624","properties":{"highway":"street_lamp","light:colour":"orange","light:count":"2","light:lit":"dusk-dawn","light:method":"high_pressure_sodium","light:tilt":"-90","light_source":"lantern","source":"AGIV Flanders Ortho","support":"pole","id":"node/5028074624"},"geometry":{"type":"Point","coordinates":[4.8238289,51.5481165]}},{"type":"Feature","id":"node/5028074625","properties":{"highway":"street_lamp","light:colour":"orange","light:count":"2","light:lit":"dusk-dawn","light:method":"high_pressure_sodium","light:tilt":"-90","light_source":"lantern","source":"AGIV Flanders Ortho","support":"pole","id":"node/5028074625"},"geometry":{"type":"Point","coordinates":[4.8231047,51.5478204]}},{"type":"Feature","id":"node/5028074626","properties":{"highway":"street_lamp","light:colour":"orange","light:count":"2","light:lit":"dusk-dawn","light:method":"high_pressure_sodium","light:tilt":"-90","light_source":"lantern","source":"AGIV Flanders Ortho","support":"pole","id":"node/5028074626"},"geometry":{"type":"Point","coordinates":[4.8223899,51.5475272]}},{"type":"Feature","id":"node/5028074627","properties":{"highway":"street_lamp","light:colour":"orange","light:count":"2","light:lit":"dusk-dawn","light:method":"high_pressure_sodium","light:tilt":"-90","light_source":"lantern","source":"AGIV Flanders Ortho","support":"pole","id":"node/5028074627"},"geometry":{"type":"Point","coordinates":[4.821659,51.5472262]}},{"type":"Feature","id":"node/5028074628","properties":{"highway":"street_lamp","light:colour":"orange","light:count":"2","light:lit":"dusk-dawn","light:method":"high_pressure_sodium","light:tilt":"-90","light_source":"lantern","source":"AGIV Flanders Ortho","support":"pole","id":"node/5028074628"},"geometry":{"type":"Point","coordinates":[4.8209314,51.5469284]}},{"type":"Feature","id":"node/5028074629","properties":{"highway":"street_lamp","light:colour":"orange","light:count":"2","light:lit":"dusk-dawn","light:method":"high_pressure_sodium","light:tilt":"-90","light_source":"lantern","source":"AGIV Flanders Ortho","support":"pole","id":"node/5028074629"},"geometry":{"type":"Point","coordinates":[4.8201844,51.546614]}},{"type":"Feature","id":"node/5028074630","properties":{"highway":"street_lamp","light:colour":"orange","light:count":"2","light:lit":"dusk-dawn","light:method":"high_pressure_sodium","light:tilt":"-90","light_source":"lantern","source":"AGIV Flanders Ortho","support":"pole","id":"node/5028074630"},"geometry":{"type":"Point","coordinates":[4.8194388,51.5463059]}},{"type":"Feature","id":"node/5028074631","properties":{"highway":"street_lamp","light:colour":"orange","light:count":"2","light:lit":"dusk-dawn","light:method":"high_pressure_sodium","light:tilt":"-90","light_source":"lantern","source":"AGIV Flanders Ortho","support":"pole","id":"node/5028074631"},"geometry":{"type":"Point","coordinates":[4.8186958,51.5459931]}},{"type":"Feature","id":"node/5028074632","properties":{"highway":"street_lamp","light:colour":"orange","light:count":"2","light:lit":"dusk-dawn","light:method":"high_pressure_sodium","light:tilt":"-90","light_source":"lantern","source":"AGIV Flanders Ortho","support":"pole","id":"node/5028074632"},"geometry":{"type":"Point","coordinates":[4.8179629,51.5456837]}},{"type":"Feature","id":"node/5028074633","properties":{"highway":"street_lamp","light:colour":"orange","light:count":"2","light:lit":"dusk-dawn","light:method":"high_pressure_sodium","light:tilt":"-90","light_source":"lantern","source":"AGIV Flanders Ortho","support":"pole","id":"node/5028074633"},"geometry":{"type":"Point","coordinates":[4.8172058,51.5453584]}},{"type":"Feature","id":"node/5028074634","properties":{"highway":"street_lamp","light:colour":"orange","light:count":"2","light:lit":"dusk-dawn","light:method":"high_pressure_sodium","light:tilt":"-90","light_source":"lantern","source":"AGIV Flanders Ortho","support":"pole","id":"node/5028074634"},"geometry":{"type":"Point","coordinates":[4.8164796,51.5450548]}},{"type":"Feature","id":"node/5028074635","properties":{"highway":"street_lamp","light:colour":"orange","light:count":"2","light:lit":"dusk-dawn","light:method":"high_pressure_sodium","light:tilt":"-90","light_source":"lantern","source":"AGIV Flanders Ortho","support":"pole","id":"node/5028074635"},"geometry":{"type":"Point","coordinates":[4.815738,51.5447421]}},{"type":"Feature","id":"node/5028074636","properties":{"highway":"street_lamp","light:colour":"orange","light:count":"2","light:lit":"dusk-dawn","light:method":"high_pressure_sodium","light:tilt":"-90","light_source":"lantern","source":"AGIV Flanders Ortho","support":"pole","id":"node/5028074636"},"geometry":{"type":"Point","coordinates":[4.8149917,51.5444172]}},{"type":"Feature","id":"node/5028074637","properties":{"highway":"street_lamp","light:colour":"orange","light:count":"2","light:lit":"dusk-dawn","light:method":"high_pressure_sodium","light:tilt":"-90","light_source":"lantern","source":"AGIV Flanders Ortho","support":"pole","id":"node/5028074637"},"geometry":{"type":"Point","coordinates":[4.8142641,51.5441044]}},{"type":"Feature","id":"node/5028074638","properties":{"highway":"street_lamp","light:colour":"orange","light:count":"2","light:lit":"dusk-dawn","light:method":"high_pressure_sodium","light:tilt":"-90","light_source":"lantern","source":"AGIV Flanders Ortho","support":"pole","id":"node/5028074638"},"geometry":{"type":"Point","coordinates":[4.8135647,51.5437996]}},{"type":"Feature","id":"node/5028074639","properties":{"highway":"street_lamp","light:colour":"orange","light:count":"2","light:lit":"dusk-dawn","light:method":"high_pressure_sodium","light:tilt":"-90","light_source":"lantern","source":"AGIV Flanders Ortho","support":"pole","id":"node/5028074639"},"geometry":{"type":"Point","coordinates":[4.8128566,51.5434935]}},{"type":"Feature","id":"node/5028074640","properties":{"highway":"street_lamp","light:colour":"orange","light:count":"2","light:lit":"dusk-dawn","light:method":"high_pressure_sodium","light:tilt":"-90","light_source":"lantern","source":"AGIV Flanders Ortho","support":"pole","id":"node/5028074640"},"geometry":{"type":"Point","coordinates":[4.8121398,51.5431795]}},{"type":"Feature","id":"node/5028074641","properties":{"highway":"street_lamp","light:colour":"orange","light:count":"2","light:lit":"dusk-dawn","light:method":"high_pressure_sodium","light:tilt":"-90","light_source":"lantern","source":"AGIV Flanders Ortho","support":"pole","id":"node/5028074641"},"geometry":{"type":"Point","coordinates":[4.8114377,51.5428734]}},{"type":"Feature","id":"node/5028074642","properties":{"highway":"street_lamp","light:colour":"orange","light:count":"2","light:lit":"dusk-dawn","light:method":"high_pressure_sodium","light:tilt":"-90","light_source":"lantern","source":"AGIV Flanders Ortho","support":"pole","id":"node/5028074642"},"geometry":{"type":"Point","coordinates":[4.8107269,51.5425602]}},{"type":"Feature","id":"node/5028074643","properties":{"highway":"street_lamp","light:colour":"orange","light:count":"2","light:lit":"dusk-dawn","light:method":"high_pressure_sodium","light:tilt":"-90","light_source":"lantern","source":"AGIV Flanders Ortho","support":"pole","id":"node/5028074643"},"geometry":{"type":"Point","coordinates":[4.810039,51.5422536]}},{"type":"Feature","id":"node/5028074644","properties":{"highway":"street_lamp","light:colour":"orange","light:lit":"dusk-dawn","light:method":"high_pressure_sodium","light:tilt":"-90","light_source":"lantern","source":"AGIV Flanders Ortho","support":"pole","id":"node/5028074644"},"geometry":{"type":"Point","coordinates":[4.8004702,51.5358691]}},{"type":"Feature","id":"node/5028074645","properties":{"highway":"street_lamp","light:colour":"orange","light:lit":"dusk-dawn","light:method":"high_pressure_sodium","light:tilt":"-90","light_source":"lantern","source":"AGIV Flanders Ortho","support":"pole","id":"node/5028074645"},"geometry":{"type":"Point","coordinates":[4.8000424,51.5356176]}},{"type":"Feature","id":"node/5028074646","properties":{"highway":"street_lamp","light:colour":"orange","light:lit":"dusk-dawn","light:method":"high_pressure_sodium","light:tilt":"-90","light_source":"lantern","source":"AGIV Flanders Ortho","support":"pole","id":"node/5028074646"},"geometry":{"type":"Point","coordinates":[4.7995368,51.5354266]}},{"type":"Feature","id":"node/5028074647","properties":{"highway":"street_lamp","light:colour":"orange","light:lit":"dusk-dawn","light:method":"high_pressure_sodium","light:tilt":"-90","light_source":"lantern","source":"AGIV Flanders Ortho","support":"pole","id":"node/5028074647"},"geometry":{"type":"Point","coordinates":[4.7989822,51.5352985]}},{"type":"Feature","id":"node/5028074648","properties":{"highway":"street_lamp","light:colour":"orange","light:lit":"dusk-dawn","light:method":"high_pressure_sodium","light:tilt":"-90","light_source":"lantern","source":"AGIV Flanders Ortho","support":"pole","id":"node/5028074648"},"geometry":{"type":"Point","coordinates":[4.7984035,51.5352439]}},{"type":"Feature","id":"node/5028074649","properties":{"highway":"street_lamp","light:colour":"orange","light:lit":"dusk-dawn","light:method":"high_pressure_sodium","light:tilt":"-90","light_source":"lantern","source":"AGIV Flanders Ortho","support":"pole","id":"node/5028074649"},"geometry":{"type":"Point","coordinates":[4.7978141,51.5352618]}},{"type":"Feature","id":"node/5028074650","properties":{"highway":"street_lamp","light:colour":"orange","light:lit":"dusk-dawn","light:method":"high_pressure_sodium","light:tilt":"-90","light_source":"lantern","source":"AGIV Flanders Ortho","support":"pole","id":"node/5028074650"},"geometry":{"type":"Point","coordinates":[4.7972374,51.5353294]}},{"type":"Feature","id":"node/5028074651","properties":{"highway":"street_lamp","light:colour":"orange","light:lit":"dusk-dawn","light:method":"high_pressure_sodium","light:tilt":"-90","light_source":"lantern","source":"AGIV Flanders Ortho","support":"pole","id":"node/5028074651"},"geometry":{"type":"Point","coordinates":[4.7966655,51.5353982]}},{"type":"Feature","id":"node/5028074652","properties":{"highway":"street_lamp","light:colour":"orange","light:lit":"dusk-dawn","light:method":"high_pressure_sodium","light:tilt":"-90","light_source":"lantern","source":"AGIV Flanders Ortho","support":"pole","id":"node/5028074652"},"geometry":{"type":"Point","coordinates":[4.7960968,51.5354428]}},{"type":"Feature","id":"node/5028074653","properties":{"highway":"street_lamp","light:colour":"orange","light:lit":"dusk-dawn","light:method":"high_pressure_sodium","light:tilt":"-90","light_source":"lantern","source":"AGIV Flanders Ortho","support":"pole","id":"node/5028074653"},"geometry":{"type":"Point","coordinates":[4.7955168,51.5354387]}},{"type":"Feature","id":"node/5028074654","properties":{"highway":"street_lamp","light:colour":"orange","light:lit":"dusk-dawn","light:method":"high_pressure_sodium","light:tilt":"-90","light_source":"lantern","source":"AGIV Flanders Ortho","support":"pole","id":"node/5028074654"},"geometry":{"type":"Point","coordinates":[4.7949475,51.535384]}},{"type":"Feature","id":"node/5028074655","properties":{"highway":"street_lamp","light:colour":"orange","light:lit":"dusk-dawn","light:method":"high_pressure_sodium","light:tilt":"-90","light_source":"lantern","source":"AGIV Flanders Ortho","support":"pole","id":"node/5028074655"},"geometry":{"type":"Point","coordinates":[4.794393,51.535291]}},{"type":"Feature","id":"node/5028074656","properties":{"highway":"street_lamp","light:colour":"orange","light:lit":"dusk-dawn","light:method":"high_pressure_sodium","light:tilt":"-90","light_source":"lantern","source":"AGIV Flanders Ortho","support":"pole","id":"node/5028074656"},"geometry":{"type":"Point","coordinates":[4.7938666,51.5351521]}},{"type":"Feature","id":"node/5028074657","properties":{"highway":"street_lamp","light:colour":"orange","light:lit":"dusk-dawn","light:method":"high_pressure_sodium","light:tilt":"-90","light_source":"lantern","source":"AGIV Flanders Ortho","support":"pole","id":"node/5028074657"},"geometry":{"type":"Point","coordinates":[4.7933469,51.5349803]}},{"type":"Feature","id":"node/5028074658","properties":{"highway":"street_lamp","light:colour":"orange","light:lit":"dusk-dawn","light:method":"high_pressure_sodium","light:tilt":"-90","light_source":"lantern","source":"AGIV Flanders Ortho","support":"pole","id":"node/5028074658"},"geometry":{"type":"Point","coordinates":[4.7928379,51.5348097]}},{"type":"Feature","id":"node/5028074659","properties":{"highway":"street_lamp","light:colour":"orange","light:lit":"dusk-dawn","light:method":"high_pressure_sodium","light:tilt":"-90","light_source":"lantern","source":"AGIV Flanders Ortho","support":"pole","id":"node/5028074659"},"geometry":{"type":"Point","coordinates":[4.7923216,51.5346399]}},{"type":"Feature","id":"node/5028074660","properties":{"highway":"street_lamp","light:colour":"orange","light:lit":"dusk-dawn","light:method":"high_pressure_sodium","light:tilt":"-90","light_source":"lantern","source":"AGIV Flanders Ortho","support":"pole","id":"node/5028074660"},"geometry":{"type":"Point","coordinates":[4.7918026,51.5344601]}},{"type":"Feature","id":"node/5028074661","properties":{"highway":"street_lamp","light:colour":"orange","light:lit":"dusk-dawn","light:method":"high_pressure_sodium","light:tilt":"-90","light_source":"lantern","source":"AGIV Flanders Ortho","support":"pole","id":"node/5028074661"},"geometry":{"type":"Point","coordinates":[4.791061,51.5346816]}},{"type":"Feature","id":"node/5028074662","properties":{"highway":"street_lamp","light:colour":"orange","light:lit":"dusk-dawn","light:method":"high_pressure_sodium","light:tilt":"-90","light_source":"lantern","source":"AGIV Flanders Ortho","support":"pole","id":"node/5028074662"},"geometry":{"type":"Point","coordinates":[4.7915666,51.5348652]}},{"type":"Feature","id":"node/5028074663","properties":{"highway":"street_lamp","light:colour":"orange","light:lit":"dusk-dawn","light:method":"high_pressure_sodium","light:tilt":"-90","light_source":"lantern","source":"AGIV Flanders Ortho","support":"pole","id":"node/5028074663"},"geometry":{"type":"Point","coordinates":[4.7920628,51.535057]}},{"type":"Feature","id":"node/5028074664","properties":{"highway":"street_lamp","light:colour":"orange","light:lit":"dusk-dawn","light:method":"high_pressure_sodium","light:tilt":"-90","light_source":"lantern","source":"AGIV Flanders Ortho","support":"pole","id":"node/5028074664"},"geometry":{"type":"Point","coordinates":[4.7925577,51.5352481]}},{"type":"Feature","id":"node/5028074665","properties":{"highway":"street_lamp","light:colour":"orange","light:lit":"dusk-dawn","light:method":"high_pressure_sodium","light:tilt":"-90","light_source":"lantern","source":"AGIV Flanders Ortho","support":"pole","id":"node/5028074665"},"geometry":{"type":"Point","coordinates":[4.7930492,51.5354449]}},{"type":"Feature","id":"node/5028074666","properties":{"highway":"street_lamp","light:colour":"orange","light:lit":"dusk-dawn","light:method":"high_pressure_sodium","light:tilt":"-90","light_source":"lantern","source":"AGIV Flanders Ortho","support":"pole","id":"node/5028074666"},"geometry":{"type":"Point","coordinates":[4.7935119,51.5356618]}},{"type":"Feature","id":"node/5028074667","properties":{"highway":"street_lamp","light:colour":"orange","light:lit":"dusk-dawn","light:method":"high_pressure_sodium","light:tilt":"-90","light_source":"lantern","source":"AGIV Flanders Ortho","support":"pole","id":"node/5028074667"},"geometry":{"type":"Point","coordinates":[4.7939202,51.5359133]}},{"type":"Feature","id":"node/5028074668","properties":{"highway":"street_lamp","light:colour":"orange","light:lit":"dusk-dawn","light:method":"high_pressure_sodium","light:tilt":"-90","light_source":"lantern","source":"AGIV Flanders Ortho","support":"pole","id":"node/5028074668"},"geometry":{"type":"Point","coordinates":[4.7942749,51.5362007]}},{"type":"Feature","id":"node/5028074669","properties":{"highway":"street_lamp","light:colour":"orange","light:lit":"dusk-dawn","light:method":"high_pressure_sodium","light:tilt":"-90","light_source":"lantern","source":"AGIV Flanders Ortho","support":"pole","id":"node/5028074669"},"geometry":{"type":"Point","coordinates":[4.7945646,51.536514]}},{"type":"Feature","id":"node/5028074670","properties":{"highway":"street_lamp","light:colour":"orange","light:lit":"dusk-dawn","light:method":"high_pressure_sodium","light:tilt":"-90","light_source":"lantern","source":"AGIV Flanders Ortho","support":"pole","id":"node/5028074670"},"geometry":{"type":"Point","coordinates":[4.7947792,51.5368418]}},{"type":"Feature","id":"node/5028074671","properties":{"highway":"street_lamp","light:colour":"orange","light:lit":"dusk-dawn","light:method":"high_pressure_sodium","light:tilt":"-90","light_source":"lantern","source":"AGIV Flanders Ortho","support":"pole","id":"node/5028074671"},"geometry":{"type":"Point","coordinates":[4.7949415,51.5371892]}},{"type":"Feature","id":"node/5028074672","properties":{"highway":"street_lamp","light:colour":"orange","light:lit":"dusk-dawn","light:method":"high_pressure_sodium","light:tilt":"-90","light_source":"lantern","source":"AGIV Flanders Ortho","support":"pole","id":"node/5028074672"},"geometry":{"type":"Point","coordinates":[4.795091,51.5375454]}},{"type":"Feature","id":"node/5028074673","properties":{"highway":"street_lamp","light:colour":"orange","light:lit":"dusk-dawn","light:method":"high_pressure_sodium","light:tilt":"-90","light_source":"lantern","source":"AGIV Flanders Ortho","support":"pole","id":"node/5028074673"},"geometry":{"type":"Point","coordinates":[4.7952888,51.537887]}},{"type":"Feature","id":"node/5028074674","properties":{"highway":"street_lamp","light:colour":"orange","light:lit":"dusk-dawn","light:method":"high_pressure_sodium","light:tilt":"-90","light_source":"lantern","source":"AGIV Flanders Ortho","support":"pole","id":"node/5028074674"},"geometry":{"type":"Point","coordinates":[4.7955879,51.5382015]}},{"type":"Feature","id":"node/5028074675","properties":{"highway":"street_lamp","light:colour":"orange","light:lit":"dusk-dawn","light:method":"high_pressure_sodium","light:tilt":"-90","light_source":"lantern","source":"AGIV Flanders Ortho","support":"pole","id":"node/5028074675"},"geometry":{"type":"Point","coordinates":[4.7959466,51.5384859]}},{"type":"Feature","id":"node/5028074676","properties":{"highway":"street_lamp","light:colour":"orange","light:lit":"dusk-dawn","light:method":"high_pressure_sodium","light:tilt":"-90","light_source":"lantern","source":"AGIV Flanders Ortho","support":"pole","id":"node/5028074676"},"geometry":{"type":"Point","coordinates":[4.7958346,51.5380672]}},{"type":"Feature","id":"node/5028074677","properties":{"highway":"street_lamp","light:colour":"orange","light:lit":"dusk-dawn","light:method":"high_pressure_sodium","light:tilt":"-90","light_source":"lantern","source":"AGIV Flanders Ortho","support":"pole","id":"node/5028074677"},"geometry":{"type":"Point","coordinates":[4.795616,51.5377273]}},{"type":"Feature","id":"node/5028074678","properties":{"highway":"street_lamp","light:colour":"orange","light:lit":"dusk-dawn","light:method":"high_pressure_sodium","light:tilt":"-90","light_source":"lantern","source":"AGIV Flanders Ortho","support":"pole","id":"node/5028074678"},"geometry":{"type":"Point","coordinates":[4.7956938,51.5374099]}},{"type":"Feature","id":"node/5028074679","properties":{"highway":"street_lamp","light:colour":"orange","light:lit":"dusk-dawn","light:method":"high_pressure_sodium","light:tilt":"-90","light_source":"lantern","source":"AGIV Flanders Ortho","support":"pole","id":"node/5028074679"},"geometry":{"type":"Point","coordinates":[4.7960184,51.5371308]}},{"type":"Feature","id":"node/5028074680","properties":{"highway":"street_lamp","light:colour":"orange","light:lit":"dusk-dawn","light:method":"high_pressure_sodium","light:tilt":"-90","light_source":"lantern","source":"AGIV Flanders Ortho","support":"pole","id":"node/5028074680"},"geometry":{"type":"Point","coordinates":[4.7965173,51.5369849]}},{"type":"Feature","id":"node/5028074681","properties":{"highway":"street_lamp","light:colour":"orange","light:lit":"dusk-dawn","light:method":"high_pressure_sodium","light:tilt":"-90","light_source":"lantern","source":"AGIV Flanders Ortho","support":"pole","id":"node/5028074681"},"geometry":{"type":"Point","coordinates":[4.7970906,51.537004]}},{"type":"Feature","id":"node/5028074682","properties":{"highway":"street_lamp","light:colour":"orange","light:lit":"dusk-dawn","light:method":"high_pressure_sodium","light:tilt":"-90","light_source":"lantern","source":"AGIV Flanders Ortho","support":"pole","id":"node/5028074682"},"geometry":{"type":"Point","coordinates":[4.7975895,51.5371575]}},{"type":"Feature","id":"node/5028074683","properties":{"highway":"street_lamp","light:colour":"orange","light:lit":"dusk-dawn","light:method":"high_pressure_sodium","light:tilt":"-90","light_source":"lantern","source":"AGIV Flanders Ortho","support":"pole","id":"node/5028074683"},"geometry":{"type":"Point","coordinates":[4.7980864,51.5373394]}},{"type":"Feature","id":"node/5028074684","properties":{"highway":"street_lamp","light:colour":"orange","light:lit":"dusk-dawn","light:method":"high_pressure_sodium","light:tilt":"-90","light_source":"lantern","source":"AGIV Flanders Ortho","support":"pole","id":"node/5028074684"},"geometry":{"type":"Point","coordinates":[4.7985705,51.5375187]}},{"type":"Feature","id":"node/5028074685","properties":{"highway":"street_lamp","light:colour":"orange","light:lit":"dusk-dawn","light:method":"high_pressure_sodium","light:tilt":"-90","light_source":"lantern","source":"AGIV Flanders Ortho","support":"pole","id":"node/5028074685"},"geometry":{"type":"Point","coordinates":[4.799172,51.5377419]}},{"type":"Feature","id":"node/5028074686","properties":{"highway":"street_lamp","light:colour":"orange","light:lit":"dusk-dawn","light:method":"high_pressure_sodium","light:tilt":"-90","light_source":"lantern","source":"AGIV Flanders Ortho","support":"pole","id":"node/5028074686"},"geometry":{"type":"Point","coordinates":[4.799634,51.5379233]}},{"type":"Feature","id":"node/5028074687","properties":{"highway":"street_lamp","light:colour":"orange","light:lit":"dusk-dawn","light:method":"high_pressure_sodium","light:tilt":"-90","light_source":"lantern","source":"AGIV Flanders Ortho","support":"pole","id":"node/5028074687"},"geometry":{"type":"Point","coordinates":[4.8006512,51.537852]}},{"type":"Feature","id":"node/5028074688","properties":{"highway":"street_lamp","light:colour":"orange","light:lit":"dusk-dawn","light:method":"high_pressure_sodium","light:tilt":"-90","light_source":"lantern","source":"AGIV Flanders Ortho","support":"pole","id":"node/5028074688"},"geometry":{"type":"Point","coordinates":[4.8001724,51.5376393]}},{"type":"Feature","id":"node/5028074689","properties":{"highway":"street_lamp","light:colour":"orange","light:lit":"dusk-dawn","light:method":"high_pressure_sodium","light:tilt":"-90","light_source":"lantern","source":"AGIV Flanders Ortho","support":"pole","id":"node/5028074689"},"geometry":{"type":"Point","coordinates":[4.7997131,51.5374541]}},{"type":"Feature","id":"node/5028074690","properties":{"highway":"street_lamp","light:colour":"orange","light:lit":"dusk-dawn","light:method":"high_pressure_sodium","light:tilt":"-90","light_source":"lantern","source":"AGIV Flanders Ortho","support":"pole","id":"node/5028074690"},"geometry":{"type":"Point","coordinates":[4.7991613,51.5372076]}},{"type":"Feature","id":"node/5028074691","properties":{"highway":"street_lamp","light:colour":"orange","light:lit":"dusk-dawn","light:method":"high_pressure_sodium","light:tilt":"-90","light_source":"lantern","source":"AGIV Flanders Ortho","support":"pole","id":"node/5028074691"},"geometry":{"type":"Point","coordinates":[4.7987301,51.5369815]}},{"type":"Feature","id":"node/5028074692","properties":{"highway":"street_lamp","light:colour":"orange","light:lit":"dusk-dawn","light:method":"high_pressure_sodium","light:tilt":"-90","light_source":"lantern","source":"AGIV Flanders Ortho","support":"pole","id":"node/5028074692"},"geometry":{"type":"Point","coordinates":[4.7984096,51.5366812]}},{"type":"Feature","id":"node/5028074693","properties":{"highway":"street_lamp","light:colour":"orange","light:lit":"dusk-dawn","light:method":"high_pressure_sodium","light:tilt":"-90","light_source":"lantern","source":"AGIV Flanders Ortho","support":"pole","id":"node/5028074693"},"geometry":{"type":"Point","coordinates":[4.7983599,51.5363242]}},{"type":"Feature","id":"node/5028074694","properties":{"highway":"street_lamp","light:colour":"orange","light:lit":"dusk-dawn","light:method":"high_pressure_sodium","light:tilt":"-90","light_source":"lantern","source":"AGIV Flanders Ortho","support":"pole","id":"node/5028074694"},"geometry":{"type":"Point","coordinates":[4.7986221,51.5360043]}},{"type":"Feature","id":"node/5028074695","properties":{"highway":"street_lamp","light:colour":"orange","light:lit":"dusk-dawn","light:method":"high_pressure_sodium","light:tilt":"-90","light_source":"lantern","source":"AGIV Flanders Ortho","support":"pole","id":"node/5028074695"},"geometry":{"type":"Point","coordinates":[4.7991043,51.5358145]}},{"type":"Feature","id":"node/5028074696","properties":{"highway":"street_lamp","light:colour":"orange","light:lit":"dusk-dawn","light:method":"high_pressure_sodium","light:tilt":"-90","light_source":"lantern","source":"AGIV Flanders Ortho","support":"pole","id":"node/5028074696"},"geometry":{"type":"Point","coordinates":[4.7996749,51.5358049]}},{"type":"Feature","id":"node/5028074697","properties":{"highway":"street_lamp","light:colour":"orange","light:lit":"dusk-dawn","light:method":"high_pressure_sodium","light:tilt":"-90","light_source":"lantern","source":"AGIV Flanders Ortho","support":"pole","id":"node/5028074697"},"geometry":{"type":"Point","coordinates":[4.8001825,51.5359792]}},{"type":"Feature","id":"node/5028074698","properties":{"highway":"street_lamp","light:colour":"orange","light:lit":"dusk-dawn","light:method":"high_pressure_sodium","light:tilt":"-90","light_source":"lantern","source":"AGIV Flanders Ortho","support":"pole","id":"node/5028074698"},"geometry":{"type":"Point","coordinates":[4.8005446,51.5362524]}},{"type":"Feature","id":"node/5028074699","properties":{"highway":"street_lamp","light:colour":"orange","light:count":"2","light:lit":"dusk-dawn","light:method":"high_pressure_sodium","light:tilt":"-90","light_source":"lantern","source":"AGIV Flanders Ortho","support":"pole","id":"node/5028074699"},"geometry":{"type":"Point","coordinates":[4.8093262,51.5419371]}},{"type":"Feature","id":"node/5028074700","properties":{"highway":"street_lamp","light:colour":"orange","light:count":"2","light:lit":"dusk-dawn","light:method":"high_pressure_sodium","light:tilt":"-90","light_source":"lantern","source":"AGIV Flanders Ortho","support":"pole","id":"node/5028074700"},"geometry":{"type":"Point","coordinates":[4.8085973,51.5416147]}},{"type":"Feature","id":"node/5028074701","properties":{"highway":"street_lamp","light:colour":"orange","light:count":"2","light:lit":"dusk-dawn","light:method":"high_pressure_sodium","light:tilt":"-90","light_source":"lantern","source":"AGIV Flanders Ortho","support":"pole","id":"node/5028074701"},"geometry":{"type":"Point","coordinates":[4.807918,51.5413115]}},{"type":"Feature","id":"node/5028074702","properties":{"highway":"street_lamp","light:colour":"orange","light:count":"2","light:lit":"dusk-dawn","light:method":"high_pressure_sodium","light:tilt":"-90","light_source":"lantern","source":"AGIV Flanders Ortho","support":"pole","id":"node/5028074702"},"geometry":{"type":"Point","coordinates":[4.807222,51.5409967]}},{"type":"Feature","id":"node/5028074703","properties":{"highway":"street_lamp","light:colour":"orange","light:count":"2","light:lit":"dusk-dawn","light:method":"high_pressure_sodium","light:tilt":"-90","light_source":"lantern","source":"AGIV Flanders Ortho","support":"pole","id":"node/5028074703"},"geometry":{"type":"Point","coordinates":[4.8065179,51.5406797]}},{"type":"Feature","id":"node/5028074704","properties":{"highway":"street_lamp","light:colour":"orange","light:count":"2","light:lit":"dusk-dawn","light:method":"high_pressure_sodium","light:tilt":"-90","light_source":"lantern","source":"AGIV Flanders Ortho","support":"pole","id":"node/5028074704"},"geometry":{"type":"Point","coordinates":[4.8058198,51.5403623]}},{"type":"Feature","id":"node/5028074705","properties":{"highway":"street_lamp","light:colour":"orange","light:count":"2","light:lit":"dusk-dawn","light:method":"high_pressure_sodium","light:tilt":"-90","light_source":"lantern","source":"AGIV Flanders Ortho","support":"pole","id":"node/5028074705"},"geometry":{"type":"Point","coordinates":[4.8051144,51.5400462]}},{"type":"Feature","id":"node/5028074706","properties":{"highway":"street_lamp","light:colour":"orange","light:count":"2","light:lit":"dusk-dawn","light:method":"high_pressure_sodium","light:tilt":"-90","light_source":"lantern","source":"AGIV Flanders Ortho","support":"pole","id":"node/5028074706"},"geometry":{"type":"Point","coordinates":[4.8044197,51.5397334]}},{"type":"Feature","id":"node/5028074707","properties":{"highway":"street_lamp","light:colour":"orange","light:count":"2","light:lit":"dusk-dawn","light:method":"high_pressure_sodium","light:tilt":"-90","light_source":"lantern","source":"AGIV Flanders Ortho","support":"pole","id":"node/5028074707"},"geometry":{"type":"Point","coordinates":[4.803717,51.5394214]}},{"type":"Feature","id":"node/5028074708","properties":{"highway":"street_lamp","light:colour":"orange","light:count":"2","light:lit":"dusk-dawn","light:method":"high_pressure_sodium","light:tilt":"-90","light_source":"lantern","source":"AGIV Flanders Ortho","support":"pole","id":"node/5028074708"},"geometry":{"type":"Point","coordinates":[4.8030089,51.5391124]}},{"type":"Feature","id":"node/5028074709","properties":{"highway":"street_lamp","light:colour":"orange","light:count":"2","light:lit":"dusk-dawn","light:method":"high_pressure_sodium","light:tilt":"-90","light_source":"lantern","source":"AGIV Flanders Ortho","support":"pole","id":"node/5028074709"},"geometry":{"type":"Point","coordinates":[4.8022907,51.5388]}},{"type":"Feature","id":"node/5028074710","properties":{"highway":"street_lamp","light:colour":"orange","light:count":"2","light:lit":"dusk-dawn","light:method":"high_pressure_sodium","light:tilt":"-90","light_source":"lantern","source":"AGIV Flanders Ortho","support":"pole","id":"node/5028074710"},"geometry":{"type":"Point","coordinates":[4.8015907,51.5385043]}},{"type":"Feature","id":"node/5028074711","properties":{"highway":"street_lamp","light:colour":"orange","light:count":"2","light:lit":"dusk-dawn","light:method":"high_pressure_sodium","light:tilt":"-90","light_source":"lantern","source":"AGIV Flanders Ortho","support":"pole","id":"node/5028074711"},"geometry":{"type":"Point","coordinates":[4.800898,51.5382094]}},{"type":"Feature","id":"node/5028074712","properties":{"highway":"street_lamp","light:colour":"orange","light:count":"2","light:lit":"dusk-dawn","light:method":"high_pressure_sodium","light:tilt":"-90","light_source":"lantern","source":"AGIV Flanders Ortho","support":"pole","id":"node/5028074712"},"geometry":{"type":"Point","coordinates":[4.8001993,51.5379208]}},{"type":"Feature","id":"node/5028074713","properties":{"highway":"street_lamp","light:colour":"orange","light:count":"2","light:lit":"dusk-dawn","light:method":"high_pressure_sodium","light:tilt":"-90","light_source":"lantern","source":"AGIV Flanders Ortho","support":"pole","id":"node/5028074713"},"geometry":{"type":"Point","coordinates":[4.7994892,51.5376309]}},{"type":"Feature","id":"node/5028074714","properties":{"highway":"street_lamp","light:colour":"orange","light:count":"2","light:lit":"dusk-dawn","light:method":"high_pressure_sodium","light:tilt":"-90","light_source":"lantern","source":"AGIV Flanders Ortho","support":"pole","id":"node/5028074714"},"geometry":{"type":"Point","coordinates":[4.798838,51.5373636]}},{"type":"Feature","id":"node/5028074715","properties":{"highway":"street_lamp","light:colour":"orange","light:count":"2","light:lit":"dusk-dawn","light:method":"high_pressure_sodium","light:tilt":"-90","light_source":"lantern","source":"AGIV Flanders Ortho","support":"pole","id":"node/5028074715"},"geometry":{"type":"Point","coordinates":[4.7979429,51.5370057]}},{"type":"Feature","id":"node/5028074716","properties":{"highway":"street_lamp","light:colour":"orange","light:count":"2","light:lit":"dusk-dawn","light:method":"high_pressure_sodium","light:tilt":"-90","light_source":"lantern","source":"AGIV Flanders Ortho","support":"pole","id":"node/5028074716"},"geometry":{"type":"Point","coordinates":[4.7972415,51.53673]}},{"type":"Feature","id":"node/5028074717","properties":{"highway":"street_lamp","light:colour":"orange","light:count":"2","light:lit":"dusk-dawn","light:method":"high_pressure_sodium","light:tilt":"-90","light_source":"lantern","source":"AGIV Flanders Ortho","support":"pole","id":"node/5028074717"},"geometry":{"type":"Point","coordinates":[4.7965381,51.536456]}},{"type":"Feature","id":"node/5028074718","properties":{"highway":"street_lamp","light:colour":"orange","light:count":"2","light:lit":"dusk-dawn","light:method":"high_pressure_sodium","light:tilt":"-90","light_source":"lantern","source":"AGIV Flanders Ortho","support":"pole","id":"node/5028074718"},"geometry":{"type":"Point","coordinates":[4.7958105,51.5361732]}},{"type":"Feature","id":"node/5028074719","properties":{"highway":"street_lamp","light:colour":"orange","light:count":"2","light:lit":"dusk-dawn","light:method":"high_pressure_sodium","light:tilt":"-90","light_source":"lantern","source":"AGIV Flanders Ortho","support":"pole","id":"node/5028074719"},"geometry":{"type":"Point","coordinates":[4.7951024,51.5359088]}},{"type":"Feature","id":"node/5028074720","properties":{"highway":"street_lamp","light:colour":"orange","light:count":"2","light:lit":"dusk-dawn","light:method":"high_pressure_sodium","light:tilt":"-90","light_source":"lantern","source":"AGIV Flanders Ortho","support":"pole","id":"node/5028074720"},"geometry":{"type":"Point","coordinates":[4.7943608,51.5356322]}},{"type":"Feature","id":"node/5028074921","properties":{"highway":"street_lamp","light:colour":"orange","light:count":"2","light:lit":"dusk-dawn","light:method":"high_pressure_sodium","light:tilt":"-90","light_source":"lantern","source":"AGIV Flanders Ortho","support":"pole","id":"node/5028074921"},"geometry":{"type":"Point","coordinates":[4.7936507,51.535369]}},{"type":"Feature","id":"node/5028074922","properties":{"highway":"street_lamp","light:colour":"orange","light:count":"2","light:lit":"dusk-dawn","light:method":"high_pressure_sodium","light:tilt":"-90","light_source":"lantern","source":"AGIV Flanders Ortho","support":"pole","id":"node/5028074922"},"geometry":{"type":"Point","coordinates":[4.7929392,51.53511]}},{"type":"Feature","id":"node/5028074923","properties":{"highway":"street_lamp","light:colour":"orange","light:count":"2","light:lit":"dusk-dawn","light:method":"high_pressure_sodium","light:tilt":"-90","light_source":"lantern","source":"AGIV Flanders Ortho","support":"pole","id":"node/5028074923"},"geometry":{"type":"Point","coordinates":[4.7922096,51.5348489]}},{"type":"Feature","id":"node/5028074924","properties":{"highway":"street_lamp","light:colour":"orange","light:count":"2","light:lit":"dusk-dawn","light:method":"high_pressure_sodium","light:tilt":"-90","light_source":"lantern","source":"AGIV Flanders Ortho","support":"pole","id":"node/5028074924"},"geometry":{"type":"Point","coordinates":[4.791474,51.5345899]}},{"type":"Feature","id":"node/5028074925","properties":{"highway":"street_lamp","light:colour":"orange","light:count":"2","light:lit":"dusk-dawn","light:method":"high_pressure_sodium","light:tilt":"-90","light_source":"lantern","source":"AGIV Flanders Ortho","support":"pole","id":"node/5028074925"},"geometry":{"type":"Point","coordinates":[4.7907425,51.5343321]}},{"type":"Feature","id":"node/5028074926","properties":{"highway":"street_lamp","light:colour":"orange","light:count":"2","light:lit":"dusk-dawn","light:method":"high_pressure_sodium","light:tilt":"-90","light_source":"lantern","source":"AGIV Flanders Ortho","support":"pole","id":"node/5028074926"},"geometry":{"type":"Point","coordinates":[4.7898996,51.5340368]}},{"type":"Feature","id":"node/5028074927","properties":{"highway":"street_lamp","light:colour":"orange","light:count":"2","light:lit":"dusk-dawn","light:method":"high_pressure_sodium","light:tilt":"-90","light_source":"lantern","source":"AGIV Flanders Ortho","support":"pole","id":"node/5028074927"},"geometry":{"type":"Point","coordinates":[4.7890594,51.5337448]}},{"type":"Feature","id":"node/5028074928","properties":{"highway":"street_lamp","light:colour":"orange","light:count":"2","light:lit":"dusk-dawn","light:method":"high_pressure_sodium","light:tilt":"-90","light_source":"lantern","source":"AGIV Flanders Ortho","support":"pole","id":"node/5028074928"},"geometry":{"type":"Point","coordinates":[4.7882427,51.5334628]}},{"type":"Feature","id":"node/5028074929","properties":{"highway":"street_lamp","light:colour":"orange","light:count":"2","light:lit":"dusk-dawn","light:method":"high_pressure_sodium","light:tilt":"-90","light_source":"lantern","source":"AGIV Flanders Ortho","support":"pole","id":"node/5028074929"},"geometry":{"type":"Point","coordinates":[4.7874366,51.5331888]}},{"type":"Feature","id":"node/5028074930","properties":{"highway":"street_lamp","light:colour":"orange","light:count":"2","light:lit":"dusk-dawn","light:method":"high_pressure_sodium","light:tilt":"-90","light_source":"lantern","source":"AGIV Flanders Ortho","support":"pole","id":"node/5028074930"},"geometry":{"type":"Point","coordinates":[4.7866072,51.5329064]}},{"type":"Feature","id":"node/5028074931","properties":{"highway":"street_lamp","light:colour":"orange","light:count":"2","light:lit":"dusk-dawn","light:method":"high_pressure_sodium","light:tilt":"-90","light_source":"lantern","source":"AGIV Flanders Ortho","support":"pole","id":"node/5028074931"},"geometry":{"type":"Point","coordinates":[4.7857817,51.532629]}},{"type":"Feature","id":"node/5028074932","properties":{"highway":"street_lamp","light:colour":"orange","light:count":"2","light:lit":"dusk-dawn","light:method":"high_pressure_sodium","light:tilt":"-90","light_source":"lantern","source":"AGIV Flanders Ortho","support":"pole","id":"node/5028074932"},"geometry":{"type":"Point","coordinates":[4.7850253,51.5323745]}},{"type":"Feature","id":"node/5028074933","properties":{"highway":"street_lamp","light:colour":"orange","light:count":"2","light:lit":"dusk-dawn","light:method":"high_pressure_sodium","light:tilt":"-90","light_source":"lantern","source":"AGIV Flanders Ortho","support":"pole","id":"node/5028074933"},"geometry":{"type":"Point","coordinates":[4.7842703,51.5321192]}},{"type":"Feature","id":"node/5028074934","properties":{"highway":"street_lamp","light:colour":"orange","light:count":"2","light:lit":"dusk-dawn","light:method":"high_pressure_sodium","light:tilt":"-90","light_source":"lantern","source":"AGIV Flanders Ortho","support":"pole","id":"node/5028074934"},"geometry":{"type":"Point","coordinates":[4.7835132,51.5318694]}},{"type":"Feature","id":"node/5028074935","properties":{"highway":"street_lamp","light:colour":"orange","light:count":"2","light:lit":"dusk-dawn","light:method":"high_pressure_sodium","light:tilt":"-90","light_source":"lantern","source":"AGIV Flanders Ortho","support":"pole","id":"node/5028074935"},"geometry":{"type":"Point","coordinates":[4.7827448,51.5316153]}},{"type":"Feature","id":"node/5028074936","properties":{"highway":"street_lamp","light:colour":"orange","light:count":"2","light:lit":"dusk-dawn","light:method":"high_pressure_sodium","light:tilt":"-90","light_source":"lantern","source":"AGIV Flanders Ortho","support":"pole","id":"node/5028074936"},"geometry":{"type":"Point","coordinates":[4.7819898,51.5313671]}},{"type":"Feature","id":"node/5028074937","properties":{"highway":"street_lamp","light:colour":"orange","light:count":"2","light:lit":"dusk-dawn","light:method":"high_pressure_sodium","light:tilt":"-90","light_source":"lantern","source":"AGIV Flanders Ortho","support":"pole","id":"node/5028074937"},"geometry":{"type":"Point","coordinates":[4.7812247,51.5311152]}},{"type":"Feature","id":"node/5028074938","properties":{"highway":"street_lamp","light:colour":"orange","light:count":"2","light:lit":"dusk-dawn","light:method":"high_pressure_sodium","light:tilt":"-90","light_source":"lantern","source":"AGIV Flanders Ortho","support":"pole","id":"node/5028074938"},"geometry":{"type":"Point","coordinates":[4.7804609,51.530867]}},{"type":"Feature","id":"node/5028074939","properties":{"highway":"street_lamp","light:colour":"orange","light:count":"2","light:lit":"dusk-dawn","light:method":"high_pressure_sodium","light:tilt":"-90","light_source":"lantern","source":"AGIV Flanders Ortho","support":"pole","id":"node/5028074939"},"geometry":{"type":"Point","coordinates":[4.7796958,51.5306188]}},{"type":"Feature","id":"node/5028074940","properties":{"highway":"street_lamp","light:colour":"orange","light:count":"2","light:lit":"dusk-dawn","light:method":"high_pressure_sodium","light:tilt":"-90","light_source":"lantern","source":"AGIV Flanders Ortho","support":"pole","id":"node/5028074940"},"geometry":{"type":"Point","coordinates":[4.7789314,51.5303731]}},{"type":"Feature","id":"node/5028074941","properties":{"highway":"street_lamp","light:colour":"orange","light:count":"2","light:lit":"dusk-dawn","light:method":"high_pressure_sodium","light:tilt":"-90","light_source":"lantern","source":"AGIV Flanders Ortho","support":"pole","id":"node/5028074941"},"geometry":{"type":"Point","coordinates":[4.7781716,51.5301299]}},{"type":"Feature","id":"node/5028074942","properties":{"highway":"street_lamp","light:colour":"orange","light:count":"2","light:lit":"dusk-dawn","light:method":"high_pressure_sodium","light:tilt":"-90","light_source":"lantern","source":"AGIV Flanders Ortho","support":"pole","id":"node/5028074942"},"geometry":{"type":"Point","coordinates":[4.7773328,51.529865]}},{"type":"Feature","id":"node/5028074943","properties":{"highway":"street_lamp","light:colour":"orange","light:count":"2","light:lit":"dusk-dawn","light:method":"high_pressure_sodium","light:tilt":"-90","light_source":"lantern","source":"AGIV Flanders Ortho","support":"pole","id":"node/5028074943"},"geometry":{"type":"Point","coordinates":[4.776569,51.5296197]}},{"type":"Feature","id":"node/5028074944","properties":{"highway":"street_lamp","light:colour":"orange","light:count":"2","light:lit":"dusk-dawn","light:method":"high_pressure_sodium","light:tilt":"-90","light_source":"lantern","source":"AGIV Flanders Ortho","support":"pole","id":"node/5028074944"},"geometry":{"type":"Point","coordinates":[4.7757959,51.5293778]}},{"type":"Feature","id":"node/5028074945","properties":{"highway":"street_lamp","light:colour":"orange","light:count":"2","light:lit":"dusk-dawn","light:method":"high_pressure_sodium","light:tilt":"-90","light_source":"lantern","source":"AGIV Flanders Ortho","support":"pole","id":"node/5028074945"},"geometry":{"type":"Point","coordinates":[4.7750294,51.5291404]}},{"type":"Feature","id":"node/5028074946","properties":{"highway":"street_lamp","light:colour":"orange","light:count":"2","light:lit":"dusk-dawn","light:method":"high_pressure_sodium","light:tilt":"-90","light_source":"lantern","source":"AGIV Flanders Ortho","support":"pole","id":"node/5028074946"},"geometry":{"type":"Point","coordinates":[4.7742435,51.5289014]}},{"type":"Feature","id":"node/5028074947","properties":{"highway":"street_lamp","light:colour":"orange","light:count":"2","light:lit":"dusk-dawn","light:method":"high_pressure_sodium","light:tilt":"-90","light_source":"lantern","source":"AGIV Flanders Ortho","support":"pole","id":"node/5028074947"},"geometry":{"type":"Point","coordinates":[4.7734677,51.528674]}},{"type":"Feature","id":"node/5028074948","properties":{"highway":"street_lamp","light:colour":"orange","light:count":"2","light:lit":"dusk-dawn","light:method":"high_pressure_sodium","light:tilt":"-90","light_source":"lantern","source":"AGIV Flanders Ortho","support":"pole","id":"node/5028074948"},"geometry":{"type":"Point","coordinates":[4.7726785,51.5284537]}},{"type":"Feature","id":"node/5028074949","properties":{"highway":"street_lamp","light:colour":"orange","light:count":"2","light:lit":"dusk-dawn","light:method":"high_pressure_sodium","light:tilt":"-90","light_source":"lantern","source":"AGIV Flanders Ortho","support":"pole","id":"node/5028074949"},"geometry":{"type":"Point","coordinates":[4.7718839,51.5282447]}},{"type":"Feature","id":"node/5028074950","properties":{"highway":"street_lamp","light:colour":"orange","light:count":"2","light:lit":"dusk-dawn","light:method":"high_pressure_sodium","light:tilt":"-90","light_source":"lantern","source":"AGIV Flanders Ortho","support":"pole","id":"node/5028074950"},"geometry":{"type":"Point","coordinates":[4.7710852,51.5280445]}},{"type":"Feature","id":"node/5028074951","properties":{"highway":"street_lamp","light:colour":"orange","light:count":"2","light:lit":"dusk-dawn","light:method":"high_pressure_sodium","light:tilt":"-90","light_source":"lantern","source":"AGIV Flanders Ortho","support":"pole","id":"node/5028074951"},"geometry":{"type":"Point","coordinates":[4.7702812,51.5278584]}},{"type":"Feature","id":"node/5028074952","properties":{"highway":"street_lamp","light:colour":"orange","light:count":"2","light:lit":"dusk-dawn","light:method":"high_pressure_sodium","light:tilt":"-90","light_source":"lantern","source":"AGIV Flanders Ortho","support":"pole","id":"node/5028074952"},"geometry":{"type":"Point","coordinates":[4.7694719,51.5276799]}},{"type":"Feature","id":"node/5028074953","properties":{"highway":"street_lamp","light:colour":"orange","light:count":"2","light:lit":"dusk-dawn","light:method":"high_pressure_sodium","light:tilt":"-90","light_source":"lantern","source":"AGIV Flanders Ortho","support":"pole","id":"node/5028074953"},"geometry":{"type":"Point","coordinates":[4.7686438,51.5275084]}},{"type":"Feature","id":"node/5028074954","properties":{"highway":"street_lamp","light:colour":"orange","light:count":"2","light:lit":"dusk-dawn","light:method":"high_pressure_sodium","light:tilt":"-90","light_source":"lantern","source":"AGIV Flanders Ortho","support":"pole","id":"node/5028074954"},"geometry":{"type":"Point","coordinates":[4.7678126,51.527348]}},{"type":"Feature","id":"node/5028074955","properties":{"highway":"street_lamp","light:colour":"orange","light:count":"2","light:lit":"dusk-dawn","light:method":"high_pressure_sodium","light:tilt":"-90","light_source":"lantern","source":"AGIV Flanders Ortho","support":"pole","id":"node/5028074955"},"geometry":{"type":"Point","coordinates":[4.7669784,51.5271993]}},{"type":"Feature","id":"node/5028074956","properties":{"highway":"street_lamp","light:colour":"orange","light:count":"2","light:lit":"dusk-dawn","light:method":"high_pressure_sodium","light:tilt":"-90","light_source":"lantern","source":"AGIV Flanders Ortho","support":"pole","id":"node/5028074956"},"geometry":{"type":"Point","coordinates":[4.7661332,51.5270593]}},{"type":"Feature","id":"node/5028074957","properties":{"highway":"street_lamp","light:colour":"orange","light:count":"2","light:lit":"dusk-dawn","light:method":"high_pressure_sodium","light:tilt":"-90","light_source":"lantern","source":"AGIV Flanders Ortho","support":"pole","id":"node/5028074957"},"geometry":{"type":"Point","coordinates":[4.765291,51.526931]}},{"type":"Feature","id":"node/5028074958","properties":{"highway":"street_lamp","light:colour":"orange","light:count":"2","light:lit":"dusk-dawn","light:method":"high_pressure_sodium","light:tilt":"-90","light_source":"lantern","source":"AGIV Flanders Ortho","support":"pole","id":"node/5028074958"},"geometry":{"type":"Point","coordinates":[4.7644461,51.5268159]}},{"type":"Feature","id":"node/5028074959","properties":{"highway":"street_lamp","light:colour":"orange","light:count":"2","light:lit":"dusk-dawn","light:method":"high_pressure_sodium","light:tilt":"-90","light_source":"lantern","source":"AGIV Flanders Ortho","support":"pole","id":"node/5028074959"},"geometry":{"type":"Point","coordinates":[4.7635818,51.5267062]}},{"type":"Feature","id":"node/5028074960","properties":{"highway":"street_lamp","light:colour":"orange","light:count":"2","light:lit":"dusk-dawn","light:method":"high_pressure_sodium","light:tilt":"-90","light_source":"lantern","source":"AGIV Flanders Ortho","support":"pole","id":"node/5028074960"},"geometry":{"type":"Point","coordinates":[4.7627362,51.5266107]}},{"type":"Feature","id":"node/5028074961","properties":{"highway":"street_lamp","light:colour":"orange","light:count":"2","light:lit":"dusk-dawn","light:method":"high_pressure_sodium","light:tilt":"-90","light_source":"lantern","source":"AGIV Flanders Ortho","support":"pole","id":"node/5028074961"},"geometry":{"type":"Point","coordinates":[4.7618739,51.5265251]}},{"type":"Feature","id":"node/5028074962","properties":{"highway":"street_lamp","light:colour":"orange","light:count":"2","light:lit":"dusk-dawn","light:method":"high_pressure_sodium","light:tilt":"-90","light_source":"lantern","source":"AGIV Flanders Ortho","support":"pole","id":"node/5028074962"},"geometry":{"type":"Point","coordinates":[4.7610115,51.5264484]}},{"type":"Feature","id":"node/5028074963","properties":{"highway":"street_lamp","light:colour":"orange","light:count":"2","light:lit":"dusk-dawn","light:method":"high_pressure_sodium","light:tilt":"-90","light_source":"lantern","source":"AGIV Flanders Ortho","support":"pole","id":"node/5028074963"},"geometry":{"type":"Point","coordinates":[4.7601458,51.5263833]}},{"type":"Feature","id":"node/5028074964","properties":{"highway":"street_lamp","light:colour":"orange","light:count":"2","light:lit":"dusk-dawn","light:method":"high_pressure_sodium","light:tilt":"-90","light_source":"lantern","source":"AGIV Flanders Ortho","support":"pole","id":"node/5028074964"},"geometry":{"type":"Point","coordinates":[4.7592795,51.5263261]}},{"type":"Feature","id":"node/5028074965","properties":{"highway":"street_lamp","light:colour":"orange","light:count":"2","light:lit":"dusk-dawn","light:method":"high_pressure_sodium","light:tilt":"-90","light_source":"lantern","source":"AGIV Flanders Ortho","support":"pole","id":"node/5028074965"},"geometry":{"type":"Point","coordinates":[4.7584158,51.5262861]}},{"type":"Feature","id":"node/5028074966","properties":{"highway":"street_lamp","light:colour":"orange","light:count":"2","light:lit":"dusk-dawn","light:method":"high_pressure_sodium","light:tilt":"-90","light_source":"lantern","source":"AGIV Flanders Ortho","support":"pole","id":"node/5028074966"},"geometry":{"type":"Point","coordinates":[4.7575381,51.5262548]}},{"type":"Feature","id":"node/5028074967","properties":{"highway":"street_lamp","light:colour":"orange","light:count":"2","light:lit":"dusk-dawn","light:method":"high_pressure_sodium","light:tilt":"-90","light_source":"lantern","source":"AGIV Flanders Ortho","support":"pole","id":"node/5028074967"},"geometry":{"type":"Point","coordinates":[4.7566791,51.5262327]}},{"type":"Feature","id":"node/5028074968","properties":{"highway":"street_lamp","light:colour":"orange","light:count":"2","light:lit":"dusk-dawn","light:method":"high_pressure_sodium","light:tilt":"-90","light_source":"lantern","source":"AGIV Flanders Ortho","support":"pole","id":"node/5028074968"},"geometry":{"type":"Point","coordinates":[4.7558791,51.5262202]}},{"type":"Feature","id":"node/5028074969","properties":{"highway":"street_lamp","light:colour":"orange","light:count":"2","light:lit":"dusk-dawn","light:method":"high_pressure_sodium","light:tilt":"-90","light_source":"lantern","source":"AGIV Flanders Ortho","support":"pole","id":"node/5028074969"},"geometry":{"type":"Point","coordinates":[4.7550798,51.5262197]}},{"type":"Feature","id":"node/5028074970","properties":{"highway":"street_lamp","light:colour":"orange","light:lit":"dusk-dawn","light:method":"high_pressure_sodium","light:tilt":"-90","light_source":"lantern","source":"AGIV Flanders Ortho","support":"pole","id":"node/5028074970"},"geometry":{"type":"Point","coordinates":[4.7424044,51.5325773]}},{"type":"Feature","id":"node/5028074971","properties":{"highway":"street_lamp","light:colour":"orange","light:lit":"dusk-dawn","light:method":"high_pressure_sodium","light:tilt":"-90","light_source":"lantern","source":"AGIV Flanders Ortho","support":"pole","id":"node/5028074971"},"geometry":{"type":"Point","coordinates":[4.742564,51.5321922]}},{"type":"Feature","id":"node/5028074972","properties":{"highway":"street_lamp","light:colour":"orange","light:lit":"dusk-dawn","light:method":"high_pressure_sodium","light:tilt":"-90","light_source":"lantern","source":"AGIV Flanders Ortho","support":"pole","id":"node/5028074972"},"geometry":{"type":"Point","coordinates":[4.7426867,51.5319023]}},{"type":"Feature","id":"node/5028074973","properties":{"highway":"street_lamp","light:colour":"orange","light:lit":"dusk-dawn","light:method":"high_pressure_sodium","light:tilt":"-90","light_source":"lantern","source":"AGIV Flanders Ortho","support":"pole","id":"node/5028074973"},"geometry":{"type":"Point","coordinates":[4.7428315,51.5315561]}},{"type":"Feature","id":"node/5028074974","properties":{"highway":"street_lamp","light:colour":"orange","light:lit":"dusk-dawn","light:method":"high_pressure_sodium","light:tilt":"-90","light_source":"lantern","source":"AGIV Flanders Ortho","support":"pole","id":"node/5028074974"},"geometry":{"type":"Point","coordinates":[4.7429743,51.5312028]}},{"type":"Feature","id":"node/5028074975","properties":{"highway":"street_lamp","light:colour":"orange","light:lit":"dusk-dawn","light:method":"high_pressure_sodium","light:tilt":"-90","light_source":"lantern","source":"AGIV Flanders Ortho","support":"pole","id":"node/5028074975"},"geometry":{"type":"Point","coordinates":[4.7431245,51.5308561]}},{"type":"Feature","id":"node/5028074976","properties":{"highway":"street_lamp","light:colour":"orange","light:lit":"dusk-dawn","light:method":"high_pressure_sodium","light:tilt":"-90","light_source":"lantern","source":"AGIV Flanders Ortho","support":"pole","id":"node/5028074976"},"geometry":{"type":"Point","coordinates":[4.7432794,51.5305041]}},{"type":"Feature","id":"node/5028074977","properties":{"highway":"street_lamp","light:colour":"orange","light:lit":"dusk-dawn","light:method":"high_pressure_sodium","light:tilt":"-90","light_source":"lantern","source":"AGIV Flanders Ortho","support":"pole","id":"node/5028074977"},"geometry":{"type":"Point","coordinates":[4.7434558,51.5301674]}},{"type":"Feature","id":"node/5028074978","properties":{"highway":"street_lamp","light:colour":"orange","light:lit":"dusk-dawn","light:method":"high_pressure_sodium","light:tilt":"-90","light_source":"lantern","source":"AGIV Flanders Ortho","support":"pole","id":"node/5028074978"},"geometry":{"type":"Point","coordinates":[4.7436657,51.529835]}},{"type":"Feature","id":"node/5028074979","properties":{"highway":"street_lamp","light:colour":"orange","light:lit":"dusk-dawn","light:method":"high_pressure_sodium","light:tilt":"-90","light_source":"lantern","source":"AGIV Flanders Ortho","support":"pole","id":"node/5028074979"},"geometry":{"type":"Point","coordinates":[4.7439071,51.5295121]}},{"type":"Feature","id":"node/5028074980","properties":{"highway":"street_lamp","light:colour":"orange","light:lit":"dusk-dawn","light:method":"high_pressure_sodium","light:tilt":"-90","light_source":"lantern","source":"AGIV Flanders Ortho","support":"pole","id":"node/5028074980"},"geometry":{"type":"Point","coordinates":[4.744467,51.528908]}},{"type":"Feature","id":"node/5028074981","properties":{"highway":"street_lamp","light:colour":"orange","light:lit":"dusk-dawn","light:method":"high_pressure_sodium","light:tilt":"-90","light_source":"lantern","source":"AGIV Flanders Ortho","support":"pole","id":"node/5028074981"},"geometry":{"type":"Point","coordinates":[4.7447962,51.5286198]}},{"type":"Feature","id":"node/5028074982","properties":{"highway":"street_lamp","light:colour":"orange","light:lit":"dusk-dawn","light:method":"high_pressure_sodium","light:tilt":"-90","light_source":"lantern","source":"AGIV Flanders Ortho","support":"pole","id":"node/5028074982"},"geometry":{"type":"Point","coordinates":[4.7451583,51.5283453]}},{"type":"Feature","id":"node/5028074983","properties":{"highway":"street_lamp","light:colour":"orange","light:lit":"dusk-dawn","light:method":"high_pressure_sodium","light:tilt":"-90","light_source":"lantern","source":"AGIV Flanders Ortho","support":"pole","id":"node/5028074983"},"geometry":{"type":"Point","coordinates":[4.7455613,51.5280845]}},{"type":"Feature","id":"node/5028074984","properties":{"highway":"street_lamp","light:colour":"orange","light:lit":"dusk-dawn","light:method":"high_pressure_sodium","light:tilt":"-90","light_source":"lantern","source":"AGIV Flanders Ortho","support":"pole","id":"node/5028074984"},"geometry":{"type":"Point","coordinates":[4.7459905,51.5278297]}},{"type":"Feature","id":"node/5028074985","properties":{"highway":"street_lamp","light:colour":"orange","light:lit":"dusk-dawn","light:method":"high_pressure_sodium","light:tilt":"-90","light_source":"lantern","source":"AGIV Flanders Ortho","support":"pole","id":"node/5028074985"},"geometry":{"type":"Point","coordinates":[4.7464257,51.5275985]}},{"type":"Feature","id":"node/5028074986","properties":{"highway":"street_lamp","light:colour":"orange","light:lit":"dusk-dawn","light:method":"high_pressure_sodium","light:tilt":"-90","light_source":"lantern","source":"AGIV Flanders Ortho","support":"pole","id":"node/5028074986"},"geometry":{"type":"Point","coordinates":[4.7468917,51.5274045]}},{"type":"Feature","id":"node/5028074987","properties":{"highway":"street_lamp","light:colour":"orange","light:lit":"dusk-dawn","light:method":"high_pressure_sodium","light:tilt":"-90","light_source":"lantern","source":"AGIV Flanders Ortho","support":"pole","id":"node/5028074987"},"geometry":{"type":"Point","coordinates":[4.7473772,51.5272202]}},{"type":"Feature","id":"node/5028074988","properties":{"highway":"street_lamp","light:colour":"orange","light:lit":"dusk-dawn","light:method":"high_pressure_sodium","light:tilt":"-90","light_source":"lantern","source":"AGIV Flanders Ortho","support":"pole","id":"node/5028074988"},"geometry":{"type":"Point","coordinates":[4.7478881,51.5270533]}},{"type":"Feature","id":"node/5028074989","properties":{"highway":"street_lamp","light:colour":"orange","light:lit":"dusk-dawn","light:method":"high_pressure_sodium","light:tilt":"-90","light_source":"lantern","source":"AGIV Flanders Ortho","support":"pole","id":"node/5028074989"},"geometry":{"type":"Point","coordinates":[4.7484078,51.526911]}},{"type":"Feature","id":"node/5028074990","properties":{"highway":"street_lamp","light:colour":"orange","light:lit":"dusk-dawn","light:method":"high_pressure_sodium","light:tilt":"-90","light_source":"lantern","source":"AGIV Flanders Ortho","support":"pole","id":"node/5028074990"},"geometry":{"type":"Point","coordinates":[4.7489597,51.5267888]}},{"type":"Feature","id":"node/5028074991","properties":{"highway":"street_lamp","light:colour":"orange","light:lit":"dusk-dawn","light:method":"high_pressure_sodium","light:tilt":"-90","light_source":"lantern","source":"AGIV Flanders Ortho","support":"pole","id":"node/5028074991"},"geometry":{"type":"Point","coordinates":[4.7495002,51.5266895]}},{"type":"Feature","id":"node/5028074992","properties":{"highway":"street_lamp","light:colour":"orange","light:lit":"dusk-dawn","light:method":"high_pressure_sodium","light:tilt":"-90","light_source":"lantern","source":"AGIV Flanders Ortho","support":"pole","id":"node/5028074992"},"geometry":{"type":"Point","coordinates":[4.7500627,51.5266186]}},{"type":"Feature","id":"node/5028074993","properties":{"highway":"street_lamp","light:colour":"orange","light:lit":"dusk-dawn","light:method":"high_pressure_sodium","light:tilt":"-90","light_source":"lantern","source":"AGIV Flanders Ortho","support":"pole","id":"node/5028074993"},"geometry":{"type":"Point","coordinates":[4.7506334,51.526561]}},{"type":"Feature","id":"node/5028074994","properties":{"highway":"street_lamp","light:colour":"orange","light:lit":"dusk-dawn","light:method":"high_pressure_sodium","light:tilt":"-90","light_source":"lantern","source":"AGIV Flanders Ortho","support":"pole","id":"node/5028074994"},"geometry":{"type":"Point","coordinates":[4.7512074,51.5265218]}},{"type":"Feature","id":"node/5028074995","properties":{"highway":"street_lamp","light:colour":"orange","light:lit":"dusk-dawn","light:method":"high_pressure_sodium","light:tilt":"-90","light_source":"lantern","source":"AGIV Flanders Ortho","support":"pole","id":"node/5028074995"},"geometry":{"type":"Point","coordinates":[4.7517955,51.5264938]}},{"type":"Feature","id":"node/5028074996","properties":{"highway":"street_lamp","light:colour":"orange","light:lit":"dusk-dawn","light:method":"high_pressure_sodium","light:tilt":"-90","light_source":"lantern","source":"AGIV Flanders Ortho","support":"pole","id":"node/5028074996"},"geometry":{"type":"Point","coordinates":[4.7523829,51.5264738]}},{"type":"Feature","id":"node/5028074997","properties":{"highway":"street_lamp","light:colour":"orange","light:lit":"dusk-dawn","light:method":"high_pressure_sodium","light:tilt":"-90","light_source":"lantern","source":"AGIV Flanders Ortho","support":"pole","id":"node/5028074997"},"geometry":{"type":"Point","coordinates":[4.752928,51.5264626]}},{"type":"Feature","id":"node/5028074998","properties":{"highway":"street_lamp","light:colour":"orange","light:lit":"dusk-dawn","light:method":"high_pressure_sodium","light:tilt":"-90","light_source":"lantern","source":"AGIV Flanders Ortho","support":"pole","id":"node/5028074998"},"geometry":{"type":"Point","coordinates":[4.753502,51.5264517]}},{"type":"Feature","id":"node/5028074999","properties":{"highway":"street_lamp","light:colour":"orange","light:lit":"dusk-dawn","light:method":"high_pressure_sodium","light:tilt":"-90","light_source":"lantern","source":"AGIV Flanders Ortho","support":"pole","id":"node/5028074999"},"geometry":{"type":"Point","coordinates":[4.7445374,51.524548]}},{"type":"Feature","id":"node/5028075000","properties":{"highway":"street_lamp","light:colour":"orange","light:lit":"dusk-dawn","light:method":"high_pressure_sodium","light:tilt":"-90","light_source":"lantern","source":"AGIV Flanders Ortho","support":"pole","id":"node/5028075000"},"geometry":{"type":"Point","coordinates":[4.7444516,51.5249018]}},{"type":"Feature","id":"node/5028075001","properties":{"highway":"street_lamp","light:colour":"orange","light:lit":"dusk-dawn","light:method":"high_pressure_sodium","light:tilt":"-90","light_source":"lantern","source":"AGIV Flanders Ortho","support":"pole","id":"node/5028075001"},"geometry":{"type":"Point","coordinates":[4.7443577,51.5252548]}},{"type":"Feature","id":"node/5028075002","properties":{"highway":"street_lamp","light:colour":"orange","light:lit":"dusk-dawn","light:method":"high_pressure_sodium","light:tilt":"-90","light_source":"lantern","source":"AGIV Flanders Ortho","support":"pole","id":"node/5028075002"},"geometry":{"type":"Point","coordinates":[4.7442584,51.5256132]}},{"type":"Feature","id":"node/5028075003","properties":{"highway":"street_lamp","light:colour":"orange","light:lit":"dusk-dawn","light:method":"high_pressure_sodium","light:tilt":"-90","light_source":"lantern","source":"AGIV Flanders Ortho","support":"pole","id":"node/5028075003"},"geometry":{"type":"Point","coordinates":[4.7441478,51.525964]}},{"type":"Feature","id":"node/5028075004","properties":{"highway":"street_lamp","light:colour":"orange","light:lit":"dusk-dawn","light:method":"high_pressure_sodium","light:tilt":"-90","light_source":"lantern","source":"AGIV Flanders Ortho","support":"pole","id":"node/5028075004"},"geometry":{"type":"Point","coordinates":[4.7440238,51.5263195]}},{"type":"Feature","id":"node/5028075005","properties":{"highway":"street_lamp","light:colour":"orange","light:lit":"dusk-dawn","light:method":"high_pressure_sodium","light:tilt":"-90","light_source":"lantern","source":"AGIV Flanders Ortho","support":"pole","id":"node/5028075005"},"geometry":{"type":"Point","coordinates":[4.7438843,51.5266578]}},{"type":"Feature","id":"node/5028075006","properties":{"highway":"street_lamp","light:colour":"orange","light:lit":"dusk-dawn","light:method":"high_pressure_sodium","light:tilt":"-90","light_source":"lantern","source":"AGIV Flanders Ortho","support":"pole","id":"node/5028075006"},"geometry":{"type":"Point","coordinates":[4.7437897,51.5269198]}},{"type":"Feature","id":"node/5028075007","properties":{"highway":"street_lamp","light:colour":"orange","light:lit":"dusk-dawn","light:method":"high_pressure_sodium","light:tilt":"-90","light_source":"lantern","source":"AGIV Flanders Ortho","support":"pole","id":"node/5028075007"},"geometry":{"type":"Point","coordinates":[4.7436885,51.5271864]}},{"type":"Feature","id":"node/5028075008","properties":{"highway":"street_lamp","light:colour":"orange","light:lit":"dusk-dawn","light:method":"high_pressure_sodium","light:tilt":"-90","light_source":"lantern","source":"AGIV Flanders Ortho","support":"pole","id":"node/5028075008"},"geometry":{"type":"Point","coordinates":[4.7435664,51.5274517]}},{"type":"Feature","id":"node/5028075009","properties":{"highway":"street_lamp","light:colour":"orange","light:lit":"dusk-dawn","light:method":"high_pressure_sodium","light:tilt":"-90","light_source":"lantern","source":"AGIV Flanders Ortho","support":"pole","id":"node/5028075009"},"geometry":{"type":"Point","coordinates":[4.7434136,51.5276974]}},{"type":"Feature","id":"node/5028075010","properties":{"highway":"street_lamp","level":"1","light:colour":"orange","light:lit":"dusk-dawn","light:method":"high_pressure_sodium","light:tilt":"-90","light_source":"lantern","source":"AGIV Flanders Ortho","support":"pole","id":"node/5028075010"},"geometry":{"type":"Point","coordinates":[4.7431681,51.5279018]}},{"type":"Feature","id":"node/5028075011","properties":{"highway":"street_lamp","light:colour":"orange","light:lit":"dusk-dawn","light:method":"high_pressure_sodium","light:tilt":"-90","light_source":"lantern","source":"AGIV Flanders Ortho","support":"pole","id":"node/5028075011"},"geometry":{"type":"Point","coordinates":[4.7428261,51.5280416]}},{"type":"Feature","id":"node/5028075012","properties":{"highway":"street_lamp","light:colour":"orange","light:lit":"dusk-dawn","light:method":"high_pressure_sodium","light:tilt":"-90","light_source":"lantern","source":"AGIV Flanders Ortho","support":"pole","id":"node/5028075012"},"geometry":{"type":"Point","coordinates":[4.7425613,51.5280875]}},{"type":"Feature","id":"node/5028075013","properties":{"highway":"street_lamp","light:colour":"orange","light:lit":"dusk-dawn","light:method":"high_pressure_sodium","light:tilt":"-90","light_source":"lantern","source":"AGIV Flanders Ortho","support":"pole","id":"node/5028075013"},"geometry":{"type":"Point","coordinates":[4.742285,51.528085]}},{"type":"Feature","id":"node/5028075014","properties":{"highway":"street_lamp","light:colour":"orange","light:lit":"dusk-dawn","light:method":"high_pressure_sodium","light:tilt":"-90","light_source":"lantern","source":"AGIV Flanders Ortho","support":"pole","id":"node/5028075014"},"geometry":{"type":"Point","coordinates":[4.7420235,51.5280491]}},{"type":"Feature","id":"node/5028075015","properties":{"highway":"street_lamp","light:colour":"orange","light:lit":"dusk-dawn","light:method":"high_pressure_sodium","light:tilt":"-90","light_source":"lantern","source":"AGIV Flanders Ortho","support":"pole","id":"node/5028075015"},"geometry":{"type":"Point","coordinates":[4.7417653,51.5279661]}},{"type":"Feature","id":"node/5028075016","properties":{"highway":"street_lamp","light:colour":"orange","light:lit":"dusk-dawn","light:method":"high_pressure_sodium","light:tilt":"-90","light_source":"lantern","source":"AGIV Flanders Ortho","support":"pole","id":"node/5028075016"},"geometry":{"type":"Point","coordinates":[4.7415642,51.5278522]}},{"type":"Feature","id":"node/5028075017","properties":{"highway":"street_lamp","light:colour":"orange","light:lit":"dusk-dawn","light:method":"high_pressure_sodium","light:tilt":"-90","light_source":"lantern","source":"AGIV Flanders Ortho","support":"pole","id":"node/5028075017"},"geometry":{"type":"Point","coordinates":[4.7414099,51.5277057]}},{"type":"Feature","id":"node/5028075018","properties":{"highway":"street_lamp","light:colour":"orange","light:lit":"dusk-dawn","light:method":"high_pressure_sodium","light:tilt":"-90","light_source":"lantern","source":"AGIV Flanders Ortho","support":"pole","id":"node/5028075018"},"geometry":{"type":"Point","coordinates":[4.7413181,51.5275401]}},{"type":"Feature","id":"node/5028075019","properties":{"highway":"street_lamp","light:colour":"orange","light:lit":"dusk-dawn","light:method":"high_pressure_sodium","light:tilt":"-90","light_source":"lantern","source":"AGIV Flanders Ortho","support":"pole","id":"node/5028075019"},"geometry":{"type":"Point","coordinates":[4.7413033,51.5273641]}},{"type":"Feature","id":"node/5028075020","properties":{"highway":"street_lamp","light:colour":"orange","light:lit":"dusk-dawn","light:method":"high_pressure_sodium","light:tilt":"-90","light_source":"lantern","source":"AGIV Flanders Ortho","support":"pole","id":"node/5028075020"},"geometry":{"type":"Point","coordinates":[4.7413436,51.5272014]}},{"type":"Feature","id":"node/5028075021","properties":{"highway":"street_lamp","light:colour":"orange","light:lit":"dusk-dawn","light:method":"high_pressure_sodium","light:tilt":"-90","light_source":"lantern","source":"AGIV Flanders Ortho","support":"pole","id":"node/5028075021"},"geometry":{"type":"Point","coordinates":[4.7414636,51.5270349]}},{"type":"Feature","id":"node/5028075022","properties":{"highway":"street_lamp","light:colour":"orange","light:lit":"dusk-dawn","light:method":"high_pressure_sodium","light:tilt":"-90","light_source":"lantern","source":"AGIV Flanders Ortho","support":"pole","id":"node/5028075022"},"geometry":{"type":"Point","coordinates":[4.7416473,51.5268993]}},{"type":"Feature","id":"node/5028075023","properties":{"highway":"street_lamp","light:colour":"orange","light:lit":"dusk-dawn","light:method":"high_pressure_sodium","light:tilt":"-90","light_source":"lantern","source":"AGIV Flanders Ortho","support":"pole","id":"node/5028075023"},"geometry":{"type":"Point","coordinates":[4.7419591,51.5267717]}},{"type":"Feature","id":"node/5028075024","properties":{"highway":"street_lamp","light:colour":"orange","light:lit":"dusk-dawn","light:method":"high_pressure_sodium","light:tilt":"-90","light_source":"lantern","source":"AGIV Flanders Ortho","support":"pole","id":"node/5028075024"},"geometry":{"type":"Point","coordinates":[4.7423856,51.5266908]}},{"type":"Feature","id":"node/5028075025","properties":{"highway":"street_lamp","light:colour":"orange","light:lit":"dusk-dawn","light:method":"high_pressure_sodium","light:tilt":"-90","light_source":"lantern","source":"AGIV Flanders Ortho","support":"pole","id":"node/5028075025"},"geometry":{"type":"Point","coordinates":[4.7434531,51.5266444]}},{"type":"Feature","id":"node/5028075026","properties":{"highway":"street_lamp","light:colour":"orange","light:lit":"dusk-dawn","light:method":"high_pressure_sodium","light:tilt":"-90","light_source":"lantern","source":"AGIV Flanders Ortho","support":"pole","id":"node/5028075026"},"geometry":{"type":"Point","coordinates":[4.7428845,51.5266649]}},{"type":"Feature","id":"node/5028075027","properties":{"highway":"street_lamp","light:colour":"orange","light:lit":"dusk-dawn","light:method":"high_pressure_sodium","light:tilt":"-90","light_source":"lantern","source":"AGIV Flanders Ortho","support":"pole","id":"node/5028075027"},"geometry":{"type":"Point","coordinates":[4.7450396,51.5264959]}},{"type":"Feature","id":"node/5028075028","properties":{"highway":"street_lamp","light:colour":"orange","light:lit":"dusk-dawn","light:method":"high_pressure_sodium","light:tilt":"-90","light_source":"lantern","source":"AGIV Flanders Ortho","support":"pole","id":"node/5028075028"},"geometry":{"type":"Point","coordinates":[4.7456089,51.5264721]}},{"type":"Feature","id":"node/5028075029","properties":{"highway":"street_lamp","light:colour":"orange","light:lit":"dusk-dawn","light:method":"high_pressure_sodium","light:tilt":"-90","light_source":"lantern","source":"AGIV Flanders Ortho","support":"pole","id":"node/5028075029"},"geometry":{"type":"Point","coordinates":[4.7461689,51.5264692]}},{"type":"Feature","id":"node/5028075030","properties":{"highway":"street_lamp","light:colour":"orange","light:lit":"dusk-dawn","light:method":"high_pressure_sodium","light:tilt":"-90","light_source":"lantern","source":"AGIV Flanders Ortho","support":"pole","id":"node/5028075030"},"geometry":{"type":"Point","coordinates":[4.746767,51.5264563]}},{"type":"Feature","id":"node/5028075031","properties":{"highway":"street_lamp","light:colour":"orange","light:lit":"dusk-dawn","light:method":"high_pressure_sodium","light:tilt":"-90","light_source":"lantern","source":"AGIV Flanders Ortho","support":"pole","id":"node/5028075031"},"geometry":{"type":"Point","coordinates":[4.747351,51.5264388]}},{"type":"Feature","id":"node/5028075032","properties":{"highway":"street_lamp","light:colour":"orange","light:lit":"dusk-dawn","light:method":"high_pressure_sodium","light:tilt":"-90","light_source":"lantern","source":"AGIV Flanders Ortho","support":"pole","id":"node/5028075032"},"geometry":{"type":"Point","coordinates":[4.7479291,51.5264229]}},{"type":"Feature","id":"node/5028075033","properties":{"highway":"street_lamp","light:colour":"orange","light:lit":"dusk-dawn","light:method":"high_pressure_sodium","light:tilt":"-90","light_source":"lantern","source":"AGIV Flanders Ortho","support":"pole","id":"node/5028075033"},"geometry":{"type":"Point","coordinates":[4.7484722,51.5264096]}},{"type":"Feature","id":"node/5028075034","properties":{"highway":"street_lamp","light:colour":"orange","light:lit":"dusk-dawn","light:method":"high_pressure_sodium","light:tilt":"-90","light_source":"lantern","source":"AGIV Flanders Ortho","support":"pole","id":"node/5028075034"},"geometry":{"type":"Point","coordinates":[4.7490683,51.5263933]}},{"type":"Feature","id":"node/5028075035","properties":{"highway":"street_lamp","light:colour":"orange","light:lit":"dusk-dawn","light:method":"high_pressure_sodium","light:tilt":"-90","light_source":"lantern","source":"AGIV Flanders Ortho","support":"pole","id":"node/5028075035"},"geometry":{"type":"Point","coordinates":[4.749643,51.5263766]}},{"type":"Feature","id":"node/5028075036","properties":{"highway":"street_lamp","light:colour":"orange","light:lit":"dusk-dawn","light:method":"high_pressure_sodium","light:tilt":"-90","light_source":"lantern","source":"AGIV Flanders Ortho","support":"pole","id":"node/5028075036"},"geometry":{"type":"Point","coordinates":[4.7502096,51.5263645]}},{"type":"Feature","id":"node/5028075037","properties":{"highway":"street_lamp","light:colour":"orange","light:lit":"dusk-dawn","light:method":"high_pressure_sodium","light:tilt":"-90","light_source":"lantern","source":"AGIV Flanders Ortho","support":"pole","id":"node/5028075037"},"geometry":{"type":"Point","coordinates":[4.7508077,51.5263437]}},{"type":"Feature","id":"node/5028075038","properties":{"highway":"street_lamp","light:colour":"orange","light:lit":"dusk-dawn","light:method":"high_pressure_sodium","light:tilt":"-90","light_source":"lantern","source":"AGIV Flanders Ortho","support":"pole","id":"node/5028075038"},"geometry":{"type":"Point","coordinates":[4.7514474,51.5263224]}},{"type":"Feature","id":"node/5028075039","properties":{"highway":"street_lamp","light:colour":"orange","light:lit":"dusk-dawn","light:method":"high_pressure_sodium","light:tilt":"-90","light_source":"lantern","source":"AGIV Flanders Ortho","support":"pole","id":"node/5028075039"},"geometry":{"type":"Point","coordinates":[4.7520992,51.5263053]}},{"type":"Feature","id":"node/5028075040","properties":{"highway":"street_lamp","light:colour":"orange","light:lit":"dusk-dawn","light:method":"high_pressure_sodium","light:tilt":"-90","light_source":"lantern","source":"AGIV Flanders Ortho","support":"pole","id":"node/5028075040"},"geometry":{"type":"Point","coordinates":[4.7527456,51.5262886]}},{"type":"Feature","id":"node/5028075041","properties":{"highway":"street_lamp","light:colour":"orange","light:lit":"dusk-dawn","light:method":"high_pressure_sodium","light:tilt":"-90","light_source":"lantern","source":"AGIV Flanders Ortho","support":"pole","id":"node/5028075041"},"geometry":{"type":"Point","coordinates":[4.7534866,51.5262677]}},{"type":"Feature","id":"node/5028075042","properties":{"highway":"street_lamp","light:colour":"orange","light:lit":"dusk-dawn","light:method":"high_pressure_sodium","light:tilt":"-90","light_source":"lantern","source":"AGIV Flanders Ortho","support":"pole","id":"node/5028075042"},"geometry":{"type":"Point","coordinates":[4.7542919,51.5262425]}},{"type":"Feature","id":"node/5028075043","properties":{"highway":"street_lamp","light:colour":"orange","light:lit":"dusk-dawn","light:method":"high_pressure_sodium","light:tilt":"-90","light_source":"lantern","source":"AGIV Flanders Ortho","support":"pole","id":"node/5028075043"},"geometry":{"type":"Point","coordinates":[4.7542859,51.5262189]}},{"type":"Feature","id":"node/5028075044","properties":{"highway":"street_lamp","light:colour":"orange","light:lit":"dusk-dawn","light:method":"high_pressure_sodium","light:tilt":"-90","light_source":"lantern","source":"AGIV Flanders Ortho","support":"pole","id":"node/5028075044"},"geometry":{"type":"Point","coordinates":[4.7534886,51.5262143]}},{"type":"Feature","id":"node/5028075045","properties":{"highway":"street_lamp","light:colour":"orange","light:lit":"dusk-dawn","light:method":"high_pressure_sodium","light:tilt":"-90","light_source":"lantern","source":"AGIV Flanders Ortho","support":"pole","id":"node/5028075045"},"geometry":{"type":"Point","coordinates":[4.7527315,51.5262135]}},{"type":"Feature","id":"node/5028075046","properties":{"highway":"street_lamp","light:colour":"orange","light:lit":"dusk-dawn","light:method":"high_pressure_sodium","light:tilt":"-90","light_source":"lantern","source":"AGIV Flanders Ortho","support":"pole","id":"node/5028075046"},"geometry":{"type":"Point","coordinates":[4.7520898,51.5262256]}},{"type":"Feature","id":"node/5028075047","properties":{"highway":"street_lamp","light:colour":"orange","light:lit":"dusk-dawn","light:method":"high_pressure_sodium","light:tilt":"-90","light_source":"lantern","source":"AGIV Flanders Ortho","support":"pole","id":"node/5028075047"},"geometry":{"type":"Point","coordinates":[4.7514414,51.5262323]}},{"type":"Feature","id":"node/5028075048","properties":{"highway":"street_lamp","light:colour":"orange","light:lit":"dusk-dawn","light:method":"high_pressure_sodium","light:tilt":"-90","light_source":"lantern","source":"AGIV Flanders Ortho","support":"pole","id":"node/5028075048"},"geometry":{"type":"Point","coordinates":[4.7506495,51.526226]}},{"type":"Feature","id":"node/5028075049","properties":{"highway":"street_lamp","light:colour":"orange","light:lit":"dusk-dawn","light:method":"high_pressure_sodium","light:tilt":"-90","light_source":"lantern","source":"AGIV Flanders Ortho","support":"pole","id":"node/5028075049"},"geometry":{"type":"Point","coordinates":[4.7498519,51.526197]}},{"type":"Feature","id":"node/5028075050","properties":{"highway":"street_lamp","light:colour":"orange","light:lit":"dusk-dawn","light:method":"high_pressure_sodium","light:tilt":"-90","light_source":"lantern","source":"AGIV Flanders Ortho","support":"pole","id":"node/5028075050"},"geometry":{"type":"Point","coordinates":[4.7490606,51.526139]}},{"type":"Feature","id":"node/5028075051","properties":{"highway":"street_lamp","light:colour":"orange","light:lit":"dusk-dawn","light:method":"high_pressure_sodium","light:tilt":"-90","light_source":"lantern","source":"AGIV Flanders Ortho","support":"pole","id":"node/5028075051"},"geometry":{"type":"Point","coordinates":[4.7519604,51.526052]}},{"type":"Feature","id":"node/5028075052","properties":{"highway":"street_lamp","light:colour":"orange","light:lit":"dusk-dawn","light:method":"high_pressure_sodium","light:tilt":"-90","light_source":"lantern","source":"AGIV Flanders Ortho","support":"pole","id":"node/5028075052"},"geometry":{"type":"Point","coordinates":[4.7513817,51.5260579]}},{"type":"Feature","id":"node/5028075053","properties":{"highway":"street_lamp","light:colour":"orange","light:lit":"dusk-dawn","light:method":"high_pressure_sodium","light:tilt":"-90","light_source":"lantern","source":"AGIV Flanders Ortho","support":"pole","id":"node/5028075053"},"geometry":{"type":"Point","coordinates":[4.7508097,51.5260554]}},{"type":"Feature","id":"node/5028075054","properties":{"highway":"street_lamp","light:colour":"orange","light:lit":"dusk-dawn","light:method":"high_pressure_sodium","light:tilt":"-90","light_source":"lantern","source":"AGIV Flanders Ortho","support":"pole","id":"node/5028075054"},"geometry":{"type":"Point","coordinates":[4.7502344,51.5260308]}},{"type":"Feature","id":"node/5028075055","properties":{"highway":"street_lamp","light:colour":"orange","light:lit":"dusk-dawn","light:method":"high_pressure_sodium","light:tilt":"-90","light_source":"lantern","source":"AGIV Flanders Ortho","support":"pole","id":"node/5028075055"},"geometry":{"type":"Point","coordinates":[4.7496644,51.5259915]}},{"type":"Feature","id":"node/5028075056","properties":{"highway":"street_lamp","light:colour":"orange","light:lit":"dusk-dawn","light:method":"high_pressure_sodium","light:tilt":"-90","light_source":"lantern","source":"AGIV Flanders Ortho","support":"pole","id":"node/5028075056"},"geometry":{"type":"Point","coordinates":[4.7490998,51.5259369]}},{"type":"Feature","id":"node/5028075057","properties":{"highway":"street_lamp","light:colour":"orange","light:lit":"dusk-dawn","light:method":"high_pressure_sodium","light:tilt":"-90","light_source":"lantern","source":"AGIV Flanders Ortho","support":"pole","id":"node/5028075057"},"geometry":{"type":"Point","coordinates":[4.7485446,51.5258526]}},{"type":"Feature","id":"node/5028075058","properties":{"highway":"street_lamp","light:colour":"orange","light:lit":"dusk-dawn","light:method":"high_pressure_sodium","light:tilt":"-90","light_source":"lantern","source":"AGIV Flanders Ortho","support":"pole","id":"node/5028075058"},"geometry":{"type":"Point","coordinates":[4.7480088,51.5257212]}},{"type":"Feature","id":"node/5028075059","properties":{"highway":"street_lamp","light:colour":"orange","light:lit":"dusk-dawn","light:method":"high_pressure_sodium","light:tilt":"-90","light_source":"lantern","source":"AGIV Flanders Ortho","support":"pole","id":"node/5028075059"},"geometry":{"type":"Point","coordinates":[4.7475079,51.5255468]}},{"type":"Feature","id":"node/5028075060","properties":{"highway":"street_lamp","light:colour":"orange","light:lit":"dusk-dawn","light:method":"high_pressure_sodium","light:tilt":"-90","light_source":"lantern","source":"AGIV Flanders Ortho","support":"pole","id":"node/5028075060"},"geometry":{"type":"Point","coordinates":[4.7470526,51.5253361]}},{"type":"Feature","id":"node/5028075061","properties":{"highway":"street_lamp","light:colour":"orange","light:lit":"dusk-dawn","light:method":"high_pressure_sodium","light:tilt":"-90","light_source":"lantern","source":"AGIV Flanders Ortho","support":"pole","id":"node/5028075061"},"geometry":{"type":"Point","coordinates":[4.7466369,51.5250796]}},{"type":"Feature","id":"node/5028075062","properties":{"highway":"street_lamp","light:colour":"orange","light:lit":"dusk-dawn","light:method":"high_pressure_sodium","light:tilt":"-90","light_source":"lantern","source":"AGIV Flanders Ortho","support":"pole","id":"node/5028075062"},"geometry":{"type":"Point","coordinates":[4.7462882,51.5248]}},{"type":"Feature","id":"node/5028075063","properties":{"highway":"street_lamp","light:colour":"orange","light:lit":"dusk-dawn","light:method":"high_pressure_sodium","light:tilt":"-90","light_source":"lantern","source":"AGIV Flanders Ortho","support":"pole","id":"node/5028075063"},"geometry":{"type":"Point","coordinates":[4.7459925,51.5244767]}},{"type":"Feature","id":"node/5028075064","properties":{"highway":"street_lamp","light:colour":"orange","light:lit":"dusk-dawn","light:method":"high_pressure_sodium","light:tilt":"-90","light_source":"lantern","source":"AGIV Flanders Ortho","support":"pole","id":"node/5028075064"},"geometry":{"type":"Point","coordinates":[4.7457772,51.5241655]}},{"type":"Feature","id":"node/5028075065","properties":{"highway":"street_lamp","light:colour":"orange","light:lit":"dusk-dawn","light:method":"high_pressure_sodium","light:tilt":"-90","light_source":"lantern","source":"AGIV Flanders Ortho","support":"pole","id":"node/5028075065"},"geometry":{"type":"Point","coordinates":[4.7456358,51.5238225]}},{"type":"Feature","id":"node/5028075066","properties":{"highway":"street_lamp","light:colour":"orange","light:lit":"dusk-dawn","light:method":"high_pressure_sodium","light:tilt":"-90","light_source":"lantern","source":"AGIV Flanders Ortho","support":"pole","id":"node/5028075066"},"geometry":{"type":"Point","coordinates":[4.7455633,51.5234671]}},{"type":"Feature","id":"node/5028075067","properties":{"highway":"street_lamp","light:colour":"orange","light:lit":"dusk-dawn","light:method":"high_pressure_sodium","light:tilt":"-90","light_source":"lantern","source":"AGIV Flanders Ortho","support":"pole","id":"node/5028075067"},"geometry":{"type":"Point","coordinates":[4.7455439,51.5231003]}},{"type":"Feature","id":"node/5028075068","properties":{"highway":"street_lamp","light:colour":"orange","light:lit":"dusk-dawn","light:method":"high_pressure_sodium","light:tilt":"-90","light_source":"lantern","source":"AGIV Flanders Ortho","support":"pole","id":"node/5028075068"},"geometry":{"type":"Point","coordinates":[4.7455835,51.5227544]}},{"type":"Feature","id":"node/5028075069","properties":{"highway":"street_lamp","light:colour":"orange","light:lit":"dusk-dawn","light:method":"high_pressure_sodium","light:tilt":"-90","light_source":"lantern","source":"AGIV Flanders Ortho","support":"pole","id":"node/5028075069"},"geometry":{"type":"Point","coordinates":[4.745615,51.5223973]}},{"type":"Feature","id":"node/5028075070","properties":{"highway":"street_lamp","light:colour":"orange","light:lit":"dusk-dawn","light:method":"high_pressure_sodium","light:tilt":"-90","light_source":"lantern","source":"AGIV Flanders Ortho","support":"pole","id":"node/5028075070"},"geometry":{"type":"Point","coordinates":[4.7456525,51.5220414]}},{"type":"Feature","id":"node/5028075071","properties":{"highway":"street_lamp","light:colour":"orange","light:lit":"dusk-dawn","light:method":"high_pressure_sodium","light:tilt":"-90","light_source":"lantern","source":"AGIV Flanders Ortho","support":"pole","id":"node/5028075071"},"geometry":{"type":"Point","coordinates":[4.745684,51.5216793]}},{"type":"Feature","id":"node/5028075072","properties":{"highway":"street_lamp","light:colour":"orange","light:lit":"dusk-dawn","light:method":"high_pressure_sodium","light:tilt":"-90","light_source":"lantern","source":"AGIV Flanders Ortho","support":"pole","id":"node/5028075072"},"geometry":{"type":"Point","coordinates":[4.7457162,51.5213179]}},{"type":"Feature","id":"node/5028075073","properties":{"highway":"street_lamp","light:colour":"orange","light:lit":"dusk-dawn","light:method":"high_pressure_sodium","light:tilt":"-90","light_source":"lantern","source":"AGIV Flanders Ortho","support":"pole","id":"node/5028075073"},"geometry":{"type":"Point","coordinates":[4.7457484,51.5209637]}},{"type":"Feature","id":"node/5028075074","properties":{"highway":"street_lamp","light:colour":"orange","light:lit":"dusk-dawn","light:method":"high_pressure_sodium","light:tilt":"-90","light_source":"lantern","source":"AGIV Flanders Ortho","support":"pole","id":"node/5028075074"},"geometry":{"type":"Point","coordinates":[4.7457605,51.520599]}},{"type":"Feature","id":"node/5028130208","properties":{"highway":"street_lamp","light:colour":"orange","light:count":"4","light:lit":"dusk-dawn","light:method":"high_pressure_sodium","light:tilt":"-90","light_source":"lantern","source":"AGIV Flanders Ortho","support":"pole","id":"node/5028130208"},"geometry":{"type":"Point","coordinates":[4.743954,51.4905374]}},{"type":"Feature","id":"node/5028130209","properties":{"highway":"street_lamp","light:colour":"orange","light:count":"2","light:lit":"dusk-dawn","light:method":"high_pressure_sodium","light:tilt":"-90","light_source":"lantern","source":"AGIV Flanders Ortho","support":"pole","id":"node/5028130209"},"geometry":{"type":"Point","coordinates":[4.7436576,51.4901654]}},{"type":"Feature","id":"node/5028130210","properties":{"highway":"street_lamp","light:colour":"orange","light:count":"2","light:lit":"dusk-dawn","light:method":"high_pressure_sodium","light:tilt":"-90","light_source":"lantern","source":"AGIV Flanders Ortho","support":"pole","id":"node/5028130210"},"geometry":{"type":"Point","coordinates":[4.7429911,51.4900412]}},{"type":"Feature","id":"node/5028130211","properties":{"highway":"street_lamp","light:colour":"orange","light:count":"2","light:lit":"dusk-dawn","light:method":"high_pressure_sodium","light:tilt":"-90","light_source":"lantern","source":"AGIV Flanders Ortho","support":"pole","id":"node/5028130211"},"geometry":{"type":"Point","coordinates":[4.7423112,51.4901859]}},{"type":"Feature","id":"node/5028130212","properties":{"highway":"street_lamp","light:colour":"orange","light:count":"2","light:lit":"dusk-dawn","light:method":"high_pressure_sodium","light:tilt":"-90","light_source":"lantern","source":"AGIV Flanders Ortho","support":"pole","id":"node/5028130212"},"geometry":{"type":"Point","coordinates":[4.7416359,51.4903366]}},{"type":"Feature","id":"node/5028130213","properties":{"highway":"street_lamp","light:colour":"orange","light:count":"2","light:lit":"dusk-dawn","light:method":"high_pressure_sodium","light:tilt":"-90","light_source":"lantern","source":"AGIV Flanders Ortho","support":"pole","id":"node/5028130213"},"geometry":{"type":"Point","coordinates":[4.7411008,51.4904489]}},{"type":"Feature","id":"node/5028130214","properties":{"highway":"street_lamp","light:colour":"orange","light:count":"2","light:lit":"dusk-dawn","light:method":"high_pressure_sodium","light:tilt":"-90","light_source":"lantern","source":"AGIV Flanders Ortho","support":"pole","id":"node/5028130214"},"geometry":{"type":"Point","coordinates":[4.7407354,51.4905437]}},{"type":"Feature","id":"node/5028130215","properties":{"highway":"street_lamp","light:colour":"orange","light:count":"2","light:lit":"dusk-dawn","light:method":"high_pressure_sodium","light:tilt":"-90","light_source":"lantern","source":"AGIV Flanders Ortho","support":"pole","id":"node/5028130215"},"geometry":{"type":"Point","coordinates":[4.7401392,51.4906606]}},{"type":"Feature","id":"node/5028130216","properties":{"highway":"street_lamp","light:colour":"orange","light:count":"2","light:lit":"dusk-dawn","light:method":"high_pressure_sodium","light:tilt":"-90","light_source":"lantern","source":"AGIV Flanders Ortho","support":"pole","id":"node/5028130216"},"geometry":{"type":"Point","coordinates":[4.7395458,51.4907917]}},{"type":"Feature","id":"node/5028130217","properties":{"highway":"street_lamp","light:colour":"orange","light:count":"2","light:lit":"dusk-dawn","light:method":"high_pressure_sodium","light:tilt":"-90","light_source":"lantern","source":"AGIV Flanders Ortho","support":"pole","id":"node/5028130217"},"geometry":{"type":"Point","coordinates":[4.7390972,51.4909967]}},{"type":"Feature","id":"node/5028130218","properties":{"highway":"street_lamp","light:lit":"dusk-dawn","light:method":"electric","light:tilt":"-90","light_source":"lantern","source":"AGIV Flanders Ortho","support":"pole","id":"node/5028130218"},"geometry":{"type":"Point","coordinates":[4.7390074,51.4907996]}},{"type":"Feature","id":"node/5028130219","properties":{"highway":"street_lamp","light:lit":"dusk-dawn","light:method":"electric","light:tilt":"-90","light_source":"lantern","source":"AGIV Flanders Ortho","support":"pole","id":"node/5028130219"},"geometry":{"type":"Point","coordinates":[4.7384709,51.4904259]}},{"type":"Feature","id":"node/5028130220","properties":{"highway":"street_lamp","light:lit":"dusk-dawn","light:method":"electric","light:tilt":"-90","light_source":"lantern","source":"AGIV Flanders Ortho","support":"pole","id":"node/5028130220"},"geometry":{"type":"Point","coordinates":[4.7382818,51.4901374]}},{"type":"Feature","id":"node/5028130321","properties":{"highway":"street_lamp","light:lit":"dusk-dawn","light:method":"electric","light:tilt":"-90","light_source":"lantern","source":"AGIV Flanders Ortho","support":"pole","id":"node/5028130321"},"geometry":{"type":"Point","coordinates":[4.7381041,51.4898443]}},{"type":"Feature","id":"node/5028130322","properties":{"highway":"street_lamp","light:lit":"dusk-dawn","light:method":"electric","light:tilt":"-90","light_source":"lantern","source":"AGIV Flanders Ortho","support":"pole","id":"node/5028130322"},"geometry":{"type":"Point","coordinates":[4.7379325,51.4895479]}},{"type":"Feature","id":"node/5028130323","properties":{"highway":"street_lamp","light:lit":"dusk-dawn","light:method":"electric","light:tilt":"-90","light_source":"lantern","source":"AGIV Flanders Ortho","support":"pole","id":"node/5028130323"},"geometry":{"type":"Point","coordinates":[4.7377662,51.4892527]}},{"type":"Feature","id":"node/5028130324","properties":{"highway":"street_lamp","light:lit":"dusk-dawn","light:method":"electric","light:tilt":"-90","light_source":"lantern","source":"AGIV Flanders Ortho","support":"pole","id":"node/5028130324"},"geometry":{"type":"Point","coordinates":[4.7376032,51.4889546]}},{"type":"Feature","id":"node/5028130325","properties":{"highway":"street_lamp","light:lit":"dusk-dawn","light:method":"electric","light:tilt":"-90","light_source":"lantern","source":"AGIV Flanders Ortho","support":"pole","id":"node/5028130325"},"geometry":{"type":"Point","coordinates":[4.7374356,51.4886619]}},{"type":"Feature","id":"node/5028130326","properties":{"highway":"street_lamp","light:lit":"dusk-dawn","light:method":"electric","light:tilt":"-90","light_source":"lantern","source":"AGIV Flanders Ortho","support":"pole","id":"node/5028130326"},"geometry":{"type":"Point","coordinates":[4.7372673,51.4883667]}},{"type":"Feature","id":"node/5028130327","properties":{"highway":"street_lamp","light:lit":"dusk-dawn","light:method":"electric","light:tilt":"-90","light_source":"lantern","source":"AGIV Flanders Ortho","support":"pole","id":"node/5028130327"},"geometry":{"type":"Point","coordinates":[4.7370976,51.4880703]}},{"type":"Feature","id":"node/5028130328","properties":{"highway":"street_lamp","light:lit":"dusk-dawn","light:method":"electric","light:tilt":"-90","light_source":"lantern","source":"AGIV Flanders Ortho","support":"pole","id":"node/5028130328"},"geometry":{"type":"Point","coordinates":[4.736932,51.4877721]}},{"type":"Feature","id":"node/5028130329","properties":{"highway":"street_lamp","light:count":"2","light:lit":"dusk-dawn","light:method":"electric","light:tilt":"-90","light_source":"lantern","source":"AGIV Flanders Ortho","support":"pole","id":"node/5028130329"},"geometry":{"type":"Point","coordinates":[4.7369139,51.4876473]}},{"type":"Feature","id":"node/5028130330","properties":{"highway":"street_lamp","light:lit":"dusk-dawn","light:method":"electric","light:tilt":"-90","light_source":"lantern","source":"AGIV Flanders Ortho","support":"pole","id":"node/5028130330"},"geometry":{"type":"Point","coordinates":[4.7367657,51.4874757]}},{"type":"Feature","id":"node/5028130331","properties":{"highway":"street_lamp","light:lit":"dusk-dawn","light:method":"electric","light:tilt":"-90","light_source":"lantern","source":"AGIV Flanders Ortho","support":"pole","id":"node/5028130331"},"geometry":{"type":"Point","coordinates":[4.7366007,51.4871801]}},{"type":"Feature","id":"node/5028130332","properties":{"highway":"street_lamp","light:lit":"dusk-dawn","light:method":"electric","light:tilt":"-90","light_source":"lantern","source":"AGIV Flanders Ortho","support":"pole","id":"node/5028130332"},"geometry":{"type":"Point","coordinates":[4.7364344,51.4868823]}},{"type":"Feature","id":"node/5028130333","properties":{"highway":"street_lamp","light:lit":"dusk-dawn","light:method":"electric","light:tilt":"-90","light_source":"lantern","source":"AGIV Flanders Ortho","support":"pole","id":"node/5028130333"},"geometry":{"type":"Point","coordinates":[4.7362708,51.4865884]}},{"type":"Feature","id":"node/5028130334","properties":{"highway":"street_lamp","light:lit":"dusk-dawn","light:method":"electric","light:tilt":"-90","light_source":"lantern","source":"AGIV Flanders Ortho","support":"pole","id":"node/5028130334"},"geometry":{"type":"Point","coordinates":[4.7361273,51.4863086]}},{"type":"Feature","id":"node/5028130397","properties":{"highway":"street_lamp","light:colour":"orange","light:lit":"dusk-dawn","light:method":"high_pressure_sodium","light:tilt":"-90","light_source":"lantern","source":"AGIV Flanders Ortho","support":"pole","id":"node/5028130397"},"geometry":{"type":"Point","coordinates":[4.7402794,51.4941559]}},{"type":"Feature","id":"node/5028130398","properties":{"highway":"street_lamp","light:colour":"orange","light:lit":"dusk-dawn","light:method":"high_pressure_sodium","light:tilt":"-90","light_source":"lantern","source":"AGIV Flanders Ortho","support":"pole","id":"node/5028130398"},"geometry":{"type":"Point","coordinates":[4.7405,51.4945429]}},{"type":"Feature","id":"node/5028130399","properties":{"highway":"street_lamp","light:colour":"orange","light:lit":"dusk-dawn","light:method":"high_pressure_sodium","light:tilt":"-90","light_source":"lantern","source":"AGIV Flanders Ortho","support":"pole","id":"node/5028130399"},"geometry":{"type":"Point","coordinates":[4.7407193,51.4949437]}},{"type":"Feature","id":"node/5028130400","properties":{"highway":"street_lamp","light:colour":"orange","light:lit":"dusk-dawn","light:method":"high_pressure_sodium","light:tilt":"-90","light_source":"lantern","source":"AGIV Flanders Ortho","support":"pole","id":"node/5028130400"},"geometry":{"type":"Point","coordinates":[4.7409325,51.4953482]}},{"type":"Feature","id":"node/5028130401","properties":{"highway":"street_lamp","light:colour":"orange","light:lit":"dusk-dawn","light:method":"high_pressure_sodium","light:tilt":"-90","light_source":"lantern","source":"AGIV Flanders Ortho","support":"pole","id":"node/5028130401"},"geometry":{"type":"Point","coordinates":[4.7411095,51.4957131]}},{"type":"Feature","id":"node/5028130402","properties":{"highway":"street_lamp","light:colour":"orange","light:lit":"dusk-dawn","light:method":"high_pressure_sodium","light:tilt":"-90","light_source":"lantern","source":"AGIV Flanders Ortho","support":"pole","id":"node/5028130402"},"geometry":{"type":"Point","coordinates":[4.7413053,51.4960278]}},{"type":"Feature","id":"node/5028130403","properties":{"highway":"street_lamp","light:colour":"orange","light:lit":"dusk-dawn","light:method":"high_pressure_sodium","light:tilt":"-90","light_source":"lantern","source":"AGIV Flanders Ortho","support":"pole","id":"node/5028130403"},"geometry":{"type":"Point","coordinates":[4.7415528,51.4963034]}},{"type":"Feature","id":"node/5028130404","properties":{"highway":"street_lamp","light:colour":"orange","light:lit":"dusk-dawn","light:method":"high_pressure_sodium","light:tilt":"-90","light_source":"lantern","source":"AGIV Flanders Ortho","support":"pole","id":"node/5028130404"},"geometry":{"type":"Point","coordinates":[4.7418659,51.4965559]}},{"type":"Feature","id":"node/5028130405","properties":{"highway":"street_lamp","light:colour":"orange","light:lit":"dusk-dawn","light:method":"high_pressure_sodium","light:tilt":"-90","light_source":"lantern","source":"AGIV Flanders Ortho","support":"pole","id":"node/5028130405"},"geometry":{"type":"Point","coordinates":[4.7420537,51.4966645]}},{"type":"Feature","id":"node/5028130406","properties":{"highway":"street_lamp","light:colour":"orange","light:count":"2","light:lit":"dusk-dawn","light:method":"high_pressure_sodium","light:tilt":"-90","light_source":"lantern","source":"AGIV Flanders Ortho","support":"pole","id":"node/5028130406"},"geometry":{"type":"Point","coordinates":[4.7422843,51.4971341]}},{"type":"Feature","id":"node/5028130407","properties":{"highway":"street_lamp","light:colour":"orange","light:lit":"dusk-dawn","light:method":"high_pressure_sodium","light:tilt":"-90","light_source":"lantern","source":"AGIV Flanders Ortho","support":"pole","id":"node/5028130407"},"geometry":{"type":"Point","coordinates":[4.7421683,51.4970665]}},{"type":"Feature","id":"node/5028130408","properties":{"highway":"street_lamp","light:colour":"orange","light:lit":"dusk-dawn","light:method":"high_pressure_sodium","light:tilt":"-90","light_source":"lantern","source":"AGIV Flanders Ortho","support":"pole","id":"node/5028130408"},"geometry":{"type":"Point","coordinates":[4.7422079,51.497041]}},{"type":"Feature","id":"node/5028130409","properties":{"highway":"street_lamp","light:colour":"orange","light:lit":"dusk-dawn","light:method":"high_pressure_sodium","light:tilt":"-90","light_source":"lantern","source":"AGIV Flanders Ortho","support":"pole","id":"node/5028130409"},"geometry":{"type":"Point","coordinates":[4.7422287,51.496897]}},{"type":"Feature","id":"node/5028130410","properties":{"highway":"street_lamp","light:colour":"orange","light:lit":"dusk-dawn","light:method":"high_pressure_sodium","light:tilt":"-90","light_source":"lantern","source":"AGIV Flanders Ortho","support":"pole","id":"node/5028130410"},"geometry":{"type":"Point","coordinates":[4.7425646,51.4970243]}},{"type":"Feature","id":"node/5028130411","properties":{"highway":"street_lamp","light:colour":"orange","light:lit":"dusk-dawn","light:method":"high_pressure_sodium","light:tilt":"-90","light_source":"lantern","source":"AGIV Flanders Ortho","support":"pole","id":"node/5028130411"},"geometry":{"type":"Point","coordinates":[4.7424037,51.496854]}},{"type":"Feature","id":"node/5028130412","properties":{"highway":"street_lamp","light:colour":"orange","light:lit":"dusk-dawn","light:method":"high_pressure_sodium","light:tilt":"-90","light_source":"lantern","source":"AGIV Flanders Ortho","support":"pole","id":"node/5028130412"},"geometry":{"type":"Point","coordinates":[4.7429998,51.4971437]}},{"type":"Feature","id":"node/5028130413","properties":{"highway":"street_lamp","light:colour":"orange","light:lit":"dusk-dawn","light:method":"high_pressure_sodium","light:tilt":"-90","light_source":"lantern","source":"AGIV Flanders Ortho","support":"pole","id":"node/5028130413"},"geometry":{"type":"Point","coordinates":[4.743954,51.4976964]}},{"type":"Feature","id":"node/5028130414","properties":{"highway":"street_lamp","light:colour":"orange","light:lit":"dusk-dawn","light:method":"high_pressure_sodium","light:tilt":"-90","light_source":"lantern","source":"AGIV Flanders Ortho","support":"pole","id":"node/5028130414"},"geometry":{"type":"Point","coordinates":[4.7443577,51.4980625]}},{"type":"Feature","id":"node/5028130415","properties":{"highway":"street_lamp","light:colour":"orange","light:lit":"dusk-dawn","light:method":"high_pressure_sodium","light:tilt":"-90","light_source":"lantern","source":"AGIV Flanders Ortho","support":"pole","id":"node/5028130415"},"geometry":{"type":"Point","coordinates":[4.7445092,51.4984653]}},{"type":"Feature","id":"node/5028130416","properties":{"highway":"street_lamp","light:colour":"orange","light:lit":"dusk-dawn","light:method":"high_pressure_sodium","light:tilt":"-90","light_source":"lantern","source":"AGIV Flanders Ortho","support":"pole","id":"node/5028130416"},"geometry":{"type":"Point","coordinates":[4.7446574,51.4988911]}},{"type":"Feature","id":"node/5028130417","properties":{"highway":"street_lamp","light:colour":"orange","light:lit":"dusk-dawn","light:method":"high_pressure_sodium","light:tilt":"-90","light_source":"lantern","source":"AGIV Flanders Ortho","support":"pole","id":"node/5028130417"},"geometry":{"type":"Point","coordinates":[4.7445454,51.4993211]}},{"type":"Feature","id":"node/5028130418","properties":{"highway":"street_lamp","light:colour":"orange","light:lit":"dusk-dawn","light:method":"high_pressure_sodium","light:tilt":"-90","light_source":"lantern","source":"AGIV Flanders Ortho","support":"pole","id":"node/5028130418"},"geometry":{"type":"Point","coordinates":[4.7445696,51.4995645]}},{"type":"Feature","id":"node/5028130419","properties":{"highway":"street_lamp","light:colour":"orange","light:lit":"dusk-dawn","light:method":"high_pressure_sodium","light:tilt":"-90","light_source":"lantern","source":"AGIV Flanders Ortho","support":"pole","id":"node/5028130419"},"geometry":{"type":"Point","coordinates":[4.7450685,51.4996534]}},{"type":"Feature","id":"node/5028130420","properties":{"highway":"street_lamp","light:colour":"orange","light:lit":"dusk-dawn","light:method":"high_pressure_sodium","light:tilt":"-90","light_source":"lantern","source":"AGIV Flanders Ortho","support":"pole","id":"node/5028130420"},"geometry":{"type":"Point","coordinates":[4.7447821,51.4995185]}},{"type":"Feature","id":"node/5028131921","properties":{"highway":"street_lamp","light:colour":"orange","light:lit":"dusk-dawn","light:method":"high_pressure_sodium","light:tilt":"-90","light_source":"lantern","source":"AGIV Flanders Ortho","support":"pole","id":"node/5028131921"},"geometry":{"type":"Point","coordinates":[4.7450202,51.4998496]}},{"type":"Feature","id":"node/5028131922","properties":{"highway":"street_lamp","light:colour":"orange","light:lit":"dusk-dawn","light:method":"high_pressure_sodium","light:tilt":"-90","light_source":"lantern","source":"AGIV Flanders Ortho","support":"pole","id":"node/5028131922"},"geometry":{"type":"Point","coordinates":[4.7442873,51.4997135]}},{"type":"Feature","id":"node/5028131923","properties":{"highway":"street_lamp","light:colour":"orange","light:lit":"dusk-dawn","light:method":"high_pressure_sodium","light:tilt":"-90","light_source":"lantern","source":"AGIV Flanders Ortho","support":"pole","id":"node/5028131923"},"geometry":{"type":"Point","coordinates":[4.7439272,51.5000771]}},{"type":"Feature","id":"node/5028131924","properties":{"highway":"street_lamp","light:count":"2","light:lit":"dusk-dawn","light:method":"electric","light:tilt":"-90","light_source":"lantern","source":"AGIV Flanders Ortho","support":"pole","id":"node/5028131924"},"geometry":{"type":"Point","coordinates":[4.742232,51.4977528]}},{"type":"Feature","id":"node/5028131925","properties":{"highway":"street_lamp","light:lit":"dusk-dawn","light:method":"electric","light:tilt":"-90","light_source":"lantern","source":"AGIV Flanders Ortho","support":"pole","id":"node/5028131925"},"geometry":{"type":"Point","coordinates":[4.7421583,51.4975415]}},{"type":"Feature","id":"node/5028131926","properties":{"highway":"street_lamp","light:lit":"dusk-dawn","light:method":"electric","light:tilt":"-90","light_source":"lantern","source":"AGIV Flanders Ortho","support":"pole","id":"node/5028131926"},"geometry":{"type":"Point","coordinates":[4.7422615,51.4979427]}},{"type":"Feature","id":"node/5028131927","properties":{"highway":"street_lamp","light:lit":"dusk-dawn","light:method":"electric","light:tilt":"-90","light_source":"lantern","source":"AGIV Flanders Ortho","support":"pole","id":"node/5028131927"},"geometry":{"type":"Point","coordinates":[4.742629,51.4978104]}},{"type":"Feature","id":"node/5028131928","properties":{"highway":"street_lamp","light:lit":"dusk-dawn","light:method":"electric","light:tilt":"-90","light_source":"lantern","source":"AGIV Flanders Ortho","support":"pole","id":"node/5028131928"},"geometry":{"type":"Point","coordinates":[4.7431366,51.4981255]}},{"type":"Feature","id":"node/5028131929","properties":{"highway":"street_lamp","light:lit":"dusk-dawn","light:method":"electric","light:tilt":"-90","light_source":"lantern","source":"AGIV Flanders Ortho","support":"pole","id":"node/5028131929"},"geometry":{"type":"Point","coordinates":[4.7427899,51.4981877]}},{"type":"Feature","id":"node/5028131930","properties":{"highway":"street_lamp","light:lit":"dusk-dawn","light:method":"electric","light:tilt":"-90","light_source":"lantern","source":"AGIV Flanders Ortho","support":"pole","id":"node/5028131930"},"geometry":{"type":"Point","coordinates":[4.7424902,51.4981205]}},{"type":"Feature","id":"node/5028131931","properties":{"highway":"street_lamp","light:lit":"dusk-dawn","light:method":"electric","light:tilt":"-90","light_source":"lantern","source":"AGIV Flanders Ortho","support":"pole","id":"node/5028131931"},"geometry":{"type":"Point","coordinates":[4.7427081,51.4987709]}},{"type":"Feature","id":"node/5028131932","properties":{"highway":"street_lamp","light:lit":"dusk-dawn","light:method":"electric","light:tilt":"-90","light_source":"lantern","source":"AGIV Flanders Ortho","support":"pole","id":"node/5028131932"},"geometry":{"type":"Point","coordinates":[4.7428852,51.4992497]}},{"type":"Feature","id":"node/5028131933","properties":{"highway":"street_lamp","light:lit":"dusk-dawn","light:method":"electric","light:tilt":"-90","light_source":"lantern","source":"AGIV Flanders Ortho","support":"pole","id":"node/5028131933"},"geometry":{"type":"Point","coordinates":[4.7430387,51.4997314]}},{"type":"Feature","id":"node/5028131934","properties":{"highway":"street_lamp","light:lit":"dusk-dawn","light:method":"electric","light:tilt":"-90","light_source":"lantern","source":"AGIV Flanders Ortho","support":"pole","id":"node/5028131934"},"geometry":{"type":"Point","coordinates":[4.7431768,51.5002077]}},{"type":"Feature","id":"node/5028131935","properties":{"highway":"street_lamp","light:colour":"orange","light:lit":"dusk-dawn","light:method":"high_pressure_sodium","light:tilt":"-90","light_source":"lantern","source":"AGIV Flanders Ortho","support":"pole","id":"node/5028131935"},"geometry":{"type":"Point","coordinates":[4.7433203,51.5006794]}},{"type":"Feature","id":"node/5028131936","properties":{"highway":"street_lamp","light:colour":"orange","light:lit":"dusk-dawn","light:method":"high_pressure_sodium","light:tilt":"-90","light_source":"lantern","source":"AGIV Flanders Ortho","support":"pole","id":"node/5028131936"},"geometry":{"type":"Point","coordinates":[4.7434182,51.5010538]}},{"type":"Feature","id":"node/5028131937","properties":{"highway":"street_lamp","light:colour":"orange","light:lit":"dusk-dawn","light:method":"high_pressure_sodium","light:tilt":"-90","light_source":"lantern","source":"AGIV Flanders Ortho","support":"pole","id":"node/5028131937"},"geometry":{"type":"Point","coordinates":[4.7435866,51.5013515]}},{"type":"Feature","id":"node/5028131938","properties":{"highway":"street_lamp","light:colour":"orange","light:lit":"dusk-dawn","light:method":"high_pressure_sodium","light:tilt":"-90","light_source":"lantern","source":"AGIV Flanders Ortho","support":"pole","id":"node/5028131938"},"geometry":{"type":"Point","coordinates":[4.7436328,51.5017029]}},{"type":"Feature","id":"node/5028131939","properties":{"highway":"street_lamp","light:colour":"orange","light:lit":"dusk-dawn","light:method":"high_pressure_sodium","light:tilt":"-90","light_source":"lantern","source":"AGIV Flanders Ortho","support":"pole","id":"node/5028131939"},"geometry":{"type":"Point","coordinates":[4.7436831,51.5020853]}},{"type":"Feature","id":"node/5028131981","properties":{"highway":"street_lamp","light:lit":"dusk-dawn","light:method":"electric","light:tilt":"-90","light_source":"lantern","source":"AGIV Flanders Ortho","support":"pole","id":"node/5028131981"},"geometry":{"type":"Point","coordinates":[4.7341841,51.4858965]}},{"type":"Feature","id":"node/5028131982","properties":{"highway":"street_lamp","light:lit":"dusk-dawn","light:method":"electric","light:tilt":"-90","light_source":"lantern","source":"AGIV Flanders Ortho","support":"pole","id":"node/5028131982"},"geometry":{"type":"Point","coordinates":[4.7343115,51.4861909]}},{"type":"Feature","id":"node/5028131983","properties":{"highway":"street_lamp","light:lit":"dusk-dawn","light:method":"electric","light:tilt":"-90","light_source":"lantern","source":"AGIV Flanders Ortho","support":"pole","id":"node/5028131983"},"geometry":{"type":"Point","coordinates":[4.7344208,51.4864869]}},{"type":"Feature","id":"node/5028131984","properties":{"highway":"street_lamp","light:lit":"dusk-dawn","light:method":"electric","light:tilt":"-90","light_source":"lantern","source":"AGIV Flanders Ortho","support":"pole","id":"node/5028131984"},"geometry":{"type":"Point","coordinates":[4.73452,51.4867851]}},{"type":"Feature","id":"node/5028131985","properties":{"highway":"street_lamp","light:lit":"dusk-dawn","light:method":"electric","light:tilt":"-90","light_source":"lantern","source":"AGIV Flanders Ortho","support":"pole","id":"node/5028131985"},"geometry":{"type":"Point","coordinates":[4.7346085,51.4870844]}},{"type":"Feature","id":"node/5028131986","properties":{"highway":"street_lamp","light:lit":"dusk-dawn","light:method":"electric","light:tilt":"-90","light_source":"lantern","source":"AGIV Flanders Ortho","support":"pole","id":"node/5028131986"},"geometry":{"type":"Point","coordinates":[4.734693,51.4873842]}},{"type":"Feature","id":"node/5028131987","properties":{"highway":"street_lamp","light:lit":"dusk-dawn","light:method":"electric","light:tilt":"-90","light_source":"lantern","source":"AGIV Flanders Ortho","support":"pole","id":"node/5028131987"},"geometry":{"type":"Point","coordinates":[4.7347748,51.4876986]}},{"type":"Feature","id":"node/5028131988","properties":{"highway":"street_lamp","light:lit":"dusk-dawn","light:method":"electric","light:tilt":"-90","light_source":"lantern","source":"AGIV Flanders Ortho","support":"pole","id":"node/5028131988"},"geometry":{"type":"Point","coordinates":[4.7348607,51.488006]}},{"type":"Feature","id":"node/5028131989","properties":{"highway":"street_lamp","light:lit":"dusk-dawn","light:method":"electric","light:tilt":"-90","light_source":"lantern","source":"AGIV Flanders Ortho","support":"pole","id":"node/5028131989"},"geometry":{"type":"Point","coordinates":[4.7349532,51.4883128]}},{"type":"Feature","id":"node/5028131990","properties":{"highway":"street_lamp","light:lit":"dusk-dawn","light:method":"electric","light:tilt":"-90","light_source":"lantern","source":"AGIV Flanders Ortho","support":"pole","id":"node/5028131990"},"geometry":{"type":"Point","coordinates":[4.7350457,51.4886189]}},{"type":"Feature","id":"node/5028131991","properties":{"highway":"street_lamp","light:lit":"dusk-dawn","light:method":"electric","light:tilt":"-90","light_source":"lantern","source":"AGIV Flanders Ortho","support":"pole","id":"node/5028131991"},"geometry":{"type":"Point","coordinates":[4.735147,51.4889208]}},{"type":"Feature","id":"node/5028131992","properties":{"highway":"street_lamp","light:lit":"dusk-dawn","light:method":"electric","light:tilt":"-90","light_source":"lantern","source":"AGIV Flanders Ortho","support":"pole","id":"node/5028131992"},"geometry":{"type":"Point","coordinates":[4.7352275,51.4892281]}},{"type":"Feature","id":"node/5028131993","properties":{"highway":"street_lamp","light:lit":"dusk-dawn","light:method":"electric","light:tilt":"-90","light_source":"lantern","source":"AGIV Flanders Ortho","support":"pole","id":"node/5028131993"},"geometry":{"type":"Point","coordinates":[4.7353247,51.4895312]}},{"type":"Feature","id":"node/5028131994","properties":{"highway":"street_lamp","light:lit":"dusk-dawn","light:method":"electric","light:tilt":"-90","light_source":"lantern","source":"AGIV Flanders Ortho","support":"pole","id":"node/5028131994"},"geometry":{"type":"Point","coordinates":[4.7354152,51.4898435]}},{"type":"Feature","id":"node/5028131995","properties":{"highway":"street_lamp","light:lit":"dusk-dawn","light:method":"electric","light:tilt":"-90","light_source":"lantern","source":"AGIV Flanders Ortho","support":"pole","id":"node/5028131995"},"geometry":{"type":"Point","coordinates":[4.7355071,51.490155]}},{"type":"Feature","id":"node/5028131996","properties":{"highway":"street_lamp","light:lit":"dusk-dawn","light:method":"electric","light:tilt":"-90","light_source":"lantern","source":"AGIV Flanders Ortho","support":"pole","id":"node/5028131996"},"geometry":{"type":"Point","coordinates":[4.7355862,51.4904639]}},{"type":"Feature","id":"node/5028131997","properties":{"highway":"street_lamp","light:lit":"dusk-dawn","light:method":"electric","light:tilt":"-90","light_source":"lantern","source":"AGIV Flanders Ortho","support":"pole","id":"node/5028131997"},"geometry":{"type":"Point","coordinates":[4.7356707,51.4907612]}},{"type":"Feature","id":"node/5028131998","properties":{"highway":"street_lamp","light:lit":"dusk-dawn","light:method":"electric","light:tilt":"-90","light_source":"lantern","source":"AGIV Flanders Ortho","support":"pole","id":"node/5028131998"},"geometry":{"type":"Point","coordinates":[4.735733,51.4910781]}},{"type":"Feature","id":"node/5028131999","properties":{"highway":"street_lamp","light:lit":"dusk-dawn","light:method":"electric","light:tilt":"-90","light_source":"lantern","source":"AGIV Flanders Ortho","support":"pole","id":"node/5028131999"},"geometry":{"type":"Point","coordinates":[4.7358001,51.4913883]}},{"type":"Feature","id":"node/5028132000","properties":{"highway":"street_lamp","light:lit":"dusk-dawn","light:method":"electric","light:tilt":"-90","light_source":"lantern","source":"AGIV Flanders Ortho","support":"pole","id":"node/5028132000"},"geometry":{"type":"Point","coordinates":[4.7358591,51.491676]}},{"type":"Feature","id":"node/5028132001","properties":{"highway":"street_lamp","light:lit":"dusk-dawn","light:method":"electric","light:tilt":"-90","light_source":"lantern","source":"AGIV Flanders Ortho","support":"pole","id":"node/5028132001"},"geometry":{"type":"Point","coordinates":[4.7359979,51.4919674]}},{"type":"Feature","id":"node/5028132002","properties":{"highway":"street_lamp","light:lit":"dusk-dawn","light:method":"electric","light:tilt":"-90","light_source":"lantern","source":"AGIV Flanders Ortho","support":"pole","id":"node/5028132002"},"geometry":{"type":"Point","coordinates":[4.736763,51.4922847]}},{"type":"Feature","id":"node/5028132003","properties":{"highway":"street_lamp","light:lit":"dusk-dawn","light:method":"electric","light:tilt":"-90","light_source":"lantern","source":"AGIV Flanders Ortho","support":"pole","id":"node/5028132003"},"geometry":{"type":"Point","coordinates":[4.7372438,51.49224]}},{"type":"Feature","id":"node/5028132004","properties":{"highway":"street_lamp","light:lit":"dusk-dawn","light:method":"electric","light:tilt":"-90","light_source":"lantern","source":"AGIV Flanders Ortho","support":"pole","id":"node/5028132004"},"geometry":{"type":"Point","coordinates":[4.7375925,51.492167]}},{"type":"Feature","id":"node/5028132005","properties":{"highway":"street_lamp","light:colour":"orange","light:lit":"dusk-dawn","light:method":"high_pressure_sodium","light:tilt":"-90","light_source":"lantern","source":"AGIV Flanders Ortho","support":"pole","id":"node/5028132005"},"geometry":{"type":"Point","coordinates":[4.7378741,51.4922321]}},{"type":"Feature","id":"node/5028132006","properties":{"highway":"street_lamp","light:colour":"orange","light:lit":"dusk-dawn","light:method":"high_pressure_sodium","light:tilt":"-90","light_source":"lantern","source":"AGIV Flanders Ortho","support":"pole","id":"node/5028132006"},"geometry":{"type":"Point","coordinates":[4.7380216,51.4925774]}},{"type":"Feature","id":"node/5028132007","properties":{"highway":"street_lamp","light:colour":"orange","light:lit":"dusk-dawn","light:method":"high_pressure_sodium","light:tilt":"-90","light_source":"lantern","source":"AGIV Flanders Ortho","support":"pole","id":"node/5028132007"},"geometry":{"type":"Point","coordinates":[4.7381953,51.4929272]}},{"type":"Feature","id":"node/5028132008","properties":{"highway":"street_lamp","light:colour":"orange","light:lit":"dusk-dawn","light:method":"high_pressure_sodium","light:tilt":"-90","light_source":"lantern","source":"AGIV Flanders Ortho","support":"pole","id":"node/5028132008"},"geometry":{"type":"Point","coordinates":[4.7383811,51.493275]}},{"type":"Feature","id":"node/5028132009","properties":{"highway":"street_lamp","light:colour":"orange","light:lit":"dusk-dawn","light:method":"high_pressure_sodium","light:tilt":"-90","light_source":"lantern","source":"AGIV Flanders Ortho","support":"pole","id":"node/5028132009"},"geometry":{"type":"Point","coordinates":[4.7385722,51.4936173]}},{"type":"Feature","id":"node/5028132010","properties":{"highway":"street_lamp","light:colour":"orange","light:lit":"dusk-dawn","light:method":"high_pressure_sodium","light:tilt":"-90","light_source":"lantern","source":"AGIV Flanders Ortho","support":"pole","id":"node/5028132010"},"geometry":{"type":"Point","coordinates":[4.7387579,51.4939659]}},{"type":"Feature","id":"node/5028132011","properties":{"highway":"street_lamp","light:colour":"orange","light:lit":"dusk-dawn","light:method":"high_pressure_sodium","light:tilt":"-90","light_source":"lantern","source":"AGIV Flanders Ortho","support":"pole","id":"node/5028132011"},"geometry":{"type":"Point","coordinates":[4.7389933,51.4943112]}},{"type":"Feature","id":"node/5028132012","properties":{"highway":"street_lamp","light:colour":"orange","light:lit":"dusk-dawn","light:method":"high_pressure_sodium","light:tilt":"-90","light_source":"lantern","source":"AGIV Flanders Ortho","support":"pole","id":"node/5028132012"},"geometry":{"type":"Point","coordinates":[4.7392803,51.494608]}},{"type":"Feature","id":"node/5028132013","properties":{"highway":"street_lamp","light:colour":"orange","light:lit":"dusk-dawn","light:method":"high_pressure_sodium","light:tilt":"-90","light_source":"lantern","source":"AGIV Flanders Ortho","support":"pole","id":"node/5028132013"},"geometry":{"type":"Point","coordinates":[4.7396249,51.4949286]}},{"type":"Feature","id":"node/5028132014","properties":{"highway":"street_lamp","light:colour":"orange","light:lit":"dusk-dawn","light:method":"high_pressure_sodium","light:tilt":"-90","light_source":"lantern","source":"AGIV Flanders Ortho","support":"pole","id":"node/5028132014"},"geometry":{"type":"Point","coordinates":[4.7399408,51.4952576]}},{"type":"Feature","id":"node/5028132015","properties":{"highway":"street_lamp","light:colour":"orange","light:lit":"dusk-dawn","light:method":"high_pressure_sodium","light:tilt":"-90","light_source":"lantern","source":"AGIV Flanders Ortho","support":"pole","id":"node/5028132015"},"geometry":{"type":"Point","coordinates":[4.7401486,51.495592]}},{"type":"Feature","id":"node/5028132016","properties":{"highway":"street_lamp","light:colour":"orange","light:lit":"dusk-dawn","light:method":"high_pressure_sodium","light:tilt":"-90","light_source":"lantern","source":"AGIV Flanders Ortho","support":"pole","id":"node/5028132016"},"geometry":{"type":"Point","coordinates":[4.7403411,51.4959331]}},{"type":"Feature","id":"node/5028132017","properties":{"highway":"street_lamp","light:colour":"orange","light:lit":"dusk-dawn","light:method":"high_pressure_sodium","light:tilt":"-90","light_source":"lantern","source":"AGIV Flanders Ortho","support":"pole","id":"node/5028132017"},"geometry":{"type":"Point","coordinates":[4.7406053,51.4962629]}},{"type":"Feature","id":"node/5028132018","properties":{"highway":"street_lamp","light:colour":"orange","light:lit":"dusk-dawn","light:method":"high_pressure_sodium","light:tilt":"-90","light_source":"lantern","source":"AGIV Flanders Ortho","support":"pole","id":"node/5028132018"},"geometry":{"type":"Point","coordinates":[4.7407984,51.4966089]}},{"type":"Feature","id":"node/5028132019","properties":{"highway":"street_lamp","light:colour":"orange","light:lit":"dusk-dawn","light:method":"high_pressure_sodium","light:tilt":"-90","light_source":"lantern","source":"AGIV Flanders Ortho","support":"pole","id":"node/5028132019"},"geometry":{"type":"Point","coordinates":[4.7409828,51.4969554]}},{"type":"Feature","id":"node/5028132020","properties":{"highway":"street_lamp","light:colour":"orange","light:lit":"dusk-dawn","light:method":"high_pressure_sodium","light:tilt":"-90","light_source":"lantern","source":"AGIV Flanders Ortho","support":"pole","id":"node/5028132020"},"geometry":{"type":"Point","coordinates":[4.7411571,51.4973036]}},{"type":"Feature","id":"node/5028132721","properties":{"highway":"street_lamp","light:colour":"orange","light:lit":"dusk-dawn","light:method":"high_pressure_sodium","light:tilt":"-90","light_source":"lantern","source":"AGIV Flanders Ortho","support":"pole","id":"node/5028132721"},"geometry":{"type":"Point","coordinates":[4.7413087,51.4976613]}},{"type":"Feature","id":"node/5028132722","properties":{"highway":"street_lamp","light:colour":"orange","light:lit":"dusk-dawn","light:method":"high_pressure_sodium","light:tilt":"-90","light_source":"lantern","source":"AGIV Flanders Ortho","support":"pole","id":"node/5028132722"},"geometry":{"type":"Point","coordinates":[4.7414522,51.4980141]}},{"type":"Feature","id":"node/5028132723","properties":{"highway":"street_lamp","light:colour":"orange","light:lit":"dusk-dawn","light:method":"high_pressure_sodium","light:tilt":"-90","light_source":"lantern","source":"AGIV Flanders Ortho","support":"pole","id":"node/5028132723"},"geometry":{"type":"Point","coordinates":[4.7415964,51.4983564]}},{"type":"Feature","id":"node/5028132724","properties":{"highway":"street_lamp","light:colour":"orange","light:lit":"dusk-dawn","light:method":"high_pressure_sodium","light:tilt":"-90","light_source":"lantern","source":"AGIV Flanders Ortho","support":"pole","id":"node/5028132724"},"geometry":{"type":"Point","coordinates":[4.7409761,51.49741]}},{"type":"Feature","id":"node/5028132725","properties":{"highway":"street_lamp","light:colour":"orange","light:lit":"dusk-dawn","light:method":"high_pressure_sodium","light:tilt":"-90","light_source":"lantern","source":"AGIV Flanders Ortho","support":"pole","id":"node/5028132725"},"geometry":{"type":"Point","coordinates":[4.7411243,51.4978851]}},{"type":"Feature","id":"node/5028132726","properties":{"highway":"street_lamp","light:colour":"orange","light:lit":"dusk-dawn","light:method":"high_pressure_sodium","light:tilt":"-90","light_source":"lantern","source":"AGIV Flanders Ortho","support":"pole","id":"node/5028132726"},"geometry":{"type":"Point","coordinates":[4.7419517,51.4994355]}},{"type":"Feature","id":"node/5028132727","properties":{"highway":"street_lamp","light:colour":"orange","light:lit":"dusk-dawn","light:method":"high_pressure_sodium","light:tilt":"-90","light_source":"lantern","source":"AGIV Flanders Ortho","support":"pole","id":"node/5028132727"},"geometry":{"type":"Point","coordinates":[4.742169,51.5000307]}},{"type":"Feature","id":"node/5028132728","properties":{"highway":"street_lamp","light:colour":"orange","light:lit":"dusk-dawn","light:method":"high_pressure_sodium","light:tilt":"-90","light_source":"lantern","source":"AGIV Flanders Ortho","support":"pole","id":"node/5028132728"},"geometry":{"type":"Point","coordinates":[4.7422367,51.5003901]}},{"type":"Feature","id":"node/5028132729","properties":{"highway":"street_lamp","light:colour":"orange","light:lit":"dusk-dawn","light:method":"high_pressure_sodium","light:tilt":"-90","light_source":"lantern","source":"AGIV Flanders Ortho","support":"pole","id":"node/5028132729"},"geometry":{"type":"Point","coordinates":[4.7355822,51.4870306]}},{"type":"Feature","id":"node/5028132730","properties":{"highway":"street_lamp","light:colour":"orange","light:lit":"dusk-dawn","light:method":"high_pressure_sodium","light:tilt":"-90","light_source":"lantern","source":"AGIV Flanders Ortho","support":"pole","id":"node/5028132730"},"geometry":{"type":"Point","coordinates":[4.7357807,51.4873792]}},{"type":"Feature","id":"node/5028132731","properties":{"highway":"street_lamp","light:colour":"orange","light:lit":"dusk-dawn","light:method":"high_pressure_sodium","light:tilt":"-90","light_source":"lantern","source":"AGIV Flanders Ortho","support":"pole","id":"node/5028132731"},"geometry":{"type":"Point","coordinates":[4.7359711,51.4877212]}},{"type":"Feature","id":"node/5028132732","properties":{"highway":"street_lamp","light:colour":"orange","light:lit":"dusk-dawn","light:method":"high_pressure_sodium","light:tilt":"-90","light_source":"lantern","source":"AGIV Flanders Ortho","support":"pole","id":"node/5028132732"},"geometry":{"type":"Point","coordinates":[4.7361689,51.4880711]}},{"type":"Feature","id":"node/5028132733","properties":{"highway":"street_lamp","light:colour":"orange","light:lit":"dusk-dawn","light:method":"high_pressure_sodium","light:tilt":"-90","light_source":"lantern","source":"AGIV Flanders Ortho","support":"pole","id":"node/5028132733"},"geometry":{"type":"Point","coordinates":[4.7363627,51.4884156]}},{"type":"Feature","id":"node/5028132734","properties":{"highway":"street_lamp","light:colour":"orange","light:lit":"dusk-dawn","light:method":"high_pressure_sodium","light:tilt":"-90","light_source":"lantern","source":"AGIV Flanders Ortho","support":"pole","id":"node/5028132734"},"geometry":{"type":"Point","coordinates":[4.7365585,51.4887642]}},{"type":"Feature","id":"node/5028132735","properties":{"highway":"street_lamp","light:colour":"orange","light:lit":"dusk-dawn","light:method":"high_pressure_sodium","light:tilt":"-90","light_source":"lantern","source":"AGIV Flanders Ortho","support":"pole","id":"node/5028132735"},"geometry":{"type":"Point","coordinates":[4.7367543,51.4891045]}},{"type":"Feature","id":"node/5028132736","properties":{"highway":"street_lamp","light:colour":"orange","light:lit":"dusk-dawn","light:method":"high_pressure_sodium","light:tilt":"-90","light_source":"lantern","source":"AGIV Flanders Ortho","support":"pole","id":"node/5028132736"},"geometry":{"type":"Point","coordinates":[4.7369327,51.4894514]}},{"type":"Feature","id":"node/5028132737","properties":{"highway":"street_lamp","light:colour":"orange","light:lit":"dusk-dawn","light:method":"high_pressure_sodium","light:tilt":"-90","light_source":"lantern","source":"AGIV Flanders Ortho","support":"pole","id":"node/5028132737"},"geometry":{"type":"Point","coordinates":[4.7370876,51.4898055]}},{"type":"Feature","id":"node/5028132738","properties":{"highway":"street_lamp","light:colour":"orange","light:lit":"dusk-dawn","light:method":"high_pressure_sodium","light:tilt":"-90","light_source":"lantern","source":"AGIV Flanders Ortho","support":"pole","id":"node/5028132738"},"geometry":{"type":"Point","coordinates":[4.7371821,51.4901633]}},{"type":"Feature","id":"node/5028132739","properties":{"highway":"street_lamp","light:colour":"orange","light:lit":"dusk-dawn","light:method":"high_pressure_sodium","light:tilt":"-90","light_source":"lantern","source":"AGIV Flanders Ortho","support":"pole","id":"node/5028132739"},"geometry":{"type":"Point","coordinates":[4.7371969,51.4905332]}},{"type":"Feature","id":"node/5028132740","properties":{"highway":"street_lamp","light:colour":"orange","light:lit":"dusk-dawn","light:method":"high_pressure_sodium","light:tilt":"-90","light_source":"lantern","source":"AGIV Flanders Ortho","support":"pole","id":"node/5028132740"},"geometry":{"type":"Point","coordinates":[4.7371593,51.4908898]}},{"type":"Feature","id":"node/5028132741","properties":{"highway":"street_lamp","light:colour":"orange","light:lit":"dusk-dawn","light:method":"high_pressure_sodium","light:tilt":"-90","light_source":"lantern","source":"AGIV Flanders Ortho","support":"pole","id":"node/5028132741"},"geometry":{"type":"Point","coordinates":[4.7371278,51.4912639]}},{"type":"Feature","id":"node/5028132742","properties":{"highway":"street_lamp","light:colour":"orange","light:lit":"dusk-dawn","light:method":"high_pressure_sodium","light:tilt":"-90","light_source":"lantern","source":"AGIV Flanders Ortho","support":"pole","id":"node/5028132742"},"geometry":{"type":"Point","coordinates":[4.7371506,51.4916288]}},{"type":"Feature","id":"node/5028132743","properties":{"highway":"street_lamp","light:colour":"orange","light:lit":"dusk-dawn","light:method":"high_pressure_sodium","light:tilt":"-90","light_source":"lantern","source":"AGIV Flanders Ortho","support":"pole","id":"node/5028132743"},"geometry":{"type":"Point","coordinates":[4.7372297,51.491992]}},{"type":"Feature","id":"node/5028132744","properties":{"highway":"street_lamp","light:colour":"orange","light:lit":"dusk-dawn","light:method":"high_pressure_sodium","light:tilt":"-90","light_source":"lantern","source":"AGIV Flanders Ortho","support":"pole","id":"node/5028132744"},"geometry":{"type":"Point","coordinates":[4.7373618,51.4923294]}},{"type":"Feature","id":"node/5028132745","properties":{"highway":"street_lamp","light:colour":"orange","light:lit":"dusk-dawn","light:method":"high_pressure_sodium","light:tilt":"-90","light_source":"lantern","source":"AGIV Flanders Ortho","support":"pole","id":"node/5028132745"},"geometry":{"type":"Point","coordinates":[4.7375288,51.492673]}},{"type":"Feature","id":"node/5028132746","properties":{"highway":"street_lamp","light:colour":"orange","light:lit":"dusk-dawn","light:method":"high_pressure_sodium","light:tilt":"-90","light_source":"lantern","source":"AGIV Flanders Ortho","support":"pole","id":"node/5028132746"},"geometry":{"type":"Point","coordinates":[4.7377273,51.4930203]}},{"type":"Feature","id":"node/5028132747","properties":{"highway":"street_lamp","light:colour":"orange","light:lit":"dusk-dawn","light:method":"high_pressure_sodium","light:tilt":"-90","light_source":"lantern","source":"AGIV Flanders Ortho","support":"pole","id":"node/5028132747"},"geometry":{"type":"Point","coordinates":[4.7379177,51.4933718]}},{"type":"Feature","id":"node/5028132748","properties":{"highway":"street_lamp","light:colour":"orange","light:lit":"dusk-dawn","light:method":"high_pressure_sodium","light:tilt":"-90","light_source":"lantern","source":"AGIV Flanders Ortho","support":"pole","id":"node/5028132748"},"geometry":{"type":"Point","coordinates":[4.7381122,51.4937188]}},{"type":"Feature","id":"node/5028132749","properties":{"highway":"street_lamp","light:colour":"orange","light:lit":"dusk-dawn","light:method":"high_pressure_sodium","light:tilt":"-90","light_source":"lantern","source":"AGIV Flanders Ortho","support":"pole","id":"node/5028132749"},"geometry":{"type":"Point","coordinates":[4.7383348,51.4940586]}},{"type":"Feature","id":"node/5028132750","properties":{"highway":"street_lamp","light:colour":"orange","light:lit":"dusk-dawn","light:method":"high_pressure_sodium","light:tilt":"-90","light_source":"lantern","source":"AGIV Flanders Ortho","support":"pole","id":"node/5028132750"},"geometry":{"type":"Point","coordinates":[4.738607,51.4943817]}},{"type":"Feature","id":"node/5028132751","properties":{"highway":"street_lamp","light:colour":"orange","light:lit":"dusk-dawn","light:method":"high_pressure_sodium","light:tilt":"-90","light_source":"lantern","source":"AGIV Flanders Ortho","support":"pole","id":"node/5028132751"},"geometry":{"type":"Point","coordinates":[4.7389282,51.4946911]}},{"type":"Feature","id":"node/5028132752","properties":{"highway":"street_lamp","light:colour":"orange","light:lit":"dusk-dawn","light:method":"high_pressure_sodium","light:tilt":"-90","light_source":"lantern","source":"AGIV Flanders Ortho","support":"pole","id":"node/5028132752"},"geometry":{"type":"Point","coordinates":[4.7392648,51.4949762]}},{"type":"Feature","id":"node/5028132753","properties":{"highway":"street_lamp","light:colour":"orange","light:lit":"dusk-dawn","light:method":"high_pressure_sodium","light:tilt":"-90","light_source":"lantern","source":"AGIV Flanders Ortho","support":"pole","id":"node/5028132753"},"geometry":{"type":"Point","coordinates":[4.7396035,51.4952877]}},{"type":"Feature","id":"node/5028132754","properties":{"highway":"street_lamp","light:colour":"orange","light:lit":"dusk-dawn","light:method":"high_pressure_sodium","light:tilt":"-90","light_source":"lantern","source":"AGIV Flanders Ortho","support":"pole","id":"node/5028132754"},"geometry":{"type":"Point","coordinates":[4.7398824,51.4956095]}},{"type":"Feature","id":"node/5028132755","properties":{"highway":"street_lamp","light:colour":"orange","light:lit":"dusk-dawn","light:method":"high_pressure_sodium","light:tilt":"-90","light_source":"lantern","source":"AGIV Flanders Ortho","support":"pole","id":"node/5028132755"},"geometry":{"type":"Point","coordinates":[4.740103,51.495946]}},{"type":"Feature","id":"node/5028132756","properties":{"highway":"street_lamp","light:colour":"orange","light:lit":"dusk-dawn","light:method":"high_pressure_sodium","light:tilt":"-90","light_source":"lantern","source":"AGIV Flanders Ortho","support":"pole","id":"node/5028132756"},"geometry":{"type":"Point","coordinates":[4.7403002,51.4962904]}},{"type":"Feature","id":"node/5028132757","properties":{"highway":"street_lamp","light:colour":"orange","light:lit":"dusk-dawn","light:method":"high_pressure_sodium","light:tilt":"-90","light_source":"lantern","source":"AGIV Flanders Ortho","support":"pole","id":"node/5028132757"},"geometry":{"type":"Point","coordinates":[4.740502,51.4966373]}},{"type":"Feature","id":"node/5028132758","properties":{"highway":"street_lamp","light:colour":"orange","light:lit":"dusk-dawn","light:method":"high_pressure_sodium","light:tilt":"-90","light_source":"lantern","source":"AGIV Flanders Ortho","support":"pole","id":"node/5028132758"},"geometry":{"type":"Point","coordinates":[4.7407287,51.4969759]}},{"type":"Feature","id":"node/5028132759","properties":{"highway":"street_lamp","light:colour":"orange","light:lit":"dusk-dawn","light:method":"high_pressure_sodium","light:tilt":"-90","light_source":"lantern","source":"AGIV Flanders Ortho","support":"pole","id":"node/5028132759"},"geometry":{"type":"Point","coordinates":[4.7407588,51.4973712]}},{"type":"Feature","id":"node/5028132760","properties":{"highway":"street_lamp","light:colour":"orange","light:lit":"dusk-dawn","light:method":"high_pressure_sodium","light:tilt":"-90","light_source":"lantern","source":"AGIV Flanders Ortho","support":"pole","id":"node/5028132760"},"geometry":{"type":"Point","coordinates":[4.740215,51.4975328]}},{"type":"Feature","id":"node/5028132761","properties":{"highway":"street_lamp","light:colour":"orange","light:lit":"dusk-dawn","light:method":"high_pressure_sodium","light:tilt":"-90","light_source":"lantern","source":"AGIV Flanders Ortho","support":"pole","id":"node/5028132761"},"geometry":{"type":"Point","coordinates":[4.7399797,51.4977528]}},{"type":"Feature","id":"node/5028132762","properties":{"highway":"street_lamp","light:colour":"orange","light:lit":"dusk-dawn","light:method":"high_pressure_sodium","light:tilt":"-90","light_source":"lantern","source":"AGIV Flanders Ortho","support":"pole","id":"node/5028132762"},"geometry":{"type":"Point","coordinates":[4.7397872,51.4981719]}},{"type":"Feature","id":"node/5028132763","properties":{"highway":"street_lamp","light:colour":"orange","light:lit":"dusk-dawn","light:method":"high_pressure_sodium","light:tilt":"-90","light_source":"lantern","source":"AGIV Flanders Ortho","support":"pole","id":"node/5028132763"},"geometry":{"type":"Point","coordinates":[4.7399488,51.4985818]}},{"type":"Feature","id":"node/5028132764","properties":{"highway":"street_lamp","light:colour":"orange","light:lit":"dusk-dawn","light:method":"high_pressure_sodium","light:tilt":"-90","light_source":"lantern","source":"AGIV Flanders Ortho","support":"pole","id":"node/5028132764"},"geometry":{"type":"Point","coordinates":[4.7401205,51.4990038]}},{"type":"Feature","id":"node/5028132765","properties":{"highway":"street_lamp","light:colour":"orange","light:lit":"dusk-dawn","light:method":"high_pressure_sodium","light:tilt":"-90","light_source":"lantern","source":"AGIV Flanders Ortho","support":"pole","id":"node/5028132765"},"geometry":{"type":"Point","coordinates":[4.7404169,51.4994058]}},{"type":"Feature","id":"node/5028132766","properties":{"highway":"street_lamp","light:colour":"orange","light:lit":"dusk-dawn","light:method":"high_pressure_sodium","light:tilt":"-90","light_source":"lantern","source":"AGIV Flanders Ortho","support":"pole","id":"node/5028132766"},"geometry":{"type":"Point","coordinates":[4.7407179,51.4997218]}},{"type":"Feature","id":"node/5028132767","properties":{"highway":"street_lamp","light:colour":"orange","light:lit":"dusk-dawn","light:method":"high_pressure_sodium","light:tilt":"-90","light_source":"lantern","source":"AGIV Flanders Ortho","support":"pole","id":"node/5028132767"},"geometry":{"type":"Point","coordinates":[4.7408487,51.5000295]}},{"type":"Feature","id":"node/5028132768","properties":{"highway":"street_lamp","light:colour":"orange","light:lit":"dusk-dawn","light:method":"high_pressure_sodium","light:tilt":"-90","light_source":"lantern","source":"AGIV Flanders Ortho","support":"pole","id":"node/5028132768"},"geometry":{"type":"Point","coordinates":[4.7412101,51.50033]}},{"type":"Feature","id":"node/5028132769","properties":{"highway":"street_lamp","light:colour":"orange","light:lit":"dusk-dawn","light:method":"high_pressure_sodium","light:tilt":"-90","light_source":"lantern","source":"AGIV Flanders Ortho","support":"pole","id":"node/5028132769"},"geometry":{"type":"Point","coordinates":[4.7420745,51.5008464]}},{"type":"Feature","id":"node/5028132770","properties":{"highway":"street_lamp","light:colour":"orange","light:lit":"dusk-dawn","light:method":"high_pressure_sodium","light:tilt":"-90","light_source":"lantern","source":"AGIV Flanders Ortho","support":"pole","id":"node/5028132770"},"geometry":{"type":"Point","coordinates":[4.7423266,51.5011736]}},{"type":"Feature","id":"node/5028132771","properties":{"highway":"street_lamp","light:colour":"orange","light:lit":"dusk-dawn","light:method":"high_pressure_sodium","light:tilt":"-90","light_source":"lantern","source":"AGIV Flanders Ortho","support":"pole","id":"node/5028132771"},"geometry":{"type":"Point","coordinates":[4.7424466,51.5015272]}},{"type":"Feature","id":"node/5028132772","properties":{"highway":"street_lamp","light:colour":"orange","light:lit":"dusk-dawn","light:method":"high_pressure_sodium","light:tilt":"-90","light_source":"lantern","source":"AGIV Flanders Ortho","support":"pole","id":"node/5028132772"},"geometry":{"type":"Point","coordinates":[4.7425143,51.5018924]}},{"type":"Feature","id":"node/5028132773","properties":{"highway":"street_lamp","light:colour":"orange","light:lit":"dusk-dawn","light:method":"high_pressure_sodium","light:tilt":"-90","light_source":"lantern","source":"AGIV Flanders Ortho","support":"pole","id":"node/5028132773"},"geometry":{"type":"Point","coordinates":[4.7426002,51.5022556]}},{"type":"Feature","id":"node/5028132774","properties":{"highway":"street_lamp","light:colour":"orange","light:lit":"dusk-dawn","light:method":"high_pressure_sodium","light:tilt":"-90","light_source":"lantern","source":"AGIV Flanders Ortho","support":"pole","id":"node/5028132774"},"geometry":{"type":"Point","coordinates":[4.7426867,51.502622]}},{"type":"Feature","id":"node/5028132775","properties":{"highway":"street_lamp","light:colour":"orange","light:lit":"dusk-dawn","light:method":"high_pressure_sodium","light:tilt":"-90","light_source":"lantern","source":"AGIV Flanders Ortho","support":"pole","id":"node/5028132775"},"geometry":{"type":"Point","coordinates":[4.7427725,51.5029819]}},{"type":"Feature","id":"node/5028132776","properties":{"highway":"street_lamp","light:colour":"orange","light:lit":"dusk-dawn","light:method":"high_pressure_sodium","light:tilt":"-90","light_source":"lantern","source":"AGIV Flanders Ortho","support":"pole","id":"node/5028132776"},"geometry":{"type":"Point","coordinates":[4.742859,51.5033442]}},{"type":"Feature","id":"node/5028132777","properties":{"highway":"street_lamp","light:colour":"orange","light:lit":"dusk-dawn","light:method":"high_pressure_sodium","light:tilt":"-90","light_source":"lantern","source":"AGIV Flanders Ortho","support":"pole","id":"node/5028132777"},"geometry":{"type":"Point","coordinates":[4.7429529,51.5037073]}},{"type":"Feature","id":"node/5028132778","properties":{"highway":"street_lamp","light:colour":"orange","light:lit":"dusk-dawn","light:method":"high_pressure_sodium","light:tilt":"-90","light_source":"lantern","source":"AGIV Flanders Ortho","support":"pole","id":"node/5028132778"},"geometry":{"type":"Point","coordinates":[4.7430602,51.5040642]}},{"type":"Feature","id":"node/5028132779","properties":{"highway":"street_lamp","light:colour":"orange","light:lit":"dusk-dawn","light:method":"high_pressure_sodium","light:tilt":"-90","light_source":"lantern","source":"AGIV Flanders Ortho","support":"pole","id":"node/5028132779"},"geometry":{"type":"Point","coordinates":[4.7431775,51.5044227]}},{"type":"Feature","id":"node/5028132780","properties":{"highway":"street_lamp","light:colour":"orange","light:lit":"dusk-dawn","light:method":"high_pressure_sodium","light:tilt":"-90","light_source":"lantern","source":"AGIV Flanders Ortho","support":"pole","id":"node/5028132780"},"geometry":{"type":"Point","coordinates":[4.7432895,51.5047812]}},{"type":"Feature","id":"node/5028132781","properties":{"highway":"street_lamp","light:colour":"orange","light:lit":"dusk-dawn","light:method":"high_pressure_sodium","light:tilt":"-90","light_source":"lantern","source":"AGIV Flanders Ortho","support":"pole","id":"node/5028132781"},"geometry":{"type":"Point","coordinates":[4.7433934,51.5051385]}},{"type":"Feature","id":"node/5028132782","properties":{"highway":"street_lamp","light:colour":"orange","light:lit":"dusk-dawn","light:method":"high_pressure_sodium","light:tilt":"-90","light_source":"lantern","source":"AGIV Flanders Ortho","support":"pole","id":"node/5028132782"},"geometry":{"type":"Point","coordinates":[4.7434598,51.5055012]}},{"type":"Feature","id":"node/5028132783","properties":{"highway":"street_lamp","light:colour":"orange","light:lit":"dusk-dawn","light:method":"high_pressure_sodium","light:tilt":"-90","light_source":"lantern","source":"AGIV Flanders Ortho","support":"pole","id":"node/5028132783"},"geometry":{"type":"Point","coordinates":[4.7435155,51.5058606]}},{"type":"Feature","id":"node/5028132784","properties":{"highway":"street_lamp","light:colour":"orange","light:lit":"dusk-dawn","light:method":"high_pressure_sodium","light:tilt":"-90","light_source":"lantern","source":"AGIV Flanders Ortho","support":"pole","id":"node/5028132784"},"geometry":{"type":"Point","coordinates":[4.7435798,51.5062333]}},{"type":"Feature","id":"node/5556877488","properties":{"direction":"165","highway":"street_lamp","lamp_type":"electric","id":"node/5556877488"},"geometry":{"type":"Point","coordinates":[4.7737866,51.5815566]}},{"type":"Feature","id":"node/5556877489","properties":{"direction":"165","highway":"street_lamp","lamp_type":"electric","id":"node/5556877489"},"geometry":{"type":"Point","coordinates":[4.7734922,51.5815009]}},{"type":"Feature","id":"node/5685613777","properties":{"highway":"street_lamp","lamp_type":"electric","id":"node/5685613777"},"geometry":{"type":"Point","coordinates":[4.7781959,51.5897005]}},{"type":"Feature","id":"node/5685613784","properties":{"highway":"street_lamp","lamp_type":"electric","id":"node/5685613784"},"geometry":{"type":"Point","coordinates":[4.7780914,51.5896999]}},{"type":"Feature","id":"node/5717515813","properties":{"highway":"street_lamp","lamp_type":"electric","id":"node/5717515813"},"geometry":{"type":"Point","coordinates":[4.7954328,51.5428462]}},{"type":"Feature","id":"node/5717515820","properties":{"highway":"street_lamp","lamp_type":"electric","ref":"36","id":"node/5717515820"},"geometry":{"type":"Point","coordinates":[4.7951163,51.5427018]}},{"type":"Feature","id":"node/5760830955","properties":{"highway":"street_lamp","id":"node/5760830955"},"geometry":{"type":"Point","coordinates":[4.7789186,51.5892129]}},{"type":"Feature","id":"node/5760830968","properties":{"highway":"street_lamp","id":"node/5760830968"},"geometry":{"type":"Point","coordinates":[4.7787765,51.5893745]}},{"type":"Feature","id":"node/5760830973","properties":{"highway":"street_lamp","id":"node/5760830973"},"geometry":{"type":"Point","coordinates":[4.7784083,51.5893312]}},{"type":"Feature","id":"node/5760831003","properties":{"highway":"street_lamp","id":"node/5760831003"},"geometry":{"type":"Point","coordinates":[4.7781535,51.5894041]}},{"type":"Feature","id":"node/5760831007","properties":{"highway":"street_lamp","id":"node/5760831007"},"geometry":{"type":"Point","coordinates":[4.7779098,51.589391]}},{"type":"Feature","id":"node/5760831151","properties":{"highway":"street_lamp","id":"node/5760831151"},"geometry":{"type":"Point","coordinates":[4.7781358,51.5890494]}},{"type":"Feature","id":"node/5760831153","properties":{"highway":"street_lamp","id":"node/5760831153"},"geometry":{"type":"Point","coordinates":[4.7784372,51.5891181]}},{"type":"Feature","id":"node/5896702208","properties":{"highway":"street_lamp","lamp_type":"electric","id":"node/5896702208"},"geometry":{"type":"Point","coordinates":[4.7759423,51.5905562]}},{"type":"Feature","id":"node/5896702209","properties":{"highway":"street_lamp","lamp_type":"electric","id":"node/5896702209"},"geometry":{"type":"Point","coordinates":[4.7759523,51.5904543]}},{"type":"Feature","id":"node/5896702215","properties":{"highway":"street_lamp","lamp_type":"electric","id":"node/5896702215"},"geometry":{"type":"Point","coordinates":[4.7763797,51.5903261]}},{"type":"Feature","id":"node/5896702216","properties":{"highway":"street_lamp","lamp_type":"electric","id":"node/5896702216"},"geometry":{"type":"Point","coordinates":[4.7768174,51.5903505]}},{"type":"Feature","id":"node/5896702217","properties":{"highway":"street_lamp","lamp_type":"electric","id":"node/5896702217"},"geometry":{"type":"Point","coordinates":[4.7768179,51.5906303]}},{"type":"Feature","id":"node/5896702218","properties":{"highway":"street_lamp","lamp_type":"electric","id":"node/5896702218"},"geometry":{"type":"Point","coordinates":[4.776326,51.5906088]}},{"type":"Feature","id":"node/5917156728","properties":{"highway":"street_lamp","lamp_type":"electric","id":"node/5917156728"},"geometry":{"type":"Point","coordinates":[4.7751294,51.5887984]}},{"type":"Feature","id":"node/6198298570","properties":{"highway":"street_lamp","image":"https://photos.app.goo.gl/cYtcjMRds55oHNMeA","id":"node/6198298570"},"geometry":{"type":"Point","coordinates":[4.7950534,51.5565224]}},{"type":"Feature","id":"node/6198298571","properties":{"highway":"street_lamp","id":"node/6198298571"},"geometry":{"type":"Point","coordinates":[4.7954979,51.5567392]}},{"type":"Feature","id":"node/6198298572","properties":{"highway":"street_lamp","id":"node/6198298572"},"geometry":{"type":"Point","coordinates":[4.7956014,51.5570177]}},{"type":"Feature","id":"node/6198298573","properties":{"highway":"street_lamp","id":"node/6198298573"},"geometry":{"type":"Point","coordinates":[4.7959304,51.5567042]}},{"type":"Feature","id":"node/6198298574","properties":{"highway":"street_lamp","id":"node/6198298574"},"geometry":{"type":"Point","coordinates":[4.7953218,51.5572463]}},{"type":"Feature","id":"node/6198298576","properties":{"highway":"street_lamp","id":"node/6198298576"},"geometry":{"type":"Point","coordinates":[4.7956893,51.5558162]}},{"type":"Feature","id":"node/6198298577","properties":{"highway":"street_lamp","id":"node/6198298577"},"geometry":{"type":"Point","coordinates":[4.7953563,51.556083]}},{"type":"Feature","id":"node/6198298578","properties":{"highway":"street_lamp","id":"node/6198298578"},"geometry":{"type":"Point","coordinates":[4.795035,51.5563566]}},{"type":"Feature","id":"node/9627037867","properties":{"highway":"street_lamp","lamp_mount":"mast","lamp_type":"led","id":"node/9627037867"},"geometry":{"type":"Point","coordinates":[4.7759111,51.5887923]}},{"type":"Feature","id":"node/9627037868","properties":{"highway":"street_lamp","lamp_mount":"mast","lamp_type":"led","id":"node/9627037868"},"geometry":{"type":"Point","coordinates":[4.7761475,51.5883152]}},{"type":"Feature","id":"node/9627037869","properties":{"highway":"street_lamp","lamp_mount":"mast","lamp_type":"led","id":"node/9627037869"},"geometry":{"type":"Point","coordinates":[4.7759885,51.588636]}},{"type":"Feature","id":"node/9627037870","properties":{"highway":"street_lamp","lamp_mount":"mast","lamp_type":"led","id":"node/9627037870"},"geometry":{"type":"Point","coordinates":[4.776068,51.5884756]}},{"type":"Feature","id":"node/9627095164","properties":{"highway":"street_lamp","lamp_mount":"mast","lamp_type":"led","id":"node/9627095164"},"geometry":{"type":"Point","coordinates":[4.776222,51.5881545]}},{"type":"Feature","id":"node/10007361699","properties":{"highway":"street_lamp","lamp_mount":"pole","lamp_type":"electric","support":"pole","id":"node/10007361699"},"geometry":{"type":"Point","coordinates":[4.7854652,51.5917353]}},{"type":"Feature","id":"node/10689653371","properties":{"highway":"street_lamp","lamp_type":"electric","support":"pole","id":"node/10689653371"},"geometry":{"type":"Point","coordinates":[4.7795148,51.5945634]}},{"type":"Feature","id":"node/10689653372","properties":{"highway":"street_lamp","lamp_type":"electric","support":"pole","id":"node/10689653372"},"geometry":{"type":"Point","coordinates":[4.779713,51.5931309]}},{"type":"Feature","id":"node/10689653373","properties":{"highway":"street_lamp","lamp_type":"electric","support":"pole","id":"node/10689653373"},"geometry":{"type":"Point","coordinates":[4.7796737,51.5934151]}},{"type":"Feature","id":"node/10689653374","properties":{"highway":"street_lamp","lamp_type":"electric","support":"pole","id":"node/10689653374"},"geometry":{"type":"Point","coordinates":[4.779634,51.593702]}},{"type":"Feature","id":"node/10689653375","properties":{"highway":"street_lamp","lamp_type":"electric","support":"pole","id":"node/10689653375"},"geometry":{"type":"Point","coordinates":[4.7795945,51.5939875]}},{"type":"Feature","id":"node/10689653376","properties":{"highway":"street_lamp","lamp_type":"electric","support":"pole","id":"node/10689653376"},"geometry":{"type":"Point","coordinates":[4.7795547,51.5942754]}},{"type":"Feature","id":"node/10689653377","properties":{"highway":"street_lamp","lamp_type":"electric","support":"pole","id":"node/10689653377"},"geometry":{"type":"Point","coordinates":[4.7795347,51.5944194]}},{"type":"Feature","id":"node/10689653378","properties":{"highway":"street_lamp","lamp_type":"electric","support":"pole","id":"node/10689653378"},"geometry":{"type":"Point","coordinates":[4.7796143,51.5938447]}},{"type":"Feature","id":"node/10689653379","properties":{"highway":"street_lamp","lamp_type":"electric","support":"pole","id":"node/10689653379"},"geometry":{"type":"Point","coordinates":[4.7796539,51.5935586]}},{"type":"Feature","id":"node/10689653380","properties":{"highway":"street_lamp","lamp_type":"electric","support":"pole","id":"node/10689653380"},"geometry":{"type":"Point","coordinates":[4.7796934,51.593273]}},{"type":"Feature","id":"node/10689653381","properties":{"highway":"street_lamp","lamp_type":"electric","support":"pole","id":"node/10689653381"},"geometry":{"type":"Point","coordinates":[4.7795746,51.5941314]}},{"type":"Feature","id":"node/10689653382","properties":{"highway":"street_lamp","lamp_type":"electric","support":"pole","id":"node/10689653382"},"geometry":{"type":"Point","coordinates":[4.7794049,51.5945564]}},{"type":"Feature","id":"node/10689653383","properties":{"highway":"street_lamp","lamp_type":"electric","support":"pole","id":"node/10689653383"},"geometry":{"type":"Point","coordinates":[4.7794248,51.5944124]}},{"type":"Feature","id":"node/10689653384","properties":{"highway":"street_lamp","lamp_type":"electric","support":"pole","id":"node/10689653384"},"geometry":{"type":"Point","coordinates":[4.7794447,51.5942684]}},{"type":"Feature","id":"node/10689653385","properties":{"highway":"street_lamp","lamp_type":"electric","support":"pole","id":"node/10689653385"},"geometry":{"type":"Point","coordinates":[4.7794646,51.5941244]}},{"type":"Feature","id":"node/10689653386","properties":{"highway":"street_lamp","lamp_type":"electric","support":"pole","id":"node/10689653386"},"geometry":{"type":"Point","coordinates":[4.7794845,51.5939804]}},{"type":"Feature","id":"node/10689653387","properties":{"highway":"street_lamp","lamp_type":"electric","support":"pole","id":"node/10689653387"},"geometry":{"type":"Point","coordinates":[4.7795043,51.5938377]}},{"type":"Feature","id":"node/10689653388","properties":{"highway":"street_lamp","lamp_type":"electric","support":"pole","id":"node/10689653388"},"geometry":{"type":"Point","coordinates":[4.779524,51.593695]}},{"type":"Feature","id":"node/10689653389","properties":{"highway":"street_lamp","lamp_type":"electric","support":"pole","id":"node/10689653389"},"geometry":{"type":"Point","coordinates":[4.7795439,51.5935515]}},{"type":"Feature","id":"node/10689653390","properties":{"highway":"street_lamp","lamp_type":"electric","support":"pole","id":"node/10689653390"},"geometry":{"type":"Point","coordinates":[4.7795637,51.593408]}},{"type":"Feature","id":"node/10689653391","properties":{"highway":"street_lamp","lamp_type":"electric","support":"pole","id":"node/10689653391"},"geometry":{"type":"Point","coordinates":[4.7795834,51.5932659]}},{"type":"Feature","id":"node/10689653392","properties":{"highway":"street_lamp","lamp_type":"electric","support":"pole","id":"node/10689653392"},"geometry":{"type":"Point","coordinates":[4.7796031,51.5931238]}},{"type":"Feature","id":"node/10712013341","properties":{"highway":"street_lamp","lamp_mount":"straight_mast","lamp_type":"electric","support":"pole","id":"node/10712013341"},"geometry":{"type":"Point","coordinates":[4.7633656,51.5858601]}},{"type":"Feature","id":"node/10712013342","properties":{"highway":"street_lamp","lamp_mount":"straight_mast","lamp_type":"electric","support":"pole","id":"node/10712013342"},"geometry":{"type":"Point","coordinates":[4.7633999,51.585784]}},{"type":"Feature","id":"node/10712013343","properties":{"highway":"street_lamp","lamp_mount":"straight_mast","lamp_type":"electric","support":"pole","id":"node/10712013343"},"geometry":{"type":"Point","coordinates":[4.7635474,51.5858506]}},{"type":"Feature","id":"node/10712013344","properties":{"highway":"street_lamp","lamp_mount":"straight_mast","lamp_type":"electric","support":"pole","id":"node/10712013344"},"geometry":{"type":"Point","coordinates":[4.7635128,51.5859262]}},{"type":"Feature","id":"node/10712013345","properties":{"highway":"street_lamp","lamp_mount":"straight_mast","lamp_type":"electric","support":"pole","id":"node/10712013345"},"geometry":{"type":"Point","coordinates":[4.7631604,51.5857187]}},{"type":"Feature","id":"node/10735557655","properties":{"highway":"street_lamp","lamp_mount":"pole","lamp_type":"electric","support":"pole","id":"node/10735557655"},"geometry":{"type":"Point","coordinates":[4.7501541,51.5726706]}},{"type":"Feature","id":"node/10735557656","properties":{"highway":"street_lamp","lamp_mount":"pole","lamp_type":"electric","support":"pole","id":"node/10735557656"},"geometry":{"type":"Point","coordinates":[4.7503775,51.5727335]}},{"type":"Feature","id":"node/10735557657","properties":{"highway":"street_lamp","lamp_mount":"pole","lamp_type":"electric","support":"pole","id":"node/10735557657"},"geometry":{"type":"Point","coordinates":[4.750613,51.5727999]}},{"type":"Feature","id":"node/10735557658","properties":{"highway":"street_lamp","lamp_mount":"pole","lamp_type":"electric","support":"pole","id":"node/10735557658"},"geometry":{"type":"Point","coordinates":[4.7505127,51.5729442]}},{"type":"Feature","id":"node/10735557659","properties":{"highway":"street_lamp","lamp_mount":"pole","lamp_type":"electric","support":"pole","id":"node/10735557659"},"geometry":{"type":"Point","coordinates":[4.7502774,51.5728778]}},{"type":"Feature","id":"node/10735557660","properties":{"highway":"street_lamp","lamp_mount":"pole","lamp_type":"electric","support":"pole","id":"node/10735557660"},"geometry":{"type":"Point","coordinates":[4.7500464,51.5728127]}},{"type":"Feature","id":"node/10735557661","properties":{"highway":"street_lamp","lamp_mount":"pole","lamp_type":"electric","support":"pole","id":"node/10735557661"},"geometry":{"type":"Point","coordinates":[4.7499568,51.5727091]}},{"type":"Feature","id":"node/10735601936","properties":{"highway":"street_lamp","lamp_mount":"pole","lamp_type":"electric","support":"pole","id":"node/10735601936"},"geometry":{"type":"Point","coordinates":[4.7503537,51.5726103]}},{"type":"Feature","id":"node/10735601937","properties":{"highway":"street_lamp","lamp_mount":"pole","lamp_type":"electric","support":"pole","id":"node/10735601937"},"geometry":{"type":"Point","coordinates":[4.7505796,51.5726739]}},{"type":"Feature","id":"node/10735601938","properties":{"highway":"street_lamp","lamp_mount":"pole","lamp_type":"electric","support":"pole","id":"node/10735601938"},"geometry":{"type":"Point","coordinates":[4.7501717,51.5730447]}},{"type":"Feature","id":"node/10735601939","properties":{"highway":"street_lamp","lamp_mount":"pole","lamp_type":"electric","support":"pole","id":"node/10735601939"},"geometry":{"type":"Point","coordinates":[4.7503987,51.5731084]}},{"type":"Feature","id":"node/10735601940","properties":{"highway":"street_lamp","lamp_mount":"pole","lamp_type":"electric","support":"pole","id":"node/10735601940"},"geometry":{"type":"Point","coordinates":[4.7499442,51.5729808]}},{"type":"Feature","id":"node/10735601941","properties":{"highway":"street_lamp","lamp_mount":"pole","lamp_type":"electric","support":"pole","id":"node/10735601941"},"geometry":{"type":"Point","coordinates":[4.7498566,51.5728526]}},{"type":"Feature","id":"node/10969401574","properties":{"highway":"street_lamp","id":"node/10969401574"},"geometry":{"type":"Point","coordinates":[4.8415476,51.5959682]}},{"type":"Feature","id":"node/10969401575","properties":{"highway":"street_lamp","id":"node/10969401575"},"geometry":{"type":"Point","coordinates":[4.8411107,51.5960337]}},{"type":"Feature","id":"node/10969401576","properties":{"highway":"street_lamp","id":"node/10969401576"},"geometry":{"type":"Point","coordinates":[4.8406692,51.596095]}},{"type":"Feature","id":"node/10969401577","properties":{"highway":"street_lamp","id":"node/10969401577"},"geometry":{"type":"Point","coordinates":[4.8402224,51.5961633]}},{"type":"Feature","id":"node/10969401578","properties":{"highway":"street_lamp","id":"node/10969401578"},"geometry":{"type":"Point","coordinates":[4.8397846,51.5962269]}},{"type":"Feature","id":"node/11955513867","properties":{"highway":"street_lamp","id":"node/11955513867"},"geometry":{"type":"Point","coordinates":[4.7402258,51.498098]}},{"type":"Feature","id":"node/12208729371","properties":{"height":"5","highway":"street_lamp","lamp_mount":"straight_mast","lamp_type":"led","light:colour":"white","light:lit":"dusk-dawn","light:shape":"spherical","light:tilt":"-90","ref":"3A","support":"pole","id":"node/12208729371"},"geometry":{"type":"Point","coordinates":[4.808428,51.5941761]}},{"type":"Feature","id":"node/12367758312","properties":{"height":"5","highway":"street_lamp","lamp_mount":"straight_mast","lamp_type":"led","light:lit":"dusk-dawn","light:shape":"spherical","light:tilt":"-90","ref":"45","support":"pole","id":"node/12367758312"},"geometry":{"type":"Point","coordinates":[4.8086828,51.5933719]}},{"type":"Feature","id":"node/12367758313","properties":{"height":"5","highway":"street_lamp","lamp_mount":"straight_mast","lamp_type":"led","light:lit":"dusk-dawn","light:shape":"spherical","light:tilt":"-90","support":"pole","id":"node/12367758313"},"geometry":{"type":"Point","coordinates":[4.8089135,51.5933688]}},{"type":"Feature","id":"node/12367758314","properties":{"height":"5","highway":"street_lamp","lamp_mount":"straight_mast","lamp_type":"led","light:lit":"dusk-dawn","light:shape":"spherical","light:tilt":"-90","ref":"39","support":"pole","id":"node/12367758314"},"geometry":{"type":"Point","coordinates":[4.8084931,51.5932601]}},{"type":"Feature","id":"node/12367758315","properties":{"highway":"street_lamp","lamp_mount":"bent_mast","lamp_type":"led","ref":"44","support":"pole","id":"node/12367758315"},"geometry":{"type":"Point","coordinates":[4.8089243,51.5934483]}},{"type":"Feature","id":"node/12367758316","properties":{"highway":"street_lamp","lamp_mount":"bent_mast","lamp_type":"electric","ref":"42","support":"pole","id":"node/12367758316"},"geometry":{"type":"Point","coordinates":[4.8091747,51.593299]}},{"type":"Feature","id":"node/12388223676","properties":{"height":"5","highway":"street_lamp","lamp_mount":"straight_mast","lamp_type":"led","light:lit":"dusk-dawn","light:shape":"spherical","light:tilt":"-90","ref":"1","support":"pole","id":"node/12388223676"},"geometry":{"type":"Point","coordinates":[4.8081607,51.5936185]}},{"type":"Feature","id":"node/12388223677","properties":{"height":"5","highway":"street_lamp","lamp_mount":"straight_mast","lamp_type":"led","light:lit":"dusk-dawn","light:shape":"spherical","light:tilt":"-90","ref":"1A","support":"pole","id":"node/12388223677"},"geometry":{"type":"Point","coordinates":[4.8083508,51.5937678]}},{"type":"Feature","id":"node/12388223678","properties":{"height":"5","highway":"street_lamp","lamp_mount":"straight_mast","lamp_type":"led","light:lit":"dusk-dawn","light:shape":"spherical","light:tilt":"-90","ref":"2","support":"pole","id":"node/12388223678"},"geometry":{"type":"Point","coordinates":[4.8081716,51.5939812]}},{"type":"Feature","id":"node/12388223679","properties":{"height":"5","highway":"street_lamp","lamp_mount":"straight_mast","lamp_type":"led","light:lit":"dusk-dawn","light:shape":"spherical","light:tilt":"-90","ref":"2A","support":"pole","id":"node/12388223679"},"geometry":{"type":"Point","coordinates":[4.8083676,51.5940784]}},{"type":"Feature","id":"node/12388223680","properties":{"height":"5","highway":"street_lamp","lamp_mount":"straight_mast","lamp_type":"led","light:lit":"dusk-dawn","light:shape":"spherical","light:tilt":"-90","note":"2024-12-01: bij recente vervanging verplaatst t.o.v. PDOK","ref":"3","support":"pole","id":"node/12388223680"},"geometry":{"type":"Point","coordinates":[4.8081841,51.5943432]}},{"type":"Feature","id":"node/12388223681","properties":{"height":"5","highway":"street_lamp","lamp_mount":"straight_mast","lamp_type":"led","light:lit":"dusk-dawn","light:shape":"spherical","light:tilt":"-90","ref":"7","support":"pole","id":"node/12388223681"},"geometry":{"type":"Point","coordinates":[4.8082697,51.5945618]}},{"type":"Feature","id":"node/12388223682","properties":{"height":"5","highway":"street_lamp","lamp_mount":"straight_mast","lamp_type":"led","light:lit":"dusk-dawn","light:shape":"spherical","light:tilt":"-90","support":"pole","id":"node/12388223682"},"geometry":{"type":"Point","coordinates":[4.8086107,51.5945234]}},{"type":"Feature","id":"node/12388223683","properties":{"height":"5","highway":"street_lamp","lamp_mount":"straight_mast","lamp_type":"led","light:lit":"dusk-dawn","light:shape":"spherical","light:tilt":"-90","ref":"4","support":"pole","id":"node/12388223683"},"geometry":{"type":"Point","coordinates":[4.8087514,51.5941509]}},{"type":"Feature","id":"node/12388223684","properties":{"height":"5","highway":"street_lamp","lamp_mount":"straight_mast","lamp_type":"led","light:lit":"dusk-dawn","light:shape":"spherical","light:tilt":"-90","note":"2024-12-01: bij recente vervanging verplaatst t.o.v. PDOK","ref":"8","support":"pole","id":"node/12388223684"},"geometry":{"type":"Point","coordinates":[4.8088064,51.5943684]}},{"type":"Feature","id":"node/12441405750","properties":{"height":"5","highway":"street_lamp","lamp_mount":"straight_mast","lamp_type":"led","light:lit":"dusk-dawn","light:shape":"spherical","light:tilt":"-90","ref":"8A","support":"pole","id":"node/12441405750"},"geometry":{"type":"Point","coordinates":[4.8089848,51.5944685]}},{"type":"Feature","id":"node/12441405751","properties":{"height":"5","highway":"street_lamp","lamp_mount":"straight_mast","lamp_type":"led","light:lit":"dusk-dawn","light:shape":"spherical","light:tilt":"-90","ref":"10","support":"pole","id":"node/12441405751"},"geometry":{"type":"Point","coordinates":[4.8093408,51.5945947]}},{"type":"Feature","id":"node/12441405755","properties":{"height":"5","highway":"street_lamp","lamp_mount":"straight_mast","lamp_type":"led","light:lit":"dusk-dawn","light:shape":"spherical","light:tilt":"-90","ref":"11","support":"pole","id":"node/12441405755"},"geometry":{"type":"Point","coordinates":[4.809038,51.5940994]}},{"type":"Feature","id":"node/12441405756","properties":{"height":"5","highway":"street_lamp","lamp_mount":"straight_mast","lamp_type":"led","light:lit":"dusk-dawn","light:tilt":"-90","ref":"12","support":"pole","id":"node/12441405756"},"geometry":{"type":"Point","coordinates":[4.8092265,51.5940584]}},{"type":"Feature","id":"node/12441405757","properties":{"highway":"street_lamp","lamp_mount":"bent_mast","lamp_type":"electric","support":"pole","id":"node/12441405757"},"geometry":{"type":"Point","coordinates":[4.8089156,51.5937802]}},{"type":"Feature","id":"node/12571200459","properties":{"highway":"street_lamp","lamp_mount":"straight_mast","lamp_type":"electric","support":"pole","id":"node/12571200459"},"geometry":{"type":"Point","coordinates":[4.8112812,51.5891053]}},{"type":"Feature","id":"node/12571200460","properties":{"highway":"street_lamp","lamp_mount":"straight_mast","lamp_type":"electric","support":"pole","id":"node/12571200460"},"geometry":{"type":"Point","coordinates":[4.8109287,51.5891576]}},{"type":"Feature","id":"node/12571200461","properties":{"highway":"street_lamp","lamp_mount":"straight_mast","lamp_type":"electric","support":"pole","id":"node/12571200461"},"geometry":{"type":"Point","coordinates":[4.8108048,51.5891772]}},{"type":"Feature","id":"node/12571200462","properties":{"highway":"street_lamp","lamp_mount":"straight_mast","lamp_type":"electric","support":"pole","id":"node/12571200462"},"geometry":{"type":"Point","coordinates":[4.810433,51.5892349]}},{"type":"Feature","id":"node/12573987750","properties":{"height":"5","highway":"street_lamp","lamp_mount":"straight_mast","lamp_type":"led","light:lit":"dusk-dawn","light:shape":"spherical","light:tilt":"-90","support":"pole","id":"node/12573987750"},"geometry":{"type":"Point","coordinates":[4.8058875,51.5929009]}},{"type":"Feature","id":"node/12573987751","properties":{"height":"5","highway":"street_lamp","lamp_mount":"straight_mast","lamp_type":"led","light:lit":"dusk-dawn","light:shape":"spherical","light:tilt":"-90","support":"pole","id":"node/12573987751"},"geometry":{"type":"Point","coordinates":[4.8053542,51.5929089]}},{"type":"Feature","id":"node/12574249719","properties":{"highway":"street_lamp","lamp_mount":"bent_mast","lamp_type":"electric","support":"pole","id":"node/12574249719"},"geometry":{"type":"Point","coordinates":[4.8051255,51.5937291]}},{"type":"Feature","id":"node/12615821890","properties":{"highway":"street_lamp","lamp_mount":"bent_mast","lamp_type":"led","support":"pole","id":"node/12615821890"},"geometry":{"type":"Point","coordinates":[4.8081192,51.5934533]}},{"type":"Feature","id":"node/12615821891","properties":{"height":"5","highway":"street_lamp","lamp_mount":"straight_mast","lamp_type":"led","light:lit":"dusk-dawn","light:shape":"spherical","light:tilt":"-90","ref":"48","support":"pole","id":"node/12615821891"},"geometry":{"type":"Point","coordinates":[4.8080996,51.5933414]}},{"type":"Feature","id":"node/12615821892","properties":{"height":"5","highway":"street_lamp","lamp_mount":"straight_mast","lamp_type":"led","light:lit":"dusk-dawn","light:shape":"spherical","light:tilt":"-90","ref":"49","support":"pole","id":"node/12615821892"},"geometry":{"type":"Point","coordinates":[4.8078574,51.593342]}},{"type":"Feature","id":"node/12620516687","properties":{"height":"5","highway":"street_lamp","lamp_mount":"straight_mast","lamp_type":"fluorescent","light:colour":"white","light:lit":"dusk-dawn","light:shape":"spherical","light:tilt":"-90","ref":"9","support":"pole","id":"node/12620516687"},"geometry":{"type":"Point","coordinates":[4.8078433,51.5942213]}},{"type":"Feature","id":"node/12620516688","properties":{"height":"5","highway":"street_lamp","lamp_mount":"straight_mast","lamp_type":"fluorescent","light:colour":"white","light:lit":"dusk-dawn","light:shape":"spherical","light:tilt":"-90","support":"pole","id":"node/12620516688"},"geometry":{"type":"Point","coordinates":[4.807485,51.5941798]}},{"type":"Feature","id":"node/12620516689","properties":{"height":"5","highway":"street_lamp","lamp_mount":"straight_mast","lamp_type":"fluorescent","light:colour":"white","light:lit":"dusk-dawn","light:shape":"spherical","light:tilt":"-90","support":"pole","id":"node/12620516689"},"geometry":{"type":"Point","coordinates":[4.8072692,51.5939693]}},{"type":"Feature","id":"node/12620516690","properties":{"height":"5","highway":"street_lamp","lamp_mount":"straight_mast","lamp_type":"fluorescent","light:colour":"white","light:lit":"dusk-dawn","light:shape":"spherical","light:tilt":"-90","support":"pole","id":"node/12620516690"},"geometry":{"type":"Point","coordinates":[4.8074415,51.5939675]}},{"type":"Feature","id":"node/12620516691","properties":{"height":"5","highway":"street_lamp","lamp_mount":"straight_mast","lamp_type":"fluorescent","light:colour":"white","light:lit":"dusk-dawn","light:shape":"spherical","light:tilt":"-90","support":"pole","id":"node/12620516691"},"geometry":{"type":"Point","coordinates":[4.8073841,51.5937916]}},{"type":"Feature","id":"node/12620516692","properties":{"height":"5","highway":"street_lamp","lamp_mount":"straight_mast","lamp_type":"fluorescent","light:colour":"white","light:lit":"dusk-dawn","light:shape":"spherical","light:tilt":"-90","support":"pole","id":"node/12620516692"},"geometry":{"type":"Point","coordinates":[4.8071756,51.5937014]}},{"type":"Feature","id":"node/12620517311","properties":{"height":"5","highway":"street_lamp","lamp_mount":"straight_mast","lamp_type":"led","light:lit":"dusk-dawn","light:shape":"spherical","light:tilt":"-90","ref":"14","support":"pole","id":"node/12620517311"},"geometry":{"type":"Point","coordinates":[4.8079416,51.5946565]}},{"type":"Feature","id":"node/12620517312","properties":{"height":"5","highway":"street_lamp","lamp_mount":"straight_mast","lamp_type":"led","light:lit":"dusk-dawn","light:shape":"spherical","light:tilt":"-90","ref":"13","support":"pole","id":"node/12620517312"},"geometry":{"type":"Point","coordinates":[4.8076821,51.5944788]}},{"type":"Feature","id":"node/12620517315","properties":{"height":"5","highway":"street_lamp","lamp_mount":"straight_mast","lamp_type":"fluorescent","light:colour":"white","light:lit":"dusk-dawn","light:shape":"spherical","light:tilt":"-90","support":"pole","id":"node/12620517315"},"geometry":{"type":"Point","coordinates":[4.8071855,51.5941996]}},{"type":"Feature","id":"node/12685160491","properties":{"highway":"street_lamp","id":"node/12685160491"},"geometry":{"type":"Point","coordinates":[4.8171151,51.6105727]}},{"type":"Feature","id":"node/12989821436","properties":{"highway":"street_lamp","lamp_mount":"straight_mast","lamp_type":"led","light:lit":"dusk-dawn","light:tilt":"-90","ref":"7","support":"pole","id":"node/12989821436"},"geometry":{"type":"Point","coordinates":[4.8098103,51.594706]}},{"type":"Feature","id":"node/12989821437","properties":{"height":"5","highway":"street_lamp","lamp_mount":"straight_mast","lamp_type":"led","light:colour":"white","light:lit":"dusk-dawn","light:shape":"spherical","light:tilt":"-90","ref":"1","support":"pole","id":"node/12989821437"},"geometry":{"type":"Point","coordinates":[4.8094013,51.5934446]}},{"type":"Feature","id":"node/12989821438","properties":{"height":"5","highway":"street_lamp","lamp_mount":"straight_mast","lamp_type":"fluorescent","light:colour":"white","light:lit":"dusk-dawn","light:shape":"spherical","light:tilt":"-90","ref":"5A","support":"pole","id":"node/12989821438"},"geometry":{"type":"Point","coordinates":[4.8095414,51.594426]}},{"type":"Feature","id":"node/12989821439","properties":{"height":"5","highway":"street_lamp","lamp_mount":"straight_mast","lamp_type":"fluorescent","light:colour":"white","light:lit":"dusk-dawn","light:shape":"spherical","light:tilt":"-90","ref":"4A","support":"pole","id":"node/12989821439"},"geometry":{"type":"Point","coordinates":[4.8094576,51.5941194]}},{"type":"Feature","id":"node/12989821440","properties":{"highway":"street_lamp","lamp_mount":"bent_mast","lamp_type":"led","light:lit":"dusk-dawn","light:tilt":"-90","support":"pole","id":"node/12989821440"},"geometry":{"type":"Point","coordinates":[4.8096748,51.5940915]}},{"type":"Feature","id":"node/12989821441","properties":{"height":"5","highway":"street_lamp","lamp_mount":"straight_mast","lamp_type":"fluorescent","light:colour":"white","light:lit":"dusk-dawn","light:shape":"spherical","light:tilt":"-90","ref":"2A","support":"pole","id":"node/12989821441"},"geometry":{"type":"Point","coordinates":[4.809359,51.5937391]}},{"type":"Feature","id":"node/12989821442","properties":{"highway":"street_lamp","lamp_mount":"straight_mast","lamp_type":"led","light:lit":"dusk-dawn","light:tilt":"-90","ref":"1","support":"pole","id":"node/12989821442"},"geometry":{"type":"Point","coordinates":[4.8092185,51.5935277]}},{"type":"Feature","id":"node/12989821443","properties":{"highway":"street_lamp","lamp_mount":"straight_mast","lamp_type":"led","light:lit":"dusk-dawn","light:tilt":"-90","ref":"5","support":"pole","id":"node/12989821443"},"geometry":{"type":"Point","coordinates":[4.8095414,51.5942998]}},{"type":"Feature","id":"node/12989821444","properties":{"highway":"street_lamp","lamp_mount":"straight_mast","lamp_type":"led","light:lit":"dusk-dawn","light:tilt":"-90","ref":"6","support":"pole","id":"node/12989821444"},"geometry":{"type":"Point","coordinates":[4.8096158,51.5945531]}},{"type":"Feature","id":"node/12989821445","properties":{"highway":"street_lamp","lamp_mount":"straight_mast","lamp_type":"led","light:lit":"dusk-dawn","light:tilt":"-90","support":"pole","id":"node/12989821445"},"geometry":{"type":"Point","coordinates":[4.809414,51.5938224]}},{"type":"Feature","id":"node/12989821446","properties":{"highway":"street_lamp","lamp_mount":"bent_mast","lamp_type":"led","light:lit":"dusk-dawn","light:tilt":"-90","ref":"2","support":"pole","id":"node/12989821446"},"geometry":{"type":"Point","coordinates":[4.8094891,51.5935908]}},{"type":"Feature","id":"node/13004553136","properties":{"height":"5","highway":"street_lamp","lamp_mount":"straight_mast","lamp_type":"led","light:colour":"white","light:lit":"dusk-dawn","light:shape":"spherical","light:tilt":"-90","support":"pole","id":"node/13004553136"},"geometry":{"type":"Point","coordinates":[4.8105999,51.5909961]}},{"type":"Feature","id":"node/13048510020","properties":{"height":"5","highway":"street_lamp","lamp_mount":"straight_mast","lamp_type":"led","light:lit":"dusk-dawn","light:shape":"spherical","light:tilt":"-90","ref":"64","support":"pole","id":"node/13048510020"},"geometry":{"type":"Point","coordinates":[4.8068545,51.5926535]}},{"type":"Feature","id":"node/13048510021","properties":{"height":"5","highway":"street_lamp","lamp_mount":"straight_mast","lamp_type":"led","light:lit":"dusk-dawn","light:shape":"spherical","light:tilt":"-90","ref":"63","support":"pole","id":"node/13048510021"},"geometry":{"type":"Point","coordinates":[4.8069024,51.5928662]}},{"type":"Feature","id":"node/13048510022","properties":{"height":"5","highway":"street_lamp","lamp_mount":"straight_mast","lamp_type":"led","light:lit":"dusk-dawn","light:shape":"spherical","light:tilt":"-90","ref":"62","support":"pole","id":"node/13048510022"},"geometry":{"type":"Point","coordinates":[4.8069055,51.5930805]}},{"type":"Feature","id":"node/13048510023","properties":{"height":"5","highway":"street_lamp","lamp_mount":"straight_mast","lamp_type":"led","light:lit":"dusk-dawn","light:shape":"spherical","light:tilt":"-90","ref":"61","support":"pole","id":"node/13048510023"},"geometry":{"type":"Point","coordinates":[4.8068283,51.5932726]}},{"type":"Feature","id":"node/13048510024","properties":{"height":"5","highway":"street_lamp","lamp_mount":"straight_mast","lamp_type":"led","light:lit":"dusk-dawn","light:shape":"spherical","light:tilt":"-90","ref":"59","support":"pole","id":"node/13048510024"},"geometry":{"type":"Point","coordinates":[4.8070523,51.5933126]}},{"type":"Feature","id":"node/13048510025","properties":{"height":"5","highway":"street_lamp","lamp_mount":"straight_mast","lamp_type":"led","light:lit":"dusk-dawn","light:shape":"spherical","light:tilt":"-90","ref":"57","support":"pole","id":"node/13048510025"},"geometry":{"type":"Point","coordinates":[4.8074439,51.5933096]}},{"type":"Feature","id":"node/13048510026","properties":{"highway":"street_lamp","lamp_mount":"bent_mast","lamp_type":"led","ref":"21","support":"pole","id":"node/13048510026"},"geometry":{"type":"Point","coordinates":[4.8064186,51.5925794]}},{"type":"Feature","id":"node/13048510027","properties":{"highway":"street_lamp","lamp_mount":"bent_mast","lamp_type":"led","support":"pole","id":"node/13048510027"},"geometry":{"type":"Point","coordinates":[4.8063938,51.5928502]}},{"type":"Feature","id":"node/13048510028","properties":{"highway":"street_lamp","lamp_mount":"bent_mast","lamp_type":"led","ref":"27","support":"pole","id":"node/13048510028"},"geometry":{"type":"Point","coordinates":[4.8063368,51.5929622]}},{"type":"Feature","id":"node/13048510029","properties":{"highway":"street_lamp","lamp_mount":"bent_mast","lamp_type":"led","ref":"67","support":"pole","id":"node/13048510029"},"geometry":{"type":"Point","coordinates":[4.8063543,51.5931834]}},{"type":"Feature","id":"node/13048510030","properties":{"highway":"street_lamp","lamp_mount":"bent_mast","lamp_type":"led","ref":"66","support":"pole","id":"node/13048510030"},"geometry":{"type":"Point","coordinates":[4.8065467,51.5933809]}},{"type":"Feature","id":"node/13048510031","properties":{"highway":"street_lamp","lamp_mount":"bent_mast","lamp_type":"led","ref":"60","support":"pole","id":"node/13048510031"},"geometry":{"type":"Point","coordinates":[4.8069041,51.5935133]}},{"type":"Feature","id":"node/13048510032","properties":{"highway":"street_lamp","lamp_mount":"bent_mast","lamp_type":"led","ref":"58","support":"pole","id":"node/13048510032"},"geometry":{"type":"Point","coordinates":[4.8072857,51.5934629]}},{"type":"Feature","id":"node/13048510033","properties":{"highway":"street_lamp","lamp_mount":"bent_mast","lamp_type":"led","ref":"50","support":"pole","id":"node/13048510033"},"geometry":{"type":"Point","coordinates":[4.8076867,51.5935346]}},{"type":"Feature","id":"node/13048510073","properties":{"highway":"street_lamp","lamp_mount":"bent_mast","lamp_type":"led","ref":"4?","support":"pole","id":"node/13048510073"},"geometry":{"type":"Point","coordinates":[4.8085557,51.5935271]}},{"type":"Feature","id":"node/13184058493","properties":{"highway":"street_lamp","lamp_mount":"bent_mast","lamp_type":"led","support":"pole","id":"node/13184058493"},"geometry":{"type":"Point","coordinates":[4.8062949,51.5923171]}},{"type":"Feature","id":"node/13188680228","properties":{"highway":"street_lamp","lamp_mount":"bent_mast","lamp_type":"led","support":"pole","id":"node/13188680228"},"geometry":{"type":"Point","coordinates":[4.8063519,51.5915508]}},{"type":"Feature","id":"node/13514497613","properties":{"highway":"street_lamp","id":"node/13514497613"},"geometry":{"type":"Point","coordinates":[4.8039765,51.5888933]}},{"type":"Feature","id":"node/13514497614","properties":{"highway":"street_lamp","id":"node/13514497614"},"geometry":{"type":"Point","coordinates":[4.8040885,51.589172]}},{"type":"Feature","id":"node/13595949039","properties":{"highway":"street_lamp","lamp_mount":"straight_mast","lamp_type":"electric","id":"node/13595949039"},"geometry":{"type":"Point","coordinates":[4.7336047,51.6020947]}},{"type":"Feature","id":"node/13595949040","properties":{"highway":"street_lamp","lamp_mount":"straight_mast","lamp_type":"electric","id":"node/13595949040"},"geometry":{"type":"Point","coordinates":[4.733419,51.6021426]}},{"type":"Feature","id":"node/13595949041","properties":{"highway":"street_lamp","lamp_mount":"straight_mast","lamp_type":"electric","id":"node/13595949041"},"geometry":{"type":"Point","coordinates":[4.7331467,51.6021851]}},{"type":"Feature","id":"node/13595949042","properties":{"highway":"street_lamp","lamp_mount":"straight_mast","lamp_type":"electric","id":"node/13595949042"},"geometry":{"type":"Point","coordinates":[4.7323561,51.6022626]}},{"type":"Feature","id":"node/13595949043","properties":{"highway":"street_lamp","lamp_mount":"straight_mast","lamp_type":"electric","id":"node/13595949043"},"geometry":{"type":"Point","coordinates":[4.7321778,51.6023746]}},{"type":"Feature","id":"node/13595949044","properties":{"highway":"street_lamp","lamp_mount":"straight_mast","lamp_type":"electric","id":"node/13595949044"},"geometry":{"type":"Point","coordinates":[4.7331394,51.6018248]}},{"type":"Feature","id":"node/13595949045","properties":{"highway":"street_lamp","lamp_mount":"straight_mast","lamp_type":"electric","id":"node/13595949045"},"geometry":{"type":"Point","coordinates":[4.7329429,51.6018348]}},{"type":"Feature","id":"node/13595949046","properties":{"highway":"street_lamp","lamp_mount":"straight_mast","lamp_type":"electric","id":"node/13595949046"},"geometry":{"type":"Point","coordinates":[4.7327524,51.6018657]}},{"type":"Feature","id":"node/13595949047","properties":{"highway":"street_lamp","lamp_mount":"straight_mast","lamp_type":"electric","id":"node/13595949047"},"geometry":{"type":"Point","coordinates":[4.7322254,51.6021755]}},{"type":"Feature","id":"node/13595949048","properties":{"highway":"street_lamp","lamp_mount":"straight_mast","lamp_type":"electric","id":"node/13595949048"},"geometry":{"type":"Point","coordinates":[4.7322998,51.6019877]}},{"type":"Feature","id":"node/13595949049","properties":{"highway":"street_lamp","lamp_mount":"straight_mast","lamp_type":"electric","id":"node/13595949049"},"geometry":{"type":"Point","coordinates":[4.7324158,51.6019456]}},{"type":"Feature","id":"node/13595949050","properties":{"highway":"street_lamp","lamp_mount":"straight_mast","lamp_type":"electric","id":"node/13595949050"},"geometry":{"type":"Point","coordinates":[4.7321074,51.6017924]}},{"type":"Feature","id":"node/13595949051","properties":{"highway":"street_lamp","lamp_mount":"straight_mast","lamp_type":"electric","id":"node/13595949051"},"geometry":{"type":"Point","coordinates":[4.7323079,51.6017061]}},{"type":"Feature","id":"node/13595949052","properties":{"highway":"street_lamp","lamp_mount":"straight_mast","lamp_type":"electric","id":"node/13595949052"},"geometry":{"type":"Point","coordinates":[4.7325747,51.6016632]}},{"type":"Feature","id":"node/13595949053","properties":{"highway":"street_lamp","lamp_mount":"straight_mast","lamp_type":"electric","id":"node/13595949053"},"geometry":{"type":"Point","coordinates":[4.7328322,51.6016295]}},{"type":"Feature","id":"node/13595949054","properties":{"highway":"street_lamp","lamp_mount":"straight_mast","lamp_type":"electric","id":"node/13595949054"},"geometry":{"type":"Point","coordinates":[4.7330502,51.6016932]}},{"type":"Feature","id":"node/13638650706","properties":{"height":"5","highway":"street_lamp","lamp_mount":"straight_mast","lamp_type":"electric","support":"pole","id":"node/13638650706"},"geometry":{"type":"Point","coordinates":[4.7953954,51.598192]}},{"type":"Feature","id":"node/13638650707","properties":{"height":"5","highway":"street_lamp","lamp_mount":"straight_mast","lamp_type":"electric","support":"pole","id":"node/13638650707"},"geometry":{"type":"Point","coordinates":[4.7960997,51.5982155]}},{"type":"Feature","id":"node/13638650708","properties":{"height":"5","highway":"street_lamp","lamp_mount":"straight_mast","lamp_type":"electric","support":"pole","id":"node/13638650708"},"geometry":{"type":"Point","coordinates":[4.7957508,51.5982048]}},{"type":"Feature","id":"node/13638650709","properties":{"height":"5","highway":"street_lamp","lamp_mount":"straight_mast","lamp_type":"electric","support":"pole","id":"node/13638650709"},"geometry":{"type":"Point","coordinates":[4.795846,51.5980342]}},{"type":"Feature","id":"node/13658497890","properties":{"height":"5","highway":"street_lamp","lamp_mount":"straight_mast","lamp_type":"led","light:lit":"dusk-dawn","light:shape":"spherical","light:tilt":"-90","support":"pole","id":"node/13658497890"},"geometry":{"type":"Point","coordinates":[4.806992,51.5915163]}},{"type":"Feature","id":"node/13658497891","properties":{"height":"5","highway":"street_lamp","lamp_mount":"straight_mast","lamp_type":"led","light:lit":"dusk-dawn","light:shape":"spherical","light:tilt":"-90","support":"pole","id":"node/13658497891"},"geometry":{"type":"Point","coordinates":[4.8076337,51.5932488]}},{"type":"Feature","id":"node/13658498084","properties":{"height":"5","highway":"street_lamp","lamp_mount":"straight_mast","lamp_type":"led","light:lit":"dusk-dawn","light:shape":"spherical","light:tilt":"-90","support":"pole","id":"node/13658498084"},"geometry":{"type":"Point","coordinates":[4.8074634,51.5915696]}},{"type":"Feature","id":"node/13658498106","properties":{"height":"5","highway":"street_lamp","lamp_mount":"straight_mast","lamp_type":"led","light:lit":"dusk-dawn","light:shape":"spherical","light:tilt":"-90","support":"pole","id":"node/13658498106"},"geometry":{"type":"Point","coordinates":[4.8082633,51.5916616]}},{"type":"Feature","id":"node/13658498107","properties":{"height":"5","highway":"street_lamp","lamp_mount":"straight_mast","lamp_type":"led","light:lit":"dusk-dawn","light:shape":"spherical","light:tilt":"-90","support":"pole","id":"node/13658498107"},"geometry":{"type":"Point","coordinates":[4.808435,51.5917595]}},{"type":"Feature","id":"node/13658498108","properties":{"height":"5","highway":"street_lamp","lamp_mount":"straight_mast","lamp_type":"led","light:lit":"dusk-dawn","light:shape":"spherical","light:tilt":"-90","support":"pole","id":"node/13658498108"},"geometry":{"type":"Point","coordinates":[4.8084377,51.5918816]}},{"type":"Feature","id":"node/13658498109","properties":{"height":"5","highway":"street_lamp","lamp_mount":"straight_mast","lamp_type":"led","light:lit":"dusk-dawn","light:shape":"spherical","light:tilt":"-90","ref":"37","support":"pole","id":"node/13658498109"},"geometry":{"type":"Point","coordinates":[4.8084638,51.5926581]}},{"type":"Feature","id":"node/13658498110","properties":{"height":"5","highway":"street_lamp","lamp_mount":"straight_mast","lamp_type":"led","light:lit":"dusk-dawn","light:shape":"spherical","light:tilt":"-90","ref":"36","support":"pole","id":"node/13658498110"},"geometry":{"type":"Point","coordinates":[4.8085497,51.5928452]}},{"type":"Feature","id":"node/13658498163","properties":{"height":"5","highway":"street_lamp","lamp_mount":"straight_mast","lamp_type":"led","light:lit":"dusk-dawn","light:shape":"spherical","light:tilt":"-90","support":"pole","id":"node/13658498163"},"geometry":{"type":"Point","coordinates":[4.8078496,51.5924248]}},{"type":"Feature","id":"node/13658498164","properties":{"height":"5","highway":"street_lamp","lamp_mount":"straight_mast","lamp_type":"led","light:lit":"dusk-dawn","light:shape":"spherical","light:tilt":"-90","support":"pole","id":"node/13658498164"},"geometry":{"type":"Point","coordinates":[4.8076162,51.5925527]}},{"type":"Feature","id":"node/13658498172","properties":{"height":"5","highway":"street_lamp","lamp_mount":"straight_mast","lamp_type":"led","light:lit":"dusk-dawn","light:shape":"spherical","light:tilt":"-90","support":"pole","id":"node/13658498172"},"geometry":{"type":"Point","coordinates":[4.8087252,51.5912448]}},{"type":"Feature","id":"node/13658498173","properties":{"height":"5","highway":"street_lamp","lamp_mount":"straight_mast","lamp_type":"led","light:lit":"dusk-dawn","light:shape":"spherical","light:tilt":"-90","support":"pole","id":"node/13658498173"},"geometry":{"type":"Point","coordinates":[4.8083572,51.5912609]}},{"type":"Feature","id":"node/13658498174","properties":{"height":"5","highway":"street_lamp","lamp_mount":"straight_mast","lamp_type":"led","light:lit":"dusk-dawn","light:shape":"spherical","light:tilt":"-90","support":"pole","id":"node/13658498174"},"geometry":{"type":"Point","coordinates":[4.8083532,51.5914633]}},{"type":"Feature","id":"node/13658498175","properties":{"height":"5","highway":"street_lamp","lamp_mount":"straight_mast","lamp_type":"led","light:lit":"dusk-dawn","light:shape":"spherical","light:tilt":"-90","support":"pole","id":"node/13658498175"},"geometry":{"type":"Point","coordinates":[4.8089004,51.5920445]}},{"type":"Feature","id":"node/13658498176","properties":{"height":"5","highway":"street_lamp","lamp_mount":"straight_mast","lamp_type":"led","light:lit":"dusk-dawn","light:shape":"spherical","light:tilt":"-90","support":"pole","id":"node/13658498176"},"geometry":{"type":"Point","coordinates":[4.8085302,51.5920595]}},{"type":"Feature","id":"node/13658498177","properties":{"height":"5","highway":"street_lamp","lamp_mount":"straight_mast","lamp_type":"led","light:lit":"dusk-dawn","light:shape":"spherical","light:tilt":"-90","support":"pole","id":"node/13658498177"},"geometry":{"type":"Point","coordinates":[4.8085188,51.5922669]}},{"type":"Feature","id":"node/13658498178","properties":{"height":"5","highway":"street_lamp","lamp_mount":"straight_mast","lamp_type":"led","light:lit":"dusk-dawn","light:shape":"spherical","light:tilt":"-90","support":"pole","id":"node/13658498178"},"geometry":{"type":"Point","coordinates":[4.8089072,51.5928258]}},{"type":"Feature","id":"node/13658498179","properties":{"height":"5","highway":"street_lamp","lamp_mount":"straight_mast","lamp_type":"led","light:lit":"dusk-dawn","light:shape":"spherical","light:tilt":"-90","ref":"38","support":"pole","id":"node/13658498179"},"geometry":{"type":"Point","coordinates":[4.8085383,51.5930455]}},{"type":"Feature","id":"node/13658498180","properties":{"height":"5","highway":"street_lamp","lamp_mount":"straight_mast","lamp_type":"led","light:lit":"dusk-dawn","light:shape":"spherical","light:tilt":"-90","support":"pole","id":"node/13658498180"},"geometry":{"type":"Point","coordinates":[4.8077182,51.5928818]}},{"type":"Feature","id":"node/13658498181","properties":{"height":"5","highway":"street_lamp","lamp_mount":"straight_mast","lamp_type":"led","light:lit":"dusk-dawn","light:shape":"spherical","light:tilt":"-90","support":"pole","id":"node/13658498181"},"geometry":{"type":"Point","coordinates":[4.8077249,51.5930744]}},{"type":"Feature","id":"node/13658498186","properties":{"height":"5","highway":"street_lamp","lamp_mount":"straight_mast","lamp_type":"led","light:lit":"dusk-dawn","light:shape":"spherical","light:tilt":"-90","support":"pole","id":"node/13658498186"},"geometry":{"type":"Point","coordinates":[4.808095,51.5910888]}},{"type":"Feature","id":"node/13658498187","properties":{"height":"5","highway":"street_lamp","lamp_mount":"straight_mast","lamp_type":"led","light:lit":"dusk-dawn","light:shape":"spherical","light:tilt":"-90","support":"pole","id":"node/13658498187"},"geometry":{"type":"Point","coordinates":[4.8075834,51.5917283]}},{"type":"Feature","id":"node/13658498188","properties":{"height":"5","highway":"street_lamp","lamp_mount":"straight_mast","lamp_type":"led","light:lit":"dusk-dawn","light:shape":"spherical","light:tilt":"-90","support":"pole","id":"node/13658498188"},"geometry":{"type":"Point","coordinates":[4.8079234,51.5916504]}},{"type":"Feature","id":"node/13658498189","properties":{"height":"5","highway":"street_lamp","lamp_mount":"straight_mast","lamp_type":"led","light:lit":"dusk-dawn","light:shape":"spherical","light:tilt":"-90","ref":"56","support":"pole","id":"node/13658498189"},"geometry":{"type":"Point","coordinates":[4.8081909,51.5926473]}},{"type":"Feature","id":"node/13658498190","properties":{"height":"5","highway":"street_lamp","lamp_mount":"straight_mast","lamp_type":"led","light:lit":"dusk-dawn","light:shape":"spherical","light:tilt":"-90","ref":"55","support":"pole","id":"node/13658498190"},"geometry":{"type":"Point","coordinates":[4.807859,51.5926506]}},{"type":"Feature","id":"node/13658498191","properties":{"height":"5","highway":"street_lamp","lamp_mount":"straight_mast","lamp_type":"led","light:lit":"dusk-dawn","light:shape":"spherical","light:tilt":"-90","ref":"54","support":"pole","id":"node/13658498191"},"geometry":{"type":"Point","coordinates":[4.8075908,51.5926489]}},{"type":"Feature","id":"node/13658498192","properties":{"height":"5","highway":"street_lamp","lamp_mount":"straight_mast","lamp_type":"led","light:lit":"dusk-dawn","light:shape":"spherical","light:tilt":"-90","ref":"65","support":"pole","id":"node/13658498192"},"geometry":{"type":"Point","coordinates":[4.8072005,51.592651]}}]}