{"type":"FeatureCollection","features":[{"type":"Feature","id":"relation/3755680","properties":{"amenity":"marketplace","name":"Evka 3 Pazar Yeri","type":"multipolygon","id":"relation/3755680"},"geometry":{"type":"Point","coordinates":[27.2506748,38.4694852]}},{"type":"Feature","id":"relation/7328342","properties":{"leisure":"park","name":"Koruluk","name:en":"Small Wood","type":"multipolygon","id":"relation/7328342"},"geometry":{"type":"Point","coordinates":[27.2339423,38.4541132]}},{"type":"Feature","id":"relation/12152631","properties":{"description":"Park of the School, upper floors can be prohibited.\nOkulun Parkı. yukarı katmanlar kapalı olabilir.","leisure":"park","type":"multipolygon","id":"relation/12152631"},"geometry":{"type":"Point","coordinates":[27.2320025,38.4699143]}},{"type":"Feature","id":"relation/12153639","properties":{"leisure":"park","type":"multipolygon","id":"relation/12153639"},"geometry":{"type":"Point","coordinates":[27.2338593,38.4698521]}},{"type":"Feature","id":"relation/12166974","properties":{"amenity":"place_of_worship","building":"church","name":"Santa Maria Katolik Kilisesi","religion":"christian","start_date":"1831","type":"multipolygon","wikidata":"Q5996651","wikipedia":"tr:Santa Maria Katolik Kilisesi (Bornova)","id":"relation/12166974"},"geometry":{"type":"Point","coordinates":[27.2199088,38.4656593]}},{"type":"Feature","id":"relation/12698656","properties":{"amenity":"university","education":"university","education:field":"medicine","name":"Tınaztepe Üniversitesi","religion":"none","type":"multipolygon","website":"https://www.tinaztepe.edu.tr/","wikidata":"Q52162244","wikipedia":"tr:İzmir Tınaztepe Üniversitesi","id":"relation/12698656"},"geometry":{"type":"Point","coordinates":[27.1948821,38.4058665]}},{"type":"Feature","id":"relation/15591097","properties":{"amenity":"university","description":"Ege Üniversitesi Karşıyaka Suat Balcıoğlu Sağlık Bilimleri Fakültesi","education":"university","int_name":"Ege University","internet_access":"eduroam","name":"Ege Üniversitesi","name:en":"Ege University","name:tr":"Ege Üniversitesi","type":"multipolygon","wikidata":"Q1297001","wikimedia_commons":"Category:Ege University","wikipedia":"en:Ege University","id":"relation/15591097"},"geometry":{"type":"Point","coordinates":[27.1343169,38.6531101]}},{"type":"Feature","id":"relation/19643017","properties":{"addr:city":"İzmir","addr:district":"Bornova","addr:housenumber":"172","addr:neighbourhood":"Erzene Mahallesi","addr:postcode":"35100","addr:street":"Ankara Caddesi","amenity":"university","campus":"Ege Üniversitesi Merkez Yerleşke","education":"university","internet_access":"yes","name":"Ege Üniversitesi Merkez Yerleşke","operator":"Ege Üniversitesi","type":"multipolygon","website":"https://ege.edu.tr/tr-0/anasayfa.html","wheelchair":"yes","id":"relation/19643017"},"geometry":{"type":"Point","coordinates":[27.223765,38.4561269]}},{"type":"Feature","id":"way/23615373","properties":{"leisure":"park","name":"Aydın Erten Rekreasyon Alanı","id":"way/23615373"},"geometry":{"type":"Point","coordinates":[27.1869622,38.4100012]}},{"type":"Feature","id":"way/23629486","properties":{"alt_name":"İzmir Otogarı","amenity":"bus_station","bus":"yes","name":"İzmir Şehirlerarası Otobüs Terminali","name:en":"İzmir Coach Terminal","operator":"İZULAŞ A.Ş.","public_transport":"station","wikidata":"Q54165725","wikimedia_commons":"Category:İzmir Coach Terminal","wikipedia":"tr:İzmir Şehirlerarası Otobüs Terminali","id":"way/23629486"},"geometry":{"type":"Point","coordinates":[27.2141057,38.4307793]}},{"type":"Feature","id":"way/37190471","properties":{"alt_name":"Ege Üniversitesi Tıp Fakültesi Hastanesi","amenity":"hospital","emergency":"yes","healthcare":"hospital","name":"Ege Üniversitesi Hastanesi","website":"http://hastane.ege.edu.tr/","wheelchair":"limited","wikidata":"Q30254026","wikimedia_commons":"Category:Ege University Hospital","id":"way/37190471"},"geometry":{"type":"Point","coordinates":[27.2110809,38.4554655]}},{"type":"Feature","id":"way/37334990","properties":{"amenity":"school","education":"school","name":"Yahya Kemal Beyatlı İlköğretin Okulu","operator":"Milli Eğitim Bakanlığı","operator:short":"MEB","operator:type":"public","operator:wikidata":"Q1359675","school_level":"primary","id":"way/37334990"},"geometry":{"type":"Point","coordinates":[27.2027552,38.4587657]}},{"type":"Feature","id":"way/37334991","properties":{"leisure":"park","name":"Pir Sultan Abdal Parkı","id":"way/37334991"},"geometry":{"type":"Point","coordinates":[27.2031571,38.4602423]}},{"type":"Feature","id":"way/37334994","properties":{"leisure":"park","name":"Mustafa Alphan Parkı","id":"way/37334994"},"geometry":{"type":"Point","coordinates":[27.2034364,38.462216]}},{"type":"Feature","id":"way/37335007","properties":{"addr:city":"izmir","addr:district":"Bornova","addr:housenumber":"47","addr:neighbourhood":"Kazım Dirik","addr:postcode":"35100","addr:street":"Üniversite Caddesi","brand":"Renault","brand:wikidata":"Q6686","brand:wikipedia":"fr:Renault","building":"yes","check_date":"2024-06-25","name":"Renault","phone":"+902323880086","service:vehicle:air_conditioning":"yes","service:vehicle:body_repair":"yes","service:vehicle:brakes":"yes","service:vehicle:car_parts":"yes","service:vehicle:car_repair":"yes","service:vehicle:diagnostics":"yes","service:vehicle:electrical":"yes","service:vehicle:glass":"yes","service:vehicle:inspection":"yes","service:vehicle:motor":"yes","service:vehicle:new_car_sales":"yes","service:vehicle:oil_change":"yes","service:vehicle:repairs":"yes","service:vehicle:sale":"yes","service:vehicle:tyres":"yes","service:vehicle:used_car_sales":"yes","service:vehicle:wheels":"yes","shop":"car","website":"https://www.renault.com.tr/","id":"way/37335007"},"geometry":{"type":"Point","coordinates":[27.2005902,38.4535702]}},{"type":"Feature","id":"way/37335776","properties":{"amenity":"school","id":"way/37335776"},"geometry":{"type":"Point","coordinates":[27.180898,38.4436655]}},{"type":"Feature","id":"way/37335782","properties":{"amenity":"school","name":"General İzzettin Çalışlar İlköğretim Okulu","school_level":"primary","id":"way/37335782"},"geometry":{"type":"Point","coordinates":[27.1870815,38.4422565]}},{"type":"Feature","id":"way/37335784","properties":{"amenity":"school","name":"Sıdıka Rodop Lisesi","id":"way/37335784"},"geometry":{"type":"Point","coordinates":[27.1882378,38.4378952]}},{"type":"Feature","id":"way/37360568","properties":{"amenity":"post_office","building":"yes","name":"PTT","operator":"PTT","operator:wikidata":"Q3079259","operator:wikipedia":"tr:PTT","id":"way/37360568"},"geometry":{"type":"Point","coordinates":[27.1931717,38.4447211]}},{"type":"Feature","id":"way/37361221","properties":{"amenity":"school","name":"Yıldırım Beyazıt İlköğretim Okulu","id":"way/37361221"},"geometry":{"type":"Point","coordinates":[27.1917487,38.4380753]}},{"type":"Feature","id":"way/37361222","properties":{"leisure":"park","name":"Dinlenme ve Çocuk Parkı","id":"way/37361222"},"geometry":{"type":"Point","coordinates":[27.1938999,38.4363345]}},{"type":"Feature","id":"way/37361223","properties":{"leisure":"park","name":"Atatürk Parkı","id":"way/37361223"},"geometry":{"type":"Point","coordinates":[27.1976319,38.4362815]}},{"type":"Feature","id":"way/37366222","properties":{"amenity":"school","name":"Ferit Bahriye Ergil İlköğretim Okulu","id":"way/37366222"},"geometry":{"type":"Point","coordinates":[27.1995977,38.4354487]}},{"type":"Feature","id":"way/37366224","properties":{"amenity":"school","name":"Şükrü Şeher Erdil TML","id":"way/37366224"},"geometry":{"type":"Point","coordinates":[27.1997244,38.4362352]}},{"type":"Feature","id":"way/37366229","properties":{"amenity":"school","name":"Mimar Sinan And. Teknik And. Meslek Lisesi","id":"way/37366229"},"geometry":{"type":"Point","coordinates":[27.2068241,38.4259156]}},{"type":"Feature","id":"way/37366230","properties":{"amenity":"school","name":"Şehitler Ortaokulu","id":"way/37366230"},"geometry":{"type":"Point","coordinates":[27.2037287,38.4253254]}},{"type":"Feature","id":"way/37366458","properties":{"amenity":"school","name":"Işıkkent İlköğretim Okulu","id":"way/37366458"},"geometry":{"type":"Point","coordinates":[27.2276181,38.4239643]}},{"type":"Feature","id":"way/37366459","properties":{"amenity":"school","name":"Hatice Güzelcan Anadolu Lisesi","operator":"Millî Eğitim Bakanlığı","operator:en":"Ministry of National Education","operator:short":"MEB","operator:tr":"Millî Eğitim Bakanlığı","operator:type":"government","operator:wikidata":"Q1359675","id":"way/37366459"},"geometry":{"type":"Point","coordinates":[27.232864,38.4251638]}},{"type":"Feature","id":"way/37367012","properties":{"amenity":"school","name":"Yunus Emre İlköğretim Okulu","id":"way/37367012"},"geometry":{"type":"Point","coordinates":[27.1960641,38.4238507]}},{"type":"Feature","id":"way/37367013","properties":{"leisure":"park","name":"Kandere Çocuk Parkı","id":"way/37367013"},"geometry":{"type":"Point","coordinates":[27.1960334,38.4229377]}},{"type":"Feature","id":"way/37367014","properties":{"amenity":"school","name":"İzmir Ticaret Odası İlköğretim Okulu","id":"way/37367014"},"geometry":{"type":"Point","coordinates":[27.1953422,38.4209889]}},{"type":"Feature","id":"way/37367241","properties":{"amenity":"school","name":"Altındağ İlköğretim Okulu","id":"way/37367241"},"geometry":{"type":"Point","coordinates":[27.1996795,38.4174983]}},{"type":"Feature","id":"way/37367242","properties":{"leisure":"park","name":"Dinlenme ve Çocuk Parkı","id":"way/37367242"},"geometry":{"type":"Point","coordinates":[27.2016585,38.4158545]}},{"type":"Feature","id":"way/37368831","properties":{"amenity":"school","name":"Çimentaş İlköğretim Okulu","id":"way/37368831"},"geometry":{"type":"Point","coordinates":[27.1881971,38.413652]}},{"type":"Feature","id":"way/37373669","properties":{"amenity":"school","name":"Işıkkent Eğitim Kampüsü","id":"way/37373669"},"geometry":{"type":"Point","coordinates":[27.2123512,38.4402657]}},{"type":"Feature","id":"way/37373670","properties":{"leisure":"park","name":"Egemenlik Parkı","id":"way/37373670"},"geometry":{"type":"Point","coordinates":[27.2074993,38.4349197]}},{"type":"Feature","id":"way/37374020","properties":{"amenity":"school","id":"way/37374020"},"geometry":{"type":"Point","coordinates":[27.1968705,38.4279212]}},{"type":"Feature","id":"way/37374021","properties":{"amenity":"school","name":"Evrenosoğlu İlköğretim Okulu","id":"way/37374021"},"geometry":{"type":"Point","coordinates":[27.1884941,38.4247072]}},{"type":"Feature","id":"way/37374698","properties":{"leisure":"park","id":"way/37374698"},"geometry":{"type":"Point","coordinates":[27.2431894,38.427503]}},{"type":"Feature","id":"way/37374735","properties":{"amenity":"parking","parking":"street_side","id":"way/37374735"},"geometry":{"type":"Point","coordinates":[27.245882,38.4256662]}},{"type":"Feature","id":"way/37376409","properties":{"amenity":"school","name":"Mediha Mahmut İÖO","id":"way/37376409"},"geometry":{"type":"Point","coordinates":[27.1889816,38.4359841]}},{"type":"Feature","id":"way/37376783","properties":{"amenity":"school","id":"way/37376783"},"geometry":{"type":"Point","coordinates":[27.2668143,38.4306817]}},{"type":"Feature","id":"way/37376784","properties":{"amenity":"school","building":"yes","source":"bing","id":"way/37376784"},"geometry":{"type":"Point","coordinates":[27.2682311,38.4253423]}},{"type":"Feature","id":"way/37376785","properties":{"leisure":"park","id":"way/37376785"},"geometry":{"type":"Point","coordinates":[27.26543,38.4298792]}},{"type":"Feature","id":"way/38424259","properties":{"amenity":"parking","parking":"surface","id":"way/38424259"},"geometry":{"type":"Point","coordinates":[27.2142681,38.4293017]}},{"type":"Feature","id":"way/38626179","properties":{"alt_name":"İzmir Ülkü Yarış Pisti","leisure":"sports_centre","name":"Ülkü Park","source":"Yahoo","sport":"motor","wikidata":"Q16850742","wikipedia":"tr:Ülkü Park","id":"way/38626179"},"geometry":{"type":"Point","coordinates":[27.2722398,38.4336127]}},{"type":"Feature","id":"way/51497251","properties":{"leisure":"park","name":"Büyük Park","natural":"wood","wikidata":"Q34903377","wikimedia_commons":"Category:Büyük Park","id":"way/51497251"},"geometry":{"type":"Point","coordinates":[27.2167318,38.4625866]}},{"type":"Feature","id":"way/51497255","properties":{"amenity":"school","education":"school","name":"Yavuz Selim İlköğretim Okulu","operator":"Millî Eğitim Bakanlığı","operator:en":"Ministry of National Education","operator:short":"MEB","operator:tr":"Millî Eğitim Bakanlığı","operator:type":"government","operator:wikidata":"Q1359675","id":"way/51497255"},"geometry":{"type":"Point","coordinates":[27.2154976,38.4611556]}},{"type":"Feature","id":"way/53514582","properties":{"amenity":"place_of_worship","building":"mosque","denomination":"sunni","name":"Vilayet Cami","religion":"muslim","source":"http://www.bornovamuftulugu.gov.tr/default.asp?L=TR&mid=30","id":"way/53514582"},"geometry":{"type":"Point","coordinates":[27.2074878,38.4625481]}},{"type":"Feature","id":"way/78433488","properties":{"amenity":"school","name":"Bornova Anadolu Lisesi","wikidata":"Q4946150","wikimedia_commons":"Category:Bornova Anadolu Lisesi","wikipedia":"tr:Bornova Anadolu Lisesi","id":"way/78433488"},"geometry":{"type":"Point","coordinates":[27.2210278,38.447367]}},{"type":"Feature","id":"way/99141246","properties":{"alt_name":"Izmir Science High School","amenity":"school","int_name":"Izmir High School of Science","name":"İzmir Fen Lisesi","name:en":"İzmir Science High School","wikidata":"Q6103111","wikipedia":"tr:İzmir Fen Lisesi","id":"way/99141246"},"geometry":{"type":"Point","coordinates":[27.2339494,38.4540106]}},{"type":"Feature","id":"way/99785374","properties":{"amenity":"parking","id":"way/99785374"},"geometry":{"type":"Point","coordinates":[27.1879164,38.4481106]}},{"type":"Feature","id":"way/105577808","properties":{"amenity":"post_office","building":"yes","id":"way/105577808"},"geometry":{"type":"Point","coordinates":[27.2173757,38.4639469]}},{"type":"Feature","id":"way/105577809","properties":{"access":"yes","building":"sports_centre","covered":"yes","fee":"yes","leisure":"sports_centre","lit":"yes","location":"indoor","motor_vehicle":"yes","name":"Prof. Dr. Sermed Akgün Kapalı Olimpik Yüzme Havuzu","operator":"Ege Üniversitesi","operator:type":"university","sport":"swimming","swimming_pool":"swimming","id":"way/105577809"},"geometry":{"type":"Point","coordinates":[27.2296455,38.456902]}},{"type":"Feature","id":"way/105577811","properties":{"amenity":"library","building":"yes","internet_access":"wlan","internet_access:fee":"customers","name":"Merkez Kütüphane","opening_hours":"24/7","operator":"Ege Üniversitesi","operator:type":"university","id":"way/105577811"},"geometry":{"type":"Point","coordinates":[27.2274357,38.4558358]}},{"type":"Feature","id":"way/152747527","properties":{"leisure":"sports_centre","name":"Buz Sporları Salonu","wikidata":"Q4946155","wikimedia_commons":"Category:Ice Sports Hall","wikipedia":"tr:Buz Sporları Salonu","id":"way/152747527"},"geometry":{"type":"Point","coordinates":[27.2126872,38.468042]}},{"type":"Feature","id":"way/152747911","properties":{"leisure":"park","name":"Aşık Veysel Rekreasyon Alanı","rest":"Bornova Aşık Veysel Rekreasyon Alanı","source":"http://www.izmir.bel.tr/Menu.asp?menuID=2035&MenuName=Bornova%20A%FE%FDk%20Veysel%20Rekreasyon%20Alan%FD%20ve%20Buz%20Pisti","wikidata":"Q5994960","wikimedia_commons":"Category:Aşık Veysel Recreation Area","wikipedia":"tr:Aşık Veysel Rekreasyon Alanı","id":"way/152747911"},"geometry":{"type":"Point","coordinates":[27.2100339,38.4674311]}},{"type":"Feature","id":"way/152752620","properties":{"addr:housename":"Selçuk Yaşar Kampüsü","addr:street":"Üniversite Caddesi","amenity":"university","education":"university","name":"Yaşar Üniversitesi","phone":"+90 232 411 50 00","wikidata":"Q8050681","wikimedia_commons":"Category:Yaşar University","wikipedia":"tr:Yaşar Üniversitesi","id":"way/152752620"},"geometry":{"type":"Point","coordinates":[27.2025546,38.4544258]}},{"type":"Feature","id":"way/153649384","properties":{"leisure":"park","id":"way/153649384"},"geometry":{"type":"Point","coordinates":[27.2095744,38.4521403]}},{"type":"Feature","id":"way/153649400","properties":{"leisure":"pitch","id":"way/153649400"},"geometry":{"type":"Point","coordinates":[27.2148056,38.4515495]}},{"type":"Feature","id":"way/153653883","properties":{"brand":"Migros","brand:wikidata":"Q1754510","brand:wikipedia":"en:Migros","building":"supermarket","check_date":"2024-06-22","name":"Migros","shop":"supermarket","id":"way/153653883"},"geometry":{"type":"Point","coordinates":[27.2114405,38.4516206]}},{"type":"Feature","id":"way/153653885","properties":{"addr:city":"İzmir","addr:district":"Bornova","addr:housenumber":"34","addr:neighbourhood":"Kazımdirik Mahallesi","addr:street":"372. Sokak","brand":"IKEA","brand:wikidata":"Q54078","brand:wikipedia":"en:IKEA","building":"yes","check_date":"2026-08-14","check_date:opening_hours":"2026-08-14","name":"IKEA","opening_hours":"Mo-Su 10:00-22:00","shop":"furniture","wikidata":"Q130009564","wikimedia_commons":"Category:IKEA İzmir","id":"way/153653885"},"geometry":{"type":"Point","coordinates":[27.2131229,38.4518374]}},{"type":"Feature","id":"way/153653899","properties":{"ele":"2","landuse":"retail","name":"Forum Bornova","shop":"mall","wikidata":"Q6055960","wikimedia_commons":"Category:Forum Bornova","wikipedia":"tr:Forum Bornova","id":"way/153653899"},"geometry":{"type":"Point","coordinates":[27.2111772,38.4508186]}},{"type":"Feature","id":"way/153690831","properties":{"leisure":"park","id":"way/153690831"},"geometry":{"type":"Point","coordinates":[27.2622012,38.4419489]}},{"type":"Feature","id":"way/153690836","properties":{"leisure":"park","id":"way/153690836"},"geometry":{"type":"Point","coordinates":[27.2617239,38.4405949]}},{"type":"Feature","id":"way/153690838","properties":{"leisure":"park","id":"way/153690838"},"geometry":{"type":"Point","coordinates":[27.2582933,38.4399311]}},{"type":"Feature","id":"way/154076952","properties":{"addr:city":"İzmir","addr:district":"Bornova","addr:housenumber":"41","addr:neighbourhood":"Kazımdirik","addr:postcode":"35100","addr:street":"Kurtuluş Caddesi","leisure":"park","name":"Bornova Kurtuluş Parkı","opening_hours":"24/7","id":"way/154076952"},"geometry":{"type":"Point","coordinates":[27.2051352,38.4591504]}},{"type":"Feature","id":"way/219225165","properties":{"amenity":"university","building":"school","int_name":"Ege University Faculty of Education","name":"Eğitim Fakültesi","operator":"Ege Üniversitesi","operator:type":"public","id":"way/219225165"},"geometry":{"type":"Point","coordinates":[27.2229522,38.4592159]}},{"type":"Feature","id":"way/219225850","properties":{"amenity":"university","building":"school","int_name":"Ege University Faculty of Sports Science","name":"Spor Bilimleri Fakültesi","operator":"Ege Üniversitesi","operator:type":"public","id":"way/219225850"},"geometry":{"type":"Point","coordinates":[27.223755,38.4592918]}},{"type":"Feature","id":"way/226067966","properties":{"amenity":"place_of_worship","building":"mosque","denomination":"sunni","name":"Mersinli Merkez Camii","religion":"muslim","id":"way/226067966"},"geometry":{"type":"Point","coordinates":[27.1806887,38.4400932]}},{"type":"Feature","id":"way/226073011","properties":{"amenity":"place_of_worship","building":"mosque","religion":"muslim","id":"way/226073011"},"geometry":{"type":"Point","coordinates":[27.1972533,38.4775207]}},{"type":"Feature","id":"way/232316823","properties":{"leisure":"park","id":"way/232316823"},"geometry":{"type":"Point","coordinates":[27.2734943,38.427824]}},{"type":"Feature","id":"way/232316825","properties":{"leisure":"park","id":"way/232316825"},"geometry":{"type":"Point","coordinates":[27.274993,38.4280072]}},{"type":"Feature","id":"node/268032405","properties":{"name":"Bölge","public_transport":"stop_position","railway":"stop","subway":"yes","id":"node/268032405"},"geometry":{"type":"Point","coordinates":[27.2014175,38.4549449]}},{"type":"Feature","id":"node/276564251","properties":{"name":"Stadyum","public_transport":"stop_position","railway":"stop","subway":"yes","id":"node/276564251"},"geometry":{"type":"Point","coordinates":[27.1807028,38.4423767]}},{"type":"Feature","id":"way/282852967","properties":{"leisure":"pitch","sport":"basketball","id":"way/282852967"},"geometry":{"type":"Point","coordinates":[27.2494378,38.4687401]}},{"type":"Feature","id":"way/282852968","properties":{"leisure":"pitch","sport":"basketball","id":"way/282852968"},"geometry":{"type":"Point","coordinates":[27.2514727,38.470846]}},{"type":"Feature","id":"way/282852969","properties":{"amenity":"clinic","building":"yes","healthcare":"clinic","name":"Evka - 3 10 Nolu Aile Sağlığı Merkezi","id":"way/282852969"},"geometry":{"type":"Point","coordinates":[27.2543163,38.4750808]}},{"type":"Feature","id":"way/282852970","properties":{"amenity":"school","name":"Yunus Emre Anadolu Lisesi","id":"way/282852970"},"geometry":{"type":"Point","coordinates":[27.2509499,38.4712215]}},{"type":"Feature","id":"way/282852973","properties":{"amenity":"school","name":"Bornova Cem Bakioğlu Anadolu Lisesi","id":"way/282852973"},"geometry":{"type":"Point","coordinates":[27.2480724,38.4660944]}},{"type":"Feature","id":"way/282852974","properties":{"leisure":"park","name":"Prof. Dr. Fevzi Önder Parkı","id":"way/282852974"},"geometry":{"type":"Point","coordinates":[27.2471184,38.4659433]}},{"type":"Feature","id":"way/282852975","properties":{"leisure":"park","id":"way/282852975"},"geometry":{"type":"Point","coordinates":[27.2498496,38.466789]}},{"type":"Feature","id":"way/282852976","properties":{"leisure":"park","id":"way/282852976"},"geometry":{"type":"Point","coordinates":[27.2489006,38.4670961]}},{"type":"Feature","id":"way/282856965","properties":{"amenity":"parking","id":"way/282856965"},"geometry":{"type":"Point","coordinates":[27.2516318,38.4671872]}},{"type":"Feature","id":"way/282856966","properties":{"leisure":"park","id":"way/282856966"},"geometry":{"type":"Point","coordinates":[27.2503174,38.4659956]}},{"type":"Feature","id":"way/282856967","properties":{"leisure":"park","id":"way/282856967"},"geometry":{"type":"Point","coordinates":[27.2493295,38.4643765]}},{"type":"Feature","id":"way/282856969","properties":{"leisure":"park","id":"way/282856969"},"geometry":{"type":"Point","coordinates":[27.2453151,38.4645392]}},{"type":"Feature","id":"way/282856970","properties":{"leisure":"park","id":"way/282856970"},"geometry":{"type":"Point","coordinates":[27.2451085,38.4656436]}},{"type":"Feature","id":"way/282856971","properties":{"amenity":"parking","id":"way/282856971"},"geometry":{"type":"Point","coordinates":[27.2454923,38.4654694]}},{"type":"Feature","id":"way/282856975","properties":{"amenity":"place_of_worship","building":"mosque","religion":"muslim","id":"way/282856975"},"geometry":{"type":"Point","coordinates":[27.2487828,38.4626148]}},{"type":"Feature","id":"way/282902613","properties":{"leisure":"pitch","sport":"basketball","id":"way/282902613"},"geometry":{"type":"Point","coordinates":[27.2482872,38.4658062]}},{"type":"Feature","id":"way/282902614","properties":{"leisure":"pitch","sport":"volleyball","id":"way/282902614"},"geometry":{"type":"Point","coordinates":[27.2479386,38.4658411]}},{"type":"Feature","id":"way/282902620","properties":{"leisure":"playground","id":"way/282902620"},"geometry":{"type":"Point","coordinates":[27.2486951,38.4675135]}},{"type":"Feature","id":"way/282902621","properties":{"leisure":"park","id":"way/282902621"},"geometry":{"type":"Point","coordinates":[27.2487098,38.4674069]}},{"type":"Feature","id":"way/282902624","properties":{"leisure":"park","id":"way/282902624"},"geometry":{"type":"Point","coordinates":[27.2484215,38.4677305]}},{"type":"Feature","id":"way/282902632","properties":{"amenity":"parking","id":"way/282902632"},"geometry":{"type":"Point","coordinates":[27.2503581,38.4687498]}},{"type":"Feature","id":"way/282912780","properties":{"leisure":"pitch","id":"way/282912780"},"geometry":{"type":"Point","coordinates":[27.2511043,38.4708638]}},{"type":"Feature","id":"way/282912798","properties":{"leisure":"pitch","sport":"volleyball","id":"way/282912798"},"geometry":{"type":"Point","coordinates":[27.2510353,38.4708501]}},{"type":"Feature","id":"way/282933360","properties":{"leisure":"playground","id":"way/282933360"},"geometry":{"type":"Point","coordinates":[27.2498403,38.4667921]}},{"type":"Feature","id":"way/282933361","properties":{"leisure":"playground","id":"way/282933361"},"geometry":{"type":"Point","coordinates":[27.2498303,38.4669706]}},{"type":"Feature","id":"way/282933371","properties":{"leisure":"playground","id":"way/282933371"},"geometry":{"type":"Point","coordinates":[27.2489791,38.4671738]}},{"type":"Feature","id":"way/282933387","properties":{"amenity":"parking","id":"way/282933387"},"geometry":{"type":"Point","coordinates":[27.2490233,38.4667303]}},{"type":"Feature","id":"way/282933388","properties":{"amenity":"parking","id":"way/282933388"},"geometry":{"type":"Point","coordinates":[27.2484794,38.4664453]}},{"type":"Feature","id":"way/282933398","properties":{"amenity":"parking","id":"way/282933398"},"geometry":{"type":"Point","coordinates":[27.2502718,38.4664823]}},{"type":"Feature","id":"way/282933404","properties":{"hoops":"2","leisure":"pitch","sport":"basketball","id":"way/282933404"},"geometry":{"type":"Point","coordinates":[27.2522977,38.4674964]}},{"type":"Feature","id":"way/282933406","properties":{"leisure":"park","id":"way/282933406"},"geometry":{"type":"Point","coordinates":[27.2520884,38.4679488]}},{"type":"Feature","id":"way/282933410","properties":{"building":"yes","name":"Park Bornova","phone":"+90232 373 75 76","shop":"mall","website":"https://www.parkbornova.com.tr/","wheelchair":"yes","wikidata":"Q25472354","wikipedia":"tr:Park Bornova Outlet Center","id":"way/282933410"},"geometry":{"type":"Point","coordinates":[27.2468323,38.4566655]}},{"type":"Feature","id":"way/282933411","properties":{"amenity":"parking","id":"way/282933411"},"geometry":{"type":"Point","coordinates":[27.2468334,38.4578401]}},{"type":"Feature","id":"way/282933413","properties":{"amenity":"parking","id":"way/282933413"},"geometry":{"type":"Point","coordinates":[27.2467801,38.4556353]}},{"type":"Feature","id":"way/282933415","properties":{"amenity":"parking","id":"way/282933415"},"geometry":{"type":"Point","coordinates":[27.2462997,38.457229]}},{"type":"Feature","id":"way/282933419","properties":{"leisure":"park","id":"way/282933419"},"geometry":{"type":"Point","coordinates":[27.2437148,38.4623326]}},{"type":"Feature","id":"way/282933420","properties":{"leisure":"pitch","sport":"soccer","id":"way/282933420"},"geometry":{"type":"Point","coordinates":[27.243519,38.4618088]}},{"type":"Feature","id":"way/282933422","properties":{"hoops":"2","leisure":"pitch","sport":"basketball","id":"way/282933422"},"geometry":{"type":"Point","coordinates":[27.2438557,38.4617667]}},{"type":"Feature","id":"way/282933424","properties":{"hoops":"3","leisure":"pitch","name":"Basket Potası","sport":"basketball","id":"way/282933424"},"geometry":{"type":"Point","coordinates":[27.2440875,38.4617509]}},{"type":"Feature","id":"way/282933432","properties":{"leisure":"park","id":"way/282933432"},"geometry":{"type":"Point","coordinates":[27.2449283,38.4663714]}},{"type":"Feature","id":"way/282933441","properties":{"amenity":"parking","id":"way/282933441"},"geometry":{"type":"Point","coordinates":[27.2440571,38.4659961]}},{"type":"Feature","id":"way/282933449","properties":{"amenity":"school","name":"Dr. Cavit Özyeğin İlkokulu","id":"way/282933449"},"geometry":{"type":"Point","coordinates":[27.2304334,38.4661963]}},{"type":"Feature","id":"way/282933450","properties":{"leisure":"park","id":"way/282933450"},"geometry":{"type":"Point","coordinates":[27.2319194,38.4664051]}},{"type":"Feature","id":"way/283146301","properties":{"amenity":"parking","id":"way/283146301"},"geometry":{"type":"Point","coordinates":[27.2520799,38.4676737]}},{"type":"Feature","id":"way/285868589","properties":{"brand":"Vatan Bilgisayar","brand:wikidata":"Q6048050","brand:wikipedia":"tr:Vatan Bilgisayar","building":"yes","name":"Vatan Bilgisayar","shop":"electronics","id":"way/285868589"},"geometry":{"type":"Point","coordinates":[27.1870585,38.4499107]}},{"type":"Feature","id":"way/285868944","properties":{"brand":"Koçtaş","brand:wikidata":"Q6057541","brand:wikipedia":"tr:Koçtaş","building":"yes","name":"Koçtaş","shop":"doityourself","id":"way/285868944"},"geometry":{"type":"Point","coordinates":[27.1848057,38.446853]}},{"type":"Feature","id":"way/285868958","properties":{"brand":"Ford","brand:wikidata":"Q44294","brand:wikipedia":"en:Ford Motor Company","building":"yes","name":"Ford Otokoç","shop":"car_repair","id":"way/285868958"},"geometry":{"type":"Point","coordinates":[27.1849759,38.4461063]}},{"type":"Feature","id":"way/285869184","properties":{"amenity":"bank","branch":"Bankası 3  Sanayi Şubesi","brand":"Yapı Kredi","brand:wikidata":"Q8049138","brand:wikipedia":"en:Yapı Kredi","building":"yes","name":"Yapı Kredi","id":"way/285869184"},"geometry":{"type":"Point","coordinates":[27.1855324,38.4474546]}},{"type":"Feature","id":"way/287672457","properties":{"amenity":"school","name":"İzmir Türk Koleji Bornova Kampüsü","id":"way/287672457"},"geometry":{"type":"Point","coordinates":[27.2260286,38.4464608]}},{"type":"Feature","id":"way/291488176","properties":{"amenity":"school","name":"Şehit Erkan Er Ortaokulu","operator":"Millî Eğitim Bakanlığı","operator:en":"Ministry of National Education","operator:short":"MEB","operator:tr":"Millî Eğitim Bakanlığı","operator:type":"government","operator:wikidata":"Q1359675","id":"way/291488176"},"geometry":{"type":"Point","coordinates":[27.2532208,38.4665238]}},{"type":"Feature","id":"way/291488178","properties":{"amenity":"place_of_worship","building":"mosque","religion":"muslim","id":"way/291488178"},"geometry":{"type":"Point","coordinates":[27.2511383,38.4729441]}},{"type":"Feature","id":"way/291488179","properties":{"leisure":"park","id":"way/291488179"},"geometry":{"type":"Point","coordinates":[27.251613,38.4728487]}},{"type":"Feature","id":"way/300619536","properties":{"amenity":"place_of_worship","building":"mosque","layer":"1","name":"Aksa Camii","religion":"muslim","id":"way/300619536"},"geometry":{"type":"Point","coordinates":[27.2105865,38.4814806]}},{"type":"Feature","id":"way/300619537","properties":{"leisure":"park","id":"way/300619537"},"geometry":{"type":"Point","coordinates":[27.2109447,38.481275]}},{"type":"Feature","id":"way/300619538","properties":{"leisure":"park","id":"way/300619538"},"geometry":{"type":"Point","coordinates":[27.2159372,38.4840188]}},{"type":"Feature","id":"way/300619539","properties":{"amenity":"place_of_worship","building":"mosque","name":"Nebevi Cami","religion":"muslim","id":"way/300619539"},"geometry":{"type":"Point","coordinates":[27.2160923,38.4868112]}},{"type":"Feature","id":"way/300619540","properties":{"leisure":"park","id":"way/300619540"},"geometry":{"type":"Point","coordinates":[27.2148747,38.4942927]}},{"type":"Feature","id":"way/304963688","properties":{"amenity":"place_of_worship","building":"mosque","religion":"muslim","id":"way/304963688"},"geometry":{"type":"Point","coordinates":[27.199663,38.4399306]}},{"type":"Feature","id":"way/304963691","properties":{"amenity":"place_of_worship","building":"mosque","name":"Emre Cami","religion":"muslim","id":"way/304963691"},"geometry":{"type":"Point","coordinates":[27.2026912,38.4453057]}},{"type":"Feature","id":"way/304963692","properties":{"amenity":"place_of_worship","building":"mosque","name":"Atatürk Mahallesi Camii","religion":"muslim","id":"way/304963692"},"geometry":{"type":"Point","coordinates":[27.2039812,38.4763992]}},{"type":"Feature","id":"way/305641140","properties":{"amenity":"school","operator":"Millî Eğitim Bakanlığı","operator:en":"Ministry of National Education","operator:short":"MEB","operator:tr":"Millî Eğitim Bakanlığı","operator:type":"government","operator:wikidata":"Q1359675","id":"way/305641140"},"geometry":{"type":"Point","coordinates":[27.2107328,38.4617049]}},{"type":"Feature","id":"node/332767438","properties":{"name":"Sanayi","public_transport":"stop_position","railway":"stop","subway":"yes","id":"node/332767438"},"geometry":{"type":"Point","coordinates":[27.1904639,38.4482983]}},{"type":"Feature","id":"way/358303026","properties":{"amenity":"kindergarten","name":"Ege Üniversitesi Kreşi","id":"way/358303026"},"geometry":{"type":"Point","coordinates":[27.2341134,38.4532071]}},{"type":"Feature","id":"node/358338979","properties":{"bus":"yes","highway":"bus_stop","name":"Otogar","operator":"Eshot","public_transport":"platform","shelter":"yes","id":"node/358338979"},"geometry":{"type":"Point","coordinates":[27.2129578,38.4304837]}},{"type":"Feature","id":"node/358351631","properties":{"bus":"yes","highway":"bus_stop","name":"Çamdibi Sağlık Ocağı","public_transport":"platform","id":"node/358351631"},"geometry":{"type":"Point","coordinates":[27.1807942,38.4352869]}},{"type":"Feature","id":"node/358351632","properties":{"bus":"yes","highway":"bus_stop","name":"Birlik Cami","public_transport":"platform","id":"node/358351632"},"geometry":{"type":"Point","coordinates":[27.1948862,38.4406651]}},{"type":"Feature","id":"node/358351634","properties":{"bus":"yes","highway":"bus_stop","name":"Sevgi","public_transport":"platform","id":"node/358351634"},"geometry":{"type":"Point","coordinates":[27.2023473,38.4363103]}},{"type":"Feature","id":"node/358351635","properties":{"bus":"yes","highway":"bus_stop","name":"Depo","public_transport":"platform","id":"node/358351635"},"geometry":{"type":"Point","coordinates":[27.20683,38.428677]}},{"type":"Feature","id":"node/358351655","properties":{"bus":"yes","highway":"bus_stop","name":"Mersinli Cami","public_transport":"platform","id":"node/358351655"},"geometry":{"type":"Point","coordinates":[27.181619,38.4398876]}},{"type":"Feature","id":"node/358606063","properties":{"addr:city":"İzmir","addr:district":"Bornova","addr:neighbourhood":"Erzene Mahallesi","addr:postcode":"35100","addr:street":"Ankara Caddesi","air_conditioning":"no","amenity":"bus_station","bench":"yes","bin":"yes","bus":"yes","ele":"0","email":"eshotgenelmudurlugu@hs01.kep.tr","internet_access":"no","level":"0","lit":"yes","name":"Bornova Metro","network":"Eshot","operator":"Eshot","phone":"+90 232 0 320","public_transport":"station","shelter":"yes","source":"local knowledge;aerial imagery","website":"https://www.eshot.gov.tr/","wheelchair":"yes","id":"node/358606063"},"geometry":{"type":"Point","coordinates":[27.21416,38.4585797]}},{"type":"Feature","id":"node/358618634","properties":{"bench":"yes","bin":"no","bus":"yes","highway":"bus_stop","name":"Ege Üniversitesi Hastanesi","network":"30272","operator":"Eshot","public_transport":"platform","shelter":"yes","id":"node/358618634"},"geometry":{"type":"Point","coordinates":[27.208221,38.4573293]}},{"type":"Feature","id":"node/358618636","properties":{"bus":"yes","highway":"bus_stop","name":"Ardıç","public_transport":"platform","id":"node/358618636"},"geometry":{"type":"Point","coordinates":[27.2145006,38.481568]}},{"type":"Feature","id":"node/358618637","properties":{"bench":"yes","bus":"yes","highway":"bus_stop","name":"Evka 4 Son Durak","network":"31370","operator":"Eshot","public_transport":"platform","shelter":"yes","id":"node/358618637"},"geometry":{"type":"Point","coordinates":[27.2140342,38.4950804]}},{"type":"Feature","id":"node/358633062","properties":{"bench":"yes","bin":"yes","bus":"yes","check_date:shelter":"2025-12-03","highway":"bus_stop","lit":"yes","name":"Hükümet Konağı","note":"fixme please","operator":"Eshot","public_transport":"platform","ref":"31291","shelter":"yes","id":"node/358633062"},"geometry":{"type":"Point","coordinates":[27.2200894,38.4661034]}},{"type":"Feature","id":"node/358633066","properties":{"bench":"yes","bin":"yes","bus":"yes","highway":"bus_stop","lit":"no","name":"Bornova Stadı","note":"fixme please","public_transport":"platform","ref":"30322","shelter":"yes","id":"node/358633066"},"geometry":{"type":"Point","coordinates":[27.2058227,38.4618222]}},{"type":"Feature","id":"way/376045176","properties":{"amenity":"place_of_worship","building":"mosque","name":"Çukurbahçe Camii","religion":"muslim","id":"way/376045176"},"geometry":{"type":"Point","coordinates":[27.1931687,38.4724562]}},{"type":"Feature","id":"way/376080377","properties":{"amenity":"place_of_worship","building":"mosque","denomination":"sunni","name":"Eğridere Camii","religion":"muslim","source":"bing","id":"way/376080377"},"geometry":{"type":"Point","coordinates":[27.216686,38.5006641]}},{"type":"Feature","id":"way/376080379","properties":{"addr:housenumber":"10","addr:street":"Ahmet Avrası Cd","amenity":"school","name":"Şehit Onbaşı Ali Güner Yeşilbağ İlkokulu","website":"https://sehitonbasialiguneryesilbag.meb.k12.tr","id":"way/376080379"},"geometry":{"type":"Point","coordinates":[27.2157104,38.4902417]}},{"type":"Feature","id":"way/376080380","properties":{"amenity":"place_of_worship","building":"mosque","denomination":"sunni","name":"Gayrettepe Camii","religion":"muslim","id":"way/376080380"},"geometry":{"type":"Point","coordinates":[27.2177412,38.4776042]}},{"type":"Feature","id":"way/376080382","properties":{"amenity":"place_of_worship","building":"mosque","denomination":"sunni","name":"Laletepe Camii","religion":"muslim","id":"way/376080382"},"geometry":{"type":"Point","coordinates":[27.2202902,38.4734374]}},{"type":"Feature","id":"way/376080383","properties":{"amenity":"place_of_worship","building":"mosque","name":"Şehitler Camii","religion":"muslim","id":"way/376080383"},"geometry":{"type":"Point","coordinates":[27.217394,38.4703557]}},{"type":"Feature","id":"way/376080386","properties":{"leisure":"park","name":"Hacı Kadir Özmen Kavşağı","roundabout":"yes","id":"way/376080386"},"geometry":{"type":"Point","coordinates":[27.2082772,38.4723393]}},{"type":"Feature","id":"way/376236388","properties":{"amenity":"place_of_worship","building":"mosque","denomination":"sunni","religion":"muslim","source":"maxar","id":"way/376236388"},"geometry":{"type":"Point","coordinates":[27.3161733,38.4490669]}},{"type":"Feature","id":"way/376240240","properties":{"amenity":"place_of_worship","building":"mosque","denomination":"sunni","name":"Huzur Camii","religion":"muslim","source":"bing","id":"way/376240240"},"geometry":{"type":"Point","coordinates":[27.2158608,38.4816318]}},{"type":"Feature","id":"way/376240241","properties":{"amenity":"place_of_worship","building":"mosque","denomination":"sunni","religion":"muslim","id":"way/376240241"},"geometry":{"type":"Point","coordinates":[27.1916717,38.4755894]}},{"type":"Feature","id":"way/376242609","properties":{"addr:housenumber":"48/1","amenity":"place_of_worship","building":"mosque","height":"3","name":"Laka Mahallesi Camii","religion":"muslim","id":"way/376242609"},"geometry":{"type":"Point","coordinates":[27.1872501,38.489044]}},{"type":"Feature","id":"way/376246052","properties":{"amenity":"place_of_worship","building":"mosque","religion":"muslim","id":"way/376246052"},"geometry":{"type":"Point","coordinates":[27.2043429,38.4264863]}},{"type":"Feature","id":"way/376247035","properties":{"amenity":"place_of_worship","building":"mosque","denomination":"sunni","religion":"muslim","source":"bing","id":"way/376247035"},"geometry":{"type":"Point","coordinates":[27.2005429,38.4339728]}},{"type":"Feature","id":"way/376247037","properties":{"addr:city":"İzmir","amenity":"place_of_worship","building":"mosque","denomination":"sunni","name":"Yıldırım Beyazıt Cami","religion":"muslim","source":"bing","id":"way/376247037"},"geometry":{"type":"Point","coordinates":[27.189447,38.4397171]}},{"type":"Feature","id":"way/377343348","properties":{"amenity":"place_of_worship","building":"mosque","religion":"muslim","id":"way/377343348"},"geometry":{"type":"Point","coordinates":[27.2719489,38.429879]}},{"type":"Feature","id":"way/377343349","properties":{"amenity":"place_of_worship","building":"mosque","religion":"muslim","id":"way/377343349"},"geometry":{"type":"Point","coordinates":[27.2796786,38.4389453]}},{"type":"Feature","id":"way/378450822","properties":{"amenity":"cafe","building":"commercial","name":"Enerji Cafe","id":"way/378450822"},"geometry":{"type":"Point","coordinates":[27.189757,38.4452316]}},{"type":"Feature","id":"way/378452873","properties":{"building":"yes","tourism":"guest_house","id":"way/378452873"},"geometry":{"type":"Point","coordinates":[27.1895787,38.4469454]}},{"type":"Feature","id":"way/378462617","properties":{"amenity":"place_of_worship","building":"mosque","religion":"muslim","id":"way/378462617"},"geometry":{"type":"Point","coordinates":[27.1879082,38.4370867]}},{"type":"Feature","id":"way/378462618","properties":{"amenity":"place_of_worship","religion":"muslim","id":"way/378462618"},"geometry":{"type":"Point","coordinates":[27.191543,38.4350561]}},{"type":"Feature","id":"way/378647000","properties":{"leisure":"park","name":"Mehmet Suphi Kula Parkı","natural":"grass","id":"way/378647000"},"geometry":{"type":"Point","coordinates":[27.2108573,38.4608381]}},{"type":"Feature","id":"way/378649994","properties":{"amenity":"kindergarten","name":"Özel ÜNTAŞ Çamlık Anaokulu","id":"way/378649994"},"geometry":{"type":"Point","coordinates":[27.2114456,38.4591246]}},{"type":"Feature","id":"way/383622484","properties":{"leisure":"park","id":"way/383622484"},"geometry":{"type":"Point","coordinates":[27.2181741,38.4772154]}},{"type":"Feature","id":"way/385827280","properties":{"leisure":"park","id":"way/385827280"},"geometry":{"type":"Point","coordinates":[27.2069811,38.4854291]}},{"type":"Feature","id":"way/385827281","properties":{"leisure":"park","id":"way/385827281"},"geometry":{"type":"Point","coordinates":[27.2089324,38.4814253]}},{"type":"Feature","id":"way/385827282","properties":{"leisure":"park","id":"way/385827282"},"geometry":{"type":"Point","coordinates":[27.2070187,38.4796742]}},{"type":"Feature","id":"way/385839287","properties":{"leisure":"park","id":"way/385839287"},"geometry":{"type":"Point","coordinates":[27.2022092,38.4198871]}},{"type":"Feature","id":"way/393585647","properties":{"leisure":"park","id":"way/393585647"},"geometry":{"type":"Point","coordinates":[27.2407763,38.4624793]}},{"type":"Feature","id":"way/393585648","properties":{"leisure":"park","id":"way/393585648"},"geometry":{"type":"Point","coordinates":[27.2421217,38.4623874]}},{"type":"Feature","id":"way/418122636","properties":{"amenity":"place_of_worship","building":"mosque","denomination":"sunni","name":"Ali Rıza Güven Cami","religion":"muslim","source":"bing","id":"way/418122636"},"geometry":{"type":"Point","coordinates":[27.2294261,38.4691665]}},{"type":"Feature","id":"way/425641060","properties":{"addr:housenumber":"24/1","building":"yes","fee":"no","height":"9","leisure":"sports_centre","name":"Bornova Naim Süleymanoğlu Evka-4 Spor Kompleksi","id":"way/425641060"},"geometry":{"type":"Point","coordinates":[27.2139465,38.4891978]}},{"type":"Feature","id":"way/427783225","properties":{"addr:housenumber":"1","amenity":"place_of_worship","building":"mosque","denomination":"sunni","height":"9","name":"Mehmet Akif Cami","religion":"muslim","id":"way/427783225"},"geometry":{"type":"Point","coordinates":[27.2155794,38.4911506]}},{"type":"Feature","id":"way/447140958","properties":{"leisure":"park","id":"way/447140958"},"geometry":{"type":"Point","coordinates":[27.2049649,38.4872067]}},{"type":"Feature","id":"way/491079246","properties":{"amenity":"cafe","building":"yes","name":"Havuzlu Kahve","id":"way/491079246"},"geometry":{"type":"Point","coordinates":[27.1970734,38.4259906]}},{"type":"Feature","id":"node/491834095","properties":{"amenity":"bus_station","highway":"turning_circle","name":"İZYUVA","id":"node/491834095"},"geometry":{"type":"Point","coordinates":[27.2419815,38.4767728]}},{"type":"Feature","id":"way/494708561","properties":{"access":"yes","amenity":"parking","fee":"no","name":"EVKA3 Aktarma İstasyonu Otoparkı","parking":"surface","id":"way/494708561"},"geometry":{"type":"Point","coordinates":[27.2293075,38.4655584]}},{"type":"Feature","id":"way/499978075","properties":{"building":"yes","leisure":"fitness_centre","name":"Spor Salonu","name:en":"Gym","sport":"basketball;volleyball;multi","id":"way/499978075"},"geometry":{"type":"Point","coordinates":[27.2339951,38.4545961]}},{"type":"Feature","id":"way/499978076","properties":{"hoops":"2","leisure":"pitch","name":"Basket Sahası","name:en":"Basketball Court","sport":"basketball","surface":"asphalt","id":"way/499978076"},"geometry":{"type":"Point","coordinates":[27.2339659,38.4543655]}},{"type":"Feature","id":"way/499978077","properties":{"leisure":"pitch","lit":"no","name":"Halı Saha","sport":"soccer","surface":"gravel","id":"way/499978077"},"geometry":{"type":"Point","coordinates":[27.233758,38.4539394]}},{"type":"Feature","id":"way/499978079","properties":{"amenity":"restaurant","building":"yes","name":"Yemekhane","name:en":"Canteen","outdoor_seating":"no","smoking":"no","takeaway":"no","id":"way/499978079"},"geometry":{"type":"Point","coordinates":[27.2343691,38.4539996]}},{"type":"Feature","id":"way/499978080","properties":{"building":"yes","name":"Kantin","name:en":"Deli / Shop","shop":"kiosk","id":"way/499978080"},"geometry":{"type":"Point","coordinates":[27.2343851,38.454246]}},{"type":"Feature","id":"way/499978083","properties":{"access":"private","amenity":"parking","fee":"no","park_ride":"no","parking":"surface","supervised":"no","surface":"concrete","id":"way/499978083"},"geometry":{"type":"Point","coordinates":[27.2333757,38.4541999]}},{"type":"Feature","id":"way/501241181","properties":{"leisure":"pitch","source":"bing","sport":"soccer","id":"way/501241181"},"geometry":{"type":"Point","coordinates":[27.1976913,38.445481]}},{"type":"Feature","id":"way/501241182","properties":{"leisure":"pitch","name":"Yusuf Tırpancı Futbol Sahası","source":"bing","sport":"soccer","wikidata":"Q72285041","wikimedia_commons":"Category:Yusuf Tırpancı Football Field","wikipedia":"tr:Yusuf Tırpancı Stadyumu","id":"way/501241182"},"geometry":{"type":"Point","coordinates":[27.2037796,38.447109]}},{"type":"Feature","id":"way/501241183","properties":{"leisure":"pitch","source":"bing","sport":"soccer","id":"way/501241183"},"geometry":{"type":"Point","coordinates":[27.2024891,38.4468675]}},{"type":"Feature","id":"way/501241184","properties":{"leisure":"pitch","source":"bing","sport":"soccer","id":"way/501241184"},"geometry":{"type":"Point","coordinates":[27.2237128,38.446252]}},{"type":"Feature","id":"way/501241185","properties":{"leisure":"pitch","source":"bing","sport":"soccer","id":"way/501241185"},"geometry":{"type":"Point","coordinates":[27.2239332,38.4465606]}},{"type":"Feature","id":"way/501241186","properties":{"leisure":"pitch","source":"bing","sport":"soccer","id":"way/501241186"},"geometry":{"type":"Point","coordinates":[27.222106,38.44841]}},{"type":"Feature","id":"way/501241187","properties":{"leisure":"pitch","source":"bing","sport":"soccer","id":"way/501241187"},"geometry":{"type":"Point","coordinates":[27.2215573,38.4493382]}},{"type":"Feature","id":"way/501241188","properties":{"leisure":"pitch","source":"bing","sport":"soccer","id":"way/501241188"},"geometry":{"type":"Point","coordinates":[27.2216104,38.4491027]}},{"type":"Feature","id":"way/501241189","properties":{"leisure":"pitch","source":"bing","sport":"soccer","id":"way/501241189"},"geometry":{"type":"Point","coordinates":[27.2193921,38.4488923]}},{"type":"Feature","id":"way/501241190","properties":{"leisure":"pitch","source":"bing","sport":"soccer","id":"way/501241190"},"geometry":{"type":"Point","coordinates":[27.2196761,38.4489729]}},{"type":"Feature","id":"way/501241191","properties":{"leisure":"pitch","source":"bing","sport":"soccer","id":"way/501241191"},"geometry":{"type":"Point","coordinates":[27.2199611,38.4490534]}},{"type":"Feature","id":"way/501458294","properties":{"leisure":"pitch","source":"bing","sport":"soccer","id":"way/501458294"},"geometry":{"type":"Point","coordinates":[27.2842153,38.438901]}},{"type":"Feature","id":"way/501458296","properties":{"amenity":"place_of_worship","building":"mosque","denomination":"sunni","name":"Hurdacılar Sitesi Cami","religion":"muslim","source":"bing","id":"way/501458296"},"geometry":{"type":"Point","coordinates":[27.2585319,38.451064]}},{"type":"Feature","id":"way/501458297","properties":{"leisure":"pitch","name":"Bornova Doğanlar Sağası","source":"bing","sport":"soccer","id":"way/501458297"},"geometry":{"type":"Point","coordinates":[27.2540833,38.450951]}},{"type":"Feature","id":"way/501458300","properties":{"amenity":"place_of_worship","building":"mosque","denomination":"sunni","name":"Doğanlar Fatih Camisi","religion":"muslim","source":"bing","id":"way/501458300"},"geometry":{"type":"Point","coordinates":[27.2462046,38.4464818]}},{"type":"Feature","id":"way/501458302","properties":{"int_name":"Ege University Stadium","leisure":"pitch","lit":"yes","name":"Ege Üniversitesi Stadyumu","source":"bing","sport":"soccer","surface":"grass","id":"way/501458302"},"geometry":{"type":"Point","coordinates":[27.2293861,38.4545472]}},{"type":"Feature","id":"way/501458303","properties":{"leisure":"pitch","source":"bing","sport":"soccer","id":"way/501458303"},"geometry":{"type":"Point","coordinates":[27.2275076,38.4491373]}},{"type":"Feature","id":"way/501458344","properties":{"leisure":"pitch","source":"bing","sport":"tennis","id":"way/501458344"},"geometry":{"type":"Point","coordinates":[27.1893607,38.4455412]}},{"type":"Feature","id":"way/501458345","properties":{"leisure":"pitch","source":"bing","sport":"soccer","id":"way/501458345"},"geometry":{"type":"Point","coordinates":[27.1900182,38.4454014]}},{"type":"Feature","id":"way/501458349","properties":{"leisure":"pitch","source":"bing","sport":"soccer","id":"way/501458349"},"geometry":{"type":"Point","coordinates":[27.1809509,38.4432738]}},{"type":"Feature","id":"way/501458350","properties":{"leisure":"pitch","source":"bing","sport":"soccer","id":"way/501458350"},"geometry":{"type":"Point","coordinates":[27.1805788,38.4432677]}},{"type":"Feature","id":"way/501458354","properties":{"leisure":"pitch","source":"bing","sport":"soccer","id":"way/501458354"},"geometry":{"type":"Point","coordinates":[27.1838235,38.4310612]}},{"type":"Feature","id":"way/501458357","properties":{"leisure":"pitch","source":"bing","sport":"soccer","id":"way/501458357"},"geometry":{"type":"Point","coordinates":[27.2049474,38.4327607]}},{"type":"Feature","id":"way/501458358","properties":{"leisure":"pitch","source":"bing","sport":"soccer","id":"way/501458358"},"geometry":{"type":"Point","coordinates":[27.207388,38.4268663]}},{"type":"Feature","id":"way/501458359","properties":{"leisure":"pitch","source":"bing","sport":"soccer","id":"way/501458359"},"geometry":{"type":"Point","coordinates":[27.2073865,38.4266194]}},{"type":"Feature","id":"way/501458360","properties":{"leisure":"pitch","source":"bing","sport":"soccer","id":"way/501458360"},"geometry":{"type":"Point","coordinates":[27.2090759,38.4265245]}},{"type":"Feature","id":"way/502766085","properties":{"amenity":"place_of_worship","building":"mosque","denomination":"sunni","name":"Cami","religion":"muslim","source":"bing","id":"way/502766085"},"geometry":{"type":"Point","coordinates":[27.2991129,38.4469795]}},{"type":"Feature","id":"way/502766089","properties":{"leisure":"swimming_pool","source":"bing","sport":"swimming","id":"way/502766089"},"geometry":{"type":"Point","coordinates":[27.264216,38.4443328]}},{"type":"Feature","id":"way/502766093","properties":{"leisure":"pitch","source":"bing","sport":"soccer","surface":"grass","id":"way/502766093"},"geometry":{"type":"Point","coordinates":[27.2019464,38.483277]}},{"type":"Feature","id":"way/502766097","properties":{"leisure":"pitch","source":"bing","sport":"soccer","id":"way/502766097"},"geometry":{"type":"Point","coordinates":[27.2131817,38.4886811]}},{"type":"Feature","id":"way/502766101","properties":{"leisure":"pitch","source":"bing","sport":"soccer","id":"way/502766101"},"geometry":{"type":"Point","coordinates":[27.2128428,38.4886968]}},{"type":"Feature","id":"way/502766103","properties":{"amenity":"place_of_worship","building":"mosque","denomination":"sunni","name":"Cami","religion":"muslim","source":"bing","id":"way/502766103"},"geometry":{"type":"Point","coordinates":[27.2439775,38.4731193]}},{"type":"Feature","id":"way/502766106","properties":{"building":"yes","leisure":"sports_centre","name":"Bornova Kapalı Spor Salonu","source":"bing","id":"way/502766106"},"geometry":{"type":"Point","coordinates":[27.208215,38.4627855]}},{"type":"Feature","id":"way/502766107","properties":{"addr:housename":"Bornova Stadyumu","addr:street":"Gediz Caddesi","leisure":"pitch","name":"Bornova Stadyumu","source":"bing","sport":"soccer","id":"way/502766107"},"geometry":{"type":"Point","coordinates":[27.2078131,38.4634491]}},{"type":"Feature","id":"way/502766110","properties":{"leisure":"pitch","source":"bing","sport":"soccer","id":"way/502766110"},"geometry":{"type":"Point","coordinates":[27.1862588,38.4269984]}},{"type":"Feature","id":"way/502921845","properties":{"amenity":"school","building":"school","name":"Uzunhasan İlköğretim Okulu","source":"bing","id":"way/502921845"},"geometry":{"type":"Point","coordinates":[27.1809924,38.4395102]}},{"type":"Feature","id":"way/502921886","properties":{"leisure":"pitch","source":"bing","sport":"soccer","id":"way/502921886"},"geometry":{"type":"Point","coordinates":[27.1898304,38.4796767]}},{"type":"Feature","id":"way/502921893","properties":{"amenity":"place_of_worship","building":"mosque","denomination":"sunni","name":"Barbaros Hayrettin Cami","religion":"muslim","source":"bing","id":"way/502921893"},"geometry":{"type":"Point","coordinates":[27.2010648,38.4838199]}},{"type":"Feature","id":"way/502921949","properties":{"amenity":"place_of_worship","building":"mosque","denomination":"sunni","name":"Esentepe Camii","religion":"muslim","source":"bing","id":"way/502921949"},"geometry":{"type":"Point","coordinates":[27.2120588,38.4778186]}},{"type":"Feature","id":"way/503091360","properties":{"amenity":"school","education":"school","name":"Suphi Koyuncuoğlu Anadolu Lisesi","operator":"Milli Eğitim Bakanlığı","operator:short":"MEB","operator:type":"public","operator:wikidata":"Q1359675","source":"bing","id":"way/503091360"},"geometry":{"type":"Point","coordinates":[27.2235048,38.4615723]}},{"type":"Feature","id":"way/503091364","properties":{"leisure":"pitch","source":"bing","sport":"tennis","id":"way/503091364"},"geometry":{"type":"Point","coordinates":[27.2149087,38.4551949]}},{"type":"Feature","id":"way/503091365","properties":{"leisure":"pitch","source":"bing","sport":"tennis","id":"way/503091365"},"geometry":{"type":"Point","coordinates":[27.2149165,38.4555377]}},{"type":"Feature","id":"way/503091366","properties":{"leisure":"pitch","source":"bing","sport":"tennis","id":"way/503091366"},"geometry":{"type":"Point","coordinates":[27.215137,38.4555408]}},{"type":"Feature","id":"way/503091367","properties":{"leisure":"pitch","source":"bing","sport":"tennis","id":"way/503091367"},"geometry":{"type":"Point","coordinates":[27.2153432,38.4555436]}},{"type":"Feature","id":"way/503091368","properties":{"building":"yes","leisure":"fitness_centre","name":"20 Mayıs Spor Tesisleri","source":"bing","sport":"gymnastics","id":"way/503091368"},"geometry":{"type":"Point","coordinates":[27.2286402,38.4545225]}},{"type":"Feature","id":"way/503091369","properties":{"leisure":"swimming_pool","source":"bing","sport":"swimming","id":"way/503091369"},"geometry":{"type":"Point","coordinates":[27.2315403,38.4545828]}},{"type":"Feature","id":"way/503091370","properties":{"leisure":"pitch","source":"bing","sport":"soccer","id":"way/503091370"},"geometry":{"type":"Point","coordinates":[27.2311126,38.4540449]}},{"type":"Feature","id":"way/503091373","properties":{"leisure":"pitch","source":"bing","sport":"soccer","id":"way/503091373"},"geometry":{"type":"Point","coordinates":[27.2321212,38.4506573]}},{"type":"Feature","id":"way/503091376","properties":{"amenity":"place_of_worship","building":"mosque","denomination":"sunni","name":"Hasanağa Camii","religion":"muslim","source":"bing","id":"way/503091376"},"geometry":{"type":"Point","coordinates":[27.2338453,38.4477746]}},{"type":"Feature","id":"way/503091379","properties":{"amenity":"place_of_worship","building":"mosque","denomination":"sunni","name":"Yavuz Sultan Cami","religion":"muslim","source":"bing","id":"way/503091379"},"geometry":{"type":"Point","coordinates":[27.2284109,38.4416797]}},{"type":"Feature","id":"way/503091380","properties":{"leisure":"pitch","source":"bing","sport":"soccer","id":"way/503091380"},"geometry":{"type":"Point","coordinates":[27.2326566,38.4383927]}},{"type":"Feature","id":"way/503091381","properties":{"leisure":"pitch","source":"bing","sport":"soccer","id":"way/503091381"},"geometry":{"type":"Point","coordinates":[27.2392867,38.4312645]}},{"type":"Feature","id":"way/503091382","properties":{"leisure":"pitch","source":"bing","sport":"soccer","id":"way/503091382"},"geometry":{"type":"Point","coordinates":[27.2396242,38.4313035]}},{"type":"Feature","id":"way/503177015","properties":{"amenity":"place_of_worship","building":"mosque","denomination":"sunni","name":"Cami","religion":"muslim","source":"bing","id":"way/503177015"},"geometry":{"type":"Point","coordinates":[27.2571466,38.4367906]}},{"type":"Feature","id":"way/503618137","properties":{"amenity":"place_of_worship","building":"mosque","denomination":"sunni","religion":"muslim","source":"bing","id":"way/503618137"},"geometry":{"type":"Point","coordinates":[27.2069921,38.4401854]}},{"type":"Feature","id":"way/503618166","properties":{"amenity":"marketplace","building":"yes","name":"Çamdibi Pazar Yeri","name:de":"Marktplatz","name:en":"Market square","name:es":"Plaza de mercado","name:fr":"Place du marché","name:tr":"Çamdibi Pazar Yeri","old_name":"Pazar yeri","source":"bing","id":"way/503618166"},"geometry":{"type":"Point","coordinates":[27.1926475,38.435383]}},{"type":"Feature","id":"way/503618508","properties":{"amenity":"place_of_worship","building":"mosque","denomination":"sunni","religion":"muslim","source":"bing","id":"way/503618508"},"geometry":{"type":"Point","coordinates":[27.2094894,38.4440652]}},{"type":"Feature","id":"way/503618509","properties":{"amenity":"place_of_worship","building":"mosque","denomination":"sunni","religion":"muslim","source":"bing","id":"way/503618509"},"geometry":{"type":"Point","coordinates":[27.2069877,38.4424835]}},{"type":"Feature","id":"way/527804662","properties":{"leisure":"playground","id":"way/527804662"},"geometry":{"type":"Point","coordinates":[27.2029159,38.4621173]}},{"type":"Feature","id":"way/527901378","properties":{"amenity":"parking","id":"way/527901378"},"geometry":{"type":"Point","coordinates":[27.2081922,38.4664523]}},{"type":"Feature","id":"way/527901411","properties":{"amenity":"parking","id":"way/527901411"},"geometry":{"type":"Point","coordinates":[27.2069336,38.4661536]}},{"type":"Feature","id":"way/527901443","properties":{"amenity":"parking","id":"way/527901443"},"geometry":{"type":"Point","coordinates":[27.2123063,38.4685518]}},{"type":"Feature","id":"way/527913215","properties":{"leisure":"park","id":"way/527913215"},"geometry":{"type":"Point","coordinates":[27.2132905,38.4646727]}},{"type":"Feature","id":"way/528110377","properties":{"garden:type":"botanical","leisure":"garden","name":"Edward Whittall Bahçesi","id":"way/528110377"},"geometry":{"type":"Point","coordinates":[27.2185524,38.4611941]}},{"type":"Feature","id":"way/528137826","properties":{"leisure":"park","id":"way/528137826"},"geometry":{"type":"Point","coordinates":[27.2014691,38.4421311]}},{"type":"Feature","id":"way/528137829","properties":{"leisure":"park","id":"way/528137829"},"geometry":{"type":"Point","coordinates":[27.2042153,38.4429976]}},{"type":"Feature","id":"way/528137831","properties":{"leisure":"park","id":"way/528137831"},"geometry":{"type":"Point","coordinates":[27.2031343,38.4430058]}},{"type":"Feature","id":"way/528672469","properties":{"leisure":"park","id":"way/528672469"},"geometry":{"type":"Point","coordinates":[27.2269403,38.4660014]}},{"type":"Feature","id":"way/528674270","properties":{"garden:type":"university","leisure":"garden","name":"Botanik Bahçesi ve Herbaryum","opening_hours":"Mo-Fr 08:00-17:00","operator":"Ege Üniversitesi","operator:type":"university","website":"https://botanik.ege.edu.tr/","id":"way/528674270"},"geometry":{"type":"Point","coordinates":[27.233503,38.4591167]}},{"type":"Feature","id":"way/528674475","properties":{"leisure":"pitch","sport":"soccer","id":"way/528674475"},"geometry":{"type":"Point","coordinates":[27.2308458,38.4598222]}},{"type":"Feature","id":"way/530472443","properties":{"leisure":"park","name":"Evka 3 Parkı","id":"way/530472443"},"geometry":{"type":"Point","coordinates":[27.2544818,38.4733062]}},{"type":"Feature","id":"way/530476233","properties":{"leisure":"park","id":"way/530476233"},"geometry":{"type":"Point","coordinates":[27.2539399,38.4735697]}},{"type":"Feature","id":"way/530476234","properties":{"leisure":"park","name":"Evka-3 Parkı","id":"way/530476234"},"geometry":{"type":"Point","coordinates":[27.2537481,38.473136]}},{"type":"Feature","id":"node/534672062","properties":{"name":"Evka 3","public_transport":"stop_position","railway":"stop","subway":"yes","id":"node/534672062"},"geometry":{"type":"Point","coordinates":[27.2286082,38.4651588]}},{"type":"Feature","id":"node/539531209","properties":{"bus":"yes","highway":"bus_stop","name":"Karşıyaka-Bornova Minibüs Durağı","operator":"TESK/Türkiye Minibüsçüler Odası","public_transport":"platform","id":"node/539531209"},"geometry":{"type":"Point","coordinates":[27.2110353,38.4596893]}},{"type":"Feature","id":"way/540166070","properties":{"leisure":"park","id":"way/540166070"},"geometry":{"type":"Point","coordinates":[27.1947311,38.4829546]}},{"type":"Feature","id":"way/547954768","properties":{"leisure":"park","id":"way/547954768"},"geometry":{"type":"Point","coordinates":[27.2102488,38.4599028]}},{"type":"Feature","id":"way/547954769","properties":{"leisure":"park","name":"Şehit Jandarma Er Mustafa Nerkis Parkı","id":"way/547954769"},"geometry":{"type":"Point","coordinates":[27.2097384,38.4604971]}},{"type":"Feature","id":"way/547964855","properties":{"leisure":"park","name":"Özgecan Aslan Parkı","id":"way/547964855"},"geometry":{"type":"Point","coordinates":[27.2073723,38.4603108]}},{"type":"Feature","id":"way/549904173","properties":{"leisure":"park","name":"Yeşil Alan","id":"way/549904173"},"geometry":{"type":"Point","coordinates":[27.2170006,38.4519287]}},{"type":"Feature","id":"way/550806652","properties":{"leisure":"park","name":"Çocuk Hastanesi Önü Parkı","id":"way/550806652"},"geometry":{"type":"Point","coordinates":[27.2129642,38.454285]}},{"type":"Feature","id":"way/552348287","properties":{"leisure":"park","name":"Öğrenci Köyü Parkı","id":"way/552348287"},"geometry":{"type":"Point","coordinates":[27.2161943,38.4512654]}},{"type":"Feature","id":"way/552464975","properties":{"leisure":"park","id":"way/552464975"},"geometry":{"type":"Point","coordinates":[27.2168526,38.4514706]}},{"type":"Feature","id":"way/552591218","properties":{"amenity":"theatre","name":"Amfi","theatre:type":"amphi","id":"way/552591218"},"geometry":{"type":"Point","coordinates":[27.2123404,38.4557592]}},{"type":"Feature","id":"way/553085615","properties":{"amenity":"school","id":"way/553085615"},"geometry":{"type":"Point","coordinates":[27.1811429,38.4393707]}},{"type":"Feature","id":"way/553254047","properties":{"amenity":"fire_station","building":"yes","check_date":"2026-02-03","name":"Bornova İtfaiye","id":"way/553254047"},"geometry":{"type":"Point","coordinates":[27.2278188,38.4608836]}},{"type":"Feature","id":"way/553743358","properties":{"leisure":"park","wheelchair":"limited","id":"way/553743358"},"geometry":{"type":"Point","coordinates":[27.2011037,38.4588254]}},{"type":"Feature","id":"way/555910015","properties":{"leisure":"park","id":"way/555910015"},"geometry":{"type":"Point","coordinates":[27.2236078,38.4681716]}},{"type":"Feature","id":"way/560977496","properties":{"leisure":"park","id":"way/560977496"},"geometry":{"type":"Point","coordinates":[27.227565,38.4687161]}},{"type":"Feature","id":"way/560977499","properties":{"amenity":"place_of_worship","building":"mosque","denomination":"sunni","name":"Gaziler Camii","religion":"muslim","id":"way/560977499"},"geometry":{"type":"Point","coordinates":[27.2265975,38.4677389]}},{"type":"Feature","id":"way/567116952","properties":{"amenity":"place_of_worship","building":"mosque","denomination":"sunni","name":"Sütçü Hacı Hasan Camii","religion":"muslim","id":"way/567116952"},"geometry":{"type":"Point","coordinates":[27.1937092,38.4296133]}},{"type":"Feature","id":"way/567116953","properties":{"amenity":"place_of_worship","building":"mosque","religion":"muslim","id":"way/567116953"},"geometry":{"type":"Point","coordinates":[27.1995826,38.4286566]}},{"type":"Feature","id":"way/567116955","properties":{"amenity":"place_of_worship","building":"mosque","name":"Halife Ömer Camii","religion":"muslim","id":"way/567116955"},"geometry":{"type":"Point","coordinates":[27.2075677,38.4307768]}},{"type":"Feature","id":"way/567116956","properties":{"addr:city":"İzmir","addr:district":"Bornova","addr:housenumber":"45","addr:neighbourhood":"Mevlana Mahallesi","addr:postcode":"35050","addr:street":"1700 Sk","amenity":"place_of_worship","building":"mosque","denomination":"sunni","name":"Üniversite Camii","religion":"muslim","id":"way/567116956"},"geometry":{"type":"Point","coordinates":[27.239095,38.4506342]}},{"type":"Feature","id":"way/567116961","properties":{"leisure":"park","id":"way/567116961"},"geometry":{"type":"Point","coordinates":[27.2716342,38.4276278]}},{"type":"Feature","id":"way/567116962","properties":{"amenity":"place_of_worship","building":"mosque","name":"Güreler Camii","religion":"muslim","id":"way/567116962"},"geometry":{"type":"Point","coordinates":[27.1902949,38.4304635]}},{"type":"Feature","id":"way/567176099","properties":{"leisure":"park","id":"way/567176099"},"geometry":{"type":"Point","coordinates":[27.2048851,38.4811153]}},{"type":"Feature","id":"way/567176100","properties":{"addr:city":"İzmir","addr:district":"Bornova","addr:housenumber":"NO:2","addr:neighbourhood":"Atatürk Mahallesi","addr:street":"Türkay Caddesi","amenity":"school","building":"residential","grades":"9-12","name":"Seyit Şanlı Anadolu Lisesi","operator":"Milli Eğitim Bakanlığı","operator:type":"public/government","website":"https://seyitsanlial.meb.k12.tr","id":"way/567176100"},"geometry":{"type":"Point","coordinates":[27.2029309,38.4825998]}},{"type":"Feature","id":"way/567176793","properties":{"leisure":"park","id":"way/567176793"},"geometry":{"type":"Point","coordinates":[27.2106503,38.4765175]}},{"type":"Feature","id":"way/571455306","properties":{"amenity":"hospital","building":"hospital","emergency":"yes","healthcare":"hospital","healthcare:speciality":"paediatrics","name":"Ege Üniversitesi Çocuk Hastanesi","id":"way/571455306"},"geometry":{"type":"Point","coordinates":[27.2137863,38.4543281]}},{"type":"Feature","id":"way/579481652","properties":{"leisure":"park","name":"Cumhuriyet Parkı","id":"way/579481652"},"geometry":{"type":"Point","coordinates":[27.1927391,38.4421216]}},{"type":"Feature","id":"way/587658810","properties":{"leisure":"park","id":"way/587658810"},"geometry":{"type":"Point","coordinates":[27.2012804,38.4425005]}},{"type":"Feature","id":"way/587659275","properties":{"leisure":"park","name":"Şehit Ömer Bozkurt Parkı","id":"way/587659275"},"geometry":{"type":"Point","coordinates":[27.1994208,38.4437747]}},{"type":"Feature","id":"way/600671930","properties":{"leisure":"swimming_pool","id":"way/600671930"},"geometry":{"type":"Point","coordinates":[27.2461385,38.4669503]}},{"type":"Feature","id":"way/600671933","properties":{"leisure":"park","id":"way/600671933"},"geometry":{"type":"Point","coordinates":[27.2457502,38.4667328]}},{"type":"Feature","id":"way/600671941","properties":{"leisure":"park","id":"way/600671941"},"geometry":{"type":"Point","coordinates":[27.2469333,38.4677432]}},{"type":"Feature","id":"way/600671945","properties":{"amenity":"parking","id":"way/600671945"},"geometry":{"type":"Point","coordinates":[27.2467263,38.4669389]}},{"type":"Feature","id":"way/600671948","properties":{"leisure":"park","id":"way/600671948"},"geometry":{"type":"Point","coordinates":[27.2461617,38.4653357]}},{"type":"Feature","id":"way/600671975","properties":{"amenity":"parking","id":"way/600671975"},"geometry":{"type":"Point","coordinates":[27.2462781,38.4641215]}},{"type":"Feature","id":"way/600671988","properties":{"amenity":"parking","id":"way/600671988"},"geometry":{"type":"Point","coordinates":[27.2466449,38.4661125]}},{"type":"Feature","id":"way/614199045","properties":{"leisure":"park","id":"way/614199045"},"geometry":{"type":"Point","coordinates":[27.2400921,38.4502133]}},{"type":"Feature","id":"way/614200613","properties":{"amenity":"school","name":"Hilal Necmiye Hüsnü Ataberk Ortaokulu","id":"way/614200613"},"geometry":{"type":"Point","coordinates":[27.2171861,38.4650541]}},{"type":"Feature","id":"way/614227198","properties":{"building":"yes","shop":"car","id":"way/614227198"},"geometry":{"type":"Point","coordinates":[27.2428936,38.4596003]}},{"type":"Feature","id":"way/614232041","properties":{"access":"no","amenity":"parking","fee":"yes","park_ride":"no","supervised":"yes","id":"way/614232041"},"geometry":{"type":"Point","coordinates":[27.2420283,38.4598543]}},{"type":"Feature","id":"way/614232042","properties":{"access":"no","amenity":"parking","fee":"no","park_ride":"no","parking":"surface","supervised":"yes","surface":"asphalt","id":"way/614232042"},"geometry":{"type":"Point","coordinates":[27.2428219,38.459464]}},{"type":"Feature","id":"way/614232048","properties":{"leisure":"playground","id":"way/614232048"},"geometry":{"type":"Point","coordinates":[27.2366738,38.446078]}},{"type":"Feature","id":"way/614271555","properties":{"amenity":"school","building":"yes","name":"Kars Halil Atilla İlköğretim Okulu","id":"way/614271555"},"geometry":{"type":"Point","coordinates":[27.2196225,38.4651833]}},{"type":"Feature","id":"way/614271556","properties":{"amenity":"school","building":"yes","id":"way/614271556"},"geometry":{"type":"Point","coordinates":[27.2199239,38.4651227]}},{"type":"Feature","id":"way/614271557","properties":{"amenity":"school","building":"yes","name":"Kars Halil Atilla Anaokulu","id":"way/614271557"},"geometry":{"type":"Point","coordinates":[27.2198806,38.4649716]}},{"type":"Feature","id":"way/614271559","properties":{"leisure":"park","id":"way/614271559"},"geometry":{"type":"Point","coordinates":[27.2193664,38.4652233]}},{"type":"Feature","id":"way/614303047","properties":{"leisure":"playground","id":"way/614303047"},"geometry":{"type":"Point","coordinates":[27.2404551,38.4500505]}},{"type":"Feature","id":"way/614303049","properties":{"amenity":"parking","id":"way/614303049"},"geometry":{"type":"Point","coordinates":[27.2401921,38.4501277]}},{"type":"Feature","id":"way/614303052","properties":{"leisure":"park","id":"way/614303052"},"geometry":{"type":"Point","coordinates":[27.2395944,38.4515955]}},{"type":"Feature","id":"way/614303053","properties":{"leisure":"park","id":"way/614303053"},"geometry":{"type":"Point","coordinates":[27.2392691,38.4518996]}},{"type":"Feature","id":"way/614303079","properties":{"leisure":"park","id":"way/614303079"},"geometry":{"type":"Point","coordinates":[27.2343973,38.4437669]}},{"type":"Feature","id":"way/615874544","properties":{"leisure":"playground","id":"way/615874544"},"geometry":{"type":"Point","coordinates":[27.2338292,38.4456446]}},{"type":"Feature","id":"way/615874574","properties":{"access":"yes","amenity":"parking","fee":"no","parking":"surface","id":"way/615874574"},"geometry":{"type":"Point","coordinates":[27.2375334,38.4590752]}},{"type":"Feature","id":"way/615874578","properties":{"access":"yes","amenity":"parking","fee":"no","parking":"surface","id":"way/615874578"},"geometry":{"type":"Point","coordinates":[27.2384028,38.4579557]}},{"type":"Feature","id":"way/615874580","properties":{"addr:city":"İzmir","addr:district":"Bornova","addr:housenumber":"180","addr:neighbourhood":"Erzene Mahallesi","addr:street":"Ankara Caddesi","brand":"Migros","brand:wikidata":"Q1754510","brand:wikipedia":"en:Migros","building":"yes","name":"Migros","opening_hours":"closed","operator":"5M Migros","payment:american_express":"yes","payment:cards":"yes","payment:cash":"yes","payment:coins":"yes","payment:credit_cards":"yes","payment:debit_cards":"yes","payment:maestro":"yes","payment:mastercard":"yes","payment:visa":"yes","payment:visa_debit":"yes","payment:visa_electron":"yes","shop":"supermarket","id":"way/615874580"},"geometry":{"type":"Point","coordinates":[27.2373949,38.4581001]}},{"type":"Feature","id":"way/615874595","properties":{"leisure":"swimming_pool","id":"way/615874595"},"geometry":{"type":"Point","coordinates":[27.2141172,38.4487933]}},{"type":"Feature","id":"way/615874599","properties":{"leisure":"swimming_pool","id":"way/615874599"},"geometry":{"type":"Point","coordinates":[27.2141499,38.448589]}},{"type":"Feature","id":"way/617646032","properties":{"building":"yes","name":"Migros","shop":"mall","id":"way/617646032"},"geometry":{"type":"Point","coordinates":[27.2195545,38.4654295]}},{"type":"Feature","id":"way/617646034","properties":{"access":"private","amenity":"parking","fee":"no","park_ride":"no","supervised":"yes","surface":"asphalt","id":"way/617646034"},"geometry":{"type":"Point","coordinates":[27.2198637,38.466762]}},{"type":"Feature","id":"way/620823097","properties":{"access":"private","amenity":"parking","capacity":"20","fee":"no","maxstay":"none","name":"Serki","operator":"Hayrettin Duran Anadolu Lisesi","operator:type":"private","park_ride":"no","parking":"lane","supervised":"no","surface":"gravel","id":"way/620823097"},"geometry":{"type":"Point","coordinates":[27.2102318,38.4724202]}},{"type":"Feature","id":"way/620823107","properties":{"addr:city":"İzmir","addr:district":"Bornova","addr:housenumber":"2B","addr:neighbourhood":"Atatürk Mahallesi","addr:street":"Hürriyet Caddesi","building":"yes","leisure":"fitness_centre","name":"Hayrettin Duran Anadolu Lisesi Spor Salonu","sport":"baseball;football;tennis","id":"way/620823107"},"geometry":{"type":"Point","coordinates":[27.2109623,38.4723964]}},{"type":"Feature","id":"way/620823115","properties":{"access":"private","hoops":"2","leisure":"pitch","lit":"no","name":"Eilya Stadı","sport":"basketball","surface":"dirt","id":"way/620823115"},"geometry":{"type":"Point","coordinates":[27.2098444,38.4720107]}},{"type":"Feature","id":"way/620823117","properties":{"access":"yes","hoops":"2","leisure":"pitch","lit":"no","name":"Mehmet Ali Stadı","sport":"basketball","surface":"asphalt","id":"way/620823117"},"geometry":{"type":"Point","coordinates":[27.2094398,38.4719812]}},{"type":"Feature","id":"way/620823121","properties":{"leisure":"pitch","lit":"no","name":"Tosuncuk Stadı","sport":"soccer","surface":"asphalt","id":"way/620823121"},"geometry":{"type":"Point","coordinates":[27.2097663,38.4718349]}},{"type":"Feature","id":"way/620823126","properties":{"addr:city":"İzmir","addr:district":"Bornova","addr:housenumber":"2A","addr:neighbourhood":"Atatürk Mahallesi","addr:street":"Hürriyet Caddesi","amenity":"library","building":"yes","internet_access":"wlan","internet_access:fee":"no","internet_access:ssid":"F@tih","name":"Hayrettin Duran Anadolu Lisesi Kütüphanesi","operator":"Hayrettin Duran Anadolu Lisesi","id":"way/620823126"},"geometry":{"type":"Point","coordinates":[27.2091617,38.4722532]}},{"type":"Feature","id":"way/620823130","properties":{"access":"yes","hoops":"2","leisure":"pitch","lit":"no","name":"Baki Bey Stadı","sport":"basketball","surface":"asphalt","id":"way/620823130"},"geometry":{"type":"Point","coordinates":[27.2091007,38.4721611]}},{"type":"Feature","id":"way/621781221","properties":{"access":"yes","amenity":"parking","fee":"no","park_ride":"no","parking":"surface","supervised":"no","surface":"sand","id":"way/621781221"},"geometry":{"type":"Point","coordinates":[27.2402123,38.4492874]}},{"type":"Feature","id":"way/623575211","properties":{"leisure":"pitch","sport":"soccer","wikidata":"Q20988339","wikipedia":"tr:Bornova Aziz Kocaoğlu Stadyumu","id":"way/623575211"},"geometry":{"type":"Point","coordinates":[27.2622433,38.4470576]}},{"type":"Feature","id":"way/623955072","properties":{"amenity":"parking","id":"way/623955072"},"geometry":{"type":"Point","coordinates":[27.2380924,38.44985]}},{"type":"Feature","id":"way/629098011","properties":{"leisure":"park","name":"Taşkent 2 Parkı","id":"way/629098011"},"geometry":{"type":"Point","coordinates":[27.2013697,38.463284]}},{"type":"Feature","id":"way/629122782","properties":{"leisure":"park","name":"Demokrasi Parkı","id":"way/629122782"},"geometry":{"type":"Point","coordinates":[27.2106135,38.4627529]}},{"type":"Feature","id":"way/629122783","properties":{"leisure":"playground","id":"way/629122783"},"geometry":{"type":"Point","coordinates":[27.2024814,38.4642334]}},{"type":"Feature","id":"way/629122784","properties":{"leisure":"park","name":"Talay Parkı","id":"way/629122784"},"geometry":{"type":"Point","coordinates":[27.2024578,38.464132]}},{"type":"Feature","id":"way/632790121","properties":{"amenity":"place_of_worship","building":"mosque","denomination":"sunni","name":"Mezarlık Cami","religion":"muslim","id":"way/632790121"},"geometry":{"type":"Point","coordinates":[27.1968595,38.4155821]}},{"type":"Feature","id":"way/632844071","properties":{"amenity":"place_of_worship","building":"mosque","denomination":"sunni","religion":"muslim","id":"way/632844071"},"geometry":{"type":"Point","coordinates":[27.1946123,38.4406215]}},{"type":"Feature","id":"way/632844091","properties":{"leisure":"park","name":"Şehit Polis Kağan Kılıç Parkı","id":"way/632844091"},"geometry":{"type":"Point","coordinates":[27.2129481,38.4881434]}},{"type":"Feature","id":"way/632844092","properties":{"leisure":"park","id":"way/632844092"},"geometry":{"type":"Point","coordinates":[27.2151555,38.493147]}},{"type":"Feature","id":"way/632844093","properties":{"addr:city":"İzmir","addr:district":"Bornova","addr:housenumber":"109/4","addr:neighbourhood":"Evka 4 Mahallesi","addr:street":"Barbaros Caddesi","leisure":"park","name":"Kardelen Parkı","id":"way/632844093"},"geometry":{"type":"Point","coordinates":[27.2009292,38.4880666]}},{"type":"Feature","id":"way/632844094","properties":{"leisure":"park","id":"way/632844094"},"geometry":{"type":"Point","coordinates":[27.1993456,38.4854756]}},{"type":"Feature","id":"way/632844095","properties":{"leisure":"park","id":"way/632844095"},"geometry":{"type":"Point","coordinates":[27.2020896,38.4755832]}},{"type":"Feature","id":"way/632869836","properties":{"leisure":"park","id":"way/632869836"},"geometry":{"type":"Point","coordinates":[27.2104139,38.4796092]}},{"type":"Feature","id":"way/632869838","properties":{"leisure":"park","id":"way/632869838"},"geometry":{"type":"Point","coordinates":[27.1953439,38.4799675]}},{"type":"Feature","id":"way/632869839","properties":{"amenity":"place_of_worship","building":"mosque","denomination":"sunni","religion":"muslim","id":"way/632869839"},"geometry":{"type":"Point","coordinates":[27.1936164,38.4820177]}},{"type":"Feature","id":"way/633676908","properties":{"addr:city":"İzmir","addr:district":"Bornova","addr:housenumber":"40/2","addr:neighbourhood":"Mevlana Mahallesi","addr:postcode":"35050","addr:street":"1700 Sk","building":"yes","building:levels":"1","height":"2","name":"Halk Ekmek Büfesi","shop":"bakery","id":"way/633676908"},"geometry":{"type":"Point","coordinates":[27.2399154,38.4505626]}},{"type":"Feature","id":"way/633676909","properties":{"addr:city":"İzmir","addr:district":"Bornova","addr:housenumber":"40/3A","addr:neighbourhood":"Mevlana Mahallesi","addr:postcode":"35050","addr:street":"1700 Sk","amenity":"taxi","building":"yes","name":"Mevlana Taksi","id":"way/633676909"},"geometry":{"type":"Point","coordinates":[27.2393963,38.4503867]}},{"type":"Feature","id":"way/633720361","properties":{"amenity":"place_of_worship","building":"mosque","denomination":"sunni","religion":"muslim","id":"way/633720361"},"geometry":{"type":"Point","coordinates":[27.2667279,38.4288708]}},{"type":"Feature","id":"way/633720363","properties":{"leisure":"park","id":"way/633720363"},"geometry":{"type":"Point","coordinates":[27.2732008,38.4309664]}},{"type":"Feature","id":"way/633720364","properties":{"leisure":"park","id":"way/633720364"},"geometry":{"type":"Point","coordinates":[27.2741558,38.4311438]}},{"type":"Feature","id":"way/633720366","properties":{"leisure":"park","id":"way/633720366"},"geometry":{"type":"Point","coordinates":[27.2761373,38.4298313]}},{"type":"Feature","id":"way/635374962","properties":{"leisure":"park","name":"Harun Koral Parkı","id":"way/635374962"},"geometry":{"type":"Point","coordinates":[27.2075626,38.4706917]}},{"type":"Feature","id":"way/640323358","properties":{"leisure":"swimming_pool","id":"way/640323358"},"geometry":{"type":"Point","coordinates":[27.245488,38.4847687]}},{"type":"Feature","id":"way/640323360","properties":{"leisure":"swimming_pool","id":"way/640323360"},"geometry":{"type":"Point","coordinates":[27.2454818,38.4846936]}},{"type":"Feature","id":"way/646339429","properties":{"amenity":"place_of_worship","building":"mosque","denomination":"sunni","religion":"muslim","id":"way/646339429"},"geometry":{"type":"Point","coordinates":[27.2297653,38.4605855]}},{"type":"Feature","id":"way/666090389","properties":{"leisure":"pitch","sport":"basketball","id":"way/666090389"},"geometry":{"type":"Point","coordinates":[27.2256802,38.455266]}},{"type":"Feature","id":"node/676195785","properties":{"bus":"yes","highway":"bus_stop","name":"İstasyon","public_transport":"platform","id":"node/676195785"},"geometry":{"type":"Point","coordinates":[27.1806718,38.4425414]}},{"type":"Feature","id":"node/676195787","properties":{"bus":"yes","highway":"bus_stop","name":"Tarım Kredi Kooperatifi","operator":"Eshot","public_transport":"platform","id":"node/676195787"},"geometry":{"type":"Point","coordinates":[27.1805588,38.4441885]}},{"type":"Feature","id":"node/676195831","properties":{"bus":"yes","highway":"bus_stop","name":"Bornova Kültür Merkezi","operator":"Eshot","public_transport":"platform","id":"node/676195831"},"geometry":{"type":"Point","coordinates":[27.2111474,38.4633715]}},{"type":"Feature","id":"node/676195833","properties":{"bench":"yes","bus":"yes","highway":"bus_stop","name":"Bornova İzsu","operator":"Eshot","public_transport":"platform","ref":"30325","shelter":"yes","id":"node/676195833"},"geometry":{"type":"Point","coordinates":[27.2138672,38.4638723]}},{"type":"Feature","id":"way/677073010","properties":{"leisure":"park","name":"Akdemir Parkı","id":"way/677073010"},"geometry":{"type":"Point","coordinates":[27.2085147,38.4839549]}},{"type":"Feature","id":"way/685330341","properties":{"addr:city":"İzmir","addr:district":"Bornova","addr:housenumber":"4","addr:neighbourhood":"Erzene Mahallesi","addr:postcode":"35030","addr:street":"116/5","amenity":"school","check_date":"2024-04-22","name":"Bornova Koleji","website":"http://www.bornovakoleji.k12.tr/","id":"way/685330341"},"geometry":{"type":"Point","coordinates":[27.2311731,38.4698529]}},{"type":"Feature","id":"way/685330342","properties":{"addr:city":"İzmir","addr:district":"Bornova","addr:housenumber":"3","addr:neighbourhood":"Erzene Mahallesi","addr:postcode":"35050","addr:street":"119/1","amenity":"school","name":"Özel Ege Lisesi","website":"https://www.egelisesi.k12.tr/","wikidata":"Q12812848","wikimedia_commons":"Category:Özel Ege Lisesi","wikipedia":"tr:Özel Ege Lisesi","id":"way/685330342"},"geometry":{"type":"Point","coordinates":[27.2414829,38.4643999]}},{"type":"Feature","id":"way/703205844","properties":{"access":"private","amenity":"parking","parking":"surface","id":"way/703205844"},"geometry":{"type":"Point","coordinates":[27.2159901,38.455539]}},{"type":"Feature","id":"way/703205845","properties":{"amenity":"parking","id":"way/703205845"},"geometry":{"type":"Point","coordinates":[27.2220879,38.4582242]}},{"type":"Feature","id":"way/707229320","properties":{"leisure":"pitch","sport":"soccer","surface":"grass","id":"way/707229320"},"geometry":{"type":"Point","coordinates":[27.2672918,38.4593534]}},{"type":"Feature","id":"way/708004548","properties":{"leisure":"pitch","sport":"tennis","id":"way/708004548"},"geometry":{"type":"Point","coordinates":[27.2313981,38.4540326]}},{"type":"Feature","id":"way/708004549","properties":{"leisure":"pitch","sport":"tennis","id":"way/708004549"},"geometry":{"type":"Point","coordinates":[27.2315782,38.4540231]}},{"type":"Feature","id":"way/713157209","properties":{"building":"yes","name":"Nets Club","opening_hours":"Mo-Su 08:00-22:00","operator":"Nets Club","shop":"beauty","id":"way/713157209"},"geometry":{"type":"Point","coordinates":[27.2198738,38.4654425]}},{"type":"Feature","id":"way/713159416","properties":{"amenity":"townhall","building":"yes","name":"Bornova Belediyesi","id":"way/713159416"},"geometry":{"type":"Point","coordinates":[27.2171692,38.4637482]}},{"type":"Feature","id":"way/723239306","properties":{"leisure":"park","id":"way/723239306"},"geometry":{"type":"Point","coordinates":[27.2266811,38.4546325]}},{"type":"Feature","id":"way/723241606","properties":{"leisure":"park","id":"way/723241606"},"geometry":{"type":"Point","coordinates":[27.2140585,38.4654405]}},{"type":"Feature","id":"way/724750520","properties":{"leisure":"garden","id":"way/724750520"},"geometry":{"type":"Point","coordinates":[27.213349,38.4622254]}},{"type":"Feature","id":"way/727311755","properties":{"leisure":"swimming_pool","id":"way/727311755"},"geometry":{"type":"Point","coordinates":[27.2098871,38.4737662]}},{"type":"Feature","id":"way/727311756","properties":{"leisure":"park","id":"way/727311756"},"geometry":{"type":"Point","coordinates":[27.207365,38.4739107]}},{"type":"Feature","id":"way/727311762","properties":{"amenity":"school","check_date":"2026-08-13","name":"Zehra Hoca Hanım İlkokulu","id":"way/727311762"},"geometry":{"type":"Point","coordinates":[27.2050027,38.4773689]}},{"type":"Feature","id":"way/728149385","properties":{"leisure":"park","id":"way/728149385"},"geometry":{"type":"Point","coordinates":[27.2135005,38.4567011]}},{"type":"Feature","id":"way/729012306","properties":{"amenity":"parking","id":"way/729012306"},"geometry":{"type":"Point","coordinates":[27.2257611,38.4585003]}},{"type":"Feature","id":"way/729012307","properties":{"amenity":"hospital","building":"hospital","healthcare":"hospital","name":"Diş Hekimliği Ağız ve Diş Sağlığı Hastanesi","operator":"Ege Üniversitesi","operator:type":"university","id":"way/729012307"},"geometry":{"type":"Point","coordinates":[27.2243425,38.4565523]}},{"type":"Feature","id":"way/729388327","properties":{"amenity":"university","name":"Dokuz Eylül Üniversitesi Turizm ve Uygulamalı Bilimler Yerleşkesi","id":"way/729388327"},"geometry":{"type":"Point","coordinates":[27.222595,38.3813058]}},{"type":"Feature","id":"way/729493294","properties":{"leisure":"playground","id":"way/729493294"},"geometry":{"type":"Point","coordinates":[27.2395919,38.450175]}},{"type":"Feature","id":"way/729493295","properties":{"leisure":"pitch","sport":"basketball","id":"way/729493295"},"geometry":{"type":"Point","coordinates":[27.2396571,38.4499537]}},{"type":"Feature","id":"way/730827447","properties":{"amenity":"parking","id":"way/730827447"},"geometry":{"type":"Point","coordinates":[27.262474,38.4463928]}},{"type":"Feature","id":"way/730827448","properties":{"amenity":"parking","id":"way/730827448"},"geometry":{"type":"Point","coordinates":[27.2610197,38.4468888]}},{"type":"Feature","id":"way/730827456","properties":{"amenity":"parking","id":"way/730827456"},"geometry":{"type":"Point","coordinates":[27.2612855,38.4470311]}},{"type":"Feature","id":"way/733342429","properties":{"leisure":"pitch","sport":"basketball","id":"way/733342429"},"geometry":{"type":"Point","coordinates":[27.2329908,38.4524379]}},{"type":"Feature","id":"way/738172388","properties":{"building":"yes","leisure":"pitch","name":"Tenis Kortu","sport":"tennis","id":"way/738172388"},"geometry":{"type":"Point","coordinates":[27.2152547,38.4550545]}},{"type":"Feature","id":"way/738172389","properties":{"leisure":"park","id":"way/738172389"},"geometry":{"type":"Point","coordinates":[27.2121155,38.4568555]}},{"type":"Feature","id":"way/738172393","properties":{"amenity":"theatre","theatre:type":"amphi","id":"way/738172393"},"geometry":{"type":"Point","coordinates":[27.2243279,38.4572745]}},{"type":"Feature","id":"way/738172395","properties":{"leisure":"pitch","sport":"basketball","id":"way/738172395"},"geometry":{"type":"Point","coordinates":[27.2277015,38.4579026]}},{"type":"Feature","id":"way/738172401","properties":{"amenity":"cafe","building":"yes","name":"Hipokrat","id":"way/738172401"},"geometry":{"type":"Point","coordinates":[27.2280559,38.4562772]}},{"type":"Feature","id":"way/738172402","properties":{"building":"yes","leisure":"sports_centre","name":"50. Yıl Spor Salonu","id":"way/738172402"},"geometry":{"type":"Point","coordinates":[27.2145181,38.4554845]}},{"type":"Feature","id":"way/738226741","properties":{"amenity":"clinic","building":"yes","healthcare":"clinic","healthcare:speciality":"oncology","name":"Ege Üniversitesi Tülay Aktaş Onkoloji Hastanesi","id":"way/738226741"},"geometry":{"type":"Point","coordinates":[27.2086707,38.4536444]}},{"type":"Feature","id":"way/738226742","properties":{"amenity":"clinic","building":"yes","healthcare":"clinic","name":"Berna Türek Kemoterapi Merkezi","id":"way/738226742"},"geometry":{"type":"Point","coordinates":[27.2078087,38.4533572]}},{"type":"Feature","id":"way/738226746","properties":{"building":"yes","check_date":"2024-05-27","name":"Anemon Hotels Ege Sağlık","tourism":"hotel","wikidata":"Q111857548","id":"way/738226746"},"geometry":{"type":"Point","coordinates":[27.2110068,38.4538294]}},{"type":"Feature","id":"way/738226747","properties":{"leisure":"swimming_pool","id":"way/738226747"},"geometry":{"type":"Point","coordinates":[27.2112575,38.4534906]}},{"type":"Feature","id":"way/738226748","properties":{"amenity":"clinic","building":"yes","healthcare":"clinic","name":"Ege Üniversitesi Tıp Fakültesi Beyin ve Sinir Cerrahisi","id":"way/738226748"},"geometry":{"type":"Point","coordinates":[27.2085648,38.4542574]}},{"type":"Feature","id":"way/738501254","properties":{"amenity":"clinic","building":"yes","healthcare":"clinic","healthcare:speciality":"nuclear","name":"Nükleer Tıp Merkezi","operator":"Ege Üniversitesi","id":"way/738501254"},"geometry":{"type":"Point","coordinates":[27.2089974,38.454337]}},{"type":"Feature","id":"way/741276657","properties":{"leisure":"park","name":"Zafer Parkı","id":"way/741276657"},"geometry":{"type":"Point","coordinates":[27.2052626,38.4216794]}},{"type":"Feature","id":"way/748857220","properties":{"amenity":"school","education":"school","name":"Hacı Yaşar Kandur Ortaokulu","operator":"Milli Eğitim Bakanlığı","operator:short":"MEB","operator:type":"public","operator:wikidata":"Q1359675","id":"way/748857220"},"geometry":{"type":"Point","coordinates":[27.2407429,38.4560288]}},{"type":"Feature","id":"way/748857222","properties":{"access":"yes","leisure":"playground","id":"way/748857222"},"geometry":{"type":"Point","coordinates":[27.2407849,38.4565367]}},{"type":"Feature","id":"way/748857227","properties":{"amenity":"school","name":"Bornova Altay Mesleki ve Teknik Anadolu Lisesi","id":"way/748857227"},"geometry":{"type":"Point","coordinates":[27.2194856,38.4492913]}},{"type":"Feature","id":"way/748857228","properties":{"amenity":"school","name":"Bornova Mahzar Zorlu Mesleki ve Teknik Anadolu Lisesi","wikidata":"Q6054676","wikipedia":"tr:Mazhar Zorlu Mesleki ve Teknik Anadolu Lisesi","id":"way/748857228"},"geometry":{"type":"Point","coordinates":[27.2209771,38.4495385]}},{"type":"Feature","id":"way/748857229","properties":{"amenity":"school","name":"Âşık Veysel Görme Engelliler İlkokulu ve Ortaokulu","id":"way/748857229"},"geometry":{"type":"Point","coordinates":[27.2223579,38.4498762]}},{"type":"Feature","id":"way/748857232","properties":{"amenity":"school","name":"Hasan Tahsin Özel Eğitim Mesleki Eğitim Meslek Okulu","id":"way/748857232"},"geometry":{"type":"Point","coordinates":[27.2235176,38.4498187]}},{"type":"Feature","id":"way/748857233","properties":{"amenity":"school","name":"Şehit Hüseyin Dalgılıç Özel Eğitim Uygulama Merkezi I. - II. - III. Kademe","id":"way/748857233"},"geometry":{"type":"Point","coordinates":[27.2225835,38.4490786]}},{"type":"Feature","id":"way/748857243","properties":{"amenity":"school","name":"Selçuk Yaşar Boyacılık Mesleki ve Teknik Anadolu Lisesi","id":"way/748857243"},"geometry":{"type":"Point","coordinates":[27.2231502,38.446329]}},{"type":"Feature","id":"way/748857244","properties":{"amenity":"school","name":"Şehit Erol Olçok Anadolu İmam Hatip Lisesi","id":"way/748857244"},"geometry":{"type":"Point","coordinates":[27.2275785,38.448746]}},{"type":"Feature","id":"way/748857249","properties":{"amenity":"parking","id":"way/748857249"},"geometry":{"type":"Point","coordinates":[27.2200298,38.4480883]}},{"type":"Feature","id":"way/748973670","properties":{"amenity":"school","name":"Şehit Teğmen Murat Aslantürk İlkokulu","id":"way/748973670"},"geometry":{"type":"Point","coordinates":[27.2323014,38.4462844]}},{"type":"Feature","id":"way/748973675","properties":{"amenity":"marketplace","building":"yes","name":"Mevlana Pazaryeri","id":"way/748973675"},"geometry":{"type":"Point","coordinates":[27.2332752,38.4475731]}},{"type":"Feature","id":"way/748973676","properties":{"amenity":"place_of_worship","building":"mosque","religion":"muslim","id":"way/748973676"},"geometry":{"type":"Point","coordinates":[27.234177,38.4455807]}},{"type":"Feature","id":"way/750270709","properties":{"building":"yes","name":"Firat","shop":"supermarket","id":"way/750270709"},"geometry":{"type":"Point","coordinates":[27.2360806,38.4488891]}},{"type":"Feature","id":"way/750428676","properties":{"amenity":"hospital","healthcare":"hospital","name":"Türkan Özilhan Devlet Hastanesi","operator":"Sağlık Bakanlığı","operator:type":"government","operator:wikidata":"Q4294365","id":"way/750428676"},"geometry":{"type":"Point","coordinates":[27.250146,38.4590996]}},{"type":"Feature","id":"way/750428677","properties":{"amenity":"parking","id":"way/750428677"},"geometry":{"type":"Point","coordinates":[27.2502476,38.4586492]}},{"type":"Feature","id":"way/754457458","properties":{"leisure":"park","id":"way/754457458"},"geometry":{"type":"Point","coordinates":[27.2442693,38.447322]}},{"type":"Feature","id":"way/755276080","properties":{"leisure":"pitch","sport":"basketball","id":"way/755276080"},"geometry":{"type":"Point","coordinates":[27.2208032,38.4477409]}},{"type":"Feature","id":"way/755276081","properties":{"leisure":"pitch","sport":"basketball","id":"way/755276081"},"geometry":{"type":"Point","coordinates":[27.2210144,38.4477729]}},{"type":"Feature","id":"way/755276082","properties":{"leisure":"pitch","sport":"volleyball","id":"way/755276082"},"geometry":{"type":"Point","coordinates":[27.2212793,38.4477033]}},{"type":"Feature","id":"way/755276083","properties":{"leisure":"pitch","sport":"volleyball","id":"way/755276083"},"geometry":{"type":"Point","coordinates":[27.221396,38.4477205]}},{"type":"Feature","id":"way/755276084","properties":{"leisure":"pitch","sport":"basketball","id":"way/755276084"},"geometry":{"type":"Point","coordinates":[27.2213341,38.4477123]}},{"type":"Feature","id":"way/755276092","properties":{"amenity":"parking","id":"way/755276092"},"geometry":{"type":"Point","coordinates":[27.2197377,38.4483916]}},{"type":"Feature","id":"way/755276094","properties":{"amenity":"parking","id":"way/755276094"},"geometry":{"type":"Point","coordinates":[27.2189185,38.4495053]}},{"type":"Feature","id":"way/755276110","properties":{"amenity":"community_centre","building":"yes","name":"Mevlana Toplum ve Bilim Merkezi","id":"way/755276110"},"geometry":{"type":"Point","coordinates":[27.2305488,38.448391]}},{"type":"Feature","id":"way/755641932","properties":{"access":"private","leisure":"swimming_pool","length":"1.5","lit":"yes","location":"outdoor","swimming_pool":"outdoor","id":"way/755641932"},"geometry":{"type":"Point","coordinates":[27.2410602,38.4493284]}},{"type":"Feature","id":"way/755641943","properties":{"access":"private","leisure":"playground","max_age":"0","min_age":"18","playground:theme":"playground","surface":"paved","id":"way/755641943"},"geometry":{"type":"Point","coordinates":[27.2415547,38.4494456]}},{"type":"Feature","id":"way/755709305","properties":{"amenity":"school","education":"school","grades":"K-4","name":"Özel Tevfik Fikret İlkokulu","id":"way/755709305"},"geometry":{"type":"Point","coordinates":[27.2376333,38.4531651]}},{"type":"Feature","id":"way/755724407","properties":{"leisure":"playground","id":"way/755724407"},"geometry":{"type":"Point","coordinates":[27.2261334,38.4431196]}},{"type":"Feature","id":"way/755745691","properties":{"leisure":"park","id":"way/755745691"},"geometry":{"type":"Point","coordinates":[27.2596096,38.4421196]}},{"type":"Feature","id":"way/755745692","properties":{"amenity":"school","education":"school","name":"Yüzüncü Yıl İlkokulu","operator":"Milli Eğitim Bakanlığı","operator:short":"MEB","operator:type":"public","operator:wikidata":"Q1359675","id":"way/755745692"},"geometry":{"type":"Point","coordinates":[27.2597336,38.4427876]}},{"type":"Feature","id":"way/757048028","properties":{"amenity":"place_of_worship","building":"mosque","name":"Hüseyin İsa Bey Camii","religion":"muslim","wikidata":"Q118798753","wikimedia_commons":"Category:Hüseyin İsa Bey Mosque","wikipedia":"tr:Hüseyin İsa Bey Camii","id":"way/757048028"},"geometry":{"type":"Point","coordinates":[27.2188614,38.4675271]}},{"type":"Feature","id":"way/757066396","properties":{"amenity":"theatre","building":"yes","name":"Ayfer Feray Açıkhava Tiyatrosu","id":"way/757066396"},"geometry":{"type":"Point","coordinates":[27.2165472,38.4630585]}},{"type":"Feature","id":"way/757066397","properties":{"amenity":"cafe","building":"yes","check_date":"2024-06-25","name":"Kızlar Kahvesi","id":"way/757066397"},"geometry":{"type":"Point","coordinates":[27.2162484,38.4632369]}},{"type":"Feature","id":"way/757066398","properties":{"amenity":"cafe","building":"yes","id":"way/757066398"},"geometry":{"type":"Point","coordinates":[27.2163524,38.462614]}},{"type":"Feature","id":"way/757066399","properties":{"amenity":"cafe","building":"yes","name":"Çınar Evi","id":"way/757066399"},"geometry":{"type":"Point","coordinates":[27.217994,38.4626232]}},{"type":"Feature","id":"way/757066400","properties":{"leisure":"pitch","sport":"soccer","id":"way/757066400"},"geometry":{"type":"Point","coordinates":[27.2167932,38.4633758]}},{"type":"Feature","id":"way/757066401","properties":{"leisure":"playground","id":"way/757066401"},"geometry":{"type":"Point","coordinates":[27.2173274,38.463285]}},{"type":"Feature","id":"way/757066404","properties":{"amenity":"cafe","building":"yes","check_date":"2024-06-25","name":"+1 Down Kafe","id":"way/757066404"},"geometry":{"type":"Point","coordinates":[27.2158977,38.4624636]}},{"type":"Feature","id":"way/758134853","properties":{"amenity":"school","operator":"Millî Eğitim Bakanlığı","operator:en":"Ministry of National Education","operator:short":"MEB","operator:tr":"Millî Eğitim Bakanlığı","operator:type":"government","operator:wikidata":"Q1359675","id":"way/758134853"},"geometry":{"type":"Point","coordinates":[27.2101234,38.4721508]}},{"type":"Feature","id":"way/758774479","properties":{"amenity":"parking","id":"way/758774479"},"geometry":{"type":"Point","coordinates":[27.2082343,38.4498263]}},{"type":"Feature","id":"way/758774480","properties":{"access":"yes","amenity":"parking","fee":"no","parking":"surface","id":"way/758774480"},"geometry":{"type":"Point","coordinates":[27.2120777,38.4508637]}},{"type":"Feature","id":"way/758774481","properties":{"building":"yes","name":"Kidsmall","shop":"mall","id":"way/758774481"},"geometry":{"type":"Point","coordinates":[27.2072871,38.4497932]}},{"type":"Feature","id":"way/759856864","properties":{"amenity":"clinic","building":"clinic","healthcare":"clinic","name":"Bornova 25 Nolu Mevlana Aile Sağlığı Merkezi","id":"way/759856864"},"geometry":{"type":"Point","coordinates":[27.2298849,38.4484836]}},{"type":"Feature","id":"way/759894828","properties":{"amenity":"school","id":"way/759894828"},"geometry":{"type":"Point","coordinates":[27.2476702,38.4491036]}},{"type":"Feature","id":"way/759894841","properties":{"amenity":"school","education":"school","name":"Hüsnü Bornovalı İlköğretim Okulu","operator":"Milli Eğitim Bakanlığı","operator:short":"MEB","operator:type":"public","operator:wikidata":"Q1359675","id":"way/759894841"},"geometry":{"type":"Point","coordinates":[27.2530177,38.4497595]}},{"type":"Feature","id":"way/759894846","properties":{"leisure":"park","id":"way/759894846"},"geometry":{"type":"Point","coordinates":[27.2538428,38.4489154]}},{"type":"Feature","id":"way/759907854","properties":{"leisure":"park","id":"way/759907854"},"geometry":{"type":"Point","coordinates":[27.2276696,38.4470533]}},{"type":"Feature","id":"way/759910298","properties":{"amenity":"school","education":"school","name":"Nihat Gündüz Ortaokulu","operator":"Millî Eğitim Bakanlığı","operator:en":"Ministry of National Education","operator:short":"MEB","operator:tr":"Millî Eğitim Bakanlığı","operator:type":"government","operator:wikidata":"Q1359675","id":"way/759910298"},"geometry":{"type":"Point","coordinates":[27.2315534,38.4426049]}},{"type":"Feature","id":"way/759910300","properties":{"leisure":"park","id":"way/759910300"},"geometry":{"type":"Point","coordinates":[27.2314461,38.4429663]}},{"type":"Feature","id":"way/759915963","properties":{"building":"construction","leisure":"sports_centre","sport":"swimming","id":"way/759915963"},"geometry":{"type":"Point","coordinates":[27.2120436,38.4689077]}},{"type":"Feature","id":"way/759978002","properties":{"leisure":"garden","id":"way/759978002"},"geometry":{"type":"Point","coordinates":[27.2262037,38.4573916]}},{"type":"Feature","id":"way/759978004","properties":{"leisure":"garden","id":"way/759978004"},"geometry":{"type":"Point","coordinates":[27.2261841,38.4577594]}},{"type":"Feature","id":"way/761268371","properties":{"amenity":"cafe","name":"İstasyon Bornova","id":"way/761268371"},"geometry":{"type":"Point","coordinates":[27.2156164,38.4586438]}},{"type":"Feature","id":"way/771099764","properties":{"leisure":"park","id":"way/771099764"},"geometry":{"type":"Point","coordinates":[27.2003509,38.4735612]}},{"type":"Feature","id":"way/771099765","properties":{"leisure":"park","id":"way/771099765"},"geometry":{"type":"Point","coordinates":[27.2017198,38.4717074]}},{"type":"Feature","id":"way/771099766","properties":{"leisure":"park","id":"way/771099766"},"geometry":{"type":"Point","coordinates":[27.2056101,38.4801877]}},{"type":"Feature","id":"way/771099767","properties":{"leisure":"park","id":"way/771099767"},"geometry":{"type":"Point","coordinates":[27.2065757,38.4809801]}},{"type":"Feature","id":"way/777486302","properties":{"amenity":"parking","id":"way/777486302"},"geometry":{"type":"Point","coordinates":[27.2276485,38.4542558]}},{"type":"Feature","id":"way/777486303","properties":{"amenity":"parking","id":"way/777486303"},"geometry":{"type":"Point","coordinates":[27.2245206,38.4556368]}},{"type":"Feature","id":"way/778174414","properties":{"amenity":"place_of_worship","building":"mosque","denomination":"sunni","name":"Dökümcüler Sanayi Sitesi Camii","religion":"muslim","id":"way/778174414"},"geometry":{"type":"Point","coordinates":[27.2406796,38.4159197]}},{"type":"Feature","id":"way/778174415","properties":{"amenity":"place_of_worship","building":"mosque","denomination":"sunni","religion":"muslim","id":"way/778174415"},"geometry":{"type":"Point","coordinates":[27.2397087,38.4295503]}},{"type":"Feature","id":"way/781587028","properties":{"amenity":"parking","id":"way/781587028"},"geometry":{"type":"Point","coordinates":[27.229216,38.4536245]}},{"type":"Feature","id":"way/782360739","properties":{"leisure":"garden","id":"way/782360739"},"geometry":{"type":"Point","coordinates":[27.2270297,38.4575509]}},{"type":"Feature","id":"way/782360742","properties":{"amenity":"parking","id":"way/782360742"},"geometry":{"type":"Point","coordinates":[27.2265819,38.456909]}},{"type":"Feature","id":"way/786373976","properties":{"amenity":"bank","brand":"Garanti Bankası","brand:wikidata":"Q322962","brand:wikipedia":"en:Garanti BBVA","building":"yes","name":"Garanti Bankası","id":"way/786373976"},"geometry":{"type":"Point","coordinates":[27.2291039,38.4586898]}},{"type":"Feature","id":"way/791196631","properties":{"leisure":"park","id":"way/791196631"},"geometry":{"type":"Point","coordinates":[27.2136716,38.4962218]}},{"type":"Feature","id":"way/791196639","properties":{"amenity":"school","name":"İsmet Sezgin Ortaokulu","operator":"Milli Eğitim Bakanlığı","operator:short":"MEB","operator:type":"public","operator:wikidata":"Q1359675","id":"way/791196639"},"geometry":{"type":"Point","coordinates":[27.1977895,38.4733754]}},{"type":"Feature","id":"way/791196645","properties":{"leisure":"playground","id":"way/791196645"},"geometry":{"type":"Point","coordinates":[27.2006046,38.4711583]}},{"type":"Feature","id":"way/791196652","properties":{"amenity":"marketplace","name":"Atatürk Kapalı Pazaryeri","opening_hours":"Fr 07:00-20:00","id":"way/791196652"},"geometry":{"type":"Point","coordinates":[27.2059487,38.4765041]}},{"type":"Feature","id":"way/792159474","properties":{"leisure":"playground","id":"way/792159474"},"geometry":{"type":"Point","coordinates":[27.2004463,38.4735082]}},{"type":"Feature","id":"way/792159475","properties":{"amenity":"school","name":"Batı Anadolu Çimento İlkokulu","operator":"Milli Eğitim Bakanlığı","operator:short":"MEB","operator:type":"public","operator:wikidata":"Q1359675","id":"way/792159475"},"geometry":{"type":"Point","coordinates":[27.1993891,38.4741492]}},{"type":"Feature","id":"way/792159476","properties":{"amenity":"school","name":"Atatürk Şehit Pilot Yüzbaşı Mehmet İlker Karaman Mesleki ve Teknik Anadolu Lisesi","operator":"Milli Eğitim Bakanlığı","operator:short":"MEB","operator:type":"public","operator:wikidata":"Q1359675","id":"way/792159476"},"geometry":{"type":"Point","coordinates":[27.1992925,38.4735991]}},{"type":"Feature","id":"way/792159489","properties":{"access":"yes","leisure":"playground","id":"way/792159489"},"geometry":{"type":"Point","coordinates":[27.1900489,38.4805834]}},{"type":"Feature","id":"way/792159491","properties":{"leisure":"park","id":"way/792159491"},"geometry":{"type":"Point","coordinates":[27.1921121,38.4829696]}},{"type":"Feature","id":"way/792526354","properties":{"leisure":"pitch","sport":"basketball","id":"way/792526354"},"geometry":{"type":"Point","coordinates":[27.2264547,38.4471918]}},{"type":"Feature","id":"way/792526355","properties":{"leisure":"playground","id":"way/792526355"},"geometry":{"type":"Point","coordinates":[27.228165,38.4475838]}},{"type":"Feature","id":"way/792526356","properties":{"leisure":"park","id":"way/792526356"},"geometry":{"type":"Point","coordinates":[27.2299175,38.4465019]}},{"type":"Feature","id":"way/792526361","properties":{"leisure":"pitch","sport":"soccer","id":"way/792526361"},"geometry":{"type":"Point","coordinates":[27.2417815,38.4561325]}},{"type":"Feature","id":"way/792526369","properties":{"amenity":"parking","id":"way/792526369"},"geometry":{"type":"Point","coordinates":[27.2324878,38.4562782]}},{"type":"Feature","id":"node/798720731","properties":{"bus":"yes","highway":"bus_stop","name":"Yeşilova","public_transport":"platform","id":"node/798720731"},"geometry":{"type":"Point","coordinates":[27.2021229,38.43881]}},{"type":"Feature","id":"node/799930131","properties":{"bus":"yes","highway":"bus_stop","name":"Mehmet Akif Cami","public_transport":"platform","id":"node/799930131"},"geometry":{"type":"Point","coordinates":[27.2136828,38.4921183]}},{"type":"Feature","id":"node/799952375","properties":{"bus":"yes","highway":"bus_stop","name":"Toprak Yol","public_transport":"platform","id":"node/799952375"},"geometry":{"type":"Point","coordinates":[27.2182799,38.4744529]}},{"type":"Feature","id":"node/799952379","properties":{"bus":"yes","highway":"bus_stop","name":"Lale Tepe Cami","public_transport":"platform","id":"node/799952379"},"geometry":{"type":"Point","coordinates":[27.2188544,38.472699]}},{"type":"Feature","id":"way/801781674","properties":{"leisure":"park","name":"Cat Parl","id":"way/801781674"},"geometry":{"type":"Point","coordinates":[27.2087243,38.4646597]}},{"type":"Feature","id":"way/801781675","properties":{"leisure":"park","name":"Dural Park","id":"way/801781675"},"geometry":{"type":"Point","coordinates":[27.208949,38.4647343]}},{"type":"Feature","id":"way/801781676","properties":{"leisure":"park","name":"Free Park Area","id":"way/801781676"},"geometry":{"type":"Point","coordinates":[27.2091427,38.4647967]}},{"type":"Feature","id":"way/814513476","properties":{"leisure":"park","name":"Çocuk Parkı","id":"way/814513476"},"geometry":{"type":"Point","coordinates":[27.2046581,38.4730112]}},{"type":"Feature","id":"way/814515274","properties":{"leisure":"park","name":"Barış Parkı","id":"way/814515274"},"geometry":{"type":"Point","coordinates":[27.2038356,38.4739093]}},{"type":"Feature","id":"way/814518080","properties":{"leisure":"park","name":"Çocuk Parkı","id":"way/814518080"},"geometry":{"type":"Point","coordinates":[27.2071353,38.4720814]}},{"type":"Feature","id":"way/817877938","properties":{"amenity":"parking","fee":"no","id":"way/817877938"},"geometry":{"type":"Point","coordinates":[27.2416404,38.4508266]}},{"type":"Feature","id":"way/817877941","properties":{"leisure":"park","id":"way/817877941"},"geometry":{"type":"Point","coordinates":[27.2382602,38.4467706]}},{"type":"Feature","id":"way/817877948","properties":{"leisure":"playground","id":"way/817877948"},"geometry":{"type":"Point","coordinates":[27.2386626,38.4467729]}},{"type":"Feature","id":"way/817877949","properties":{"leisure":"playground","id":"way/817877949"},"geometry":{"type":"Point","coordinates":[27.2377736,38.4467732]}},{"type":"Feature","id":"way/817877955","properties":{"amenity":"parking","id":"way/817877955"},"geometry":{"type":"Point","coordinates":[27.2297075,38.4453979]}},{"type":"Feature","id":"way/817877958","properties":{"amenity":"parking","id":"way/817877958"},"geometry":{"type":"Point","coordinates":[27.2283177,38.4461164]}},{"type":"Feature","id":"way/817877959","properties":{"amenity":"parking","id":"way/817877959"},"geometry":{"type":"Point","coordinates":[27.2284156,38.4463978]}},{"type":"Feature","id":"way/817877962","properties":{"access":"no","amenity":"parking","fee":"no","parking":"surface","surface":"dirt","id":"way/817877962"},"geometry":{"type":"Point","coordinates":[27.2326927,38.4472112]}},{"type":"Feature","id":"way/817877966","properties":{"leisure":"playground","id":"way/817877966"},"geometry":{"type":"Point","coordinates":[27.2311836,38.4467523]}},{"type":"Feature","id":"way/817877970","properties":{"amenity":"parking","id":"way/817877970"},"geometry":{"type":"Point","coordinates":[27.2317629,38.4459959]}},{"type":"Feature","id":"way/817877971","properties":{"amenity":"parking","id":"way/817877971"},"geometry":{"type":"Point","coordinates":[27.2317333,38.4464314]}},{"type":"Feature","id":"way/817877973","properties":{"amenity":"parking","id":"way/817877973"},"geometry":{"type":"Point","coordinates":[27.2299515,38.4463533]}},{"type":"Feature","id":"way/817877983","properties":{"leisure":"playground","id":"way/817877983"},"geometry":{"type":"Point","coordinates":[27.2298336,38.4464678]}},{"type":"Feature","id":"way/817877984","properties":{"leisure":"playground","id":"way/817877984"},"geometry":{"type":"Point","coordinates":[27.230014,38.4465613]}},{"type":"Feature","id":"node/832757080","properties":{"amenity":"parking","id":"node/832757080"},"geometry":{"type":"Point","coordinates":[27.2095733,38.4487901]}},{"type":"Feature","id":"way/837292510","properties":{"addr:housenumber":"9","amenity":"marketplace","building":"yes","height":"3","name":"Bornova Belediyesi Evka 4 Kapalı Pazar Yeri","id":"way/837292510"},"geometry":{"type":"Point","coordinates":[27.2148537,38.4907667]}},{"type":"Feature","id":"way/837292511","properties":{"addr:housenumber":"31","amenity":"clinic","building":"yes","healthcare":"clinic","healthcare:speciality":"general","height":"6","name":"Bornova 7 Nolu Evka-4 Aile Sağlığı Merkezi","id":"way/837292511"},"geometry":{"type":"Point","coordinates":[27.2146518,38.4899503]}},{"type":"Feature","id":"way/839313142","properties":{"access":"permissive","leisure":"pitch","lit":"yes","name":"Bornova Atatürk Spor Kompleksi","sport":"basketball","surface":"paved","wikidata":"Q131885638","id":"way/839313142"},"geometry":{"type":"Point","coordinates":[27.2097884,38.4293093]}},{"type":"Feature","id":"way/840716842","properties":{"amenity":"parking","id":"way/840716842"},"geometry":{"type":"Point","coordinates":[27.2108383,38.429226]}},{"type":"Feature","id":"way/840716844","properties":{"amenity":"school","name":"Bornova İmam-Hatip Ortaokulu","id":"way/840716844"},"geometry":{"type":"Point","coordinates":[27.2085164,38.4304525]}},{"type":"Feature","id":"way/840716845","properties":{"amenity":"parking","id":"way/840716845"},"geometry":{"type":"Point","coordinates":[27.2102898,38.4319148]}},{"type":"Feature","id":"way/840716852","properties":{"access":"permissive","amenity":"parking","fee":"no","id":"way/840716852"},"geometry":{"type":"Point","coordinates":[27.2117972,38.4288452]}},{"type":"Feature","id":"way/855364242","properties":{"leisure":"playground","id":"way/855364242"},"geometry":{"type":"Point","coordinates":[27.2097383,38.4478938]}},{"type":"Feature","id":"way/855364243","properties":{"amenity":"parking","id":"way/855364243"},"geometry":{"type":"Point","coordinates":[27.2099252,38.4474769]}},{"type":"Feature","id":"way/855364244","properties":{"leisure":"playground","id":"way/855364244"},"geometry":{"type":"Point","coordinates":[27.209973,38.4471906]}},{"type":"Feature","id":"way/855364246","properties":{"amenity":"parking","id":"way/855364246"},"geometry":{"type":"Point","coordinates":[27.209161,38.4475814]}},{"type":"Feature","id":"way/855364247","properties":{"leisure":"park","id":"way/855364247"},"geometry":{"type":"Point","coordinates":[27.2116259,38.4468268]}},{"type":"Feature","id":"way/855364250","properties":{"leisure":"park","id":"way/855364250"},"geometry":{"type":"Point","coordinates":[27.2170496,38.4479302]}},{"type":"Feature","id":"way/855364251","properties":{"leisure":"playground","id":"way/855364251"},"geometry":{"type":"Point","coordinates":[27.2168547,38.4477603]}},{"type":"Feature","id":"way/855364256","properties":{"leisure":"park","id":"way/855364256"},"geometry":{"type":"Point","coordinates":[27.2158311,38.4451468]}},{"type":"Feature","id":"way/855364257","properties":{"amenity":"parking","id":"way/855364257"},"geometry":{"type":"Point","coordinates":[27.2160873,38.4452299]}},{"type":"Feature","id":"way/859286320","properties":{"amenity":"school","education":"school","name":"Rota Koleji Bornova Kampüsü","id":"way/859286320"},"geometry":{"type":"Point","coordinates":[27.2492153,38.4584342]}},{"type":"Feature","id":"way/859611253","properties":{"amenity":"parking","id":"way/859611253"},"geometry":{"type":"Point","coordinates":[27.2323785,38.4431847]}},{"type":"Feature","id":"way/859611254","properties":{"amenity":"parking","id":"way/859611254"},"geometry":{"type":"Point","coordinates":[27.2323114,38.4442148]}},{"type":"Feature","id":"way/859611255","properties":{"amenity":"parking","id":"way/859611255"},"geometry":{"type":"Point","coordinates":[27.2330059,38.4440175]}},{"type":"Feature","id":"way/859611256","properties":{"amenity":"parking","id":"way/859611256"},"geometry":{"type":"Point","coordinates":[27.2330027,38.4436036]}},{"type":"Feature","id":"way/859611257","properties":{"amenity":"parking","id":"way/859611257"},"geometry":{"type":"Point","coordinates":[27.2327334,38.4434077]}},{"type":"Feature","id":"way/859611258","properties":{"amenity":"parking","id":"way/859611258"},"geometry":{"type":"Point","coordinates":[27.2321018,38.4437124]}},{"type":"Feature","id":"way/859613425","properties":{"leisure":"pitch","sport":"basketball","surface":"asphalt","id":"way/859613425"},"geometry":{"type":"Point","coordinates":[27.2312597,38.4639072]}},{"type":"Feature","id":"way/859615349","properties":{"amenity":"parking","id":"way/859615349"},"geometry":{"type":"Point","coordinates":[27.2221032,38.4575425]}},{"type":"Feature","id":"way/859615350","properties":{"amenity":"parking","id":"way/859615350"},"geometry":{"type":"Point","coordinates":[27.2187071,38.4579579]}},{"type":"Feature","id":"way/865448241","properties":{"leisure":"swimming_pool","id":"way/865448241"},"geometry":{"type":"Point","coordinates":[27.2418426,38.4568457]}},{"type":"Feature","id":"way/865459721","properties":{"amenity":"place_of_worship","building":"mosque","religion":"muslim","id":"way/865459721"},"geometry":{"type":"Point","coordinates":[27.2922222,38.5332035]}},{"type":"Feature","id":"way/865482638","properties":{"amenity":"parking","id":"way/865482638"},"geometry":{"type":"Point","coordinates":[27.2069688,38.4641002]}},{"type":"Feature","id":"way/865500913","properties":{"leisure":"pitch","sport":"tennis","id":"way/865500913"},"geometry":{"type":"Point","coordinates":[27.1977884,38.4460501]}},{"type":"Feature","id":"way/865500987","properties":{"leisure":"pitch","sport":"tennis","id":"way/865500987"},"geometry":{"type":"Point","coordinates":[27.1946806,38.4459098]}},{"type":"Feature","id":"way/865505010","properties":{"leisure":"pitch","id":"way/865505010"},"geometry":{"type":"Point","coordinates":[27.1978025,38.45035]}},{"type":"Feature","id":"way/865505026","properties":{"leisure":"pitch","id":"way/865505026"},"geometry":{"type":"Point","coordinates":[27.1955798,38.449742]}},{"type":"Feature","id":"way/865505063","properties":{"leisure":"pitch","sport":"soccer","id":"way/865505063"},"geometry":{"type":"Point","coordinates":[27.1925798,38.4489548]}},{"type":"Feature","id":"way/865512468","properties":{"addr:city":"İzmir","addr:housenumber":"92","addr:street":"Üniversite Caddesi","amenity":"theatre","building":"yes","name":"Hang Out","website":"https://www.hangout.com.tr/","id":"way/865512468"},"geometry":{"type":"Point","coordinates":[27.1930736,38.4504611]}},{"type":"Feature","id":"way/865512475","properties":{"brand":"Ibis Styles","brand:wikidata":"Q3147425","building":"yes","name":"Ibis Styles Hotel Bornova","tourism":"hotel","id":"way/865512475"},"geometry":{"type":"Point","coordinates":[27.1922952,38.451056]}},{"type":"Feature","id":"way/865521546","properties":{"addr:city":"İzmir","addr:district":"Bornova","addr:housenumber":"18","addr:neighbourhood":"Egemenlik","addr:postcode":"35070","addr:street":"6133. Sokak","building":"commercial","building:levels":"3","description":"Kaliteli ve modaya uygun ayakkabılar üretme hedefiyle yola çıkan Raker Ayakkabı, güvenilir bir marka olma yolunda emin adımlarla ilerlemektedir. İç ve dış pazarlarda ülkemizi başarıyla temsil eden ürünlerimizle sektörün iddialı markaları arasında yer alır","height":"14","name":"Raker Mağazacılık Pazarlama Ticaret Limited Şirketi","shop":"shoes","short_name":"Rakerplus","smoking":"no","id":"way/865521546"},"geometry":{"type":"Point","coordinates":[27.2385693,38.4304777]}},{"type":"Feature","id":"way/865622277","properties":{"leisure":"park","id":"way/865622277"},"geometry":{"type":"Point","coordinates":[27.2320208,38.4303553]}},{"type":"Feature","id":"way/865638178","properties":{"access":"private","amenity":"parking","id":"way/865638178"},"geometry":{"type":"Point","coordinates":[27.2366758,38.3889966]}},{"type":"Feature","id":"way/865647235","properties":{"building":"yes","name":"MGS Hotel","tourism":"hotel","id":"way/865647235"},"geometry":{"type":"Point","coordinates":[27.2133544,38.4302284]}},{"type":"Feature","id":"way/865663959","properties":{"amenity":"place_of_worship","building":"mosque","denomination":"sunni","religion":"muslim","id":"way/865663959"},"geometry":{"type":"Point","coordinates":[27.1919173,38.4250071]}},{"type":"Feature","id":"way/865663960","properties":{"amenity":"place_of_worship","building":"mosque","denomination":"sunni","religion":"muslim","id":"way/865663960"},"geometry":{"type":"Point","coordinates":[27.1952711,38.4230532]}},{"type":"Feature","id":"way/865692218","properties":{"amenity":"place_of_worship","building":"yes","denomination":"sunni","name":"Tekstilciler Camii","religion":"muslim","id":"way/865692218"},"geometry":{"type":"Point","coordinates":[27.1836979,38.4221431]}},{"type":"Feature","id":"way/865750388","properties":{"leisure":"pitch","id":"way/865750388"},"geometry":{"type":"Point","coordinates":[27.2018359,38.4201556]}},{"type":"Feature","id":"way/865810581","properties":{"amenity":"hospital","building":"hospital","emergency":"no","healthcare":"hospital","name":"Tepecik Eğitim ve Araştırma Hastanesi Bornova Ek Binası","operator":"Sağlık Bakanlığı","operator:type":"government","operator:wikidata":"Q4294365","id":"way/865810581"},"geometry":{"type":"Point","coordinates":[27.2051215,38.4545521]}},{"type":"Feature","id":"way/865889849","properties":{"leisure":"swimming_pool","id":"way/865889849"},"geometry":{"type":"Point","coordinates":[27.214718,38.4520711]}},{"type":"Feature","id":"way/865894653","properties":{"amenity":"cafe","building":"yes","name":"Eğitim & Spor Cafe","id":"way/865894653"},"geometry":{"type":"Point","coordinates":[27.22283,38.4584106]}},{"type":"Feature","id":"way/866000974","properties":{"amenity":"parking","id":"way/866000974"},"geometry":{"type":"Point","coordinates":[27.198312,38.4427722]}},{"type":"Feature","id":"way/866005708","properties":{"leisure":"pitch","id":"way/866005708"},"geometry":{"type":"Point","coordinates":[27.1874624,38.4487838]}},{"type":"Feature","id":"way/866005709","properties":{"leisure":"pitch","id":"way/866005709"},"geometry":{"type":"Point","coordinates":[27.1877023,38.4486932]}},{"type":"Feature","id":"way/866005712","properties":{"leisure":"pitch","id":"way/866005712"},"geometry":{"type":"Point","coordinates":[27.1876606,38.4488322]}},{"type":"Feature","id":"way/866017486","properties":{"leisure":"pitch","source":"Maxar Premium-Luftbilder (Beta)","sport":"basketball","id":"way/866017486"},"geometry":{"type":"Point","coordinates":[27.2105136,38.4667386]}},{"type":"Feature","id":"way/866017487","properties":{"leisure":"pitch","source":"Maxar Premium-Luftbilder (Beta)","sport":"basketball","id":"way/866017487"},"geometry":{"type":"Point","coordinates":[27.2108616,38.4668131]}},{"type":"Feature","id":"way/866017488","properties":{"leisure":"pitch","source":"Maxar Premium-Luftbilder (Beta)","sport":"soccer","id":"way/866017488"},"geometry":{"type":"Point","coordinates":[27.2121268,38.4666118]}},{"type":"Feature","id":"way/866017489","properties":{"leisure":"pitch","source":"Maxar Premium-Luftbilder (Beta)","sport":"tennis","id":"way/866017489"},"geometry":{"type":"Point","coordinates":[27.2113267,38.4663421]}},{"type":"Feature","id":"way/866017490","properties":{"leisure":"pitch","source":"Maxar Premium-Luftbilder (Beta)","sport":"tennis","id":"way/866017490"},"geometry":{"type":"Point","coordinates":[27.2111599,38.4662803]}},{"type":"Feature","id":"way/866017491","properties":{"leisure":"pitch","source":"Maxar Premium-Luftbilder (Beta)","sport":"basketball","id":"way/866017491"},"geometry":{"type":"Point","coordinates":[27.2108063,38.4661412]}},{"type":"Feature","id":"way/866017492","properties":{"amenity":"theatre","building":"yes","name":"Amfiteatr","id":"way/866017492"},"geometry":{"type":"Point","coordinates":[27.2084511,38.4686878]}},{"type":"Feature","id":"way/866017493","properties":{"amenity":"theatre","building":"yes","name":"Bornova Aşık Veysel Amfi Tiyatrosu","source":"Maxar Premium-Luftbilder (Beta)","wikidata":"Q138676323","id":"way/866017493"},"geometry":{"type":"Point","coordinates":[27.2084304,38.4688813]}},{"type":"Feature","id":"way/866062374","properties":{"amenity":"veterinary","building":"yes","name":"Bornova Doğa Veteriner Polikliniği","id":"way/866062374"},"geometry":{"type":"Point","coordinates":[27.2040529,38.4578719]}},{"type":"Feature","id":"way/866159555","properties":{"addr:housenumber":"36/A","addr:postcode":"35100","addr:street":"364/1. Sokak","amenity":"hospital","building":"hospital","email":"info@entokbb.com","emergency":"no","healthcare":"hospital","internet_access":"wlan","name":"Ento KBB Tıp Merkezi","name:en":"Ento KBB Medical Center","opening_hours":"Mo-Sa 09:00-23:00","phone":"+902324003686","website":"http://www.entokbb.con","id":"way/866159555"},"geometry":{"type":"Point","coordinates":[27.2068073,38.4469941]}},{"type":"Feature","id":"way/866159556","properties":{"amenity":"hospital","building":"hospital","emergency":"no","healthcare":"hospital","name":"Alfa Tıp Merkezi","id":"way/866159556"},"geometry":{"type":"Point","coordinates":[27.2065348,38.4468976]}},{"type":"Feature","id":"way/866160667","properties":{"amenity":"clinic","building":"yes","healthcare":"clinic","healthcare:speciality":"infectious_diseases","name":"Enfeksiyon ve Klinik Mikrobiyoloji Ana Bilim Dalı","id":"way/866160667"},"geometry":{"type":"Point","coordinates":[27.206738,38.455072]}},{"type":"Feature","id":"way/866267979","properties":{"access":"private","hoops":"6","leisure":"pitch","lit":"yes","sport":"basketball","surface":"tartan","id":"way/866267979"},"geometry":{"type":"Point","coordinates":[27.2335705,38.4528775]}},{"type":"Feature","id":"way/866267988","properties":{"amenity":"parking","id":"way/866267988"},"geometry":{"type":"Point","coordinates":[27.2370912,38.4525663]}},{"type":"Feature","id":"way/866267989","properties":{"amenity":"parking","id":"way/866267989"},"geometry":{"type":"Point","coordinates":[27.2377324,38.4526847]}},{"type":"Feature","id":"way/866274491","properties":{"amenity":"marketplace","building":"yes","name":"Seyit Şanlı Kapalı Pazaryeri","id":"way/866274491"},"geometry":{"type":"Point","coordinates":[27.198012,38.4809841]}},{"type":"Feature","id":"way/866274494","properties":{"access":"yes","leisure":"playground","id":"way/866274494"},"geometry":{"type":"Point","coordinates":[27.2037733,38.4803761]}},{"type":"Feature","id":"way/866274495","properties":{"leisure":"park","id":"way/866274495"},"geometry":{"type":"Point","coordinates":[27.2039402,38.4804006]}},{"type":"Feature","id":"way/866306311","properties":{"leisure":"swimming_pool","id":"way/866306311"},"geometry":{"type":"Point","coordinates":[27.2028966,38.4436335]}},{"type":"Feature","id":"way/866462118","properties":{"leisure":"swimming_pool","id":"way/866462118"},"geometry":{"type":"Point","coordinates":[27.203428,38.4513643]}},{"type":"Feature","id":"way/866486460","properties":{"leisure":"playground","id":"way/866486460"},"geometry":{"type":"Point","coordinates":[27.2101837,38.4382358]}},{"type":"Feature","id":"way/866486462","properties":{"leisure":"swimming_pool","id":"way/866486462"},"geometry":{"type":"Point","coordinates":[27.2102044,38.4373854]}},{"type":"Feature","id":"way/866486463","properties":{"leisure":"swimming_pool","id":"way/866486463"},"geometry":{"type":"Point","coordinates":[27.2099819,38.4371379]}},{"type":"Feature","id":"way/866486466","properties":{"leisure":"pitch","sport":"basketball","id":"way/866486466"},"geometry":{"type":"Point","coordinates":[27.2078116,38.4366794]}},{"type":"Feature","id":"way/866488999","properties":{"leisure":"playground","id":"way/866488999"},"geometry":{"type":"Point","coordinates":[27.2081527,38.4367324]}},{"type":"Feature","id":"way/866489000","properties":{"leisure":"playground","id":"way/866489000"},"geometry":{"type":"Point","coordinates":[27.2101347,38.4384582]}},{"type":"Feature","id":"way/866681267","properties":{"leisure":"pitch","sport":"basketball","id":"way/866681267"},"geometry":{"type":"Point","coordinates":[27.1990515,38.443693]}},{"type":"Feature","id":"way/866689061","properties":{"amenity":"fuel","brand":"Petrol Ofisi","brand:wikidata":"Q1278087","building":"yes","name":"Petrol Ofisi","id":"way/866689061"},"geometry":{"type":"Point","coordinates":[27.199771,38.4447139]}},{"type":"Feature","id":"way/866693736","properties":{"leisure":"park","id":"way/866693736"},"geometry":{"type":"Point","coordinates":[27.2692246,38.4949458]}},{"type":"Feature","id":"way/866713108","properties":{"amenity":"parking","id":"way/866713108"},"geometry":{"type":"Point","coordinates":[27.2091181,38.4586508]}},{"type":"Feature","id":"way/866713109","properties":{"amenity":"parking","id":"way/866713109"},"geometry":{"type":"Point","coordinates":[27.209489,38.458708]}},{"type":"Feature","id":"way/866713110","properties":{"amenity":"parking","id":"way/866713110"},"geometry":{"type":"Point","coordinates":[27.2085395,38.4588534]}},{"type":"Feature","id":"way/866775902","properties":{"amenity":"parking","id":"way/866775902"},"geometry":{"type":"Point","coordinates":[27.2442504,38.4339137]}},{"type":"Feature","id":"way/866790319","properties":{"amenity":"police","building":"yes","name":"Polis Kriminal Müdürlüğü","id":"way/866790319"},"geometry":{"type":"Point","coordinates":[27.2292181,38.4678656]}},{"type":"Feature","id":"way/866888127","properties":{"leisure":"pitch","sport":"baseball","id":"way/866888127"},"geometry":{"type":"Point","coordinates":[27.2102908,38.4433205]}},{"type":"Feature","id":"way/866889249","properties":{"amenity":"place_of_worship","building":"mosque","denomination":"sunni","name":"Yıkık Minare Camii","religion":"muslim","wikidata":"Q118798757","wikipedia":"tr:Yıkık Minare Camii","id":"way/866889249"},"geometry":{"type":"Point","coordinates":[27.2233958,38.4690624]}},{"type":"Feature","id":"way/866894000","properties":{"amenity":"parking","parking":"street_side","id":"way/866894000"},"geometry":{"type":"Point","coordinates":[27.2107137,38.477691]}},{"type":"Feature","id":"way/866894002","properties":{"amenity":"clinic","building":"yes","healthcare":"clinic","name":"Bornova 6 Nolu Atatürk Aile Sağlığı Merkezi","opening_hours":"Mo-Fr 07:00-18:00","id":"way/866894002"},"geometry":{"type":"Point","coordinates":[27.2104833,38.478395]}},{"type":"Feature","id":"way/866972164","properties":{"leisure":"swimming_pool","id":"way/866972164"},"geometry":{"type":"Point","coordinates":[27.2179543,38.4491915]}},{"type":"Feature","id":"way/866972165","properties":{"leisure":"swimming_pool","id":"way/866972165"},"geometry":{"type":"Point","coordinates":[27.2176757,38.4491479]}},{"type":"Feature","id":"way/866985207","properties":{"leisure":"swimming_pool","id":"way/866985207"},"geometry":{"type":"Point","coordinates":[27.2179857,38.4474985]}},{"type":"Feature","id":"way/867002698","properties":{"leisure":"swimming_pool","id":"way/867002698"},"geometry":{"type":"Point","coordinates":[27.2169732,38.4486357]}},{"type":"Feature","id":"way/867002700","properties":{"leisure":"swimming_pool","id":"way/867002700"},"geometry":{"type":"Point","coordinates":[27.216811,38.4486823]}},{"type":"Feature","id":"way/867002707","properties":{"leisure":"swimming_pool","id":"way/867002707"},"geometry":{"type":"Point","coordinates":[27.2161712,38.4483477]}},{"type":"Feature","id":"way/867056254","properties":{"amenity":"cafe","building":"yes","name":"Loppy","id":"way/867056254"},"geometry":{"type":"Point","coordinates":[27.2274547,38.4566217]}},{"type":"Feature","id":"way/867502061","properties":{"amenity":"parking","id":"way/867502061"},"geometry":{"type":"Point","coordinates":[27.2145048,38.4926945]}},{"type":"Feature","id":"way/867502065","properties":{"leisure":"playground","id":"way/867502065"},"geometry":{"type":"Point","coordinates":[27.215961,38.4921164]}},{"type":"Feature","id":"way/867502070","properties":{"leisure":"pitch","sport":"basketball","id":"way/867502070"},"geometry":{"type":"Point","coordinates":[27.212913,38.4891694]}},{"type":"Feature","id":"way/867502071","properties":{"leisure":"pitch","sport":"basketball","id":"way/867502071"},"geometry":{"type":"Point","coordinates":[27.21326,38.4891468]}},{"type":"Feature","id":"way/867502072","properties":{"access":"yes","leisure":"playground","id":"way/867502072"},"geometry":{"type":"Point","coordinates":[27.2129407,38.4894993]}},{"type":"Feature","id":"way/867502073","properties":{"leisure":"park","id":"way/867502073"},"geometry":{"type":"Point","coordinates":[27.2130012,38.4890576]}},{"type":"Feature","id":"way/867502074","properties":{"access":"yes","leisure":"playground","id":"way/867502074"},"geometry":{"type":"Point","coordinates":[27.2098917,38.4914162]}},{"type":"Feature","id":"way/867502075","properties":{"access":"yes","leisure":"playground","id":"way/867502075"},"geometry":{"type":"Point","coordinates":[27.2076497,38.4895447]}},{"type":"Feature","id":"way/867502088","properties":{"leisure":"playground","id":"way/867502088"},"geometry":{"type":"Point","coordinates":[27.2148989,38.4867237]}},{"type":"Feature","id":"way/867502091","properties":{"amenity":"school","id":"way/867502091"},"geometry":{"type":"Point","coordinates":[27.2126811,38.4848166]}},{"type":"Feature","id":"way/867502095","properties":{"amenity":"school","name":"Gülsefa Kapancıoğlu Anadolu Lisesi","id":"way/867502095"},"geometry":{"type":"Point","coordinates":[27.2124997,38.4843204]}},{"type":"Feature","id":"way/867502105","properties":{"amenity":"school","check_date":"2026-08-13","name":"Orkide İlkokulu","id":"way/867502105"},"geometry":{"type":"Point","coordinates":[27.2071125,38.482265]}},{"type":"Feature","id":"way/867502108","properties":{"leisure":"playground","id":"way/867502108"},"geometry":{"type":"Point","coordinates":[27.2007464,38.4822657]}},{"type":"Feature","id":"way/867502146","properties":{"amenity":"school","name":"Malazgir İlkokulu","operator":"Millî Eğitim Bakanlığı","operator:en":"Ministry of National Education","operator:short":"MEB","operator:tr":"Millî Eğitim Bakanlığı","operator:type":"government","operator:wikidata":"Q1359675","id":"way/867502146"},"geometry":{"type":"Point","coordinates":[27.2201767,38.470993]}},{"type":"Feature","id":"way/867541459","properties":{"leisure":"park","id":"way/867541459"},"geometry":{"type":"Point","coordinates":[27.2118633,38.4905855]}},{"type":"Feature","id":"way/867541460","properties":{"leisure":"playground","id":"way/867541460"},"geometry":{"type":"Point","coordinates":[27.2119193,38.4905307]}},{"type":"Feature","id":"way/867541522","properties":{"leisure":"pitch","sport":"soccer","id":"way/867541522"},"geometry":{"type":"Point","coordinates":[27.2147157,38.4946195]}},{"type":"Feature","id":"way/867541529","properties":{"leisure":"park","id":"way/867541529"},"geometry":{"type":"Point","coordinates":[27.2103409,38.4908157]}},{"type":"Feature","id":"way/867541530","properties":{"leisure":"park","id":"way/867541530"},"geometry":{"type":"Point","coordinates":[27.2098633,38.4912462]}},{"type":"Feature","id":"way/867541584","properties":{"leisure":"playground","id":"way/867541584"},"geometry":{"type":"Point","coordinates":[27.2167023,38.4889625]}},{"type":"Feature","id":"way/867541595","properties":{"amenity":"fire_station","building":"yes","check_date":"2025-12-04","name":"Evka-4 Yeşiltepe İtfaiye İstasyonu","id":"way/867541595"},"geometry":{"type":"Point","coordinates":[27.2137635,38.4879945]}},{"type":"Feature","id":"way/867541596","properties":{"access":"yes","leisure":"playground","id":"way/867541596"},"geometry":{"type":"Point","coordinates":[27.2129581,38.4880024]}},{"type":"Feature","id":"way/867541602","properties":{"leisure":"park","id":"way/867541602"},"geometry":{"type":"Point","coordinates":[27.2075006,38.4897243]}},{"type":"Feature","id":"way/867541603","properties":{"leisure":"park","id":"way/867541603"},"geometry":{"type":"Point","coordinates":[27.2120095,38.4920333]}},{"type":"Feature","id":"way/867541604","properties":{"leisure":"playground","id":"way/867541604"},"geometry":{"type":"Point","coordinates":[27.21196,38.4920569]}},{"type":"Feature","id":"way/867541605","properties":{"addr:housenumber":"117/2B","addr:street":"Barbaros Caddesi","brand":"Pehlivanoğlu","building":"yes","name":"Pehlivanoğlu","opening_hours":"Mo-Su 08:30-21:30","shop":"supermarket","id":"way/867541605"},"geometry":{"type":"Point","coordinates":[27.2074937,38.4888003]}},{"type":"Feature","id":"way/867618518","properties":{"leisure":"park","id":"way/867618518"},"geometry":{"type":"Point","coordinates":[27.2010254,38.4625713]}},{"type":"Feature","id":"way/867652870","properties":{"amenity":"place_of_worship","building":"church","denomination":"anglican","name":"St. Mary Magdalene Anglikan Klisesi","religion":"christian","wikidata":"Q117069387","wikimedia_commons":"Category:Saint Mary Magdalene Anglican Church (İzmir)","wikipedia":"tr:Saint Mary Magdalene Anglikan Kilisesi","id":"way/867652870"},"geometry":{"type":"Point","coordinates":[27.2239099,38.462366]}},{"type":"Feature","id":"way/867652876","properties":{"building":"yes","museum":"history","name":"El Sanatları Müzesi (Mattheys Köşkü)","operator":"Arkas","operator:type":"private","tourism":"museum","website":"https://arkasarcademia.com/bornova-koskleri/","id":"way/867652876"},"geometry":{"type":"Point","coordinates":[27.2214032,38.463178]}},{"type":"Feature","id":"way/867706728","properties":{"amenity":"parking","id":"way/867706728"},"geometry":{"type":"Point","coordinates":[27.2090369,38.4888225]}},{"type":"Feature","id":"way/867706729","properties":{"access":"private","leisure":"playground","id":"way/867706729"},"geometry":{"type":"Point","coordinates":[27.2082304,38.4886521]}},{"type":"Feature","id":"way/867706730","properties":{"amenity":"parking","id":"way/867706730"},"geometry":{"type":"Point","coordinates":[27.2138881,38.4882399]}},{"type":"Feature","id":"way/867706731","properties":{"amenity":"parking","id":"way/867706731"},"geometry":{"type":"Point","coordinates":[27.214426,38.4893168]}},{"type":"Feature","id":"way/867706734","properties":{"access":"yes","leisure":"playground","id":"way/867706734"},"geometry":{"type":"Point","coordinates":[27.2158475,38.4907738]}},{"type":"Feature","id":"way/867720101","properties":{"addr:housenumber":"2","addr:street":"Gül Sokak","amenity":"school","grades":"1-4","height":"3","name":"Laka Sadiye Erdemli İlkokulu","id":"way/867720101"},"geometry":{"type":"Point","coordinates":[27.1899891,38.4863753]}},{"type":"Feature","id":"way/867817559","properties":{"leisure":"pitch","sport":"basketball","id":"way/867817559"},"geometry":{"type":"Point","coordinates":[27.235039,38.4530541]}},{"type":"Feature","id":"way/867817560","properties":{"leisure":"pitch","sport":"basketball","id":"way/867817560"},"geometry":{"type":"Point","coordinates":[27.2349083,38.4530531]}},{"type":"Feature","id":"way/867823034","properties":{"leisure":"pitch","sport":"tennis","id":"way/867823034"},"geometry":{"type":"Point","coordinates":[27.2375187,38.4524493]}},{"type":"Feature","id":"way/867832640","properties":{"leisure":"park","name":"Taştan Kayık","id":"way/867832640"},"geometry":{"type":"Point","coordinates":[27.213116,38.4543087]}},{"type":"Feature","id":"way/868356687","properties":{"amenity":"place_of_worship","building":"mosque","denomination":"sunni","religion":"muslim","id":"way/868356687"},"geometry":{"type":"Point","coordinates":[27.2507729,38.5472218]}},{"type":"Feature","id":"way/868362218","properties":{"leisure":"pitch","sport":"soccer","id":"way/868362218"},"geometry":{"type":"Point","coordinates":[27.2988316,38.4487947]}},{"type":"Feature","id":"way/868362219","properties":{"amenity":"place_of_worship","building":"mosque","denomination":"sunni","religion":"muslim","id":"way/868362219"},"geometry":{"type":"Point","coordinates":[27.2934582,38.4472011]}},{"type":"Feature","id":"way/868386004","properties":{"leisure":"swimming_pool","id":"way/868386004"},"geometry":{"type":"Point","coordinates":[27.246799,38.4689341]}},{"type":"Feature","id":"way/868414692","properties":{"amenity":"school","grades":"4-8","name":"Mevlana Ortaokulu","operator":"Millî Eğitim Bakanlığı","operator:en":"Ministry of National Education","operator:short":"MEB","operator:tr":"Millî Eğitim Bakanlığı","operator:type":"government","operator:wikidata":"Q1359675","id":"way/868414692"},"geometry":{"type":"Point","coordinates":[27.2160794,38.4793095]}},{"type":"Feature","id":"way/868414701","properties":{"amenity":"police","check_date":"2025-12-04","name":"100. Yıl Polis Merkezi Amirliği","id":"way/868414701"},"geometry":{"type":"Point","coordinates":[27.2085213,38.4759496]}},{"type":"Feature","id":"way/868414705","properties":{"amenity":"marketplace","building":"yes","name":"İnönü Pazaryeri","id":"way/868414705"},"geometry":{"type":"Point","coordinates":[27.2138128,38.4818589]}},{"type":"Feature","id":"way/868764339","properties":{"leisure":"pitch","sport":"tennis","id":"way/868764339"},"geometry":{"type":"Point","coordinates":[27.2321584,38.4690663]}},{"type":"Feature","id":"way/868764340","properties":{"leisure":"pitch","sport":"basketball","id":"way/868764340"},"geometry":{"type":"Point","coordinates":[27.2323189,38.4692038]}},{"type":"Feature","id":"way/868864463","properties":{"leisure":"swimming_pool","id":"way/868864463"},"geometry":{"type":"Point","coordinates":[27.2311432,38.467446]}},{"type":"Feature","id":"way/868993841","properties":{"leisure":"park","id":"way/868993841"},"geometry":{"type":"Point","coordinates":[27.2009584,38.4200714]}},{"type":"Feature","id":"way/869029440","properties":{"leisure":"park","id":"way/869029440"},"geometry":{"type":"Point","coordinates":[27.2035772,38.4198112]}},{"type":"Feature","id":"way/869029449","properties":{"leisure":"park","id":"way/869029449"},"geometry":{"type":"Point","coordinates":[27.2036535,38.4183764]}},{"type":"Feature","id":"way/869128024","properties":{"access":"customers","layer":"1","leisure":"swimming_pool","id":"way/869128024"},"geometry":{"type":"Point","coordinates":[27.2033162,38.4425137]}},{"type":"Feature","id":"way/869910469","properties":{"building":"yes","shop":"pastry","id":"way/869910469"},"geometry":{"type":"Point","coordinates":[27.2359142,38.4493752]}},{"type":"Feature","id":"way/869940685","properties":{"amenity":"parking","id":"way/869940685"},"geometry":{"type":"Point","coordinates":[27.1930368,38.4417287]}},{"type":"Feature","id":"way/870506937","properties":{"building":"yes","museum":"history","name":"Arkas Deniz Tarih Müzesi ( Viktor Whitalle Evi )","operator":"Arkas","tourism":"museum","id":"way/870506937"},"geometry":{"type":"Point","coordinates":[27.2199767,38.4635554]}},{"type":"Feature","id":"way/870567309","properties":{"amenity":"school","name":"Ömer Seyfettin İlkokulu","id":"way/870567309"},"geometry":{"type":"Point","coordinates":[27.2141744,38.4689458]}},{"type":"Feature","id":"way/870576598","properties":{"access":"permissive","leisure":"pitch","sport":"soccer","surface":"concrete","id":"way/870576598"},"geometry":{"type":"Point","coordinates":[27.2238525,38.4500175]}},{"type":"Feature","id":"way/870765223","properties":{"leisure":"park","id":"way/870765223"},"geometry":{"type":"Point","coordinates":[27.1927391,38.4421216]}},{"type":"Feature","id":"way/871889382","properties":{"amenity":"parking","id":"way/871889382"},"geometry":{"type":"Point","coordinates":[27.1934789,38.4433224]}},{"type":"Feature","id":"way/871889384","properties":{"amenity":"parking","id":"way/871889384"},"geometry":{"type":"Point","coordinates":[27.1938305,38.4427098]}},{"type":"Feature","id":"way/872224718","properties":{"amenity":"place_of_worship","building":"mosque","denomination":"sunni","religion":"muslim","id":"way/872224718"},"geometry":{"type":"Point","coordinates":[27.3213541,38.5118898]}},{"type":"Feature","id":"way/873285903","properties":{"leisure":"park","id":"way/873285903"},"geometry":{"type":"Point","coordinates":[27.2137141,38.4746928]}},{"type":"Feature","id":"way/873285944","properties":{"leisure":"park","id":"way/873285944"},"geometry":{"type":"Point","coordinates":[27.213076,38.4766083]}},{"type":"Feature","id":"way/873431785","properties":{"leisure":"park","id":"way/873431785"},"geometry":{"type":"Point","coordinates":[27.2167175,38.478842]}},{"type":"Feature","id":"way/874401634","properties":{"amenity":"parking","id":"way/874401634"},"geometry":{"type":"Point","coordinates":[27.2236898,38.4662453]}},{"type":"Feature","id":"way/874402695","properties":{"amenity":"parking","id":"way/874402695"},"geometry":{"type":"Point","coordinates":[27.2219936,38.4663361]}},{"type":"Feature","id":"way/874402696","properties":{"amenity":"parking","id":"way/874402696"},"geometry":{"type":"Point","coordinates":[27.2219058,38.4661838]}},{"type":"Feature","id":"way/874406298","properties":{"leisure":"park","id":"way/874406298"},"geometry":{"type":"Point","coordinates":[27.2239578,38.4674653]}},{"type":"Feature","id":"way/874406299","properties":{"amenity":"parking","id":"way/874406299"},"geometry":{"type":"Point","coordinates":[27.2237595,38.4682344]}},{"type":"Feature","id":"way/874412022","properties":{"leisure":"park","id":"way/874412022"},"geometry":{"type":"Point","coordinates":[27.2215826,38.4683288]}},{"type":"Feature","id":"way/874412023","properties":{"leisure":"pitch","id":"way/874412023"},"geometry":{"type":"Point","coordinates":[27.2236988,38.4684208]}},{"type":"Feature","id":"way/874412033","properties":{"amenity":"parking","id":"way/874412033"},"geometry":{"type":"Point","coordinates":[27.2228609,38.4675232]}},{"type":"Feature","id":"way/874426808","properties":{"leisure":"park","id":"way/874426808"},"geometry":{"type":"Point","coordinates":[27.2225552,38.4675842]}},{"type":"Feature","id":"way/874447282","properties":{"amenity":"parking","id":"way/874447282"},"geometry":{"type":"Point","coordinates":[27.2171894,38.4664316]}},{"type":"Feature","id":"way/874451742","properties":{"leisure":"park","id":"way/874451742"},"geometry":{"type":"Point","coordinates":[27.2148275,38.4699017]}},{"type":"Feature","id":"way/874590414","properties":{"addr:housenumber":"69","addr:street":"1700. Sokak","building":"yes","name":"Acemi Kasap","shop":"butcher","id":"way/874590414"},"geometry":{"type":"Point","coordinates":[27.2417258,38.4511926]}},{"type":"Feature","id":"way/874807639","properties":{"leisure":"park","id":"way/874807639"},"geometry":{"type":"Point","coordinates":[27.2450719,38.4499768]}},{"type":"Feature","id":"way/875382098","properties":{"amenity":"parking","id":"way/875382098"},"geometry":{"type":"Point","coordinates":[27.190252,38.4327765]}},{"type":"Feature","id":"way/875799632","properties":{"addr:city":"izmir","addr:district":"bornova","addr:housenumber":"20","addr:neighbourhood":"5307 Sok. No:20, 35090 Bornova/İzmir","addr:postcode":"35090","addr:street":"5307. Sokak","building":"office","building:levels":"1","height":"2","name":"Kalender Bilgisayar İzmir Bilgisayar & Laptop Alım Satım Merkezi","shop":"computer","smoking":"outside","id":"way/875799632"},"geometry":{"type":"Point","coordinates":[27.1838215,38.4356398]}},{"type":"Feature","id":"way/875821075","properties":{"access":"private","amenity":"parking","parking":"surface","id":"way/875821075"},"geometry":{"type":"Point","coordinates":[27.2093251,38.4784291]}},{"type":"Feature","id":"way/875840858","properties":{"amenity":"place_of_worship","building":"mosque","name":"Eğridere Mahallesi Yukarı Cami","religion":"muslim","id":"way/875840858"},"geometry":{"type":"Point","coordinates":[27.2060006,38.5114023]}},{"type":"Feature","id":"way/876201125","properties":{"amenity":"parking","id":"way/876201125"},"geometry":{"type":"Point","coordinates":[27.2592787,38.4375558]}},{"type":"Feature","id":"way/876244655","properties":{"leisure":"pitch","sport":"soccer","id":"way/876244655"},"geometry":{"type":"Point","coordinates":[27.279984,38.5005471]}},{"type":"Feature","id":"way/876244657","properties":{"leisure":"swimming_pool","id":"way/876244657"},"geometry":{"type":"Point","coordinates":[27.2852063,38.5032169]}},{"type":"Feature","id":"way/876311326","properties":{"leisure":"pitch","name":"basketbol Sahasi","sport":"basketball","id":"way/876311326"},"geometry":{"type":"Point","coordinates":[27.2107489,38.4611986]}},{"type":"Feature","id":"way/877604735","properties":{"leisure":"park","id":"way/877604735"},"geometry":{"type":"Point","coordinates":[27.1968144,38.4329475]}},{"type":"Feature","id":"way/877624574","properties":{"leisure":"playground","id":"way/877624574"},"geometry":{"type":"Point","coordinates":[27.2161483,38.4841602]}},{"type":"Feature","id":"way/877924958","properties":{"amenity":"parking","id":"way/877924958"},"geometry":{"type":"Point","coordinates":[27.227502,38.448081]}},{"type":"Feature","id":"way/877928768","properties":{"amenity":"school","id":"way/877928768"},"geometry":{"type":"Point","coordinates":[27.2044237,38.439118]}},{"type":"Feature","id":"way/877940556","properties":{"leisure":"pitch","sport":"basketball","id":"way/877940556"},"geometry":{"type":"Point","coordinates":[27.2025274,38.4201407]}},{"type":"Feature","id":"way/877941158","properties":{"amenity":"parking","id":"way/877941158"},"geometry":{"type":"Point","coordinates":[27.2054739,38.4349365]}},{"type":"Feature","id":"way/877945152","properties":{"leisure":"park","id":"way/877945152"},"geometry":{"type":"Point","coordinates":[27.2289248,38.429029]}},{"type":"Feature","id":"way/877946645","properties":{"amenity":"parking","id":"way/877946645"},"geometry":{"type":"Point","coordinates":[27.216273,38.4768329]}},{"type":"Feature","id":"way/877982049","properties":{"leisure":"pitch","sport":"soccer","id":"way/877982049"},"geometry":{"type":"Point","coordinates":[27.2143588,38.4812812]}},{"type":"Feature","id":"way/878201677","properties":{"leisure":"park","id":"way/878201677"},"geometry":{"type":"Point","coordinates":[27.2227916,38.4776639]}},{"type":"Feature","id":"way/878344350","properties":{"amenity":"place_of_worship","building":"mosque","denomination":"sunni","name":"Yeni Camii","religion":"muslim","id":"way/878344350"},"geometry":{"type":"Point","coordinates":[27.2131691,38.4622899]}},{"type":"Feature","id":"way/878643899","properties":{"access":"private","leisure":"swimming_pool","id":"way/878643899"},"geometry":{"type":"Point","coordinates":[27.2351383,38.4734323]}},{"type":"Feature","id":"way/878683409","properties":{"access":"private","leisure":"swimming_pool","id":"way/878683409"},"geometry":{"type":"Point","coordinates":[27.2334314,38.4690675]}},{"type":"Feature","id":"way/878687176","properties":{"access":"private","leisure":"swimming_pool","id":"way/878687176"},"geometry":{"type":"Point","coordinates":[27.2334837,38.4737219]}},{"type":"Feature","id":"way/878688934","properties":{"leisure":"pitch","sport":"soccer","id":"way/878688934"},"geometry":{"type":"Point","coordinates":[27.2305141,38.4742097]}},{"type":"Feature","id":"way/878704273","properties":{"amenity":"parking","id":"way/878704273"},"geometry":{"type":"Point","coordinates":[27.2260625,38.4646496]}},{"type":"Feature","id":"way/878736653","properties":{"leisure":"pitch","sport":"basketball","id":"way/878736653"},"geometry":{"type":"Point","coordinates":[27.2256115,38.4731687]}},{"type":"Feature","id":"way/878736654","properties":{"leisure":"pitch","sport":"tennis","id":"way/878736654"},"geometry":{"type":"Point","coordinates":[27.2259084,38.473158]}},{"type":"Feature","id":"way/878821660","properties":{"leisure":"park","id":"way/878821660"},"geometry":{"type":"Point","coordinates":[27.2015811,38.4391263]}},{"type":"Feature","id":"way/878963853","properties":{"leisure":"playground","id":"way/878963853"},"geometry":{"type":"Point","coordinates":[27.2135672,38.4960405]}},{"type":"Feature","id":"way/878963867","properties":{"leisure":"playground","id":"way/878963867"},"geometry":{"type":"Point","coordinates":[27.2146381,38.4938144]}},{"type":"Feature","id":"way/878975150","properties":{"leisure":"park","id":"way/878975150"},"geometry":{"type":"Point","coordinates":[27.2427,38.475663]}},{"type":"Feature","id":"way/878975158","properties":{"leisure":"park","id":"way/878975158"},"geometry":{"type":"Point","coordinates":[27.2420529,38.4755678]}},{"type":"Feature","id":"way/879013646","properties":{"amenity":"parking","id":"way/879013646"},"geometry":{"type":"Point","coordinates":[27.1968719,38.4261961]}},{"type":"Feature","id":"way/879013647","properties":{"amenity":"parking","id":"way/879013647"},"geometry":{"type":"Point","coordinates":[27.1989604,38.4260855]}},{"type":"Feature","id":"way/879510266","properties":{"amenity":"parking","id":"way/879510266"},"geometry":{"type":"Point","coordinates":[27.2070837,38.4506625]}},{"type":"Feature","id":"way/879789207","properties":{"leisure":"park","id":"way/879789207"},"geometry":{"type":"Point","coordinates":[27.2355173,38.4496681]}},{"type":"Feature","id":"way/880067154","properties":{"leisure":"park","name":"Park'en","id":"way/880067154"},"geometry":{"type":"Point","coordinates":[27.2088003,38.4644367]}},{"type":"Feature","id":"way/880067155","properties":{"leisure":"park","name":"Dural Park","id":"way/880067155"},"geometry":{"type":"Point","coordinates":[27.2090734,38.464584]}},{"type":"Feature","id":"way/880067156","properties":{"leisure":"park","name":"Bekir Park","id":"way/880067156"},"geometry":{"type":"Point","coordinates":[27.2087461,38.4649048]}},{"type":"Feature","id":"way/880387655","properties":{"leisure":"park","id":"way/880387655"},"geometry":{"type":"Point","coordinates":[27.2106748,38.4846689]}},{"type":"Feature","id":"way/880700961","properties":{"leisure":"swimming_pool","id":"way/880700961"},"geometry":{"type":"Point","coordinates":[27.2423898,38.4838407]}},{"type":"Feature","id":"way/880700962","properties":{"leisure":"swimming_pool","id":"way/880700962"},"geometry":{"type":"Point","coordinates":[27.2424759,38.4837555]}},{"type":"Feature","id":"way/881416758","properties":{"leisure":"pitch","sport":"soccer","id":"way/881416758"},"geometry":{"type":"Point","coordinates":[27.2487785,38.4510487]}},{"type":"Feature","id":"way/881419907","properties":{"amenity":"parking","id":"way/881419907"},"geometry":{"type":"Point","coordinates":[27.2489199,38.4495699]}},{"type":"Feature","id":"way/881517241","properties":{"amenity":"clinic","building":"clinic","healthcare":"clinic","name":"Bornova 13 Nolu Doğanlar Aile Sağlığı Merkezi","id":"way/881517241"},"geometry":{"type":"Point","coordinates":[27.25335,38.4541611]}},{"type":"Feature","id":"way/883310036","properties":{"amenity":"parking","id":"way/883310036"},"geometry":{"type":"Point","coordinates":[27.2527631,38.4661798]}},{"type":"Feature","id":"way/885165122","properties":{"leisure":"park","id":"way/885165122"},"geometry":{"type":"Point","coordinates":[27.212671,38.482137]}},{"type":"Feature","id":"way/885165124","properties":{"leisure":"playground","id":"way/885165124"},"geometry":{"type":"Point","coordinates":[27.213096,38.4817925]}},{"type":"Feature","id":"way/885973099","properties":{"leisure":"pitch","sport":"basketball","surface":"concrete","id":"way/885973099"},"geometry":{"type":"Point","coordinates":[27.2211284,38.4499088]}},{"type":"Feature","id":"way/885973107","properties":{"leisure":"playground","id":"way/885973107"},"geometry":{"type":"Point","coordinates":[27.2256045,38.4451352]}},{"type":"Feature","id":"way/887029573","properties":{"leisure":"park","id":"way/887029573"},"geometry":{"type":"Point","coordinates":[27.2153949,38.4797554]}},{"type":"Feature","id":"way/887029604","properties":{"leisure":"park","id":"way/887029604"},"geometry":{"type":"Point","coordinates":[27.2136097,38.4810871]}},{"type":"Feature","id":"way/887504571","properties":{"leisure":"park","id":"way/887504571"},"geometry":{"type":"Point","coordinates":[27.2181733,38.4724159]}},{"type":"Feature","id":"way/887504572","properties":{"amenity":"parking","building":"yes","id":"way/887504572"},"geometry":{"type":"Point","coordinates":[27.2185319,38.4727204]}},{"type":"Feature","id":"way/890598127","properties":{"amenity":"parking","id":"way/890598127"},"geometry":{"type":"Point","coordinates":[27.2026753,38.4140424]}},{"type":"Feature","id":"way/893447178","properties":{"amenity":"library","building":"yes","description":"Library of Bornova Koleji.\n\nBornova Koleji'nin Kütüphanesi.","id":"way/893447178"},"geometry":{"type":"Point","coordinates":[27.2319848,38.4698193]}},{"type":"Feature","id":"way/893447183","properties":{"access":"permit","amenity":"parking","description":"Used as recreation area, as it's usually empty in school hours.\n\nTeneffüslerde kullanılır, çünkü okul saatlerinde genellikle boştur.","parking":"surface","surface":"concrete","id":"way/893447183"},"geometry":{"type":"Point","coordinates":[27.2305599,38.4698379]}},{"type":"Feature","id":"way/893447213","properties":{"leisure":"pitch","lit":"yes","sport":"multi","surface":"concrete","id":"way/893447213"},"geometry":{"type":"Point","coordinates":[27.2318314,38.4701013]}},{"type":"Feature","id":"way/893611981","properties":{"amenity":"parking","id":"way/893611981"},"geometry":{"type":"Point","coordinates":[27.2182071,38.4696232]}},{"type":"Feature","id":"way/893611982","properties":{"amenity":"parking","id":"way/893611982"},"geometry":{"type":"Point","coordinates":[27.217948,38.4694959]}},{"type":"Feature","id":"way/894034323","properties":{"amenity":"parking","id":"way/894034323"},"geometry":{"type":"Point","coordinates":[27.2298207,38.4504562]}},{"type":"Feature","id":"way/894273491","properties":{"leisure":"pitch","id":"way/894273491"},"geometry":{"type":"Point","coordinates":[27.2218859,38.472715]}},{"type":"Feature","id":"way/895847896","properties":{"addr:city":"İzmir","addr:district":"Bornova","addr:housenumber":"63","addr:neighbourhood":"Çamkule Mahallesi","addr:postcode":"35080","addr:street":"Şehit Er Mehmet Çadırcı Caddesi","amenity":"school","grades":"9-12","name":"İzmir Esnaf Ve Sanatkarlar Odaları Birliği Mesleki ve Teknik Anadolu Lisesi","operator":"T.C. Millî Eğitim Bakanlığı","operator:type":"public","phone":"+90 232 456 00 80","website":"https://iesobtleml.meb.k12.tr/","id":"way/895847896"},"geometry":{"type":"Point","coordinates":[27.188857,38.4058165]}},{"type":"Feature","id":"way/898003218","properties":{"amenity":"parking","id":"way/898003218"},"geometry":{"type":"Point","coordinates":[27.1961651,38.4343868]}},{"type":"Feature","id":"way/902059791","properties":{"amenity":"parking","id":"way/902059791"},"geometry":{"type":"Point","coordinates":[27.1955187,38.4313566]}},{"type":"Feature","id":"way/902769279","properties":{"access":"residents","amenity":"parking","id":"way/902769279"},"geometry":{"type":"Point","coordinates":[27.2135867,38.4590837]}},{"type":"Feature","id":"way/902811738","properties":{"leisure":"pitch","sport":"football","id":"way/902811738"},"geometry":{"type":"Point","coordinates":[27.1872363,38.4107473]}},{"type":"Feature","id":"way/903818642","properties":{"leisure":"playground","id":"way/903818642"},"geometry":{"type":"Point","coordinates":[27.2197523,38.4740969]}},{"type":"Feature","id":"way/905944663","properties":{"leisure":"park","id":"way/905944663"},"geometry":{"type":"Point","coordinates":[27.250811,38.4447224]}},{"type":"Feature","id":"way/907994886","properties":{"leisure":"park","id":"way/907994886"},"geometry":{"type":"Point","coordinates":[27.2590378,38.4365066]}},{"type":"Feature","id":"way/908381600","properties":{"leisure":"playground","id":"way/908381600"},"geometry":{"type":"Point","coordinates":[27.2116861,38.4506897]}},{"type":"Feature","id":"way/922026093","properties":{"leisure":"park","id":"way/922026093"},"geometry":{"type":"Point","coordinates":[27.2130058,38.443343]}},{"type":"Feature","id":"way/922026094","properties":{"amenity":"parking","parking":"surface","id":"way/922026094"},"geometry":{"type":"Point","coordinates":[27.2135576,38.4407238]}},{"type":"Feature","id":"way/990839002","properties":{"leisure":"park","name":"Dr. Behçet Uz Rekreasyon Alanı","id":"way/990839002"},"geometry":{"type":"Point","coordinates":[27.1839861,38.4189414]}},{"type":"Feature","id":"way/991097517","properties":{"leisure":"park","id":"way/991097517"},"geometry":{"type":"Point","coordinates":[27.2114587,38.4386208]}},{"type":"Feature","id":"way/992451067","properties":{"leisure":"park","id":"way/992451067"},"geometry":{"type":"Point","coordinates":[27.2019069,38.4316379]}},{"type":"Feature","id":"way/992451068","properties":{"leisure":"park","id":"way/992451068"},"geometry":{"type":"Point","coordinates":[27.2080285,38.4367425]}},{"type":"Feature","id":"way/992451069","properties":{"leisure":"park","id":"way/992451069"},"geometry":{"type":"Point","coordinates":[27.2102401,38.4383514]}},{"type":"Feature","id":"way/1007634424","properties":{"amenity":"place_of_worship","building":"mosque","denomination":"sunni","religion":"muslim","id":"way/1007634424"},"geometry":{"type":"Point","coordinates":[27.1830969,38.4473719]}},{"type":"Feature","id":"way/1062394421","properties":{"barrier":"fence","name":"Anit Ağaç","name:en":"Monument Tree","tourism":"attraction","id":"way/1062394421"},"geometry":{"type":"Point","coordinates":[27.2106623,38.5039604]}},{"type":"Feature","id":"way/1101718078","properties":{"amenity":"parking","id":"way/1101718078"},"geometry":{"type":"Point","coordinates":[27.2540471,38.4571021]}},{"type":"Feature","id":"way/1108931787","properties":{"addr:city":"Izmir","addr:district":"Bornova","amenity":"cafe","building":"yes","cuisine":"coffee_shop","name":"Karavan Kafe","opening_hours":"08.00-00.00","outdoor_seating":"yes","id":"way/1108931787"},"geometry":{"type":"Point","coordinates":[27.2142125,38.4591935]}},{"type":"Feature","id":"way/1109528784","properties":{"leisure":"playground","id":"way/1109528784"},"geometry":{"type":"Point","coordinates":[27.2493285,38.4643439]}},{"type":"Feature","id":"way/1109528787","properties":{"leisure":"park","id":"way/1109528787"},"geometry":{"type":"Point","coordinates":[27.2489383,38.4639397]}},{"type":"Feature","id":"way/1116583075","properties":{"leisure":"playground","id":"way/1116583075"},"geometry":{"type":"Point","coordinates":[27.2311207,38.4288552]}},{"type":"Feature","id":"way/1116583082","properties":{"leisure":"park","id":"way/1116583082"},"geometry":{"type":"Point","coordinates":[27.2314786,38.4288406]}},{"type":"Feature","id":"way/1116583085","properties":{"leisure":"park","id":"way/1116583085"},"geometry":{"type":"Point","coordinates":[27.2272938,38.4298527]}},{"type":"Feature","id":"way/1116586393","properties":{"amenity":"school","name":"Pir Sultan Abdal Parki","id":"way/1116586393"},"geometry":{"type":"Point","coordinates":[27.2031349,38.4601203]}},{"type":"Feature","id":"way/1125506160","properties":{"amenity":"parking","id":"way/1125506160"},"geometry":{"type":"Point","coordinates":[27.2489997,38.4776165]}},{"type":"Feature","id":"way/1125506162","properties":{"amenity":"parking","id":"way/1125506162"},"geometry":{"type":"Point","coordinates":[27.2491324,38.4771559]}},{"type":"Feature","id":"way/1125506163","properties":{"leisure":"park","name":"Uğur Mumcu Parkı","id":"way/1125506163"},"geometry":{"type":"Point","coordinates":[27.2492685,38.4769352]}},{"type":"Feature","id":"way/1125639849","properties":{"amenity":"parking","id":"way/1125639849"},"geometry":{"type":"Point","coordinates":[27.2490406,38.4775148]}},{"type":"Feature","id":"way/1126991443","properties":{"access":"private","amenity":"parking","id":"way/1126991443"},"geometry":{"type":"Point","coordinates":[27.2816813,38.4550114]}},{"type":"Feature","id":"way/1132543823","properties":{"amenity":"parking","id":"way/1132543823"},"geometry":{"type":"Point","coordinates":[27.2538281,38.4884917]}},{"type":"Feature","id":"way/1133165194","properties":{"amenity":"parking","id":"way/1133165194"},"geometry":{"type":"Point","coordinates":[27.2433263,38.4620749]}},{"type":"Feature","id":"way/1134545479","properties":{"amenity":"parking","id":"way/1134545479"},"geometry":{"type":"Point","coordinates":[27.1851972,38.4808388]}},{"type":"Feature","id":"way/1144260336","properties":{"access":"yes","addr:city":"Barbaros Mahallesi","addr:neighbourhood":"5301/2. Sok. No:4, 35090 Bornova/İzmir","addr:postcode":"35090","leisure":"park","id":"way/1144260336"},"geometry":{"type":"Point","coordinates":[27.1808478,38.4357695]}},{"type":"Feature","id":"way/1149892585","properties":{"leisure":"playground","id":"way/1149892585"},"geometry":{"type":"Point","coordinates":[27.2392257,38.4520452]}},{"type":"Feature","id":"way/1150486401","properties":{"leisure":"playground","id":"way/1150486401"},"geometry":{"type":"Point","coordinates":[27.2403986,38.4506074]}},{"type":"Feature","id":"way/1155065337","properties":{"addr:city":"İzmir","addr:district":"Bornova","addr:housenumber":"13/A","addr:neighbourhood":"Kazımdirik","addr:postcode":"35100","addr:street":"296. Sokak","branch":"Serdar Özcan Otomotiv","brand":"Mercedes-Benz","brand:wikidata":"Q36008","building":"yes","building:levels":"2","email":"info@serdarozcan.com.tr","name":"Mercedes-Benz","opening_hours":"Mo-Fr 08:30-18:00; Sa 08:30-17:00","phone":"+90 850 502 8585","shop":"car","id":"way/1155065337"},"geometry":{"type":"Point","coordinates":[27.1843742,38.4489288]}},{"type":"Feature","id":"way/1165383800","properties":{"access":"permit","amenity":"parking","fee":"yes","operator":"Topçu Tugay Gazino Otoparkı","payment:credit_cards":"yes","surface":"paving_stones","id":"way/1165383800"},"geometry":{"type":"Point","coordinates":[27.2164616,38.4610463]}},{"type":"Feature","id":"way/1170229682","properties":{"amenity":"school","id":"way/1170229682"},"geometry":{"type":"Point","coordinates":[27.2235392,38.447293]}},{"type":"Feature","id":"way/1172474583","properties":{"leisure":"pitch","sport":"soccer","id":"way/1172474583"},"geometry":{"type":"Point","coordinates":[27.2533182,38.4677736]}},{"type":"Feature","id":"way/1195186940","properties":{"amenity":"school","brand":"Bilfen Okulları","brand:wikidata":"Q28940776","grades":"1-8","name":"Özel Bilfen İlköğretim Okulu","operator":"Bilfen Okulları","operator:type":"private","school_level":"primary","id":"way/1195186940"},"geometry":{"type":"Point","coordinates":[27.2356432,38.4533284]}},{"type":"Feature","id":"way/1201701244","properties":{"leisure":"park","name":"Bornova Belediyesi Basın Özgürlüğü Parkı","id":"way/1201701244"},"geometry":{"type":"Point","coordinates":[27.2101614,38.4632582]}},{"type":"Feature","id":"way/1237802390","properties":{"leisure":"park","id":"way/1237802390"},"geometry":{"type":"Point","coordinates":[27.2277579,38.446644]}},{"type":"Feature","id":"way/1239437763","properties":{"amenity":"parking","operator":"Ege Üniversitesi","operator:type":"university","parking":"surface","id":"way/1239437763"},"geometry":{"type":"Point","coordinates":[27.2275191,38.4528829]}},{"type":"Feature","id":"node/1252207328","properties":{"amenity":"cinema","name":"Ege Üniversitesi Kampüs Sineması","id":"node/1252207328"},"geometry":{"type":"Point","coordinates":[27.2277277,38.4562917]}},{"type":"Feature","id":"way/1266599822","properties":{"addr:city":"İzmir","addr:district":"Bornova","addr:housenumber":"1/a","addr:neighbourhood":"Kazım Dirik Mahallesi","addr:postcode":"35100","addr:street":"379. Sokak","amenity":"cafe","bar":"yes","building":"yes","cuisine":"burger;italian;american;coffee_shop","internet_access":"wlan","internet_access:fee":"no","name":"Belle Bakery & Social Zone","opening_hours":"Mo-Su 08:00-00:00","outdoor_seating":"yes","phone":"+90 546 498 71 92","website":"https://menu.bellebakerysocialzone.com/","id":"way/1266599822"},"geometry":{"type":"Point","coordinates":[27.1927282,38.446439]}},{"type":"Feature","id":"way/1274995015","properties":{"leisure":"park","id":"way/1274995015"},"geometry":{"type":"Point","coordinates":[27.2281755,38.4676308]}},{"type":"Feature","id":"way/1274995020","properties":{"leisure":"swimming_pool","id":"way/1274995020"},"geometry":{"type":"Point","coordinates":[27.2288775,38.4668143]}},{"type":"Feature","id":"way/1274995021","properties":{"leisure":"swimming_pool","id":"way/1274995021"},"geometry":{"type":"Point","coordinates":[27.2289153,38.4668928]}},{"type":"Feature","id":"way/1283650551","properties":{"amenity":"school","education":"school","name":"Suphi Koyuncuoğlu Ortaokulu","operator":"Milli Eğitim Bakanlığı","operator:short":"MEB","operator:type":"public","operator:wikidata":"Q1359675","id":"way/1283650551"},"geometry":{"type":"Point","coordinates":[27.2246911,38.4616099]}},{"type":"Feature","id":"way/1283650552","properties":{"amenity":"clinic","healthcare":"clinic","name":"Bornova Şükrü Ergil 9 nolu Aile Sağlık Merkezi","operator":"Sağlık Bakanlığı","operator:type":"government","operator:wikidata":"Q4294365","id":"way/1283650552"},"geometry":{"type":"Point","coordinates":[27.2245492,38.4621681]}},{"type":"Feature","id":"way/1283650556","properties":{"amenity":"parking","fee":"no","operator":"Kaymakamlık","operator:type":"government","parking":"surface","surface":"gravel","id":"way/1283650556"},"geometry":{"type":"Point","coordinates":[27.2227465,38.4630622]}},{"type":"Feature","id":"node/1287549381","properties":{"addr:housename":"Gözkar Ticaret Merkezi","addr:housenumber":"16","addr:street":"Bornova Caddesi","name":"Baylan Mobil Otomasyon","shop":"car_repair","website":"https://www.baylanbilisim.com/","id":"node/1287549381"},"geometry":{"type":"Point","coordinates":[27.2285084,38.4358302]}},{"type":"Feature","id":"way/1290612807","properties":{"amenity":"school","id":"way/1290612807"},"geometry":{"type":"Point","coordinates":[27.2135348,38.4954106]}},{"type":"Feature","id":"way/1298733523","properties":{"amenity":"parking","id":"way/1298733523"},"geometry":{"type":"Point","coordinates":[27.2130042,38.4310979]}},{"type":"Feature","id":"way/1304250727","properties":{"amenity":"bus_station","bus":"yes","public_transport":"station","id":"way/1304250727"},"geometry":{"type":"Point","coordinates":[27.2285466,38.4658438]}},{"type":"Feature","id":"way/1304250733","properties":{"amenity":"parking","id":"way/1304250733"},"geometry":{"type":"Point","coordinates":[27.2296931,38.4650484]}},{"type":"Feature","id":"way/1304254790","properties":{"amenity":"bus_station","bus":"yes","name":"Bornova Metro Otobüs Peronları","public_transport":"station","id":"way/1304254790"},"geometry":{"type":"Point","coordinates":[27.2141529,38.4586314]}},{"type":"Feature","id":"way/1304254813","properties":{"amenity":"parking","id":"way/1304254813"},"geometry":{"type":"Point","coordinates":[27.2054703,38.448404]}},{"type":"Feature","id":"way/1304254815","properties":{"leisure":"park","id":"way/1304254815"},"geometry":{"type":"Point","coordinates":[27.2044822,38.4500551]}},{"type":"Feature","id":"way/1304254816","properties":{"leisure":"playground","id":"way/1304254816"},"geometry":{"type":"Point","coordinates":[27.2044299,38.4500302]}},{"type":"Feature","id":"way/1304255607","properties":{"amenity":"parking","id":"way/1304255607"},"geometry":{"type":"Point","coordinates":[27.2035202,38.4525825]}},{"type":"Feature","id":"way/1308496165","properties":{"amenity":"parking","id":"way/1308496165"},"geometry":{"type":"Point","coordinates":[27.2155957,38.4296535]}},{"type":"Feature","id":"way/1332138694","properties":{"building":"yes","name":"File","shop":"convenience","id":"way/1332138694"},"geometry":{"type":"Point","coordinates":[27.2112858,38.4370761]}},{"type":"Feature","id":"way/1333043903","properties":{"leisure":"pitch","sport":"tennis","id":"way/1333043903"},"geometry":{"type":"Point","coordinates":[27.2262626,38.4568919]}},{"type":"Feature","id":"way/1333043906","properties":{"leisure":"garden","id":"way/1333043906"},"geometry":{"type":"Point","coordinates":[27.2262088,38.4571081]}},{"type":"Feature","id":"way/1337205488","properties":{"amenity":"parking","fee":"no","id":"way/1337205488"},"geometry":{"type":"Point","coordinates":[27.2126867,38.430298]}},{"type":"Feature","id":"way/1373092505","properties":{"access":"yes","hoops":"1","leisure":"pitch","sport":"basketball","surface":"asphalt","id":"way/1373092505"},"geometry":{"type":"Point","coordinates":[27.2010941,38.487969]}},{"type":"Feature","id":"way/1373092506","properties":{"access":"yes","leisure":"playground","id":"way/1373092506"},"geometry":{"type":"Point","coordinates":[27.2011084,38.487821]}},{"type":"Feature","id":"way/1373092507","properties":{"access":"yes","hoops":"2","leisure":"pitch","lit":"no","sport":"basketball","surface":"concrete","id":"way/1373092507"},"geometry":{"type":"Point","coordinates":[27.20475,38.487084]}},{"type":"Feature","id":"way/1373092508","properties":{"access":"yes","leisure":"playground","surface":"sand","id":"way/1373092508"},"geometry":{"type":"Point","coordinates":[27.2052668,38.4872922]}},{"type":"Feature","id":"way/1384775303","properties":{"leisure":"park","id":"way/1384775303"},"geometry":{"type":"Point","coordinates":[27.2486305,38.4525901]}},{"type":"Feature","id":"way/1386275281","properties":{"leisure":"park","id":"way/1386275281"},"geometry":{"type":"Point","coordinates":[27.1890443,38.4203685]}},{"type":"Feature","id":"way/1408284490","properties":{"leisure":"park","id":"way/1408284490"},"geometry":{"type":"Point","coordinates":[27.1929144,38.4304878]}},{"type":"Feature","id":"way/1408287989","properties":{"leisure":"park","id":"way/1408287989"},"geometry":{"type":"Point","coordinates":[27.1948159,38.4298726]}},{"type":"Feature","id":"way/1408288088","properties":{"leisure":"park","name":"Hamdi Akbıyık Parkı","operator":"Bornova Belediyesi","id":"way/1408288088"},"geometry":{"type":"Point","coordinates":[27.1911393,38.4292563]}},{"type":"Feature","id":"way/1408788003","properties":{"leisure":"park","name":"Gazi Mustafa Kemal Parkı","operator":"Bornova Belediyesi","id":"way/1408788003"},"geometry":{"type":"Point","coordinates":[27.1902549,38.4311499]}},{"type":"Feature","id":"way/1408791310","properties":{"leisure":"park","id":"way/1408791310"},"geometry":{"type":"Point","coordinates":[27.1903773,38.4306974]}},{"type":"Feature","id":"way/1412875204","properties":{"addr:housenumber":"6","addr:postcode":"35040","addr:street":"9504 Sokak","amenity":"school","contact:instagram":"bayetavokullari","education":"school","name":"BAYETAV Okulları","opening_hours":"Mo-Sa 09:00-18:00","website":"https://bayetavokullari.com/","id":"way/1412875204"},"geometry":{"type":"Point","coordinates":[27.3097604,38.4526653]}},{"type":"Feature","id":"way/1416301184","properties":{"addr:city":"İzmir","addr:district":"Bornova","addr:neighbourhood":"Atatürk Mahallesi","addr:postcode":"35030","addr:street":"829/1. Sokak","leisure":"park","name":"Serdal Yaldir Parkı","operator":"Atakan","operator:type":"public","id":"way/1416301184"},"geometry":{"type":"Point","coordinates":[27.2077507,38.4714256]}},{"type":"Feature","id":"way/1416931563","properties":{"leisure":"pitch","sport":"soccer","id":"way/1416931563"},"geometry":{"type":"Point","coordinates":[27.2049233,38.4338541]}},{"type":"Feature","id":"way/1416931564","properties":{"leisure":"pitch","sport":"soccer","id":"way/1416931564"},"geometry":{"type":"Point","coordinates":[27.2050154,38.4334596]}},{"type":"Feature","id":"way/1423354580","properties":{"leisure":"swimming_pool","id":"way/1423354580"},"geometry":{"type":"Point","coordinates":[27.2032404,38.4550007]}},{"type":"Feature","id":"way/1424542454","properties":{"amenity":"parking","fee":"yes","parking":"surface","payment:cash":"yes","payment:credit_cards":"yes","payment:debit_cards":"yes","surface":"asphalt","id":"way/1424542454"},"geometry":{"type":"Point","coordinates":[27.21236,38.4586002]}},{"type":"Feature","id":"way/1430397803","properties":{"leisure":"pitch","sport":"basketball","id":"way/1430397803"},"geometry":{"type":"Point","coordinates":[27.2304825,38.4587535]}},{"type":"Feature","id":"way/1430680365","properties":{"leisure":"pitch","sport":"chess","id":"way/1430680365"},"geometry":{"type":"Point","coordinates":[27.213347,38.4569462]}},{"type":"Feature","id":"way/1430680373","properties":{"amenity":"marketplace","name":"Vakıf Çarşısı","id":"way/1430680373"},"geometry":{"type":"Point","coordinates":[27.2316156,38.4574344]}},{"type":"Feature","id":"way/1430680378","properties":{"amenity":"fast_food","building":"yes","fast_food":"cafeteria","id":"way/1430680378"},"geometry":{"type":"Point","coordinates":[27.2290106,38.4572724]}},{"type":"Feature","id":"way/1430680382","properties":{"amenity":"school","name":"Bornova Mesleki ve Teknik Anadolu Lisesi","operator":"Millî Eğitim Bakanlığı","operator:en":"Ministry of National Education","operator:short":"MEB","operator:tr":"Millî Eğitim Bakanlığı","operator:type":"government","operator:wikidata":"Q1359675","id":"way/1430680382"},"geometry":{"type":"Point","coordinates":[27.2176637,38.4608334]}},{"type":"Feature","id":"way/1430680384","properties":{"building":"yes","name":"Ziraat Fakültesi Satış Noktası","shop":"kiosk","id":"way/1430680384"},"geometry":{"type":"Point","coordinates":[27.2280792,38.4551968]}},{"type":"Feature","id":"way/1430680385","properties":{"amenity":"cafe","building":"yes","name":"Teknik Kafe","id":"way/1430680385"},"geometry":{"type":"Point","coordinates":[27.2292792,38.4506485]}},{"type":"Feature","id":"way/1430680388","properties":{"amenity":"parking","id":"way/1430680388"},"geometry":{"type":"Point","coordinates":[27.2178644,38.4586543]}},{"type":"Feature","id":"way/1430696108","properties":{"amenity":"school","brand":"Bilfen Okulları","brand:wikidata":"Q28940776","name":"Özel Bilfen Anaokulu","operator":"Bilfen Okulları","operator:type":"private","id":"way/1430696108"},"geometry":{"type":"Point","coordinates":[27.2368927,38.4534003]}},{"type":"Feature","id":"way/1430696109","properties":{"amenity":"school","brand":"Bilfen Okulları","brand:wikidata":"Q28940776","grades":"9-12","name":"Özel Bilfen Lisesi","operator":"Bilfen Okulları","operator:type":"private","id":"way/1430696109"},"geometry":{"type":"Point","coordinates":[27.2337378,38.4526488]}},{"type":"Feature","id":"way/1431565279","properties":{"amenity":"marketplace","name":"Kandere Pazaryeri","id":"way/1431565279"},"geometry":{"type":"Point","coordinates":[27.1966414,38.4231447]}},{"type":"Feature","id":"way/1431565280","properties":{"leisure":"pitch","sport":"soccer","id":"way/1431565280"},"geometry":{"type":"Point","coordinates":[27.187443,38.4185577]}},{"type":"Feature","id":"way/1431565281","properties":{"leisure":"pitch","sport":"soccer","id":"way/1431565281"},"geometry":{"type":"Point","coordinates":[27.1897028,38.4199393]}},{"type":"Feature","id":"way/1435510905","properties":{"amenity":"school","education":"school","name":"Bornova Muharrem Candaş İlkokulu","id":"way/1435510905"},"geometry":{"type":"Point","coordinates":[27.2688467,38.452715]}},{"type":"Feature","id":"way/1436182666","properties":{"leisure":"pitch","sport":"soccer","id":"way/1436182666"},"geometry":{"type":"Point","coordinates":[27.2212793,38.4600301]}},{"type":"Feature","id":"way/1441693434","properties":{"check_date":"2026-08-04","leisure":"sports_centre","name":"Buğdaycılar Spor Tesisleri","id":"way/1441693434"},"geometry":{"type":"Point","coordinates":[27.1807857,38.4432717]}},{"type":"Feature","id":"way/1441693450","properties":{"amenity":"parking","orientation":"perpendicular","parking":"street_side","surface":"asphalt","id":"way/1441693450"},"geometry":{"type":"Point","coordinates":[27.186305,38.4462285]}},{"type":"Feature","id":"way/1441693451","properties":{"amenity":"parking","orientation":"parallel","parking":"street_side","surface":"asphalt","id":"way/1441693451"},"geometry":{"type":"Point","coordinates":[27.1865815,38.4461692]}},{"type":"Feature","id":"way/1441693452","properties":{"amenity":"parking","orientation":"parallel","parking":"street_side","surface":"asphalt","id":"way/1441693452"},"geometry":{"type":"Point","coordinates":[27.1874841,38.4467228]}},{"type":"Feature","id":"way/1441693453","properties":{"amenity":"parking","orientation":"parallel","parking":"street_side","surface":"asphalt","id":"way/1441693453"},"geometry":{"type":"Point","coordinates":[27.1861272,38.4458954]}},{"type":"Feature","id":"way/1441693454","properties":{"leisure":"park","id":"way/1441693454"},"geometry":{"type":"Point","coordinates":[27.1862996,38.446095]}},{"type":"Feature","id":"way/1441693455","properties":{"access":"customers","amenity":"parking","operator":"ibis Hotels","operator:type":"private","parking":"surface","surface":"concrete","id":"way/1441693455"},"geometry":{"type":"Point","coordinates":[27.1920094,38.4515895]}},{"type":"Feature","id":"way/1443942500","properties":{"leisure":"swimming_pool","id":"way/1443942500"},"geometry":{"type":"Point","coordinates":[27.1870892,38.4470453]}},{"type":"Feature","id":"way/1446718709","properties":{"leisure":"park","id":"way/1446718709"},"geometry":{"type":"Point","coordinates":[27.2253167,38.4642464]}},{"type":"Feature","id":"way/1446718710","properties":{"leisure":"park","name":"Canım Öğretmenim Parkı","id":"way/1446718710"},"geometry":{"type":"Point","coordinates":[27.2243391,38.463921]}},{"type":"Feature","id":"way/1446718711","properties":{"amenity":"school","operator":"Millî Eğitim Bakanlığı","operator:en":"Ministry of National Education","operator:short":"MEB","operator:tr":"Millî Eğitim Bakanlığı","operator:type":"government","operator:wikidata":"Q1359675","id":"way/1446718711"},"geometry":{"type":"Point","coordinates":[27.2250931,38.466552]}},{"type":"Feature","id":"way/1449494096","properties":{"addr:postcode":"35100","addr:street":"184. Sokak","amenity":"school","name":"Fatih Sultan Mehmet İlkokulu","operator":"Milli Eğitim Bakanlığı","operator:en":"Ministry of National Education","operator:short":"MEB","operator:tr":"Millî Eğitim Bakanlığı","operator:type":"public","operator:wikidata":"Q1359675","id":"way/1449494096"},"geometry":{"type":"Point","coordinates":[27.208915,38.4606306]}},{"type":"Feature","id":"way/1453729419","properties":{"addr:housenumber":"8","addr:street":"Atatürk Caddesi","amenity":"cafe","building":"yes","name":"Cafe Petek","id":"way/1453729419"},"geometry":{"type":"Point","coordinates":[27.2138527,38.4583657]}},{"type":"Feature","id":"way/1461486562","properties":{"amenity":"hospital","emergency":"no","healthcare":"hospital","name":"Yedigün Tıp Merkezi","operator":"Medigün Grup","operator:type":"private","website":"https://yediguntipmerkezi.com","id":"way/1461486562"},"geometry":{"type":"Point","coordinates":[27.1921662,38.4754744]}},{"type":"Feature","id":"way/1461486563","properties":{"amenity":"parking","orientation":"perpendicular","parking":"street_side","surface":"asphalt","id":"way/1461486563"},"geometry":{"type":"Point","coordinates":[27.1999274,38.4735699]}},{"type":"Feature","id":"way/1461486564","properties":{"amenity":"parking","orientation":"perpendicular","parking":"street_side","surface":"asphalt","id":"way/1461486564"},"geometry":{"type":"Point","coordinates":[27.1999606,38.4738232]}},{"type":"Feature","id":"way/1461486565","properties":{"amenity":"school","operator":"Millî Eğitim Bakanlığı","operator:en":"Ministry of National Education","operator:short":"MEB","operator:tr":"Millî Eğitim Bakanlığı","operator:type":"government","operator:wikidata":"Q1359675","id":"way/1461486565"},"geometry":{"type":"Point","coordinates":[27.2112592,38.4718903]}},{"type":"Feature","id":"way/1461486566","properties":{"amenity":"parking","orientation":"perpendicular","parking":"street_side","surface":"asphalt","id":"way/1461486566"},"geometry":{"type":"Point","coordinates":[27.2114818,38.4722221]}},{"type":"Feature","id":"way/1461486569","properties":{"leisure":"park","id":"way/1461486569"},"geometry":{"type":"Point","coordinates":[27.1885665,38.4784391]}},{"type":"Feature","id":"way/1465520068","properties":{"addr:housenumber":"6","addr:street":"Atatürk Caddesi","building":"yes","name":"Ege Fotokopi Kırtasiye","shop":"stationery","id":"way/1465520068"},"geometry":{"type":"Point","coordinates":[27.2139708,38.4583646]}},{"type":"Feature","id":"way/1465520069","properties":{"addr:housenumber":"4","addr:street":"Atatürk Caddesi","building":"yes","name":"Bilgehan Fotokopi Kırtasiye","shop":"stationery","id":"way/1465520069"},"geometry":{"type":"Point","coordinates":[27.2140328,38.4583654]}},{"type":"Feature","id":"way/1470222683","properties":{"amenity":"parking","id":"way/1470222683"},"geometry":{"type":"Point","coordinates":[27.2336112,38.4581503]}},{"type":"Feature","id":"way/1470228910","properties":{"leisure":"pitch","sport":"soccer","id":"way/1470228910"},"geometry":{"type":"Point","coordinates":[27.216985,38.4502367]}},{"type":"Feature","id":"way/1470228911","properties":{"leisure":"pitch","sport":"basketball","id":"way/1470228911"},"geometry":{"type":"Point","coordinates":[27.2166677,38.450114]}},{"type":"Feature","id":"way/1470228912","properties":{"leisure":"pitch","sport":"tennis","id":"way/1470228912"},"geometry":{"type":"Point","coordinates":[27.21644,38.4500658]}},{"type":"Feature","id":"way/1470228913","properties":{"amenity":"parking","id":"way/1470228913"},"geometry":{"type":"Point","coordinates":[27.2152921,38.4540852]}},{"type":"Feature","id":"way/1470230503","properties":{"brand":"A101","brand:wikidata":"Q6034496","building":"yes","name":"A101","shop":"supermarket","id":"way/1470230503"},"geometry":{"type":"Point","coordinates":[27.2326811,38.457184]}},{"type":"Feature","id":"way/1470230504","properties":{"amenity":"cafe","building":"yes","name":"Relax Coffee","id":"way/1470230504"},"geometry":{"type":"Point","coordinates":[27.2324303,38.457138]}},{"type":"Feature","id":"way/1470916972","properties":{"air_conditioning":"yes","amenity":"cafe","building":"yes","diet:halal":"yes","diet:kosher":"yes","indoor_seating":"yes","name":"Mühendislik Kafe","outdoor_seating":"yes","payment:credit_cards":"yes","payment:debit_cards":"yes","smoking":"outside","wheelchair":"limited","id":"way/1470916972"},"geometry":{"type":"Point","coordinates":[27.2308042,38.4537229]}},{"type":"Feature","id":"way/1470916975","properties":{"amenity":"parking","id":"way/1470916975"},"geometry":{"type":"Point","coordinates":[27.2204445,38.4576259]}},{"type":"Feature","id":"way/1475581076","properties":{"shop":"security","id":"way/1475581076"},"geometry":{"type":"Point","coordinates":[27.2273692,38.4599219]}},{"type":"Feature","id":"way/1475581077","properties":{"shop":"security","id":"way/1475581077"},"geometry":{"type":"Point","coordinates":[27.22758,38.4600535]}},{"type":"Feature","id":"way/1475614803","properties":{"access":"customers","amenity":"parking","fee":"no","name":"Fes Spa Misafir Otoparkı","surface":"gravel","id":"way/1475614803"},"geometry":{"type":"Point","coordinates":[27.2017901,38.4554811]}},{"type":"Feature","id":"way/1488606207","properties":{"addr:housenumber":"60","addr:postcode":"35040","addr:street":"Mustafa Kemal Caddesi","amenity":"theatre","internet_access":"wlan","name":"Bornova Devlet Tiyatrosu","name:en":"Bornova State Theatre, Culture and Art Center, Bozkurt Kuruç Scene","name:tr":"Bornova Devlet Tiyatrosu, Kültür ve Sanat Merkezi, Bozkurt Kuruç Sahnesi","operator":"T.C. Kültür ve Turizm Bakanlığı","phone":"+90 232 504 06 97","id":"way/1488606207"},"geometry":{"type":"Point","coordinates":[27.211559,38.4640995]}},{"type":"Feature","id":"way/1502202250","properties":{"leisure":"swimming_pool","id":"way/1502202250"},"geometry":{"type":"Point","coordinates":[27.182049,38.4356214]}},{"type":"Feature","id":"way/1506699215","properties":{"leisure":"pitch","sport":"soccer","id":"way/1506699215"},"geometry":{"type":"Point","coordinates":[27.2193927,38.4379188]}},{"type":"Feature","id":"way/1506699216","properties":{"leisure":"pitch","sport":"baseball","id":"way/1506699216"},"geometry":{"type":"Point","coordinates":[27.2192919,38.4383489]}},{"type":"Feature","id":"way/1506699217","properties":{"leisure":"pitch","sport":"tennis","id":"way/1506699217"},"geometry":{"type":"Point","coordinates":[27.2191682,38.4386911]}},{"type":"Feature","id":"way/1506699218","properties":{"leisure":"pitch","sport":"tennis","id":"way/1506699218"},"geometry":{"type":"Point","coordinates":[27.2189677,38.4386464]}},{"type":"Feature","id":"way/1506724342","properties":{"leisure":"pitch","sport":"baseball","id":"way/1506724342"},"geometry":{"type":"Point","coordinates":[27.2315219,38.4274605]}},{"type":"Feature","id":"way/1506958895","properties":{"access":"private","amenity":"parking","name":"Öğretim Üyeleri Otoparkı","parking":"surface","id":"way/1506958895"},"geometry":{"type":"Point","coordinates":[27.214844,38.4560044]}},{"type":"Feature","id":"way/1506958896","properties":{"amenity":"parking","id":"way/1506958896"},"geometry":{"type":"Point","coordinates":[27.2135094,38.453525]}},{"type":"Feature","id":"way/1506958897","properties":{"amenity":"parking","id":"way/1506958897"},"geometry":{"type":"Point","coordinates":[27.2072139,38.4560293]}},{"type":"Feature","id":"way/1512563275","properties":{"amenity":"parking","id":"way/1512563275"},"geometry":{"type":"Point","coordinates":[27.2451549,38.459372]}},{"type":"Feature","id":"way/1512571381","properties":{"leisure":"pitch","sport":"soccer","id":"way/1512571381"},"geometry":{"type":"Point","coordinates":[27.2532175,38.4670029]}},{"type":"Feature","id":"way/1513937654","properties":{"leisure":"pitch","sport":"baseball","id":"way/1513937654"},"geometry":{"type":"Point","coordinates":[27.1897696,38.4794904]}},{"type":"Feature","id":"way/1513937655","properties":{"leisure":"pitch","sport":"baseball","id":"way/1513937655"},"geometry":{"type":"Point","coordinates":[27.1897905,38.4799897]}},{"type":"Feature","id":"way/1527969066","properties":{"amenity":"cafe","building":"yes","cuisine":"pasta;breakfast","outdoor_seating":"yes","id":"way/1527969066"},"geometry":{"type":"Point","coordinates":[27.2133066,38.4575877]}},{"type":"Feature","id":"way/1528174614","properties":{"access":"private","amenity":"parking","id":"way/1528174614"},"geometry":{"type":"Point","coordinates":[27.2170014,38.4532827]}},{"type":"Feature","id":"way/1528174627","properties":{"leisure":"pitch","sport":"volleyball","id":"way/1528174627"},"geometry":{"type":"Point","coordinates":[27.2277766,38.4576907]}},{"type":"Feature","id":"way/1528174628","properties":{"amenity":"school","education":"school","name":"Mektebim Okulları","id":"way/1528174628"},"geometry":{"type":"Point","coordinates":[27.185729,38.4482397]}},{"type":"Feature","id":"way/1528174629","properties":{"leisure":"pitch","sport":"basketball","id":"way/1528174629"},"geometry":{"type":"Point","coordinates":[27.1860342,38.4481893]}},{"type":"Feature","id":"way/1529164852","properties":{"leisure":"park","id":"way/1529164852"},"geometry":{"type":"Point","coordinates":[27.1844144,38.4399425]}},{"type":"Feature","id":"way/1529897457","properties":{"leisure":"park","id":"way/1529897457"},"geometry":{"type":"Point","coordinates":[27.2431347,38.4670414]}},{"type":"Feature","id":"way/1532358344","properties":{"leisure":"pitch","sport":"soccer","id":"way/1532358344"},"geometry":{"type":"Point","coordinates":[27.2905293,38.4425669]}},{"type":"Feature","id":"way/1532358345","properties":{"leisure":"pitch","sport":"basketball","id":"way/1532358345"},"geometry":{"type":"Point","coordinates":[27.2907609,38.4422481]}},{"type":"Feature","id":"way/1532358346","properties":{"leisure":"pitch","sport":"basketball","id":"way/1532358346"},"geometry":{"type":"Point","coordinates":[27.2909496,38.4423595]}},{"type":"Feature","id":"way/1533034348","properties":{"leisure":"park","id":"way/1533034348"},"geometry":{"type":"Point","coordinates":[27.2088335,38.4435497]}},{"type":"Feature","id":"way/1539709535","properties":{"amenity":"parking","id":"way/1539709535"},"geometry":{"type":"Point","coordinates":[27.2083039,38.4544644]}},{"type":"Feature","id":"way/1539709536","properties":{"amenity":"parking","id":"way/1539709536"},"geometry":{"type":"Point","coordinates":[27.21241,38.4545205]}},{"type":"Feature","id":"way/1543213483","properties":{"amenity":"school","education":"school","name":"MEV Koleji Bornova Kampüsü","operator":"MEV","operator:type":"private","id":"way/1543213483"},"geometry":{"type":"Point","coordinates":[27.1993384,38.4375965]}},{"type":"Feature","id":"way/1547858088","properties":{"addr:city":"İzmir","addr:district":"Bornova","addr:housenumber":"No: 144/1","addr:street":"7057 Sokak","building":"yes","name":"Aykut Lojistik Depolama","phone":"+905340561655","shop":"storage_rental","id":"way/1547858088"},"geometry":{"type":"Point","coordinates":[27.2893505,38.4393862]}},{"type":"Feature","id":"way/1549371435","properties":{"amenity":"school","education":"school","operator":"Millî Eğitim Bakanlığı","operator:en":"Ministry of National Education","operator:short":"MEB","operator:tr":"Millî Eğitim Bakanlığı","operator:type":"government","operator:wikidata":"Q1359675","id":"way/1549371435"},"geometry":{"type":"Point","coordinates":[27.2317284,38.4418238]}},{"type":"Feature","id":"way/1549371436","properties":{"leisure":"park","id":"way/1549371436"},"geometry":{"type":"Point","coordinates":[27.2300841,38.4412662]}},{"type":"Feature","id":"node/1655296367","properties":{"bus":"yes","highway":"bus_stop","name":"Âşık Veysel Rekreasyon Alanı","public_transport":"platform","id":"node/1655296367"},"geometry":{"type":"Point","coordinates":[27.2065245,38.4655433]}},{"type":"Feature","id":"node/1655303787","properties":{"leisure":"sports_centre","id":"node/1655303787"},"geometry":{"type":"Point","coordinates":[27.2112581,38.4663306]}},{"type":"Feature","id":"node/1655303799","properties":{"leisure":"sports_centre","id":"node/1655303799"},"geometry":{"type":"Point","coordinates":[27.2108316,38.4661605]}},{"type":"Feature","id":"node/1655303805","properties":{"leisure":"sports_centre","id":"node/1655303805"},"geometry":{"type":"Point","coordinates":[27.2105687,38.4667654]}},{"type":"Feature","id":"node/1655303807","properties":{"leisure":"sports_centre","id":"node/1655303807"},"geometry":{"type":"Point","coordinates":[27.2108718,38.4668389]}},{"type":"Feature","id":"node/1655305947","properties":{"leisure":"sports_centre","id":"node/1655305947"},"geometry":{"type":"Point","coordinates":[27.2121593,38.4666436]}},{"type":"Feature","id":"node/1662862545","properties":{"leisure":"park","id":"node/1662862545"},"geometry":{"type":"Point","coordinates":[27.2077689,38.452241]}},{"type":"Feature","id":"node/1999938635","properties":{"bus":"yes","highway":"bus_stop","name":"Pazaryeri","public_transport":"platform","id":"node/1999938635"},"geometry":{"type":"Point","coordinates":[27.2081923,38.464486]}},{"type":"Feature","id":"node/1999938636","properties":{"bus":"yes","highway":"bus_stop","name":"Suphi Parkı","operator":"Eshot","public_transport":"platform","id":"node/1999938636"},"geometry":{"type":"Point","coordinates":[27.2103141,38.4606503]}},{"type":"Feature","id":"node/2018726526","properties":{"amenity":"parking","id":"node/2018726526"},"geometry":{"type":"Point","coordinates":[27.2150287,38.465119]}},{"type":"Feature","id":"node/2018794476","properties":{"amenity":"taxi","name":"Küçük Park Taxi","id":"node/2018794476"},"geometry":{"type":"Point","coordinates":[27.213401,38.4597782]}},{"type":"Feature","id":"node/2026317903","properties":{"name":"Ege Üniversitesi","network":"Fahrettin Altay - Evka-3","operator":"İzmir Metro A.Ş.","public_transport":"stop_position","railway":"stop","subway":"yes","toilets:wheelchair":"no","id":"node/2026317903"},"geometry":{"type":"Point","coordinates":[27.2288885,38.4597012]}},{"type":"Feature","id":"node/2026317919","properties":{"name":"Ege Üniversitesi","network":"Evka-3 - Fahrettin Altay","operator":"İzmir Metro A.Ş.","public_transport":"stop_position","railway":"stop","subway":"yes","id":"node/2026317919"},"geometry":{"type":"Point","coordinates":[27.228862,38.459733]}},{"type":"Feature","id":"node/2106761963","properties":{"bench":"yes","bin":"yes","bus":"yes","highway":"bus_stop","lit":"no","name":"Emek Sitesi","public_transport":"platform","ref":"31416","shelter":"yes","id":"node/2106761963"},"geometry":{"type":"Point","coordinates":[27.2077431,38.488995]}},{"type":"Feature","id":"node/2132572337","properties":{"bus":"yes","highway":"bus_stop","name":"İZYUVA","public_transport":"platform","id":"node/2132572337"},"geometry":{"type":"Point","coordinates":[27.2420217,38.4769086]}},{"type":"Feature","id":"node/2161552685","properties":{"name":"Beşyol","public_transport":"platform","id":"node/2161552685"},"geometry":{"type":"Point","coordinates":[27.2928279,38.5346955]}},{"type":"Feature","id":"node/2161552839","properties":{"name":"Beşyol","public_transport":"platform","id":"node/2161552839"},"geometry":{"type":"Point","coordinates":[27.292836,38.5347768]}},{"type":"Feature","id":"node/2262036532","properties":{"amenity":"fast_food","name":"Ohannes Burger","id":"node/2262036532"},"geometry":{"type":"Point","coordinates":[27.2191355,38.468994]}},{"type":"Feature","id":"node/2744549200","properties":{"addr:city":"Izmir","addr:housenumber":"23/a","addr:postcode":"35100","addr:street":"175 Sk","amenity":"restaurant","capacity":"50","check_date":"2023-01-31","cuisine":"italian","name":"Eatalian","opening_hours":"Mo-Sa 12:00-22:00","payment:mastercard":"yes","payment:visa":"yes","phone":"+90232 999 3229","wheelchair":"limited","id":"node/2744549200"},"geometry":{"type":"Point","coordinates":[27.2118761,38.4595682]}},{"type":"Feature","id":"node/2868550948","properties":{"opening_hours":"23:30","shop":"convenience","id":"node/2868550948"},"geometry":{"type":"Point","coordinates":[27.2513042,38.4689452]}},{"type":"Feature","id":"node/2868556643","properties":{"name":"Mavi Market","opening_hours":"01:00","shop":"convenience","id":"node/2868556643"},"geometry":{"type":"Point","coordinates":[27.2491757,38.4690495]}},{"type":"Feature","id":"node/2868556645","properties":{"bus":"yes","highway":"bus_stop","name":"Kardelen","note":"114, 314 geçer.","public_transport":"platform","shelter":"yes","id":"node/2868556645"},"geometry":{"type":"Point","coordinates":[27.2486873,38.4689067]}},{"type":"Feature","id":"node/2868556646","properties":{"bus":"yes","highway":"bus_stop","name":"Kardelen","note":"114, 314 geçer.","public_transport":"platform","shelter":"no","id":"node/2868556646"},"geometry":{"type":"Point","coordinates":[27.2489456,38.4690439]}},{"type":"Feature","id":"node/2868556648","properties":{"bus":"yes","highway":"bus_stop","name":"Cem Bakioğlu Lisesi","note":"114, 314 geçer.","public_transport":"platform","shelter":"no","id":"node/2868556648"},"geometry":{"type":"Point","coordinates":[27.2481812,38.4672732]}},{"type":"Feature","id":"node/2868556649","properties":{"bus":"yes","highway":"bus_stop","name":"Cem Bakioğlu Lisesi","note":"114, 314 geçer.","public_transport":"platform","shelter":"no","id":"node/2868556649"},"geometry":{"type":"Point","coordinates":[27.2480113,38.4672302]}},{"type":"Feature","id":"node/2868556650","properties":{"opening_hours":"00:00","shop":"convenience","id":"node/2868556650"},"geometry":{"type":"Point","coordinates":[27.2480219,38.4675614]}},{"type":"Feature","id":"node/2868556651","properties":{"amenity":"post_office","name":"PTT Evka 3","operator":"PTT","operator:wikidata":"Q3079259","website":"https://ptt.gov.tr/","id":"node/2868556651"},"geometry":{"type":"Point","coordinates":[27.2476227,38.4647588]}},{"type":"Feature","id":"node/2868669884","properties":{"name":"Bayan Kuaför","shop":"hairdresser","id":"node/2868669884"},"geometry":{"type":"Point","coordinates":[27.2501412,38.4690214]}},{"type":"Feature","id":"node/2868670373","properties":{"branch":"Evka 3","brand":"Migros","brand:wikidata":"Q1754510","name":"MM Migros","shop":"supermarket","id":"node/2868670373"},"geometry":{"type":"Point","coordinates":[27.2440266,38.4659698]}},{"type":"Feature","id":"node/2868670374","properties":{"name":"Gürmar","shop":"supermarket","id":"node/2868670374"},"geometry":{"type":"Point","coordinates":[27.2442278,38.4659125]}},{"type":"Feature","id":"node/2868670397","properties":{"name":"Macrocenter","shop":"supermarket","id":"node/2868670397"},"geometry":{"type":"Point","coordinates":[27.243466,38.4656339]}},{"type":"Feature","id":"node/2868670398","properties":{"amenity":"taxi","capacity":"4","name":"Evka 3 Lise Durağı","id":"node/2868670398"},"geometry":{"type":"Point","coordinates":[27.2401344,38.4656769]}},{"type":"Feature","id":"node/2870789529","properties":{"leisure":"playground","name":"Bowlroom","note":"8 hattan olşan bowling salonu, 670 m², digiturk (dev ekran), wireless hizmeti, 7D gösterimi, cafe ve bar mevcuttur.","phone":"+90 232 388 78 11","website":"http://bowlroom.com.tr/","wheelchair":"yes","id":"node/2870789529"},"geometry":{"type":"Point","coordinates":[27.2465435,38.4575832]}},{"type":"Feature","id":"node/2870789530","properties":{"brand":"Teknosa","brand:wikidata":"Q6559269","name":"Teknosa","operator":"Teknosa  Park Bornova Outlet Şubesi","phone":"+90 232 343 76 16","shop":"electronics","website":"www.teknosa.com.tr","wheelchair":"yes","id":"node/2870789530"},"geometry":{"type":"Point","coordinates":[27.2469224,38.4570428]}},{"type":"Feature","id":"node/2870789531","properties":{"amenity":"fast_food","brand":"Burger King","brand:wikidata":"Q177054","brand:wikipedia":"en:Burger King","cuisine":"burger","name":"Burger King","phone":"+90232 342 77 91","takeaway":"yes","website":"https://www.burgerking.com.tr/","id":"node/2870789531"},"geometry":{"type":"Point","coordinates":[27.2470672,38.4568401]}},{"type":"Feature","id":"node/2870789532","properties":{"name":"DryPark Kuru Temizleme","phone":"+90232 388 70 08","shop":"dry_cleaning","id":"node/2870789532"},"geometry":{"type":"Point","coordinates":[27.2469502,38.4573758]}},{"type":"Feature","id":"node/2870789533","properties":{"amenity":"cinema","name":"Site Sinemaları","note":"4 salon, 445 koltuk. (Dolby Digital)","phone":"+90232 373 73 20","website":"https://www.sitesinemalari.com/","wheelchair":"yes","id":"node/2870789533"},"geometry":{"type":"Point","coordinates":[27.2465435,38.4567798]}},{"type":"Feature","id":"node/2870789535","properties":{"amenity":"cafe","internet_access":"yes","name":"Özsüt Cafe","phone":"+90232 388 05 55","website":"www.ozsut.com.tr","id":"node/2870789535"},"geometry":{"type":"Point","coordinates":[27.2466451,38.4569415]}},{"type":"Feature","id":"node/2870789536","properties":{"branch":"Digital Plaza","brand":"Samsung","brand:wikidata":"Q20718","name":"Samsung","phone":"+90232 343 19 51","shop":"electronics","website":"http://www.egemende.com/","id":"node/2870789536"},"geometry":{"type":"Point","coordinates":[27.2468762,38.4565072]}},{"type":"Feature","id":"node/2870789537","properties":{"name":"Gold Park Kuyumcu","shop":"jewelry","id":"node/2870789537"},"geometry":{"type":"Point","coordinates":[27.2468423,38.456167]}},{"type":"Feature","id":"node/2870789538","properties":{"name":"Hayal Dünyası Oyuncak","phone":"+90232 339 96 26","shop":"toys","website":"https://www.parkbornova.com.tr/hayal-dunyasi-oyuncak/","wheelchair":"yes","id":"node/2870789538"},"geometry":{"type":"Point","coordinates":[27.2468208,38.4559523]}},{"type":"Feature","id":"node/2912534479","properties":{"amenity":"cafe","check_date":"2026-07-25","name":"Laos Coffee Roastery","id":"node/2912534479"},"geometry":{"type":"Point","coordinates":[27.2111099,38.4624329]}},{"type":"Feature","id":"node/2949521263","properties":{"bus":"yes","highway":"bus_stop","name":"Pınarbaşı-Bornova-3 Dolmuş Durağı","network":"İzmir Minibüsleri","operator":"TESK/İzmir Minibüsçüler Odası","public_transport":"platform","id":"node/2949521263"},"geometry":{"type":"Point","coordinates":[27.2499228,38.4646769]}},{"type":"Feature","id":"node/2949521264","properties":{"bus":"yes","highway":"bus_stop","name":"Bornove-Egekent-Evka3 Dolmuş Durağı","network":"İzmir Minibüsleri","operator":"TESK/İzmir Minibüsçüler Odası","public_transport":"platform","id":"node/2949521264"},"geometry":{"type":"Point","coordinates":[27.2499971,38.4647683]}},{"type":"Feature","id":"node/2949521265","properties":{"bus":"yes","highway":"bus_stop","name":"Osmangazi-Bornova-Evka3 Dolmuş Durağı","public_transport":"platform","id":"node/2949521265"},"geometry":{"type":"Point","coordinates":[27.2502502,38.4651563]}},{"type":"Feature","id":"node/2949534457","properties":{"bench":"yes","bus":"yes","highway":"bus_stop","name":"Yunus Emre A.L.","note":"114, 314 geçer.","operator":"Eshot","public_transport":"platform","shelter":"yes","id":"node/2949534457"},"geometry":{"type":"Point","coordinates":[27.2508332,38.4716227]}},{"type":"Feature","id":"node/2949534458","properties":{"bench":"no","bus":"yes","highway":"bus_stop","name":"Yunus Emre A.L.","note":"114, 314 geçer.","public_transport":"platform","shelter":"no","id":"node/2949534458"},"geometry":{"type":"Point","coordinates":[27.2512862,38.4715451]}},{"type":"Feature","id":"node/2949534459","properties":{"bus":"yes","highway":"bus_stop","name":"Doruk","note":"114, 314 geçer.","public_transport":"platform","id":"node/2949534459"},"geometry":{"type":"Point","coordinates":[27.2525413,38.4716898]}},{"type":"Feature","id":"node/2949597238","properties":{"bus":"yes","highway":"bus_stop","name":"Bornova Tenis Kulübü","public_transport":"platform","id":"node/2949597238"},"geometry":{"type":"Point","coordinates":[27.239924,38.4656861]}},{"type":"Feature","id":"node/2949597239","properties":{"bus":"yes","highway":"bus_stop","name":"Bornova Tenis Kulübü","public_transport":"platform","id":"node/2949597239"},"geometry":{"type":"Point","coordinates":[27.23998,38.465922]}},{"type":"Feature","id":"node/2949597280","properties":{"shop":"convenience","id":"node/2949597280"},"geometry":{"type":"Point","coordinates":[27.2459525,38.4650277]}},{"type":"Feature","id":"node/2949597281","properties":{"amenity":"fast_food","id":"node/2949597281"},"geometry":{"type":"Point","coordinates":[27.2459011,38.4650471]}},{"type":"Feature","id":"node/2949597282","properties":{"bus":"yes","highway":"bus_stop","name":"Bornova Kooperatif","public_transport":"platform","id":"node/2949597282"},"geometry":{"type":"Point","coordinates":[27.2446164,38.4655264]}},{"type":"Feature","id":"node/2949597283","properties":{"amenity":"restaurant","name":"Pastane","id":"node/2949597283"},"geometry":{"type":"Point","coordinates":[27.2445421,38.4652892]}},{"type":"Feature","id":"node/3796892025","properties":{"brand":"BİM","brand:wikidata":"Q1022075","brand:wikipedia":"en:Bim (company)","name":"BİM","opening_hours":"Mo-Su 09:00-21:00","shop":"supermarket","id":"node/3796892025"},"geometry":{"type":"Point","coordinates":[27.2038856,38.428388]}},{"type":"Feature","id":"node/3796892036","properties":{"addr:city":"Bornova/İzmir","amenity":"taxi","name":"Şampiyon Taksi","phone":"+90 232 467 00 07","id":"node/3796892036"},"geometry":{"type":"Point","coordinates":[27.2030106,38.4305801]}},{"type":"Feature","id":"node/3796892037","properties":{"brand":"Şok","brand:wikidata":"Q19613992","brand:wikipedia":"tr:Şok (market)","name":"Şok","shop":"supermarket","id":"node/3796892037"},"geometry":{"type":"Point","coordinates":[27.2027847,38.4317405]}},{"type":"Feature","id":"node/3796899625","properties":{"brand":"BİM","brand:wikidata":"Q1022075","brand:wikipedia":"en:Bim (company)","name":"BİM","opening_hours":"Mo-Su 09:00-21:00","shop":"supermarket","id":"node/3796899625"},"geometry":{"type":"Point","coordinates":[27.1868675,38.4393298]}},{"type":"Feature","id":"node/3796899626","properties":{"brand":"A101","brand:wikidata":"Q6034496","brand:wikipedia":"tr:A101","name":"A101","opening_hours":"Mo-Su 09:00-21:30","shop":"supermarket","id":"node/3796899626"},"geometry":{"type":"Point","coordinates":[27.1865277,38.4393506]}},{"type":"Feature","id":"node/3796899627","properties":{"brand":"BİM","brand:wikidata":"Q1022075","brand:wikipedia":"en:Bim (company)","check_date":"2026-05-30","name":"BİM","opening_hours":"Mo-Su 09:00-21:00","shop":"supermarket","id":"node/3796899627"},"geometry":{"type":"Point","coordinates":[27.1807477,38.43743]}},{"type":"Feature","id":"node/3803370776","properties":{"bus":"yes","highway":"bus_stop","name":"Bölge İstasyonu","public_transport":"platform","id":"node/3803370776"},"geometry":{"type":"Point","coordinates":[27.2003027,38.4550971]}},{"type":"Feature","id":"node/3803370778","properties":{"bus":"yes","highway":"bus_stop","name":"Orkide Yağ Fabrikası","public_transport":"platform","id":"node/3803370778"},"geometry":{"type":"Point","coordinates":[27.1972482,38.4540361]}},{"type":"Feature","id":"node/3803370782","properties":{"bus":"yes","highway":"bus_stop","name":"Polatlar","public_transport":"platform","id":"node/3803370782"},"geometry":{"type":"Point","coordinates":[27.187809,38.4504298]}},{"type":"Feature","id":"node/3803370783","properties":{"bus":"yes","highway":"bus_stop","name":"Boran Sitesi","public_transport":"platform","shelter":"no","id":"node/3803370783"},"geometry":{"type":"Point","coordinates":[27.1930554,38.4523917]}},{"type":"Feature","id":"node/3820602425","properties":{"bus":"yes","highway":"bus_stop","name":"Suphi Parkı","public_transport":"platform","id":"node/3820602425"},"geometry":{"type":"Point","coordinates":[27.2100758,38.4604837]}},{"type":"Feature","id":"node/3820645468","properties":{"name":"Palme Kitabevi","shop":"books","id":"node/3820645468"},"geometry":{"type":"Point","coordinates":[27.2145405,38.4591205]}},{"type":"Feature","id":"node/3820645469","properties":{"name":"Bornova","network":"Fahrettin Altay - Evka-3","operator":"İzmir Metro A.Ş.","public_transport":"stop_position","railway":"stop","subway":"yes","id":"node/3820645469"},"geometry":{"type":"Point","coordinates":[27.2126183,38.458336]}},{"type":"Feature","id":"node/3820645491","properties":{"bus":"yes","highway":"bus_stop","name":"Alışveriş Merkezi","operator":"Eshot","public_transport":"platform","id":"node/3820645491"},"geometry":{"type":"Point","coordinates":[27.2131293,38.4493102]}},{"type":"Feature","id":"node/3820645492","properties":{"bus":"yes","highway":"bus_stop","name":"Alışveriş Merkezi","operator":"Eshot","public_transport":"platform","id":"node/3820645492"},"geometry":{"type":"Point","coordinates":[27.2135416,38.449464]}},{"type":"Feature","id":"node/3820645493","properties":{"bench":"yes","bus":"yes","highway":"bus_stop","name":"Öğrenci Köyü","name:en":"Student Village Bus Stop","name:tr":"Öğrenci Köyü","network":"268","operator":"Eshot, İzulaş","public_transport":"platform","shelter":"yes","id":"node/3820645493"},"geometry":{"type":"Point","coordinates":[27.2179929,38.4510581]}},{"type":"Feature","id":"node/3820645494","properties":{"bench":"no","bus":"yes","highway":"bus_stop","name":"Öğrenci Köyü","name:en":"Student Village Bus Stop","name:tr":"Öğrenci Köyü","network":"268","operator":"Eshot, İzulaş","public_transport":"platform","shelter":"no","id":"node/3820645494"},"geometry":{"type":"Point","coordinates":[27.2182414,38.45056]}},{"type":"Feature","id":"node/4100277391","properties":{"amenity":"police","name":"Çamdibi Polis Merkezi Amirliği","id":"node/4100277391"},"geometry":{"type":"Point","coordinates":[27.1936748,38.4362473]}},{"type":"Feature","id":"node/4142166197","properties":{"amenity":"restaurant","check_date":"2026-08-19","name":"Güneş Pastanesi 2","id":"node/4142166197"},"geometry":{"type":"Point","coordinates":[27.2047467,38.4435602]}},{"type":"Feature","id":"node/4142166198","properties":{"addr:city":"Izmir","addr:district":"Bornova","amenity":"cafe","cuisine":"coffee_shop","internet_access":"wlan","internet_access:fee":"customers","name":"Lime Coffee Company","opening_hours":"08:00-24:00","outdoor_seating":"yes","id":"node/4142166198"},"geometry":{"type":"Point","coordinates":[27.2141163,38.4590653]}},{"type":"Feature","id":"node/4142189690","properties":{"amenity":"restaurant","cuisine":"fish;steak_house;grill;kebab;seafood","name":"çapa mangal","id":"node/4142189690"},"geometry":{"type":"Point","coordinates":[27.2391674,38.4256644]}},{"type":"Feature","id":"node/4142189792","properties":{"amenity":"restaurant","name":"hengel mantı","id":"node/4142189792"},"geometry":{"type":"Point","coordinates":[27.2086194,38.4625238]}},{"type":"Feature","id":"node/4142189992","properties":{"amenity":"restaurant","name":"güneş pastanesi 1","id":"node/4142189992"},"geometry":{"type":"Point","coordinates":[27.1917597,38.4376296]}},{"type":"Feature","id":"node/4142189993","properties":{"amenity":"restaurant","name":"favori ev yemekleri","id":"node/4142189993"},"geometry":{"type":"Point","coordinates":[27.2074234,38.4617344]}},{"type":"Feature","id":"node/4142190190","properties":{"amenity":"restaurant","name":"dönerci ömer usta","id":"node/4142190190"},"geometry":{"type":"Point","coordinates":[27.2030866,38.4341212]}},{"type":"Feature","id":"node/4142190391","properties":{"amenity":"restaurant","name":"beğendik abi lokantası","id":"node/4142190391"},"geometry":{"type":"Point","coordinates":[27.2079642,38.4482338]}},{"type":"Feature","id":"node/4142446089","properties":{"addr:housenumber":"36/A","addr:street":"364/1. Sokak","amenity":"hospital","email":"info@entokbb.com","healthcare":"hospital","healthcare:speciality":"surgery","internet_access":"wlan","name":"Özel EntoKBB Cerrahi Tıp Merkezi","opening_hours":"Mo-Sa 09:00-23:00","phone":"+902324003686","website":"https://www.entokbb.com/","id":"node/4142446089"},"geometry":{"type":"Point","coordinates":[27.2036447,38.4499935]}},{"type":"Feature","id":"node/4156912491","properties":{"amenity":"restaurant","name":"damak pide","id":"node/4156912491"},"geometry":{"type":"Point","coordinates":[27.2074692,38.4619618]}},{"type":"Feature","id":"node/4159187994","properties":{"name":"Pasabahce Magazalari Pointbornova","shop":"department_store","id":"node/4159187994"},"geometry":{"type":"Point","coordinates":[27.2107441,38.4307726]}},{"type":"Feature","id":"node/4174658989","properties":{"amenity":"restaurant","name":"%100 meyhane","id":"node/4174658989"},"geometry":{"type":"Point","coordinates":[27.2164041,38.4599692]}},{"type":"Feature","id":"node/4213400892","properties":{"amenity":"cafe","name":"Gamze Gul Cafe","id":"node/4213400892"},"geometry":{"type":"Point","coordinates":[27.2195015,38.4639607]}},{"type":"Feature","id":"node/4213403290","properties":{"amenity":"restaurant","name":"Villa levante","id":"node/4213403290"},"geometry":{"type":"Point","coordinates":[27.2224047,38.4666176]}},{"type":"Feature","id":"node/4424276092","properties":{"addr:city":"Izmir, Bornova","addr:postcode":"35100","addr:street":"Kazimdirik. Süvari Cd","amenity":"bar","name":"Sherwood","wheelchair":"no","wheelchair:description":"Stairs to enter the local","id":"node/4424276092"},"geometry":{"type":"Point","coordinates":[27.2121773,38.4605334]}},{"type":"Feature","id":"node/4460643106","properties":{"amenity":"bank","brand":"Vakıfbank","brand:wikidata":"Q1148521","brand:wikipedia":"en:VakıfBank","check_date":"2024-06-25","name":"Vakıfbank","id":"node/4460643106"},"geometry":{"type":"Point","coordinates":[27.1913819,38.4484352]}},{"type":"Feature","id":"node/4474973241","properties":{"addr:city":"İzmir","addr:housenumber":"53","addr:street":"Kazımdirik Mah. Üniversite Cad.","name":"Jolly Tours - Ege Üniversitesi Hastanesi","phone":"+902323433435","shop":"travel_agency","id":"node/4474973241"},"geometry":{"type":"Point","coordinates":[27.210114,38.4570286]}},{"type":"Feature","id":"node/4506936290","properties":{"amenity":"bus_station","bus":"yes","name":"Evka-3 Parkı","public_transport":"station","id":"node/4506936290"},"geometry":{"type":"Point","coordinates":[27.2440792,38.466397]}},{"type":"Feature","id":"node/4589085996","properties":{"name":"Polat OTO","name:tr":"Polat OTO","shop":"car_repair","id":"node/4589085996"},"geometry":{"type":"Point","coordinates":[27.1925206,38.4438441]}},{"type":"Feature","id":"node/4589695889","properties":{"addr:housenumber":"26","addr:postcode":"35040","addr:street":"129/18","amenity":"school","brand":"Doğa Koleji","brand:wikidata":"Q106802282","name":"Doğa koleji","name:tr":"Doğa koleji","official_name":"İTÜ ETA Vakfı Doğa Koleji","phone":"+902323758000","id":"node/4589695889"},"geometry":{"type":"Point","coordinates":[27.2516796,38.4655834]}},{"type":"Feature","id":"node/4639666189","properties":{"name":"PARK BORNOVA AVM","name:tr":"PARK BORNOVA AVM","shop":"department_store","id":"node/4639666189"},"geometry":{"type":"Point","coordinates":[27.2469833,38.4569629]}},{"type":"Feature","id":"node/4679485336","properties":{"brand":"Mercedes-Benz","brand:wikidata":"Q36008","brand:wikipedia":"en:Mercedes-Benz","name":"Mercedes-Benz","shop":"car","id":"node/4679485336"},"geometry":{"type":"Point","coordinates":[27.2109433,38.435973]}},{"type":"Feature","id":"node/4686944294","properties":{"addr:city":"İzmir","addr:country":"TR","addr:district":"Bornova","addr:housenumber":"D: 545","addr:neighbourhood":"Evka 3 Mah.","addr:place":"Sanayi Sitesi","addr:postcode":"35050","addr:street":"129/13. Sok.","name":"Continental İzmir Bornova Lastik Bayi - Erdemler","phone":"+90 2323757399","shop":"tyres","source":"Yellow Pages Türkiye","website":"https://www.continental-lastikleri.com.tr/","id":"node/4686944294"},"geometry":{"type":"Point","coordinates":[27.2525,38.463264]}},{"type":"Feature","id":"node/4686944331","properties":{"addr:city":"İzmir","addr:country":"TR","addr:district":"Bornova","addr:housenumber":"12","addr:neighbourhood":"Karacaoğlan Mah.","addr:postcode":"35070","addr:street":"Bornova Cad.","name":"Continental İzmir Bornova Lastik Bayi - Batı Lastik Işıkkent Şubesi","phone":"+90 2324722277","shop":"tyres","source":"Yellow Pages Türkiye","website":"http://www.batiLastik-continental-lastikleri.com","id":"node/4686944331"},"geometry":{"type":"Point","coordinates":[27.2269576,38.4365253]}},{"type":"Feature","id":"node/4686944340","properties":{"addr:city":"İzmir","addr:country":"TR","addr:district":"Bornova","addr:housenumber":"D: 1","addr:neighbourhood":"Kazımdirik Mah.","addr:place":"3. Sanayi Keresteciler Sitesi","addr:postcode":"35100","addr:street":"422 Sok.","name":"Continental İzmir Bornova Lastik Bayi - Batı Lastik Bornova Şubesi","phone":"+90 2324610151","shop":"tyres","source":"Yellow Pages Türkiye","website":"https://www.batilastik.com/","id":"node/4686944340"},"geometry":{"type":"Point","coordinates":[27.185059,38.447938]}},{"type":"Feature","id":"node/4693771791","properties":{"amenity":"restaurant","name":"Akbıyık Et Restoranı","name:en":"White Moustache Steakhouse","id":"node/4693771791"},"geometry":{"type":"Point","coordinates":[27.1921119,38.4347585]}},{"type":"Feature","id":"node/4699018473","properties":{"addr:city":"İzmir","addr:country":"TR","addr:district":"Bornova","addr:housenumber":"37 D: 1/A","addr:neighbourhood":"Karacaoğlan Mahallesi","addr:postcode":"35070","addr:street":"Kemal Paşa Caddesi","amenity":"fuel","brand":"Opet","brand:wikidata":"Q7072824","brand:wikipedia":"en:Opet","contact:fax":"+90 2324721416","contact:phone":"+90 2324720505","fuel:diesel":"yes","fuel:lpg":"yes","name":"Opet Bornova","operator":"Opet Petrolcülük A.Ş.","source":"Yellow Pages Türkiye","website":"https://www.opet.com.tr/","id":"node/4699018473"},"geometry":{"type":"Point","coordinates":[27.2255316,38.4316673]}},{"type":"Feature","id":"node/4699020264","properties":{"addr:city":"İzmir","addr:country":"TR","addr:district":"Bornova","addr:housenumber":"10","addr:neighbourhood":"Tuna Mahallesi","addr:postcode":"35090","addr:street":"5615/6. Sokak","amenity":"fuel","brand":"Opet","brand:wikidata":"Q7072824","brand:wikipedia":"tr:Opet","contact:fax":"+90 2324338788","contact:phone":"+90 2324791879","fuel:diesel":"yes","fuel:lpg":"yes","name":"Opet Çamdibi","operator":"Opet Petrolcülük A.Ş.","source":"Yellow Pages Türkiye","website":"https://www.opet.com.tr/","id":"node/4699020264"},"geometry":{"type":"Point","coordinates":[27.1816231,38.4292949]}},{"type":"Feature","id":"node/4699022947","properties":{"addr:city":"İzmir","addr:country":"TR","addr:district":"Bornova","addr:housenumber":"62","addr:neighbourhood":"Karacaoğlan Mahallesi","addr:postcode":"35070","addr:street":"Kemal Paşa Caddesi","amenity":"fuel","brand":"Opet","brand:wikidata":"Q7072824","brand:wikipedia":"tr:Opet","contact:fax":"+90 2324791335","contact:phone":"+90 2324791879","fuel:diesel":"yes","fuel:lpg":"yes","name":"Opet Bornova","operator":"Opet Petrolcülük A.Ş.","source":"Yellow Pages Türkiye","website":"https://www.opet.com.tr/","id":"node/4699022947"},"geometry":{"type":"Point","coordinates":[27.2699695,38.4409753]}},{"type":"Feature","id":"node/4708714489","properties":{"name":"Nur oto","name:tr":"Nur oto","shop":"car_repair","id":"node/4708714489"},"geometry":{"type":"Point","coordinates":[27.1925759,38.4435404]}},{"type":"Feature","id":"node/4709389097","properties":{"amenity":"taxi","id":"node/4709389097"},"geometry":{"type":"Point","coordinates":[27.2198407,38.4671435]}},{"type":"Feature","id":"node/4709389132","properties":{"amenity":"fuel","brand":"Shell","brand:wikidata":"Q154950","brand:wikipedia":"en:Royal Dutch Shell","name":"Shell","wheelchair":"limited","id":"node/4709389132"},"geometry":{"type":"Point","coordinates":[27.2422539,38.4823759]}},{"type":"Feature","id":"node/4843125824","properties":{"addr:housenumber":"8-10","addr:postcode":"35070","addr:street":"6138","amenity":"bank","name":"T. Halk Bankası A.Ş Işıkkent Şubesi","name:tr":"T. Halk Bankası A.Ş Işıkkent Şubesi","opening_hours":"Mo-Fr 09:00-17:00","phone":"+902324361254","website":"https://www.halkbank.com.tr/","id":"node/4843125824"},"geometry":{"type":"Point","coordinates":[27.2377224,38.4292968]}},{"type":"Feature","id":"node/4843126222","properties":{"addr:housenumber":"23","addr:postcode":"35070","addr:street":"6129","amenity":"restaurant","cuisine":"steak_house;grill","name":"Köfteci Cihan","name:tr":"Köfteci Cihan","opening_hours":"Mo-Sa 09:00-18:00","operator":"Diril Gıda Ltd. Şti.","phone":"+902324361897","id":"node/4843126222"},"geometry":{"type":"Point","coordinates":[27.2381889,38.4289819]}},{"type":"Feature","id":"node/4850400512","properties":{"name":"Petek Market","shop":"supermarket","id":"node/4850400512"},"geometry":{"type":"Point","coordinates":[27.2507028,38.4716431]}},{"type":"Feature","id":"node/4850400513","properties":{"bench":"yes","bus":"yes","highway":"bus_stop","name":"Doruk","note":"114,314 geçer","public_transport":"platform","shelter":"yes","id":"node/4850400513"},"geometry":{"type":"Point","coordinates":[27.2524747,38.471851]}},{"type":"Feature","id":"node/4850400514","properties":{"bench":"yes","bus":"yes","highway":"bus_stop","name":"Umut","note":"114,314 geçer","operator":"Eshot","public_transport":"platform","shelter":"yes","id":"node/4850400514"},"geometry":{"type":"Point","coordinates":[27.2554253,38.4737039]}},{"type":"Feature","id":"node/4853517722","properties":{"amenity":"restaurant","name":"Magro","name:tr":"Magro","id":"node/4853517722"},"geometry":{"type":"Point","coordinates":[27.2101574,38.4303064]}},{"type":"Feature","id":"node/4864407956","properties":{"air_conditioning":"no","amenity":"bus_station","bench":"yes","bus":"yes","internet_access":"no","name":"Evka 3 Aktarma Merkezi","operator":"Eshot","public_transport":"station","shelter":"yes","wheelchair":"yes","id":"node/4864407956"},"geometry":{"type":"Point","coordinates":[27.2284584,38.4658522]}},{"type":"Feature","id":"node/4864407957","properties":{"addr:city":"İzmir","addr:district":"Bornova","addr:neighbourhood":"EVKA3","branch":"Süper","brand":"CarrefourSA","brand:wikidata":"Q28870164","name":"CarrefourSA","shop":"supermarket","id":"node/4864407957"},"geometry":{"type":"Point","coordinates":[27.227871,38.4650137]}},{"type":"Feature","id":"node/4870586321","properties":{"addr:housenumber":"14","addr:postcode":"35100","addr:street":"Süvari Cd","amenity":"bar","email":"caglarcb@outlook.com","internet_access":"wlan","phone":"+905425007004","website":"http://www.facebook.com/caglarcb","id":"node/4870586321"},"geometry":{"type":"Point","coordinates":[27.2163048,38.4638674]}},{"type":"Feature","id":"node/4930883721","properties":{"tourism":"guest_house","id":"node/4930883721"},"geometry":{"type":"Point","coordinates":[27.188278,38.4382234]}},{"type":"Feature","id":"node/4935956023","properties":{"brand":"Migros","brand:wikidata":"Q1754510","name":"Migros","name:en":"Migros","name:tr":"Migros","shop":"supermarket","id":"node/4935956023"},"geometry":{"type":"Point","coordinates":[27.2078518,38.4644496]}},{"type":"Feature","id":"node/4935964121","properties":{"name":"Tuğba unlu mamulleri","name:en":"Tugba bakery","name:tr":"Tuğba unlu mamulleri","opening_hours":"Mo-Su 07:00-20:00","shop":"bakery","id":"node/4935964121"},"geometry":{"type":"Point","coordinates":[27.2079308,38.4646257]}},{"type":"Feature","id":"node/4960206811","properties":{"amenity":"clinic","emergency":"yes","healthcare":"clinic","healthcare:speciality":"emergency","name":"İzmir Bornova 62 Nolu Acil Sağlık H.İ.","operator":"Sağlık Bakanlığı","operator:type":"government","operator:wikidata":"Q4294365","id":"node/4960206811"},"geometry":{"type":"Point","coordinates":[27.2135921,38.4306919]}},{"type":"Feature","id":"node/5078998291","properties":{"addr:street":"İzmir-Manisa yolu","amenity":"cafe","name":"Vebaş","id":"node/5078998291"},"geometry":{"type":"Point","coordinates":[27.2419445,38.4823492]}},{"type":"Feature","id":"node/5078998292","properties":{"diet:halal":"yes","name":"Shell Shop","payment:credit_cards":"yes","payment:debit_cards":"yes","shop":"convenience","wheelchair":"limited","id":"node/5078998292"},"geometry":{"type":"Point","coordinates":[27.2421993,38.4823492]}},{"type":"Feature","id":"node/5130543519","properties":{"amenity":"fast_food","brand":"Domino's","brand:wikidata":"Q839466","brand:wikipedia":"en:Domino's Pizza","cuisine":"pizza","name":"Domino's","operator":"Dominos","takeaway":"yes","id":"node/5130543519"},"geometry":{"type":"Point","coordinates":[27.2078336,38.4621949]}},{"type":"Feature","id":"node/5162921621","properties":{"bench":"yes","bin":"no","bus":"yes","highway":"bus_stop","name":"Bülbül","name:en":"Bülbül","name:tr":"Bülbül","operator":"ESHOT","public_transport":"platform","ref:signed":"no","shelter":"yes","id":"node/5162921621"},"geometry":{"type":"Point","coordinates":[27.2047264,38.4793328]}},{"type":"Feature","id":"node/5162921821","properties":{"brand":"BİM","brand:wikidata":"Q1022075","brand:wikipedia":"en:Bim (company)","name":"BİM","opening_hours":"Mo-Su 09:00-21:00","operator":"Bim","shop":"supermarket","id":"node/5162921821"},"geometry":{"type":"Point","coordinates":[27.2042729,38.476238]}},{"type":"Feature","id":"node/5234401197","properties":{"addr:city":"İzmir","addr:district":"Bornova","addr:housenumber":"84","addr:neighbourhood":"Yeşilova Mah.","addr:postcode":"35080","addr:street":"4174 Sk","addr:unit":"101","brand":"FLO","brand:wikidata":"Q61994802","clothes":"men;women","name":"FLO","opening_hours":"Mo-Su 10:00-22:00","phone":"+90 850 290 3356","shop":"shoes","id":"node/5234401197"},"geometry":{"type":"Point","coordinates":[27.2104229,38.4307479]}},{"type":"Feature","id":"node/5247275066","properties":{"name":"Evka 3","public_transport":"stop_position","railway":"stop","subway":"yes","id":"node/5247275066"},"geometry":{"type":"Point","coordinates":[27.2285917,38.4651137]}},{"type":"Feature","id":"node/5253875723","properties":{"amenity":"restaurant","name":"Çiçekliköy Kirazlı Bahçe","id":"node/5253875723"},"geometry":{"type":"Point","coordinates":[27.2816393,38.5007004]}},{"type":"Feature","id":"node/5388472395","properties":{"ele":"2","name":"Stadyum","public_transport":"station","railway":"station","station":"subway","subway":"yes","wikidata":"Q3496315","wikimedia_commons":"Category:Stadyum metro station","wikipedia":"tr:Stadyum (İzmir Metrosu)","id":"node/5388472395"},"geometry":{"type":"Point","coordinates":[27.1806848,38.4423871]}},{"type":"Feature","id":"node/5388472396","properties":{"ele":"2","name":"Sanayi","public_transport":"station","railway":"station","station":"subway","subway":"yes","wikidata":"Q3471680","wikimedia_commons":"Category:Sanayi metro station","wikipedia":"tr:Sanayi (İzmir Metrosu)","id":"node/5388472396"},"geometry":{"type":"Point","coordinates":[27.1903907,38.4483025]}},{"type":"Feature","id":"node/5388472397","properties":{"name":"Bölge","public_transport":"station","railway":"station","station":"subway","subway":"yes","wikidata":"Q2930153","wikimedia_commons":"Category:Bölge metro station","wikipedia":"tr:Bölge (İzmir Metrosu)","id":"node/5388472397"},"geometry":{"type":"Point","coordinates":[27.2013535,38.4549611]}},{"type":"Feature","id":"node/5388472398","properties":{"name":"Bornova","network":"Evka-3 - Fahrettin Altay","operator":"İzmir Metro A.Ş.","public_transport":"stop_position","railway":"stop","station":"subway","subway":"yes","id":"node/5388472398"},"geometry":{"type":"Point","coordinates":[27.2126093,38.4584535]}},{"type":"Feature","id":"node/5388472400","properties":{"name":"Evka 3","public_transport":"station","railway":"station","station":"subway","subway":"yes","wikidata":"Q3061636","wikimedia_commons":"Category:Evka 3 metro station","wikipedia":"tr:Evka 3 (İzmir Metrosu)","id":"node/5388472400"},"geometry":{"type":"Point","coordinates":[27.2285906,38.4651437]}},{"type":"Feature","id":"node/5444741621","properties":{"amenity":"cafe","name":"Fısıltı Cafe","id":"node/5444741621"},"geometry":{"type":"Point","coordinates":[27.2127043,38.4596221]}},{"type":"Feature","id":"node/5444755421","properties":{"amenity":"cafe","name":"Kabadayı","id":"node/5444755421"},"geometry":{"type":"Point","coordinates":[27.2131247,38.4597965]}},{"type":"Feature","id":"node/5459907539","properties":{"amenity":"fuel","brand":"Petrol Ofisi","brand:wikidata":"Q1278087","brand:wikipedia":"en:Petrol Ofisi","name":"Petrol Ofisi","id":"node/5459907539"},"geometry":{"type":"Point","coordinates":[27.2116425,38.4306]}},{"type":"Feature","id":"node/5459907561","properties":{"amenity":"fuel","id":"node/5459907561"},"geometry":{"type":"Point","coordinates":[27.2516083,38.4584734]}},{"type":"Feature","id":"node/5459907562","properties":{"amenity":"fuel","id":"node/5459907562"},"geometry":{"type":"Point","coordinates":[27.2614615,38.453678]}},{"type":"Feature","id":"node/5459907567","properties":{"amenity":"fuel","id":"node/5459907567"},"geometry":{"type":"Point","coordinates":[27.191482,38.4261928]}},{"type":"Feature","id":"node/5460370707","properties":{"amenity":"fast_food","brand":"Terra Pizza","cuisine":"pizza","name":"Terra Pizza","outdoor_seating":"yes","takeaway":"yes","wheelchair":"limited","id":"node/5460370707"},"geometry":{"type":"Point","coordinates":[27.2046706,38.4813806]}},{"type":"Feature","id":"node/5810361169","properties":{"bench":"yes","bus":"yes","highway":"bus_stop","lit":"no","name":"Yeşil Köşk","network":"268","operator":"Eshot, İzulaş","passenger_information_display":"no","public_transport":"platform","shelter":"no","surface":"asphalt","id":"node/5810361169"},"geometry":{"type":"Point","coordinates":[27.2160383,38.4576778]}},{"type":"Feature","id":"node/5810361170","properties":{"bench":"no","bus":"yes","highway":"bus_stop","lit":"no","name":"Yeşil Köşk","network":"268","operator":"Eshot, İzulaş","passenger_information_display":"no","public_transport":"platform","shelter":"no","surface":"asphalt","id":"node/5810361170"},"geometry":{"type":"Point","coordinates":[27.2162444,38.4576842]}},{"type":"Feature","id":"node/5810361171","properties":{"bench":"yes","bus":"yes","highway":"bus_stop","lit":"no","name":"Okullar","network":"268","operator":"Eshot, İzulaş","passenger_information_display":"no","public_transport":"platform","shelter":"yes","surface":"asphalt","id":"node/5810361171"},"geometry":{"type":"Point","coordinates":[27.2195858,38.4500849]}},{"type":"Feature","id":"node/5810361172","properties":{"bench":"no","bus":"yes","highway":"bus_stop","lit":"no","name":"Okullar","network":"268","operator":"Eshot, İzulaş","passenger_information_display":"no","public_transport":"platform","shelter":"no","surface":"asphalt","id":"node/5810361172"},"geometry":{"type":"Point","coordinates":[27.2196787,38.4499239]}},{"type":"Feature","id":"node/5810361173","properties":{"bench":"yes","bus":"yes","highway":"bus_stop","lit":"no","name":"Görme Engelliler Okulu","network":"268","operator":"Eshot, İzulaş","passenger_information_display":"no","public_transport":"platform","shelter":"yes","surface":"asphalt","id":"node/5810361173"},"geometry":{"type":"Point","coordinates":[27.2218956,38.4504458]}},{"type":"Feature","id":"node/5810361174","properties":{"bench":"yes","bus":"yes","highway":"bus_stop","lit":"no","name":"Görme Engelliler Okulu","network":"268","operator":"Eshot, İzulaş","public_transport":"platform","shelter":"yes","surface":"asphalt","id":"node/5810361174"},"geometry":{"type":"Point","coordinates":[27.2219144,38.4503418]}},{"type":"Feature","id":"node/5810361175","properties":{"bench":"yes","bus":"yes","highway":"bus_stop","lit":"no","name":"Yamanlar Koleji","network":"268","operator":"Eshot, İzulaş","public_transport":"platform","shelter":"yes","surface":"asphalt","id":"node/5810361175"},"geometry":{"type":"Point","coordinates":[27.2280061,38.450058]}},{"type":"Feature","id":"node/5810361176","properties":{"bench":"yes","bus":"yes","highway":"bus_stop","lit":"no","name":"Yamanlar Koleji","network":"268","operator":"Eshot, İzulaş","passenger_information_display":"no","public_transport":"platform","shelter":"yes","surface":"asphalt","id":"node/5810361176"},"geometry":{"type":"Point","coordinates":[27.2280791,38.4499086]}},{"type":"Feature","id":"node/5810361177","properties":{"bench":"yes","bus":"yes","highway":"bus_stop","lit":"no","name":"Adliye Lojmanları","network":"268","operator":"Eshot, İzulaş","passenger_information_display":"no","public_transport":"platform","shelter":"no","surface":"asphalt","id":"node/5810361177"},"geometry":{"type":"Point","coordinates":[27.2294559,38.4506041]}},{"type":"Feature","id":"node/5810361178","properties":{"bench":"no","bus":"yes","highway":"bus_stop","lit":"no","name":"Adliye Lojmanları","network":"268","operator":"Eshot, İzulaş","passenger_information_display":"no","public_transport":"platform","shelter":"no","surface":"asphalt","id":"node/5810361178"},"geometry":{"type":"Point","coordinates":[27.2294286,38.4503593]}},{"type":"Feature","id":"node/5810361179","properties":{"bench":"yes","bus":"yes","highway":"bus_stop","lit":"no","name":"Çağla","network":"268","operator":"Eshot, İzulaş","passenger_information_display":"no","public_transport":"platform","shelter":"yes","surface":"asphalt","id":"node/5810361179"},"geometry":{"type":"Point","coordinates":[27.2309841,38.4480405]}},{"type":"Feature","id":"node/5810361180","properties":{"bench":"no","bus":"yes","highway":"bus_stop","lit":"no","name":"Çağla","network":"268","operator":"Eshot, İzulaş","passenger_information_display":"no","public_transport":"platform","shelter":"no","surface":"asphalt","id":"node/5810361180"},"geometry":{"type":"Point","coordinates":[27.2308096,38.4478941]}},{"type":"Feature","id":"node/5810361181","properties":{"bench":"yes","bus":"yes","highway":"bus_stop","lit":"no","name":"Hasanağa Camii","network":"268","operator":"Eshot, İzulaş","passenger_information_display":"no","public_transport":"platform","shelter":"yes","surface":"asphalt","id":"node/5810361181"},"geometry":{"type":"Point","coordinates":[27.2334792,38.4479646]}},{"type":"Feature","id":"node/5810361182","properties":{"bench":"no","bus":"yes","highway":"bus_stop","lit":"no","name":"Hasanağa Camii","network":"268","operator":"Eshot, İzulaş","passenger_information_display":"no","public_transport":"platform","shelter":"no","surface":"asphalt","id":"node/5810361182"},"geometry":{"type":"Point","coordinates":[27.2340631,38.4478915]}},{"type":"Feature","id":"node/5810361183","properties":{"bench":"yes","bus":"yes","highway":"bus_stop","lit":"no","name":"Sarılar","network":"268","operator":"Eshot, İzulaş","passenger_information_display":"no","public_transport":"platform","surface":"asphalt","id":"node/5810361183"},"geometry":{"type":"Point","coordinates":[27.2354948,38.4493211]}},{"type":"Feature","id":"node/5810361184","properties":{"bench":"no","bus":"yes","highway":"bus_stop","lit":"no","name":"Sarılar","network":"268","operator":"Eshot, İzulaş","passenger_information_display":"no","public_transport":"platform","shelter":"no","surface":"asphalt","id":"node/5810361184"},"geometry":{"type":"Point","coordinates":[27.2356529,38.4492307]}},{"type":"Feature","id":"node/5810361185","properties":{"bench":"yes","bus":"yes","highway":"bus_stop","lit":"no","name":"Mevlana Mahallesi Cami","network":"268","operator":"Eshot, İzulaş","passenger_information_display":"no","public_transport":"platform","shelter":"yes","surface":"asphalt","id":"node/5810361185"},"geometry":{"type":"Point","coordinates":[27.2385043,38.4502858]}},{"type":"Feature","id":"node/5810361186","properties":{"bench":"no","bus":"yes","highway":"bus_stop","lit":"no","name":"Mevlana Mahallesi Cami","network":"268","operator":"Eshot, İzulaş","passenger_information_display":"no","public_transport":"platform","shelter":"no","surface":"asphalt","id":"node/5810361186"},"geometry":{"type":"Point","coordinates":[27.2384278,38.4501649]}},{"type":"Feature","id":"node/5810361187","properties":{"bench":"yes","bin":"yes","bus":"yes","departures_board":"no","highway":"bus_stop","lit":"no","name":"Alt Geçit","network":"268","operator":"Eshot, İzulaş","passenger_information_display":"no","public_transport":"platform","ref":"30606","shelter":"yes","surface":"asphalt","id":"node/5810361187"},"geometry":{"type":"Point","coordinates":[27.2408659,38.4509243]}},{"type":"Feature","id":"node/5810361188","properties":{"bench":"no","bin":"no","bus":"yes","departures_board":"no","highway":"bus_stop","lit":"no","name":"Alt Geçit","network":"268","operator":"Eshot","passenger_information_display":"no","public_transport":"platform","ref":"30605","shelter":"no","surface":"asphalt","id":"node/5810361188"},"geometry":{"type":"Point","coordinates":[27.2416343,38.4509989]}},{"type":"Feature","id":"node/5810361189","properties":{"bench":"no","bus":"yes","highway":"bus_stop","lit":"no","name":"Elif","network":"268","operator":"Eshot, İzulaş","passenger_information_display":"no","public_transport":"platform","shelter":"no","surface":"asphalt","id":"node/5810361189"},"geometry":{"type":"Point","coordinates":[27.244338,38.4514568]}},{"type":"Feature","id":"node/5810361190","properties":{"bench":"no","bus":"yes","highway":"bus_stop","lit":"no","name":"Elif","network":"268","operator":"Eshot, İzulaş","passenger_information_display":"no","public_transport":"platform","shelter":"no","surface":"asphalt","id":"node/5810361190"},"geometry":{"type":"Point","coordinates":[27.2443326,38.4513812]}},{"type":"Feature","id":"node/5810361191","properties":{"bus":"yes","highway":"bus_stop","name":"Aktar","network":"268","operator":"Eshot, İzulaş","public_transport":"platform","surface":"asphalt","id":"node/5810361191"},"geometry":{"type":"Point","coordinates":[27.2465079,38.4514652]}},{"type":"Feature","id":"node/5810361192","properties":{"bus":"yes","highway":"bus_stop","name":"Aktar","network":"268","operator":"Eshot, İzulaş","public_transport":"platform","id":"node/5810361192"},"geometry":{"type":"Point","coordinates":[27.2464945,38.4514022]}},{"type":"Feature","id":"node/5810361194","properties":{"bus":"yes","highway":"bus_stop","name":"Rıfat Ilgaz","network":"268","operator":"Eshot, İzulaş","public_transport":"platform","surface":"asphalt","id":"node/5810361194"},"geometry":{"type":"Point","coordinates":[27.2487261,38.4516185]}},{"type":"Feature","id":"node/5810361195","properties":{"bus":"yes","highway":"bus_stop","name":"Papatya","network":"268","public_transport":"platform","id":"node/5810361195"},"geometry":{"type":"Point","coordinates":[27.2510319,38.4507375]}},{"type":"Feature","id":"node/5810361196","properties":{"bus":"yes","highway":"bus_stop","name":"Papatya","network":"268","public_transport":"platform","id":"node/5810361196"},"geometry":{"type":"Point","coordinates":[27.2509872,38.4506037]}},{"type":"Feature","id":"node/5810361197","properties":{"bus":"yes","highway":"bus_stop","name":"Hüsnü Borovalı İlköğretim Okulu","network":"268","public_transport":"platform","id":"node/5810361197"},"geometry":{"type":"Point","coordinates":[27.2535279,38.450247]}},{"type":"Feature","id":"node/5810361198","properties":{"bus":"yes","highway":"bus_stop","name":"Hüsnü Borovalı İlköğretim Okulu","network":"268","public_transport":"platform","id":"node/5810361198"},"geometry":{"type":"Point","coordinates":[27.2535495,38.4500973]}},{"type":"Feature","id":"node/5810361199","properties":{"bus":"yes","highway":"bus_stop","name":"Doğanlar Hurdacılar Sitesi Cami","network":"268","public_transport":"platform","id":"node/5810361199"},"geometry":{"type":"Point","coordinates":[27.257251,38.4515359]}},{"type":"Feature","id":"node/5810361200","properties":{"bus":"yes","highway":"bus_stop","name":"Doğanlar Hurdacılar Sitesi Cami","network":"268","public_transport":"platform","id":"node/5810361200"},"geometry":{"type":"Point","coordinates":[27.2570457,38.4515399]}},{"type":"Feature","id":"node/5810361201","properties":{"bus":"yes","highway":"bus_stop","name":"112 Acil Çağrı Merkezi Müdürlüğü","network":"268","public_transport":"platform","id":"node/5810361201"},"geometry":{"type":"Point","coordinates":[27.2547665,38.4535422]}},{"type":"Feature","id":"node/5836371785","properties":{"amenity":"bus_station","bus":"yes","name":"Kamil Koc","name:ru":"Камил Коч","public_transport":"station","id":"node/5836371785"},"geometry":{"type":"Point","coordinates":[27.2158364,38.42989]}},{"type":"Feature","id":"node/5838475893","properties":{"amenity":"parking","id":"node/5838475893"},"geometry":{"type":"Point","coordinates":[27.2200543,38.4650355]}},{"type":"Feature","id":"node/5873866859","properties":{"bench":"no","bus":"yes","highway":"bus_stop","lit":"no","name":"Öğrenci Yurdu","network":"368","operator":"Eshot","passenger_information_display":"no","public_transport":"platform","shelter":"no","id":"node/5873866859"},"geometry":{"type":"Point","coordinates":[27.2330182,38.4512053]}},{"type":"Feature","id":"node/5873866860","properties":{"bus":"yes","highway":"bus_stop","name":"Öğrenci Yurdu","public_transport":"platform","id":"node/5873866860"},"geometry":{"type":"Point","coordinates":[27.233012,38.4511088]}},{"type":"Feature","id":"node/5873866861","properties":{"bus":"yes","highway":"bus_stop","name":"Ebruli","public_transport":"platform","id":"node/5873866861"},"geometry":{"type":"Point","coordinates":[27.236082,38.4511504]}},{"type":"Feature","id":"node/5873866862","properties":{"bus":"yes","highway":"bus_stop","name":"Ebruli","public_transport":"platform","id":"node/5873866862"},"geometry":{"type":"Point","coordinates":[27.236082,38.4510559]}},{"type":"Feature","id":"node/5873866863","properties":{"bus":"yes","highway":"bus_stop","name":"Mevlana Parkı","public_transport":"platform","id":"node/5873866863"},"geometry":{"type":"Point","coordinates":[27.2392189,38.4521788]}},{"type":"Feature","id":"node/5873866864","properties":{"bus":"yes","highway":"bus_stop","name":"Mevlana Parkı","public_transport":"platform","id":"node/5873866864"},"geometry":{"type":"Point","coordinates":[27.2392223,38.4522515]}},{"type":"Feature","id":"node/5873866865","properties":{"bus":"yes","highway":"bus_stop","name":"Batıçim İlköğretim Okulu","public_transport":"platform","id":"node/5873866865"},"geometry":{"type":"Point","coordinates":[27.2473942,38.4488464]}},{"type":"Feature","id":"node/5873866866","properties":{"bus":"yes","highway":"bus_stop","name":"Batıçim İlköğretim Okulu","public_transport":"platform","id":"node/5873866866"},"geometry":{"type":"Point","coordinates":[27.2475051,38.4488802]}},{"type":"Feature","id":"node/5873866867","properties":{"bus":"yes","highway":"bus_stop","name":"Manolya","public_transport":"platform","id":"node/5873866867"},"geometry":{"type":"Point","coordinates":[27.2479121,38.4467299]}},{"type":"Feature","id":"node/5873866868","properties":{"bus":"yes","highway":"bus_stop","name":"Manolya","public_transport":"platform","id":"node/5873866868"},"geometry":{"type":"Point","coordinates":[27.2477735,38.446742]}},{"type":"Feature","id":"node/5873866869","properties":{"bus":"yes","highway":"bus_stop","name":"Begonya","public_transport":"platform","id":"node/5873866869"},"geometry":{"type":"Point","coordinates":[27.2481213,38.444335]}},{"type":"Feature","id":"node/5873866870","properties":{"bus":"yes","highway":"bus_stop","name":"Begonya","public_transport":"platform","id":"node/5873866870"},"geometry":{"type":"Point","coordinates":[27.248187,38.4442823]}},{"type":"Feature","id":"node/5873866871","properties":{"bus":"yes","highway":"bus_stop","name":"Doğanlar Pazaryer","public_transport":"platform","id":"node/5873866871"},"geometry":{"type":"Point","coordinates":[27.2505571,38.4452145]}},{"type":"Feature","id":"node/5873866872","properties":{"bus":"yes","highway":"bus_stop","name":"Doğanlar Pazaryer","public_transport":"platform","id":"node/5873866872"},"geometry":{"type":"Point","coordinates":[27.2506385,38.4451285]}},{"type":"Feature","id":"node/5873866873","properties":{"bus":"yes","highway":"bus_stop","name":"Bezirgan","public_transport":"platform","id":"node/5873866873"},"geometry":{"type":"Point","coordinates":[27.2541763,38.4443782]}},{"type":"Feature","id":"node/5873866874","properties":{"bus":"yes","highway":"bus_stop","name":"Bezirgan","public_transport":"platform","id":"node/5873866874"},"geometry":{"type":"Point","coordinates":[27.253721,38.444617]}},{"type":"Feature","id":"node/5873866875","properties":{"bus":"yes","highway":"bus_stop","name":"Metal","public_transport":"platform","id":"node/5873866875"},"geometry":{"type":"Point","coordinates":[27.2559011,38.4421904]}},{"type":"Feature","id":"node/5873866876","properties":{"bus":"yes","highway":"bus_stop","name":"Metal","public_transport":"platform","id":"node/5873866876"},"geometry":{"type":"Point","coordinates":[27.2555228,38.4421282]}},{"type":"Feature","id":"node/5873866877","properties":{"bus":"yes","highway":"bus_stop","name":"Fabrika","public_transport":"platform","id":"node/5873866877"},"geometry":{"type":"Point","coordinates":[27.2564241,38.440025]}},{"type":"Feature","id":"node/5873866878","properties":{"bus":"yes","highway":"bus_stop","name":"Fabrika","public_transport":"platform","id":"node/5873866878"},"geometry":{"type":"Point","coordinates":[27.2561019,38.4400286]}},{"type":"Feature","id":"node/5873866879","properties":{"bus":"yes","highway":"bus_stop","name":"İrem","public_transport":"platform","id":"node/5873866879"},"geometry":{"type":"Point","coordinates":[27.2584649,38.4405407]}},{"type":"Feature","id":"node/5873866880","properties":{"bus":"yes","highway":"bus_stop","name":"İrem","public_transport":"platform","id":"node/5873866880"},"geometry":{"type":"Point","coordinates":[27.2584929,38.4404273]}},{"type":"Feature","id":"node/5873866881","properties":{"bus":"yes","highway":"bus_stop","name":"Ümit Mahallesi","public_transport":"platform","id":"node/5873866881"},"geometry":{"type":"Point","coordinates":[27.25867,38.4426451]}},{"type":"Feature","id":"node/5885202188","properties":{"amenity":"college","name":"f.o.r.m. Kolejleri","id":"node/5885202188"},"geometry":{"type":"Point","coordinates":[27.248354,38.4669093]}},{"type":"Feature","id":"node/5888809998","properties":{"leisure":"stadium","name":"Bornova Stadyumu","wikidata":"Q20988339","wikipedia":"en:Bornova Aziz Kocaoğlu Stadium","id":"node/5888809998"},"geometry":{"type":"Point","coordinates":[27.262238,38.4470244]}},{"type":"Feature","id":"node/5974709770","properties":{"amenity":"fuel","brand":"Petrol Ofisi","brand:wikidata":"Q1278087","brand:wikipedia":"en:Petrol Ofisi","check_date":"2026-07-22","name":"Petrol Ofisi","id":"node/5974709770"},"geometry":{"type":"Point","coordinates":[27.1804847,38.4414124]}},{"type":"Feature","id":"node/5980877770","properties":{"bench":"no","bin":"no","bus":"yes","check_date:shelter":"2023-02-27","highway":"bus_stop","lit":"no","name":"Mevlan Parkı","operator":"Eshot","passenger_information_display":"no","public_transport":"platform","shelter":"no","id":"node/5980877770"},"geometry":{"type":"Point","coordinates":[27.2395844,38.4524563]}},{"type":"Feature","id":"node/5980877771","properties":{"bench":"no","bin":"no","bus":"yes","check_date:shelter":"2023-02-27","highway":"bus_stop","lit":"no","name":"Mevlan Parkı","operator":"Eshot","passenger_information_display":"no","public_transport":"platform","shelter":"no","id":"node/5980877771"},"geometry":{"type":"Point","coordinates":[27.2395283,38.4524764]}},{"type":"Feature","id":"node/5980877772","properties":{"bench":"no","bin":"no","bus":"yes","check_date:shelter":"2023-02-27","highway":"bus_stop","lit":"no","name":"Dere","operator":"Eshot","passenger_information_display":"no","public_transport":"platform","shelter":"no","id":"node/5980877772"},"geometry":{"type":"Point","coordinates":[27.2396031,38.4554569]}},{"type":"Feature","id":"node/5980877773","properties":{"bench":"no","bin":"no","bus":"yes","check_date:shelter":"2023-02-27","highway":"bus_stop","lit":"no","name":"Dere","operator":"Eshot","passenger_information_display":"no","public_transport":"platform","shelter":"no","id":"node/5980877773"},"geometry":{"type":"Point","coordinates":[27.2395307,38.455488]}},{"type":"Feature","id":"node/5980877774","properties":{"bus":"yes","highway":"bus_stop","name":"Hacı Yaşar Kandur İlköğretim Okulu","operator":"Eshot","public_transport":"platform","id":"node/5980877774"},"geometry":{"type":"Point","coordinates":[27.2410312,38.4556857]}},{"type":"Feature","id":"node/5980877775","properties":{"bus":"yes","highway":"bus_stop","name":"Hacı Yaşar Kandur İlköğretim Okulu","operator":"Eshot","public_transport":"platform","id":"node/5980877775"},"geometry":{"type":"Point","coordinates":[27.2410032,38.4556418]}},{"type":"Feature","id":"node/5980877777","properties":{"bus":"yes","highway":"bus_stop","name":"Doğanlar PTT","operator":"Eshot","public_transport":"platform","id":"node/5980877777"},"geometry":{"type":"Point","coordinates":[27.2483353,38.4518738]}},{"type":"Feature","id":"node/5980877778","properties":{"bus":"yes","highway":"bus_stop","name":"Bornova Doğanlar Stadyum","operator":"Eshot","public_transport":"platform","id":"node/5980877778"},"geometry":{"type":"Point","coordinates":[27.2635705,38.4469214]}},{"type":"Feature","id":"node/5980877779","properties":{"bus":"yes","highway":"bus_stop","name":"Bornova Doğanlar Stadyum","operator":"Eshot","public_transport":"platform","id":"node/5980877779"},"geometry":{"type":"Point","coordinates":[27.2634774,38.4469394]}},{"type":"Feature","id":"node/5980877780","properties":{"bus":"yes","highway":"bus_stop","name":"Sivil Savunma","operator":"Eshot","public_transport":"platform","id":"node/5980877780"},"geometry":{"type":"Point","coordinates":[27.2645187,38.4464368]}},{"type":"Feature","id":"node/5980877781","properties":{"bus":"yes","highway":"bus_stop","name":"Sivil Savunma","operator":"Eshot","public_transport":"platform","id":"node/5980877781"},"geometry":{"type":"Point","coordinates":[27.2644673,38.4462958]}},{"type":"Feature","id":"node/5980877782","properties":{"bus":"yes","highway":"bus_stop","name":"Ulaştırma","operator":"Eshot","public_transport":"platform","id":"node/5980877782"},"geometry":{"type":"Point","coordinates":[27.2696302,38.4427717]}},{"type":"Feature","id":"node/5980877783","properties":{"bus":"yes","highway":"bus_stop","name":"Ulaştırma","operator":"Eshot","public_transport":"platform","id":"node/5980877783"},"geometry":{"type":"Point","coordinates":[27.2694493,38.4427557]}},{"type":"Feature","id":"node/5980877784","properties":{"bus":"yes","highway":"bus_stop","name":"Eski Çamdibi Mezarlığı","operator":"Eshot","public_transport":"platform","id":"node/5980877784"},"geometry":{"type":"Point","coordinates":[27.2685148,38.4388179]}},{"type":"Feature","id":"node/5980877785","properties":{"bus":"yes","highway":"bus_stop","name":"Eski Çamdibi Mezarlığı","operator":"Eshot","public_transport":"platform","id":"node/5980877785"},"geometry":{"type":"Point","coordinates":[27.2682668,38.438872]}},{"type":"Feature","id":"node/5980877786","properties":{"bus":"yes","highway":"bus_stop","name":"Pınarbaşı Gökkuşağı","operator":"Eshot","public_transport":"platform","id":"node/5980877786"},"geometry":{"type":"Point","coordinates":[27.2672057,38.4363181]}},{"type":"Feature","id":"node/5980877787","properties":{"bus":"yes","highway":"bus_stop","name":"Pınarbaşı Gökkuşağı","operator":"Eshot","public_transport":"platform","id":"node/5980877787"},"geometry":{"type":"Point","coordinates":[27.2670105,38.4363882]}},{"type":"Feature","id":"node/5980877788","properties":{"bus":"yes","highway":"bus_stop","name":"Pınarbaşı Yarış Pisti","operator":"Eshot","public_transport":"platform","id":"node/5980877788"},"geometry":{"type":"Point","coordinates":[27.2661812,38.4329807]}},{"type":"Feature","id":"node/5980877789","properties":{"bus":"yes","highway":"bus_stop","name":"Pınarbaşı Gökkuşağı","operator":"Eshot","public_transport":"platform","id":"node/5980877789"},"geometry":{"type":"Point","coordinates":[27.2660308,38.4330221]}},{"type":"Feature","id":"node/5980877790","properties":{"bus":"yes","highway":"bus_stop","name":"Güzelcan Kardeşler İlköğretim Okulu","operator":"Eshot","public_transport":"platform","id":"node/5980877790"},"geometry":{"type":"Point","coordinates":[27.2663723,38.4305986]}},{"type":"Feature","id":"node/5980877791","properties":{"bus":"yes","highway":"bus_stop","name":"Güzelcan Kardeşler İlköğretim Okulu","operator":"Eshot","public_transport":"platform","id":"node/5980877791"},"geometry":{"type":"Point","coordinates":[27.2662259,38.4306145]}},{"type":"Feature","id":"node/5980877792","properties":{"bus":"yes","highway":"bus_stop","name":"Güzelcan Kardeşler Lisesi","operator":"Eshot","public_transport":"platform","id":"node/5980877792"},"geometry":{"type":"Point","coordinates":[27.267104,38.4299712]}},{"type":"Feature","id":"node/5980877793","properties":{"bus":"yes","highway":"bus_stop","name":"Güzelcan Kardeşler Lisesi","operator":"Eshot","public_transport":"platform","id":"node/5980877793"},"geometry":{"type":"Point","coordinates":[27.2670796,38.4300794]}},{"type":"Feature","id":"node/5980877794","properties":{"bus":"yes","highway":"bus_stop","name":"Güzeller","operator":"Eshot","public_transport":"platform","id":"node/5980877794"},"geometry":{"type":"Point","coordinates":[27.2725479,38.429251]}},{"type":"Feature","id":"node/5980877795","properties":{"bus":"yes","highway":"bus_stop","name":"Güzeller","operator":"Eshot","public_transport":"platform","id":"node/5980877795"},"geometry":{"type":"Point","coordinates":[27.2723333,38.429335]}},{"type":"Feature","id":"node/5980877796","properties":{"bus":"yes","highway":"bus_stop","name":"Mutlu","operator":"Eshot","public_transport":"platform","id":"node/5980877796"},"geometry":{"type":"Point","coordinates":[27.2757236,38.4285786]}},{"type":"Feature","id":"node/5980877797","properties":{"bus":"yes","highway":"bus_stop","name":"Mutlu","operator":"Eshot","public_transport":"platform","id":"node/5980877797"},"geometry":{"type":"Point","coordinates":[27.2758846,38.4287215]}},{"type":"Feature","id":"node/5980877798","properties":{"bus":"yes","highway":"bus_stop","name":"Siteler","operator":"Eshot","public_transport":"platform","id":"node/5980877798"},"geometry":{"type":"Point","coordinates":[27.2745757,38.4313858]}},{"type":"Feature","id":"node/5980877799","properties":{"bus":"yes","highway":"bus_stop","name":"Siteler","operator":"Eshot","public_transport":"platform","id":"node/5980877799"},"geometry":{"type":"Point","coordinates":[27.2743933,38.4313773]}},{"type":"Feature","id":"node/5980877800","properties":{"bus":"yes","highway":"bus_stop","name":"Market","operator":"Eshot","public_transport":"platform","id":"node/5980877800"},"geometry":{"type":"Point","coordinates":[27.2756183,38.4325769]}},{"type":"Feature","id":"node/5980877801","properties":{"bus":"yes","highway":"bus_stop","name":"Market","network":"Eshot","public_transport":"platform","id":"node/5980877801"},"geometry":{"type":"Point","coordinates":[27.2755249,38.4327159]}},{"type":"Feature","id":"node/5980877802","properties":{"bus":"yes","highway":"bus_stop","name":"Göçmen","operator":"Eshot","public_transport":"platform","id":"node/5980877802"},"geometry":{"type":"Point","coordinates":[27.2770567,38.4334512]}},{"type":"Feature","id":"node/5980877803","properties":{"bus":"yes","highway":"bus_stop","name":"Göçmen","operator":"Eshot","public_transport":"platform","id":"node/5980877803"},"geometry":{"type":"Point","coordinates":[27.2771501,38.4333927]}},{"type":"Feature","id":"node/5980877804","properties":{"bus":"yes","highway":"bus_stop","name":"Şen","operator":"Eshot","public_transport":"platform","id":"node/5980877804"},"geometry":{"type":"Point","coordinates":[27.2784063,38.4342889]}},{"type":"Feature","id":"node/5980877805","properties":{"bus":"yes","highway":"bus_stop","name":"Şen","operator":"Eshot","public_transport":"platform","id":"node/5980877805"},"geometry":{"type":"Point","coordinates":[27.2783082,38.4343804]}},{"type":"Feature","id":"node/5980877806","properties":{"bus":"yes","highway":"bus_stop","name":"Pınarbaşı Sanayi Giriş","operator":"Eshot","public_transport":"platform","id":"node/5980877806"},"geometry":{"type":"Point","coordinates":[27.2804424,38.4365606]}},{"type":"Feature","id":"node/5980877807","properties":{"bus":"yes","highway":"bus_stop","name":"Pınarbaşı Sanayi Giriş","operator":"Eshot","public_transport":"platform","id":"node/5980877807"},"geometry":{"type":"Point","coordinates":[27.2800455,38.4365642]}},{"type":"Feature","id":"node/5980877808","properties":{"bus":"yes","highway":"bus_stop","name":"Beşinci Sanayi Sitesi","operator":"Eshot","public_transport":"platform","id":"node/5980877808"},"geometry":{"type":"Point","coordinates":[27.2794631,38.4387546]}},{"type":"Feature","id":"node/5980877809","properties":{"bus":"yes","highway":"bus_stop","name":"Beşinci Sanayi Sitesi","operator":"Eshot","public_transport":"platform","id":"node/5980877809"},"geometry":{"type":"Point","coordinates":[27.2794812,38.4386372]}},{"type":"Feature","id":"node/5980919456","properties":{"bench":"yes","bus":"yes","highway":"bus_stop","name":"Ufuk","public_transport":"platform","shelter":"yes","id":"node/5980919456"},"geometry":{"type":"Point","coordinates":[27.2095108,38.4743325]}},{"type":"Feature","id":"node/5980919457","properties":{"bus":"yes","highway":"bus_stop","name":"Ufuk","public_transport":"platform","id":"node/5980919457"},"geometry":{"type":"Point","coordinates":[27.2102477,38.4746613]}},{"type":"Feature","id":"node/5981433095","properties":{"bus":"yes","highway":"bus_stop","name":"MTK Birinci Giriş","network":"Eshot","public_transport":"platform","id":"node/5981433095"},"geometry":{"type":"Point","coordinates":[27.1820576,38.4257094]}},{"type":"Feature","id":"node/5981433096","properties":{"bus":"yes","highway":"bus_stop","name":"MTK Birinci Giriş","network":"Eshot","public_transport":"platform","id":"node/5981433096"},"geometry":{"type":"Point","coordinates":[27.1820826,38.4255918]}},{"type":"Feature","id":"node/5981433097","properties":{"bus":"yes","highway":"bus_stop","name":"Meriç Mahallesi Çeşme","operator":"Eshot","public_transport":"platform","id":"node/5981433097"},"geometry":{"type":"Point","coordinates":[27.1851316,38.4253153]}},{"type":"Feature","id":"node/5981433098","properties":{"bus":"yes","highway":"bus_stop","name":"Meriç Mahallesi Çeşme","operator":"Eshot","public_transport":"platform","id":"node/5981433098"},"geometry":{"type":"Point","coordinates":[27.185225,38.4250738]}},{"type":"Feature","id":"node/5981433099","properties":{"bus":"yes","highway":"bus_stop","name":"Evrenesoğlu Ortaokulu","operator":"Eshot","public_transport":"platform","id":"node/5981433099"},"geometry":{"type":"Point","coordinates":[27.1886014,38.4250592]}},{"type":"Feature","id":"node/5981433100","properties":{"bus":"yes","highway":"bus_stop","name":"Evrenesoğlu Ortaokulu","operator":"Eshot","public_transport":"platform","id":"node/5981433100"},"geometry":{"type":"Point","coordinates":[27.1886132,38.4251383]}},{"type":"Feature","id":"node/5981433101","properties":{"bus":"yes","highway":"bus_stop","name":"Kokluca Mezarlığı","operator":"Eshot","public_transport":"platform","id":"node/5981433101"},"geometry":{"type":"Point","coordinates":[27.1909131,38.4258202]}},{"type":"Feature","id":"node/5981433102","properties":{"bus":"yes","highway":"bus_stop","name":"Kokluca Mezarlığı","operator":"Eshot","public_transport":"platform","ref":"30025","id":"node/5981433102"},"geometry":{"type":"Point","coordinates":[27.19264,38.4262123]}},{"type":"Feature","id":"node/5981433103","properties":{"bus":"yes","highway":"bus_stop","name":"Şehitler","operator":"Eshot","public_transport":"platform","ref":"30026","id":"node/5981433103"},"geometry":{"type":"Point","coordinates":[27.1945894,38.4264535]}},{"type":"Feature","id":"node/5981433104","properties":{"bus":"yes","highway":"bus_stop","name":"Şehitler","operator":"Eshot","public_transport":"platform","ref":"30027","id":"node/5981433104"},"geometry":{"type":"Point","coordinates":[27.1954784,38.4262578]}},{"type":"Feature","id":"node/5981433105","properties":{"bus":"yes","highway":"bus_stop","name":"Havuzlu Kahve","operator":"Eshot","public_transport":"platform","id":"node/5981433105"},"geometry":{"type":"Point","coordinates":[27.1974468,38.425761]}},{"type":"Feature","id":"node/5981433106","properties":{"bus":"yes","highway":"bus_stop","name":"Havuzlu Kahve","operator":"Eshot","public_transport":"platform","id":"node/5981433106"},"geometry":{"type":"Point","coordinates":[27.1974592,38.42586]}},{"type":"Feature","id":"node/5981433107","properties":{"bus":"yes","highway":"bus_stop","name":"Altındağ Belediyesi","operator":"Eshot","public_transport":"platform","id":"node/5981433107"},"geometry":{"type":"Point","coordinates":[27.2005433,38.4257659]}},{"type":"Feature","id":"node/5981433108","properties":{"bus":"yes","highway":"bus_stop","name":"Altındağ Belediyesi","operator":"Eshot","public_transport":"platform","id":"node/5981433108"},"geometry":{"type":"Point","coordinates":[27.2005649,38.4256669]}},{"type":"Feature","id":"node/5981433109","properties":{"bus":"yes","highway":"bus_stop","name":"Şehitler İlköğretim Okulu","operator":"Eshot","public_transport":"platform","id":"node/5981433109"},"geometry":{"type":"Point","coordinates":[27.2034949,38.4257345]}},{"type":"Feature","id":"node/5981433110","properties":{"bus":"yes","highway":"bus_stop","name":"Şehitler İlköğretim Okulu","operator":"Eshot","public_transport":"platform","id":"node/5981433110"},"geometry":{"type":"Point","coordinates":[27.2034888,38.4256524]}},{"type":"Feature","id":"node/5981433111","properties":{"bus":"yes","highway":"bus_stop","name":"Mimar Sinan Mesleki ve Teknik A. L.","operator":"Eshot","public_transport":"platform","id":"node/5981433111"},"geometry":{"type":"Point","coordinates":[27.2077318,38.4254309]}},{"type":"Feature","id":"node/5981433112","properties":{"bus":"yes","highway":"bus_stop","name":"Mimar Sinan Mesleki ve Teknik A. L.","operator":"Eshot","public_transport":"platform","id":"node/5981433112"},"geometry":{"type":"Point","coordinates":[27.2070743,38.4252045]}},{"type":"Feature","id":"node/5981433113","properties":{"bus":"yes","highway":"bus_stop","name":"Otogar Kavşağı","operator":"Eshot","public_transport":"platform","id":"node/5981433113"},"geometry":{"type":"Point","coordinates":[27.2113037,38.4272321]}},{"type":"Feature","id":"node/5981433114","properties":{"bus":"yes","highway":"bus_stop","name":"Otogar Kavşağı","operator":"Eshot","public_transport":"platform","id":"node/5981433114"},"geometry":{"type":"Point","coordinates":[27.2114462,38.426974]}},{"type":"Feature","id":"node/5981433115","properties":{"bus":"yes","highway":"bus_stop","name":"Otogar","operator":"Eshot","public_transport":"platform","shelter":"yes","id":"node/5981433115"},"geometry":{"type":"Point","coordinates":[27.2140405,38.4283851]}},{"type":"Feature","id":"node/5981433116","properties":{"bus":"yes","highway":"bus_stop","name":"Otogar","operator":"Eshot","public_transport":"platform","id":"node/5981433116"},"geometry":{"type":"Point","coordinates":[27.215027,38.4283023]}},{"type":"Feature","id":"node/5981433117","properties":{"bus":"yes","highway":"bus_stop","name":"Işıkkent Benzinlik","operator":"Eshot","public_transport":"platform","id":"node/5981433117"},"geometry":{"type":"Point","coordinates":[27.2213031,38.4308444]}},{"type":"Feature","id":"node/5981433118","properties":{"bus":"yes","highway":"bus_stop","name":"Işıkkent Benzinlik","network":"Eshot","public_transport":"platform","id":"node/5981433118"},"geometry":{"type":"Point","coordinates":[27.2213171,38.4304785]}},{"type":"Feature","id":"node/5981433119","properties":{"bus":"yes","highway":"bus_stop","name":"Işıkkent Benzinlik","operator":"Eshot","public_transport":"platform","id":"node/5981433119"},"geometry":{"type":"Point","coordinates":[27.2277955,38.4322389]}},{"type":"Feature","id":"node/5981433120","properties":{"bus":"yes","highway":"bus_stop","name":"Işıkkent Benzinlik","operator":"Eshot","public_transport":"platform","id":"node/5981433120"},"geometry":{"type":"Point","coordinates":[27.2278606,38.4319714]}},{"type":"Feature","id":"node/5981433121","properties":{"bus":"yes","highway":"bus_stop","name":"İzeltaş","operator":"Eshot","public_transport":"platform","id":"node/5981433121"},"geometry":{"type":"Point","coordinates":[27.2282437,38.4329567]}},{"type":"Feature","id":"node/5981433122","properties":{"bus":"yes","highway":"bus_stop","name":"İzeltaş","operator":"Eshot","public_transport":"platform","id":"node/5981433122"},"geometry":{"type":"Point","coordinates":[27.2283793,38.4330122]}},{"type":"Feature","id":"node/5981433123","properties":{"bus":"yes","highway":"bus_stop","name":"İzeltaş Mağaza","operator":"Eshot","public_transport":"platform","id":"node/5981433123"},"geometry":{"type":"Point","coordinates":[27.2260198,38.4379965]}},{"type":"Feature","id":"node/5981433124","properties":{"bus":"yes","highway":"bus_stop","name":"İzeltaş Mağaza","operator":"Eshot","public_transport":"platform","id":"node/5981433124"},"geometry":{"type":"Point","coordinates":[27.2258377,38.4379745]}},{"type":"Feature","id":"node/5981433125","properties":{"bus":"yes","highway":"bus_stop","name":"Yunus Emre","operator":"Eshot","public_transport":"platform","id":"node/5981433125"},"geometry":{"type":"Point","coordinates":[27.2289432,38.4435856]}},{"type":"Feature","id":"node/5981433126","properties":{"bus":"yes","highway":"bus_stop","name":"Yunus Emre","operator":"Eshot","public_transport":"platform","id":"node/5981433126"},"geometry":{"type":"Point","coordinates":[27.2286724,38.4436039]}},{"type":"Feature","id":"node/5981433127","properties":{"bus":"yes","highway":"bus_stop","name":"Eser","operator":"Eshot","public_transport":"platform","id":"node/5981433127"},"geometry":{"type":"Point","coordinates":[27.2256392,38.4460288]}},{"type":"Feature","id":"node/5981433128","properties":{"bus":"yes","highway":"bus_stop","name":"Eser","operator":"Eshot","public_transport":"platform","id":"node/5981433128"},"geometry":{"type":"Point","coordinates":[27.2257419,38.4461952]}},{"type":"Feature","id":"node/5981433129","properties":{"bus":"yes","highway":"bus_stop","name":"Selçuk Yaşar Boyacılık EML","operator":"Eshot","public_transport":"platform","id":"node/5981433129"},"geometry":{"type":"Point","coordinates":[27.2224519,38.4457783]}},{"type":"Feature","id":"node/5981433130","properties":{"bus":"yes","highway":"bus_stop","name":"Selçuk Yaşar Boyacılık EML","operator":"Eshot","public_transport":"platform","id":"node/5981433130"},"geometry":{"type":"Point","coordinates":[27.2226481,38.4456503]}},{"type":"Feature","id":"node/5981433131","properties":{"bus":"yes","highway":"bus_stop","name":"Bornova A. L.","operator":"Eshot","public_transport":"platform","id":"node/5981433131"},"geometry":{"type":"Point","coordinates":[27.2192501,38.4475364]}},{"type":"Feature","id":"node/5981433132","properties":{"bus":"yes","highway":"bus_stop","name":"Bornova A. L.","operator":"Eshot","public_transport":"platform","id":"node/5981433132"},"geometry":{"type":"Point","coordinates":[27.2192552,38.447129]}},{"type":"Feature","id":"node/5981848610","properties":{"amenity":"fuel","id":"node/5981848610"},"geometry":{"type":"Point","coordinates":[27.2553227,38.4392689]}},{"type":"Feature","id":"node/5981848611","properties":{"amenity":"fuel","id":"node/5981848611"},"geometry":{"type":"Point","coordinates":[27.2512243,38.4384412]}},{"type":"Feature","id":"node/5982665549","properties":{"bus":"yes","highway":"bus_stop","name":"Işıkkent Mezarlık","operator":"Eshot","public_transport":"platform","id":"node/5982665549"},"geometry":{"type":"Point","coordinates":[27.2279398,38.4302587]}},{"type":"Feature","id":"node/5982665550","properties":{"bus":"yes","highway":"bus_stop","name":"Işıkkent Mezarlık","operator":"Eshot","public_transport":"platform","id":"node/5982665550"},"geometry":{"type":"Point","coordinates":[27.2260456,38.4299972]}},{"type":"Feature","id":"node/5982665551","properties":{"bus":"yes","highway":"bus_stop","name":"Yıldız","operator":"Eshot","public_transport":"platform","id":"node/5982665551"},"geometry":{"type":"Point","coordinates":[27.2297024,38.4268984]}},{"type":"Feature","id":"node/5982665552","properties":{"bus":"yes","highway":"bus_stop","name":"Yıldız","operator":"Eshot","public_transport":"platform","id":"node/5982665552"},"geometry":{"type":"Point","coordinates":[27.2294475,38.4270897]}},{"type":"Feature","id":"node/5982665553","properties":{"bus":"yes","highway":"bus_stop","name":"Işıkkent","operator":"Eshot","public_transport":"platform","id":"node/5982665553"},"geometry":{"type":"Point","coordinates":[27.231026,38.425878]}},{"type":"Feature","id":"node/5982665554","properties":{"bus":"yes","highway":"bus_stop","name":"Işıkkent","operator":"Eshot","public_transport":"platform","id":"node/5982665554"},"geometry":{"type":"Point","coordinates":[27.2309942,38.4259917]}},{"type":"Feature","id":"node/5982665555","properties":{"bus":"yes","highway":"bus_stop","name":"Hatice Güzelcan Anadolu Lisesi","operator":"Eshot","public_transport":"platform","id":"node/5982665555"},"geometry":{"type":"Point","coordinates":[27.233218,38.4261181]}},{"type":"Feature","id":"node/5982665556","properties":{"bus":"yes","highway":"bus_stop","name":"Hatice Güzelcan Anadolu Lisesi","operator":"Eshot","public_transport":"platform","id":"node/5982665556"},"geometry":{"type":"Point","coordinates":[27.2331932,38.4262679]}},{"type":"Feature","id":"node/5982665557","properties":{"bus":"yes","highway":"bus_stop","name":"Yener","operator":"Eshot","public_transport":"platform","id":"node/5982665557"},"geometry":{"type":"Point","coordinates":[27.2350109,38.4248274]}},{"type":"Feature","id":"node/5982665558","properties":{"bus":"yes","highway":"bus_stop","name":"Yener","operator":"Eshot","public_transport":"platform","id":"node/5982665558"},"geometry":{"type":"Point","coordinates":[27.2347765,38.4246895]}},{"type":"Feature","id":"node/5982665559","properties":{"bus":"yes","highway":"bus_stop","name":"Kara Nakliyeciler","operator":"Eshot","public_transport":"platform","id":"node/5982665559"},"geometry":{"type":"Point","coordinates":[27.2427668,38.4248205]}},{"type":"Feature","id":"node/5982665560","properties":{"bus":"yes","highway":"bus_stop","name":"Kara Nakliyeciler","operator":"Eshot","public_transport":"platform","id":"node/5982665560"},"geometry":{"type":"Point","coordinates":[27.2427243,38.4250174]}},{"type":"Feature","id":"node/5982665561","properties":{"bus":"yes","highway":"bus_stop","name":"Tır Garajı","operator":"Eshot","public_transport":"platform","id":"node/5982665561"},"geometry":{"type":"Point","coordinates":[27.2468391,38.4245991]}},{"type":"Feature","id":"node/5982665562","properties":{"bus":"yes","highway":"bus_stop","name":"Tır Garajı","operator":"Eshot","public_transport":"platform","id":"node/5982665562"},"geometry":{"type":"Point","coordinates":[27.2467467,38.4244977]}},{"type":"Feature","id":"node/5982665563","properties":{"bus":"yes","highway":"bus_stop","name":"Sanayi","operator":"Eshot","public_transport":"platform","id":"node/5982665563"},"geometry":{"type":"Point","coordinates":[27.2517544,38.4233056]}},{"type":"Feature","id":"node/5982665564","properties":{"bus":"yes","highway":"bus_stop","name":"Sanayi","operator":"Eshot","public_transport":"platform","id":"node/5982665564"},"geometry":{"type":"Point","coordinates":[27.2517827,38.4231947]}},{"type":"Feature","id":"node/5982665565","properties":{"bus":"yes","highway":"bus_stop","name":"Pınarbaşı Mezarlığı","operator":"Eshot","public_transport":"platform","id":"node/5982665565"},"geometry":{"type":"Point","coordinates":[27.256438,38.4239075]}},{"type":"Feature","id":"node/5982665566","properties":{"bus":"yes","highway":"bus_stop","name":"Pınarbaşı Mezarlığı","operator":"Eshot","public_transport":"platform","id":"node/5982665566"},"geometry":{"type":"Point","coordinates":[27.256438,38.4237993]}},{"type":"Feature","id":"node/5982665567","properties":{"bus":"yes","highway":"bus_stop","name":"Gürpınar","operator":"Eshot","public_transport":"platform","id":"node/5982665567"},"geometry":{"type":"Point","coordinates":[27.256806,38.4237855]}},{"type":"Feature","id":"node/5982665568","properties":{"bus":"yes","highway":"bus_stop","name":"Gürpınar","operator":"Eshot","public_transport":"platform","id":"node/5982665568"},"geometry":{"type":"Point","coordinates":[27.2568237,38.4238964]}},{"type":"Feature","id":"node/5982665569","properties":{"bus":"yes","highway":"bus_stop","name":"Pınarbaşı Kara Ali Camii","operator":"Eshot","public_transport":"platform","id":"node/5982665569"},"geometry":{"type":"Point","coordinates":[27.264026,38.426597]}},{"type":"Feature","id":"node/5982665570","properties":{"bus":"yes","highway":"bus_stop","name":"Pınarbaşı Kara Ali Camii","operator":"Eshot","public_transport":"platform","id":"node/5982665570"},"geometry":{"type":"Point","coordinates":[27.2642243,38.4265882]}},{"type":"Feature","id":"node/5982665571","properties":{"bus":"yes","highway":"bus_stop","name":"Kent Bahçeleri","operator":"Eshot","public_transport":"platform","id":"node/5982665571"},"geometry":{"type":"Point","coordinates":[27.2716284,38.4313323]}},{"type":"Feature","id":"node/5982665572","properties":{"bus":"yes","highway":"bus_stop","name":"Kent Bahçeleri","operator":"Eshot","public_transport":"platform","id":"node/5982665572"},"geometry":{"type":"Point","coordinates":[27.2716894,38.4311921]}},{"type":"Feature","id":"node/5982665573","properties":{"bus":"yes","highway":"bus_stop","name":"Demirler","operator":"Eshot","public_transport":"platform","id":"node/5982665573"},"geometry":{"type":"Point","coordinates":[27.274178,38.4265938]}},{"type":"Feature","id":"node/5982665574","properties":{"bus":"yes","highway":"bus_stop","name":"Demirler","operator":"Eshot","public_transport":"platform","id":"node/5982665574"},"geometry":{"type":"Point","coordinates":[27.2740723,38.426734]}},{"type":"Feature","id":"node/6032239044","properties":{"bus":"yes","highway":"bus_stop","name":"112 Acil Çağrı Merkezi Müdürlüğü","operator":"Eshot","public_transport":"platform","id":"node/6032239044"},"geometry":{"type":"Point","coordinates":[27.254672,38.4534605]}},{"type":"Feature","id":"node/6032239045","properties":{"bus":"yes","highway":"bus_stop","name":"Sağlık Ocağı","operator":"Eshot","public_transport":"platform","id":"node/6032239045"},"geometry":{"type":"Point","coordinates":[27.2532493,38.4538929]}},{"type":"Feature","id":"node/6073118236","properties":{"amenity":"fuel","id":"node/6073118236"},"geometry":{"type":"Point","coordinates":[27.2591535,38.4545154]}},{"type":"Feature","id":"node/6111477296","properties":{"amenity":"fuel","id":"node/6111477296"},"geometry":{"type":"Point","coordinates":[27.3122691,38.4547089]}},{"type":"Feature","id":"node/6113414928","properties":{"bus":"yes","highway":"bus_stop","name":"Bornova Forum","operator":"Eshot","public_transport":"platform","id":"node/6113414928"},"geometry":{"type":"Point","coordinates":[27.2096634,38.4488313]}},{"type":"Feature","id":"node/6113414929","properties":{"bus":"yes","highway":"bus_stop","name":"Bornova Forum","operator":"Eshot","public_transport":"platform","id":"node/6113414929"},"geometry":{"type":"Point","coordinates":[27.2097023,38.4487232]}},{"type":"Feature","id":"node/6113414944","properties":{"bus":"yes","highway":"bus_stop","name":"Bornova Viyadüğü","operator":"Eshot","public_transport":"platform","id":"node/6113414944"},"geometry":{"type":"Point","coordinates":[27.205808,38.4488273]}},{"type":"Feature","id":"node/6113414945","properties":{"bus":"yes","highway":"bus_stop","name":"Stad","operator":"Eshot","public_transport":"platform","id":"node/6113414945"},"geometry":{"type":"Point","coordinates":[27.2047937,38.4461906]}},{"type":"Feature","id":"node/6113414946","properties":{"bus":"yes","highway":"bus_stop","name":"Stad","operator":"Eshot","public_transport":"platform","id":"node/6113414946"},"geometry":{"type":"Point","coordinates":[27.2047416,38.4462989]}},{"type":"Feature","id":"node/6113414947","properties":{"bus":"yes","highway":"bus_stop","name":"Bahçeşehir Koleji","operator":"Eshot","public_transport":"platform","id":"node/6113414947"},"geometry":{"type":"Point","coordinates":[27.2009151,38.4454961]}},{"type":"Feature","id":"node/6113414948","properties":{"bus":"yes","highway":"bus_stop","name":"Bahçeşehir Koleji","operator":"Eshot","public_transport":"platform","id":"node/6113414948"},"geometry":{"type":"Point","coordinates":[27.2026757,38.4449767]}},{"type":"Feature","id":"node/6113414949","properties":{"bus":"yes","highway":"bus_stop","name":"Rafet Paşa","operator":"Eshot","public_transport":"platform","id":"node/6113414949"},"geometry":{"type":"Point","coordinates":[27.2004401,38.4412758]}},{"type":"Feature","id":"node/6113414950","properties":{"bus":"yes","highway":"bus_stop","name":"Rafet Paşa","operator":"Eshot","public_transport":"platform","id":"node/6113414950"},"geometry":{"type":"Point","coordinates":[27.2005493,38.4413079]}},{"type":"Feature","id":"node/6113414951","properties":{"bus":"yes","highway":"bus_stop","name":"Zeybek","operator":"Eshot","public_transport":"platform","id":"node/6113414951"},"geometry":{"type":"Point","coordinates":[27.2034742,38.4412935]}},{"type":"Feature","id":"node/6113414952","properties":{"bus":"yes","highway":"bus_stop","name":"Zeybek","operator":"Eshot","public_transport":"platform","id":"node/6113414952"},"geometry":{"type":"Point","coordinates":[27.2034462,38.4414361]}},{"type":"Feature","id":"node/6113414953","properties":{"bus":"yes","highway":"bus_stop","name":"Üçgen Park","operator":"Eshot","public_transport":"platform","id":"node/6113414953"},"geometry":{"type":"Point","coordinates":[27.2059663,38.442251]}},{"type":"Feature","id":"node/6113414954","properties":{"bus":"yes","highway":"bus_stop","name":"Üçgen Park","operator":"Eshot","public_transport":"platform","id":"node/6113414954"},"geometry":{"type":"Point","coordinates":[27.2059663,38.4423596]}},{"type":"Feature","id":"node/6113414955","properties":{"bus":"yes","highway":"bus_stop","name":"Çocuk Parkı","operator":"Eshot","public_transport":"platform","id":"node/6113414955"},"geometry":{"type":"Point","coordinates":[27.2091245,38.4433353]}},{"type":"Feature","id":"node/6113414956","properties":{"bus":"yes","highway":"bus_stop","name":"Çocuk Parkı","operator":"Eshot","public_transport":"platform","id":"node/6113414956"},"geometry":{"type":"Point","coordinates":[27.209055,38.4434751]}},{"type":"Feature","id":"node/6113414957","properties":{"bus":"yes","highway":"bus_stop","name":"Karacaoğlan","operator":"Eshot","public_transport":"platform","id":"node/6113414957"},"geometry":{"type":"Point","coordinates":[27.2099102,38.4418524]}},{"type":"Feature","id":"node/6113414958","properties":{"bus":"yes","highway":"bus_stop","name":"Karacaoğlan","operator":"Eshot","public_transport":"platform","id":"node/6113414958"},"geometry":{"type":"Point","coordinates":[27.2096795,38.4418734]}},{"type":"Feature","id":"node/6113414959","properties":{"bus":"yes","highway":"bus_stop","name":"Yeşilova Höyüğü","operator":"Eshot","public_transport":"platform","id":"node/6113414959"},"geometry":{"type":"Point","coordinates":[27.2100765,38.4410961]}},{"type":"Feature","id":"node/6113414960","properties":{"bus":"yes","highway":"bus_stop","name":"Yeşilova Höyüğü","operator":"Eshot","public_transport":"platform","id":"node/6113414960"},"geometry":{"type":"Point","coordinates":[27.2098941,38.4411339]}},{"type":"Feature","id":"node/6113414967","properties":{"bus":"yes","highway":"bus_stop","name":"Egemenlik","operator":"Eshot","public_transport":"platform","id":"node/6113414967"},"geometry":{"type":"Point","coordinates":[27.2082677,38.4359894]}},{"type":"Feature","id":"node/6113414968","properties":{"bus":"yes","highway":"bus_stop","name":"Egemenlik","operator":"Eshot","public_transport":"platform","id":"node/6113414968"},"geometry":{"type":"Point","coordinates":[27.2082269,38.4361484]}},{"type":"Feature","id":"node/6113414969","properties":{"bus":"yes","highway":"bus_stop","name":"Okçu","operator":"Eshot","public_transport":"platform","id":"node/6113414969"},"geometry":{"type":"Point","coordinates":[27.205323,38.4355833]}},{"type":"Feature","id":"node/6113414970","properties":{"bus":"yes","highway":"bus_stop","name":"Okçu","operator":"Eshot","public_transport":"platform","id":"node/6113414970"},"geometry":{"type":"Point","coordinates":[27.205286,38.4353726]}},{"type":"Feature","id":"node/6113414971","properties":{"bus":"yes","highway":"bus_stop","name":"Birlik","operator":"Eshot","public_transport":"platform","id":"node/6113414971"},"geometry":{"type":"Point","coordinates":[27.2028134,38.4324159]}},{"type":"Feature","id":"node/6113414972","properties":{"bus":"yes","highway":"bus_stop","name":"Birlik","operator":"Eshot","public_transport":"platform","id":"node/6113414972"},"geometry":{"type":"Point","coordinates":[27.2030656,38.4324781]}},{"type":"Feature","id":"node/6113414973","properties":{"bus":"yes","highway":"bus_stop","name":"Çimentaş Lisesi","operator":"Eshot","public_transport":"platform","id":"node/6113414973"},"geometry":{"type":"Point","coordinates":[27.2033144,38.4297727]}},{"type":"Feature","id":"node/6113414974","properties":{"bus":"yes","highway":"bus_stop","name":"Çimentaş Lisesi","operator":"Eshot","public_transport":"platform","id":"node/6113414974"},"geometry":{"type":"Point","coordinates":[27.2030631,38.4297689]}},{"type":"Feature","id":"node/6113414975","properties":{"bus":"yes","highway":"bus_stop","operator":"Eshot","public_transport":"platform","id":"node/6113414975"},"geometry":{"type":"Point","coordinates":[27.2004816,38.4301489]}},{"type":"Feature","id":"node/6113414976","properties":{"bus":"yes","highway":"bus_stop","operator":"Eshot","public_transport":"platform","id":"node/6113414976"},"geometry":{"type":"Point","coordinates":[27.2010418,38.4298837]}},{"type":"Feature","id":"node/6113414977","properties":{"bus":"yes","highway":"bus_stop","name":"Kahveler","operator":"Eshot","public_transport":"platform","id":"node/6113414977"},"geometry":{"type":"Point","coordinates":[27.1995408,38.4303549]}},{"type":"Feature","id":"node/6113414978","properties":{"bus":"yes","highway":"bus_stop","name":"Kahveler","operator":"Eshot","public_transport":"platform","id":"node/6113414978"},"geometry":{"type":"Point","coordinates":[27.1994822,38.4302096]}},{"type":"Feature","id":"node/6113414979","properties":{"bus":"yes","highway":"bus_stop","name":"Umut","operator":"Eshot","public_transport":"platform","id":"node/6113414979"},"geometry":{"type":"Point","coordinates":[27.1979862,38.4307308]}},{"type":"Feature","id":"node/6113414980","properties":{"bus":"yes","highway":"bus_stop","name":"Umut","operator":"Eshot","public_transport":"platform","id":"node/6113414980"},"geometry":{"type":"Point","coordinates":[27.1979658,38.4305771]}},{"type":"Feature","id":"node/6113414981","properties":{"bus":"yes","highway":"bus_stop","name":"Çamdibi Esnaf Odası","operator":"Eshot","public_transport":"platform","id":"node/6113414981"},"geometry":{"type":"Point","coordinates":[27.1935297,38.431736]}},{"type":"Feature","id":"node/6113414982","properties":{"bus":"yes","highway":"bus_stop","name":"Çamdibi Esnaf Odası","operator":"Eshot","public_transport":"platform","id":"node/6113414982"},"geometry":{"type":"Point","coordinates":[27.1934923,38.4315931]}},{"type":"Feature","id":"node/6113414983","properties":{"bus":"yes","highway":"bus_stop","name":"Kartal","operator":"Eshot","public_transport":"platform","id":"node/6113414983"},"geometry":{"type":"Point","coordinates":[27.1906424,38.432284]}},{"type":"Feature","id":"node/6113414984","properties":{"bus":"yes","highway":"bus_stop","name":"Kartal","operator":"Eshot","public_transport":"platform","id":"node/6113414984"},"geometry":{"type":"Point","coordinates":[27.1906486,38.4324336]}},{"type":"Feature","id":"node/6113416485","properties":{"bus":"yes","highway":"bus_stop","name":"Gürbüz","operator":"Eshot","public_transport":"platform","id":"node/6113416485"},"geometry":{"type":"Point","coordinates":[27.1865571,38.4331224]}},{"type":"Feature","id":"node/6113416486","properties":{"bus":"yes","highway":"bus_stop","name":"Gürbüz","operator":"Eshot","public_transport":"platform","id":"node/6113416486"},"geometry":{"type":"Point","coordinates":[27.1865448,38.4329413]}},{"type":"Feature","id":"node/6113416487","properties":{"bus":"yes","highway":"bus_stop","name":"Kamil Tunca Bulvarı","operator":"Eshot","public_transport":"platform","id":"node/6113416487"},"geometry":{"type":"Point","coordinates":[27.1812522,38.4331085]}},{"type":"Feature","id":"node/6113416488","properties":{"bus":"yes","highway":"bus_stop","name":"Kamil Tunca Bulvarı","operator":"Eshot","public_transport":"platform","id":"node/6113416488"},"geometry":{"type":"Point","coordinates":[27.1812766,38.4329047]}},{"type":"Feature","id":"node/6113416490","properties":{"bus":"yes","highway":"bus_stop","name":"Taç Sanayi","operator":"Eshot","public_transport":"platform","id":"node/6113416490"},"geometry":{"type":"Point","coordinates":[27.1807395,38.4321583]}},{"type":"Feature","id":"node/6113416492","properties":{"bus":"yes","highway":"bus_stop","name":"Birinci Sanayi Sitesi","operator":"Eshot","public_transport":"platform","id":"node/6113416492"},"geometry":{"type":"Point","coordinates":[27.1805191,38.4301723]}},{"type":"Feature","id":"node/6113416493","properties":{"bus":"yes","highway":"bus_stop","name":"Miralay Fethi Bey","operator":"Eshot","public_transport":"platform","id":"node/6113416493"},"geometry":{"type":"Point","coordinates":[27.1803274,38.4275541]}},{"type":"Feature","id":"node/6131101229","properties":{"bench":"yes","bus":"yes","highway":"bus_stop","lit":"no","name":"Mağfel","operator":"Eshot","passenger_information_display":"no","public_transport":"platform","ref":"31272","shelter":"yes","surface":"asphalt","id":"node/6131101229"},"geometry":{"type":"Point","coordinates":[27.2163587,38.4600791]}},{"type":"Feature","id":"node/6131101230","properties":{"bench":"no","bus":"yes","highway":"bus_stop","lit":"no","name":"Mağfel","operator":"Eshot","passenger_information_display":"no","public_transport":"platform","ref":"31272","shelter":"no","surface":"asphalt","id":"node/6131101230"},"geometry":{"type":"Point","coordinates":[27.2161226,38.4602664]}},{"type":"Feature","id":"node/6131101231","properties":{"bench":"yes","bus":"yes","check_date:shelter":"2025-12-07","highway":"bus_stop","lit":"no","name":"Büyük Park","operator":"Eshot","passenger_information_display":"yes","public_transport":"platform","shelter":"yes","surface":"asphalt","id":"node/6131101231"},"geometry":{"type":"Point","coordinates":[27.2177352,38.4619438]}},{"type":"Feature","id":"node/6131101232","properties":{"bench":"yes","bin":"yes","bus":"yes","highway":"bus_stop","lit":"no","name":"Rektörlük","operator":"Eshot","public_transport":"platform","shelter":"yes","surface":"asphalt","id":"node/6131101232"},"geometry":{"type":"Point","coordinates":[27.2191853,38.4623602]}},{"type":"Feature","id":"node/6131101234","properties":{"bench":"yes","bus":"yes","highway":"bus_stop","name":"Suphi Koyuncu","public_transport":"platform","shelter":"yes","id":"node/6131101234"},"geometry":{"type":"Point","coordinates":[27.2241094,38.4635472]}},{"type":"Feature","id":"node/6131101235","properties":{"bus":"yes","highway":"bus_stop","name":"Ata","public_transport":"platform","shelter":"yes","id":"node/6131101235"},"geometry":{"type":"Point","coordinates":[27.2230921,38.4646483]}},{"type":"Feature","id":"node/6131101236","properties":{"bench":"yes","bus":"yes","check_date:shelter":"2025-12-03","highway":"bus_stop","lit":"no","name":"Hükümet Konağı","passenger_information_display":"yes","public_transport":"platform","shelter":"yes","id":"node/6131101236"},"geometry":{"type":"Point","coordinates":[27.2195523,38.4666806]}},{"type":"Feature","id":"node/6131101237","properties":{"bench":"no","bus":"yes","highway":"bus_stop","lit":"no","name":"Erzene Mahallesi Muhtarlığı","operator":"Eshot","passenger_information_display":"no","public_transport":"platform","shelter":"no","id":"node/6131101237"},"geometry":{"type":"Point","coordinates":[27.2198389,38.4675029]}},{"type":"Feature","id":"node/6131101238","properties":{"bench":"no","bus":"yes","highway":"bus_stop","name":"Hükümet Konağı","public_transport":"platform","ref":"31274","shelter":"no","id":"node/6131101238"},"geometry":{"type":"Point","coordinates":[27.2188543,38.4656898]}},{"type":"Feature","id":"node/6131101239","properties":{"bench":"no","bus":"yes","highway":"bus_stop","name":"Malazgirt İlköğretim Okulu","operator":"Eshot","public_transport":"platform","shelter":"no","id":"node/6131101239"},"geometry":{"type":"Point","coordinates":[27.2194778,38.4711489]}},{"type":"Feature","id":"node/6131101240","properties":{"bench":"yes","bus":"yes","highway":"bus_stop","name":"Malazgirt İlköğretim Okulu","public_transport":"platform","shelter":"yes","id":"node/6131101240"},"geometry":{"type":"Point","coordinates":[27.2192559,38.4710573]}},{"type":"Feature","id":"node/6131101241","properties":{"bus":"yes","highway":"bus_stop","name":"Lala Tepe Cami","public_transport":"platform","id":"node/6131101241"},"geometry":{"type":"Point","coordinates":[27.2186829,38.4727361]}},{"type":"Feature","id":"node/6131101242","properties":{"bench":"yes","bus":"yes","highway":"bus_stop","name":"Toprak Yol","public_transport":"platform","shelter":"yes","id":"node/6131101242"},"geometry":{"type":"Point","coordinates":[27.218042,38.4746707]}},{"type":"Feature","id":"node/6131101252","properties":{"bus":"yes","highway":"bus_stop","name":"Çiçekli","public_transport":"platform","id":"node/6131101252"},"geometry":{"type":"Point","coordinates":[27.2172973,38.4762828]}},{"type":"Feature","id":"node/6131101253","properties":{"bus":"yes","highway":"bus_stop","name":"Çiçekli","public_transport":"platform","id":"node/6131101253"},"geometry":{"type":"Point","coordinates":[27.2173858,38.4761841]}},{"type":"Feature","id":"node/6131101254","properties":{"bus":"yes","highway":"bus_stop","name":"Emliyet Lojmanları","public_transport":"platform","id":"node/6131101254"},"geometry":{"type":"Point","coordinates":[27.2136729,38.4757583]}},{"type":"Feature","id":"node/6131101255","properties":{"bus":"yes","highway":"bus_stop","name":"Emliyet Lojmanları","public_transport":"platform","id":"node/6131101255"},"geometry":{"type":"Point","coordinates":[27.2135388,38.4758465]}},{"type":"Feature","id":"node/6131101256","properties":{"bus":"yes","highway":"bus_stop","name":"100. Yıl Karakolu","public_transport":"platform","id":"node/6131101256"},"geometry":{"type":"Point","coordinates":[27.2081016,38.4766099]}},{"type":"Feature","id":"node/6131101257","properties":{"bench":"yes","bin":"yes","bus":"yes","highway":"bus_stop","name":"100. Yıl Karakolu","public_transport":"platform","shelter":"yes","id":"node/6131101257"},"geometry":{"type":"Point","coordinates":[27.2079106,38.4765278]}},{"type":"Feature","id":"node/6131101258","properties":{"bus":"yes","highway":"bus_stop","name":"Mavi Köşe","public_transport":"platform","id":"node/6131101258"},"geometry":{"type":"Point","coordinates":[27.2059881,38.4787182]}},{"type":"Feature","id":"node/6131101259","properties":{"bus":"yes","highway":"bus_stop","name":"Mavi Köşe","public_transport":"platform","id":"node/6131101259"},"geometry":{"type":"Point","coordinates":[27.2057028,38.4786163]}},{"type":"Feature","id":"node/6131101260","properties":{"bench":"yes","bus":"yes","highway":"bus_stop","name":"Seyit Şanlı Endüstri Meslek Lisesi","public_transport":"platform","shelter":"yes","id":"node/6131101260"},"geometry":{"type":"Point","coordinates":[27.2046093,38.480855]}},{"type":"Feature","id":"node/6131101262","properties":{"bench":"yes","bus":"yes","highway":"bus_stop","name":"Seyit Şanlı Endüstri Meslek Lisesi","public_transport":"platform","shelter":"yes","id":"node/6131101262"},"geometry":{"type":"Point","coordinates":[27.2043884,38.4809275]}},{"type":"Feature","id":"node/6131101263","properties":{"bus":"yes","highway":"bus_stop","name":"Hürriyet","public_transport":"platform","id":"node/6131101263"},"geometry":{"type":"Point","coordinates":[27.2020585,38.486147]}},{"type":"Feature","id":"node/6131101264","properties":{"bus":"yes","highway":"bus_stop","name":"Hürriyet","public_transport":"platform","id":"node/6131101264"},"geometry":{"type":"Point","coordinates":[27.2018151,38.4861252]}},{"type":"Feature","id":"node/6131101265","properties":{"bench":"yes","bin":"yes","bus":"yes","highway":"bus_stop","name":"Kardelen Sitesi","public_transport":"platform","shelter":"yes","id":"node/6131101265"},"geometry":{"type":"Point","coordinates":[27.2017429,38.4877744]}},{"type":"Feature","id":"node/6131101266","properties":{"bus":"yes","highway":"bus_stop","name":"Kardelen Sitesi","public_transport":"platform","id":"node/6131101266"},"geometry":{"type":"Point","coordinates":[27.2018176,38.4876099]}},{"type":"Feature","id":"node/6131101267","properties":{"bench":"yes","bin":"yes","bus":"yes","highway":"bus_stop","name":"Doğa","public_transport":"platform","shelter":"yes","id":"node/6131101267"},"geometry":{"type":"Point","coordinates":[27.2045823,38.4885932]}},{"type":"Feature","id":"node/6131101268","properties":{"bench":"no","bus":"yes","highway":"bus_stop","name":"Doğa","public_transport":"platform","shelter":"no","id":"node/6131101268"},"geometry":{"type":"Point","coordinates":[27.204657,38.4883666]}},{"type":"Feature","id":"node/6139467554","properties":{"bench":"yes","bin":"no","bus":"yes","highway":"bus_stop","name":"Bülbül","name:en":"Bülbül","name:tr":"Bülbül","operator":"ESHOT","public_transport":"platform","ref:signed":"no","shelter":"yes","id":"node/6139467554"},"geometry":{"type":"Point","coordinates":[27.2048422,38.4792165]}},{"type":"Feature","id":"node/6139467555","properties":{"bus":"yes","highway":"bus_stop","name":"Köşe","public_transport":"platform","id":"node/6139467555"},"geometry":{"type":"Point","coordinates":[27.2030726,38.4789339]}},{"type":"Feature","id":"node/6139467556","properties":{"bus":"yes","highway":"bus_stop","name":"Köşe","public_transport":"platform","id":"node/6139467556"},"geometry":{"type":"Point","coordinates":[27.2029397,38.4788104]}},{"type":"Feature","id":"node/6139467557","properties":{"bus":"yes","highway":"bus_stop","name":"Süleymaniye","public_transport":"platform","id":"node/6139467557"},"geometry":{"type":"Point","coordinates":[27.1994237,38.4800892]}},{"type":"Feature","id":"node/6139467558","properties":{"bus":"yes","highway":"bus_stop","name":"Süleymaniye","public_transport":"platform","id":"node/6139467558"},"geometry":{"type":"Point","coordinates":[27.1994096,38.4799729]}},{"type":"Feature","id":"node/6139467559","properties":{"bus":"yes","highway":"bus_stop","name":"Soylu","public_transport":"platform","id":"node/6139467559"},"geometry":{"type":"Point","coordinates":[27.1971763,38.4806323]}},{"type":"Feature","id":"node/6139467560","properties":{"bus":"yes","highway":"bus_stop","name":"Soylu","public_transport":"platform","id":"node/6139467560"},"geometry":{"type":"Point","coordinates":[27.1970878,38.4804245]}},{"type":"Feature","id":"node/6139467561","properties":{"bus":"yes","highway":"bus_stop","name":"Manzara","public_transport":"platform","id":"node/6139467561"},"geometry":{"type":"Point","coordinates":[27.1934531,38.4818291]}},{"type":"Feature","id":"node/6139467562","properties":{"bus":"yes","highway":"bus_stop","name":"Manzara","public_transport":"platform","id":"node/6139467562"},"geometry":{"type":"Point","coordinates":[27.193308,38.4817848]}},{"type":"Feature","id":"node/6139467563","properties":{"bus":"yes","highway":"bus_stop","name":"Sevgi","public_transport":"platform","id":"node/6139467563"},"geometry":{"type":"Point","coordinates":[27.1943485,38.4820064]}},{"type":"Feature","id":"node/6139467564","properties":{"bus":"yes","highway":"bus_stop","name":"Sevgi","public_transport":"platform","id":"node/6139467564"},"geometry":{"type":"Point","coordinates":[27.1942176,38.4818845]}},{"type":"Feature","id":"node/6139467565","properties":{"bus":"yes","highway":"bus_stop","name":"Barış","public_transport":"platform","id":"node/6139467565"},"geometry":{"type":"Point","coordinates":[27.198231,38.4815964]}},{"type":"Feature","id":"node/6139467566","properties":{"bus":"yes","highway":"bus_stop","name":"Barış","public_transport":"platform","id":"node/6139467566"},"geometry":{"type":"Point","coordinates":[27.1982169,38.4813471]}},{"type":"Feature","id":"node/6139467567","properties":{"bus":"yes","highway":"bus_stop","name":"Teksif","public_transport":"platform","id":"node/6139467567"},"geometry":{"type":"Point","coordinates":[27.2021805,38.4811822]}},{"type":"Feature","id":"node/6139467568","properties":{"bus":"yes","highway":"bus_stop","name":"Teksif","public_transport":"platform","id":"node/6139467568"},"geometry":{"type":"Point","coordinates":[27.2021561,38.4810127]}},{"type":"Feature","id":"node/6139467569","properties":{"bus":"yes","highway":"bus_stop","name":"Barbaros Cami","public_transport":"platform","id":"node/6139467569"},"geometry":{"type":"Point","coordinates":[27.2017057,38.4836301]}},{"type":"Feature","id":"node/6139467570","properties":{"bus":"yes","highway":"bus_stop","name":"Barbaros Cami","public_transport":"platform","id":"node/6139467570"},"geometry":{"type":"Point","coordinates":[27.2017411,38.4835055]}},{"type":"Feature","id":"node/6139467571","properties":{"bus":"yes","highway":"bus_stop","name":"Piriştina","public_transport":"platform","id":"node/6139467571"},"geometry":{"type":"Point","coordinates":[27.1989876,38.48374]}},{"type":"Feature","id":"node/6139467572","properties":{"bus":"yes","highway":"bus_stop","name":"Piriştina","public_transport":"platform","id":"node/6139467572"},"geometry":{"type":"Point","coordinates":[27.1989347,38.4836414]}},{"type":"Feature","id":"node/6139467573","properties":{"bus":"yes","highway":"bus_stop","name":"Ezgi","public_transport":"platform","id":"node/6139467573"},"geometry":{"type":"Point","coordinates":[27.1964182,38.4842269]}},{"type":"Feature","id":"node/6139467574","properties":{"bus":"yes","highway":"bus_stop","name":"Ezgi","public_transport":"platform","id":"node/6139467574"},"geometry":{"type":"Point","coordinates":[27.1965483,38.4841728]}},{"type":"Feature","id":"node/6139467575","properties":{"bus":"yes","highway":"bus_stop","name":"Eren","public_transport":"platform","id":"node/6139467575"},"geometry":{"type":"Point","coordinates":[27.1975362,38.4854808]}},{"type":"Feature","id":"node/6139467576","properties":{"bus":"yes","highway":"bus_stop","name":"Eren","public_transport":"platform","id":"node/6139467576"},"geometry":{"type":"Point","coordinates":[27.1977395,38.4854362]}},{"type":"Feature","id":"node/6139467577","properties":{"bus":"yes","highway":"bus_stop","name":"Pınar","public_transport":"platform","id":"node/6139467577"},"geometry":{"type":"Point","coordinates":[27.198703,38.4865818]}},{"type":"Feature","id":"node/6139467578","properties":{"bus":"yes","highway":"bus_stop","name":"Pınar","public_transport":"platform","id":"node/6139467578"},"geometry":{"type":"Point","coordinates":[27.1988168,38.4864386]}},{"type":"Feature","id":"node/6139467579","properties":{"bench":"no","bus":"yes","highway":"bus_stop","name":"Emek Sitesi","public_transport":"platform","shelter":"no","id":"node/6139467579"},"geometry":{"type":"Point","coordinates":[27.2080133,38.4887461]}},{"type":"Feature","id":"node/6139467580","properties":{"bus":"yes","highway":"bus_stop","name":"Belediye Evleri","public_transport":"platform","id":"node/6139467580"},"geometry":{"type":"Point","coordinates":[27.2087224,38.489478]}},{"type":"Feature","id":"node/6139467581","properties":{"bus":"yes","highway":"bus_stop","name":"Belediye Evleri","public_transport":"platform","id":"node/6139467581"},"geometry":{"type":"Point","coordinates":[27.2090477,38.489268]}},{"type":"Feature","id":"node/6139467582","properties":{"bus":"yes","highway":"bus_stop","name":"Evka 4 Muhtarlık","public_transport":"platform","id":"node/6139467582"},"geometry":{"type":"Point","coordinates":[27.2150928,38.4906592]}},{"type":"Feature","id":"node/6139467583","properties":{"bus":"yes","highway":"bus_stop","name":"Evka 4 Muhtarlık","public_transport":"platform","id":"node/6139467583"},"geometry":{"type":"Point","coordinates":[27.2154201,38.490613]}},{"type":"Feature","id":"node/6139467584","properties":{"bus":"yes","highway":"bus_stop","name":"Mehmet Akif Cami","public_transport":"platform","id":"node/6139467584"},"geometry":{"type":"Point","coordinates":[27.2134782,38.4919566]}},{"type":"Feature","id":"node/6139467685","properties":{"bus":"yes","highway":"bus_stop","name":"Evka-4 Anaokulu","public_transport":"platform","id":"node/6139467685"},"geometry":{"type":"Point","coordinates":[27.2129363,38.4938418]}},{"type":"Feature","id":"node/6139467686","properties":{"bus":"yes","highway":"bus_stop","name":"Evka-4 Anaokulu","public_transport":"platform","id":"node/6139467686"},"geometry":{"type":"Point","coordinates":[27.2126829,38.4939745]}},{"type":"Feature","id":"node/6286394879","properties":{"addr:housenumber":"no:26/a","addr:street":"162 Sk","amenity":"cafe","name":"Hamle Cafe","id":"node/6286394879"},"geometry":{"type":"Point","coordinates":[27.2129589,38.4597681]}},{"type":"Feature","id":"node/6340000805","properties":{"bench":"yes","bus":"yes","check_date:shelter":"2025-12-04","highway":"bus_stop","name":"Bornova İzsu","operator":"Eshot","public_transport":"platform","shelter":"yes","id":"node/6340000805"},"geometry":{"type":"Point","coordinates":[27.2137296,38.4640237]}},{"type":"Feature","id":"node/6340000806","properties":{"bench":"yes","bin":"yes","bus":"yes","highway":"bus_stop","lit":"yes","name":"Bornova Kültür Merkezi","public_transport":"platform","ref":"30323","shelter":"yes","id":"node/6340000806"},"geometry":{"type":"Point","coordinates":[27.210136,38.4629141]}},{"type":"Feature","id":"node/6340000807","properties":{"bus":"yes","highway":"bus_stop","name":"Bornova Stadı","note":"fixme please","public_transport":"platform","id":"node/6340000807"},"geometry":{"type":"Point","coordinates":[27.2053509,38.4614847]}},{"type":"Feature","id":"node/6340000808","properties":{"bus":"yes","highway":"bus_stop","name":"Çağdaş","public_transport":"platform","id":"node/6340000808"},"geometry":{"type":"Point","coordinates":[27.201515,38.4608708]}},{"type":"Feature","id":"node/6340000814","properties":{"bus":"yes","highway":"bus_stop","public_transport":"platform","id":"node/6340000814"},"geometry":{"type":"Point","coordinates":[27.2020099,38.4647796]}},{"type":"Feature","id":"node/6340000846","properties":{"bus":"yes","highway":"bus_stop","name":"Osmangazi Köprü","public_transport":"platform","id":"node/6340000846"},"geometry":{"type":"Point","coordinates":[27.2002407,38.4670874]}},{"type":"Feature","id":"node/6340000849","properties":{"bus":"yes","highway":"bus_stop","name":"Berke Sitesi","public_transport":"platform","id":"node/6340000849"},"geometry":{"type":"Point","coordinates":[27.1961986,38.4711656]}},{"type":"Feature","id":"node/6340000851","properties":{"bus":"yes","highway":"bus_stop","name":"Çukurbahçe Cami","public_transport":"platform","id":"node/6340000851"},"geometry":{"type":"Point","coordinates":[27.1929558,38.4722177]}},{"type":"Feature","id":"node/6340004390","properties":{"bus":"yes","highway":"bus_stop","name":"Aydın","public_transport":"platform","id":"node/6340004390"},"geometry":{"type":"Point","coordinates":[27.1901128,38.4767788]}},{"type":"Feature","id":"node/6340004391","properties":{"bus":"yes","highway":"bus_stop","name":"Aydın","public_transport":"platform","id":"node/6340004391"},"geometry":{"type":"Point","coordinates":[27.1901595,38.476596]}},{"type":"Feature","id":"node/6340004392","properties":{"bench":"yes","bin":"yes","bus":"yes","highway":"bus_stop","name":"Şehit Harun Bağlam","public_transport":"platform","shelter":"yes","id":"node/6340004392"},"geometry":{"type":"Point","coordinates":[27.1946887,38.4756039]}},{"type":"Feature","id":"node/6340004393","properties":{"bus":"yes","highway":"bus_stop","name":"Şehit Harun Bağlam","public_transport":"platform","id":"node/6340004393"},"geometry":{"type":"Point","coordinates":[27.194568,38.4753969]}},{"type":"Feature","id":"node/6340004394","properties":{"bench":"yes","bin":"yes","bus":"yes","highway":"bus_stop","name":"İsmet Sezgin İlköğretim Okulu","public_transport":"platform","shelter":"yes","id":"node/6340004394"},"geometry":{"type":"Point","coordinates":[27.1981079,38.4737543]}},{"type":"Feature","id":"node/6340004402","properties":{"bench":"yes","bin":"yes","bus":"yes","highway":"bus_stop","name":"Dilek","public_transport":"platform","shelter":"yes","id":"node/6340004402"},"geometry":{"type":"Point","coordinates":[27.2025841,38.4724537]}},{"type":"Feature","id":"node/6340004403","properties":{"bus":"yes","highway":"bus_stop","name":"Dilek","public_transport":"platform","id":"node/6340004403"},"geometry":{"type":"Point","coordinates":[27.2025177,38.4722731]}},{"type":"Feature","id":"node/6340004407","properties":{"bench":"yes","bin":"yes","bus":"yes","highway":"bus_stop","name":"Dörtyol","public_transport":"platform","shelter":"yes","id":"node/6340004407"},"geometry":{"type":"Point","coordinates":[27.2063029,38.4732894]}},{"type":"Feature","id":"node/6340004408","properties":{"bus":"yes","highway":"bus_stop","name":"Dörtyol","public_transport":"platform","id":"node/6340004408"},"geometry":{"type":"Point","coordinates":[27.2064736,38.4733372]}},{"type":"Feature","id":"node/6340004409","properties":{"bus":"yes","highway":"bus_stop","name":"Ali İhsan Bey","public_transport":"platform","id":"node/6340004409"},"geometry":{"type":"Point","coordinates":[27.2029306,38.4756304]}},{"type":"Feature","id":"node/6340004410","properties":{"bus":"yes","highway":"bus_stop","name":"Ali İhsan Bey","public_transport":"platform","id":"node/6340004410"},"geometry":{"type":"Point","coordinates":[27.2030485,38.4756781]}},{"type":"Feature","id":"node/6340004411","properties":{"bus":"yes","highway":"bus_stop","name":"Zehre Hoca İlköğretim Okulu","public_transport":"platform","id":"node/6340004411"},"geometry":{"type":"Point","coordinates":[27.2027827,38.4781804]}},{"type":"Feature","id":"node/6340004412","properties":{"bus":"yes","highway":"bus_stop","name":"Zehre Hoca İlköğretim Okulu","public_transport":"platform","id":"node/6340004412"},"geometry":{"type":"Point","coordinates":[27.2026325,38.4782182]}},{"type":"Feature","id":"node/6340004413","properties":{"bus":"yes","highway":"bus_stop","name":"Sevgi","public_transport":"platform","id":"node/6340004413"},"geometry":{"type":"Point","coordinates":[27.2052329,38.4840655]}},{"type":"Feature","id":"node/6340004414","properties":{"bus":"yes","highway":"bus_stop","name":"Sevgi","public_transport":"platform","id":"node/6340004414"},"geometry":{"type":"Point","coordinates":[27.2057492,38.4840576]}},{"type":"Feature","id":"node/6340004415","properties":{"bus":"yes","highway":"bus_stop","name":"Akdemir Parkı","public_transport":"platform","id":"node/6340004415"},"geometry":{"type":"Point","coordinates":[27.2086298,38.4842375]}},{"type":"Feature","id":"node/6340004416","properties":{"bus":"yes","highway":"bus_stop","name":"Akdemir Parkı","public_transport":"platform","id":"node/6340004416"},"geometry":{"type":"Point","coordinates":[27.2085727,38.4840448]}},{"type":"Feature","id":"node/6340004423","properties":{"bus":"yes","highway":"bus_stop","name":"Gazi","public_transport":"platform","id":"node/6340004423"},"geometry":{"type":"Point","coordinates":[27.2125311,38.4828984]}},{"type":"Feature","id":"node/6340004424","properties":{"bus":"yes","highway":"bus_stop","name":"Gazi","public_transport":"platform","id":"node/6340004424"},"geometry":{"type":"Point","coordinates":[27.2124868,38.4827503]}},{"type":"Feature","id":"node/6340004425","properties":{"bus":"yes","highway":"bus_stop","name":"Turgut Reis","public_transport":"platform","id":"node/6340004425"},"geometry":{"type":"Point","coordinates":[27.2156099,38.4831186]}},{"type":"Feature","id":"node/6340004426","properties":{"bus":"yes","highway":"bus_stop","name":"Turgut Reis","public_transport":"platform","id":"node/6340004426"},"geometry":{"type":"Point","coordinates":[27.2156993,38.4829377]}},{"type":"Feature","id":"node/6340004434","properties":{"bus":"yes","highway":"bus_stop","name":"Nedim Dağtaş","public_transport":"platform","ref":"31358","id":"node/6340004434"},"geometry":{"type":"Point","coordinates":[27.2178003,38.485654]}},{"type":"Feature","id":"node/6340004435","properties":{"bus":"yes","highway":"bus_stop","name":"Nedim Dağtaş","public_transport":"platform","ref":"31358","shelter":"yes","id":"node/6340004435"},"geometry":{"type":"Point","coordinates":[27.2175762,38.4854841]}},{"type":"Feature","id":"node/6340004436","properties":{"bus":"yes","highway":"bus_stop","name":"Depo","public_transport":"platform","id":"node/6340004436"},"geometry":{"type":"Point","coordinates":[27.2166371,38.4880187]}},{"type":"Feature","id":"node/6340004437","properties":{"bus":"yes","highway":"bus_stop","name":"Depo","public_transport":"platform","id":"node/6340004437"},"geometry":{"type":"Point","coordinates":[27.2166604,38.4878231]}},{"type":"Feature","id":"node/6340054124","properties":{"bus":"yes","highway":"bus_stop","name":"Ege Üniversitesi Kampüs Son Durağı","public_transport":"platform","id":"node/6340054124"},"geometry":{"type":"Point","coordinates":[27.2348505,38.4602012]}},{"type":"Feature","id":"node/6341077085","properties":{"bus":"yes","highway":"bus_stop","name":"Ataberk","public_transport":"platform","id":"node/6341077085"},"geometry":{"type":"Point","coordinates":[27.2316218,38.4678846]}},{"type":"Feature","id":"node/6341077086","properties":{"bench":"yes","bus":"yes","highway":"bus_stop","name":"Ataberk","public_transport":"platform","shelter":"yes","id":"node/6341077086"},"geometry":{"type":"Point","coordinates":[27.2313885,38.4677019]}},{"type":"Feature","id":"node/6341077088","properties":{"bus":"yes","highway":"bus_stop","name":"Ali Rıza Güven Cami","public_transport":"platform","id":"node/6341077088"},"geometry":{"type":"Point","coordinates":[27.2289589,38.4690945]}},{"type":"Feature","id":"node/6341077089","properties":{"bench":"yes","bin":"no","bus":"yes","highway":"bus_stop","name":"Ali Rıza Güven Cami","public_transport":"platform","shelter":"yes","id":"node/6341077089"},"geometry":{"type":"Point","coordinates":[27.2288593,38.4689465]}},{"type":"Feature","id":"node/6341077090","properties":{"bus":"yes","highway":"bus_stop","name":"Dostlar Sitesi","public_transport":"platform","id":"node/6341077090"},"geometry":{"type":"Point","coordinates":[27.2469572,38.4847931]}},{"type":"Feature","id":"node/6341077091","properties":{"bench":"no","bin":"no","bus":"yes","highway":"bus_stop","name":"MTA Kavşağı","public_transport":"platform","shelter":"no","id":"node/6341077091"},"geometry":{"type":"Point","coordinates":[27.2495826,38.4853891]}},{"type":"Feature","id":"node/6341077092","properties":{"bus":"yes","highway":"bus_stop","name":"Çiçekli Mesire Alanı","public_transport":"platform","id":"node/6341077092"},"geometry":{"type":"Point","coordinates":[27.2751242,38.5032785]}},{"type":"Feature","id":"node/6341077093","properties":{"bus":"yes","highway":"bus_stop","name":"Çiçekli Mesire Alanı","public_transport":"platform","id":"node/6341077093"},"geometry":{"type":"Point","coordinates":[27.2749886,38.5031001]}},{"type":"Feature","id":"node/6341077094","properties":{"bus":"yes","highway":"bus_stop","name":"Çamaltı","public_transport":"platform","id":"node/6341077094"},"geometry":{"type":"Point","coordinates":[27.278461,38.5019996]}},{"type":"Feature","id":"node/6341077095","properties":{"bus":"yes","highway":"bus_stop","name":"Çamaltı","public_transport":"platform","id":"node/6341077095"},"geometry":{"type":"Point","coordinates":[27.2783816,38.502091]}},{"type":"Feature","id":"node/6341077096","properties":{"bus":"yes","highway":"bus_stop","name":"Çiftlik","public_transport":"platform","id":"node/6341077096"},"geometry":{"type":"Point","coordinates":[27.2812191,38.5012046]}},{"type":"Feature","id":"node/6341077097","properties":{"bus":"yes","highway":"bus_stop","name":"Çiftlik","public_transport":"platform","id":"node/6341077097"},"geometry":{"type":"Point","coordinates":[27.2811225,38.5010072]}},{"type":"Feature","id":"node/6341077099","properties":{"bench":"yes","bus":"yes","highway":"bus_stop","name":"Çiçekli Köprü","public_transport":"platform","shelter":"yes","id":"node/6341077099"},"geometry":{"type":"Point","coordinates":[27.286138,38.4995129]}},{"type":"Feature","id":"node/6341077100","properties":{"bench":"no","bus":"yes","highway":"bus_stop","name":"Pınar Sokak","public_transport":"platform","shelter":"no","id":"node/6341077100"},"geometry":{"type":"Point","coordinates":[27.2897355,38.4988969]}},{"type":"Feature","id":"node/6341077101","properties":{"bench":"no","bus":"yes","highway":"bus_stop","name":"Pınar Sokak","public_transport":"platform","shelter":"no","id":"node/6341077101"},"geometry":{"type":"Point","coordinates":[27.2897799,38.4987964]}},{"type":"Feature","id":"node/6341077117","properties":{"bus":"yes","highway":"bus_stop","name":"Mapaz","public_transport":"platform","id":"node/6341077117"},"geometry":{"type":"Point","coordinates":[27.2938179,38.4998312]}},{"type":"Feature","id":"node/6341077118","properties":{"bus":"yes","highway":"bus_stop","name":"Mapaz","public_transport":"platform","id":"node/6341077118"},"geometry":{"type":"Point","coordinates":[27.2938672,38.499701]}},{"type":"Feature","id":"node/6341077120","properties":{"bus":"yes","highway":"bus_stop","name":"Yakaköy Giriş","public_transport":"platform","id":"node/6341077120"},"geometry":{"type":"Point","coordinates":[27.2997474,38.499122]}},{"type":"Feature","id":"node/6341077121","properties":{"bus":"yes","highway":"bus_stop","name":"Yakaköy Giriş","public_transport":"platform","id":"node/6341077121"},"geometry":{"type":"Point","coordinates":[27.299732,38.498987]}},{"type":"Feature","id":"node/6341077124","properties":{"bus":"yes","highway":"bus_stop","name":"Üçevler","public_transport":"platform","id":"node/6341077124"},"geometry":{"type":"Point","coordinates":[27.3045199,38.4997465]}},{"type":"Feature","id":"node/6341077125","properties":{"bus":"yes","highway":"bus_stop","name":"Üçevler","public_transport":"platform","id":"node/6341077125"},"geometry":{"type":"Point","coordinates":[27.3046524,38.4996452]}},{"type":"Feature","id":"node/6341077126","properties":{"bus":"yes","highway":"bus_stop","name":"Erkal Sitesi","public_transport":"platform","id":"node/6341077126"},"geometry":{"type":"Point","coordinates":[27.3106476,38.5049652]}},{"type":"Feature","id":"node/6341077127","properties":{"bus":"yes","highway":"bus_stop","name":"Erkal Sitesi","public_transport":"platform","id":"node/6341077127"},"geometry":{"type":"Point","coordinates":[27.3107739,38.5048953]}},{"type":"Feature","id":"node/6341077128","properties":{"bus":"yes","highway":"bus_stop","name":"Töev","public_transport":"platform","id":"node/6341077128"},"geometry":{"type":"Point","coordinates":[27.3135033,38.5089221]}},{"type":"Feature","id":"node/6341077129","properties":{"bus":"yes","highway":"bus_stop","name":"Töev","public_transport":"platform","id":"node/6341077129"},"geometry":{"type":"Point","coordinates":[27.3133448,38.5090143]}},{"type":"Feature","id":"node/6341077132","properties":{"bus":"yes","highway":"bus_stop","name":"Kare Ev","public_transport":"platform","id":"node/6341077132"},"geometry":{"type":"Point","coordinates":[27.3147988,38.5114683]}},{"type":"Feature","id":"node/6341077133","properties":{"bus":"yes","highway":"bus_stop","name":"Kare Ev","public_transport":"platform","id":"node/6341077133"},"geometry":{"type":"Point","coordinates":[27.31459,38.5115431]}},{"type":"Feature","id":"node/6341077134","properties":{"bus":"yes","highway":"bus_stop","name":"Yakaköy Mezarlık","public_transport":"platform","id":"node/6341077134"},"geometry":{"type":"Point","coordinates":[27.3168226,38.5134709]}},{"type":"Feature","id":"node/6341077135","properties":{"bus":"yes","highway":"bus_stop","name":"Yakaköy Mezarlık","public_transport":"platform","id":"node/6341077135"},"geometry":{"type":"Point","coordinates":[27.3168367,38.5133352]}},{"type":"Feature","id":"node/6341077136","properties":{"bus":"yes","highway":"bus_stop","name":"Dereiçi","public_transport":"platform","id":"node/6341077136"},"geometry":{"type":"Point","coordinates":[27.319799,38.5124656]}},{"type":"Feature","id":"node/6341077137","properties":{"bus":"yes","highway":"bus_stop","name":"Dereiçi","public_transport":"platform","id":"node/6341077137"},"geometry":{"type":"Point","coordinates":[27.3198061,38.5123355]}},{"type":"Feature","id":"node/6341077138","properties":{"bus":"yes","highway":"bus_stop","name":"Yakaköy Son Durak","public_transport":"platform","id":"node/6341077138"},"geometry":{"type":"Point","coordinates":[27.3214872,38.5120059]}},{"type":"Feature","id":"node/6341077139","properties":{"bus":"yes","highway":"bus_stop","name":"Enerji Sitesi","public_transport":"platform","id":"node/6341077139"},"geometry":{"type":"Point","coordinates":[27.3141933,38.5172136]}},{"type":"Feature","id":"node/6341077140","properties":{"bus":"yes","highway":"bus_stop","name":"Enerji Sitesi","public_transport":"platform","id":"node/6341077140"},"geometry":{"type":"Point","coordinates":[27.3141075,38.5171129]}},{"type":"Feature","id":"node/6341077141","properties":{"bus":"yes","highway":"bus_stop","name":"Kiraz","public_transport":"platform","id":"node/6341077141"},"geometry":{"type":"Point","coordinates":[27.3064379,38.522812]}},{"type":"Feature","id":"node/6341077142","properties":{"bus":"yes","highway":"bus_stop","name":"Kiraz","public_transport":"platform","id":"node/6341077142"},"geometry":{"type":"Point","coordinates":[27.3063386,38.5227847]}},{"type":"Feature","id":"node/6341077146","properties":{"bus":"yes","highway":"bus_stop","name":"Şirintepe","public_transport":"platform","id":"node/6341077146"},"geometry":{"type":"Point","coordinates":[27.3014072,38.5251929]}},{"type":"Feature","id":"node/6341077147","properties":{"bus":"yes","highway":"bus_stop","name":"Şirintepe","public_transport":"platform","id":"node/6341077147"},"geometry":{"type":"Point","coordinates":[27.3013148,38.5250507]}},{"type":"Feature","id":"node/6341077148","properties":{"bus":"yes","highway":"bus_stop","name":"Özbek","public_transport":"platform","id":"node/6341077148"},"geometry":{"type":"Point","coordinates":[27.2960754,38.5267892]}},{"type":"Feature","id":"node/6341077149","properties":{"bus":"yes","highway":"bus_stop","name":"Özbek","public_transport":"platform","id":"node/6341077149"},"geometry":{"type":"Point","coordinates":[27.2960707,38.5266541]}},{"type":"Feature","id":"node/6341077151","properties":{"bus":"yes","highway":"bus_stop","name":"Bahçeiçi","public_transport":"platform","id":"node/6341077151"},"geometry":{"type":"Point","coordinates":[27.2943871,38.5276349]}},{"type":"Feature","id":"node/6341077152","properties":{"bus":"yes","highway":"bus_stop","name":"Bahçeiçi","public_transport":"platform","id":"node/6341077152"},"geometry":{"type":"Point","coordinates":[27.2944112,38.5275321]}},{"type":"Feature","id":"node/6341077156","properties":{"bus":"yes","highway":"bus_stop","name":"Beşyol son durak","public_transport":"platform","id":"node/6341077156"},"geometry":{"type":"Point","coordinates":[27.2929816,38.533747]}},{"type":"Feature","id":"node/6357931486","properties":{"name":"serdar oto","name:en":"serdar auto","shop":"car_repair","id":"node/6357931486"},"geometry":{"type":"Point","coordinates":[27.1926392,38.4433174]}},{"type":"Feature","id":"node/6466296816","properties":{"bus":"yes","highway":"bus_stop","name":"Yeditepe İtfaiye","operator":"Eshot","public_transport":"platform","ref":"31362","id":"node/6466296816"},"geometry":{"type":"Point","coordinates":[27.2144528,38.4882381]}},{"type":"Feature","id":"node/6466296817","properties":{"bench":"yes","bus":"yes","highway":"bus_stop","name":"Yeditepe İtfaiye","operator":"Eshot","public_transport":"platform","ref":"31362","shelter":"yes","id":"node/6466296817"},"geometry":{"type":"Point","coordinates":[27.2141684,38.4882843]}},{"type":"Feature","id":"node/6466296818","properties":{"bus":"yes","highway":"bus_stop","name":"Vecihi Hürkuş","public_transport":"platform","ref":"31304","id":"node/6466296818"},"geometry":{"type":"Point","coordinates":[27.2186044,38.4806983]}},{"type":"Feature","id":"node/6466296819","properties":{"bus":"yes","highway":"bus_stop","name":"Vecihi Hürkuş","public_transport":"platform","ref":"31304","id":"node/6466296819"},"geometry":{"type":"Point","coordinates":[27.2183991,38.4807703]}},{"type":"Feature","id":"node/6466296820","properties":{"bus":"yes","highway":"bus_stop","name":"Gayrettepe Cami","public_transport":"platform","ref":"31306","id":"node/6466296820"},"geometry":{"type":"Point","coordinates":[27.219114,38.4779166]}},{"type":"Feature","id":"node/6466296821","properties":{"bus":"yes","highway":"bus_stop","name":"Gayrettepe Cami","public_transport":"platform","ref":"31306","id":"node/6466296821"},"geometry":{"type":"Point","coordinates":[27.2189442,38.4779665]}},{"type":"Feature","id":"node/6466361089","properties":{"bus":"yes","highway":"bus_stop","name":"Zümrüt 1","public_transport":"platform","ref":"31265","id":"node/6466361089"},"geometry":{"type":"Point","coordinates":[27.1997603,38.4783201]}},{"type":"Feature","id":"node/6466361090","properties":{"bus":"yes","highway":"bus_stop","name":"Zümrüt 1","public_transport":"platform","ref":"31265","id":"node/6466361090"},"geometry":{"type":"Point","coordinates":[27.1997143,38.478237]}},{"type":"Feature","id":"node/6466361091","properties":{"bus":"yes","highway":"bus_stop","name":"Zümrüt 2","public_transport":"platform","ref":"31263","id":"node/6466361091"},"geometry":{"type":"Point","coordinates":[27.1980509,38.4785861]}},{"type":"Feature","id":"node/6466361092","properties":{"bus":"yes","highway":"bus_stop","name":"Zümrüt 2","public_transport":"platform","ref":"31263","id":"node/6466361092"},"geometry":{"type":"Point","coordinates":[27.1980473,38.4784504]}},{"type":"Feature","id":"node/6466361093","properties":{"bus":"yes","highway":"bus_stop","name":"Zümrüt 3","public_transport":"platform","ref":"31261","id":"node/6466361093"},"geometry":{"type":"Point","coordinates":[27.1953965,38.4789047]}},{"type":"Feature","id":"node/6466361094","properties":{"bus":"yes","highway":"bus_stop","name":"Zümrüt 3","public_transport":"platform","ref":"31261","id":"node/6466361094"},"geometry":{"type":"Point","coordinates":[27.1953363,38.4787718]}},{"type":"Feature","id":"node/6466361095","properties":{"bus":"yes","highway":"bus_stop","name":"Zümrüt 4","public_transport":"platform","id":"node/6466361095"},"geometry":{"type":"Point","coordinates":[27.1915175,38.4799576]}},{"type":"Feature","id":"node/6466361096","properties":{"bus":"yes","highway":"bus_stop","name":"Zümrüt 4","public_transport":"platform","id":"node/6466361096"},"geometry":{"type":"Point","coordinates":[27.1914857,38.4797719]}},{"type":"Feature","id":"node/6466361097","properties":{"bus":"yes","highway":"bus_stop","public_transport":"platform","id":"node/6466361097"},"geometry":{"type":"Point","coordinates":[27.1903518,38.4797707]}},{"type":"Feature","id":"node/6466361098","properties":{"bus":"yes","highway":"bus_stop","public_transport":"platform","id":"node/6466361098"},"geometry":{"type":"Point","coordinates":[27.1901421,38.4796231]}},{"type":"Feature","id":"node/6466361101","properties":{"bus":"yes","highway":"bus_stop","name":"Laka Eski Son Durak","public_transport":"platform","ref":"32084","id":"node/6466361101"},"geometry":{"type":"Point","coordinates":[27.1896494,38.4863196]}},{"type":"Feature","id":"node/6466361102","properties":{"bus":"yes","highway":"bus_stop","name":"Laka Eski Son Durak","public_transport":"platform","ref":"32084","id":"node/6466361102"},"geometry":{"type":"Point","coordinates":[27.1894724,38.486265]}},{"type":"Feature","id":"node/6466361103","properties":{"bus":"yes","highway":"bus_stop","name":"Market","public_transport":"platform","ref":"32088","id":"node/6466361103"},"geometry":{"type":"Point","coordinates":[27.1877187,38.4875771]}},{"type":"Feature","id":"node/6466361104","properties":{"bus":"yes","highway":"bus_stop","name":"Market","public_transport":"platform","ref":"32088","id":"node/6466361104"},"geometry":{"type":"Point","coordinates":[27.1877125,38.4877363]}},{"type":"Feature","id":"node/6466361105","properties":{"bus":"yes","highway":"bus_stop","name":"Laka Cami","public_transport":"platform","id":"node/6466361105"},"geometry":{"type":"Point","coordinates":[27.186787,38.4904571]}},{"type":"Feature","id":"node/6466361106","properties":{"bus":"yes","highway":"bus_stop","name":"Laka Cami","public_transport":"platform","id":"node/6466361106"},"geometry":{"type":"Point","coordinates":[27.186559,38.4905054]}},{"type":"Feature","id":"node/6466361107","properties":{"bus":"yes","highway":"bus_stop","name":"Laka Yeni Son Durak","public_transport":"platform","ref":"32091","id":"node/6466361107"},"geometry":{"type":"Point","coordinates":[27.1887773,38.4901533]}},{"type":"Feature","id":"node/6468526197","properties":{"bus":"yes","highway":"bus_stop","name":"Suphi Koyuncu","public_transport":"platform","ref":"31282","id":"node/6468526197"},"geometry":{"type":"Point","coordinates":[27.2245501,38.4625742]}},{"type":"Feature","id":"node/6468526198","properties":{"bus":"yes","highway":"bus_stop","name":"Suphi Koyuncu","public_transport":"platform","ref":"31282","shelter":"yes","id":"node/6468526198"},"geometry":{"type":"Point","coordinates":[27.2245379,38.4624643]}},{"type":"Feature","id":"node/6468526200","properties":{"bus":"yes","highway":"bus_stop","name":"Defne","public_transport":"platform","ref":"31952","id":"node/6468526200"},"geometry":{"type":"Point","coordinates":[27.2173985,38.4925084]}},{"type":"Feature","id":"node/6468526201","properties":{"bus":"yes","highway":"bus_stop","name":"Defne","public_transport":"platform","ref":"31952","id":"node/6468526201"},"geometry":{"type":"Point","coordinates":[27.2172269,38.4925798]}},{"type":"Feature","id":"node/6468526203","properties":{"bus":"yes","highway":"bus_stop","name":"Kiraz","public_transport":"platform","id":"node/6468526203"},"geometry":{"type":"Point","coordinates":[27.2168903,38.4987284]}},{"type":"Feature","id":"node/6468526204","properties":{"bus":"yes","highway":"bus_stop","name":"Kiraz","public_transport":"platform","id":"node/6468526204"},"geometry":{"type":"Point","coordinates":[27.2167595,38.4987576]}},{"type":"Feature","id":"node/6468526205","properties":{"bus":"yes","highway":"bus_stop","name":"Eğridere Meydan","public_transport":"platform","ref":"31956","id":"node/6468526205"},"geometry":{"type":"Point","coordinates":[27.2169036,38.5011398]}},{"type":"Feature","id":"node/6468526206","properties":{"bus":"yes","highway":"bus_stop","name":"Eğridere Meydan","public_transport":"platform","ref":"31956","id":"node/6468526206"},"geometry":{"type":"Point","coordinates":[27.2167267,38.5011303]}},{"type":"Feature","id":"node/6468526207","properties":{"bus":"yes","highway":"bus_stop","name":"Mezarlık","public_transport":"platform","ref":"31973","id":"node/6468526207"},"geometry":{"type":"Point","coordinates":[27.2144479,38.5024684]}},{"type":"Feature","id":"node/6468526208","properties":{"bus":"yes","highway":"bus_stop","name":"Mezarlık","public_transport":"platform","ref":"31972","id":"node/6468526208"},"geometry":{"type":"Point","coordinates":[27.2143648,38.5023677]}},{"type":"Feature","id":"node/6468526209","properties":{"bus":"yes","highway":"bus_stop","name":"Yamaç","public_transport":"platform","ref":"31975","id":"node/6468526209"},"geometry":{"type":"Point","coordinates":[27.2114057,38.5037692]}},{"type":"Feature","id":"node/6468526210","properties":{"bus":"yes","highway":"bus_stop","name":"Yamaç","public_transport":"platform","ref":"31974","id":"node/6468526210"},"geometry":{"type":"Point","coordinates":[27.2114588,38.5036418]}},{"type":"Feature","id":"node/6468526211","properties":{"bus":"yes","highway":"bus_stop","name":"Bahçe","public_transport":"pole","ref":"31977","id":"node/6468526211"},"geometry":{"type":"Point","coordinates":[27.2103401,38.5088]}},{"type":"Feature","id":"node/6468526212","properties":{"bus":"yes","highway":"bus_stop","name":"Bahçe","public_transport":"pole","ref":"31976","id":"node/6468526212"},"geometry":{"type":"Point","coordinates":[27.2102187,38.5088603]}},{"type":"Feature","id":"node/6468526213","properties":{"bus":"yes","highway":"bus_stop","name":"Sümbül","public_transport":"platform","ref":"31979","id":"node/6468526213"},"geometry":{"type":"Point","coordinates":[27.2084768,38.5092661]}},{"type":"Feature","id":"node/6468526214","properties":{"bus":"yes","highway":"bus_stop","name":"Sümbül","public_transport":"platform","ref":"31978","id":"node/6468526214"},"geometry":{"type":"Point","coordinates":[27.2084151,38.5092199]}},{"type":"Feature","id":"node/6468526216","properties":{"bus":"yes","highway":"bus_stop","name":"Palamut","public_transport":"platform","ref":"31958","id":"node/6468526216"},"geometry":{"type":"Point","coordinates":[27.2199409,38.501428]}},{"type":"Feature","id":"node/6468526217","properties":{"bus":"yes","highway":"bus_stop","name":"Palamut","public_transport":"platform","ref":"31958","id":"node/6468526217"},"geometry":{"type":"Point","coordinates":[27.2200717,38.501333]}},{"type":"Feature","id":"node/6468526218","properties":{"bus":"yes","highway":"bus_stop","name":"Sarmaşık","public_transport":"platform","ref":"31960","id":"node/6468526218"},"geometry":{"type":"Point","coordinates":[27.220489,38.5069475]}},{"type":"Feature","id":"node/6468526219","properties":{"bus":"yes","highway":"bus_stop","name":"Sarmaşık","public_transport":"platform","ref":"31960","id":"node/6468526219"},"geometry":{"type":"Point","coordinates":[27.2202792,38.5070143]}},{"type":"Feature","id":"node/6468526220","properties":{"bus":"yes","highway":"bus_stop","name":"Çilek","public_transport":"platform","ref":"31962","id":"node/6468526220"},"geometry":{"type":"Point","coordinates":[27.2224231,38.5100553]}},{"type":"Feature","id":"node/6468526221","properties":{"bus":"yes","highway":"bus_stop","name":"Çilek","public_transport":"platform","ref":"31962","id":"node/6468526221"},"geometry":{"type":"Point","coordinates":[27.2222921,38.5099999]}},{"type":"Feature","id":"node/6468526222","properties":{"bus":"yes","highway":"bus_stop","name":"Çamici Meydan","public_transport":"platform","ref":"31964","id":"node/6468526222"},"geometry":{"type":"Point","coordinates":[27.2204413,38.5153354]}},{"type":"Feature","id":"node/6468526223","properties":{"bus":"yes","highway":"bus_stop","name":"Çamici Meydan","public_transport":"platform","ref":"31964","id":"node/6468526223"},"geometry":{"type":"Point","coordinates":[27.2202584,38.5152654]}},{"type":"Feature","id":"node/6468526224","properties":{"bus":"yes","highway":"bus_stop","name":"Sedir","public_transport":"platform","ref":"31966","id":"node/6468526224"},"geometry":{"type":"Point","coordinates":[27.2210465,38.51695]}},{"type":"Feature","id":"node/6468526225","properties":{"bus":"yes","highway":"bus_stop","name":"Sedir","public_transport":"platform","ref":"31966","id":"node/6468526225"},"geometry":{"type":"Point","coordinates":[27.2212005,38.5167667]}},{"type":"Feature","id":"node/6468526236","properties":{"bus":"yes","highway":"bus_stop","name":"Homeros Piknik Alanı","public_transport":"platform","ref":"31970","id":"node/6468526236"},"geometry":{"type":"Point","coordinates":[27.2254709,38.5184614]}},{"type":"Feature","id":"node/6468526237","properties":{"bus":"yes","highway":"bus_stop","name":"Homeros Piknik Alanı","public_transport":"platform","ref":"31970","id":"node/6468526237"},"geometry":{"type":"Point","coordinates":[27.2252367,38.5183988]}},{"type":"Feature","id":"node/6468526238","properties":{"bus":"yes","highway":"bus_stop","name":"Kayadibi","public_transport":"platform","ref":"31968","id":"node/6468526238"},"geometry":{"type":"Point","coordinates":[27.2363101,38.5179046]}},{"type":"Feature","id":"node/6468526239","properties":{"bus":"yes","highway":"bus_stop","name":"Kayadibi","public_transport":"platform","ref":"31968","id":"node/6468526239"},"geometry":{"type":"Point","coordinates":[27.2360955,38.517871]}},{"type":"Feature","id":"node/6468526240","properties":{"bus":"yes","highway":"bus_stop","name":"Kayadibi Doğa Park","public_transport":"platform","ref":"31981","id":"node/6468526240"},"geometry":{"type":"Point","coordinates":[27.2376681,38.5190663]}},{"type":"Feature","id":"node/6468526241","properties":{"bus":"yes","highway":"bus_stop","name":"Kayadibi","public_transport":"platform","ref":"31969","id":"node/6468526241"},"geometry":{"type":"Point","coordinates":[27.2406336,38.5174519]}},{"type":"Feature","id":"node/6468526242","properties":{"bus":"yes","highway":"bus_stop","name":"Kayadibi","public_transport":"platform","ref":"31983","id":"node/6468526242"},"geometry":{"type":"Point","coordinates":[27.2406103,38.5172875]}},{"type":"Feature","id":"node/6468526243","properties":{"bus":"yes","highway":"bus_stop","name":"Kayadibi Çevre","public_transport":"platform","ref":"31984","id":"node/6468526243"},"geometry":{"type":"Point","coordinates":[27.2433095,38.518106]}},{"type":"Feature","id":"node/6480869602","properties":{"addr:city":"Izmir","addr:district":"Bornova","addr:housenumber":"27","addr:postcode":"35100","addr:street":"Zafer Caddesi","amenity":"school","description":"Our venue","name":"Ugur okullari Bornova Kampusu","id":"node/6480869602"},"geometry":{"type":"Point","coordinates":[27.2107449,38.4616562]}},{"type":"Feature","id":"node/6512734007","properties":{"amenity":"taxi","capacity":"5","name":"Kolej Taksi","opening_hours":"24/7","id":"node/6512734007"},"geometry":{"type":"Point","coordinates":[27.2276582,38.4459745]}},{"type":"Feature","id":"node/6683484637","properties":{"contact:phone":"+902324616190","name":"Komatsu - Öztem Makina","shop":"car_repair","id":"node/6683484637"},"geometry":{"type":"Point","coordinates":[27.2355424,38.4125297]}},{"type":"Feature","id":"node/6683487651","properties":{"contact:phone":"+902324792122","name":"Komatsu - Gözsan İş Makinaları","shop":"car_repair","id":"node/6683487651"},"geometry":{"type":"Point","coordinates":[27.2594026,38.4536485]}},{"type":"Feature","id":"node/6683495764","properties":{"contact:phone":"+902324783220","name":"Komatsu - Beşler İş Makinaları","shop":"car_repair","id":"node/6683495764"},"geometry":{"type":"Point","coordinates":[27.2781675,38.451445]}},{"type":"Feature","id":"node/6704042876","properties":{"amenity":"bank","atm":"yes","brand":"QNB Finansbank","brand:wikidata":"Q1416237","brand:wikipedia":"en:Finansbank","name":"QNB Finansbank","id":"node/6704042876"},"geometry":{"type":"Point","coordinates":[27.2204232,38.4659642]}},{"type":"Feature","id":"node/6704042877","properties":{"amenity":"bank","atm":"yes","brand":"Akbank","brand:wikidata":"Q416624","brand:wikipedia":"en:Akbank","name":"Akbank","id":"node/6704042877"},"geometry":{"type":"Point","coordinates":[27.2201336,38.4660932]}},{"type":"Feature","id":"node/6704067239","properties":{"brand":"LC Waikiki","brand:wikidata":"Q3205965","brand:wikipedia":"fr:LC Waikiki","name":"LC Waikiki","opening_hours":"Mo-Su 09:00-21:00","shop":"clothes","id":"node/6704067239"},"geometry":{"type":"Point","coordinates":[27.2187551,38.4663858]}},{"type":"Feature","id":"node/6792704285","properties":{"brand":"Şok","brand:wikidata":"Q19613992","brand:wikipedia":"tr:Şok (market)","name":"Şok","shop":"supermarket","id":"node/6792704285"},"geometry":{"type":"Point","coordinates":[27.2017877,38.4726385]}},{"type":"Feature","id":"node/6792704385","properties":{"brand":"A101","brand:wikidata":"Q6034496","brand:wikipedia":"tr:A101","name":"A101","opening_hours":"Mo-Su 09:00-21:30","shop":"supermarket","id":"node/6792704385"},"geometry":{"type":"Point","coordinates":[27.2041104,38.4719325]}},{"type":"Feature","id":"node/6797009580","properties":{"amenity":"cafe","name":"DiBunny Coffee","id":"node/6797009580"},"geometry":{"type":"Point","coordinates":[27.2129888,38.4618015]}},{"type":"Feature","id":"node/6797009581","properties":{"amenity":"cafe","brand":"Starbucks","brand:wikidata":"Q37158","brand:wikipedia":"en:Starbucks","cuisine":"coffee_shop","name":"Starbucks","official_name":"Starbucks Coffee","takeaway":"yes","id":"node/6797009581"},"geometry":{"type":"Point","coordinates":[27.2131113,38.4614519]}},{"type":"Feature","id":"node/6797009582","properties":{"amenity":"fast_food","brand":"Subway","brand:wikidata":"Q244457","brand:wikipedia":"en:Subway (restaurant)","cuisine":"sandwich","name":"Subway","takeaway":"yes","id":"node/6797009582"},"geometry":{"type":"Point","coordinates":[27.2136211,38.461986]}},{"type":"Feature","id":"node/6797081087","properties":{"amenity":"cafe","brewery":"yes","name":"Nomad Coffee","opening_hours":"10.00-02.00","smoking":"separated","id":"node/6797081087"},"geometry":{"type":"Point","coordinates":[27.2147928,38.4630404]}},{"type":"Feature","id":"node/6797432011","properties":{"amenity":"cafe","name":"More Coffee & Tea","id":"node/6797432011"},"geometry":{"type":"Point","coordinates":[27.2117426,38.4618124]}},{"type":"Feature","id":"node/6797432033","properties":{"amenity":"cafe","name":"Case Cake&Coffee","id":"node/6797432033"},"geometry":{"type":"Point","coordinates":[27.2115199,38.4617816]}},{"type":"Feature","id":"node/6816026479","properties":{"bus":"yes","highway":"bus_stop","name":"Üçüncü Sanayi","operator":"Eshot","public_transport":"platform","id":"node/6816026479"},"geometry":{"type":"Point","coordinates":[27.1811995,38.4466786]}},{"type":"Feature","id":"node/6816026481","properties":{"bench":"no","bin":"no","bus":"yes","highway":"bus_stop","lit":"no","name":"Keresteciler Sitesi","public_transport":"platform","shelter":"no","id":"node/6816026481"},"geometry":{"type":"Point","coordinates":[27.1832133,38.4486383]}},{"type":"Feature","id":"node/6817804941","properties":{"bus":"yes","highway":"bus_stop","name":"Otogar Benzinlik","operator":"Eshot","public_transport":"platform","shelter":"no","id":"node/6817804941"},"geometry":{"type":"Point","coordinates":[27.211901,38.4306202]}},{"type":"Feature","id":"node/6818063229","properties":{"amenity":"cinema","brand:wikipedia":"en:Mars Entertainment Group","name":"Paribu Cineverse","id":"node/6818063229"},"geometry":{"type":"Point","coordinates":[27.2088185,38.4503198]}},{"type":"Feature","id":"node/6834088198","properties":{"addr:city":"İzmir","addr:district":"Bornova","addr:housenumber":"42/3A","addr:neighbourhood":"Mevlana Mahallesi","addr:postcode":"35050","addr:street":"1700. Sokak","currency:TRY":"yes","name":"Site Market","phone":"+90 232 343 46 06","shop":"convenience","id":"node/6834088198"},"geometry":{"type":"Point","coordinates":[27.2398967,38.4497124]}},{"type":"Feature","id":"node/6838159429","properties":{"bench":"yes","bin":"yes","bus":"yes","highway":"bus_stop","name":"Ege Üniversitesi Lojmanları","network":"30372","operator":"Eshot","public_transport":"platform","shelter":"yes","id":"node/6838159429"},"geometry":{"type":"Point","coordinates":[27.2272715,38.4628749]}},{"type":"Feature","id":"node/6838159430","properties":{"bus":"yes","highway":"bus_stop","name":"Ege Üniversitesi Lojmanları","network":"30372","operator":"Eshot","public_transport":"platform","id":"node/6838159430"},"geometry":{"type":"Point","coordinates":[27.2266591,38.4629445]}},{"type":"Feature","id":"node/6838159431","properties":{"bench":"yes","bin":"no","bus":"yes","highway":"bus_stop","name":"Topçu Birliği","network":"30373","operator":"Eshot","public_transport":"platform","shelter":"yes","id":"node/6838159431"},"geometry":{"type":"Point","coordinates":[27.2288077,38.4699809]}},{"type":"Feature","id":"node/6838159432","properties":{"bus":"yes","highway":"bus_stop","name":"Topçu Birliği","network":"30373","operator":"Eshot","public_transport":"platform","id":"node/6838159432"},"geometry":{"type":"Point","coordinates":[27.2283157,38.4701776]}},{"type":"Feature","id":"node/6838159433","properties":{"bus":"yes","highway":"bus_stop","name":"Tulumba Mevki","network":"30073","operator":"Eshot","public_transport":"platform","id":"node/6838159433"},"geometry":{"type":"Point","coordinates":[27.2461451,38.4801387]}},{"type":"Feature","id":"node/6838159434","properties":{"bus":"yes","highway":"bus_stop","name":"Tulumba Mevki","network":"30074","operator":"Eshot","public_transport":"platform","id":"node/6838159434"},"geometry":{"type":"Point","coordinates":[27.2461778,38.4799559]}},{"type":"Feature","id":"node/6838159435","properties":{"bus":"yes","highway":"bus_stop","name":"Yeni Mezarlık","network":"30075","operator":"Eshot","public_transport":"platform","id":"node/6838159435"},"geometry":{"type":"Point","coordinates":[27.257197,38.4865431]}},{"type":"Feature","id":"node/6838159436","properties":{"bus":"yes","highway":"bus_stop","name":"Mezarlık","network":"30377","operator":"Eshot","public_transport":"platform","id":"node/6838159436"},"geometry":{"type":"Point","coordinates":[27.2446203,38.4827808]}},{"type":"Feature","id":"node/6838159437","properties":{"bus":"yes","highway":"bus_stop","name":"Mezarlık","network":"30377","operator":"Eshot","public_transport":"platform","id":"node/6838159437"},"geometry":{"type":"Point","coordinates":[27.2445743,38.4829913]}},{"type":"Feature","id":"node/6842934629","properties":{"addr:city":"İzmir","addr:district":"Bornova","addr:housenumber":"135","addr:neighbourhood":"Yeşilova Mah.","addr:postcode":"35080","addr:street":"4174. Sokak","branch":"Brand Shop","brand":"LG","brand:wikidata":"Q162345","brand:wikipedia":"en:LG Electronics","contact:phone":"+90 232 278 7853","name":"LG","shop":"electronics","website":"https://www.lg.com/tr","id":"node/6842934629"},"geometry":{"type":"Point","coordinates":[27.2100232,38.4310549]}},{"type":"Feature","id":"node/6861192433","properties":{"bus":"yes","highway":"bus_stop","name":"Bornova Stadyum","network":"31862","operator":"Eshot","public_transport":"platform","id":"node/6861192433"},"geometry":{"type":"Point","coordinates":[27.2084353,38.4640459]}},{"type":"Feature","id":"node/6861192434","properties":{"bus":"yes","highway":"bus_stop","name":"Bornova Stadyum","network":"31862","operator":"Eshot","public_transport":"platform","id":"node/6861192434"},"geometry":{"type":"Point","coordinates":[27.2081592,38.4640155]}},{"type":"Feature","id":"node/6861192435","properties":{"bus":"yes","highway":"bus_stop","name":"Âşık Veysel Rekreasyon Alanı","public_transport":"platform","id":"node/6861192435"},"geometry":{"type":"Point","coordinates":[27.2065241,38.4653622]}},{"type":"Feature","id":"node/6861192436","properties":{"bus":"yes","highway":"bus_stop","name":"Başak","public_transport":"platform","id":"node/6861192436"},"geometry":{"type":"Point","coordinates":[27.2011127,38.4662296]}},{"type":"Feature","id":"node/6903594075","properties":{"amenity":"cafe","id":"node/6903594075"},"geometry":{"type":"Point","coordinates":[27.2138929,38.4614303]}},{"type":"Feature","id":"node/6903594076","properties":{"brand":"A101","brand:wikidata":"Q6034496","brand:wikipedia":"tr:A101","name":"A101","opening_hours":"Mo-Su 09:00-21:30","shop":"supermarket","id":"node/6903594076"},"geometry":{"type":"Point","coordinates":[27.2134737,38.4609908]}},{"type":"Feature","id":"node/6904751987","properties":{"brand":"Volvo Trucks","brand:wikidata":"Q2033642","name":"Volvo Trucks - Özmutlubaş Otomotiv","phone":"+90 232 4797730","service:vehicle:truck_repair":"yes","shop":"truck_repair","website":"https://www.volvotrucks.com.tr","id":"node/6904751987"},"geometry":{"type":"Point","coordinates":[27.2676312,38.4389784]}},{"type":"Feature","id":"node/6911846317","properties":{"amenity":"cafe","brand":"Starbucks","brand:wikidata":"Q37158","brand:wikipedia":"en:Starbucks","cuisine":"coffee_shop","name":"Starbucks","official_name":"Starbucks Coffee","takeaway":"yes","id":"node/6911846317"},"geometry":{"type":"Point","coordinates":[27.2153744,38.4530376]}},{"type":"Feature","id":"node/6911846318","properties":{"brand":"A101","brand:wikidata":"Q6034496","brand:wikipedia":"tr:A101","name":"A101","opening_hours":"Mo-Su 09:00-21:30","shop":"supermarket","id":"node/6911846318"},"geometry":{"type":"Point","coordinates":[27.2149852,38.4530002]}},{"type":"Feature","id":"node/6911850530","properties":{"amenity":"community_centre","name":"Topluluk Merkezi","id":"node/6911850530"},"geometry":{"type":"Point","coordinates":[27.2289267,38.4554911]}},{"type":"Feature","id":"node/6925411361","properties":{"bus":"yes","highway":"bus_stop","name":"Profesörler Sitesi","operator":"Eshot","public_transport":"platform","id":"node/6925411361"},"geometry":{"type":"Point","coordinates":[27.2361514,38.4660739]}},{"type":"Feature","id":"node/6925411362","properties":{"bus":"yes","highway":"bus_stop","name":"Profesörler Sitesi","operator":"Eshot","public_transport":"platform","id":"node/6925411362"},"geometry":{"type":"Point","coordinates":[27.2361372,38.4663238]}},{"type":"Feature","id":"node/6925411363","properties":{"bus":"yes","highway":"bus_stop","name":"Bornova Kooperatif","public_transport":"platform","id":"node/6925411363"},"geometry":{"type":"Point","coordinates":[27.2445547,38.4653736]}},{"type":"Feature","id":"node/6925411364","properties":{"bus":"yes","highway":"bus_stop","name":"Adil Demir Sitesi","public_transport":"platform","id":"node/6925411364"},"geometry":{"type":"Point","coordinates":[27.2471932,38.4644871]}},{"type":"Feature","id":"node/6925411365","properties":{"bus":"yes","highway":"bus_stop","name":"Adil Demir Sitesi","public_transport":"platform","id":"node/6925411365"},"geometry":{"type":"Point","coordinates":[27.2471058,38.4643104]}},{"type":"Feature","id":"node/6925411370","properties":{"bus":"yes","highway":"bus_stop","name":"Şehit Erkan Er Ortaokulu","public_transport":"platform","id":"node/6925411370"},"geometry":{"type":"Point","coordinates":[27.252147,38.4653275]}},{"type":"Feature","id":"node/6925411371","properties":{"bus":"yes","highway":"bus_stop","name":"Şehit Erkan Er Ortaokulu","public_transport":"platform","id":"node/6925411371"},"geometry":{"type":"Point","coordinates":[27.2520245,38.4650956]}},{"type":"Feature","id":"node/6925411372","properties":{"bus":"yes","highway":"bus_stop","name":"Dördüncü Sanayi","public_transport":"platform","id":"node/6925411372"},"geometry":{"type":"Point","coordinates":[27.2533707,38.4641019]}},{"type":"Feature","id":"node/6925411373","properties":{"bus":"yes","highway":"bus_stop","name":"Dördüncü Sanayi","public_transport":"platform","id":"node/6925411373"},"geometry":{"type":"Point","coordinates":[27.2530867,38.4641171]}},{"type":"Feature","id":"node/6925411374","properties":{"bus":"yes","highway":"bus_stop","name":"Ses","public_transport":"platform","id":"node/6925411374"},"geometry":{"type":"Point","coordinates":[27.2525642,38.4618252]}},{"type":"Feature","id":"node/6925411375","properties":{"bus":"yes","highway":"bus_stop","name":"Ses","public_transport":"platform","id":"node/6925411375"},"geometry":{"type":"Point","coordinates":[27.2522735,38.4618921]}},{"type":"Feature","id":"node/6925411376","properties":{"bus":"yes","highway":"bus_stop","name":"Türkan Özilhan Devlet Hastanesi","public_transport":"platform","id":"node/6925411376"},"geometry":{"type":"Point","coordinates":[27.2512628,38.4582509]}},{"type":"Feature","id":"node/6925411377","properties":{"bus":"yes","highway":"bus_stop","name":"Türkan Özilhan Devlet Hastanesi","public_transport":"platform","id":"node/6925411377"},"geometry":{"type":"Point","coordinates":[27.2509513,38.4581719]}},{"type":"Feature","id":"node/6925411378","properties":{"bus":"yes","highway":"bus_stop","name":"Mezarlık","public_transport":"platform","id":"node/6925411378"},"geometry":{"type":"Point","coordinates":[27.2515181,38.4550622]}},{"type":"Feature","id":"node/6925411379","properties":{"bus":"yes","highway":"bus_stop","name":"Mezarlık","public_transport":"platform","id":"node/6925411379"},"geometry":{"type":"Point","coordinates":[27.2512578,38.4550982]}},{"type":"Feature","id":"node/6925428289","properties":{"bus":"yes","highway":"bus_stop","name":"Doğanlar Dört Yol","public_transport":"platform","id":"node/6925428289"},"geometry":{"type":"Point","coordinates":[27.250947,38.4537973]}},{"type":"Feature","id":"node/6925428290","properties":{"bus":"yes","highway":"bus_stop","name":"Doğanlar Dört Yol","public_transport":"platform","id":"node/6925428290"},"geometry":{"type":"Point","coordinates":[27.2504546,38.4536922]}},{"type":"Feature","id":"node/6925428292","properties":{"bus":"yes","highway":"bus_stop","name":"Hüsnü Bornovalı İlköğretim Okulu","public_transport":"platform","id":"node/6925428292"},"geometry":{"type":"Point","coordinates":[27.2527137,38.4498228]}},{"type":"Feature","id":"node/6925428293","properties":{"bus":"yes","highway":"bus_stop","name":"Hüsnü Bornovalı İlköğretim Okulu","public_transport":"platform","id":"node/6925428293"},"geometry":{"type":"Point","coordinates":[27.252558,38.4498089]}},{"type":"Feature","id":"node/6925428294","properties":{"bus":"yes","highway":"bus_stop","name":"Depo","public_transport":"platform","id":"node/6925428294"},"geometry":{"type":"Point","coordinates":[27.2529922,38.4468816]}},{"type":"Feature","id":"node/6925428295","properties":{"bus":"yes","highway":"bus_stop","name":"Depo","public_transport":"platform","id":"node/6925428295"},"geometry":{"type":"Point","coordinates":[27.2528577,38.4468871]}},{"type":"Feature","id":"node/6925428296","properties":{"bus":"yes","highway":"bus_stop","name":"Pınarbaşı Kavşak","public_transport":"platform","id":"node/6925428296"},"geometry":{"type":"Point","coordinates":[27.2566536,38.4376386]}},{"type":"Feature","id":"node/6925428297","properties":{"bus":"yes","highway":"bus_stop","name":"Pınarbaşı Kavşak","public_transport":"platform","id":"node/6925428297"},"geometry":{"type":"Point","coordinates":[27.2564903,38.4376386]}},{"type":"Feature","id":"node/6925428298","properties":{"bus":"yes","highway":"bus_stop","name":"Fincancılar","public_transport":"platform","id":"node/6925428298"},"geometry":{"type":"Point","coordinates":[27.2574485,38.4359613]}},{"type":"Feature","id":"node/6925428299","properties":{"bus":"yes","highway":"bus_stop","name":"Fincancılar","public_transport":"platform","id":"node/6925428299"},"geometry":{"type":"Point","coordinates":[27.2572575,38.4359107]}},{"type":"Feature","id":"node/6925428300","properties":{"bus":"yes","highway":"bus_stop","name":"Termak","public_transport":"platform","id":"node/6925428300"},"geometry":{"type":"Point","coordinates":[27.2598113,38.4332179]}},{"type":"Feature","id":"node/6925428301","properties":{"bus":"yes","highway":"bus_stop","name":"Termak","public_transport":"platform","id":"node/6925428301"},"geometry":{"type":"Point","coordinates":[27.2595264,38.4332069]}},{"type":"Feature","id":"node/6925428302","properties":{"bus":"yes","highway":"bus_stop","name":"Pınarbaşı Depolar","public_transport":"platform","id":"node/6925428302"},"geometry":{"type":"Point","coordinates":[27.2625409,38.4312022]}},{"type":"Feature","id":"node/6925428303","properties":{"bus":"yes","highway":"bus_stop","name":"Pınarbaşı Depolar","public_transport":"platform","id":"node/6925428303"},"geometry":{"type":"Point","coordinates":[27.2623985,38.4310906]}},{"type":"Feature","id":"node/6925428304","properties":{"bus":"yes","highway":"bus_stop","name":"Çamlık Alan Parkı 2","public_transport":"platform","id":"node/6925428304"},"geometry":{"type":"Point","coordinates":[27.2648993,38.4297773]}},{"type":"Feature","id":"node/6925428305","properties":{"bus":"yes","highway":"bus_stop","name":"Çamlık Alan Parkı 2","public_transport":"platform","id":"node/6925428305"},"geometry":{"type":"Point","coordinates":[27.2658384,38.4295361]}},{"type":"Feature","id":"node/6925428306","properties":{"bus":"yes","highway":"bus_stop","name":"Park","public_transport":"platform","id":"node/6925428306"},"geometry":{"type":"Point","coordinates":[27.2783675,38.4378466]}},{"type":"Feature","id":"node/6925428307","properties":{"bus":"yes","highway":"bus_stop","name":"Park","public_transport":"platform","id":"node/6925428307"},"geometry":{"type":"Point","coordinates":[27.2781994,38.4378503]}},{"type":"Feature","id":"node/6937794610","properties":{"bus":"yes","highway":"bus_stop","name":"İnönü","public_transport":"platform","id":"node/6937794610"},"geometry":{"type":"Point","coordinates":[27.2135933,38.4772473]}},{"type":"Feature","id":"node/6937794611","properties":{"bus":"yes","highway":"bus_stop","name":"İnönü","public_transport":"platform","id":"node/6937794611"},"geometry":{"type":"Point","coordinates":[27.2135039,38.4771455]}},{"type":"Feature","id":"node/6937794612","properties":{"bus":"yes","highway":"bus_stop","name":"Yıldıztepe","public_transport":"platform","id":"node/6937794612"},"geometry":{"type":"Point","coordinates":[27.2128656,38.4784822]}},{"type":"Feature","id":"node/6937794613","properties":{"bus":"yes","highway":"bus_stop","name":"Yıldıztepe","public_transport":"platform","id":"node/6937794613"},"geometry":{"type":"Point","coordinates":[27.2126095,38.4785045]}},{"type":"Feature","id":"node/6937794614","properties":{"bus":"yes","highway":"bus_stop","name":"Ardıç","public_transport":"platform","id":"node/6937794614"},"geometry":{"type":"Point","coordinates":[27.2139695,38.4798739]}},{"type":"Feature","id":"node/6937794615","properties":{"bus":"yes","highway":"bus_stop","name":"Beşyol","public_transport":"platform","id":"node/6937794615"},"geometry":{"type":"Point","coordinates":[27.2167278,38.4819321]}},{"type":"Feature","id":"node/6937794616","properties":{"bus":"yes","highway":"bus_stop","name":"Beşyol","public_transport":"platform","id":"node/6937794616"},"geometry":{"type":"Point","coordinates":[27.2165896,38.4820085]}},{"type":"Feature","id":"node/6939492176","properties":{"bus":"yes","highway":"bus_stop","name":"Metaş","public_transport":"platform","id":"node/6939492176"},"geometry":{"type":"Point","coordinates":[27.2259292,38.4313189]}},{"type":"Feature","id":"node/6939492178","properties":{"bus":"yes","highway":"bus_stop","name":"Metaş","public_transport":"platform","id":"node/6939492178"},"geometry":{"type":"Point","coordinates":[27.2257253,38.4314725]}},{"type":"Feature","id":"node/6939553294","properties":{"bus":"yes","highway":"bus_stop","name":"Yener Caddesi","public_transport":"platform","id":"node/6939553294"},"geometry":{"type":"Point","coordinates":[27.2049033,38.4236423]}},{"type":"Feature","id":"node/6939553295","properties":{"bus":"yes","highway":"bus_stop","name":"Yener Caddesi","public_transport":"platform","id":"node/6939553295"},"geometry":{"type":"Point","coordinates":[27.2047927,38.4235584]}},{"type":"Feature","id":"node/6939553302","properties":{"bus":"yes","highway":"bus_stop","name":"Zafer Parkı","public_transport":"platform","id":"node/6939553302"},"geometry":{"type":"Point","coordinates":[27.2051436,38.42175]}},{"type":"Feature","id":"node/6939553303","properties":{"bus":"yes","highway":"bus_stop","name":"Zafer Parkı","public_transport":"platform","id":"node/6939553303"},"geometry":{"type":"Point","coordinates":[27.2050481,38.4217452]}},{"type":"Feature","id":"node/6939553304","properties":{"bus":"yes","highway":"bus_stop","name":"Tek Yön","public_transport":"platform","id":"node/6939553304"},"geometry":{"type":"Point","coordinates":[27.2035059,38.4190403]}},{"type":"Feature","id":"node/6939553305","properties":{"bus":"yes","highway":"bus_stop","name":"Tek Yön","public_transport":"platform","id":"node/6939553305"},"geometry":{"type":"Point","coordinates":[27.2034422,38.4191013]}},{"type":"Feature","id":"node/6939553306","properties":{"bus":"yes","highway":"bus_stop","name":"Altındağ","public_transport":"platform","id":"node/6939553306"},"geometry":{"type":"Point","coordinates":[27.2024478,38.4169885]}},{"type":"Feature","id":"node/6939553307","properties":{"bus":"yes","highway":"bus_stop","name":"Altındağ","public_transport":"platform","id":"node/6939553307"},"geometry":{"type":"Point","coordinates":[27.2022886,38.4170468]}},{"type":"Feature","id":"node/6939553308","properties":{"bus":"yes","highway":"bus_stop","name":"Merkez Mahallesi Muhtarlık","public_transport":"platform","id":"node/6939553308"},"geometry":{"type":"Point","coordinates":[27.20128,38.4167861]}},{"type":"Feature","id":"node/6939553309","properties":{"bus":"yes","highway":"bus_stop","name":"Merkez Mahallesi Muhtarlık","public_transport":"platform","id":"node/6939553309"},"geometry":{"type":"Point","coordinates":[27.2044176,38.4179751]}},{"type":"Feature","id":"node/6939553310","properties":{"bus":"yes","highway":"bus_stop","name":"Çiçek","public_transport":"platform","id":"node/6939553310"},"geometry":{"type":"Point","coordinates":[27.1985162,38.4164146]}},{"type":"Feature","id":"node/6939553311","properties":{"bus":"yes","highway":"bus_stop","name":"Çiçek","public_transport":"platform","id":"node/6939553311"},"geometry":{"type":"Point","coordinates":[27.1984879,38.4165394]}},{"type":"Feature","id":"node/6939553312","properties":{"bus":"yes","highway":"bus_stop","name":"Merkez Cami","public_transport":"platform","id":"node/6939553312"},"geometry":{"type":"Point","coordinates":[27.1967019,38.4156531]}},{"type":"Feature","id":"node/6939553313","properties":{"bus":"yes","highway":"bus_stop","name":"Merkez Cami","public_transport":"platform","id":"node/6939553313"},"geometry":{"type":"Point","coordinates":[27.1966653,38.4157327]}},{"type":"Feature","id":"node/6939553314","properties":{"bus":"yes","highway":"bus_stop","name":"Zeytintepe","public_transport":"platform","id":"node/6939553314"},"geometry":{"type":"Point","coordinates":[27.1945637,38.4143854]}},{"type":"Feature","id":"node/6939553315","properties":{"bus":"yes","highway":"bus_stop","name":"Zeytintepe","public_transport":"platform","id":"node/6939553315"},"geometry":{"type":"Point","coordinates":[27.1944621,38.4143026]}},{"type":"Feature","id":"node/6939553316","properties":{"bus":"yes","highway":"bus_stop","name":"İğneli","public_transport":"platform","id":"node/6939553316"},"geometry":{"type":"Point","coordinates":[27.1895048,38.4147078]}},{"type":"Feature","id":"node/6939553317","properties":{"bus":"yes","highway":"bus_stop","name":"İğneli","public_transport":"platform","id":"node/6939553317"},"geometry":{"type":"Point","coordinates":[27.1894439,38.4145485]}},{"type":"Feature","id":"node/6939553318","properties":{"bus":"yes","highway":"bus_stop","name":"Çamkule Eski Son Durak","public_transport":"platform","id":"node/6939553318"},"geometry":{"type":"Point","coordinates":[27.188259,38.4145023]}},{"type":"Feature","id":"node/6939553319","properties":{"bus":"yes","highway":"bus_stop","name":"Çamkule Eski Son Durak","public_transport":"platform","id":"node/6939553319"},"geometry":{"type":"Point","coordinates":[27.1883015,38.4146853]}},{"type":"Feature","id":"node/6939595033","properties":{"bus":"yes","highway":"bus_stop","name":"Ege Üniversitesi Hastanesi","network":"30272","operator":"Eshot","public_transport":"platform","id":"node/6939595033"},"geometry":{"type":"Point","coordinates":[27.209897,38.4576622]}},{"type":"Feature","id":"node/6946068083","properties":{"bus":"yes","highway":"bus_stop","name":"Bölge Metro İstasyonu","public_transport":"platform","id":"node/6946068083"},"geometry":{"type":"Point","coordinates":[27.2035033,38.4536885]}},{"type":"Feature","id":"node/6946068084","properties":{"bus":"yes","highway":"bus_stop","name":"Bölge Metro İstasyonu","public_transport":"platform","id":"node/6946068084"},"geometry":{"type":"Point","coordinates":[27.20156,38.4549301]}},{"type":"Feature","id":"node/6946086285","properties":{"bus":"yes","highway":"bus_stop","name":"Sedir","public_transport":"platform","id":"node/6946086285"},"geometry":{"type":"Point","coordinates":[27.2013486,38.4518865]}},{"type":"Feature","id":"node/6946086286","properties":{"bus":"yes","highway":"bus_stop","name":"DYO Fabrikası","public_transport":"platform","id":"node/6946086286"},"geometry":{"type":"Point","coordinates":[27.1993972,38.449505]}},{"type":"Feature","id":"node/6946086287","properties":{"bus":"yes","highway":"bus_stop","name":"Sedir","public_transport":"platform","id":"node/6946086287"},"geometry":{"type":"Point","coordinates":[27.1998671,38.4539328]}},{"type":"Feature","id":"node/6946086288","properties":{"bus":"yes","highway":"bus_stop","name":"Sedir","public_transport":"platform","id":"node/6946086288"},"geometry":{"type":"Point","coordinates":[27.1991329,38.4496483]}},{"type":"Feature","id":"node/6946086289","properties":{"bus":"yes","highway":"bus_stop","name":"Devlet Su İşleri","public_transport":"platform","id":"node/6946086289"},"geometry":{"type":"Point","coordinates":[27.1977323,38.4490855]}},{"type":"Feature","id":"node/6946086290","properties":{"bus":"yes","highway":"bus_stop","name":"Devlet Su İşleri","public_transport":"platform","id":"node/6946086290"},"geometry":{"type":"Point","coordinates":[27.1977344,38.4491993]}},{"type":"Feature","id":"node/6946086291","properties":{"bus":"yes","highway":"bus_stop","name":"Karayolları","public_transport":"platform","id":"node/6946086291"},"geometry":{"type":"Point","coordinates":[27.1953276,38.4489032]}},{"type":"Feature","id":"node/6946086292","properties":{"bus":"yes","highway":"bus_stop","name":"Karayolları","public_transport":"platform","id":"node/6946086292"},"geometry":{"type":"Point","coordinates":[27.1937868,38.4502373]}},{"type":"Feature","id":"node/6946086293","properties":{"bus":"yes","highway":"bus_stop","name":"İkinci Sanayi","public_transport":"platform","id":"node/6946086293"},"geometry":{"type":"Point","coordinates":[27.1918191,38.4480627]}},{"type":"Feature","id":"node/6946086294","properties":{"bus":"yes","highway":"bus_stop","name":"İkinci Sanayi","public_transport":"platform","id":"node/6946086294"},"geometry":{"type":"Point","coordinates":[27.1912784,38.4486867]}},{"type":"Feature","id":"node/6946086295","properties":{"bus":"yes","highway":"bus_stop","name":"Tuz Fabrikası","public_transport":"platform","id":"node/6946086295"},"geometry":{"type":"Point","coordinates":[27.1924144,38.44573]}},{"type":"Feature","id":"node/6946086296","properties":{"bus":"yes","highway":"bus_stop","name":"Tuz Fabrikası","public_transport":"platform","id":"node/6946086296"},"geometry":{"type":"Point","coordinates":[27.1922396,38.4456981]}},{"type":"Feature","id":"node/6946086297","properties":{"bus":"yes","highway":"bus_stop","name":"Tedaş","public_transport":"platform","id":"node/6946086297"},"geometry":{"type":"Point","coordinates":[27.188481,38.4443428]}},{"type":"Feature","id":"node/6946086298","properties":{"bus":"yes","highway":"bus_stop","name":"Tedaş","public_transport":"platform","id":"node/6946086298"},"geometry":{"type":"Point","coordinates":[27.1883762,38.4443187]}},{"type":"Feature","id":"node/6946086299","properties":{"bus":"yes","highway":"bus_stop","name":"Ağaçlıyol Benzinlik","public_transport":"platform","id":"node/6946086299"},"geometry":{"type":"Point","coordinates":[27.1842367,38.443021]}},{"type":"Feature","id":"node/6946086300","properties":{"bus":"yes","highway":"bus_stop","name":"Ağaçlıyol Benzinlik","public_transport":"platform","id":"node/6946086300"},"geometry":{"type":"Point","coordinates":[27.1840436,38.4431176]}},{"type":"Feature","id":"node/6946086301","properties":{"bus":"yes","highway":"bus_stop","name":"İstasyon","public_transport":"platform","id":"node/6946086301"},"geometry":{"type":"Point","coordinates":[27.1807291,38.4427163]}},{"type":"Feature","id":"node/6946086303","properties":{"bus":"yes","highway":"bus_stop","name":"Havuzlu Kahve","public_transport":"platform","id":"node/6946086303"},"geometry":{"type":"Point","coordinates":[27.1842162,38.4396125]}},{"type":"Feature","id":"node/6946086305","properties":{"bus":"yes","highway":"bus_stop","name":"Yıldırım","public_transport":"platform","id":"node/6946086305"},"geometry":{"type":"Point","coordinates":[27.1881507,38.4395159]}},{"type":"Feature","id":"node/6946086306","properties":{"bus":"yes","highway":"bus_stop","name":"Yıldırım Beyazıt Cami","public_transport":"platform","id":"node/6946086306"},"geometry":{"type":"Point","coordinates":[27.190289,38.4397211]}},{"type":"Feature","id":"node/6946086307","properties":{"bus":"yes","highway":"bus_stop","name":"Kanarya","public_transport":"platform","id":"node/6946086307"},"geometry":{"type":"Point","coordinates":[27.1920421,38.439709]}},{"type":"Feature","id":"node/6946086308","properties":{"bus":"yes","highway":"bus_stop","name":"Sanayi Sitesi","public_transport":"platform","id":"node/6946086308"},"geometry":{"type":"Point","coordinates":[27.1970924,38.4422978]}},{"type":"Feature","id":"node/6946086309","properties":{"bus":"yes","highway":"bus_stop","name":"Yeşilova","public_transport":"platform","id":"node/6946086309"},"geometry":{"type":"Point","coordinates":[27.2018314,38.438805]}},{"type":"Feature","id":"node/6946086310","properties":{"bus":"yes","highway":"bus_stop","name":"Mescid-i Aksa Cami","public_transport":"platform","id":"node/6946086310"},"geometry":{"type":"Point","coordinates":[27.2047359,38.4264968]}},{"type":"Feature","id":"node/6946086311","properties":{"bus":"yes","highway":"bus_stop","name":"Mescid-i Aksa Cami","public_transport":"platform","id":"node/6946086311"},"geometry":{"type":"Point","coordinates":[27.2045678,38.4265114]}},{"type":"Feature","id":"node/6946086312","properties":{"bus":"yes","highway":"bus_stop","name":"Çamkule","public_transport":"platform","id":"node/6946086312"},"geometry":{"type":"Point","coordinates":[27.1906549,38.4153493]}},{"type":"Feature","id":"node/6946086313","properties":{"bus":"yes","highway":"bus_stop","name":"Çamkule","public_transport":"platform","id":"node/6946086313"},"geometry":{"type":"Point","coordinates":[27.190464,38.4152284]}},{"type":"Feature","id":"node/6946086314","properties":{"bus":"yes","highway":"bus_stop","name":"Levent Kara Sağlık Ocağı","public_transport":"platform","id":"node/6946086314"},"geometry":{"type":"Point","coordinates":[27.1891527,38.4174893]}},{"type":"Feature","id":"node/6946086315","properties":{"bus":"yes","highway":"bus_stop","name":"Levent Kara Sağlık Ocağı","public_transport":"platform","id":"node/6946086315"},"geometry":{"type":"Point","coordinates":[27.188925,38.4175307]}},{"type":"Feature","id":"node/6946086316","properties":{"bus":"yes","highway":"bus_stop","name":"MTK Çarşısı","public_transport":"platform","id":"node/6946086316"},"geometry":{"type":"Point","coordinates":[27.1863384,38.4195762]}},{"type":"Feature","id":"node/6946107968","properties":{"bus":"yes","highway":"bus_stop","name":"Osman Kibar Kavşağı","public_transport":"platform","shelter":"yes","id":"node/6946107968"},"geometry":{"type":"Point","coordinates":[27.2279563,38.4620338]}},{"type":"Feature","id":"node/6946107969","properties":{"bus":"yes","highway":"bus_stop","name":"Osman Kibar Kavşağı","public_transport":"platform","id":"node/6946107969"},"geometry":{"type":"Point","coordinates":[27.2284678,38.4615248]}},{"type":"Feature","id":"node/6946107970","properties":{"bus":"yes","highway":"bus_stop","name":"Bölge Trafik","public_transport":"platform","id":"node/6946107970"},"geometry":{"type":"Point","coordinates":[27.239668,38.4594657]}},{"type":"Feature","id":"node/6946107971","properties":{"bus":"yes","highway":"bus_stop","name":"Bölge Trafik","public_transport":"platform","id":"node/6946107971"},"geometry":{"type":"Point","coordinates":[27.2396027,38.4598673]}},{"type":"Feature","id":"node/6946107972","properties":{"bus":"yes","highway":"bus_stop","name":"Atölye","public_transport":"platform","id":"node/6946107972"},"geometry":{"type":"Point","coordinates":[27.2441473,38.4590157]}},{"type":"Feature","id":"node/6946107973","properties":{"bus":"yes","highway":"bus_stop","name":"Atölye","public_transport":"platform","shelter":"yes","id":"node/6946107973"},"geometry":{"type":"Point","coordinates":[27.2429238,38.4588238]}},{"type":"Feature","id":"node/6946107974","properties":{"bus":"yes","highway":"bus_stop","public_transport":"platform","id":"node/6946107974"},"geometry":{"type":"Point","coordinates":[27.24737,38.4584318]}},{"type":"Feature","id":"node/6946107975","properties":{"bus":"yes","highway":"bus_stop","public_transport":"platform","id":"node/6946107975"},"geometry":{"type":"Point","coordinates":[27.2468124,38.4580965]}},{"type":"Feature","id":"node/6946107976","properties":{"bus":"yes","highway":"bus_stop","name":"4. Sanayi Ege","public_transport":"platform","id":"node/6946107976"},"geometry":{"type":"Point","coordinates":[27.2538294,38.4607718]}},{"type":"Feature","id":"node/6946107977","properties":{"bus":"yes","highway":"bus_stop","name":"4. Sanayi Ege","public_transport":"platform","id":"node/6946107977"},"geometry":{"type":"Point","coordinates":[27.2537986,38.4606415]}},{"type":"Feature","id":"node/6946107978","properties":{"bus":"yes","highway":"bus_stop","name":"Şavkar Spor Tesisleri","public_transport":"platform","id":"node/6946107978"},"geometry":{"type":"Point","coordinates":[27.2565777,38.4619587]}},{"type":"Feature","id":"node/6946107979","properties":{"bus":"yes","highway":"bus_stop","name":"Şavkar Spor Tesisleri","public_transport":"platform","id":"node/6946107979"},"geometry":{"type":"Point","coordinates":[27.2565469,38.4618092]}},{"type":"Feature","id":"node/6946107980","properties":{"bus":"yes","highway":"bus_stop","name":"4. Sanayi Trafo","public_transport":"platform","id":"node/6946107980"},"geometry":{"type":"Point","coordinates":[27.2543224,38.4625474]}},{"type":"Feature","id":"node/6946107981","properties":{"bus":"yes","highway":"bus_stop","name":"4. Sanayi Trafo","public_transport":"platform","id":"node/6946107981"},"geometry":{"type":"Point","coordinates":[27.254119,38.4625715]}},{"type":"Feature","id":"node/6946107982","properties":{"bus":"yes","highway":"bus_stop","name":"4. Sanayi Güven","public_transport":"platform","id":"node/6946107982"},"geometry":{"type":"Point","coordinates":[27.2543347,38.4648248]}},{"type":"Feature","id":"node/6946107983","properties":{"bus":"yes","highway":"bus_stop","name":"4. Sanayi Güven","public_transport":"platform","id":"node/6946107983"},"geometry":{"type":"Point","coordinates":[27.2542546,38.4646656]}},{"type":"Feature","id":"node/6946107984","properties":{"amenity":"bus_station","bus":"yes","name":"Evka-3 Parkı","public_transport":"station","id":"node/6946107984"},"geometry":{"type":"Point","coordinates":[27.2439498,38.4665833]}},{"type":"Feature","id":"node/6946124685","properties":{"bench":"yes","bus":"yes","highway":"bus_stop","name":"Birlik","note":"114,314 geçer","public_transport":"platform","shelter":"yes","id":"node/6946124685"},"geometry":{"type":"Point","coordinates":[27.254432,38.472621]}},{"type":"Feature","id":"node/6946124686","properties":{"bench":"yes","bus":"yes","highway":"bus_stop","name":"Birlik","note":"114,314 geçer","public_transport":"platform","shelter":"yes","id":"node/6946124686"},"geometry":{"type":"Point","coordinates":[27.2546435,38.4724141]}},{"type":"Feature","id":"node/6946124687","properties":{"bench":"yes","bus":"yes","highway":"bus_stop","name":"Umut","note":"114,314 geçer","operator":"Eshot","public_transport":"platform","shelter":"yes","id":"node/6946124687"},"geometry":{"type":"Point","coordinates":[27.2555622,38.4738082]}},{"type":"Feature","id":"node/6946124688","properties":{"bench":"yes","bus":"yes","highway":"bus_stop","name":"Sevgi","note":"114,314 geçer","operator":"Eshot","public_transport":"platform","shelter":"yes","id":"node/6946124688"},"geometry":{"type":"Point","coordinates":[27.2534482,38.4736013]}},{"type":"Feature","id":"node/6946124689","properties":{"bench":"yes","bus":"yes","highway":"bus_stop","name":"Sevgi","note":"114,314 geçer","operator":"Eshot","public_transport":"platform","shelter":"yes","id":"node/6946124689"},"geometry":{"type":"Point","coordinates":[27.2536799,38.4735759]}},{"type":"Feature","id":"node/6946124690","properties":{"bench":"yes","bus":"yes","highway":"bus_stop","name":"Evka 3","note":"114,314 geçer","operator":"Eshot","public_transport":"platform","shelter":"yes","id":"node/6946124690"},"geometry":{"type":"Point","coordinates":[27.2530884,38.4724445]}},{"type":"Feature","id":"node/6969760732","properties":{"bus":"yes","highway":"bus_stop","name":"Zeytincilik","public_transport":"platform","id":"node/6969760732"},"geometry":{"type":"Point","coordinates":[27.1976872,38.4526532]}},{"type":"Feature","id":"node/6969760733","properties":{"bus":"yes","highway":"bus_stop","name":"Tarım İl Müdürlüğü","public_transport":"platform","id":"node/6969760733"},"geometry":{"type":"Point","coordinates":[27.1953549,38.4512148]}},{"type":"Feature","id":"node/6969760734","properties":{"bus":"yes","highway":"bus_stop","name":"Tedaş","public_transport":"platform","id":"node/6969760734"},"geometry":{"type":"Point","coordinates":[27.1880208,38.4467637]}},{"type":"Feature","id":"node/6969760735","properties":{"bus":"yes","highway":"bus_stop","name":"Ağaçlıyol Üstgeçit","public_transport":"platform","id":"node/6969760735"},"geometry":{"type":"Point","coordinates":[27.1862564,38.445662]}},{"type":"Feature","id":"node/6969760736","properties":{"bus":"yes","highway":"bus_stop","name":"Ağaçlıyol Üstgeçit","public_transport":"platform","id":"node/6969760736"},"geometry":{"type":"Point","coordinates":[27.1868825,38.4452226]}},{"type":"Feature","id":"node/6969760737","properties":{"bus":"yes","highway":"bus_stop","name":"Ağaçlıyol Benzinlik","public_transport":"platform","id":"node/6969760737"},"geometry":{"type":"Point","coordinates":[27.1832746,38.4438894]}},{"type":"Feature","id":"node/6969760739","properties":{"bus":"yes","highway":"bus_stop","name":"Mersinli","public_transport":"platform","wheelchair":"limited","id":"node/6969760739"},"geometry":{"type":"Point","coordinates":[27.1806458,38.4379764]}},{"type":"Feature","id":"node/6985059945","properties":{"bus":"yes","highway":"bus_stop","name":"Kayadibi Çevre","public_transport":"platform","ref":"31984","id":"node/6985059945"},"geometry":{"type":"Point","coordinates":[27.24324,38.5182441]}},{"type":"Feature","id":"node/6985059947","properties":{"bus":"yes","highway":"bus_stop","name":"Atlı Vadi","public_transport":"platform","id":"node/6985059947"},"geometry":{"type":"Point","coordinates":[27.2465567,38.5083826]}},{"type":"Feature","id":"node/6985244695","properties":{"bus":"yes","highway":"bus_stop","name":"Ege Diyaliz","public_transport":"platform","id":"node/6985244695"},"geometry":{"type":"Point","coordinates":[27.2358184,38.4674306]}},{"type":"Feature","id":"node/6985244696","properties":{"bus":"yes","highway":"bus_stop","name":"Ege Diyaliz","public_transport":"platform","id":"node/6985244696"},"geometry":{"type":"Point","coordinates":[27.2357623,38.4675586]}},{"type":"Feature","id":"node/6985244697","properties":{"bus":"yes","highway":"bus_stop","name":"Öğretmen Evleri","public_transport":"platform","id":"node/6985244697"},"geometry":{"type":"Point","coordinates":[27.2393909,38.4691089]}},{"type":"Feature","id":"node/6985244698","properties":{"bus":"yes","highway":"bus_stop","name":"Öğretmen Evleri","public_transport":"platform","id":"node/6985244698"},"geometry":{"type":"Point","coordinates":[27.2392742,38.4691894]}},{"type":"Feature","id":"node/6985244699","properties":{"bus":"yes","highway":"bus_stop","name":"Esenlik","public_transport":"platform","id":"node/6985244699"},"geometry":{"type":"Point","coordinates":[27.2423237,38.4706519]}},{"type":"Feature","id":"node/6985244700","properties":{"bus":"yes","highway":"bus_stop","name":"Esenlik","public_transport":"platform","id":"node/6985244700"},"geometry":{"type":"Point","coordinates":[27.2421322,38.4707469]}},{"type":"Feature","id":"node/6985244701","properties":{"bus":"yes","highway":"bus_stop","name":"Saraykent 1","public_transport":"platform","id":"node/6985244701"},"geometry":{"type":"Point","coordinates":[27.2444952,38.4717561]}},{"type":"Feature","id":"node/6985244702","properties":{"bus":"yes","highway":"bus_stop","name":"Saraykent 1","public_transport":"platform","id":"node/6985244702"},"geometry":{"type":"Point","coordinates":[27.2447241,38.4719535]}},{"type":"Feature","id":"node/6985244703","properties":{"bus":"yes","highway":"bus_stop","name":"Villa 1","public_transport":"platform","id":"node/6985244703"},"geometry":{"type":"Point","coordinates":[27.2473928,38.4732023]}},{"type":"Feature","id":"node/6985244704","properties":{"bus":"yes","highway":"bus_stop","name":"Villa 1","public_transport":"platform","id":"node/6985244704"},"geometry":{"type":"Point","coordinates":[27.2472902,38.4732632]}},{"type":"Feature","id":"node/6985244705","properties":{"bus":"yes","highway":"bus_stop","name":"Villa 2","public_transport":"platform","id":"node/6985244705"},"geometry":{"type":"Point","coordinates":[27.2486138,38.4750116]}},{"type":"Feature","id":"node/6985244706","properties":{"bus":"yes","highway":"bus_stop","name":"Villa 2","public_transport":"platform","id":"node/6985244706"},"geometry":{"type":"Point","coordinates":[27.2484935,38.4750615]}},{"type":"Feature","id":"node/6985244707","properties":{"bus":"yes","highway":"bus_stop","name":"Villa 3","public_transport":"platform","id":"node/6985244707"},"geometry":{"type":"Point","coordinates":[27.2484687,38.4772115]}},{"type":"Feature","id":"node/6985244708","properties":{"bus":"yes","highway":"bus_stop","name":"Villa 3","public_transport":"platform","id":"node/6985244708"},"geometry":{"type":"Point","coordinates":[27.2484687,38.4770259]}},{"type":"Feature","id":"node/6985244709","properties":{"bus":"yes","highway":"bus_stop","name":"Çocuk Parkı","public_transport":"platform","id":"node/6985244709"},"geometry":{"type":"Point","coordinates":[27.2471097,38.4770619]}},{"type":"Feature","id":"node/6985244710","properties":{"bus":"yes","highway":"bus_stop","name":"Çocuk Parkı","public_transport":"platform","id":"node/6985244710"},"geometry":{"type":"Point","coordinates":[27.2473255,38.4768403]}},{"type":"Feature","id":"node/6985244711","properties":{"bus":"yes","highway":"bus_stop","name":"Çıkış","public_transport":"platform","id":"node/6985244711"},"geometry":{"type":"Point","coordinates":[27.2447844,38.4756405]}},{"type":"Feature","id":"node/6985244712","properties":{"bus":"yes","highway":"bus_stop","name":"Çıkış","public_transport":"platform","id":"node/6985244712"},"geometry":{"type":"Point","coordinates":[27.2450852,38.4755602]}},{"type":"Feature","id":"node/6985244713","properties":{"bus":"yes","highway":"bus_stop","name":"Şahin Tepesi","public_transport":"platform","id":"node/6985244713"},"geometry":{"type":"Point","coordinates":[27.2440447,38.4739144]}},{"type":"Feature","id":"node/6985244714","properties":{"bus":"yes","highway":"bus_stop","name":"Şahin Tepesi","public_transport":"platform","id":"node/6985244714"},"geometry":{"type":"Point","coordinates":[27.2438677,38.4739365]}},{"type":"Feature","id":"node/6985244715","properties":{"bus":"yes","highway":"bus_stop","name":"İzyuva","public_transport":"platform","id":"node/6985244715"},"geometry":{"type":"Point","coordinates":[27.242622,38.4744408]}},{"type":"Feature","id":"node/6996937883","properties":{"bench":"no","bin":"no","bus":"yes","highway":"bus_stop","name":"Karaçam Giriş","public_transport":"platform","shelter":"no","id":"node/6996937883"},"geometry":{"type":"Point","coordinates":[27.2698144,38.5084058]}},{"type":"Feature","id":"node/6996937884","properties":{"bus":"yes","highway":"bus_stop","name":"Karaçam Giriş","public_transport":"platform","id":"node/6996937884"},"geometry":{"type":"Point","coordinates":[27.2695908,38.5087525]}},{"type":"Feature","id":"node/6996952432","properties":{"bus":"yes","highway":"bus_stop","name":"Dördüncü Sanayi Kavşağı","public_transport":"platform","id":"node/6996952432"},"geometry":{"type":"Point","coordinates":[27.2524529,38.457447]}},{"type":"Feature","id":"node/6996952433","properties":{"bus":"yes","highway":"bus_stop","name":"Dördüncü Sanayi Kavşağı","public_transport":"platform","id":"node/6996952433"},"geometry":{"type":"Point","coordinates":[27.2523925,38.4570534]}},{"type":"Feature","id":"node/6996952434","properties":{"bus":"yes","highway":"bus_stop","name":"Terbay","public_transport":"platform","id":"node/6996952434"},"geometry":{"type":"Point","coordinates":[27.2571613,38.4558087]}},{"type":"Feature","id":"node/6996952435","properties":{"bus":"yes","highway":"bus_stop","name":"Terbay","public_transport":"platform","id":"node/6996952435"},"geometry":{"type":"Point","coordinates":[27.2564072,38.4556389]}},{"type":"Feature","id":"node/6996952436","properties":{"bus":"yes","highway":"bus_stop","name":"Çimento Fabrikası","public_transport":"platform","id":"node/6996952436"},"geometry":{"type":"Point","coordinates":[27.2644865,38.45314]}},{"type":"Feature","id":"node/6996952437","properties":{"bus":"yes","highway":"bus_stop","name":"Çimento Fabrikası","public_transport":"platform","id":"node/6996952437"},"geometry":{"type":"Point","coordinates":[27.26421,38.4527548]}},{"type":"Feature","id":"node/6996952438","properties":{"bus":"yes","highway":"bus_stop","name":"Naldöken","public_transport":"platform","id":"node/6996952438"},"geometry":{"type":"Point","coordinates":[27.2665111,38.4532132]}},{"type":"Feature","id":"node/6996952439","properties":{"bus":"yes","highway":"bus_stop","name":"Naldöken","public_transport":"platform","id":"node/6996952439"},"geometry":{"type":"Point","coordinates":[27.2663647,38.4532674]}},{"type":"Feature","id":"node/6996952441","properties":{"bus":"yes","highway":"bus_stop","name":"Naldöken","public_transport":"platform","id":"node/6996952441"},"geometry":{"type":"Point","coordinates":[27.2689217,38.4554652]}},{"type":"Feature","id":"node/6996952442","properties":{"bus":"yes","highway":"bus_stop","name":"Naldöken","public_transport":"platform","id":"node/6996952442"},"geometry":{"type":"Point","coordinates":[27.2691068,38.4553875]}},{"type":"Feature","id":"node/6996952443","properties":{"bus":"yes","highway":"bus_stop","name":"Market","public_transport":"platform","id":"node/6996952443"},"geometry":{"type":"Point","coordinates":[27.2716212,38.4570624]}},{"type":"Feature","id":"node/6996952444","properties":{"bus":"yes","highway":"bus_stop","name":"Market","public_transport":"platform","id":"node/6996952444"},"geometry":{"type":"Point","coordinates":[27.271459,38.4571301]}},{"type":"Feature","id":"node/6996952445","properties":{"bus":"yes","highway":"bus_stop","name":"Naldöken Mezarlık","public_transport":"platform","id":"node/6996952445"},"geometry":{"type":"Point","coordinates":[27.27554,38.4587343]}},{"type":"Feature","id":"node/6996952446","properties":{"bus":"yes","highway":"bus_stop","name":"Naldöken Mezarlık","public_transport":"platform","id":"node/6996952446"},"geometry":{"type":"Point","coordinates":[27.2754622,38.4587952]}},{"type":"Feature","id":"node/6996952447","properties":{"bus":"yes","highway":"bus_stop","name":"Naldöken Yeni Son Durak","public_transport":"platform","id":"node/6996952447"},"geometry":{"type":"Point","coordinates":[27.2770619,38.4598142]}},{"type":"Feature","id":"node/6997013385","properties":{"bus":"yes","highway":"bus_stop","name":"Villa","public_transport":"platform","id":"node/6997013385"},"geometry":{"type":"Point","coordinates":[27.2694078,38.5116093]}},{"type":"Feature","id":"node/6997013386","properties":{"bus":"yes","highway":"bus_stop","name":"Villa","public_transport":"platform","id":"node/6997013386"},"geometry":{"type":"Point","coordinates":[27.2695501,38.5114852]}},{"type":"Feature","id":"node/6997013387","properties":{"bus":"yes","highway":"bus_stop","name":"Zirve Kent","public_transport":"platform","id":"node/6997013387"},"geometry":{"type":"Point","coordinates":[27.2691854,38.5133816]}},{"type":"Feature","id":"node/6997013388","properties":{"bus":"yes","highway":"bus_stop","name":"Zirve Kent","public_transport":"platform","id":"node/6997013388"},"geometry":{"type":"Point","coordinates":[27.2689099,38.5134876]}},{"type":"Feature","id":"node/6997013393","properties":{"bus":"yes","highway":"bus_stop","name":"Karaçam Havuz","public_transport":"platform","id":"node/6997013393"},"geometry":{"type":"Point","coordinates":[27.2698486,38.514624]}},{"type":"Feature","id":"node/6997013394","properties":{"bus":"yes","highway":"bus_stop","name":"Karaçam Havuz","public_transport":"platform","id":"node/6997013394"},"geometry":{"type":"Point","coordinates":[27.2694937,38.5146606]}},{"type":"Feature","id":"node/6997013395","properties":{"bus":"yes","highway":"bus_stop","name":"Trafo","public_transport":"platform","id":"node/6997013395"},"geometry":{"type":"Point","coordinates":[27.2710373,38.5162184]}},{"type":"Feature","id":"node/6997013396","properties":{"bus":"yes","highway":"bus_stop","name":"Trafo","public_transport":"platform","id":"node/6997013396"},"geometry":{"type":"Point","coordinates":[27.2707198,38.5161563]}},{"type":"Feature","id":"node/6997013397","properties":{"bus":"yes","highway":"bus_stop","name":"Karaçam","public_transport":"platform","id":"node/6997013397"},"geometry":{"type":"Point","coordinates":[27.2710233,38.51749]}},{"type":"Feature","id":"node/7003161755","properties":{"name":"Can Kıraathanesi","shop":"tea","id":"node/7003161755"},"geometry":{"type":"Point","coordinates":[27.2402525,38.4541194]}},{"type":"Feature","id":"node/7003161756","properties":{"name":"Barış Market","shop":"convenience","id":"node/7003161756"},"geometry":{"type":"Point","coordinates":[27.2407382,38.4539767]}},{"type":"Feature","id":"node/7003179185","properties":{"amenity":"kindergarten","name":"Özel Mavi İnci Anaokulu","id":"node/7003179185"},"geometry":{"type":"Point","coordinates":[27.2194029,38.4464714]}},{"type":"Feature","id":"node/7004116117","properties":{"amenity":"community_centre","name":"Mevlana Toplum Merkezi","id":"node/7004116117"},"geometry":{"type":"Point","coordinates":[27.2329663,38.4460587]}},{"type":"Feature","id":"node/7004155919","properties":{"name":"Yavuz Et Ürünleri","shop":"butcher","id":"node/7004155919"},"geometry":{"type":"Point","coordinates":[27.2398579,38.4546662]}},{"type":"Feature","id":"node/7004198754","properties":{"addr:housenumber":"22A","name":"Altın Market","shop":"convenience","id":"node/7004198754"},"geometry":{"type":"Point","coordinates":[27.2405938,38.4551483]}},{"type":"Feature","id":"node/7004603837","properties":{"addr:city":"İzmir","addr:district":"Bornova","addr:housenumber":"5","addr:neighbourhood":"7413 Sokak","addr:postcode":"35060","addr:street":"Kemalpaşa Caddesi","name":"Kemalpaşa;Opti Sağlık Medikal","opening_hours":"Mo-Fr 09:00-19:00","operator":"Opti Sağlık Medikal","shop":"medical_supply","wikidata":"Q6066545","wikipedia":"tr:Kemalpaşa, Bornova","id":"node/7004603837"},"geometry":{"type":"Point","coordinates":[27.2751077,38.4396998]}},{"type":"Feature","id":"node/7015297327","properties":{"addr:housenumber":"65A","addr:street":"1700. Sokak","name":"Begüm Market","shop":"convenience","id":"node/7015297327"},"geometry":{"type":"Point","coordinates":[27.2414273,38.4510895]}},{"type":"Feature","id":"node/7015297328","properties":{"addr:housenumber":"49A","addr:street":"1700. Sokak","name":"Tatlı Diyarı Unlu Mamüller","shop":"pastry","id":"node/7015297328"},"geometry":{"type":"Point","coordinates":[27.2400473,38.4507911]}},{"type":"Feature","id":"node/7015297330","properties":{"name":"Çınar Unlu Mamüller","shop":"pastry","id":"node/7015297330"},"geometry":{"type":"Point","coordinates":[27.2403523,38.4529072]}},{"type":"Feature","id":"node/7015297331","properties":{"addr:housenumber":"16","addr:street":"1776/8. Sokak","name":"Fırat Market","shop":"convenience","id":"node/7015297331"},"geometry":{"type":"Point","coordinates":[27.2405187,38.4538103]}},{"type":"Feature","id":"node/7055237681","properties":{"name":"Can Market","shop":"convenience","id":"node/7055237681"},"geometry":{"type":"Point","coordinates":[27.2303075,38.4499302]}},{"type":"Feature","id":"node/7055237682","properties":{"brand":"A101","brand:wikidata":"Q6034496","brand:wikipedia":"tr:A101","name":"A101","opening_hours":"Mo-Su 09:00-21:30","shop":"supermarket","id":"node/7055237682"},"geometry":{"type":"Point","coordinates":[27.2307667,38.4489347]}},{"type":"Feature","id":"node/7055237683","properties":{"name":"Çiftçioğlu Ticaret","shop":"furniture","id":"node/7055237683"},"geometry":{"type":"Point","coordinates":[27.230563,38.4488709]}},{"type":"Feature","id":"node/7055237684","properties":{"amenity":"taxi","name":"Güven Taksi","id":"node/7055237684"},"geometry":{"type":"Point","coordinates":[27.2308293,38.4487497]}},{"type":"Feature","id":"node/7055237692","properties":{"name":"Gevrekçi FırınCafe Unlu Mamülleri","shop":"pastry","id":"node/7055237692"},"geometry":{"type":"Point","coordinates":[27.2309054,38.4483558]}},{"type":"Feature","id":"node/7055237693","properties":{"brand":"Şok","brand:wikidata":"Q19613992","brand:wikipedia":"tr:Şok (market)","name":"Şok","shop":"supermarket","id":"node/7055237693"},"geometry":{"type":"Point","coordinates":[27.2311683,38.4480049]}},{"type":"Feature","id":"node/7055237694","properties":{"amenity":"fast_food","cuisine":"turkish","name":"battalbey","id":"node/7055237694"},"geometry":{"type":"Point","coordinates":[27.2312269,38.4477868]}},{"type":"Feature","id":"node/7055237695","properties":{"name":"Çağla Market & Tekel","shop":"convenience","id":"node/7055237695"},"geometry":{"type":"Point","coordinates":[27.2312549,38.4475156]}},{"type":"Feature","id":"node/7055237696","properties":{"shop":"stationery","id":"node/7055237696"},"geometry":{"type":"Point","coordinates":[27.2318915,38.4476256]}},{"type":"Feature","id":"node/7055237697","properties":{"name":"Saloon Uğur","shop":"hairdresser","id":"node/7055237697"},"geometry":{"type":"Point","coordinates":[27.2319781,38.4476512]}},{"type":"Feature","id":"node/7055237699","properties":{"amenity":"cafe","name":"Huzur Cafe","id":"node/7055237699"},"geometry":{"type":"Point","coordinates":[27.2325187,38.4477163]}},{"type":"Feature","id":"node/7055237700","properties":{"amenity":"restaurant","cuisine":"turkish","name":"Marka Pide","id":"node/7055237700"},"geometry":{"type":"Point","coordinates":[27.2326134,38.4477511]}},{"type":"Feature","id":"node/7055237704","properties":{"name":"Efeler Market","shop":"convenience","id":"node/7055237704"},"geometry":{"type":"Point","coordinates":[27.2347125,38.4491228]}},{"type":"Feature","id":"node/7055237706","properties":{"name":"Kardeşler Yapı","shop":"craft","id":"node/7055237706"},"geometry":{"type":"Point","coordinates":[27.2355032,38.4493947]}},{"type":"Feature","id":"node/7055237707","properties":{"name":"Hamur Aga","shop":"pastry","id":"node/7055237707"},"geometry":{"type":"Point","coordinates":[27.2357391,38.4492086]}},{"type":"Feature","id":"node/7055237708","properties":{"brand":"A101","brand:wikidata":"Q6034496","brand:wikipedia":"tr:A101","name":"A101","opening_hours":"Mo-Su 09:00-21:30","shop":"supermarket","id":"node/7055237708"},"geometry":{"type":"Point","coordinates":[27.2361399,38.4492572]}},{"type":"Feature","id":"node/7055237709","properties":{"amenity":"restaurant","cuisine":"turkish","name":"Halk Sofrası","id":"node/7055237709"},"geometry":{"type":"Point","coordinates":[27.2366489,38.449442]}},{"type":"Feature","id":"node/7055237710","properties":{"name":"Yağmur AVM","shop":"convenience","id":"node/7055237710"},"geometry":{"type":"Point","coordinates":[27.2370021,38.4493358]}},{"type":"Feature","id":"node/7055237711","properties":{"name":"Karaca Market","shop":"convenience","id":"node/7055237711"},"geometry":{"type":"Point","coordinates":[27.2385262,38.4503718]}},{"type":"Feature","id":"node/7055237712","properties":{"name":"Ademoğlu Mobilya","shop":"furniture","id":"node/7055237712"},"geometry":{"type":"Point","coordinates":[27.238401,38.4500958]}},{"type":"Feature","id":"node/7055237713","properties":{"amenity":"cafe","name":"Fatih Büfe","id":"node/7055237713"},"geometry":{"type":"Point","coordinates":[27.2385945,38.4503904]}},{"type":"Feature","id":"node/7055237714","properties":{"brand":"Vodafone","brand:wikidata":"Q122141","brand:wikipedia":"en:Vodafone","name":"Vodafone","shop":"mobile_phone","id":"node/7055237714"},"geometry":{"type":"Point","coordinates":[27.2386641,38.4504178]}},{"type":"Feature","id":"node/7055237715","properties":{"name":"Milangaz","shop":"gas","id":"node/7055237715"},"geometry":{"type":"Point","coordinates":[27.2386865,38.4502455]}},{"type":"Feature","id":"node/7055237716","properties":{"name":"Aslan Market","shop":"convenience","id":"node/7055237716"},"geometry":{"type":"Point","coordinates":[27.2388108,38.450421]}},{"type":"Feature","id":"node/7055237717","properties":{"name":"Hilal Kuyumculuk","shop":"jewelry","id":"node/7055237717"},"geometry":{"type":"Point","coordinates":[27.2389127,38.4504402]}},{"type":"Feature","id":"node/7055237718","properties":{"amenity":"restaurant","cuisine":"turkish","name":"Hükümdar","id":"node/7055237718"},"geometry":{"type":"Point","coordinates":[27.2391341,38.4503253]}},{"type":"Feature","id":"node/7055237719","properties":{"addr:housenumber":"46A","addr:street":"1700. Sokak","name":"Kardeşler Yapı Market","shop":"hardware","id":"node/7055237719"},"geometry":{"type":"Point","coordinates":[27.2410335,38.4507944]}},{"type":"Feature","id":"node/7055237722","properties":{"addr:housenumber":"50A","addr:street":"1700. Sokak","name":"Lion Tobacco Shop","shop":"tobacco","id":"node/7055237722"},"geometry":{"type":"Point","coordinates":[27.24139,38.4508757]}},{"type":"Feature","id":"node/7057641094","properties":{"bus":"yes","highway":"bus_stop","name":"Doğanlar Eski Son Durak","public_transport":"platform","id":"node/7057641094"},"geometry":{"type":"Point","coordinates":[27.2490777,38.4528675]}},{"type":"Feature","id":"node/7070411946","properties":{"leisure":"playground","id":"node/7070411946"},"geometry":{"type":"Point","coordinates":[27.2173028,38.4632615]}},{"type":"Feature","id":"node/7154791723","properties":{"brand":"BİM","brand:wikidata":"Q1022075","brand:wikipedia":"en:Bim (company)","name":"BİM","opening_hours":"Mo-Su 09:00-21:00","shop":"supermarket","id":"node/7154791723"},"geometry":{"type":"Point","coordinates":[27.2381739,38.449409]}},{"type":"Feature","id":"node/7154791725","properties":{"addr:housenumber":"47","addr:street":"1700. Sokak","name":"Uygar","shop":"convenience","id":"node/7154791725"},"geometry":{"type":"Point","coordinates":[27.239661,38.4507092]}},{"type":"Feature","id":"node/7172959225","properties":{"bus":"yes","highway":"bus_stop","name":"Topçu Taburu","public_transport":"platform","id":"node/7172959225"},"geometry":{"type":"Point","coordinates":[27.2630618,38.4500043]}},{"type":"Feature","id":"node/7172959226","properties":{"bus":"yes","highway":"bus_stop","name":"Topçu Taburu","public_transport":"platform","id":"node/7172959226"},"geometry":{"type":"Point","coordinates":[27.2632564,38.4498435]}},{"type":"Feature","id":"node/7172959227","properties":{"bus":"yes","highway":"bus_stop","name":"Beşinci Sanayi","public_transport":"platform","id":"node/7172959227"},"geometry":{"type":"Point","coordinates":[27.2707329,38.4411382]}},{"type":"Feature","id":"node/7172959228","properties":{"bus":"yes","highway":"bus_stop","name":"Beşinci Sanayi","public_transport":"platform","id":"node/7172959228"},"geometry":{"type":"Point","coordinates":[27.2705789,38.441476]}},{"type":"Feature","id":"node/7172959229","properties":{"bus":"yes","highway":"bus_stop","name":"Mezarlık","public_transport":"platform","id":"node/7172959229"},"geometry":{"type":"Point","coordinates":[27.2775975,38.4423303]}},{"type":"Feature","id":"node/7172959230","properties":{"bus":"yes","highway":"bus_stop","name":"Mezarlık","public_transport":"platform","id":"node/7172959230"},"geometry":{"type":"Point","coordinates":[27.2774126,38.442644]}},{"type":"Feature","id":"node/7172959240","properties":{"bus":"yes","highway":"bus_stop","name":"Beşinci Sanayi Giriş","public_transport":"platform","id":"node/7172959240"},"geometry":{"type":"Point","coordinates":[27.2834823,38.4433245]}},{"type":"Feature","id":"node/7172959241","properties":{"bus":"yes","highway":"bus_stop","name":"Beşinci Sanayi Giriş","public_transport":"platform","id":"node/7172959241"},"geometry":{"type":"Point","coordinates":[27.2834109,38.4437052]}},{"type":"Feature","id":"node/7172959242","properties":{"bus":"yes","highway":"bus_stop","name":"Defne","public_transport":"platform","id":"node/7172959242"},"geometry":{"type":"Point","coordinates":[27.2891793,38.4464746]}},{"type":"Feature","id":"node/7172959243","properties":{"bus":"yes","highway":"bus_stop","name":"Defne","public_transport":"platform","id":"node/7172959243"},"geometry":{"type":"Point","coordinates":[27.2897999,38.4464196]}},{"type":"Feature","id":"node/7172959244","properties":{"bus":"yes","highway":"bus_stop","name":"Yeşilçam Eczane","public_transport":"platform","id":"node/7172959244"},"geometry":{"type":"Point","coordinates":[27.2955046,38.4479335]}},{"type":"Feature","id":"node/7172959245","properties":{"bus":"yes","highway":"bus_stop","name":"Yeşilçam Eczane","public_transport":"platform","id":"node/7172959245"},"geometry":{"type":"Point","coordinates":[27.2952471,38.4478575]}},{"type":"Feature","id":"node/7172959246","properties":{"bus":"yes","highway":"bus_stop","name":"Yeşilçam Muhtarlık","public_transport":"platform","id":"node/7172959246"},"geometry":{"type":"Point","coordinates":[27.2977722,38.4468187]}},{"type":"Feature","id":"node/7172959247","properties":{"bus":"yes","highway":"bus_stop","name":"Yeşilçam Muhtarlık","public_transport":"platform","id":"node/7172959247"},"geometry":{"type":"Point","coordinates":[27.2977476,38.4469635]}},{"type":"Feature","id":"node/7172959248","properties":{"bus":"yes","highway":"bus_stop","name":"Yeşilçam Market","public_transport":"platform","id":"node/7172959248"},"geometry":{"type":"Point","coordinates":[27.3002371,38.4473737]}},{"type":"Feature","id":"node/7172959250","properties":{"bus":"yes","highway":"bus_stop","name":"Yeşilçam Orman","public_transport":"platform","id":"node/7172959250"},"geometry":{"type":"Point","coordinates":[27.3042979,38.4480928]}},{"type":"Feature","id":"node/7172959251","properties":{"bus":"yes","highway":"bus_stop","name":"Yeşilçam Orman","public_transport":"platform","id":"node/7172959251"},"geometry":{"type":"Point","coordinates":[27.30415,38.4481121]}},{"type":"Feature","id":"node/7172959252","properties":{"bus":"yes","highway":"bus_stop","name":"Kavaklıdere Mezarlık","public_transport":"platform","id":"node/7172959252"},"geometry":{"type":"Point","coordinates":[27.3054502,38.4513647]}},{"type":"Feature","id":"node/7172959253","properties":{"bus":"yes","highway":"bus_stop","name":"Kavaklıdere Mezarlık","public_transport":"platform","id":"node/7172959253"},"geometry":{"type":"Point","coordinates":[27.3054748,38.4514902]}},{"type":"Feature","id":"node/7172959254","properties":{"bus":"yes","highway":"bus_stop","name":"Oya","public_transport":"platform","id":"node/7172959254"},"geometry":{"type":"Point","coordinates":[27.307952,38.4504767]}},{"type":"Feature","id":"node/7172959255","properties":{"bus":"yes","highway":"bus_stop","name":"Oya","public_transport":"platform","id":"node/7172959255"},"geometry":{"type":"Point","coordinates":[27.3080752,38.4506457]}},{"type":"Feature","id":"node/7172959256","properties":{"bus":"yes","highway":"bus_stop","name":"Dostlar","public_transport":"platform","id":"node/7172959256"},"geometry":{"type":"Point","coordinates":[27.3115938,38.4492703]}},{"type":"Feature","id":"node/7172959257","properties":{"bus":"yes","highway":"bus_stop","name":"Dostlar","public_transport":"platform","id":"node/7172959257"},"geometry":{"type":"Point","coordinates":[27.3114952,38.4494826]}},{"type":"Feature","id":"node/7172959258","properties":{"bus":"yes","highway":"bus_stop","name":"Kavaklıdere","public_transport":"platform","id":"node/7172959258"},"geometry":{"type":"Point","coordinates":[27.3147118,38.4495164]}},{"type":"Feature","id":"node/7172959259","properties":{"bus":"yes","highway":"bus_stop","name":"Kavaklıdere","public_transport":"platform","id":"node/7172959259"},"geometry":{"type":"Point","coordinates":[27.3147611,38.4493475]}},{"type":"Feature","id":"node/7172959260","properties":{"bus":"yes","highway":"bus_stop","name":"Kavaklıdere Köyü Cami","public_transport":"platform","shelter":"yes","id":"node/7172959260"},"geometry":{"type":"Point","coordinates":[27.3163756,38.4492799]}},{"type":"Feature","id":"node/7172959261","properties":{"bus":"yes","highway":"bus_stop","name":"Kavaklıdere Köyü Cami","public_transport":"platform","shelter":"no","id":"node/7172959261"},"geometry":{"type":"Point","coordinates":[27.3163941,38.4491979]}},{"type":"Feature","id":"node/7172959262","properties":{"bus":"yes","highway":"bus_stop","name":"İncir","public_transport":"platform","id":"node/7172959262"},"geometry":{"type":"Point","coordinates":[27.3180702,38.4496274]}},{"type":"Feature","id":"node/7172959263","properties":{"bus":"yes","highway":"bus_stop","name":"İncir","public_transport":"platform","id":"node/7172959263"},"geometry":{"type":"Point","coordinates":[27.3178915,38.449748]}},{"type":"Feature","id":"node/7172959264","properties":{"bus":"yes","highway":"bus_stop","name":"Saliha Hüseyin Özyavuz İlköğretim Okulu","public_transport":"platform","id":"node/7172959264"},"geometry":{"type":"Point","coordinates":[27.3147796,38.4508532]}},{"type":"Feature","id":"node/7172959266","properties":{"bus":"yes","highway":"bus_stop","name":"Kavaklıdere Çıkış","public_transport":"platform","id":"node/7172959266"},"geometry":{"type":"Point","coordinates":[27.322513,38.4531213]}},{"type":"Feature","id":"node/7172959267","properties":{"bus":"yes","highway":"bus_stop","name":"Kavaklıdere Çıkış","public_transport":"platform","id":"node/7172959267"},"geometry":{"type":"Point","coordinates":[27.3223467,38.4532033]}},{"type":"Feature","id":"node/7172959268","properties":{"bus":"yes","highway":"bus_stop","name":"Arıtma Tesisi","public_transport":"platform","id":"node/7172959268"},"geometry":{"type":"Point","coordinates":[27.3239426,38.4542697]}},{"type":"Feature","id":"node/7185340485","properties":{"addr:street":"Yavuz Caddesi","name":"Küçükpark gevrek evi","shop":"bakery","id":"node/7185340485"},"geometry":{"type":"Point","coordinates":[27.2042208,38.4719815]}},{"type":"Feature","id":"node/7311717683","properties":{"addr:city":"izmir","addr:district":"Bornova","addr:housenumber":"336","addr:neighbourhood":"Kemalpaşa cad no 336","addr:postcode":"35060","addr:street":"Kemalpaşa Caddesi","name":"Nevzat Onay Mağ. A.ş","opening_hours":"Mo-Sa 08:00-18:00","operator":"Nevzat Ona Ayakkabı ve Deri Mam. San. Tic. Ltd. Şti","payment:cash":"yes","payment:coins":"yes","payment:mastercard":"yes","payment:visa":"yes","shop":"shoes","website":"https://www.nevzatonay.com/","id":"node/7311717683"},"geometry":{"type":"Point","coordinates":[27.2764424,38.4420929]}},{"type":"Feature","id":"node/7445233772","properties":{"amenity":"fuel","brand":"Opet","brand:wikidata":"Q7072824","brand:wikipedia":"en:Opet","name":"Opet","id":"node/7445233772"},"geometry":{"type":"Point","coordinates":[27.2193281,38.4294769]}},{"type":"Feature","id":"node/7445233773","properties":{"amenity":"fuel","brand":"Petrol Ofisi","brand:wikidata":"Q152057","brand:wikipedia":"en:BP","fixme":"check brand, BP in Turkey is acquired by Petrol Ofisi. Don't delete fixme if still BP please.","name":"Petrol Ofisi","id":"node/7445233773"},"geometry":{"type":"Point","coordinates":[27.2173986,38.428809]}},{"type":"Feature","id":"node/7499446064","properties":{"name":"Bornova Fırını","shop":"supermarket","id":"node/7499446064"},"geometry":{"type":"Point","coordinates":[27.2089698,38.4645584]}},{"type":"Feature","id":"node/7729209118","properties":{"name":"Stadyum","public_transport":"stop_position","railway":"stop","subway":"yes","id":"node/7729209118"},"geometry":{"type":"Point","coordinates":[27.1806783,38.4424121]}},{"type":"Feature","id":"node/7729209119","properties":{"name":"Sanayi","public_transport":"stop_position","railway":"stop","subway":"yes","id":"node/7729209119"},"geometry":{"type":"Point","coordinates":[27.1903888,38.4483568]}},{"type":"Feature","id":"node/7729209120","properties":{"name":"Bölge","public_transport":"stop_position","railway":"stop","subway":"yes","id":"node/7729209120"},"geometry":{"type":"Point","coordinates":[27.2012882,38.4550078]}},{"type":"Feature","id":"node/7729209122","properties":{"name":"Bornova","public_transport":"station","railway":"station","station":"subway","subway":"yes","wheelchair":"yes","wikidata":"Q2199792","wikimedia_commons":"Category:Bornova metro station","wikipedia":"tr:Bornova (İzmir metrosu)","id":"node/7729209122"},"geometry":{"type":"Point","coordinates":[27.2126033,38.4583873]}},{"type":"Feature","id":"node/7729209135","properties":{"name":"Ege Üniversitesi","public_transport":"station","railway":"station","station":"subway","subway":"yes","wheelchair":"limited","wikidata":"Q3049125","wikimedia_commons":"Category:Ege Üniversitesi metro station","wikipedia":"tr:Ege Üniversitesi (İzmir metrosu)","id":"node/7729209135"},"geometry":{"type":"Point","coordinates":[27.2288236,38.4596934]}},{"type":"Feature","id":"node/7742534485","properties":{"amenity":"cafe","check_date":"2026-08-19","cuisine":"turkish","name":"Manti Evi","name:en":"Manti Hut","id":"node/7742534485"},"geometry":{"type":"Point","coordinates":[27.2209195,38.4655632]}},{"type":"Feature","id":"node/7814449315","properties":{"brand":"Migros","brand:wikidata":"Q1754510","brand:wikipedia":"en:Migros","name":"Migros","shop":"supermarket","id":"node/7814449315"},"geometry":{"type":"Point","coordinates":[27.2144047,38.4922242]}},{"type":"Feature","id":"node/7814449317","properties":{"addr:postcode":"35030","amenity":"pharmacy","healthcare":"pharmacy","name":"Filiz Eczanesi","phone":"+90 232 351 1020","id":"node/7814449317"},"geometry":{"type":"Point","coordinates":[27.2142175,38.4901192]}},{"type":"Feature","id":"node/7814449318","properties":{"amenity":"fast_food","name":"Simit Durağı & Fırın","id":"node/7814449318"},"geometry":{"type":"Point","coordinates":[27.2140103,38.4924511]}},{"type":"Feature","id":"node/7814449329","properties":{"brand":"A101","brand:wikidata":"Q6034496","brand:wikipedia":"tr:A101","name":"A101","opening_hours":"Mo-Su 09:00-21:30","shop":"supermarket","id":"node/7814449329"},"geometry":{"type":"Point","coordinates":[27.2143852,38.4920273]}},{"type":"Feature","id":"node/7814449330","properties":{"amenity":"fast_food","name":"Battalbey","id":"node/7814449330"},"geometry":{"type":"Point","coordinates":[27.2140076,38.4920983]}},{"type":"Feature","id":"node/7824863337","properties":{"addr:housenumber":"251A","amenity":"fast_food","brand":"Burger King","brand:wikidata":"Q177054","brand:wikipedia":"en:Burger King","cuisine":"burger","name":"Burger King","takeaway":"yes","id":"node/7824863337"},"geometry":{"type":"Point","coordinates":[27.2130004,38.4589824]}},{"type":"Feature","id":"node/7824886357","properties":{"brand":"Migros Jet","brand:wikidata":"Q1754510","brand:wikipedia":"tr:Migros (Türkiye)","name":"Migros Jet","shop":"convenience","id":"node/7824886357"},"geometry":{"type":"Point","coordinates":[27.2131486,38.4589912]}},{"type":"Feature","id":"node/7824886359","properties":{"amenity":"restaurant","name":"Küçükpark Pilavcısı","id":"node/7824886359"},"geometry":{"type":"Point","coordinates":[27.2138048,38.4602075]}},{"type":"Feature","id":"node/7824886360","properties":{"amenity":"fast_food","name":"Adana Katık Plus","id":"node/7824886360"},"geometry":{"type":"Point","coordinates":[27.2137335,38.4599748]}},{"type":"Feature","id":"node/7824886363","properties":{"amenity":"fast_food","name":"Acar Kardeşler Gevrek Evi","id":"node/7824886363"},"geometry":{"type":"Point","coordinates":[27.2138092,38.4599971]}},{"type":"Feature","id":"node/7824886364","properties":{"brand":"Şok","brand:wikidata":"Q19613992","brand:wikipedia":"tr:Şok (market)","name":"Şok","shop":"supermarket","id":"node/7824886364"},"geometry":{"type":"Point","coordinates":[27.2141664,38.460323]}},{"type":"Feature","id":"node/7824886365","properties":{"name":"Köşem Büfe & Tekel","shop":"supermarket","id":"node/7824886365"},"geometry":{"type":"Point","coordinates":[27.2136816,38.4601595]}},{"type":"Feature","id":"node/7824886366","properties":{"amenity":"fast_food","name":"Ayla Tantuni","id":"node/7824886366"},"geometry":{"type":"Point","coordinates":[27.2137596,38.4601782]}},{"type":"Feature","id":"node/7824886367","properties":{"amenity":"restaurant","name":"Dilek Et & Köfte","id":"node/7824886367"},"geometry":{"type":"Point","coordinates":[27.2138726,38.4603106]}},{"type":"Feature","id":"node/7824886368","properties":{"name":"Üniversite 2","shop":"bakery","id":"node/7824886368"},"geometry":{"type":"Point","coordinates":[27.2139517,38.460074]}},{"type":"Feature","id":"node/7824886369","properties":{"amenity":"bar","name":"Rockkas","id":"node/7824886369"},"geometry":{"type":"Point","coordinates":[27.2131298,38.4592241]}},{"type":"Feature","id":"node/7824886370","properties":{"name":"Gama Kitabevi","shop":"books","id":"node/7824886370"},"geometry":{"type":"Point","coordinates":[27.212659,38.4588771]}},{"type":"Feature","id":"node/7824886371","properties":{"amenity":"fast_food","name":"Kavur King's","id":"node/7824886371"},"geometry":{"type":"Point","coordinates":[27.2136757,38.4599376]}},{"type":"Feature","id":"node/7844766549","properties":{"addr:city":"İzmir","brand":"A101","brand:wikidata":"Q6034496","brand:wikipedia":"tr:A101","name":"A101","opening_hours":"Mo-Su 09:00-21:30","shop":"supermarket","id":"node/7844766549"},"geometry":{"type":"Point","coordinates":[27.2098908,38.4317606]}},{"type":"Feature","id":"node/7976854660","properties":{"amenity":"school","name":"Özel İzmir Gülce Anaokulu","id":"node/7976854660"},"geometry":{"type":"Point","coordinates":[27.2149396,38.4463278]}},{"type":"Feature","id":"node/8042336021","properties":{"addr:city":"İzmir","addr:district":"Bornova","addr:housenumber":"17A","addr:neighbourhood":"Kazım Dirik","addr:postcode":"35100","addr:street":"Sanayi Caddesi","amenity":"cafe","cuisine":"coffee_shop","name":"Corvo House","id":"node/8042336021"},"geometry":{"type":"Point","coordinates":[27.2032332,38.4534552]}},{"type":"Feature","id":"node/8050730530","properties":{"addr:city":"Izmir, Bornova","addr:district":"Bornova","addr:housenumber":"3C","addr:neighbourhood":"Kazım Dirik","addr:postcode":"35100","addr:street":"Gediz Caddesi","amenity":"cafe","cuisine":"kahve","internet_access":"yes","internet_access:fee":"no","name":"Unicorner Coffee And More","opening_hours:covid19":"Mo-Su 08:00-20:00","id":"node/8050730530"},"geometry":{"type":"Point","coordinates":[27.2099967,38.4600008]}},{"type":"Feature","id":"node/8085959868","properties":{"amenity":"school","name":"Özel Bizim Melekler anaokulu","id":"node/8085959868"},"geometry":{"type":"Point","coordinates":[27.2101213,38.4817629]}},{"type":"Feature","id":"node/8085959869","properties":{"amenity":"taxi","name":"Bornova Atatürk QuarterTaksi Durağı","id":"node/8085959869"},"geometry":{"type":"Point","coordinates":[27.2072674,38.4775651]}},{"type":"Feature","id":"node/8086301236","properties":{"amenity":"pharmacy","dispensing":"yes","healthcare":"pharmacy","name":"Evka-4 Eczanesi","id":"node/8086301236"},"geometry":{"type":"Point","coordinates":[27.2145581,38.4923381]}},{"type":"Feature","id":"node/8086301237","properties":{"addr:housenumber":"29/A","addr:postcode":"35030","addr:street":"1027. Sokak","amenity":"pharmacy","dispensing":"yes","healthcare":"pharmacy","name":"Eda Eczanesi","phone":"+90 232 351 6016","id":"node/8086301237"},"geometry":{"type":"Point","coordinates":[27.2137829,38.4899259]}},{"type":"Feature","id":"node/8086301238","properties":{"amenity":"taxi","name":"Evka 4 Merkez Taksi","id":"node/8086301238"},"geometry":{"type":"Point","coordinates":[27.2146224,38.4895858]}},{"type":"Feature","id":"node/8086301239","properties":{"name":"Kent Ekmek Satış Büfesi Evka 4","shop":"bakery","id":"node/8086301239"},"geometry":{"type":"Point","coordinates":[27.2134154,38.4891827]}},{"type":"Feature","id":"node/8086301243","properties":{"name":"Kaymaz Market","shop":"convenience","id":"node/8086301243"},"geometry":{"type":"Point","coordinates":[27.21381,38.4964614]}},{"type":"Feature","id":"node/8086301244","properties":{"name":"Cem Market","shop":"convenience","id":"node/8086301244"},"geometry":{"type":"Point","coordinates":[27.2125253,38.4961337]}},{"type":"Feature","id":"node/8086301245","properties":{"brand":"BİM","brand:wikidata":"Q1022075","brand:wikipedia":"en:Bim (company)","name":"BİM","opening_hours":"Mo-Su 09:00-21:00","shop":"supermarket","id":"node/8086301245"},"geometry":{"type":"Point","coordinates":[27.2134131,38.4948884]}},{"type":"Feature","id":"node/8088027472","properties":{"name":"Kent Ekmek","shop":"bakery","id":"node/8088027472"},"geometry":{"type":"Point","coordinates":[27.214292,38.4895001]}},{"type":"Feature","id":"node/8088027491","properties":{"name":"Alternatif Toptan Fiyatına Perakende","shop":"supermarket","id":"node/8088027491"},"geometry":{"type":"Point","coordinates":[27.2155739,38.4910432]}},{"type":"Feature","id":"node/8088027492","properties":{"name":"Sude Market","shop":"convenience","id":"node/8088027492"},"geometry":{"type":"Point","coordinates":[27.2163437,38.4912804]}},{"type":"Feature","id":"node/8105166297","properties":{"shop":"car_parts","id":"node/8105166297"},"geometry":{"type":"Point","coordinates":[27.2359081,38.4486478]}},{"type":"Feature","id":"node/8105166298","properties":{"shop":"yes","id":"node/8105166298"},"geometry":{"type":"Point","coordinates":[27.2360913,38.4486558]}},{"type":"Feature","id":"node/8105166299","properties":{"shop":"clothes","id":"node/8105166299"},"geometry":{"type":"Point","coordinates":[27.2359064,38.4491814]}},{"type":"Feature","id":"node/8105166302","properties":{"shop":"locksmith","id":"node/8105166302"},"geometry":{"type":"Point","coordinates":[27.2358224,38.4494212]}},{"type":"Feature","id":"node/8105166303","properties":{"amenity":"cafe","id":"node/8105166303"},"geometry":{"type":"Point","coordinates":[27.2358038,38.449484]}},{"type":"Feature","id":"node/8105166306","properties":{"shop":"hairdresser","id":"node/8105166306"},"geometry":{"type":"Point","coordinates":[27.2358071,38.4496579]}},{"type":"Feature","id":"node/8105249822","properties":{"bus":"yes","highway":"bus_stop","public_transport":"platform","shelter":"yes","id":"node/8105249822"},"geometry":{"type":"Point","coordinates":[27.3187474,38.449869]}},{"type":"Feature","id":"node/8105309367","properties":{"shop":"hairdresser","id":"node/8105309367"},"geometry":{"type":"Point","coordinates":[27.2357382,38.4501738]}},{"type":"Feature","id":"node/8105309368","properties":{"shop":"interior_decoration","id":"node/8105309368"},"geometry":{"type":"Point","coordinates":[27.2355594,38.4503595]}},{"type":"Feature","id":"node/8105309369","properties":{"shop":"convenience","id":"node/8105309369"},"geometry":{"type":"Point","coordinates":[27.2355282,38.4505875]}},{"type":"Feature","id":"node/8112553309","properties":{"bus":"yes","highway":"bus_stop","name":"Stadyum İstayon","public_transport":"platform","ref":"30136","id":"node/8112553309"},"geometry":{"type":"Point","coordinates":[27.1802957,38.442033]}},{"type":"Feature","id":"node/8112616872","properties":{"bus":"yes","highway":"bus_stop","name":"İzbeton","public_transport":"platform","id":"node/8112616872"},"geometry":{"type":"Point","coordinates":[27.2863004,38.4499812]}},{"type":"Feature","id":"node/8112616873","properties":{"bus":"yes","highway":"bus_stop","name":"İzbeton","public_transport":"platform","id":"node/8112616873"},"geometry":{"type":"Point","coordinates":[27.2868341,38.4496599]}},{"type":"Feature","id":"node/8112616874","properties":{"bus":"yes","highway":"bus_stop","name":"Belkahve Çay Bahçesi","public_transport":"platform","id":"node/8112616874"},"geometry":{"type":"Point","coordinates":[27.3152688,38.4537629]}},{"type":"Feature","id":"node/8112616875","properties":{"bus":"yes","highway":"bus_stop","name":"Belkahve Çay Bahçesi","public_transport":"platform","id":"node/8112616875"},"geometry":{"type":"Point","coordinates":[27.3151013,38.453466]}},{"type":"Feature","id":"node/8133014593","properties":{"bus":"yes","highway":"bus_stop","public_transport":"platform","id":"node/8133014593"},"geometry":{"type":"Point","coordinates":[27.1916861,38.4062032]}},{"type":"Feature","id":"node/8134062362","properties":{"amenity":"fuel","brand":"Opet","brand:wikidata":"Q7072824","name":"Opet","wheelchair":"limited","id":"node/8134062362"},"geometry":{"type":"Point","coordinates":[27.2757236,38.5198915]}},{"type":"Feature","id":"node/8140536289","properties":{"addr:city":"Izmir","addr:district":"Bornova","addr:housenumber":"38C","addr:postcode":"35100","addr:street":"Zafer Caddesi","name":"cut & More Bayan Kuaforu","shop":"hairdresser","id":"node/8140536289"},"geometry":{"type":"Point","coordinates":[27.2113054,38.4618451]}},{"type":"Feature","id":"node/8140536290","properties":{"addr:city":"Izmir","addr:district":"Bornova","addr:housenumber":"28","addr:postcode":"35100","addr:street":"Zafer Caddesi","amenity":"restaurant","name":"Buffalos Burger","id":"node/8140536290"},"geometry":{"type":"Point","coordinates":[27.2112647,38.4617693]}},{"type":"Feature","id":"node/8140536291","properties":{"addr:city":"Izmir","addr:district":"Bornova","addr:housenumber":"26","addr:postcode":"35100","addr:street":"Zafer Caddesi","check_date":"2026-07-25","name":"Gümüş Merdiven","shop":"jewelry","id":"node/8140536291"},"geometry":{"type":"Point","coordinates":[27.2114595,38.461571]}},{"type":"Feature","id":"node/8140536292","properties":{"addr:city":"Izmir","addr:district":"Bornova","addr:housenumber":"24","addr:postcode":"35100","addr:street":"Zafer Caddesi","beauty":"nails","check_date":"2026-07-25","name":"Daphne","shop":"beauty","id":"node/8140536292"},"geometry":{"type":"Point","coordinates":[27.2116486,38.4613927]}},{"type":"Feature","id":"node/8140536293","properties":{"addr:city":"Izmir","addr:district":"Bornova","addr:housenumber":"15a","addr:postcode":"35100","addr:street":"175. Sokak","shop":"pet","id":"node/8140536293"},"geometry":{"type":"Point","coordinates":[27.2117306,38.4615572]}},{"type":"Feature","id":"node/8140536296","properties":{"amenity":"cafe","name":"Cafe Kasaba","id":"node/8140536296"},"geometry":{"type":"Point","coordinates":[27.2112564,38.4612187]}},{"type":"Feature","id":"node/8140536297","properties":{"addr:city":"Izmir","addr:district":"Bornova","addr:housenumber":"25B","addr:postcode":"35100","addr:street":"Zafer Caddesi","name":"Ikizler Binbir Cesit Dunyasi","shop":"furniture","id":"node/8140536297"},"geometry":{"type":"Point","coordinates":[27.2114799,38.4612795]}},{"type":"Feature","id":"node/8181673582","properties":{"brand":"Nike","brand:wikidata":"Q483915","brand:wikipedia":"en:Nike, Inc.","name":"Nike","shop":"clothes","id":"node/8181673582"},"geometry":{"type":"Point","coordinates":[27.2093795,38.4502376]}},{"type":"Feature","id":"node/8181673583","properties":{"amenity":"pharmacy","dispensing":"yes","healthcare":"pharmacy","name":"Forum Eczanesi","phone":"+90 232 512 4053","id":"node/8181673583"},"geometry":{"type":"Point","coordinates":[27.2089963,38.4496975]}},{"type":"Feature","id":"node/8181673584","properties":{"branch":"Extra","brand":"Teknosa","brand:wikidata":"Q6559269","brand:wikipedia":"tr:Teknosa","name":"Teknosa","shop":"electronics","id":"node/8181673584"},"geometry":{"type":"Point","coordinates":[27.2090161,38.4498328]}},{"type":"Feature","id":"node/8181673585","properties":{"brand":"Koton","brand:wikidata":"Q6063877","brand:wikipedia":"tr:Koton","name":"Koton","shop":"clothes","id":"node/8181673585"},"geometry":{"type":"Point","coordinates":[27.2094866,38.4497981]}},{"type":"Feature","id":"node/8181673586","properties":{"brand":"LC Waikiki","brand:wikidata":"Q3205965","brand:wikipedia":"fr:LC Waikiki","name":"LC Waikiki","shop":"clothes","id":"node/8181673586"},"geometry":{"type":"Point","coordinates":[27.210764,38.4499253]}},{"type":"Feature","id":"node/8181673587","properties":{"name":"Mudo Store","shop":"clothes","id":"node/8181673587"},"geometry":{"type":"Point","coordinates":[27.2116063,38.4502884]}},{"type":"Feature","id":"node/8181673589","properties":{"amenity":"taxi","name":"Forum Bornova Taksi","id":"node/8181673589"},"geometry":{"type":"Point","coordinates":[27.2121319,38.4506169]}},{"type":"Feature","id":"node/8181673590","properties":{"amenity":"cafe","name":"Hasan Usta Süt Tatlıları","id":"node/8181673590"},"geometry":{"type":"Point","coordinates":[27.2119036,38.4508428]}},{"type":"Feature","id":"node/8181673592","properties":{"name":"Philips Siemens","shop":"electronics","id":"node/8181673592"},"geometry":{"type":"Point","coordinates":[27.2118576,38.4510271]}},{"type":"Feature","id":"node/8181673593","properties":{"name":"Tefal","shop":"kitchen","id":"node/8181673593"},"geometry":{"type":"Point","coordinates":[27.2117727,38.4509633]}},{"type":"Feature","id":"node/8181673594","properties":{"amenity":"cafe","name":"Pump Waffle","id":"node/8181673594"},"geometry":{"type":"Point","coordinates":[27.2120116,38.4509883]}},{"type":"Feature","id":"node/8181673595","properties":{"amenity":"cafe","name":"Waffle'cı Akın","id":"node/8181673595"},"geometry":{"type":"Point","coordinates":[27.2121177,38.4510285]}},{"type":"Feature","id":"node/8181673596","properties":{"amenity":"cafe","brand":"Mado","brand:wikidata":"Q17116336","brand:wikipedia":"en:Mado (food company)","cuisine":"coffee_shop","name":"Mado","takeaway":"yes","id":"node/8181673596"},"geometry":{"type":"Point","coordinates":[27.2120363,38.4511698]}},{"type":"Feature","id":"node/8181673601","properties":{"amenity":"cafe","name":"Özsüt","id":"node/8181673601"},"geometry":{"type":"Point","coordinates":[27.2113073,38.4506276]}},{"type":"Feature","id":"node/8181673607","properties":{"name":"Kidsmall","shop":"department_store","id":"node/8181673607"},"geometry":{"type":"Point","coordinates":[27.2075545,38.4494839]}},{"type":"Feature","id":"node/8181673608","properties":{"amenity":"fast_food","brand":"Burger King","brand:wikidata":"Q177054","brand:wikipedia":"en:Burger King","cuisine":"burger","name":"Burger King","takeaway":"yes","id":"node/8181673608"},"geometry":{"type":"Point","coordinates":[27.2073943,38.4499749]}},{"type":"Feature","id":"node/8181673609","properties":{"name":"Hayal Dünyası Oyuncak","shop":"toys","id":"node/8181673609"},"geometry":{"type":"Point","coordinates":[27.2075669,38.449432]}},{"type":"Feature","id":"node/8181673610","properties":{"name":"Strike Rite","shop":"department_store","id":"node/8181673610"},"geometry":{"type":"Point","coordinates":[27.2075869,38.449385]}},{"type":"Feature","id":"node/8181673611","properties":{"name":"B&G Store","shop":"department_store","id":"node/8181673611"},"geometry":{"type":"Point","coordinates":[27.2075961,38.4493439]}},{"type":"Feature","id":"node/8181673612","properties":{"name":"Joker Baby","shop":"baby_goods","id":"node/8181673612"},"geometry":{"type":"Point","coordinates":[27.2076054,38.44928]}},{"type":"Feature","id":"node/8181675051","properties":{"name":"EnPlus","shop":"department_store","id":"node/8181675051"},"geometry":{"type":"Point","coordinates":[27.2119614,38.4511233]}},{"type":"Feature","id":"node/8181675055","properties":{"amenity":"taxi","name":"Forum Bornova Taksi","id":"node/8181675055"},"geometry":{"type":"Point","coordinates":[27.209287,38.4494776]}},{"type":"Feature","id":"node/8181675058","properties":{"name":"babyboom","shop":"baby_goods","id":"node/8181675058"},"geometry":{"type":"Point","coordinates":[27.2073424,38.4500711]}},{"type":"Feature","id":"node/8181675059","properties":{"name":"Soobe","shop":"baby_goods","id":"node/8181675059"},"geometry":{"type":"Point","coordinates":[27.207285,38.4501798]}},{"type":"Feature","id":"node/8206596452","properties":{"leisure":"park","id":"node/8206596452"},"geometry":{"type":"Point","coordinates":[27.2108242,38.4812613]}},{"type":"Feature","id":"node/8206596462","properties":{"amenity":"place_of_worship","id":"node/8206596462"},"geometry":{"type":"Point","coordinates":[27.2106662,38.4814071]}},{"type":"Feature","id":"node/8206596501","properties":{"amenity":"parking","id":"node/8206596501"},"geometry":{"type":"Point","coordinates":[27.2126789,38.4811555]}},{"type":"Feature","id":"node/8238306785","properties":{"name":"Arzu Büfe","shop":"kiosk","id":"node/8238306785"},"geometry":{"type":"Point","coordinates":[27.2353002,38.4442326]}},{"type":"Feature","id":"node/8238306786","properties":{"name":"Arzu Market","shop":"convenience","id":"node/8238306786"},"geometry":{"type":"Point","coordinates":[27.2352626,38.4442179]}},{"type":"Feature","id":"node/8238307220","properties":{"amenity":"restaurant","cuisine":"turkish","name":"Papatya Çorba Pide Kebap","id":"node/8238307220"},"geometry":{"type":"Point","coordinates":[27.2301814,38.4469116]}},{"type":"Feature","id":"node/8238307221","properties":{"name":"Boyraz Oto Lastik","shop":"car_repair","id":"node/8238307221"},"geometry":{"type":"Point","coordinates":[27.2259714,38.4459424]}},{"type":"Feature","id":"node/8238307222","properties":{"name":"Çelik Market","shop":"convenience","id":"node/8238307222"},"geometry":{"type":"Point","coordinates":[27.2256375,38.4457943]}},{"type":"Feature","id":"node/8238307223","properties":{"name":"Cafe evimm Unlu Mamüller","shop":"pastry","id":"node/8238307223"},"geometry":{"type":"Point","coordinates":[27.2252196,38.4457412]}},{"type":"Feature","id":"node/8238307233","properties":{"amenity":"restaurant","cuisine":"turkish","name":"Kasap Döner","id":"node/8238307233"},"geometry":{"type":"Point","coordinates":[27.2273368,38.44588]}},{"type":"Feature","id":"node/8238307236","properties":{"name":"Star Oyun Aletleri","shop":"toys","id":"node/8238307236"},"geometry":{"type":"Point","coordinates":[27.2266111,38.4460726]}},{"type":"Feature","id":"node/8302595387","properties":{"amenity":"restaurant","cuisine":"dessert","name":"Tat İmren","id":"node/8302595387"},"geometry":{"type":"Point","coordinates":[27.2136719,38.4589921]}},{"type":"Feature","id":"node/8345281805","properties":{"amenity":"car_rental","name":"Ege Oto Kiralama","phone":"+90 532 607 67 69","id":"node/8345281805"},"geometry":{"type":"Point","coordinates":[27.212674,38.430994]}},{"type":"Feature","id":"node/8384886444","properties":{"amenity":"dentist","healthcare":"dentist","id":"node/8384886444"},"geometry":{"type":"Point","coordinates":[27.216164,38.4593011]}},{"type":"Feature","id":"node/8394113351","properties":{"addr:postcode":"35030","amenity":"pharmacy","dispensing":"yes","healthcare":"pharmacy","name":"Halil Eczanesi","phone":"+90 232 373 6074","id":"node/8394113351"},"geometry":{"type":"Point","coordinates":[27.2202797,38.4712859]}},{"type":"Feature","id":"node/8394113352","properties":{"addr:postcode":"35030","amenity":"pharmacy","dispensing":"yes","healthcare":"pharmacy","name":"Mürdüm Eczanesi","phone":"+90 232 343 1452","id":"node/8394113352"},"geometry":{"type":"Point","coordinates":[27.2208194,38.4714244]}},{"type":"Feature","id":"node/8402852057","properties":{"brand":"Colin's","brand:wikidata":"Q18015543","brand:wikipedia":"be:Colin’s","name":"Colin's","shop":"clothes","id":"node/8402852057"},"geometry":{"type":"Point","coordinates":[27.2139064,38.4590173]}},{"type":"Feature","id":"node/8402873211","properties":{"amenity":"restaurant","cuisine":"turkish","name":"Pidematik","takeaway":"yes","id":"node/8402873211"},"geometry":{"type":"Point","coordinates":[27.2139825,38.4592761]}},{"type":"Feature","id":"node/8402873215","properties":{"name":"ÇOLO","shop":"convenience","id":"node/8402873215"},"geometry":{"type":"Point","coordinates":[27.2139222,38.4594275]}},{"type":"Feature","id":"node/8425950751","properties":{"name":"Ege Üniversitesi Tabiat Tarihi Müzesi","tourism":"museum","website":"https://tabiattarihi.ege.edu.tr/tr-0/anasayfa.html","wikidata":"Q28222005","wikipedia":"en:Natural History Museum of Ege University","id":"node/8425950751"},"geometry":{"type":"Point","coordinates":[27.2196992,38.4621568]}},{"type":"Feature","id":"node/8435677061","properties":{"air_conditioning":"yes","currency:TRY":"yes","description":"Small general shop in Küçükpark, İzmir/Bornova.","name":"Metro Büfe","shop":"general","id":"node/8435677061"},"geometry":{"type":"Point","coordinates":[27.2137549,38.459004]}},{"type":"Feature","id":"node/8450916814","properties":{"bus":"yes","highway":"bus_stop","name":"Yener Caddesi","public_transport":"platform","id":"node/8450916814"},"geometry":{"type":"Point","coordinates":[27.2048206,38.4236418]}},{"type":"Feature","id":"node/8450916815","properties":{"bus":"yes","highway":"bus_stop","name":"Merkez Mahallesi Muhtarlık","public_transport":"platform","id":"node/8450916815"},"geometry":{"type":"Point","coordinates":[27.2013239,38.4168788]}},{"type":"Feature","id":"node/8450916816","properties":{"bus":"yes","highway":"bus_stop","name":"Tekstilciler Çarşısı","public_transport":"platform","ref":"30410","id":"node/8450916816"},"geometry":{"type":"Point","coordinates":[27.1881137,38.4197662]}},{"type":"Feature","id":"node/8450926517","properties":{"bus":"yes","highway":"bus_stop","name":"Tekstilciler Çarşısı","public_transport":"platform","ref":"30410","id":"node/8450926517"},"geometry":{"type":"Point","coordinates":[27.1878235,38.4197468]}},{"type":"Feature","id":"node/8450926528","properties":{"bus":"yes","highway":"bus_stop","name":"MTK Çiçek","public_transport":"platform","id":"node/8450926528"},"geometry":{"type":"Point","coordinates":[27.185753,38.4218875]}},{"type":"Feature","id":"node/8450926529","properties":{"bus":"yes","highway":"bus_stop","name":"MTK Çiçek","public_transport":"platform","id":"node/8450926529"},"geometry":{"type":"Point","coordinates":[27.1857495,38.4216795]}},{"type":"Feature","id":"node/8450926530","properties":{"bus":"yes","highway":"bus_stop","name":"Tekstilciler Cami","public_transport":"platform","id":"node/8450926530"},"geometry":{"type":"Point","coordinates":[27.183941,38.4219124]}},{"type":"Feature","id":"node/8450926531","properties":{"bus":"yes","highway":"bus_stop","name":"Tekstilciler Cami","public_transport":"platform","id":"node/8450926531"},"geometry":{"type":"Point","coordinates":[27.1838419,38.4217017]}},{"type":"Feature","id":"node/8450926532","properties":{"bus":"yes","highway":"bus_stop","name":"Hürsa","public_transport":"platform","id":"node/8450926532"},"geometry":{"type":"Point","coordinates":[27.180646,38.4230603]}},{"type":"Feature","id":"node/8450926533","properties":{"bus":"yes","highway":"bus_stop","name":"Hürsa","public_transport":"platform","id":"node/8450926533"},"geometry":{"type":"Point","coordinates":[27.1804549,38.4229356]}},{"type":"Feature","id":"node/8450926534","properties":{"bus":"yes","highway":"bus_stop","name":"Katip","public_transport":"platform","id":"node/8450926534"},"geometry":{"type":"Point","coordinates":[27.1815272,38.4241667]}},{"type":"Feature","id":"node/8450926535","properties":{"bus":"yes","highway":"bus_stop","name":"Katip","public_transport":"platform","id":"node/8450926535"},"geometry":{"type":"Point","coordinates":[27.1814848,38.4243857]}},{"type":"Feature","id":"node/8450926536","properties":{"bus":"yes","highway":"bus_stop","name":"MTK Giriş","public_transport":"platform","id":"node/8450926536"},"geometry":{"type":"Point","coordinates":[27.181283,38.4254671]}},{"type":"Feature","id":"node/8450926537","properties":{"bus":"yes","highway":"bus_stop","name":"MTK Giriş","public_transport":"platform","id":"node/8450926537"},"geometry":{"type":"Point","coordinates":[27.1811273,38.4253367]}},{"type":"Feature","id":"node/8450962066","properties":{"bus":"yes","highway":"bus_stop","operator":"Eshot","public_transport":"platform","id":"node/8450962066"},"geometry":{"type":"Point","coordinates":[27.200389,38.4300285]}},{"type":"Feature","id":"node/8450962067","properties":{"bus":"yes","highway":"bus_stop","name":"Depo","public_transport":"platform","id":"node/8450962067"},"geometry":{"type":"Point","coordinates":[27.2067458,38.4284716]}},{"type":"Feature","id":"node/8450962068","properties":{"bus":"yes","highway":"bus_stop","name":"Bulvar","public_transport":"platform","id":"node/8450962068"},"geometry":{"type":"Point","coordinates":[27.209994,38.4280786]}},{"type":"Feature","id":"node/8450962069","properties":{"bus":"yes","highway":"bus_stop","name":"Bulvar","public_transport":"platform","id":"node/8450962069"},"geometry":{"type":"Point","coordinates":[27.2100315,38.4277887]}},{"type":"Feature","id":"node/8450962070","properties":{"bus":"yes","highway":"bus_stop","name":"Duyar","public_transport":"platform","id":"node/8450962070"},"geometry":{"type":"Point","coordinates":[27.2393964,38.4251999]}},{"type":"Feature","id":"node/8450962071","properties":{"bus":"yes","highway":"bus_stop","name":"Duyar","public_transport":"platform","id":"node/8450962071"},"geometry":{"type":"Point","coordinates":[27.2391335,38.4251957]}},{"type":"Feature","id":"node/8450962072","properties":{"bus":"yes","highway":"bus_stop","name":"Meltem","public_transport":"platform","id":"node/8450962072"},"geometry":{"type":"Point","coordinates":[27.2392515,38.42794]}},{"type":"Feature","id":"node/8450962073","properties":{"bus":"yes","highway":"bus_stop","name":"Meltem","public_transport":"platform","id":"node/8450962073"},"geometry":{"type":"Point","coordinates":[27.2390933,38.4279673]}},{"type":"Feature","id":"node/8450962075","properties":{"bus":"yes","highway":"bus_stop","name":"Egemenlik","public_transport":"platform","id":"node/8450962075"},"geometry":{"type":"Point","coordinates":[27.2360294,38.428247]}},{"type":"Feature","id":"node/8450962076","properties":{"bus":"yes","highway":"bus_stop","name":"Egemenlik","public_transport":"platform","id":"node/8450962076"},"geometry":{"type":"Point","coordinates":[27.2358753,38.4282379]}},{"type":"Feature","id":"node/8450962077","properties":{"bus":"yes","highway":"bus_stop","name":"Caner","public_transport":"platform","id":"node/8450962077"},"geometry":{"type":"Point","coordinates":[27.2364894,38.4301786]}},{"type":"Feature","id":"node/8450962078","properties":{"bus":"yes","highway":"bus_stop","name":"Caner","public_transport":"platform","id":"node/8450962078"},"geometry":{"type":"Point","coordinates":[27.2366481,38.4300415]}},{"type":"Feature","id":"node/8450962079","properties":{"bus":"yes","highway":"bus_stop","name":"Ayakkabıcılar Sitesi Son Durak","public_transport":"platform","id":"node/8450962079"},"geometry":{"type":"Point","coordinates":[27.238341,38.4302006]}},{"type":"Feature","id":"node/8451181248","properties":{"bus":"yes","highway":"bus_stop","name":"Sedir","public_transport":"platform","id":"node/8451181248"},"geometry":{"type":"Point","coordinates":[27.2010053,38.4520269]}},{"type":"Feature","id":"node/8451237696","properties":{"bus":"yes","highway":"bus_stop","name":"Sevgi","public_transport":"platform","id":"node/8451237696"},"geometry":{"type":"Point","coordinates":[27.2024856,38.4363218]}},{"type":"Feature","id":"node/8451237697","properties":{"bus":"yes","highway":"bus_stop","name":"Otogar Yeni","public_transport":"platform","id":"node/8451237697"},"geometry":{"type":"Point","coordinates":[27.2127699,38.4289591]}},{"type":"Feature","id":"node/8516343808","properties":{"name":"Aydar Unlu Mamülleri","shop":"bakery","id":"node/8516343808"},"geometry":{"type":"Point","coordinates":[27.2066517,38.4884541]}},{"type":"Feature","id":"node/8769612801","properties":{"brand":"BİM","brand:wikidata":"Q1022075","brand:wikipedia":"en:Bim (company)","name":"BİM","opening_hours":"Mo-Su 09:00-21:00","shop":"supermarket","id":"node/8769612801"},"geometry":{"type":"Point","coordinates":[27.2130585,38.4875459]}},{"type":"Feature","id":"node/8769612802","properties":{"amenity":"fast_food","branch":"Çiğ Köfte","brand":"Komagene","brand:wikidata":"Q108919263","cuisine":"kebab","drive_through":"no","name":"Komagene","takeaway":"yes","id":"node/8769612802"},"geometry":{"type":"Point","coordinates":[27.2138479,38.4875782]}},{"type":"Feature","id":"node/8769612803","properties":{"name":"Özmenler AVM","shop":"supermarket","id":"node/8769612803"},"geometry":{"type":"Point","coordinates":[27.2147291,38.4876129]}},{"type":"Feature","id":"node/8769621806","properties":{"brand":"A101","brand:wikidata":"Q6034496","brand:wikipedia":"tr:A101","name":"A101","opening_hours":"Mo-Su 09:00-21:30","shop":"supermarket","id":"node/8769621806"},"geometry":{"type":"Point","coordinates":[27.2094589,38.4880552]}},{"type":"Feature","id":"node/8769621807","properties":{"amenity":"restaurant","name":"Özenen Pide","id":"node/8769621807"},"geometry":{"type":"Point","coordinates":[27.2096286,38.4880394]}},{"type":"Feature","id":"node/8769625660","properties":{"name":"Sultan Fırın","shop":"bakery","id":"node/8769625660"},"geometry":{"type":"Point","coordinates":[27.2143347,38.4875977]}},{"type":"Feature","id":"node/8769625661","properties":{"name":"Buse Unlu Mamülleri","shop":"bakery","id":"node/8769625661"},"geometry":{"type":"Point","coordinates":[27.2145497,38.487613]}},{"type":"Feature","id":"node/8868883444","properties":{"shop":"hairdresser","id":"node/8868883444"},"geometry":{"type":"Point","coordinates":[27.2132179,38.4875947]}},{"type":"Feature","id":"node/8930773946","properties":{"brand":"Colin's","brand:wikidata":"Q18015543","brand:wikipedia":"be:Colin’s","name":"Colin's","shop":"clothes","id":"node/8930773946"},"geometry":{"type":"Point","coordinates":[27.211006,38.450067]}},{"type":"Feature","id":"node/8930777086","properties":{"brand":"Skechers","brand:wikidata":"Q2945643","brand:wikipedia":"en:Skechers","name":"Skechers","shop":"shoes","id":"node/8930777086"},"geometry":{"type":"Point","coordinates":[27.2109905,38.4503605]}},{"type":"Feature","id":"node/8930791154","properties":{"name":"Dagi","shop":"clothes","id":"node/8930791154"},"geometry":{"type":"Point","coordinates":[27.2112068,38.4505065]}},{"type":"Feature","id":"node/8930797995","properties":{"brand":"Sarar","brand:wikidata":"Q143174","brand:wikipedia":"tr:Sarar","name":"Sarar","shop":"clothes","id":"node/8930797995"},"geometry":{"type":"Point","coordinates":[27.2110613,38.4503966]}},{"type":"Feature","id":"node/8930810029","properties":{"name":"Lizay","shop":"jewelry","id":"node/8930810029"},"geometry":{"type":"Point","coordinates":[27.2111418,38.4504492]}},{"type":"Feature","id":"node/8931281972","properties":{"name":"U.S. Polo","shop":"clothes","id":"node/8931281972"},"geometry":{"type":"Point","coordinates":[27.2114114,38.4502416]}},{"type":"Feature","id":"node/9132246938","properties":{"amenity":"car_rental","id":"node/9132246938"},"geometry":{"type":"Point","coordinates":[27.2119918,38.4649183]}},{"type":"Feature","id":"node/9143193637","properties":{"bus":"yes","highway":"bus_stop","name":"Bornova İmam Hatip Lisesi","public_transport":"platform","ref":"32282","id":"node/9143193637"},"geometry":{"type":"Point","coordinates":[27.2281758,38.4486193]}},{"type":"Feature","id":"node/9143193638","properties":{"bus":"yes","highway":"bus_stop","name":"Yeşil Park","public_transport":"platform","ref":"32283","id":"node/9143193638"},"geometry":{"type":"Point","coordinates":[27.2279195,38.4470586]}},{"type":"Feature","id":"node/9157305850","properties":{"amenity":"fuel","brand":"Shell","brand:wikidata":"Q110716465","fuel:diesel":"yes","fuel:lpg":"yes","fuel:octane_95":"yes","name":"Shell","source":"bing","id":"node/9157305850"},"geometry":{"type":"Point","coordinates":[27.2127252,38.4296163]}},{"type":"Feature","id":"node/9157305851","properties":{"amenity":"fuel","brand":"Shell","brand:wikidata":"Q110716465","name":"Shell","id":"node/9157305851"},"geometry":{"type":"Point","coordinates":[27.2132857,38.4324768]}},{"type":"Feature","id":"node/9166965464","properties":{"brand":"A101","brand:wikidata":"Q6034496","brand:wikipedia":"tr:A101","name":"A101","opening_hours":"Mo-Su 09:00-21:30","shop":"supermarket","id":"node/9166965464"},"geometry":{"type":"Point","coordinates":[27.208775,38.4721008]}},{"type":"Feature","id":"node/9166965465","properties":{"amenity":"clinic","healthcare":"clinic","name":"Bornova 8 Nolu Kızılay Aile Sağlık Merkezi","id":"node/9166965465"},"geometry":{"type":"Point","coordinates":[27.2205703,38.4710311]}},{"type":"Feature","id":"node/9176251317","properties":{"name:en":"gün copy center","shop":"copyshop","id":"node/9176251317"},"geometry":{"type":"Point","coordinates":[27.2125094,38.4591532]}},{"type":"Feature","id":"node/9212849830","properties":{"name":"Tosunlar Otomotiv Lastik Sanayii","shop":"tyres","id":"node/9212849830"},"geometry":{"type":"Point","coordinates":[27.2405764,38.4172162]}},{"type":"Feature","id":"node/9285580777","properties":{"amenity":"fuel","brand":"BP","brand:wikidata":"Q152057","brand:wikipedia":"en:BP","fixme":"check brand, BP in Turkey is acquired by Petrol Ofisi. Don't delete fixme if still BP please.","name":"BP","operator":"BP","id":"node/9285580777"},"geometry":{"type":"Point","coordinates":[27.270024,38.5060844]}},{"type":"Feature","id":"node/9285580778","properties":{"amenity":"fuel","brand":"Total","brand:wikidata":"Q154037","brand:wikipedia":"fr:TotalEnergies","name":"Total","id":"node/9285580778"},"geometry":{"type":"Point","coordinates":[27.2692158,38.5085719]}},{"type":"Feature","id":"node/9285580779","properties":{"amenity":"fuel","name":"GO","wheelchair":"limited","id":"node/9285580779"},"geometry":{"type":"Point","coordinates":[27.2769287,38.5148621]}},{"type":"Feature","id":"node/9296220234","properties":{"addr:city":"İzmir","addr:country":"TR","addr:district":"Bornova","addr:housenumber":"85","addr:neighbourhood":"Kazımdirik Mahallesi","addr:postcode":"35100","addr:street":"Üniversite Caddesi","amenity":"fuel","brand":"Opet","brand:wikidata":"Q7072824","brand:wikipedia":"en:Opet","check_date":"2024-06-25","contact:fax":"+90 2324620403","contact:phone":"+90 2324626570","fuel:diesel":"yes","fuel:lpg":"yes","name":"Opet","operator":"Opet Petrolcülük A.Ş.","source":"Yellow Pages Türkiye","website":"https://www.opet.com.tr/","id":"node/9296220234"},"geometry":{"type":"Point","coordinates":[27.184122,38.4439121]}},{"type":"Feature","id":"node/9296220235","properties":{"amenity":"fuel","brand":"Kadoil","brand:wikidata":"Q126901221","brand:wikipedia":"en:Opet","check_date":"2026-05-30","name":"Kadoil","name:tr":"Opet","source":"bing","id":"node/9296220235"},"geometry":{"type":"Point","coordinates":[27.1807889,38.4429376]}},{"type":"Feature","id":"node/9296220244","properties":{"name":"Gold Bilgisayar","shop":"computer","id":"node/9296220244"},"geometry":{"type":"Point","coordinates":[27.1866384,38.4497858]}},{"type":"Feature","id":"node/9296220264","properties":{"amenity":"fuel","brand":"Petrol Ofisi","brand:wikidata":"Q1278087","fuel:HGV_diesel":"yes","fuel:diesel":"yes","fuel:octane_95":"yes","name":"Petrol Ofisi","opening_hours":"24/7","operator":"TPAO","panoramax":"e63bf0cc-14dd-47c3-bb09-9ee422328892","id":"node/9296220264"},"geometry":{"type":"Point","coordinates":[27.209309,38.4586928]}},{"type":"Feature","id":"node/9299960309","properties":{"amenity":"fuel","brand":"Opet","brand:wikidata":"Q7072824","brand:wikipedia":"en:Opet","name":"Opet","id":"node/9299960309"},"geometry":{"type":"Point","coordinates":[27.2151496,38.459354]}},{"type":"Feature","id":"node/9299960313","properties":{"addr:city":"İzmir","addr:district":"Bornova","addr:housenumber":"303/3A","addr:neighbourhood":"Evka 3","addr:street":"Ankara Caddesi","amenity":"fuel","branch":"Asersan Petrol İzmir","brand":"Türkiye Petrolleri","brand:wikidata":"Q15946806","name":"Türkiye Petrolleri","source":"bing","id":"node/9299960313"},"geometry":{"type":"Point","coordinates":[27.2479363,38.4585372]}},{"type":"Feature","id":"node/9299960314","properties":{"addr:city":"İzmir","addr:country":"TR","addr:district":"Bornova","addr:housenumber":"6","addr:neighbourhood":"Erzene Mahallesi","addr:postcode":"35040","addr:street":"İstanbul Caddesi","amenity":"fuel","brand":"Opet","brand:wikidata":"Q7072824","brand:wikipedia":"en:Opet","contact:fax":"+90 2323424891","contact:phone":"+90 2323882457","fuel:diesel":"yes","fuel:lpg":"yes","name":"Opet Bornova","operator":"Opet Petrolcülük A.Ş.","source":"Yellow Pages Türkiye","website":"https://www.opet.com.tr/","id":"node/9299960314"},"geometry":{"type":"Point","coordinates":[27.2277535,38.4658676]}},{"type":"Feature","id":"node/9744998905","properties":{"leisure":"playground","id":"node/9744998905"},"geometry":{"type":"Point","coordinates":[27.2218492,38.4680373]}},{"type":"Feature","id":"node/9757917574","properties":{"leisure":"playground","id":"node/9757917574"},"geometry":{"type":"Point","coordinates":[27.2148813,38.4699355]}},{"type":"Feature","id":"node/9768011777","properties":{"amenity":"cafe","id":"node/9768011777"},"geometry":{"type":"Point","coordinates":[27.2138351,38.4624234]}},{"type":"Feature","id":"node/9768033839","properties":{"addr:postcode":"35100","amenity":"pharmacy","healthcare":"pharmacy","name":"Vitamin Eczanesi","phone":"+90 232 342 3333","id":"node/9768033839"},"geometry":{"type":"Point","coordinates":[27.2140321,38.4625544]}},{"type":"Feature","id":"node/9768040456","properties":{"amenity":"cafe","id":"node/9768040456"},"geometry":{"type":"Point","coordinates":[27.2140909,38.4623802]}},{"type":"Feature","id":"node/9768045466","properties":{"amenity":"cafe","id":"node/9768045466"},"geometry":{"type":"Point","coordinates":[27.2141692,38.4624356]}},{"type":"Feature","id":"node/9768050906","properties":{"amenity":"cafe","name":"Ottoman","id":"node/9768050906"},"geometry":{"type":"Point","coordinates":[27.2139815,38.4625051]}},{"type":"Feature","id":"node/9768050907","properties":{"contact:instagram":"keten_butik","name":"Keten butik","shop":"clothes","id":"node/9768050907"},"geometry":{"type":"Point","coordinates":[27.2139727,38.4622889]}},{"type":"Feature","id":"node/9869679783","properties":{"addr:city":"Kazımdirik Mahallesi","addr:district":"Bornova","addr:housenumber":"no: 85/B","addr:neighbourhood":"Kazım Dirik Mahallesi","addr:street":"Mustafa Kemal Caddesi","name":"CNC Petshop & Pet Kuaförü","opening_hours":"Mo-Su 09:00-22:30","operator":"CNC Petshop","payment:american_express":"yes","payment:cards":"yes","payment:cash":"yes","payment:coins":"yes","payment:credit_cards":"yes","payment:maestro":"yes","payment:mastercard":"yes","payment:visa":"yes","phone":"+90 5522049381","shop":"pet","id":"node/9869679783"},"geometry":{"type":"Point","coordinates":[27.2071625,38.4620902]}},{"type":"Feature","id":"node/9977822071","properties":{"amenity":"cafe","name":"Kahve Madeni","id":"node/9977822071"},"geometry":{"type":"Point","coordinates":[27.2010123,38.4256204]}},{"type":"Feature","id":"node/10020799578","properties":{"name":"Kia","shop":"car","id":"node/10020799578"},"geometry":{"type":"Point","coordinates":[27.2540171,38.4572782]}},{"type":"Feature","id":"node/10020875514","properties":{"name":"Suzuki","shop":"car","id":"node/10020875514"},"geometry":{"type":"Point","coordinates":[27.2542128,38.4572036]}},{"type":"Feature","id":"node/10020912018","properties":{"name":"Ford","shop":"car","id":"node/10020912018"},"geometry":{"type":"Point","coordinates":[27.2543403,38.4560511]}},{"type":"Feature","id":"node/10020923299","properties":{"name":"Renault","shop":"car","id":"node/10020923299"},"geometry":{"type":"Point","coordinates":[27.2537713,38.4562184]}},{"type":"Feature","id":"node/10020926887","properties":{"name":"Kia","shop":"car_repair","id":"node/10020926887"},"geometry":{"type":"Point","coordinates":[27.2541202,38.4574694]}},{"type":"Feature","id":"node/10098394415","properties":{"addr:housenumber":"3D","addr:street":"Gediz Caddesi","amenity":"cafe","check_date":"2022-10-13","internet_access":"wlan","internet_access:fee":"customers","internet_access:ssid":"BONÓ COFFEE & BAKERY","name":"Bonó Coffee & Bakery","opening_hours":"Mo-Fr 10:00-24:00; Sa-Su 11:00-24:00","outdoor_seating":"yes","payment:mastercard":"yes","payment:visa":"yes","wheelchair":"limited","id":"node/10098394415"},"geometry":{"type":"Point","coordinates":[27.2102334,38.4600623]}},{"type":"Feature","id":"node/10098472600","properties":{"addr:housenumber":"3C","addr:street":"Gediz Caddesi","check_date":"2022-10-13","name":"Nihal Adağ Güzellik Salonu","shop":"beauty","id":"node/10098472600"},"geometry":{"type":"Point","coordinates":[27.2102608,38.4600768]}},{"type":"Feature","id":"node/10146572594","properties":{"amenity":"cafe","cuisine":"coffee_shop","internet_access":"wlan","internet_access:fee":"customers","opening_hours":"8.00-00.00","id":"node/10146572594"},"geometry":{"type":"Point","coordinates":[27.2146672,38.4627509]}},{"type":"Feature","id":"node/10146649872","properties":{"addr:city":"İzmir","addr:district":"Bornova","addr:neighbourhood":"Kazımdirik","addr:street":"Kurtuluş Caddesi","amenity":"restaurant","cuisine":"pilav","name":"Altı Üstü Pilav","opening_hours":"11:30 - 23:00","phone":"+90 542 237 54 45","website":"https://www.altiustupilav.com/","id":"node/10146649872"},"geometry":{"type":"Point","coordinates":[27.2057574,38.4589362]}},{"type":"Feature","id":"node/10146649873","properties":{"addr:city":"İzmir","addr:district":"Bornova","addr:neighbourhood":"Kazımdirik","addr:street":"Kurtuluş Caddesi","name":"Yumurtacı","payment:cash":"yes","payment:credit_cards":"yes","payment:mastercard":"yes","payment:visa":"yes","shop":"convenience","id":"node/10146649873"},"geometry":{"type":"Point","coordinates":[27.2057976,38.4589364]}},{"type":"Feature","id":"node/10146649876","properties":{"addr:city":"İzmir","addr:district":"Bornova","addr:neighbourhood":"Kazımdirik","addr:street":"Kurtuluş Caddesi","name":"Bekir Market","payment:cash":"yes","payment:credit_cards":"yes","payment:mastercard":"yes","payment:visa":"yes","shop":"convenience","id":"node/10146649876"},"geometry":{"type":"Point","coordinates":[27.2060965,38.4589806]}},{"type":"Feature","id":"node/10146649878","properties":{"addr:city":"İzmir","addr:district":"Bornova","addr:housenumber":"13/A","addr:neighbourhood":"Kazımdirik","addr:street":"Kurtuluş Caddesi","amenity":"cafe","cuisine":"regional;çay;türk_kahvesi","internet_access":"wlan","internet_access:fee":"customers","name":"Dostlar Kıraathanesi","opening_hours":"Mo-Fr 09:00-17:00","outdoor_seating":"yes","id":"node/10146649878"},"geometry":{"type":"Point","coordinates":[27.2061046,38.4591627]}},{"type":"Feature","id":"node/10146649880","properties":{"addr:city":"İzmir","addr:district":"Bornova","addr:housenumber":"13/B","addr:neighbourhood":"Kazımdirik","addr:postcode":"35900","addr:street":"Kurtuluş Caddesi","name":"Banaz Yapı Market","opening_hours":"Mo-Fr 08:00-19:00","payment:karta":"yes","payment:nakit":"yes","phone":"+90 532 420 88 51","shop":"convenience","id":"node/10146649880"},"geometry":{"type":"Point","coordinates":[27.2061043,38.4592208]}},{"type":"Feature","id":"node/10146649882","properties":{"addr:city":"İzmir","addr:district":"Bornova","addr:housenumber":"35/C","addr:neighbourhood":"Kazımdirik","addr:postcode":"35030","addr:street":"Kurtuluş Caddesi","amenity":"cafe","contact:mobile":"+90 546 579 40 28","cuisine":"regional;kahve;çay","internet_access":"wlan","internet_access:fee":"customers","name":"Bahçe Kafe","opening_hours":"Mo-Su 10:00-23:00","outdoor_seating":"yes","id":"node/10146649882"},"geometry":{"type":"Point","coordinates":[27.2057051,38.4589862]}},{"type":"Feature","id":"node/10146649887","properties":{"addr:city":"İzmir","addr:district":"Bornova","addr:neighbourhood":"Kazımdirik","addr:street":"Kurtuluş Caddesi","amenity":"marketplace","description":"Salı günleri Bit Pazarı , Perşembe günleri Kıyafet Pazarı, Cumartesi günleri normal pazar kurulmaktadır.","name":"Özkanlar Pazarı","id":"node/10146649887"},"geometry":{"type":"Point","coordinates":[27.206417,38.4590116]}},{"type":"Feature","id":"node/10146712937","properties":{"addr:city":"İzmir","addr:district":"Bornova","addr:housenumber":"35","addr:neighbourhood":"Kazımdirik","addr:postcode":"35035","addr:street":"213. Sokak","amenity":"cafe","cuisine":"regional","internet_access":"wlan","internet_access:fee":"customers","name":"Park Kafe","opening_hours":"Mo-Su 10:00-23:00","id":"node/10146712937"},"geometry":{"type":"Point","coordinates":[27.205705,38.4590377]}},{"type":"Feature","id":"node/10146712945","properties":{"addr:city":"İzmir","addr:district":"Bornova","addr:housenumber":"4C","addr:neighbourhood":"Kazımdirik","addr:postcode":"35100","addr:street":"212. Sokak","name":"ACİL Market","opening_hours":"Mo-Su 07:00-00:30","payment:cards":"yes","payment:cash":"yes","phone":"+90 545 840 67 18","shop":"convenience","id":"node/10146712945"},"geometry":{"type":"Point","coordinates":[27.2056424,38.4599546]}},{"type":"Feature","id":"node/10146712947","properties":{"addr:city":"İzmir","addr:district":"Bornova","addr:neighbourhood":"Kazımdirik","addr:street":"Kurtuluş Caddesi","amenity":"cafe","cuisine":"waffle;çay;kahve","internet_access":"wlan","internet_access:fee":"customers","name":"Wafflecı","opening_hours":"Mo-Sa 08:00-00:00","id":"node/10146712947"},"geometry":{"type":"Point","coordinates":[27.2060049,38.4587114]}},{"type":"Feature","id":"node/10271770959","properties":{"leisure":"sports_centre","sport":"equestrian","id":"node/10271770959"},"geometry":{"type":"Point","coordinates":[27.321948,38.5001506]}},{"type":"Feature","id":"node/10292265757","properties":{"bus":"yes","highway":"bus_stop","public_transport":"platform","id":"node/10292265757"},"geometry":{"type":"Point","coordinates":[27.2488953,38.4771656]}},{"type":"Feature","id":"node/10596565122","properties":{"check_date":"2023-01-31","name":"Fethiye Kuaför","shop":"hairdresser","id":"node/10596565122"},"geometry":{"type":"Point","coordinates":[27.2114842,38.4620903]}},{"type":"Feature","id":"node/10598652058","properties":{"amenity":"restaurant","name":"Ebruli Manti","id":"node/10598652058"},"geometry":{"type":"Point","coordinates":[27.211143,38.4619386]}},{"type":"Feature","id":"node/10598652059","properties":{"amenity":"cafe","check_date":"2026-07-25","name":"Uno Monero","id":"node/10598652059"},"geometry":{"type":"Point","coordinates":[27.2111665,38.46216]}},{"type":"Feature","id":"node/10697080306","properties":{"addr:housenumber":"57A","addr:street":"1776/4. Sokak","name":"Hamur Ağa","shop":"pastry","id":"node/10697080306"},"geometry":{"type":"Point","coordinates":[27.2408501,38.4509661]}},{"type":"Feature","id":"node/10697080308","properties":{"addr:housenumber":"38A","addr:street":"1710/5. Sokak","name":"Buz-Ak Kardeşler Market","shop":"convenience","id":"node/10697080308"},"geometry":{"type":"Point","coordinates":[27.2401755,38.4521064]}},{"type":"Feature","id":"node/10697080313","properties":{"addr:housenumber":"55A","addr:street":"1700. Sokak","name":"Japon Pazarı","shop":"variety_store","id":"node/10697080313"},"geometry":{"type":"Point","coordinates":[27.2406376,38.4509348]}},{"type":"Feature","id":"node/10697080315","properties":{"addr:housenumber":"34A","addr:street":"1710/5. Sokak","name":"Boncuk Unlu Mamüller","shop":"bakery","id":"node/10697080315"},"geometry":{"type":"Point","coordinates":[27.2397177,38.452146]}},{"type":"Feature","id":"node/10697110551","properties":{"name":"Özlem Giyim","shop":"clothes","id":"node/10697110551"},"geometry":{"type":"Point","coordinates":[27.2399693,38.450785]}},{"type":"Feature","id":"node/10697110557","properties":{"name":"Karadeniz Market","shop":"convenience","id":"node/10697110557"},"geometry":{"type":"Point","coordinates":[27.2382624,38.4521098]}},{"type":"Feature","id":"node/10697110564","properties":{"name":"Toramanlar Market","shop":"convenience","id":"node/10697110564"},"geometry":{"type":"Point","coordinates":[27.2370248,38.4510288]}},{"type":"Feature","id":"node/10697110565","properties":{"name":"Narumak Yapı Market","shop":"hardware","id":"node/10697110565"},"geometry":{"type":"Point","coordinates":[27.2364514,38.4511832]}},{"type":"Feature","id":"node/10702288648","properties":{"addr:housenumber":"3A","addr:street":"1073. Sokak","name":"Dilan Market","payment:american_express":"yes","payment:cash":"yes","payment:coins":"yes","payment:credit_cards":"yes","payment:debit_cards":"yes","payment:mastercard":"yes","payment:visa":"yes","shop":"convenience","id":"node/10702288648"},"geometry":{"type":"Point","coordinates":[27.2407413,38.4506547]}},{"type":"Feature","id":"node/10831858399","properties":{"brand":"Rossmann","brand:wikidata":"Q316004","name":"Rossmann","shop":"chemist","id":"node/10831858399"},"geometry":{"type":"Point","coordinates":[27.2164002,38.4653764]}},{"type":"Feature","id":"node/10831932334","properties":{"amenity":"bank","brand":"Ziraat Bankası","brand:wikidata":"Q696003","name":"Ziraat Bankası","opening_hours":"Mo-Fr 09:00-12:30,13:30-17:00; Sa-Su off; PH off","website":"https://www.ziraatbank.com.tr/","id":"node/10831932334"},"geometry":{"type":"Point","coordinates":[27.2163095,38.4649044]}},{"type":"Feature","id":"node/10852792025","properties":{"tourism":"viewpoint","id":"node/10852792025"},"geometry":{"type":"Point","coordinates":[27.1897191,38.4117197]}},{"type":"Feature","id":"node/10852797741","properties":{"tourism":"viewpoint","id":"node/10852797741"},"geometry":{"type":"Point","coordinates":[27.2335085,38.5187565]}},{"type":"Feature","id":"node/10902166381","properties":{"tourism":"viewpoint","id":"node/10902166381"},"geometry":{"type":"Point","coordinates":[27.2463058,38.5664923]}},{"type":"Feature","id":"node/10902179249","properties":{"tourism":"viewpoint","id":"node/10902179249"},"geometry":{"type":"Point","coordinates":[27.2426342,38.5059229]}},{"type":"Feature","id":"node/10914275739","properties":{"addr:city":"Gazi Osman Paşa Mahallesi","addr:district":"bornova","addr:housenumber":"23/3","addr:neighbourhood":"Gaziosmanpaşa Mah, 5454. Sk. 23/3, 35090 Bornova/İzmir","addr:postcode":"35090","addr:street":"5454. Sokak","amenity":"hospital","emergency":"yes","healthcare":"hospital","healthcare:speciality":"physiotherapy;orthopaedics;neurology;biology;physiatry;dermatology;cardiology;radiology;urology;internal;gynaecology;ophthalmology;psychiatry;paediatrics;diabetology;otolaryngology;podiatry;body;humanistic;blood_check;allergology;dermatovenereology","image":"https://yediguntipcamdibi.com/2022/09/06/camdibi-tip-merkezi/","name":"Yedigün Tıp Merkezi Çamdibi Şubesi","operator":"Yedigün Tıp Merkezi","operator:type":"medical_center","source":"https://yediguntipcamdibi.com/contact-us/","website":"https://yediguntipcamdibi.com/category/guncel/","id":"node/10914275739"},"geometry":{"type":"Point","coordinates":[27.1923771,38.4349213]}},{"type":"Feature","id":"node/10970564920","properties":{"access:disabled":"yes","addr:city":"Kazımdirik Mahallesi","addr:district":"Bornova","addr:housenumber":"2/C","addr:neighbourhood":"İzmir","addr:postcode":"35030","addr:street":"Kazımdirik cd.","amenity":"dentist","check_date:currency:XBT":"2023-10-12","currency:XBT":"yes","healthcare":"dentist","healthcare:speciality":"dentist;orthodontics;radiology;dental_oral_maxillo_facial_surgery","name":"Qairy Dental","opening_hours":"Mo-Su 09:00-23:00","operator":"http://qairydent.com/","payment:lightning":"yes","payment:onchain":"yes","id":"node/10970564920"},"geometry":{"type":"Point","coordinates":[27.2054875,38.4473094]}},{"type":"Feature","id":"node/11047000205","properties":{"amenity":"cafe","name:en":"Rezina cafe (Slovenia ) Федер работает","id":"node/11047000205"},"geometry":{"type":"Point","coordinates":[27.2161227,38.4638343]}},{"type":"Feature","id":"node/11047000605","properties":{"amenity":"bar","name:ru":"Ночной клуб","id":"node/11047000605"},"geometry":{"type":"Point","coordinates":[27.2129673,38.4608071]}},{"type":"Feature","id":"node/11055365105","properties":{"highway":"bus_stop","name:en":"Boarding gates for passengers traveling from Izmir","id":"node/11055365105"},"geometry":{"type":"Point","coordinates":[27.2136846,38.43197]}},{"type":"Feature","id":"node/11057984112","properties":{"tourism":"viewpoint","id":"node/11057984112"},"geometry":{"type":"Point","coordinates":[27.3356002,38.5386307]}},{"type":"Feature","id":"node/11092914055","properties":{"highway":"bus_stop","level":"1","local_ref":"143","id":"node/11092914055"},"geometry":{"type":"Point","coordinates":[27.2149394,38.4307089]}},{"type":"Feature","id":"node/11092914056","properties":{"highway":"bus_stop","level":"1","local_ref":"140","id":"node/11092914056"},"geometry":{"type":"Point","coordinates":[27.2149176,38.4308275]}},{"type":"Feature","id":"node/11092914057","properties":{"highway":"bus_stop","level":"1","local_ref":"141","id":"node/11092914057"},"geometry":{"type":"Point","coordinates":[27.2149251,38.4307846]}},{"type":"Feature","id":"node/11092914058","properties":{"highway":"bus_stop","level":"1","local_ref":"142","id":"node/11092914058"},"geometry":{"type":"Point","coordinates":[27.2149348,38.4307462]}},{"type":"Feature","id":"node/11093000605","properties":{"bus":"yes","highway":"bus_stop","name":"Ege Üniversitesi Kampüsü","public_transport":"platform","id":"node/11093000605"},"geometry":{"type":"Point","coordinates":[27.234844,38.4603444]}},{"type":"Feature","id":"node/11093000606","properties":{"bus":"yes","highway":"bus_stop","name":"Ege Üniversitesi Kampüs Alt Geçit","public_transport":"platform","id":"node/11093000606"},"geometry":{"type":"Point","coordinates":[27.2348198,38.4607477]}},{"type":"Feature","id":"node/11141559287","properties":{"name":"Beyim Moda","shop":"clothes","id":"node/11141559287"},"geometry":{"type":"Point","coordinates":[27.2129024,38.4634634]}},{"type":"Feature","id":"node/11141559288","properties":{"name":"Değirmen Baharat","shop":"spices","id":"node/11141559288"},"geometry":{"type":"Point","coordinates":[27.2167817,38.4646626]}},{"type":"Feature","id":"node/11141559289","properties":{"amenity":"events_venue","name":"Çıngırock","id":"node/11141559289"},"geometry":{"type":"Point","coordinates":[27.2132578,38.4593456]}},{"type":"Feature","id":"node/11141586885","properties":{"name":"Bizim Emlak","shop":"estate_agent","id":"node/11141586885"},"geometry":{"type":"Point","coordinates":[27.2147027,38.4604273]}},{"type":"Feature","id":"node/11141593972","properties":{"name":"Gürmar","shop":"supermarket","id":"node/11141593972"},"geometry":{"type":"Point","coordinates":[27.2017961,38.4608325]}},{"type":"Feature","id":"node/11141593973","properties":{"amenity":"bank","name":"Akbank","id":"node/11141593973"},"geometry":{"type":"Point","coordinates":[27.2051562,38.4617431]}},{"type":"Feature","id":"node/11141593974","properties":{"addr:housenumber":"47A","addr:street":"Mustafa Kemal Caddesi","amenity":"bank","brand":"QNB Finansbank","brand:wikidata":"Q1416237","name":"QNB","id":"node/11141593974"},"geometry":{"type":"Point","coordinates":[27.2135809,38.4636911]}},{"type":"Feature","id":"node/11141593975","properties":{"amenity":"restaurant","name":"Lezize Ev Yemekleri","id":"node/11141593975"},"geometry":{"type":"Point","coordinates":[27.2161517,38.4641694]}},{"type":"Feature","id":"node/11141593978","properties":{"name":"Sultan Gıda","shop":"convenience","id":"node/11141593978"},"geometry":{"type":"Point","coordinates":[27.2167601,38.4605615]}},{"type":"Feature","id":"node/11141593979","properties":{"name":"Arena PlayStation","shop":"video_games","id":"node/11141593979"},"geometry":{"type":"Point","coordinates":[27.2132895,38.4594227]}},{"type":"Feature","id":"node/11141600983","properties":{"check_date":"2024-06-25","name":"Fashion İzmir","shop":"clothes","id":"node/11141600983"},"geometry":{"type":"Point","coordinates":[27.2155593,38.4631864]}},{"type":"Feature","id":"node/11141610533","properties":{"amenity":"bank","brand":"ING","brand:wikidata":"Q645708","check_date":"2024-06-25","name":"ING","id":"node/11141610533"},"geometry":{"type":"Point","coordinates":[27.2158483,38.4649573]}},{"type":"Feature","id":"node/11141610534","properties":{"amenity":"fast_food","name":"Ohannes Burger","id":"node/11141610534"},"geometry":{"type":"Point","coordinates":[27.2145681,38.4604006]}},{"type":"Feature","id":"node/11141611895","properties":{"name":"Haziran Kuyumculuk","shop":"jewelry","id":"node/11141611895"},"geometry":{"type":"Point","coordinates":[27.2123863,38.4633754]}},{"type":"Feature","id":"node/11141612193","properties":{"name":"Serüven Kitabevleri","shop":"books","id":"node/11141612193"},"geometry":{"type":"Point","coordinates":[27.2169542,38.4606625]}},{"type":"Feature","id":"node/11141613857","properties":{"addr:postcode":"35100","amenity":"pharmacy","name":"Betül Eczanesi","phone":"+90 232 388 7677","id":"node/11141613857"},"geometry":{"type":"Point","coordinates":[27.2039854,38.4615439]}},{"type":"Feature","id":"node/11141615444","properties":{"amenity":"fast_food","name":"Tayfalı","id":"node/11141615444"},"geometry":{"type":"Point","coordinates":[27.2048799,38.4616856]}},{"type":"Feature","id":"node/11141615445","properties":{"amenity":"restaurant","name":"Samsun Pide Evi","id":"node/11141615445"},"geometry":{"type":"Point","coordinates":[27.2129884,38.4632811]}},{"type":"Feature","id":"node/11141615446","properties":{"amenity":"cafe","name":"Grissini Cafe Patisserie","id":"node/11141615446"},"geometry":{"type":"Point","coordinates":[27.2144368,38.4640824]}},{"type":"Feature","id":"node/11141615447","properties":{"amenity":"fast_food","brand":"Komagene","brand:wikidata":"Q108919263","cuisine":"kebab","name":"Komagene","takeaway":"yes","id":"node/11141615447"},"geometry":{"type":"Point","coordinates":[27.2168156,38.4645887]}},{"type":"Feature","id":"node/11141615448","properties":{"name":"İbrahim İbrahim","shop":"hairdresser","id":"node/11141615448"},"geometry":{"type":"Point","coordinates":[27.2162746,38.4644461]}},{"type":"Feature","id":"node/11141615449","properties":{"name":"Meral Beauty Studio","shop":"beauty","id":"node/11141615449"},"geometry":{"type":"Point","coordinates":[27.2157206,38.464153]}},{"type":"Feature","id":"node/11141615450","properties":{"name":"Ege Üniversitesi Etnografya Müzesi","tourism":"museum","wikidata":"Q123885615","wikimedia_commons":"Category:Ege University Ethnography Museum","wikipedia":"tr:Ege Üniversitesi Etnografya Müzesi","id":"node/11141615450"},"geometry":{"type":"Point","coordinates":[27.2170412,38.4607552]}},{"type":"Feature","id":"node/11141615451","properties":{"amenity":"fast_food","name":"3E Antakya Döner","id":"node/11141615451"},"geometry":{"type":"Point","coordinates":[27.214357,38.460174]}},{"type":"Feature","id":"node/11141617968","properties":{"amenity":"fast_food","name":"Bereket Döner","id":"node/11141617968"},"geometry":{"type":"Point","coordinates":[27.2135369,38.4597687]}},{"type":"Feature","id":"node/11141620848","properties":{"amenity":"cafe","name":"Being Coffee","id":"node/11141620848"},"geometry":{"type":"Point","coordinates":[27.2151275,38.4636238]}},{"type":"Feature","id":"node/11141622799","properties":{"name":"Batı Optik","shop":"optician","id":"node/11141622799"},"geometry":{"type":"Point","coordinates":[27.2111769,38.4630948]}},{"type":"Feature","id":"node/11141622800","properties":{"name":"Bahtışen","shop":"hairdresser","id":"node/11141622800"},"geometry":{"type":"Point","coordinates":[27.2164347,38.4615366]}},{"type":"Feature","id":"node/11141625825","properties":{"brand":"Gratis","brand:wikidata":"Q28605813","name":"Gratis","shop":"cosmetics","id":"node/11141625825"},"geometry":{"type":"Point","coordinates":[27.2149015,38.4643117]}},{"type":"Feature","id":"node/11141625826","properties":{"name":"Angela Boutique","shop":"clothes","id":"node/11141625826"},"geometry":{"type":"Point","coordinates":[27.2154344,38.4636326]}},{"type":"Feature","id":"node/11141625827","properties":{"amenity":"cafe","check_date":"2024-06-25","name":"Cafe Sis","id":"node/11141625827"},"geometry":{"type":"Point","coordinates":[27.2160664,38.4617515]}},{"type":"Feature","id":"node/11141625828","properties":{"amenity":"restaurant","name":"Çıtır Pide Kebap Pizza Çorba","id":"node/11141625828"},"geometry":{"type":"Point","coordinates":[27.2135899,38.4598408]}},{"type":"Feature","id":"node/11141626348","properties":{"name":"PatiZone","shop":"pet","id":"node/11141626348"},"geometry":{"type":"Point","coordinates":[27.2153942,38.4636788]}},{"type":"Feature","id":"node/11141628485","properties":{"name":"First İbrahim","shop":"hairdresser","id":"node/11141628485"},"geometry":{"type":"Point","coordinates":[27.2168964,38.4612004]}},{"type":"Feature","id":"node/11141628971","properties":{"name":"Gümüş Dünyası","shop":"jewelry","id":"node/11141628971"},"geometry":{"type":"Point","coordinates":[27.2159276,38.4649995]}},{"type":"Feature","id":"node/11141628972","properties":{"name":"Yağbasan Şarküteri","shop":"convenience","id":"node/11141628972"},"geometry":{"type":"Point","coordinates":[27.2153494,38.4637435]}},{"type":"Feature","id":"node/11141628973","properties":{"amenity":"fast_food","check_date":"2024-06-25","name":"Edem","id":"node/11141628973"},"geometry":{"type":"Point","coordinates":[27.2154837,38.4631522]}},{"type":"Feature","id":"node/11141629192","properties":{"name":"Arçelik","shop":"electronics","id":"node/11141629192"},"geometry":{"type":"Point","coordinates":[27.2052932,38.4617815]}},{"type":"Feature","id":"node/11141629193","properties":{"check_date":"2024-06-25","name":"Favori Çanta","shop":"bag","id":"node/11141629193"},"geometry":{"type":"Point","coordinates":[27.216768,38.4646941]}},{"type":"Feature","id":"node/11141629194","properties":{"name":"Koyuncu Emlak","shop":"estate_agent","id":"node/11141629194"},"geometry":{"type":"Point","coordinates":[27.2166594,38.4614152]}},{"type":"Feature","id":"node/11141629195","properties":{"name":"Fufuka","shop":"gift","id":"node/11141629195"},"geometry":{"type":"Point","coordinates":[27.213322,38.4594783]}},{"type":"Feature","id":"node/11141630659","properties":{"amenity":"bank","brand":"Kuveyt Türk","brand:wikidata":"Q6036058","name":"Kuveyt Türk","id":"node/11141630659"},"geometry":{"type":"Point","coordinates":[27.2118302,38.4632468]}},{"type":"Feature","id":"node/11141630660","properties":{"name":"Toy's City","shop":"toys","id":"node/11141630660"},"geometry":{"type":"Point","coordinates":[27.2124728,38.4633954]}},{"type":"Feature","id":"node/11141631287","properties":{"name":"Taksimoda","shop":"clothes","id":"node/11141631287"},"geometry":{"type":"Point","coordinates":[27.2112177,38.4631568]}},{"type":"Feature","id":"node/11141631288","properties":{"amenity":"veterinary","name":"Umut Veteriner Kliniği","id":"node/11141631288"},"geometry":{"type":"Point","coordinates":[27.2157204,38.4639333]}},{"type":"Feature","id":"node/11141631289","properties":{"name":"Papatya Çiçekçilik","shop":"florist","id":"node/11141631289"},"geometry":{"type":"Point","coordinates":[27.2168392,38.4606347]}},{"type":"Feature","id":"node/11141631290","properties":{"amenity":"restaurant","name":"Soupa","id":"node/11141631290"},"geometry":{"type":"Point","coordinates":[27.2134397,38.459613]}},{"type":"Feature","id":"node/11141634962","properties":{"name":"Cossyby Aqua","shop":"clothes","id":"node/11141634962"},"geometry":{"type":"Point","coordinates":[27.2164681,38.4647256]}},{"type":"Feature","id":"node/11141634977","properties":{"name":"Elit Tobacco","shop":"tobacco","id":"node/11141634977"},"geometry":{"type":"Point","coordinates":[27.2132147,38.4592691]}},{"type":"Feature","id":"node/11141636167","properties":{"amenity":"bank","brand":"Türkiye Finans","brand:wikidata":"Q6073140","name":"Türkiye Finans","id":"node/11141636167"},"geometry":{"type":"Point","coordinates":[27.208337,38.4623403]}},{"type":"Feature","id":"node/11141639520","properties":{"amenity":"bar","name":"Beri Blues","id":"node/11141639520"},"geometry":{"type":"Point","coordinates":[27.2134858,38.4596834]}},{"type":"Feature","id":"node/11141640219","properties":{"addr:housenumber":"51A","brand":"English Home","brand:wikidata":"Q106803513","name":"English Home","shop":"interior_decoration","id":"node/11141640219"},"geometry":{"type":"Point","coordinates":[27.2133701,38.4636248]}},{"type":"Feature","id":"node/11141640220","properties":{"brand":"Vodafone","brand:wikidata":"Q122141","name":"Vodafone","shop":"mobile_phone","id":"node/11141640220"},"geometry":{"type":"Point","coordinates":[27.216833,38.464563]}},{"type":"Feature","id":"node/11141640221","properties":{"amenity":"kindergarten","name":"İzmir Büyükşehir Belediyesi İzelman A.Ş. Bornova Kreş ve Anaokulu Eğitim Merkezi","id":"node/11141640221"},"geometry":{"type":"Point","coordinates":[27.2155771,38.4640921]}},{"type":"Feature","id":"node/11141640222","properties":{"name":"Öz Güven İnşaat Emlak","shop":"estate_agent","id":"node/11141640222"},"geometry":{"type":"Point","coordinates":[27.2155935,38.4605873]}},{"type":"Feature","id":"node/11141640313","properties":{"name":"Edi İşitme Cihazları","shop":"hearing_aids","id":"node/11141640313"},"geometry":{"type":"Point","coordinates":[27.2080087,38.4622966]}},{"type":"Feature","id":"node/11141640314","properties":{"name":"Senem Kuyumcu","shop":"jewelry","id":"node/11141640314"},"geometry":{"type":"Point","coordinates":[27.2112842,38.46317]}},{"type":"Feature","id":"node/11141640315","properties":{"name":"Bornova Optik","shop":"optician","id":"node/11141640315"},"geometry":{"type":"Point","coordinates":[27.2130788,38.463534]}},{"type":"Feature","id":"node/11141640547","properties":{"name":"Eminevim","shop":"estate_agent","id":"node/11141640547"},"geometry":{"type":"Point","coordinates":[27.2110358,38.4630094]}},{"type":"Feature","id":"node/11141640548","properties":{"name":"Ege Yükselen Kuruyemiş","shop":"convenience","id":"node/11141640548"},"geometry":{"type":"Point","coordinates":[27.2113436,38.463179]}},{"type":"Feature","id":"node/11141640549","properties":{"name":"Giy-İn Collection","shop":"clothes","id":"node/11141640549"},"geometry":{"type":"Point","coordinates":[27.2129351,38.4633846]}},{"type":"Feature","id":"node/11141640550","properties":{"name":"Lux Bornova Un Ürünleri","shop":"bakery","id":"node/11141640550"},"geometry":{"type":"Point","coordinates":[27.2149603,38.4645906]}},{"type":"Feature","id":"node/11141640551","properties":{"name":"S1f1rb1r Tobacco Shop","shop":"tobacco","id":"node/11141640551"},"geometry":{"type":"Point","coordinates":[27.2154472,38.4605636]}},{"type":"Feature","id":"node/11141640552","properties":{"amenity":"cafe","name":"Karayel","id":"node/11141640552"},"geometry":{"type":"Point","coordinates":[27.2133614,38.4597985]}},{"type":"Feature","id":"node/11141641340","properties":{"name":"Ev Moda","shop":"houseware","id":"node/11141641340"},"geometry":{"type":"Point","coordinates":[27.2134665,38.463665]}},{"type":"Feature","id":"node/11141641341","properties":{"amenity":"cafe","name":"Luci","id":"node/11141641341"},"geometry":{"type":"Point","coordinates":[27.2155273,38.4605833]}},{"type":"Feature","id":"node/11141641342","properties":{"brand":"Gratis","brand:wikidata":"Q28605813","name":"Gratis","shop":"cosmetics","id":"node/11141641342"},"geometry":{"type":"Point","coordinates":[27.2135681,38.4598058]}},{"type":"Feature","id":"node/11141643589","properties":{"name":"Yılmaz","shop":"shoes","id":"node/11141643589"},"geometry":{"type":"Point","coordinates":[27.2131698,38.4635509]}},{"type":"Feature","id":"node/11141643590","properties":{"name":"Linens","shop":"houseware","id":"node/11141643590"},"geometry":{"type":"Point","coordinates":[27.2137805,38.4637724]}},{"type":"Feature","id":"node/11141643591","properties":{"amenity":"cafe","name":"Silent Cafe","id":"node/11141643591"},"geometry":{"type":"Point","coordinates":[27.2160961,38.4643489]}},{"type":"Feature","id":"node/11141643592","properties":{"name":"Erkan Yıldırım","shop":"hairdresser","id":"node/11141643592"},"geometry":{"type":"Point","coordinates":[27.2165556,38.4614926]}},{"type":"Feature","id":"node/11141643593","properties":{"name":"Bella Kuaför","shop":"hairdresser","id":"node/11141643593"},"geometry":{"type":"Point","coordinates":[27.2155664,38.4606487]}},{"type":"Feature","id":"node/11141643629","properties":{"name":"Si-Ser İşitme Cihazları","shop":"hearing_aids","id":"node/11141643629"},"geometry":{"type":"Point","coordinates":[27.211903,38.4632647]}},{"type":"Feature","id":"node/11141644108","properties":{"name":"Duymer İşitme Cihazları","shop":"hearing_aids","id":"node/11141644108"},"geometry":{"type":"Point","coordinates":[27.2147188,38.464508]}},{"type":"Feature","id":"node/11141644109","properties":{"amenity":"cafe","name":"Dunno Coffee Co.","id":"node/11141644109"},"geometry":{"type":"Point","coordinates":[27.2159818,38.4642955]}},{"type":"Feature","id":"node/11141644110","properties":{"amenity":"cafe","name":"Parizyen","id":"node/11141644110"},"geometry":{"type":"Point","coordinates":[27.2157994,38.4641866]}},{"type":"Feature","id":"node/11141644111","properties":{"name":"Ümit Kitabevi","shop":"books","id":"node/11141644111"},"geometry":{"type":"Point","coordinates":[27.2158844,38.4642157]}},{"type":"Feature","id":"node/11141644112","properties":{"amenity":"kindergarten","name":"Özel Canım Yavrum Anaokulu","id":"node/11141644112"},"geometry":{"type":"Point","coordinates":[27.2156187,38.463869]}},{"type":"Feature","id":"node/11141644222","properties":{"amenity":"pub","check_date":"2024-06-25","name":"The North Irish Pub","id":"node/11141644222"},"geometry":{"type":"Point","coordinates":[27.2155647,38.4634822]}},{"type":"Feature","id":"node/11195321146","properties":{"check_date":"2023-09-16","level":"0","shop":"convenience","id":"node/11195321146"},"geometry":{"type":"Point","coordinates":[27.2146499,38.4303398]}},{"type":"Feature","id":"node/11195360865","properties":{"addr:housenumber":"84","addr:street":"4174 Sk","addr:unit":"101","amenity":"fast_food","brand":"Burger King","brand:wikidata":"Q177054","check_date":"2023-09-16","cuisine":"burger","level":"2","name":"Burger King","payment:mastercard":"yes","payment:visa":"yes","takeaway":"yes","id":"node/11195360865"},"geometry":{"type":"Point","coordinates":[27.2096943,38.4307581]}},{"type":"Feature","id":"node/11195438440","properties":{"addr:housenumber":"84","addr:street":"4174 Sk","addr:unit":"101","amenity":"fast_food","brand":"McDonald's","brand:wikidata":"Q38076","check_date":"2023-09-16","cuisine":"burger","level":"2","name":"McDonald's","payment:mastercard":"yes","payment:visa":"yes","takeaway":"yes","id":"node/11195438440"},"geometry":{"type":"Point","coordinates":[27.2096964,38.4307882]}},{"type":"Feature","id":"node/11195438441","properties":{"addr:housenumber":"84","addr:street":"4174 Sk","addr:unit":"101","amenity":"fast_food","brand":"Sbarro","brand:wikidata":"Q2589409","check_date":"2023-09-16","cuisine":"pizza","level":"2","name":"Sbarro","takeaway":"yes","id":"node/11195438441"},"geometry":{"type":"Point","coordinates":[27.2096912,38.4308163]}},{"type":"Feature","id":"node/11195509640","properties":{"addr:housenumber":"84","addr:street":"4174 Sk","addr:unit":"101","brand":"Decathlon","brand:wikidata":"Q509349","check_date":"2023-09-16","level":"1","name":"Decathlon","shop":"sports","id":"node/11195509640"},"geometry":{"type":"Point","coordinates":[27.2097738,38.4308149]}},{"type":"Feature","id":"node/11270998471","properties":{"leisure":"playground","id":"node/11270998471"},"geometry":{"type":"Point","coordinates":[27.1877029,38.4248974]}},{"type":"Feature","id":"node/11337177536","properties":{"amenity":"cinema","name":"Paribu Cineverse","id":"node/11337177536"},"geometry":{"type":"Point","coordinates":[27.2097803,38.4306865]}},{"type":"Feature","id":"node/11365924898","properties":{"addr:city":"İzmir","addr:district":"Bornova","addr:housenumber":"2/1A","addr:neighbourhood":"Kazım Dirik Mahallesi","addr:postcode":"35100","addr:street":"346. Sokak","brand":"Opel;Chevrolet","contact:facebook":"https://facebook.com/izmiropell","contact:instagram":"https://www.instagram.com/izmiropel","email":"info@izmiropel.net","image":"https://www.izmiropel.net/izmir_opel_logo.jpg","name":"İzmir Opel Yedek Parça","opening_hours":"Mo-St 08:30-18:30","operator":"Opel Chevrolet Yedekleri","payment:cash":"yes","payment:credit_cards":"yes","payment:debit_cards":"yes","payment:mastercard":"yes","payment:visa":"yes","phone":"+90 530 108 79 99","shop":"car_parts","website":"https://www.izmiropel.net","wheelchair":"yes","id":"node/11365924898"},"geometry":{"type":"Point","coordinates":[27.1916397,38.445012]}},{"type":"Feature","id":"node/11402652270","properties":{"amenity":"pharmacy","name":"Erman Eczanesi","phone":"+90 232 479 7007","id":"node/11402652270"},"geometry":{"type":"Point","coordinates":[27.2511838,38.4456963]}},{"type":"Feature","id":"node/11402652271","properties":{"amenity":"pharmacy","name":"Güvener Eczanesi","phone":"+90 232 478 4838","id":"node/11402652271"},"geometry":{"type":"Point","coordinates":[27.2689171,38.4543628]}},{"type":"Feature","id":"node/11402652272","properties":{"amenity":"pharmacy","name":"Yeni Bayraktar Eczanesi","phone":"+90 232 375 0309","id":"node/11402652272"},"geometry":{"type":"Point","coordinates":[27.2431668,38.4637528]}},{"type":"Feature","id":"node/11402672469","properties":{"amenity":"pharmacy","name":"Pınarbaşı Eczanesi","phone":"+90 232 479 1702","id":"node/11402672469"},"geometry":{"type":"Point","coordinates":[27.2698714,38.4299236]}},{"type":"Feature","id":"node/11402672470","properties":{"amenity":"pharmacy","name":"Sima Eczanesi","phone":"+90 232 479 5435","id":"node/11402672470"},"geometry":{"type":"Point","coordinates":[27.2744213,38.429003]}},{"type":"Feature","id":"node/11402672569","properties":{"amenity":"pharmacy","name":"Yılmaz Eczanesi","phone":"+90 232 479 0022","id":"node/11402672569"},"geometry":{"type":"Point","coordinates":[27.2660854,38.4279443]}},{"type":"Feature","id":"node/11402672570","properties":{"amenity":"pharmacy","name":"Paçacı Eczanesi","phone":"+90 232 479 0174","id":"node/11402672570"},"geometry":{"type":"Point","coordinates":[27.2741758,38.4298846]}},{"type":"Feature","id":"node/11402672571","properties":{"amenity":"pharmacy","name":"Hakan Yılmaz Eczanesi","phone":"+90 232 478 6463","id":"node/11402672571"},"geometry":{"type":"Point","coordinates":[27.2578243,38.4416571]}},{"type":"Feature","id":"node/11402672572","properties":{"amenity":"pharmacy","healthcare":"pharmacy","name":"Altınbaş Eczanesi","phone":"+90 232 375 5288","id":"node/11402672572"},"geometry":{"type":"Point","coordinates":[27.2511321,38.4593561]}},{"type":"Feature","id":"node/11402672669","properties":{"amenity":"pharmacy","name":"Toprak Eczanesi","phone":"+90 232 479 0609","id":"node/11402672669"},"geometry":{"type":"Point","coordinates":[27.2659797,38.4280654]}},{"type":"Feature","id":"node/11402672670","properties":{"amenity":"pharmacy","healthcare":"pharmacy","name":"Eyüpoğlu Eczanesi","phone":"+90 232 375 9317","id":"node/11402672670"},"geometry":{"type":"Point","coordinates":[27.2544552,38.473547]}},{"type":"Feature","id":"node/11402672769","properties":{"amenity":"pharmacy","name":"Karadeniz Eczanesi","phone":"+90 232 478 6606","id":"node/11402672769"},"geometry":{"type":"Point","coordinates":[27.2737635,38.4298625]}},{"type":"Feature","id":"node/11402672770","properties":{"amenity":"pharmacy","name":"Altınayar Eczanesi","phone":"+90 232 375 8939","id":"node/11402672770"},"geometry":{"type":"Point","coordinates":[27.2503284,38.4718627]}},{"type":"Feature","id":"node/11402672869","properties":{"amenity":"pharmacy","name":"Aybüke Eczanesi","phone":"+90 232 479 8891","id":"node/11402672869"},"geometry":{"type":"Point","coordinates":[27.2564272,38.4409436]}},{"type":"Feature","id":"node/11402672870","properties":{"amenity":"pharmacy","name":"Eligür Eczanesi","phone":"+90 232 478 4508","id":"node/11402672870"},"geometry":{"type":"Point","coordinates":[27.2679026,38.4544882]}},{"type":"Feature","id":"node/11402672872","properties":{"amenity":"pharmacy","name":"Çayır Eczanesi","phone":"+90 232 375 1043","id":"node/11402672872"},"geometry":{"type":"Point","coordinates":[27.2466104,38.464372]}},{"type":"Feature","id":"node/11402787470","properties":{"amenity":"pharmacy","name":"Ökkan Eczanesi","phone":"+90 232 479 7511","id":"node/11402787470"},"geometry":{"type":"Point","coordinates":[27.2528805,38.45375]}},{"type":"Feature","id":"node/11402787471","properties":{"amenity":"pharmacy","healthcare":"pharmacy","name":"Demirkan Eczanesi","phone":"+90 232 375 5247","id":"node/11402787471"},"geometry":{"type":"Point","coordinates":[27.2511059,38.4594705]}},{"type":"Feature","id":"node/11402799769","properties":{"amenity":"pharmacy","name":"Funda Eczanesi","phone":"+90 232 342 9402","id":"node/11402799769"},"geometry":{"type":"Point","coordinates":[27.2482784,38.4517175]}},{"type":"Feature","id":"node/11402799869","properties":{"amenity":"pharmacy","name":"Doğanlar Eczanesi","phone":"+90 232 478 1403","id":"node/11402799869"},"geometry":{"type":"Point","coordinates":[27.2502857,38.4528512]}},{"type":"Feature","id":"node/11402799969","properties":{"amenity":"pharmacy","name":"Berrak Eczanesi","phone":"+90 546 420 0135","id":"node/11402799969"},"geometry":{"type":"Point","coordinates":[27.2530051,38.4538667]}},{"type":"Feature","id":"node/11402800069","properties":{"amenity":"pharmacy","healthcare":"pharmacy","name":"Bornova Akşahin Eczanesi","phone":"+90 232 373 0690","id":"node/11402800069"},"geometry":{"type":"Point","coordinates":[27.2382646,38.4502679]}},{"type":"Feature","id":"node/11402970969","properties":{"amenity":"pharmacy","name":"Mevlâna Eczanesi","name:tr":"Mevlana Eczanesi","phone":"+90 232 339 9100","id":"node/11402970969"},"geometry":{"type":"Point","coordinates":[27.2345002,38.4491471]}},{"type":"Feature","id":"node/11402970970","properties":{"amenity":"pharmacy","name":"Mevlana Şifa Eczanesi","phone":"+90 232 374 4411","id":"node/11402970970"},"geometry":{"type":"Point","coordinates":[27.2331322,38.4486588]}},{"type":"Feature","id":"node/11402970971","properties":{"amenity":"pharmacy","name":"Sözeri Eczanesi","phone":"+90 232 502 8612","id":"node/11402970971"},"geometry":{"type":"Point","coordinates":[27.2296199,38.4481371]}},{"type":"Feature","id":"node/11402970972","properties":{"amenity":"pharmacy","name":"Başol Eczanesi","phone":"+90 232 462 0999","id":"node/11402970972"},"geometry":{"type":"Point","coordinates":[27.2082041,38.4374855]}},{"type":"Feature","id":"node/11402971069","properties":{"amenity":"pharmacy","name":"Baysal Eczanesi","phone":"+90 232 339 3321","id":"node/11402971069"},"geometry":{"type":"Point","coordinates":[27.2306726,38.4491131]}},{"type":"Feature","id":"node/11402971070","properties":{"amenity":"pharmacy","name":"Barış Eczanesi","phone":"+90 232 388 6224","id":"node/11402971070"},"geometry":{"type":"Point","coordinates":[27.2083875,38.4379293]}},{"type":"Feature","id":"node/11402971169","properties":{"amenity":"pharmacy","name":"Bilgili Eczanesi","phone":"+90 232 373 9585","id":"node/11402971169"},"geometry":{"type":"Point","coordinates":[27.2297288,38.447944]}},{"type":"Feature","id":"node/11402971170","properties":{"amenity":"pharmacy","name":"Açıkyol Eczanesi","phone":"+90 232 374 6249","id":"node/11402971170"},"geometry":{"type":"Point","coordinates":[27.2295679,38.4483491]}},{"type":"Feature","id":"node/11402971171","properties":{"amenity":"pharmacy","name":"Nova Eczanesi","phone":"+90 232 683 5062","id":"node/11402971171"},"geometry":{"type":"Point","coordinates":[27.2139343,38.4395023]}},{"type":"Feature","id":"node/11403052269","properties":{"amenity":"pharmacy","name":"Garaj Eczanesi","phone":"+90 232 472 0174","id":"node/11403052269"},"geometry":{"type":"Point","coordinates":[27.2131638,38.4306189]}},{"type":"Feature","id":"node/11403052270","properties":{"amenity":"pharmacy","name":"Mihriban Eczanesi","phone":"+90 232 461 0073","id":"node/11403052270"},"geometry":{"type":"Point","coordinates":[27.2031259,38.4338267]}},{"type":"Feature","id":"node/11403052370","properties":{"amenity":"pharmacy","name":"Baki Eczanesi","phone":"+90 232 467 1121","id":"node/11403052370"},"geometry":{"type":"Point","coordinates":[27.2080717,38.4302042]}},{"type":"Feature","id":"node/11403052371","properties":{"amenity":"pharmacy","name":"Çerçevik Eczanesi","phone":"+90 232 435 1941","id":"node/11403052371"},"geometry":{"type":"Point","coordinates":[27.2065044,38.4346687]}},{"type":"Feature","id":"node/11403052372","properties":{"amenity":"pharmacy","name":"Yeni Köseoğlu Eczanesi","phone":"+90 232 435 7776","id":"node/11403052372"},"geometry":{"type":"Point","coordinates":[27.1990731,38.4366684]}},{"type":"Feature","id":"node/11403052373","properties":{"amenity":"pharmacy","healthcare":"pharmacy","name":"Yeni Özer Eczanesi","phone":"+90 232 435 4596","id":"node/11403052373"},"geometry":{"type":"Point","coordinates":[27.201646,38.43888]}},{"type":"Feature","id":"node/11403052669","properties":{"amenity":"pharmacy","name":"Yeşilova Hayat Eczanesi","phone":"+90 232 435 0071","id":"node/11403052669"},"geometry":{"type":"Point","coordinates":[27.2031197,38.4344012]}},{"type":"Feature","id":"node/11403052670","properties":{"amenity":"pharmacy","healthcare":"pharmacy","name":"Fidan Eczanesi","phone":"+90 232 435 0118","id":"node/11403052670"},"geometry":{"type":"Point","coordinates":[27.2001156,38.4356376]}},{"type":"Feature","id":"node/11403052671","properties":{"amenity":"pharmacy","name":"Platin Eczanesi","phone":"+90 232 463 3737","id":"node/11403052671"},"geometry":{"type":"Point","coordinates":[27.2058342,38.4472723]}},{"type":"Feature","id":"node/11403052672","properties":{"amenity":"pharmacy","name":"Ayfer Eczanesi","phone":"+90 232 467 0017","id":"node/11403052672"},"geometry":{"type":"Point","coordinates":[27.198661,38.4331153]}},{"type":"Feature","id":"node/11403052769","properties":{"amenity":"pharmacy","name":"Yeşilova Gümüş Eczanesi","phone":"+90 232 461 7374","id":"node/11403052769"},"geometry":{"type":"Point","coordinates":[27.2023832,38.4360707]}},{"type":"Feature","id":"node/11403052770","properties":{"amenity":"pharmacy","name":"Tayfun Eczanesi","phone":"+90 232 462 1446","id":"node/11403052770"},"geometry":{"type":"Point","coordinates":[27.1995866,38.4366773]}},{"type":"Feature","id":"node/11403052869","properties":{"addr:housenumber":"153/A","addr:street":"Abdi İpekçi Caddesi","amenity":"pharmacy","name":"Akgün Eczanesi","phone":"+90 232 462 6484","id":"node/11403052869"},"geometry":{"type":"Point","coordinates":[27.2021941,38.4368872]}},{"type":"Feature","id":"node/11403052870","properties":{"amenity":"pharmacy","name":"Yeşilova Cadde Eczanesi","phone":"+90 232 435 0090","id":"node/11403052870"},"geometry":{"type":"Point","coordinates":[27.2014313,38.4400456]}},{"type":"Feature","id":"node/11403052871","properties":{"amenity":"pharmacy","name":"Burak Reis Eczanesi","phone":"+90 232 486 6493","id":"node/11403052871"},"geometry":{"type":"Point","coordinates":[27.1999023,38.4401303]}},{"type":"Feature","id":"node/11403054769","properties":{"amenity":"pharmacy","name":"Mercan Eczanesi","phone":"+90 232 520 0162","id":"node/11403054769"},"geometry":{"type":"Point","coordinates":[27.2004634,38.4437571]}},{"type":"Feature","id":"node/11403054770","properties":{"amenity":"pharmacy","name":"Ünlü Eczanesi","phone":"+90 232 504 3919","id":"node/11403054770"},"geometry":{"type":"Point","coordinates":[27.201169,38.4455939]}},{"type":"Feature","id":"node/11451662774","properties":{"amenity":"pharmacy","check_date":"2026-08-04","healthcare":"pharmacy","name":"Protein Eczanesi","phone":"+90 232 461 6538","id":"node/11451662774"},"geometry":{"type":"Point","coordinates":[27.1813404,38.445617]}},{"type":"Feature","id":"node/11451662775","properties":{"amenity":"pharmacy","healthcare":"pharmacy","name":"Kurtuluş Eczanesi","phone":"+90 232 465 1262","id":"node/11451662775"},"geometry":{"type":"Point","coordinates":[27.1805243,38.4396121]}},{"type":"Feature","id":"node/11451662777","properties":{"amenity":"pharmacy","name":"Kartal Eczanesi","phone":"+90 232 461 9047","id":"node/11451662777"},"geometry":{"type":"Point","coordinates":[27.1906742,38.4330444]}},{"type":"Feature","id":"node/11451662872","properties":{"amenity":"pharmacy","name":"İzmirim Eczanesi","phone":"+90 232 467 4403","id":"node/11451662872"},"geometry":{"type":"Point","coordinates":[27.195195,38.4355962]}},{"type":"Feature","id":"node/11451662972","properties":{"amenity":"pharmacy","name":"Kandemir Eczanesi","phone":"+90 232 461 2711","id":"node/11451662972"},"geometry":{"type":"Point","coordinates":[27.1915636,38.4375885]}},{"type":"Feature","id":"node/11451662973","properties":{"amenity":"pharmacy","name":"Banu Eczanesi","phone":"+90 232 435 0701","id":"node/11451662973"},"geometry":{"type":"Point","coordinates":[27.1936811,38.4368129]}},{"type":"Feature","id":"node/11451662974","properties":{"amenity":"pharmacy","name":"Tülay Eczanesi","phone":"+90 232 461 9514","id":"node/11451662974"},"geometry":{"type":"Point","coordinates":[27.1910953,38.4337326]}},{"type":"Feature","id":"node/11451662975","properties":{"amenity":"pharmacy","name":"Yeni Tuncay Eczanesi","phone":"+90 232 435 6177","id":"node/11451662975"},"geometry":{"type":"Point","coordinates":[27.1892932,38.4327291]}},{"type":"Feature","id":"node/11451664378","properties":{"amenity":"pharmacy","healthcare":"pharmacy","name":"Mineral Eczanesi","phone":"+90 232 504 0931","id":"node/11451664378"},"geometry":{"type":"Point","coordinates":[27.1867449,38.4465115]}},{"type":"Feature","id":"node/11451664379","properties":{"amenity":"pharmacy","healthcare":"pharmacy","name":"Tezay Eczanesi","phone":"+90 232 462 8236","id":"node/11451664379"},"geometry":{"type":"Point","coordinates":[27.1827866,38.4428041]}},{"type":"Feature","id":"node/11451664380","properties":{"amenity":"pharmacy","name":"Eyigele Eczanesi","phone":"+90 232 435 0891","id":"node/11451664380"},"geometry":{"type":"Point","coordinates":[27.1893625,38.4396244]}},{"type":"Feature","id":"node/11451664382","properties":{"amenity":"pharmacy","healthcare":"pharmacy","name":"Uygar Eczanesi","phone":"+90 232 520 2898","id":"node/11451664382"},"geometry":{"type":"Point","coordinates":[27.1819044,38.4354962]}},{"type":"Feature","id":"node/11451664383","properties":{"amenity":"pharmacy","healthcare":"pharmacy","name":"Samanyolu Eczanesi","phone":"+90 232 462 4971","id":"node/11451664383"},"geometry":{"type":"Point","coordinates":[27.181092,38.434811]}},{"type":"Feature","id":"node/11451664384","properties":{"addr:housenumber":"106","addr:street":"Burak Reis Caddesi","amenity":"pharmacy","healthcare":"pharmacy","name":"Nilüfer Ece Eczanesi","phone":"+90 232 435 1122","id":"node/11451664384"},"geometry":{"type":"Point","coordinates":[27.1889705,38.4374377]}},{"type":"Feature","id":"node/11451664385","properties":{"amenity":"pharmacy","healthcare":"pharmacy","name":"Çamdibi Sağlık Eczanesi","phone":"+90 232 376 0904","id":"node/11451664385"},"geometry":{"type":"Point","coordinates":[27.1877186,38.4359118]}},{"type":"Feature","id":"node/11451664386","properties":{"amenity":"pharmacy","name":"Yalçın Eczanesi","phone":"+90 232 486 8010","id":"node/11451664386"},"geometry":{"type":"Point","coordinates":[27.1933955,38.4373755]}},{"type":"Feature","id":"node/11451664387","properties":{"amenity":"pharmacy","name":"Güngör Eczanesi","phone":"+90 232 461 2616","id":"node/11451664387"},"geometry":{"type":"Point","coordinates":[27.1936655,38.4370561]}},{"type":"Feature","id":"node/11451664388","properties":{"amenity":"pharmacy","name":"Gürsoy Eczanesi","phone":"+90 232 435 5705","id":"node/11451664388"},"geometry":{"type":"Point","coordinates":[27.1924505,38.4346119]}},{"type":"Feature","id":"node/11451664389","properties":{"amenity":"pharmacy","name":"Yeşilova Eczanesi","phone":"+90 232 461 7474","id":"node/11451664389"},"geometry":{"type":"Point","coordinates":[27.1920689,38.4335399]}},{"type":"Feature","id":"node/11451664390","properties":{"amenity":"pharmacy","name":"Çamdibi Eczanesi","phone":"+90 232 462 4041","id":"node/11451664390"},"geometry":{"type":"Point","coordinates":[27.1916646,38.4335103]}},{"type":"Feature","id":"node/11451664391","properties":{"amenity":"pharmacy","name":"Tuna Eczanesi","phone":"+90 232 462 6281","id":"node/11451664391"},"geometry":{"type":"Point","coordinates":[27.1906165,38.4328781]}},{"type":"Feature","id":"node/11451664670","properties":{"amenity":"pharmacy","check_date":"2026-08-04","healthcare":"pharmacy","name":"Çiçekli Eczanesi","id":"node/11451664670"},"geometry":{"type":"Point","coordinates":[27.1804618,38.4407391]}},{"type":"Feature","id":"node/11451664671","properties":{"amenity":"pharmacy","healthcare":"pharmacy","name":"Elçin Eczanesi","phone":"+90 232 486 3566","id":"node/11451664671"},"geometry":{"type":"Point","coordinates":[27.181079,38.435122]}},{"type":"Feature","id":"node/11451664672","properties":{"amenity":"pharmacy","name":"Bornova Canan Eczanesi","phone":"+90 232 351 1313","id":"node/11451664672"},"geometry":{"type":"Point","coordinates":[27.18785,38.4353647]}},{"type":"Feature","id":"node/11451664673","properties":{"amenity":"pharmacy","name":"Adalar Eczanesi","phone":"+90 232 461 9290","id":"node/11451664673"},"geometry":{"type":"Point","coordinates":[27.1937417,38.4371431]}},{"type":"Feature","id":"node/11549455772","properties":{"amenity":"cafe","cuisine":"coffee_shop","name":"İzmirli Kahve","outdoor_seating":"no","id":"node/11549455772"},"geometry":{"type":"Point","coordinates":[27.2135208,38.4585479]}},{"type":"Feature","id":"node/11549455773","properties":{"amenity":"fast_food","name":"Mr. Çiğköfte","id":"node/11549455773"},"geometry":{"type":"Point","coordinates":[27.2129588,38.4600986]}},{"type":"Feature","id":"node/11549455774","properties":{"amenity":"cafe","name":"Küçük Prens","id":"node/11549455774"},"geometry":{"type":"Point","coordinates":[27.2133652,38.4595229]}},{"type":"Feature","id":"node/11549455775","properties":{"addr:postcode":"35100","amenity":"pharmacy","healthcare":"pharmacy","name":"Küçükpark Eczanesi","phone":"+90 232 343 6352","id":"node/11549455775"},"geometry":{"type":"Point","coordinates":[27.2129102,38.4601598]}},{"type":"Feature","id":"node/11549455776","properties":{"name":"Pera Shop","shop":"convenience","id":"node/11549455776"},"geometry":{"type":"Point","coordinates":[27.2143918,38.4591106]}},{"type":"Feature","id":"node/11549455777","properties":{"name":"Berceste Boutique","shop":"clothes","id":"node/11549455777"},"geometry":{"type":"Point","coordinates":[27.2127932,38.4602128]}},{"type":"Feature","id":"node/11572067864","properties":{"addr:city":"İzmir","addr:district":"Bornova","addr:neighbourhood":"Kazımdirik","addr:postcode":"35100","amenity":"fuel","branch":"Kazımdirik","brand":"Shell","brand:wikidata":"Q110716465","name":"Shell","opening_hours":"24/7","operator":"Arkpet Petrol","phone":"+90 232 486 7980","website":"https://find.shell.com/tr/fuel/10050040-kazimdirik/tr_TR","id":"node/11572067864"},"geometry":{"type":"Point","coordinates":[27.1886013,38.4506069]}},{"type":"Feature","id":"node/11572067865","properties":{"addr:housenumber":"182A","addr:street":"Ankara Caddesi","amenity":"fuel","compressed_air":"yes","id":"node/11572067865"},"geometry":{"type":"Point","coordinates":[27.2403008,38.4591124]}},{"type":"Feature","id":"node/11597733328","properties":{"amenity":"fast_food","name":"Germ Burger","id":"node/11597733328"},"geometry":{"type":"Point","coordinates":[27.2007431,38.4606841]}},{"type":"Feature","id":"node/11597740165","properties":{"amenity":"bank","brand":"Türkiye İş Bankası","brand:wikidata":"Q909613","name":"Türkiye İş Bankası","id":"node/11597740165"},"geometry":{"type":"Point","coordinates":[27.2063773,38.4617364]}},{"type":"Feature","id":"node/11597756781","properties":{"name":"Telefon Profesörü","shop":"mobile_phone","id":"node/11597756781"},"geometry":{"type":"Point","coordinates":[27.2120755,38.463272]}},{"type":"Feature","id":"node/11597773126","properties":{"name":"Mion","shop":"cosmetics","id":"node/11597773126"},"geometry":{"type":"Point","coordinates":[27.2002131,38.4605178]}},{"type":"Feature","id":"node/11597778656","properties":{"amenity":"fast_food","brand":"Burger King","brand:wikidata":"Q177054","brand:wikipedia":"en:Burger King","cuisine":"burger","name":"Burger King","takeaway":"yes","id":"node/11597778656"},"geometry":{"type":"Point","coordinates":[27.2015431,38.4608176]}},{"type":"Feature","id":"node/11597785420","properties":{"amenity":"cafe","brand":"Özsüt","brand:wikidata":"Q20472928","cuisine":"coffee_shop","name":"Özsüt","takeaway":"yes","id":"node/11597785420"},"geometry":{"type":"Point","coordinates":[27.2003658,38.4605472]}},{"type":"Feature","id":"node/11597785629","properties":{"amenity":"bank","brand":"Halkbank","brand:wikidata":"Q5642504","name":"Halkbank","id":"node/11597785629"},"geometry":{"type":"Point","coordinates":[27.2093674,38.4625644]}},{"type":"Feature","id":"node/11601268728","properties":{"name":"Peterson Market","shop":"convenience","id":"node/11601268728"},"geometry":{"type":"Point","coordinates":[27.2146921,38.4642394]}},{"type":"Feature","id":"node/11601274513","properties":{"name":"Özeren Perde","shop":"curtain","id":"node/11601274513"},"geometry":{"type":"Point","coordinates":[27.213915,38.4638255]}},{"type":"Feature","id":"node/11601284929","properties":{"amenity":"bank","brand":"Denizbank","brand:wikidata":"Q1115064","name":"Denizbank","id":"node/11601284929"},"geometry":{"type":"Point","coordinates":[27.2160264,38.4647924]}},{"type":"Feature","id":"node/11601293843","properties":{"amenity":"cafe","name":"Richson Coffee & Bakery","id":"node/11601293843"},"geometry":{"type":"Point","coordinates":[27.2103191,38.4628994]}},{"type":"Feature","id":"node/11601293844","properties":{"name":"Bornova Optik","shop":"optician","id":"node/11601293844"},"geometry":{"type":"Point","coordinates":[27.2186118,38.4658962]}},{"type":"Feature","id":"node/11601294864","properties":{"name":"Başaran Mobilya","shop":"furniture","id":"node/11601294864"},"geometry":{"type":"Point","coordinates":[27.1998144,38.4604148]}},{"type":"Feature","id":"node/11601295959","properties":{"amenity":"school","name":"Bornova Halk Eğitimi Merkezi","id":"node/11601295959"},"geometry":{"type":"Point","coordinates":[27.2173064,38.465185]}},{"type":"Feature","id":"node/11601300688","properties":{"amenity":"bank","brand":"Fibabanka","brand:wikidata":"Q5446343","name":"Fibabanka","id":"node/11601300688"},"geometry":{"type":"Point","coordinates":[27.2047762,38.4612381]}},{"type":"Feature","id":"node/11601300689","properties":{"amenity":"bank","brand":"Anadolubank","brand:wikidata":"Q4750773","name":"Anadolubank","id":"node/11601300689"},"geometry":{"type":"Point","coordinates":[27.2055768,38.4613322]}},{"type":"Feature","id":"node/11601301876","properties":{"brand":"Bosch","brand:wikidata":"Q234021","name":"Bosch","shop":"electronics","id":"node/11601301876"},"geometry":{"type":"Point","coordinates":[27.2175331,38.4653777]}},{"type":"Feature","id":"node/11601307132","properties":{"name":"Tuna Halı","shop":"carpet","id":"node/11601307132"},"geometry":{"type":"Point","coordinates":[27.2085621,38.4623677]}},{"type":"Feature","id":"node/11601314177","properties":{"amenity":"bank","brand":"TEB","brand:wikidata":"Q7862447","name":"TEB","id":"node/11601314177"},"geometry":{"type":"Point","coordinates":[27.2176308,38.4654109]}},{"type":"Feature","id":"node/11601461054","properties":{"name":"Hüner Unlu Mamulleri","shop":"bakery","id":"node/11601461054"},"geometry":{"type":"Point","coordinates":[27.247596,38.4644881]}},{"type":"Feature","id":"node/11811169024","properties":{"amenity":"fast_food","name":"Donas","id":"node/11811169024"},"geometry":{"type":"Point","coordinates":[27.2139698,38.459899]}},{"type":"Feature","id":"node/11811169025","properties":{"amenity":"fast_food","name":"Öncü Döner","id":"node/11811169025"},"geometry":{"type":"Point","coordinates":[27.2139557,38.45934]}},{"type":"Feature","id":"node/11812524769","properties":{"amenity":"pharmacy","name":"İzmir Eczanesi","phone":"+90 232 388 3286","id":"node/11812524769"},"geometry":{"type":"Point","coordinates":[27.208338,38.4585269]}},{"type":"Feature","id":"node/11812524770","properties":{"amenity":"pharmacy","name":"Çevre Eczanesi","phone":"+90 232 374 6625","id":"node/11812524770"},"geometry":{"type":"Point","coordinates":[27.2096548,38.4587141]}},{"type":"Feature","id":"node/11812524771","properties":{"amenity":"pharmacy","healthcare":"pharmacy","name":"Arzum Eczanesi","phone":"+90 232 342 1432","id":"node/11812524771"},"geometry":{"type":"Point","coordinates":[27.2128125,38.4610252]}},{"type":"Feature","id":"node/11812524772","properties":{"amenity":"pharmacy","healthcare":"pharmacy","name":"Bornova Mavi Eczanesi","phone":"+90 232 339 8280","id":"node/11812524772"},"geometry":{"type":"Point","coordinates":[27.2145237,38.4641126]}},{"type":"Feature","id":"node/11812524773","properties":{"amenity":"pharmacy","check_date":"2024-06-25","healthcare":"pharmacy","name":"Benlioğlu Eczanesi","phone":"+90 232 342 4557","id":"node/11812524773"},"geometry":{"type":"Point","coordinates":[27.2163505,38.4652136]}},{"type":"Feature","id":"node/11812524869","properties":{"amenity":"pharmacy","name":"Başaran Eczanesi","phone":"+90 232 388 4222","id":"node/11812524869"},"geometry":{"type":"Point","coordinates":[27.2073375,38.4592792]}},{"type":"Feature","id":"node/11812524870","properties":{"amenity":"pharmacy","name":"Gökçeli Eczanesi","phone":"+90 232 374 1687","id":"node/11812524870"},"geometry":{"type":"Point","coordinates":[27.2087312,38.4589801]}},{"type":"Feature","id":"node/11812524871","properties":{"amenity":"pharmacy","name":"Yeni Filiz Eczanesi","phone":"+90 232 388 4834","id":"node/11812524871"},"geometry":{"type":"Point","coordinates":[27.2088682,38.4585721]}},{"type":"Feature","id":"node/11812524872","properties":{"amenity":"pharmacy","name":"Budak Eczanesi","phone":"+90 232 339 5092","id":"node/11812524872"},"geometry":{"type":"Point","coordinates":[27.2083883,38.4574551]}},{"type":"Feature","id":"node/11812524873","properties":{"amenity":"pharmacy","check_date":"2026-07-25","name":"Bornova Gül Eczanesi","name:tr":"Bornova Gül Eczanesi","phone":"+90 232 342 6280","id":"node/11812524873"},"geometry":{"type":"Point","coordinates":[27.2114065,38.4616204]}},{"type":"Feature","id":"node/11812524969","properties":{"amenity":"pharmacy","name":"Kaftan Eczanesi","phone":"+90 232 348 0869","id":"node/11812524969"},"geometry":{"type":"Point","coordinates":[27.2087622,38.4585383]}},{"type":"Feature","id":"node/11812524970","properties":{"amenity":"pharmacy","name":"Bornova Ege Eczanesi","phone":"+90 232 343 5516","id":"node/11812524970"},"geometry":{"type":"Point","coordinates":[27.2085301,38.4575045]}},{"type":"Feature","id":"node/11812525069","properties":{"amenity":"pharmacy","name":"Erdönmez Eczanesi","phone":"+90 232 374 2281","id":"node/11812525069"},"geometry":{"type":"Point","coordinates":[27.2098919,38.4590827]}},{"type":"Feature","id":"node/11812525070","properties":{"amenity":"pharmacy","name":"Yeşil Eczanesi","phone":"+90 232 388 1895","id":"node/11812525070"},"geometry":{"type":"Point","coordinates":[27.2098409,38.4587856]}},{"type":"Feature","id":"node/11812525071","properties":{"amenity":"pharmacy","name":"Emin Eczanesi","phone":"+90 232 373 9631","id":"node/11812525071"},"geometry":{"type":"Point","coordinates":[27.2090703,38.4577655]}},{"type":"Feature","id":"node/11812525072","properties":{"amenity":"pharmacy","name":"Yeni Abidin Eczanesi","phone":"+90 232 388 1271","id":"node/11812525072"},"geometry":{"type":"Point","coordinates":[27.2088448,38.4576345]}},{"type":"Feature","id":"node/11812525073","properties":{"amenity":"pharmacy","name":"İlgisu Eczanesi","phone":"+90 232 339 0545","id":"node/11812525073"},"geometry":{"type":"Point","coordinates":[27.2086439,38.4575801]}},{"type":"Feature","id":"node/11812525074","properties":{"amenity":"pharmacy","name":"Şengül Eczanesi","phone":"+90 232 339 8154","id":"node/11812525074"},"geometry":{"type":"Point","coordinates":[27.2101682,38.4609979]}},{"type":"Feature","id":"node/11812525169","properties":{"amenity":"pharmacy","name":"Akhisar Eczanesi","phone":"+90 232 339 0011","id":"node/11812525169"},"geometry":{"type":"Point","coordinates":[27.2100613,38.4588674]}},{"type":"Feature","id":"node/11812525170","properties":{"amenity":"pharmacy","name":"Elif Sağsöz Eczanesi","phone":"+90 232 342 1054","id":"node/11812525170"},"geometry":{"type":"Point","coordinates":[27.2120597,38.4588683]}},{"type":"Feature","id":"node/11812525269","properties":{"amenity":"pharmacy","name":"Üniversite Eczanesi","phone":"+90 232 374 1111","id":"node/11812525269"},"geometry":{"type":"Point","coordinates":[27.2095939,38.4580172]}},{"type":"Feature","id":"node/11812525270","properties":{"amenity":"pharmacy","name":"Yavuz Eczanesi","phone":"+90 232 388 0864","id":"node/11812525270"},"geometry":{"type":"Point","coordinates":[27.2093307,38.4578896]}},{"type":"Feature","id":"node/11812525271","properties":{"amenity":"pharmacy","name":"Tamirci Eczanesi","phone":"+90 232 342 0504","id":"node/11812525271"},"geometry":{"type":"Point","coordinates":[27.209135,38.4578568]}},{"type":"Feature","id":"node/11813123483","properties":{"amenity":"pharmacy","healthcare":"pharmacy","name":"Cadde Eczanesi","phone":"+90 232 388 9326","id":"node/11813123483"},"geometry":{"type":"Point","coordinates":[27.2246899,38.462585]}},{"type":"Feature","id":"node/11813123484","properties":{"amenity":"pharmacy","healthcare":"pharmacy","name":"Yeni Hayat Eczanesi","phone":"+90 232 343 2194","id":"node/11813123484"},"geometry":{"type":"Point","coordinates":[27.2246437,38.4641933]}},{"type":"Feature","id":"node/11813123582","properties":{"amenity":"pharmacy","name":"Uğural Eczanesi","phone":"+90 232 373 4020","id":"node/11813123582"},"geometry":{"type":"Point","coordinates":[27.2184502,38.4627528]}},{"type":"Feature","id":"node/11813123583","properties":{"amenity":"pharmacy","healthcare":"pharmacy","name":"Yeni Ata Eczanesi","phone":"+90 232 343 4384","id":"node/11813123583"},"geometry":{"type":"Point","coordinates":[27.2237607,38.4643302]}},{"type":"Feature","id":"node/11813123584","properties":{"amenity":"pharmacy","healthcare":"pharmacy","name":"Adalı Eczanesi","phone":"+90 232 373 3235","id":"node/11813123584"},"geometry":{"type":"Point","coordinates":[27.2222487,38.4648936]}},{"type":"Feature","id":"node/11813123585","properties":{"amenity":"pharmacy","healthcare":"pharmacy","name":"Ümit Eczanesi","phone":"+90 232 388 1769","id":"node/11813123585"},"geometry":{"type":"Point","coordinates":[27.2224072,38.4655701]}},{"type":"Feature","id":"node/11813123586","properties":{"amenity":"pharmacy","healthcare":"pharmacy","name":"Bilgi Eczanesi i","name:tr":"Bilgi Eczanesi","phone":"+90 232 388 1684","id":"node/11813123586"},"geometry":{"type":"Point","coordinates":[27.2193282,38.4668218]}},{"type":"Feature","id":"node/11813123587","properties":{"amenity":"pharmacy","healthcare":"pharmacy","name":"Çelebi Eczanesi","phone":"+90 232 388 5991","id":"node/11813123587"},"geometry":{"type":"Point","coordinates":[27.2184496,38.467658]}},{"type":"Feature","id":"node/11813123588","properties":{"amenity":"pharmacy","healthcare":"pharmacy","name":"Pelit Eczanesi","phone":"+90 232 343 8168","id":"node/11813123588"},"geometry":{"type":"Point","coordinates":[27.2190121,38.4682729]}},{"type":"Feature","id":"node/11813123673","properties":{"amenity":"pharmacy","healthcare":"pharmacy","name":"Feride Er Eczanesi","phone":"+90 232 999 8489","id":"node/11813123673"},"geometry":{"type":"Point","coordinates":[27.2229277,38.4659626]}},{"type":"Feature","id":"node/11813123674","properties":{"amenity":"pharmacy","healthcare":"pharmacy","name":"Bornova Emek Eczanesi","phone":"+90 232 342 2122","id":"node/11813123674"},"geometry":{"type":"Point","coordinates":[27.2199257,38.4678566]}},{"type":"Feature","id":"node/11813123675","properties":{"amenity":"pharmacy","healthcare":"pharmacy","name":"Aylin Eczanesi","phone":"+90 232 339 5008","id":"node/11813123675"},"geometry":{"type":"Point","coordinates":[27.2193816,38.4682267]}},{"type":"Feature","id":"node/11813123676","properties":{"amenity":"pharmacy","healthcare":"pharmacy","name":"Nazif Eczanesi","phone":"+90 232 374 0951","id":"node/11813123676"},"geometry":{"type":"Point","coordinates":[27.2190017,38.4684057]}},{"type":"Feature","id":"node/11813123677","properties":{"amenity":"pharmacy","healthcare":"pharmacy","name":"Çınar Eczanesi","phone":"+90 232 373 6486","id":"node/11813123677"},"geometry":{"type":"Point","coordinates":[27.2191009,38.4685721]}},{"type":"Feature","id":"node/11813123678","properties":{"amenity":"pharmacy","healthcare":"pharmacy","name":"Serpil Eczanesi","phone":"+90 232 388 4711","id":"node/11813123678"},"geometry":{"type":"Point","coordinates":[27.2204923,38.4702166]}},{"type":"Feature","id":"node/11813123773","properties":{"amenity":"pharmacy","healthcare":"pharmacy","name":"Melek Eczanesi","phone":"+90 232 388 2383","id":"node/11813123773"},"geometry":{"type":"Point","coordinates":[27.2225454,38.464754]}},{"type":"Feature","id":"node/11813123774","properties":{"amenity":"pharmacy","healthcare":"pharmacy","name":"Burcu Eczanesi","phone":"+90 232 373 9150","id":"node/11813123774"},"geometry":{"type":"Point","coordinates":[27.2205662,38.4657351]}},{"type":"Feature","id":"node/11813123775","properties":{"amenity":"pharmacy","healthcare":"pharmacy","name":"Öz","name:tr":"Öz Işıl Eczanesi","phone":"+90 232 374 2683","id":"node/11813123775"},"geometry":{"type":"Point","coordinates":[27.2193802,38.4678333]}},{"type":"Feature","id":"node/11813123776","properties":{"amenity":"pharmacy","healthcare":"pharmacy","name":"Yeni Aras Eczanesi","phone":"+90 232 373 6524","id":"node/11813123776"},"geometry":{"type":"Point","coordinates":[27.2191825,38.4678534]}},{"type":"Feature","id":"node/11813124070","properties":{"amenity":"pharmacy","healthcare":"pharmacy","name":"Natura Eczanesi","phone":"+90 232 351 3335","id":"node/11813124070"},"geometry":{"type":"Point","coordinates":[27.2202429,38.4660357]}},{"type":"Feature","id":"node/11813124071","properties":{"amenity":"pharmacy","healthcare":"pharmacy","name":"Meltem Eczanesi","phone":"+90 533 593 5277","id":"node/11813124071"},"geometry":{"type":"Point","coordinates":[27.2231407,38.4700132]}},{"type":"Feature","id":"node/11813146091","properties":{"amenity":"pharmacy","healthcare":"pharmacy","name":"Yeni Ömür Eczanesi","opening_hours":"Mo-Sa 09:00-19:00","phone":"+90 232 388 2102","id":"node/11813146091"},"geometry":{"type":"Point","coordinates":[27.2108244,38.4785807]}},{"type":"Feature","id":"node/11813146092","properties":{"amenity":"pharmacy","healthcare":"pharmacy","name":"Demirkol Eczanesi","phone":"+90 232 388 7962","id":"node/11813146092"},"geometry":{"type":"Point","coordinates":[27.206353,38.4779797]}},{"type":"Feature","id":"node/11813146093","properties":{"amenity":"pharmacy","healthcare":"pharmacy","name":"Atakent Eczanesi","opening_hours":"Mo-Sa 09:00-19:00","phone":"+90 232 388 6042","id":"node/11813146093"},"geometry":{"type":"Point","coordinates":[27.2044661,38.4766742]}},{"type":"Feature","id":"node/11813146094","properties":{"amenity":"pharmacy","healthcare":"pharmacy","name":"Özlemin Eczanesi","phone":"+90 232 344 1111","id":"node/11813146094"},"geometry":{"type":"Point","coordinates":[27.2014381,38.4727992]}},{"type":"Feature","id":"node/11813146419","properties":{"amenity":"pharmacy","healthcare":"pharmacy","name":"Belgin Öztürk Eczanesi","phone":"+90 232 339 3920","id":"node/11813146419"},"geometry":{"type":"Point","coordinates":[27.2097591,38.4838022]}},{"type":"Feature","id":"node/11813146420","properties":{"amenity":"pharmacy","healthcare":"pharmacy","name":"Aslan Eczanesi","phone":"+90 232 351 4901","id":"node/11813146420"},"geometry":{"type":"Point","coordinates":[27.2083599,38.4843375]}},{"type":"Feature","id":"node/11813146421","properties":{"amenity":"pharmacy","healthcare":"pharmacy","name":"Ardam Eczanesi","phone":"+90 232 343 6870","id":"node/11813146421"},"geometry":{"type":"Point","coordinates":[27.2121811,38.4778057]}},{"type":"Feature","id":"node/11813146422","properties":{"amenity":"pharmacy","name":"Harika Eczanesi","phone":"+90 232 342 5500","id":"node/11813146422"},"geometry":{"type":"Point","coordinates":[27.1960389,38.474445]}},{"type":"Feature","id":"node/11813146423","properties":{"amenity":"pharmacy","name":"Doğucan Eczanesi","phone":"+90 232 374 5888","id":"node/11813146423"},"geometry":{"type":"Point","coordinates":[27.2097921,38.4651404]}},{"type":"Feature","id":"node/11813146424","properties":{"amenity":"pharmacy","name":"Nur Eczanesi","phone":"+90 232 388 6012","id":"node/11813146424"},"geometry":{"type":"Point","coordinates":[27.2087697,38.4634451]}},{"type":"Feature","id":"node/11813146425","properties":{"amenity":"pharmacy","name":"Dalgıç Eczanesi","phone":"+90 232 388 6000","id":"node/11813146425"},"geometry":{"type":"Point","coordinates":[27.2073361,38.4645341]}},{"type":"Feature","id":"node/11813146426","properties":{"amenity":"pharmacy","name":"Bornova Ordu Eczanesi","phone":"+90 232 342 1363","id":"node/11813146426"},"geometry":{"type":"Point","coordinates":[27.2064404,38.4640918]}},{"type":"Feature","id":"node/11813146427","properties":{"addr:housenumber":"17/A","addr:street":"185. Sokak","amenity":"pharmacy","healthcare":"pharmacy","name":"Nar Eczanesi","phone":"+90 232 999 9636","id":"node/11813146427"},"geometry":{"type":"Point","coordinates":[27.207427,38.4615097]}},{"type":"Feature","id":"node/11813146428","properties":{"amenity":"pharmacy","healthcare":"pharmacy","name":"Ceren Eczanesi","phone":"+90 232 339 7007","id":"node/11813146428"},"geometry":{"type":"Point","coordinates":[27.2076404,38.4618023]}},{"type":"Feature","id":"node/11813146429","properties":{"amenity":"pharmacy","healthcare":"pharmacy","name":"Akgüneş Eczanesi","phone":"+90 232 343 5673","id":"node/11813146429"},"geometry":{"type":"Point","coordinates":[27.2026837,38.4606343]}},{"type":"Feature","id":"node/11813146430","properties":{"amenity":"pharmacy","name":"Yeni Bulvar Eczanesi","phone":"+90 232 374 0666","id":"node/11813146430"},"geometry":{"type":"Point","coordinates":[27.2035767,38.4614599]}},{"type":"Feature","id":"node/11813146431","properties":{"amenity":"pharmacy","healthcare":"pharmacy","name":"Naturel Eczanesi","phone":"+90 232 343 6061","id":"node/11813146431"},"geometry":{"type":"Point","coordinates":[27.2040624,38.4611192]}},{"type":"Feature","id":"node/11813146432","properties":{"amenity":"pharmacy","healthcare":"pharmacy","name":"Sinem Özlem Eczanesi","phone":"+90 232 373 9231","id":"node/11813146432"},"geometry":{"type":"Point","coordinates":[27.2045255,38.4611955]}},{"type":"Feature","id":"node/11813146477","properties":{"amenity":"pharmacy","healthcare":"pharmacy","name":"Benay Eczanesi","opening_hours":"Mo-Sa 09:00-18:00","phone":"+90 232 374 2848","id":"node/11813146477"},"geometry":{"type":"Point","coordinates":[27.2101464,38.4787222]}},{"type":"Feature","id":"node/11813146478","properties":{"amenity":"pharmacy","name":"Bornova Güler Eczanesi","phone":"+90 232 388 3591","id":"node/11813146478"},"geometry":{"type":"Point","coordinates":[27.2033191,38.4642091]}},{"type":"Feature","id":"node/11813146479","properties":{"amenity":"pharmacy","name":"Bornova Hülya Eczanesi","phone":"+90 232 342 6812","id":"node/11813146479"},"geometry":{"type":"Point","coordinates":[27.2050312,38.4617107]}},{"type":"Feature","id":"node/11816175269","properties":{"amenity":"pharmacy","healthcare":"pharmacy","name":"Yazgan Eczanesi","phone":"+90 232 344 0003","id":"node/11816175269"},"geometry":{"type":"Point","coordinates":[27.1989513,38.4598575]}},{"type":"Feature","id":"node/11866663564","properties":{"amenity":"cafe","name":"Pause Coffea","note":"The name isn't misspelled. Don't fix it.","id":"node/11866663564"},"geometry":{"type":"Point","coordinates":[27.2127847,38.4596701]}},{"type":"Feature","id":"node/11883755469","properties":{"amenity":"bar","name":"BİRALEM","website":"https://digitalmenucheck.com/2a2777bf-02a7-4c48-8991-056663f493eb","id":"node/11883755469"},"geometry":{"type":"Point","coordinates":[27.2116728,38.4598441]}},{"type":"Feature","id":"node/11883926969","properties":{"name":"Temiz Ekipman","shop":"motorcycle","website":"https://temizekipman.com","id":"node/11883926969"},"geometry":{"type":"Point","coordinates":[27.211475,38.4606981]}},{"type":"Feature","id":"node/12000584750","properties":{"amenity":"fast_food","brand":"IKEA","brand:wikidata":"Q54078","check_date":"2026-08-14","check_date:opening_hours":"2026-08-14","cuisine":"swedish","level":"1","name":"IKEA Restaurant","name:ru":"Ресторан ИКЕА","opening_hours":"Mo-Su 09:30-21:30","takeaway":"yes","id":"node/12000584750"},"geometry":{"type":"Point","coordinates":[27.2136235,38.451604]}},{"type":"Feature","id":"node/12000584751","properties":{"amenity":"cafe","brand":"IKEA","brand:wikidata":"Q54078","check_date":"2026-08-14","check_date:opening_hours":"2026-08-14","cuisine":"coffee_shop","name":"IKEA Café","opening_hours":"Mo-Su 09:30-21:30","takeaway":"yes","id":"node/12000584751"},"geometry":{"type":"Point","coordinates":[27.2133269,38.4516254]}},{"type":"Feature","id":"node/12000584752","properties":{"amenity":"restaurant","check_date":"2024-06-22","level":"1","name":"Midpoint","id":"node/12000584752"},"geometry":{"type":"Point","coordinates":[27.2103499,38.4498859]}},{"type":"Feature","id":"node/12009015237","properties":{"leisure":"playground","id":"node/12009015237"},"geometry":{"type":"Point","coordinates":[27.1910513,38.4481138]}},{"type":"Feature","id":"node/12009080160","properties":{"amenity":"cafe","check_date":"2024-06-25","cuisine":"coffee_shop","name":"Lis","id":"node/12009080160"},"geometry":{"type":"Point","coordinates":[27.2146942,38.4609594]}},{"type":"Feature","id":"node/12009080161","properties":{"amenity":"cafe","check_date":"2024-06-25","cuisine":"coffee_shop","name":"Berry","id":"node/12009080161"},"geometry":{"type":"Point","coordinates":[27.2150584,38.4612283]}},{"type":"Feature","id":"node/12009080162","properties":{"check_date":"2024-06-25","name":"Dry Park","shop":"dry_cleaning","id":"node/12009080162"},"geometry":{"type":"Point","coordinates":[27.2150379,38.4609953]}},{"type":"Feature","id":"node/12009080163","properties":{"check_date":"2024-06-25","name":"Melisa","shop":"convenience","id":"node/12009080163"},"geometry":{"type":"Point","coordinates":[27.2160115,38.4617228]}},{"type":"Feature","id":"node/12009080164","properties":{"amenity":"cafe","check_date":"2024-06-25","name":"Winners","id":"node/12009080164"},"geometry":{"type":"Point","coordinates":[27.2156999,38.4635038]}},{"type":"Feature","id":"node/12009080165","properties":{"check_date":"2024-06-25","leisure":"fitness_centre","name":"Ası","id":"node/12009080165"},"geometry":{"type":"Point","coordinates":[27.2158545,38.4635802]}},{"type":"Feature","id":"node/12009080166","properties":{"check_date":"2024-06-25","name":"Affa","shop":"hairdresser","id":"node/12009080166"},"geometry":{"type":"Point","coordinates":[27.2159824,38.4636609]}},{"type":"Feature","id":"node/12009080167","properties":{"check_date":"2024-06-25","shop":"tattoo","id":"node/12009080167"},"geometry":{"type":"Point","coordinates":[27.2159035,38.4636035]}},{"type":"Feature","id":"node/12009080168","properties":{"amenity":"cafe","check_date":"2024-06-25","name":"Two Taco","id":"node/12009080168"},"geometry":{"type":"Point","coordinates":[27.2161134,38.4637189]}},{"type":"Feature","id":"node/12009081145","properties":{"amenity":"cafe","check_date":"2024-06-25","name":"De Lente","id":"node/12009081145"},"geometry":{"type":"Point","coordinates":[27.2153944,38.4633342]}},{"type":"Feature","id":"node/12009081146","properties":{"beauty":"nails","check_date":"2024-06-25","name":"Şeyda Atlı","shop":"beauty","id":"node/12009081146"},"geometry":{"type":"Point","coordinates":[27.215622,38.4631275]}},{"type":"Feature","id":"node/12009081147","properties":{"amenity":"cafe","check_date":"2024-06-25","name":"Jazzy","id":"node/12009081147"},"geometry":{"type":"Point","coordinates":[27.2153194,38.4634542]}},{"type":"Feature","id":"node/12009099169","properties":{"amenity":"fast_food","brand":"Papa John's","brand:wikidata":"Q2759586","check_date":"2024-06-25","cuisine":"pizza","name":"Papa John's","takeaway":"yes","id":"node/12009099169"},"geometry":{"type":"Point","coordinates":[27.216197,38.4637636]}},{"type":"Feature","id":"node/12009099170","properties":{"check_date":"2024-06-25","name":"Miere","shop":"pet","id":"node/12009099170"},"geometry":{"type":"Point","coordinates":[27.2162649,38.4637972]}},{"type":"Feature","id":"node/12009099493","properties":{"check_date":"2024-06-25","shop":"clothes","id":"node/12009099493"},"geometry":{"type":"Point","coordinates":[27.2164024,38.4652302]}},{"type":"Feature","id":"node/12009099494","properties":{"check_date":"2024-06-25","name":"Üstün Optik","shop":"optician","id":"node/12009099494"},"geometry":{"type":"Point","coordinates":[27.2164614,38.4652614]}},{"type":"Feature","id":"node/12009099495","properties":{"check_date":"2024-06-25","name":"Serkan Kuyumculuk","shop":"jewelry","id":"node/12009099495"},"geometry":{"type":"Point","coordinates":[27.216186,38.4651106]}},{"type":"Feature","id":"node/12009099496","properties":{"check_date":"2024-06-25","name":"Gold GSM Bayii 2","shop":"mobile_phone","id":"node/12009099496"},"geometry":{"type":"Point","coordinates":[27.2161526,38.465083]}},{"type":"Feature","id":"node/12009099497","properties":{"check_date":"2024-06-25","name":"Ozkan","shop":"convenience","id":"node/12009099497"},"geometry":{"type":"Point","coordinates":[27.2161008,38.4650687]}},{"type":"Feature","id":"node/12009099498","properties":{"check_date":"2024-06-25","name":"Hello","shop":"fashion_accessories","id":"node/12009099498"},"geometry":{"type":"Point","coordinates":[27.216009,38.4650274]}},{"type":"Feature","id":"node/12009117716","properties":{"check_date":"2024-06-25","name":"Tena","shop":"clothes","id":"node/12009117716"},"geometry":{"type":"Point","coordinates":[27.2166903,38.4653099]}},{"type":"Feature","id":"node/12009118733","properties":{"amenity":"cafe","check_date":"2024-06-25","name":"O'Lahmacun","id":"node/12009118733"},"geometry":{"type":"Point","coordinates":[27.2154163,38.4631009]}},{"type":"Feature","id":"node/12009175535","properties":{"brand":"A101","brand:wikidata":"Q6034496","check_date":"2024-06-25","name":"A101","shop":"supermarket","id":"node/12009175535"},"geometry":{"type":"Point","coordinates":[27.20421,38.4556981]}},{"type":"Feature","id":"node/12213785022","properties":{"addr:housenumber":"296","addr:street":"Barbaros Caddesi","name":"Değirmen Cafe","shop":"bakery","id":"node/12213785022"},"geometry":{"type":"Point","coordinates":[27.2074832,38.4883981]}},{"type":"Feature","id":"node/12213799292","properties":{"addr:housenumber":"282/B","addr:street":"Barbaros Caddesi","male":"yes","name":"Vatan Erkek Kuaförü","opening_hours":"Mo-Sa 09:00-22:00","phone":"+905442718899","shop":"hairdresser","id":"node/12213799292"},"geometry":{"type":"Point","coordinates":[27.2061144,38.4884308]}},{"type":"Feature","id":"node/12213817332","properties":{"addr:housenumber":"280/A","addr:street":"Barbaros Caddesi","name":"Ateş Et Kasap & Et Pişiricisi","opening_hours":"Mo-Sa 09:00-22:00","phone":"+905321665711","shop":"butcher","id":"node/12213817332"},"geometry":{"type":"Point","coordinates":[27.2059459,38.4883674]}},{"type":"Feature","id":"node/12213838404","properties":{"addr:housenumber":"284/A","addr:street":"Barbaros Caddesi","amenity":"restaurant","name":"Arda 2 Pide Kebap Salonu","opening_hours":"Mo-Su 10:00-22:00","phone":"+902323512727","id":"node/12213838404"},"geometry":{"type":"Point","coordinates":[27.2062842,38.4884468]}},{"type":"Feature","id":"node/12228632401","properties":{"bus":"yes","highway":"bus_stop","name":"İnönü","public_transport":"platform","id":"node/12228632401"},"geometry":{"type":"Point","coordinates":[27.2149966,38.4767714]}},{"type":"Feature","id":"node/12228632701","properties":{"bus":"yes","highway":"bus_stop","name":"İnönü","public_transport":"platform","id":"node/12228632701"},"geometry":{"type":"Point","coordinates":[27.2149245,38.4768277]}},{"type":"Feature","id":"node/12264976401","properties":{"leisure":"sports_centre","name":"İzmir Vali Hüseyin Öğütçen Spor Salonu","id":"node/12264976401"},"geometry":{"type":"Point","coordinates":[27.211168,38.4776079]}},{"type":"Feature","id":"node/12308348101","properties":{"name":"İkiz Göl","tourism":"viewpoint","id":"node/12308348101"},"geometry":{"type":"Point","coordinates":[27.2240494,38.5276382]}},{"type":"Feature","id":"node/12308352301","properties":{"addr:housenumber":"No 4/C","addr:postcode":"35040","amenity":"hospital","email":"info@oksijensaglik.com","healthcare":"hospital","name":"Özel Oksijen Sağlık Kabini","name:en":"Health Cabin","opening_hours":"Mo-Su 09:00-19:00","phone":"+905055983535","website":"https://www.oksijensaglik.com/","id":"node/12308352301"},"geometry":{"type":"Point","coordinates":[27.2199246,38.4679306]}},{"type":"Feature","id":"node/12323955550","properties":{"bus":"yes","highway":"bus_stop","name":"Okul","public_transport":"platform","id":"node/12323955550"},"geometry":{"type":"Point","coordinates":[27.210513,38.4389196]}},{"type":"Feature","id":"node/12323955551","properties":{"bus":"yes","highway":"bus_stop","name":"Okul","public_transport":"platform","id":"node/12323955551"},"geometry":{"type":"Point","coordinates":[27.210367,38.438905]}},{"type":"Feature","id":"node/12325369702","properties":{"name":"Tarım Kredi Market","shop":"convenience","id":"node/12325369702"},"geometry":{"type":"Point","coordinates":[27.2078678,38.4360953]}},{"type":"Feature","id":"node/12325369703","properties":{"brand":"Migros","brand:wikidata":"Q1754510","name":"Migros","shop":"convenience","id":"node/12325369703"},"geometry":{"type":"Point","coordinates":[27.2101071,38.4367315]}},{"type":"Feature","id":"node/12325369704","properties":{"brand":"Migros","brand:wikidata":"Q1754510","name":"Migros","shop":"convenience","id":"node/12325369704"},"geometry":{"type":"Point","coordinates":[27.2091863,38.4372684]}},{"type":"Feature","id":"node/12398813426","properties":{"bus":"yes","highway":"bus_stop","name":"Sarnıçköy","public_transport":"platform","id":"node/12398813426"},"geometry":{"type":"Point","coordinates":[27.2758741,38.5481856]}},{"type":"Feature","id":"node/12398813427","properties":{"bus":"yes","highway":"bus_stop","name":"Sarnıçköy Ladin","public_transport":"platform","id":"node/12398813427"},"geometry":{"type":"Point","coordinates":[27.2771404,38.546575]}},{"type":"Feature","id":"node/12398813428","properties":{"bus":"yes","highway":"bus_stop","name":"Kodelya","public_transport":"platform","id":"node/12398813428"},"geometry":{"type":"Point","coordinates":[27.2790201,38.5457477]}},{"type":"Feature","id":"node/12398813429","properties":{"bus":"yes","highway":"bus_stop","name":"Sarnıçköy Giriş","public_transport":"platform","id":"node/12398813429"},"geometry":{"type":"Point","coordinates":[27.2814739,38.544336]}},{"type":"Feature","id":"node/12398813430","properties":{"bus":"yes","highway":"bus_stop","name":"Sarnıçköy Çamlık","public_transport":"platform","id":"node/12398813430"},"geometry":{"type":"Point","coordinates":[27.2826064,38.5422107]}},{"type":"Feature","id":"node/12398813431","properties":{"bus":"yes","highway":"bus_stop","name":"Beşyol Giriş","public_transport":"platform","id":"node/12398813431"},"geometry":{"type":"Point","coordinates":[27.2898001,38.5329971]}},{"type":"Feature","id":"node/12408139415","properties":{"bus":"yes","highway":"bus_stop","name":"Beşyol Kavşağı","operator":"Manisa Seyahat","public_transport":"stop_position","id":"node/12408139415"},"geometry":{"type":"Point","coordinates":[27.281251,38.5314021]}},{"type":"Feature","id":"node/12651885420","properties":{"amenity":"restaurant","name":"EÜ Rektörlük Yemekhanesi","id":"node/12651885420"},"geometry":{"type":"Point","coordinates":[27.2227919,38.4612978]}},{"type":"Feature","id":"node/12651885421","properties":{"amenity":"place_of_worship","name":"Rektörlük Mescidi","religion":"muslim","id":"node/12651885421"},"geometry":{"type":"Point","coordinates":[27.2229158,38.4612113]}},{"type":"Feature","id":"node/12696301874","properties":{"leisure":"park","name":"Osman Kalhan Park Alanı","id":"node/12696301874"},"geometry":{"type":"Point","coordinates":[27.2467946,38.41323]}},{"type":"Feature","id":"node/12725732804","properties":{"addr:city":"İzmir","addr:district":"Bornova","addr:housenumber":"No:1/C","addr:neighbourhood":"Kazımdirik","addr:street":"185. Sokak","amenity":"cafe","cuisine":"coffee_shop","internet_access":"wlan","internet_access:fee":"no","name":"Kün Coffee","opening_hours":"Mo-Su 09:00-21:00","phone":"+90 501 057 35 32","smoking":"outside","id":"node/12725732804"},"geometry":{"type":"Point","coordinates":[27.2080003,38.4590817]}},{"type":"Feature","id":"node/12755361722","properties":{"bus":"yes","highway":"bus_stop","name":"Ege Üniversitesi Hastanesi Anayol","public_transport":"pole","id":"node/12755361722"},"geometry":{"type":"Point","coordinates":[27.205947,38.4574069]}},{"type":"Feature","id":"node/12774835399","properties":{"addr:city":"İzmir","addr:district":"Bornova","addr:housenumber":"6","addr:neighbourhood":"ergene","addr:street":"544 sok.","amenity":"restaurant","check_date":"2026-08-19","cuisine":"turkish","delivery":"yes","name":"Şefin Tavsiyesi","opening_hours":"Mo-Fr 09:00-17:00","organic":"yes","outdoor_seating":"yes","id":"node/12774835399"},"geometry":{"type":"Point","coordinates":[27.2177959,38.4666106]}},{"type":"Feature","id":"node/12825365701","properties":{"addr:street":"Şehit Mustafa Caddesi","amenity":"restaurant","cuisine":"turkish","name":"Hızır Pide","opening_hours":"Mo-Su 09:00-23:49","id":"node/12825365701"},"geometry":{"type":"Point","coordinates":[27.2128424,38.4782489]}},{"type":"Feature","id":"node/12879244611","properties":{"addr:city":"İzmir","addr:district":"Bornova","addr:housenumber":"No : 1","addr:neighbourhood":"Evka 3 Mahallesi","addr:postcode":"35050","addr:street":"127/9 Sokak","amenity":"pharmacy","healthcare":"pharmacy","name":"Aygül Eczanesi","phone":"+90 232 375 79 16","id":"node/12879244611"},"geometry":{"type":"Point","coordinates":[27.2542004,38.473669]}},{"type":"Feature","id":"node/12879244612","properties":{"addr:city":"İzmir","addr:district":"Bornova","addr:housenumber":"No : 111/A","addr:neighbourhood":"Yeşilova Mahallesi","addr:postcode":"35080","addr:street":"4174 Sokak","amenity":"pharmacy","healthcare":"pharmacy","name":"Dila Eczanesi","phone":"+90 232 467 49 38","id":"node/12879244612"},"geometry":{"type":"Point","coordinates":[27.2086784,38.4314851]}},{"type":"Feature","id":"node/12942540825","properties":{"amenity":"place_of_worship","name":"Koşukavak Camii","religion":"muslim","id":"node/12942540825"},"geometry":{"type":"Point","coordinates":[27.1928615,38.4279268]}},{"type":"Feature","id":"node/12985739321","properties":{"name":"Gürmar","shop":"supermarket","id":"node/12985739321"},"geometry":{"type":"Point","coordinates":[27.2051858,38.4466123]}},{"type":"Feature","id":"node/12985777569","properties":{"brand":"Migros","brand:wikidata":"Q1754510","name":"Migros","shop":"supermarket","id":"node/12985777569"},"geometry":{"type":"Point","coordinates":[27.1975983,38.4426981]}},{"type":"Feature","id":"node/13003983857","properties":{"addr:housenumber":"112/A","addr:street":"Yıldırım Beyazıt Caddesi","branch":"Çamdibi","brand":"İZMAR","building":"yes","name":"İZMAR","opening_hours":"Mo-Sa 10:00-19:00","operator":"İZTARIM A.Ş.","operator:type":"public","shop":"supermarket","website":"https://www.izmar.info","wheelchair":"yes","id":"node/13003983857"},"geometry":{"type":"Point","coordinates":[27.1885386,38.4394248]}},{"type":"Feature","id":"node/13003983858","properties":{"addr:housenumber":"33-37/A","addr:street":"1550. Sokak","branch":"Doğanlar","brand":"İZMAR","building":"yes","name":"İZMAR","opening_hours":"Mo-Sa 10:00-19:00","operator":"İZTARIM A.Ş.","operator:type":"public","shop":"supermarket","website":"https://www.izmar.info","wheelchair":"yes","id":"node/13003983858"},"geometry":{"type":"Point","coordinates":[27.2466581,38.4514942]}},{"type":"Feature","id":"node/13020673172","properties":{"amenity":"bank","atm":"yes","brand":"Vakıfbank","brand:wikidata":"Q1148521","name":"Vakıfbank","id":"node/13020673172"},"geometry":{"type":"Point","coordinates":[27.2066882,38.4283641]}},{"type":"Feature","id":"node/13020673173","properties":{"amenity":"bank","atm":"yes","brand":"Denizbank","brand:wikidata":"Q1115064","name":"Denizbank","id":"node/13020673173"},"geometry":{"type":"Point","coordinates":[27.206464,38.4284142]}},{"type":"Feature","id":"node/13020673174","properties":{"amenity":"fuel","brand":"Aytemiz","brand:wikidata":"Q62274352","fuel:diesel":"yes","fuel:lpg":"yes","fuel:octane_95":"yes","name":"Aytemiz","id":"node/13020673174"},"geometry":{"type":"Point","coordinates":[27.2110121,38.4279196]}},{"type":"Feature","id":"node/13077683796","properties":{"amenity":"fast_food","name":"Bülent Börekçilik","id":"node/13077683796"},"geometry":{"type":"Point","coordinates":[27.2260583,38.4624168]}},{"type":"Feature","id":"node/13077685097","properties":{"amenity":"fast_food","name":"Etobur","id":"node/13077685097"},"geometry":{"type":"Point","coordinates":[27.2215958,38.4653055]}},{"type":"Feature","id":"node/13077690655","properties":{"amenity":"bank","name":"Akbank","id":"node/13077690655"},"geometry":{"type":"Point","coordinates":[27.2200239,38.4661961]}},{"type":"Feature","id":"node/13077698708","properties":{"amenity":"bank","name":"Vakıfbank","id":"node/13077698708"},"geometry":{"type":"Point","coordinates":[27.2182526,38.4659773]}},{"type":"Feature","id":"node/13077698817","properties":{"amenity":"cafe","name":"Suity Coffee","id":"node/13077698817"},"geometry":{"type":"Point","coordinates":[27.2231012,38.4646757]}},{"type":"Feature","id":"node/13077698818","properties":{"amenity":"bank","name":"Halkbank","id":"node/13077698818"},"geometry":{"type":"Point","coordinates":[27.2187724,38.466265]}},{"type":"Feature","id":"node/13077704183","properties":{"amenity":"dentist","name":"MLS Dental","id":"node/13077704183"},"geometry":{"type":"Point","coordinates":[27.2265803,38.4631862]}},{"type":"Feature","id":"node/13077707733","properties":{"amenity":"bank","name":"alBaraka","id":"node/13077707733"},"geometry":{"type":"Point","coordinates":[27.2201471,38.4661008]}},{"type":"Feature","id":"node/13077711152","properties":{"name":"Ambar","shop":"clothes","id":"node/13077711152"},"geometry":{"type":"Point","coordinates":[27.218648,38.4661679]}},{"type":"Feature","id":"node/13077713715","properties":{"name":"Profilo","shop":"electronics","id":"node/13077713715"},"geometry":{"type":"Point","coordinates":[27.2061236,38.4619841]}},{"type":"Feature","id":"node/13077715163","properties":{"name":"Forem Foto Remzi","shop":"photo_studio","id":"node/13077715163"},"geometry":{"type":"Point","coordinates":[27.219929,38.4662318]}},{"type":"Feature","id":"node/13077718701","properties":{"amenity":"fast_food","name":"Antakya Dönercisi","id":"node/13077718701"},"geometry":{"type":"Point","coordinates":[27.2238716,38.4642755]}},{"type":"Feature","id":"node/13082222233","properties":{"amenity":"cafe","name":"Tuck Kafe","id":"node/13082222233"},"geometry":{"type":"Point","coordinates":[27.2035317,38.4537123]}},{"type":"Feature","id":"node/13114524688","properties":{"amenity":"restaurant","cuisine":"italian","name":"House of René","id":"node/13114524688"},"geometry":{"type":"Point","coordinates":[27.2166268,38.4594791]}},{"type":"Feature","id":"node/13114525665","properties":{"amenity":"cafe","name":"Cafe By Jocelyne","id":"node/13114525665"},"geometry":{"type":"Point","coordinates":[27.2214593,38.4630235]}},{"type":"Feature","id":"node/13114559201","properties":{"email":"kksm@mail.ege.edu.tr","name":"Ege Üniversitesi Kağıt ve Kitap Sanatları Müzesi","operator":"Ege Üniversitesi","phone":"374 59 31 - 311 25 01","tourism":"museum","id":"node/13114559201"},"geometry":{"type":"Point","coordinates":[27.2186002,38.4620181]}},{"type":"Feature","id":"node/13114577787","properties":{"name":"Villa levante Otel","tourism":"hotel","website":"https://villalevante.com.tr/","id":"node/13114577787"},"geometry":{"type":"Point","coordinates":[27.2203738,38.4641551]}},{"type":"Feature","id":"node/13134399926","properties":{"bus":"yes","highway":"bus_stop","name":"MTA","public_transport":"platform","id":"node/13134399926"},"geometry":{"type":"Point","coordinates":[27.2491783,38.4858839]}},{"type":"Feature","id":"node/13150967970","properties":{"brand":"Migros","brand:wikidata":"Q1754510","name":"Migros","shop":"supermarket","id":"node/13150967970"},"geometry":{"type":"Point","coordinates":[27.2312401,38.4574999]}},{"type":"Feature","id":"node/13150967973","properties":{"amenity":"cafe","cuisine":"coffee_shop","id":"node/13150967973"},"geometry":{"type":"Point","coordinates":[27.2315019,38.4571988]}},{"type":"Feature","id":"node/13150967978","properties":{"amenity":"clinic","healthcare":"clinic","healthcare:speciality":"dermatology;gynaecology;paediatrics;infectious_diseases;internal;psychiatry;otolaryngology;pulmonology","name":"Kampüs Polikliniği","opening_hours":"Mo-Fr 08:00-16:00","operator":"Ege Üniversitesi","operator:type":"university","phone":"+90 232 311 12 70;+90 232 311 36 70","id":"node/13150967978"},"geometry":{"type":"Point","coordinates":[27.2294693,38.4577802]}},{"type":"Feature","id":"node/13151013631","properties":{"amenity":"fast_food","fast_food":"cafeteria","id":"node/13151013631"},"geometry":{"type":"Point","coordinates":[27.2143517,38.4550865]}},{"type":"Feature","id":"node/13151013661","properties":{"amenity":"place_of_worship","name":"Kütüphane Mescidi","religion":"muslim","id":"node/13151013661"},"geometry":{"type":"Point","coordinates":[27.2276559,38.4556567]}},{"type":"Feature","id":"node/13151013677","properties":{"amenity":"cafe","name":"Hipokrat Coffee","id":"node/13151013677"},"geometry":{"type":"Point","coordinates":[27.2150267,38.4570001]}},{"type":"Feature","id":"node/13174965245","properties":{"amenity":"cafe","name":"Stetescoff","id":"node/13174965245"},"geometry":{"type":"Point","coordinates":[27.2136641,38.4554154]}},{"type":"Feature","id":"node/13174965246","properties":{"amenity":"library","name":"Tıp Fakültesi Kütüphanesi","id":"node/13174965246"},"geometry":{"type":"Point","coordinates":[27.2136278,38.4552182]}},{"type":"Feature","id":"node/13174965259","properties":{"amenity":"cafe","id":"node/13174965259"},"geometry":{"type":"Point","coordinates":[27.224347,38.4570322]}},{"type":"Feature","id":"node/13180218587","properties":{"amenity":"clinic","healthcare":"clinic","name":"Bornova Altındağ 17 Nolu Aile Sağlığı Merkezi","id":"node/13180218587"},"geometry":{"type":"Point","coordinates":[27.1966267,38.423696]}},{"type":"Feature","id":"node/13180218588","properties":{"amenity":"clinic","healthcare":"clinic","name":"Ümit Sağlık Ocağı","id":"node/13180218588"},"geometry":{"type":"Point","coordinates":[27.257691,38.4415776]}},{"type":"Feature","id":"node/13180218589","properties":{"amenity":"clinic","healthcare":"clinic","name":"Bornova Gökdere Köyü Aile Sağlığı Merkezi","operator":"Sağlık Bakanlığı","operator:type":"government","operator:wikidata":"Q4294365","id":"node/13180218589"},"geometry":{"type":"Point","coordinates":[27.2402753,38.3785317]}},{"type":"Feature","id":"node/13180218590","properties":{"amenity":"place_of_worship","denomination":"alevi","name":"Gökdere Mahallesi Kültür ve Cemevi","religion":"muslim","id":"node/13180218590"},"geometry":{"type":"Point","coordinates":[27.24029,38.3785706]}},{"type":"Feature","id":"node/13180218591","properties":{"amenity":"clinic","healthcare":"clinic","name":"Bornova Yeşilçam 15 Nolu Aile Sağlığı Merkezi","id":"node/13180218591"},"geometry":{"type":"Point","coordinates":[27.2961047,38.4476161]}},{"type":"Feature","id":"node/13180218592","properties":{"amenity":"clinic","healthcare":"clinic","name":"Bornova Yeşilova Aile Sağlığı Merkezi","id":"node/13180218592"},"geometry":{"type":"Point","coordinates":[27.2065652,38.434866]}},{"type":"Feature","id":"node/13180218593","properties":{"amenity":"clinic","healthcare":"clinic","name":"Bornova 11 Nolu Naldöken Aile Sağlığı Merkezi","operator":"Sağlık Bakanlığı","operator:type":"government","operator:wikidata":"Q4294365","id":"node/13180218593"},"geometry":{"type":"Point","coordinates":[27.2684033,38.4523253]}},{"type":"Feature","id":"node/13180218594","properties":{"amenity":"clinic","healthcare":"clinic","name":"Bornova 14 Nolu Pınarbaşı Aile Sağlığı Merkezi","id":"node/13180218594"},"geometry":{"type":"Point","coordinates":[27.2742277,38.4295292]}},{"type":"Feature","id":"node/13192825255","properties":{"amenity":"place_of_worship","name":"Öğrenci Mescidi","religion":"muslim","id":"node/13192825255"},"geometry":{"type":"Point","coordinates":[27.2136168,38.4552985]}},{"type":"Feature","id":"node/13194697595","properties":{"addr:city":"İzmir","addr:district":"Bornova","addr:housenumber":"82/a","addr:neighbourhood":"Egzene Mahallesi","addr:postcode":"35040","addr:street":"550","name":"Yıldız Motorcycle","opening_hours":"Mo-Fr 08:00-17:00","operator":"Motorsiklet lastik tamir","payment:cash":"yes","phone":"+90548068354","shop":"tyres","id":"node/13194697595"},"geometry":{"type":"Point","coordinates":[27.2091751,38.4642117]}},{"type":"Feature","id":"node/13194715045","properties":{"brand":"Zara","brand:wikidata":"Q147662","brand:wikipedia":"en:Zara (retailer)","name":"Zara","shop":"clothes","id":"node/13194715045"},"geometry":{"type":"Point","coordinates":[27.2091816,38.4504859]}},{"type":"Feature","id":"node/13228298307","properties":{"amenity":"cafe","id":"node/13228298307"},"geometry":{"type":"Point","coordinates":[27.2105823,38.4576293]}},{"type":"Feature","id":"node/13250328714","properties":{"addr:city":"İzmir","addr:district":"Bornova","addr:neighbourhood":"Yeşilova Mahallesi","addr:street":"Abdi İpekçi Caddesi","amenity":"bank","atm":"yes","brand":"Vakıfbank","brand:wikidata":"Q1148521","brand:wikipedia":"en:VakıfBank","name":"Vakıfbank","opening_hours":"Mo-Fr 09:00-17:00,","opening_hours:covid19":"Mo-Sa 10:00-16:00","operator":"Vakıfbank","id":"node/13250328714"},"geometry":{"type":"Point","coordinates":[27.2011893,38.4401521]}},{"type":"Feature","id":"node/13274002976","properties":{"addr:housenumber":"2/A","addr:street":"Türkeli Caddesi","branch":"Erzene","brand":"İZMAR","name":"İZMAR","opening_hours":"Mo-Sa 10:00-19:00","operator":"İZTARIM A.Ş.","operator:type":"public","shop":"supermarket","website":"https://www.halkinbakkali.com","wheelchair":"yes","id":"node/13274002976"},"geometry":{"type":"Point","coordinates":[27.2246784,38.4640038]}},{"type":"Feature","id":"node/13303069101","properties":{"bench":"yes","highway":"bus_stop","name":"Suphi Koyuncu","shelter":"yes","id":"node/13303069101"},"geometry":{"type":"Point","coordinates":[27.2241717,38.4630975]}},{"type":"Feature","id":"node/13330324334","properties":{"amenity":"pharmacy","healthcare":"pharmacy","id":"node/13330324334"},"geometry":{"type":"Point","coordinates":[27.3152709,38.4507581]}},{"type":"Feature","id":"node/13330324335","properties":{"amenity":"cafe","checkpoint":"hiking","checkpoint:type":"stamp","course":"efeler_yolu","name":"Şenel Kıraathanesi","phone":"+90 555 103 69 56;+90 539 970 65 01","tourism":"checkpoint","id":"node/13330324335"},"geometry":{"type":"Point","coordinates":[27.3155468,38.4506287]}},{"type":"Feature","id":"node/13330324336","properties":{"amenity":"fast_food","checkpoint":"hiking","checkpoint:type":"stamp","course":"efeler_yolu","name":"Kavaklıdere Fastfood","phone":"+90 555 103 69 56;+90 539 970 65 01","tourism":"checkpoint","id":"node/13330324336"},"geometry":{"type":"Point","coordinates":[27.3158807,38.4505264]}},{"type":"Feature","id":"node/13330324337","properties":{"shop":"convenience","id":"node/13330324337"},"geometry":{"type":"Point","coordinates":[27.3156055,38.4506021]}},{"type":"Feature","id":"node/13332149715","properties":{"amenity":"bank","branch":"Ege Üniversitesi","brand":"TEB","brand:wikidata":"Q7862447","name":"TEB","id":"node/13332149715"},"geometry":{"type":"Point","coordinates":[27.2114589,38.4560579]}},{"type":"Feature","id":"node/13356336267","properties":{"amenity":"doctors","healthcare":"doctor","healthcare:speciality":"gastroenterology","name":"Gastroenteroloji Kliniği","operator":"Ege Üniversitesi","id":"node/13356336267"},"geometry":{"type":"Point","coordinates":[27.2089887,38.4565935]}},{"type":"Feature","id":"node/13356336268","properties":{"amenity":"doctors","healthcare":"doctor","healthcare:speciality":"haematology","name":"Hematoloji Kliniği","operator":"Eğe Üniversitesi","id":"node/13356336268"},"geometry":{"type":"Point","coordinates":[27.2087815,38.4562155]}},{"type":"Feature","id":"node/13356336269","properties":{"amenity":"clinic","healthcare":"clinic","healthcare:speciality":"pulmonology","name":"Göğüs Hastalıkları Ana Bilim Dalı","operator":"Ege Üniversitesi","operator:type":"university","id":"node/13356336269"},"geometry":{"type":"Point","coordinates":[27.2070678,38.4551092]}},{"type":"Feature","id":"node/13382779833","properties":{"addr:city":"İzmir","addr:district":"Bornova","addr:housenumber":"58-60A","addr:neighbourhood":"Kazımdirik","addr:postcode":"35100","addr:street":"153. Sokak","amenity":"cafe","name":"Zulu Coffee Roastery Bornova","id":"node/13382779833"},"geometry":{"type":"Point","coordinates":[27.2122129,38.4626194]}},{"type":"Feature","id":"node/13392653777","properties":{"addr:city":"İzmir","addr:district":"Bornova","addr:housenumber":"1/D","addr:neighbourhood":"Barbaros","addr:postcode":"35090","addr:street":"5332. Sokak","beauty":"nails","name":"Glow Up Protez Tırnak Stüdyosu","shop":"beauty","id":"node/13392653777"},"geometry":{"type":"Point","coordinates":[27.1962479,38.435335]}},{"type":"Feature","id":"node/13441870649","properties":{"amenity":"cafe","name":"A-B Amfi Kafe","id":"node/13441870649"},"geometry":{"type":"Point","coordinates":[27.2128067,38.4549881]}},{"type":"Feature","id":"node/13459601201","properties":{"name":"A101","shop":"supermarket","id":"node/13459601201"},"geometry":{"type":"Point","coordinates":[27.2511926,38.4717231]}},{"type":"Feature","id":"node/13459601202","properties":{"name":"Seç Market","shop":"supermarket","id":"node/13459601202"},"geometry":{"type":"Point","coordinates":[27.2125707,38.4784254]}},{"type":"Feature","id":"node/13483622136","properties":{"amenity":"cafe","id":"node/13483622136"},"geometry":{"type":"Point","coordinates":[27.2284948,38.4533299]}},{"type":"Feature","id":"node/13483622137","properties":{"amenity":"cafe","name":"Boss","id":"node/13483622137"},"geometry":{"type":"Point","coordinates":[27.2284772,38.4575734]}},{"type":"Feature","id":"node/13589280802","properties":{"amenity":"university","education":"university","name":"Ege Üniversitesi İnkılap Tarihi ve Atatürkçülük Bölümü Başkanlığı","id":"node/13589280802"},"geometry":{"type":"Point","coordinates":[27.2242724,38.4626838]}},{"type":"Feature","id":"node/13627340182","properties":{"check_date":"2026-08-04","name":"Mehmet Ceylan","shop":"doityourself","id":"node/13627340182"},"geometry":{"type":"Point","coordinates":[27.1808261,38.4334904]}},{"type":"Feature","id":"node/13639005501","properties":{"amenity":"cafe","check_date":"2026-03-11","name":"HOLA Artisan Coffee","id":"node/13639005501"},"geometry":{"type":"Point","coordinates":[27.2146732,38.4612477]}},{"type":"Feature","id":"node/13685123001","properties":{"addr:street":"119/16. Sokak","amenity":"school","name":"Limitsiz Eğitim Kurumları","website":"https://limitsizegitimkurumlari.com.tr","id":"node/13685123001"},"geometry":{"type":"Point","coordinates":[27.2449081,38.4629612]}},{"type":"Feature","id":"node/13685123401","properties":{"addr:street":"121. Sokak","amenity":"school","name":"Özel Ege Çınar Özel Öğretim Kursu - Ön Blok","id":"node/13685123401"},"geometry":{"type":"Point","coordinates":[27.2431604,38.4634373]}},{"type":"Feature","id":"node/13685123402","properties":{"amenity":"school","name":"Kaplan Yuvası Anaokulu - Çınar Kampüs","id":"node/13685123402"},"geometry":{"type":"Point","coordinates":[27.2354117,38.4686177]}},{"type":"Feature","id":"node/13685124801","properties":{"amenity":"school","name":"Özel Ege Çınar Özel Öğretim Kursu - Arka Blok","id":"node/13685124801"},"geometry":{"type":"Point","coordinates":[27.2434705,38.4634554]}},{"type":"Feature","id":"node/13685124901","properties":{"name":"Turta Pastanesi","shop":"bakery","id":"node/13685124901"},"geometry":{"type":"Point","coordinates":[27.2402798,38.4632327]}},{"type":"Feature","id":"node/13748223901","properties":{"shop":"ticket","id":"node/13748223901"},"geometry":{"type":"Point","coordinates":[27.2117094,38.4583222]}},{"type":"Feature","id":"node/13748223902","properties":{"shop":"ticket","id":"node/13748223902"},"geometry":{"type":"Point","coordinates":[27.2134113,38.4584507]}},{"type":"Feature","id":"node/13748223903","properties":{"amenity":"bank","atm":"yes","branch":"Ege Tıp","brand":"Ziraat Bankası","brand:wikidata":"Q696003","name":"Ziraat Bankası","id":"node/13748223903"},"geometry":{"type":"Point","coordinates":[27.2106998,38.4561468]}},{"type":"Feature","id":"node/13750307203","properties":{"amenity":"theatre","check_date":"2026-08-04","name":"Bornova Belediyesi Şehir Tiyatrosu","id":"node/13750307203"},"geometry":{"type":"Point","coordinates":[27.1811055,38.4359303]}},{"type":"Feature","id":"node/13891745776","properties":{"brand":"A101","brand:wikidata":"Q6034496","name":"A101","shop":"supermarket","id":"node/13891745776"},"geometry":{"type":"Point","coordinates":[27.3155698,38.4493106]}},{"type":"Feature","id":"node/13895958574","properties":{"amenity":"bank","brand":"Vakıfbank","brand:wikidata":"Q1148521","check_date":"2026-08-04","name":"Vakıfbank","id":"node/13895958574"},"geometry":{"type":"Point","coordinates":[27.1804179,38.4411673]}},{"type":"Feature","id":"node/13895958575","properties":{"amenity":"bank","brand":"Ziraat Bankası","brand:wikidata":"Q696003","check_date":"2026-08-04","name":"Ziraat Bankası","id":"node/13895958575"},"geometry":{"type":"Point","coordinates":[27.1804422,38.4408755]}},{"type":"Feature","id":"node/13936509796","properties":{"amenity":"police","name":"Yeşilova Otogar Polis Merkezi","operator":"Emniyet Genel Müdürlüğü","operator:short":"EGM","operator:wikidata":"Q943607","id":"node/13936509796"},"geometry":{"type":"Point","coordinates":[27.2138308,38.4308236]}},{"type":"Feature","id":"node/13940731227","properties":{"addr:housenumber":"25A","addr:street":"Kurtuluş Sokak","name":"YMÇ Motor","phone":"+905079362340","shop":"motorcycle_repair","id":"node/13940731227"},"geometry":{"type":"Point","coordinates":[27.206049,38.460186]}},{"type":"Feature","id":"node/13958372481","properties":{"amenity":"clinic","healthcare":"clinic","healthcare:speciality":"pulmonology","name":"Tıbbi Parazitoloji Anabilim Dalı","operator":"Ege Üniversitesi","operator:type":"university","id":"node/13958372481"},"geometry":{"type":"Point","coordinates":[27.2115232,38.4556902]}},{"type":"Feature","id":"node/13977657601","properties":{"addr:housenumber":"24","addr:street":"6082. Sokak","amenity":"fast_food","cuisine":"burger;kebab;sandwich;turkish","name":"Lezzet Duragi","phone":"+90 232 436 55 22; +90 553 924 28 84","self_service":"no","id":"node/13977657601"},"geometry":{"type":"Point","coordinates":[27.2331688,38.427056]}},{"type":"Feature","id":"node/13977657701","properties":{"addr:street":"6082. Sokak","name":"Lastik Ustam","shop":"tyres","id":"node/13977657701"},"geometry":{"type":"Point","coordinates":[27.2331765,38.4269748]}},{"type":"Feature","id":"node/13977657801","properties":{"addr:street":"İzmir Çevre Yolu","amenity":"fast_food","cuisine":"grill;kebab;sandwich;turkish","internet_access":"wlan","name":"Kemal'in Yeri","self_service":"no","id":"node/13977657801"},"geometry":{"type":"Point","coordinates":[27.2328801,38.4285025]}},{"type":"Feature","id":"node/13997190901","properties":{"name":"Güven Optik","shop":"optician","id":"node/13997190901"},"geometry":{"type":"Point","coordinates":[27.2101743,38.4628305]}},{"type":"Feature","id":"node/14038499668","properties":{"check_date":"2026-07-22","name":"Prizma Optik","shop":"optician","id":"node/14038499668"},"geometry":{"type":"Point","coordinates":[27.1805648,38.4406745]}},{"type":"Feature","id":"node/14038499669","properties":{"amenity":"fast_food","check_date":"2026-07-22","name":"İzmir Kömürde Sandviç","id":"node/14038499669"},"geometry":{"type":"Point","coordinates":[27.1806963,38.4406099]}},{"type":"Feature","id":"node/14038499670","properties":{"amenity":"restaurant","check_date":"2026-08-04","name":"Öz Ödemiş Kebapçısı","id":"node/14038499670"},"geometry":{"type":"Point","coordinates":[27.1806004,38.4388709]}},{"type":"Feature","id":"node/14038499671","properties":{"amenity":"bank","brand":"Türkiye İş Bankası","brand:wikidata":"Q909613","check_date":"2026-07-22","name":"Türkiye İş Bankası","id":"node/14038499671"},"geometry":{"type":"Point","coordinates":[27.180629,38.4390326]}},{"type":"Feature","id":"node/14038499673","properties":{"check_date":"2026-07-22","clothes":"workwear","name":"Işıl Tekstil","shop":"clothes","id":"node/14038499673"},"geometry":{"type":"Point","coordinates":[27.1807966,38.4330827]}},{"type":"Feature","id":"node/14038499674","properties":{"check_date":"2026-07-22","name":"35 Oto Market","shop":"car_parts","id":"node/14038499674"},"geometry":{"type":"Point","coordinates":[27.1807899,38.433198]}},{"type":"Feature","id":"node/14038499675","properties":{"check_date":"2026-07-22","name":"Olimpiyat Otel","tourism":"hotel","id":"node/14038499675"},"geometry":{"type":"Point","coordinates":[27.1807952,38.4328208]}},{"type":"Feature","id":"node/14048828988","properties":{"amenity":"townhall","check_date":"2026-07-25","name":"Kazım Dirik Mahalle Muhtarlığı","id":"node/14048828988"},"geometry":{"type":"Point","coordinates":[27.2106819,38.4620923]}},{"type":"Feature","id":"node/14048828989","properties":{"check_date":"2026-07-25","name":"Gündoğdu","shop":"bakery","id":"node/14048828989"},"geometry":{"type":"Point","coordinates":[27.2111055,38.4620107]}},{"type":"Feature","id":"node/14048828992","properties":{"amenity":"restaurant","check_date":"2026-07-25","name":"Viva La Pasta","id":"node/14048828992"},"geometry":{"type":"Point","coordinates":[27.2117306,38.46134]}},{"type":"Feature","id":"node/14048828993","properties":{"amenity":"cafe","check_date":"2026-07-25","name":"Ballı Kıraathanesi","id":"node/14048828993"},"geometry":{"type":"Point","coordinates":[27.2118333,38.4612661]}},{"type":"Feature","id":"node/14048828994","properties":{"check_date":"2026-07-25","name":"Boss Tobacco","shop":"tobacco","id":"node/14048828994"},"geometry":{"type":"Point","coordinates":[27.2119041,38.4611975]}},{"type":"Feature","id":"node/14048828995","properties":{"brand":"Şok","brand:wikidata":"Q19613992","check_date":"2026-07-25","name":"Şok","shop":"supermarket","id":"node/14048828995"},"geometry":{"type":"Point","coordinates":[27.2120667,38.461084]}},{"type":"Feature","id":"node/14064636287","properties":{"bus":"yes","highway":"bus_stop","name":"Ambarlar","public_transport":"platform","id":"node/14064636287"},"geometry":{"type":"Point","coordinates":[27.2941678,38.448635]}},{"type":"Feature","id":"node/14064636288","properties":{"bus":"yes","highway":"bus_stop","name":"Ambarlar","public_transport":"platform","id":"node/14064636288"},"geometry":{"type":"Point","coordinates":[27.2939442,38.4488717]}},{"type":"Feature","id":"node/14073045828","properties":{"amenity":"library","check_date":"2026-08-04","name":"Bornova Belediyesi Zerrin Gençtürk Ek Hizmet Binası ve Şehircilik Kütüphanesi","id":"node/14073045828"},"geometry":{"type":"Point","coordinates":[27.1810645,38.435722]}},{"type":"Feature","id":"node/14073045829","properties":{"check_date":"2026-08-04","name":"Çamdibi Kuruyemiş","shop":"convenience","id":"node/14073045829"},"geometry":{"type":"Point","coordinates":[27.1806742,38.4380752]}},{"type":"Feature","id":"node/14073045830","properties":{"check_date":"2026-08-04","name":"Gökhan Kuyumculuk","shop":"jewelry","id":"node/14073045830"},"geometry":{"type":"Point","coordinates":[27.1805979,38.4389157]}},{"type":"Feature","id":"node/14073045840","properties":{"check_date":"2026-08-04","name":"Nehir Oto Aksesuar","shop":"car_parts","id":"node/14073045840"},"geometry":{"type":"Point","coordinates":[27.1808047,38.4345522]}},{"type":"Feature","id":"node/14073045844","properties":{"check_date":"2026-08-04","name":"Arkadaş Oto Cam","shop":"car_repair","id":"node/14073045844"},"geometry":{"type":"Point","coordinates":[27.1813239,38.4455548]}},{"type":"Feature","id":"node/14073045850","properties":{"brand":"Şok","brand:wikidata":"Q19613992","check_date":"2026-08-04","name":"Şok","shop":"supermarket","id":"node/14073045850"},"geometry":{"type":"Point","coordinates":[27.1804712,38.4397391]}},{"type":"Feature","id":"node/14119789399","properties":{"brand":"A101","name":"A101","shop":"convenience","id":"node/14119789399"},"geometry":{"type":"Point","coordinates":[27.204516,38.4816312]}},{"type":"Feature","id":"node/14119789400","properties":{"name":"Lozan Plus Alcohol Center","shop":"alcohol","short_name":"Lozan Plus","id":"node/14119789400"},"geometry":{"type":"Point","coordinates":[27.204395,38.4830594]}},{"type":"Feature","id":"node/14119857301","properties":{"brand":"BİM","name":"BİM","shop":"convenience","id":"node/14119857301"},"geometry":{"type":"Point","coordinates":[27.2044608,38.481755]}},{"type":"Feature","id":"node/14122505660","properties":{"name":"Hüner Unlu Mamülleri","shop":"bakery","id":"node/14122505660"},"geometry":{"type":"Point","coordinates":[27.2045871,38.4833419]}},{"type":"Feature","id":"node/14122909713","properties":{"branch":"Bornova","name":"Tuğba Kuruyemiş","shop":"nuts","id":"node/14122909713"},"geometry":{"type":"Point","coordinates":[27.2155659,38.4645841]}},{"type":"Feature","id":"node/14122909714","properties":{"amenity":"bank","brand":"Vakıfbank","name":"Vakıfbank","id":"node/14122909714"},"geometry":{"type":"Point","coordinates":[27.2153993,38.4644893]}},{"type":"Feature","id":"node/14122909715","properties":{"brand":"Gratis","name":"Gratis","shop":"cosmetics","id":"node/14122909715"},"geometry":{"type":"Point","coordinates":[27.2149891,38.4643313]}}]}