{"type":"FeatureCollection","features":[{"type":"Feature","id":"way/6313990","properties":{"leisure":"park","name":"Warande","wikidata":"Q1910802","wikipedia":"nl:Warande (park in Helmond)","id":"way/6313990"},"geometry":{"type":"Point","coordinates":[5.6383684,51.4864611]}},{"type":"Feature","id":"relation/9499415","properties":{"garden:type":"community","leisure":"garden","type":"multipolygon","id":"relation/9499415"},"geometry":{"type":"Point","coordinates":[5.6477209,51.4688621]}},{"type":"Feature","id":"way/9937129","properties":{"amenity":"parking","id":"way/9937129"},"geometry":{"type":"Point","coordinates":[5.5853513,51.4602189]}},{"type":"Feature","id":"relation/10016324","properties":{"amenity":"place_of_worship","building":"church","denomination":"protestant","name":"Bethlehemkerk","ref:bag":"0794100000401267","religion":"christian","source":"BAG","source:date":"2019-09-08","start_date":"1963","type":"multipolygon","wikidata":"Q19828256","wikipedia":"nl:Bethlehemkerk (Helmond)","id":"relation/10016324"},"geometry":{"type":"Point","coordinates":[5.6637026,51.4882738]}},{"type":"Feature","id":"relation/12629791","properties":{"access":"private","amenity":"parking","type":"multipolygon","id":"relation/12629791"},"geometry":{"type":"Point","coordinates":[5.6209099,51.4737995]}},{"type":"Feature","id":"relation/12629792","properties":{"access":"private","amenity":"parking","type":"multipolygon","id":"relation/12629792"},"geometry":{"type":"Point","coordinates":[5.6223916,51.473778]}},{"type":"Feature","id":"relation/14766332","properties":{"access":"yes","amenity":"parking","fee":"no","name":"Pastoor Janssensplantsoen","parking":"surface","type":"multipolygon","id":"relation/14766332"},"geometry":{"type":"Point","coordinates":[5.6601728,51.4746831]}},{"type":"Feature","id":"relation/17655964","properties":{"access":"yes","amenity":"parking","capacity":"195","capacity:disabled":"4","fee":"yes","name":"Albert Heijn XL","parking":"surface","surface":"asphalt","type":"multipolygon","id":"relation/17655964"},"geometry":{"type":"Point","coordinates":[5.6539925,51.4840781]}},{"type":"Feature","id":"way/18776583","properties":{"access":"yes","amenity":"parking","fee":"no","parking":"surface","id":"way/18776583"},"geometry":{"type":"Point","coordinates":[5.6072049,51.4623385]}},{"type":"Feature","id":"way/18777149","properties":{"addr:city":"Helmond","addr:housenumber":"53","addr:postcode":"5706LA","addr:street":"Stepekolk-Oost","amenity":"school","education":"school","email":"info@devendelier.nl","isced:level":"0;1","landuse":"education","name":"De Vendelier","official_name":"Kindcentrum De Vendelier","operator":"QliQ","operator:website":"https://qliqprimair.nl","operator:wikidata":"Q121765299","phone":"+31 492 432 326","school":"primary","website":"https://devendelier.nl","wikidata":"Q22754051","id":"way/18777149"},"geometry":{"type":"Point","coordinates":[5.615128,51.4605963]}},{"type":"Feature","id":"way/21620144","properties":{"leisure":"park","name":"Ecozone","id":"way/21620144"},"geometry":{"type":"Point","coordinates":[5.6098872,51.456217]}},{"type":"Feature","id":"way/22650995","properties":{"amenity":"parking","created_by":"JOSM","id":"way/22650995"},"geometry":{"type":"Point","coordinates":[5.6289246,51.4614583]}},{"type":"Feature","id":"way/22981915","properties":{"amenity":"parking","id":"way/22981915"},"geometry":{"type":"Point","coordinates":[5.6326593,51.4871457]}},{"type":"Feature","id":"way/22982160","properties":{"access":"yes","amenity":"parking","maxstay":"3 hours","note":"unlimmited on sa & su","parking":"surface","id":"way/22982160"},"geometry":{"type":"Point","coordinates":[5.6380216,51.4843424]}},{"type":"Feature","id":"way/23772011","properties":{"access":"destination","amenity":"parking","id":"way/23772011"},"geometry":{"type":"Point","coordinates":[5.6354135,51.4917134]}},{"type":"Feature","id":"way/23772050","properties":{"amenity":"parking","created_by":"JOSM","id":"way/23772050"},"geometry":{"type":"Point","coordinates":[5.632602,51.4875983]}},{"type":"Feature","id":"way/23772166","properties":{"amenity":"parking","created_by":"JOSM","id":"way/23772166"},"geometry":{"type":"Point","coordinates":[5.6146129,51.4862302]}},{"type":"Feature","id":"way/23982320","properties":{"access":"yes","amenity":"parking","fee":"no","parking":"surface","id":"way/23982320"},"geometry":{"type":"Point","coordinates":[5.6356651,51.4670026]}},{"type":"Feature","id":"way/24148973","properties":{"access":"yes","amenity":"parking","fee":"no","parking":"surface","id":"way/24148973"},"geometry":{"type":"Point","coordinates":[5.6336375,51.4658386]}},{"type":"Feature","id":"way/24832514","properties":{"amenity":"parking","id":"way/24832514"},"geometry":{"type":"Point","coordinates":[5.6251192,51.474585]}},{"type":"Feature","id":"way/24832666","properties":{"access":"private","amenity":"parking","id":"way/24832666"},"geometry":{"type":"Point","coordinates":[5.6249411,51.4736052]}},{"type":"Feature","id":"way/25920424","properties":{"amenity":"parking","parking":"surface","id":"way/25920424"},"geometry":{"type":"Point","coordinates":[5.646761,51.4693573]}},{"type":"Feature","id":"way/25921839","properties":{"leisure":"park","id":"way/25921839"},"geometry":{"type":"Point","coordinates":[5.6597527,51.4720527]}},{"type":"Feature","id":"way/28636722","properties":{"source":"extrapolation","tourism":"zoo","id":"way/28636722"},"geometry":{"type":"Point","coordinates":[5.6421847,51.4855042]}},{"type":"Feature","id":"way/29100010","properties":{"amenity":"parking","id":"way/29100010"},"geometry":{"type":"Point","coordinates":[5.7061795,51.4882331]}},{"type":"Feature","id":"node/34044525","properties":{"addr:city":"Helmond","addr:housenumber":"49","addr:postcode":"5704EG","addr:street":"Brouwhorst","brand":"Albert Heijn","brand:website":"https://www.ah.nl/","brand:wikidata":"Q1653985","brand:wikipedia":"nl:Albert Heijn (supermarkt)","name":"Albert Heijn","opening_hours":"Mo-Th 08:00-20:00; Fr 08:00-21:00; Sa 08:00-20:00","phone":"+31 492 515 030","ref":"1506","shop":"supermarket","source":"BAG","source:date":"2014-06-04","website":"https://www.ah.nl/winkel/1506","id":"node/34044525"},"geometry":{"type":"Point","coordinates":[5.7020811,51.4700722]}},{"type":"Feature","id":"node/34044530","properties":{"addr:city":"Helmond","addr:housenumber":"1","addr:postcode":"5701SH","addr:street":"Torenstraat","brand":"Albert Heijn XL","brand:wikidata":"Q78163765","description":"Albert Heijn XL [Helmond] Torenstraat","diet:halal":"yes","diet:kosher":"yes","name":"Albert Heijn XL","opening_hours":"Mo-Sa 07:00-22:00; Su 08:00-22:00","operator":"Albert Heijn","operator:wikidata":"Q1653985","payment:cash":"yes","phone":"+31 492 475 120","ref":"1615","shop":"supermarket","source":"BAG","source:date":"2014-06-07","website":"https://www.ah.nl/winkel/1615","wheelchair":"limited","id":"node/34044530"},"geometry":{"type":"Point","coordinates":[5.6537358,51.4844391]}},{"type":"Feature","id":"node/34045110","properties":{"brand":"ALDI","brand:wikidata":"Q41171373","brand:wikipedia":"hu:Aldi Nord","description":"Helmond,Nieuwveld 1","name":"ALDI","note":"ODBL clean: geen disclaimer/copyright aangetroffen op winkelgegevens Aldi (stand: juni 2012)","opening_hours":"Mo-Sa 08:00-20:00; Su 10:00-18:00","payment:american_express":"yes","payment:credit_cards":"yes","shop":"supermarket","id":"node/34045110"},"geometry":{"type":"Point","coordinates":[5.6676192,51.494775]}},{"type":"Feature","id":"node/34045544","properties":{"addr:city":"Helmond","addr:housenumber":"11","addr:postcode":"5706DZ","addr:street":"Janssen & Fritsenplein","branch":"Helmond (Mierlo Hout)","brand":"Albert Heijn","brand:website":"https://www.ah.nl","brand:wikidata":"Q1653985","description":"Albert Heijn met Jan Linders als franchisenemer","name":"Albert Heijn Jan Linders","opening_hours":"Mo-Sa 08:00-21:00; Su 09:00-20:00","operator":"Jan Linders","operator:website":"https://www.janlinders.nl","operator:wikidata":"Q2200982","phone":"+31 492 544 456","ref":"4136","shop":"supermarket","source":"BAG","source:date":"2014-06-05","url":"https://www.ah.nl/winkel/4136","website":"https://www.janlinders.nl/helmond-mierlo-hout","id":"node/34045544"},"geometry":{"type":"Point","coordinates":[5.633972,51.4656502]}},{"type":"Feature","id":"node/34045968","properties":{"addr:city":"Helmond","addr:housenumber":"42","addr:postcode":"5707VK","addr:street":"2e Haagstraat","branch":"Helmond 2e Haagstraat","brand":"Jumbo","brand:website":"https://www.jumbo.com","brand:wikidata":"Q2262314","brand:wikipedia":"nl:Jumbo Supermarkten","name":"Jumbo","phone":"+31 492 745500","shop":"supermarket","source":"BAG","source:date":"2014-06-05","website":"https://www.jumbo.com/winkel/helmond/jumbo-helmond-2e-haagstraat","id":"node/34045968"},"geometry":{"type":"Point","coordinates":[5.6451103,51.4760261]}},{"type":"Feature","id":"node/34045970","properties":{"addr:city":"Helmond","addr:housenumber":"19","addr:postcode":"5702HW","addr:street":"Nieuwveld","brand":"PLUS","brand:wikidata":"Q1978981","brand:wikipedia":"nl:PLUS (Nederlandse supermarkt)","name":"PLUS","opening_hours":"Mo-Sa 08:00-21:00; Su 09:00-19:00","payment:american_express":"no","payment:apple_pay":"yes","payment:cash":"yes","payment:credit_cards":"no","payment:debit_cards":"yes","payment:maestro":"yes","payment:visa_debit":"yes","phone":"+31 492 520 046","shop":"supermarket","source":"BAG","source:date":"2014-06-06","id":"node/34045970"},"geometry":{"type":"Point","coordinates":[5.6675595,51.4954679]}},{"type":"Feature","id":"node/42677644","properties":{"bus":"yes","name":"Helmond, Peeleik","public_transport":"stop_position","id":"node/42677644"},"geometry":{"type":"Point","coordinates":[5.7009292,51.4569253]}},{"type":"Feature","id":"node/42677806","properties":{"bus":"yes","highway":"bus_stop","name":"Peeleik","public_transport":"platform","ref:IFOPT":"NL:Q:65430300","id":"node/42677806"},"geometry":{"type":"Point","coordinates":[5.7009024,51.4568664]}},{"type":"Feature","id":"node/42683353","properties":{"addr:city":"Helmond","addr:housenumber":"150","addr:postcode":"5708ZJ","addr:street":"de Plaetse","amenity":"school","branch":"De Plaetse","check_date":"2026-02-23","education":"school","email":"administratiebrandevoort@obsh.nl","isced:level":"0;1","name":"Openbare Basisschool Brandevoort","operator":"Stichting Openbare Basisscholen Helmond","operator:website":"https://www.obsh.nl","operator:wikidata":"Q121765222","phone":"+31 492 667 857","school":"primary","source":"BAG","source:date":"2014-05-28","website":"https://www.obsbrandevoort.nl/","id":"node/42683353"},"geometry":{"type":"Point","coordinates":[5.6099596,51.4589022]}},{"type":"Feature","id":"node/42688751","properties":{"bus":"yes","highway":"bus_stop","name":"Snoekstraat","public_transport":"platform","ref:IFOPT":"NL:Q:65310040","zone":"6531","id":"node/42688751"},"geometry":{"type":"Point","coordinates":[5.634496,51.4608927]}},{"type":"Feature","id":"node/42694488","properties":{"bus":"yes","name":"Helmond, Rivierensingel","public_transport":"stop_position","id":"node/42694488"},"geometry":{"type":"Point","coordinates":[5.6975385,51.4630241]}},{"type":"Feature","id":"node/42694503","properties":{"bus":"yes","name":"Helmond, Achterdijk","public_transport":"stop_position","id":"node/42694503"},"geometry":{"type":"Point","coordinates":[5.6904684,51.4630947]}},{"type":"Feature","id":"node/42703014","properties":{"bus":"yes","name":"Helmond, De Bergen","public_transport":"stop_position","zone":"6531","id":"node/42703014"},"geometry":{"type":"Point","coordinates":[5.6453123,51.4658837]}},{"type":"Feature","id":"node/42707645","properties":{"bus":"yes","name":"Helmond, Hunzestraat","public_transport":"stop_position","id":"node/42707645"},"geometry":{"type":"Point","coordinates":[5.6975396,51.4677711]}},{"type":"Feature","id":"node/42708577","properties":{"local_ref":"1","name":"Helmond 't Hout","public_transport":"stop_position","railway":"stop","railway:ref":"Hmh","ref":"1","train":"yes","id":"node/42708577"},"geometry":{"type":"Point","coordinates":[5.6312611,51.4680329]}},{"type":"Feature","id":"node/42708797","properties":{"bus":"yes","name":"Helmond, Station 't Hout","public_transport":"stop_position","id":"node/42708797"},"geometry":{"type":"Point","coordinates":[5.6311494,51.468697]}},{"type":"Feature","id":"node/42713501","properties":{"bus":"yes","name":"Helmond, Wethouder van Deutekomplein","public_transport":"stop_position","zone":"6531","id":"node/42713501"},"geometry":{"type":"Point","coordinates":[5.6463752,51.4698433]}},{"type":"Feature","id":"node/42714048","properties":{"bus":"yes","name":"Helmond, De Hoefkens","public_transport":"stop_position","id":"node/42714048"},"geometry":{"type":"Point","coordinates":[5.6332489,51.4701834]}},{"type":"Feature","id":"node/42714941","properties":{"local_ref":"1","name":"Helmond Brouwhuis","public_transport":"stop_position","railway":"stop","railway:ref":"Hmbh","ref":"1","train":"yes","id":"node/42714941"},"geometry":{"type":"Point","coordinates":[5.7016874,51.4705815]}},{"type":"Feature","id":"node/42715031","properties":{"addr:city":"Helmond","addr:country":"NL","addr:housenumber":"6","addr:postcode":"5709AC","addr:street":"Deltaweg","name":"Helmond Brouwhuis","public_transport":"station","railway":"station","railway:ref":"Hmbh","source":"BAG","source:date":"2014-06-04","train":"yes","website":"https://www.ns.nl/stationsinformatie/hmbh/helmond-brouwhuis","wheelchair":"yes","wikidata":"Q3405204","wikipedia":"nl:Station Helmond Brouwhuis","zone":"6543","id":"node/42715031"},"geometry":{"type":"Point","coordinates":[5.70137,51.4706226]}},{"type":"Feature","id":"node/42716198","properties":{"bus":"yes","highway":"bus_stop","name":"Deltaweg","public_transport":"platform","ref:IFOPT":"NL:Q:65430080","shelter":"yes","zone":"6543","id":"node/42716198"},"geometry":{"type":"Point","coordinates":[5.6991289,51.4712406]}},{"type":"Feature","id":"node/42717373","properties":{"bench":"no","bin":"yes","bus":"yes","departures_board":"timetable","highway":"bus_stop","name":"Lagedijk","public_transport":"platform","ref:IFOPT":"NL:Q:65311920","shelter":"no","zone":"6531","id":"node/42717373"},"geometry":{"type":"Point","coordinates":[5.6786344,51.4720605]}},{"type":"Feature","id":"node/42718034","properties":{"addr:city":"Helmond","addr:country":"NL","addr:housenumber":"11","addr:postcode":"5705BX","addr:street":"Lage Dijk","amenity":"fuel","brand":"TinQ","brand:wikidata":"Q2132028","brand:wikipedia":"nl:Tinq","name":"TinQ","website":"https://www.tinq.nl/tankstations/helmond-lagedijk","id":"node/42718034"},"geometry":{"type":"Point","coordinates":[5.6778939,51.4716192]}},{"type":"Feature","id":"node/42718573","properties":{"bench":"no","bin":"no","bus":"yes","departures_board":"timetable","highway":"bus_stop","name":"Lagedijk","public_transport":"platform","ref:IFOPT":"NL:Q:65311370","shelter":"no","source":"AND","zone":"6531","id":"node/42718573"},"geometry":{"type":"Point","coordinates":[5.6782758,51.472152]}},{"type":"Feature","id":"node/42719765","properties":{"bus":"yes","name":"Helmond, Weg door Rijpel","public_transport":"stop_position","id":"node/42719765"},"geometry":{"type":"Point","coordinates":[5.70613,51.47256]}},{"type":"Feature","id":"node/42726748","properties":{"bus":"yes","name":"Helmond, Hollandhof","public_transport":"stop_position","id":"node/42726748"},"geometry":{"type":"Point","coordinates":[5.709677,51.4748127]}},{"type":"Feature","id":"node/42726970","properties":{"bus":"yes","name":"Helmond, Van Speijklaan","public_transport":"stop_position","id":"node/42726970"},"geometry":{"type":"Point","coordinates":[5.6869395,51.4747715]}},{"type":"Feature","id":"node/42727489","properties":{"addr:city":"Helmond","addr:housenumber":"149","addr:postcode":"5707CL","addr:street":"Europaweg","amenity":"fuel","brand":"Esso","brand:wikidata":"Q867662","brand:wikipedia":"nl:Esso","fuel:GTL_diesel":"yes","fuel:diesel":"yes","fuel:octane_95":"yes","name":"Esso Europaweg Zuid","opening_hours":"Mo-Su 06:00-21:00","payment:american_express":"yes","payment:credit_cards":"yes","phone":"+31 76 799 6661","self_service":"yes","source":"BAG;survey","source:date":"2014-06-06","website":"https://www.esso.nl/nl-nl/find-station/esso-helmond-essoeurpawegzuid-100175292","id":"node/42727489"},"geometry":{"type":"Point","coordinates":[5.635078,51.4750397]}},{"type":"Feature","id":"node/42727982","properties":{"bus":"yes","highway":"bus_stop","name":"Veluwehof","public_transport":"platform","ref:IFOPT":"NL:Q:65430120","zone":"6543","id":"node/42727982"},"geometry":{"type":"Point","coordinates":[5.6977881,51.4752258]}},{"type":"Feature","id":"node/42728631","properties":{"addr:city":"Helmond","addr:housenumber":"150D","addr:postcode":"5707CL","addr:street":"Europaweg","amenity":"fuel","brand":"Esso","brand:wikidata":"Q867662","brand:wikipedia":"nl:Esso","name":"Esso Europaweg Noord","opening_hours":"24/7","phone":"+31 76 799 6660","source":"BAG","source:date":"2014-06-03","website":"https://www.esso.nl/nl-nl/find-station/esso-helmond-essoeuropawegnoord-100175363","id":"node/42728631"},"geometry":{"type":"Point","coordinates":[5.6347527,51.4754107]}},{"type":"Feature","id":"node/42728632","properties":{"local_ref":"1","name":"Helmond","public_transport":"stop_position","railway":"stop","railway:ref":"Hm","ref":"1","train":"yes","zone":"6531","id":"node/42728632"},"geometry":{"type":"Point","coordinates":[5.6616731,51.475497]}},{"type":"Feature","id":"node/42730451","properties":{"bus":"yes","local_ref":"D","name":"Helmond, Station","public_transport":"stop_position","id":"node/42730451"},"geometry":{"type":"Point","coordinates":[5.6622677,51.475861]}},{"type":"Feature","id":"node/42732333","properties":{"bus":"yes","name":"Helmond, Kortenaerstraat","public_transport":"stop_position","id":"node/42732333"},"geometry":{"type":"Point","coordinates":[5.6797465,51.4765188]}},{"type":"Feature","id":"node/42735077","properties":{"bus":"yes","highway":"bus_stop","name":"Volderhof","public_transport":"platform","ref:IFOPT":"NL:Q:65430160","zone":"6543","id":"node/42735077"},"geometry":{"type":"Point","coordinates":[5.7025431,51.4777795]}},{"type":"Feature","id":"node/42737592","properties":{"bus":"yes","name":"Helmond, Koninginnewal","public_transport":"stop_position","zone":"6531","id":"node/42737592"},"geometry":{"type":"Point","coordinates":[5.6575881,51.4785342]}},{"type":"Feature","id":"node/42737620","properties":{"bus":"yes","name":"Helmond, Europaweg","public_transport":"stop_position","id":"node/42737620"},"geometry":{"type":"Point","coordinates":[5.6485543,51.4784629]}},{"type":"Feature","id":"node/42743232","properties":{"bus":"yes","name":"Helmond, Ameideflat","public_transport":"stop_position","zone":"6531","id":"node/42743232"},"geometry":{"type":"Point","coordinates":[5.6580477,51.4803083]}},{"type":"Feature","id":"node/42745039","properties":{"bus":"yes","name":"Helmond, Ameideflat","public_transport":"stop_position","zone":"6531","id":"node/42745039"},"geometry":{"type":"Point","coordinates":[5.6583173,51.4807557]}},{"type":"Feature","id":"node/42746210","properties":{"bus":"yes","highway":"bus_stop","name":"Zuideinde","note":"Looks like it does not exist anymore (bus 26 goes through same side streets as bus 51), need to double check.","public_transport":"platform","ref:IFOPT":"NL:Q:65310090","zone":"6531","id":"node/42746210"},"geometry":{"type":"Point","coordinates":[5.6600906,51.4811224]}},{"type":"Feature","id":"node/42748627","properties":{"bus":"yes","name":"Helmond, Hortsedijk","public_transport":"stop_position","id":"node/42748627"},"geometry":{"type":"Point","coordinates":[5.6291311,51.4818976]}},{"type":"Feature","id":"node/42753896","properties":{"bus":"yes","name":"Helmond, Ziekenhuis","public_transport":"stop_position","id":"node/42753896"},"geometry":{"type":"Point","coordinates":[5.6442865,51.4832164]}},{"type":"Feature","id":"node/42754872","properties":{"bus":"yes","name":"Helmond, Wethouder van Wellaan","public_transport":"stop_position","id":"node/42754872"},"geometry":{"type":"Point","coordinates":[5.6760956,51.4836551]}},{"type":"Feature","id":"node/42768203","properties":{"bus":"yes","name":"Helmond, Coendersberglaan","public_transport":"stop_position","id":"node/42768203"},"geometry":{"type":"Point","coordinates":[5.6961425,51.4879499]}},{"type":"Feature","id":"node/42788654","properties":{"bus":"yes","name":"Helmond, Nieuwveld","public_transport":"stop_position","zone":"6531","id":"node/42788654"},"geometry":{"type":"Point","coordinates":[5.6692849,51.494139]}},{"type":"Feature","id":"node/42788964","properties":{"bus":"yes","name":"Helmond, Nieuwveld","public_transport":"stop_position","zone":"6531","id":"node/42788964"},"geometry":{"type":"Point","coordinates":[5.6708316,51.4942485]}},{"type":"Feature","id":"node/42797959","properties":{"amenity":"parking","name":"Venuslaan","source":"AND","id":"node/42797959"},"geometry":{"type":"Point","coordinates":[5.6706499,51.4966244]}},{"type":"Feature","id":"node/42812433","properties":{"bus":"yes","name":"Helmond, Titaniastraat","public_transport":"stop_position","id":"node/42812433"},"geometry":{"type":"Point","coordinates":[5.6681365,51.49978]}},{"type":"Feature","id":"way/48251053","properties":{"amenity":"place_of_worship","building":"church","check_date":"2025-11-07","denomination":"roman_catholic","fixme":"Wikipedia mentions that the church is only partly in use as a church, needs local survey","heritage":"2","heritage:operator":"rce","name":"Sint-Jozefkerk","operator":"Parochie Heilige Lambertus","ref:bag":"0794100000384713","ref:rce":"513030","religion":"christian","source":"BAG","source:date":"2014-06-07","start_date":"1922","wikidata":"Q17464396","wikipedia":"nl:Sint-Jozefkerk (Helmond)","id":"way/48251053"},"geometry":{"type":"Point","coordinates":[5.6690613,51.4820657]}},{"type":"Feature","id":"way/48251640","properties":{"addr:city":"Helmond","addr:housenumber":"103","addr:postcode":"5701KB","addr:street":"Molenstraat","amenity":"place_of_worship","building":"mosque","name":"Fatih Cemii","ref:bag":"0794100000383412","religion":"muslim","source":"BAG","source:date":"2014-06-07","start_date":"1996","id":"way/48251640"},"geometry":{"type":"Point","coordinates":[5.6679544,51.4769369]}},{"type":"Feature","id":"way/48262045","properties":{"leisure":"pitch","source":"3dShapes","sport":"archery","id":"way/48262045"},"geometry":{"type":"Point","coordinates":[5.6534381,51.4702911]}},{"type":"Feature","id":"node/70940028","properties":{"addr:city":"Helmond","addr:housenumber":"25","addr:postcode":"5707HA","addr:street":"Wesselmanlaan","amenity":"hospital","emergency":"yes","healthcare":"hospital","name":"Elkerliek Ziekenhuis","phone":"+31 492 595 555","source":"BAG","source:date":"2014-06-06","website":"https://www.elkerliek.nl","id":"node/70940028"},"geometry":{"type":"Point","coordinates":[5.6424049,51.4818128]}},{"type":"Feature","id":"way/83471988","properties":{"leisure":"pitch","operator":"OEC Korfbal","source":"3dShapes","sport":"korfball","id":"way/83471988"},"geometry":{"type":"Point","coordinates":[5.6773794,51.4864725]}},{"type":"Feature","id":"way/83482504","properties":{"leisure":"pitch","lit":"yes","source":"3dShapes","sport":"athletics","surface":"rubber","id":"way/83482504"},"geometry":{"type":"Point","coordinates":[5.6040745,51.4825972]}},{"type":"Feature","id":"way/83483142","properties":{"amenity":"parking","parking":"street_side","source":"3dShapes","id":"way/83483142"},"geometry":{"type":"Point","coordinates":[5.6569499,51.4881541]}},{"type":"Feature","id":"way/83483800","properties":{"amenity":"parking","parking":"surface","id":"way/83483800"},"geometry":{"type":"Point","coordinates":[5.6688611,51.4881605]}},{"type":"Feature","id":"way/84803746","properties":{"access":"yes","amenity":"parking","description":"betaald parkeren","fee":"yes","name":"Kluisstraat-Zuid","parking":"surface","id":"way/84803746"},"geometry":{"type":"Point","coordinates":[5.6594344,51.4792529]}},{"type":"Feature","id":"way/84803748","properties":{"access":"yes","amenity":"parking","fee":"yes","name":"Ameidewal","parking":"surface","id":"way/84803748"},"geometry":{"type":"Point","coordinates":[5.657802,51.4808809]}},{"type":"Feature","id":"way/84803754","properties":{"amenity":"parking","name":"Kegelaar","parking":"street_side","id":"way/84803754"},"geometry":{"type":"Point","coordinates":[5.6543033,51.4782269]}},{"type":"Feature","id":"way/85043749","properties":{"amenity":"parking","name":"Amer","parking":"surface","id":"way/85043749"},"geometry":{"type":"Point","coordinates":[5.7035995,51.4689434]}},{"type":"Feature","id":"way/85043750","properties":{"access":"yes","amenity":"parking","fee":"no","name":"Biesbosch","parking":"surface","id":"way/85043750"},"geometry":{"type":"Point","coordinates":[5.7020142,51.4696061]}},{"type":"Feature","id":"way/85127894","properties":{"amenity":"parking","name":"Dinkelstraat","id":"way/85127894"},"geometry":{"type":"Point","coordinates":[5.7008314,51.4703134]}},{"type":"Feature","id":"way/85729092","properties":{"leisure":"playground","source":"3dShapes","id":"way/85729092"},"geometry":{"type":"Point","coordinates":[5.6307403,51.4655829]}},{"type":"Feature","id":"way/85729282","properties":{"leisure":"sports_centre","name":"Tennisvereniging Carolus","short_name":"T.V. Carolus","sport":"tennis","website":"https://www.tvcarolus.nl/","id":"way/85729282"},"geometry":{"type":"Point","coordinates":[5.6289516,51.4620257]}},{"type":"Feature","id":"way/85729374","properties":{"leisure":"playground","name":"Speeltuin Helmond - West","website":"https://www.speeltuinhelmondwest.nl/","id":"way/85729374"},"geometry":{"type":"Point","coordinates":[5.6422346,51.4715874]}},{"type":"Feature","id":"way/85729572","properties":{"access":"private","leisure":"swimming_pool","id":"way/85729572"},"geometry":{"type":"Point","coordinates":[5.6279138,51.4601797]}},{"type":"Feature","id":"way/95277569","properties":{"amenity":"parking","id":"way/95277569"},"geometry":{"type":"Point","coordinates":[5.703036,51.4714961]}},{"type":"Feature","id":"way/95277570","properties":{"amenity":"parking","id":"way/95277570"},"geometry":{"type":"Point","coordinates":[5.7030335,51.4710554]}},{"type":"Feature","id":"way/100650612","properties":{"amenity":"parking","id":"way/100650612"},"geometry":{"type":"Point","coordinates":[5.6834039,51.4783177]}},{"type":"Feature","id":"way/100681992","properties":{"amenity":"parking","id":"way/100681992"},"geometry":{"type":"Point","coordinates":[5.6984629,51.4715003]}},{"type":"Feature","id":"way/100682011","properties":{"amenity":"parking","id":"way/100682011"},"geometry":{"type":"Point","coordinates":[5.6973124,51.4717328]}},{"type":"Feature","id":"way/100682016","properties":{"amenity":"parking","brand":"Q-Park","brand:wikidata":"Q1127798","capacity":"170","fee":"yes","name":"Q-Park, P+R Smalstraat","operator":"Q-Park","operator:type":"private","operator:wikidata":"Q1127798","id":"way/100682016"},"geometry":{"type":"Point","coordinates":[5.6644736,51.4761917]}},{"type":"Feature","id":"way/100682018","properties":{"amenity":"parking","id":"way/100682018"},"geometry":{"type":"Point","coordinates":[5.660427,51.476216]}},{"type":"Feature","id":"way/100682022","properties":{"amenity":"parking","parking":"street_side","id":"way/100682022"},"geometry":{"type":"Point","coordinates":[5.6587688,51.4764297]}},{"type":"Feature","id":"way/100693927","properties":{"amenity":"parking","parking":"surface","id":"way/100693927"},"geometry":{"type":"Point","coordinates":[5.6570729,51.4751341]}},{"type":"Feature","id":"way/100693954","properties":{"amenity":"parking","brand":"Q-Park","brand:wikidata":"Q1127798","fee":"yes","name":"P+R terrein Smalstraat","operator":"Q-Park","operator:type":"private","operator:wikidata":"Q1127798","id":"way/100693954"},"geometry":{"type":"Point","coordinates":[5.661943,51.476825]}},{"type":"Feature","id":"way/100693993","properties":{"amenity":"parking","id":"way/100693993"},"geometry":{"type":"Point","coordinates":[5.6589579,51.4756789]}},{"type":"Feature","id":"way/100694000","properties":{"amenity":"parking","id":"way/100694000"},"geometry":{"type":"Point","coordinates":[5.661081,51.4769695]}},{"type":"Feature","id":"way/100694001","properties":{"amenity":"parking","id":"way/100694001"},"geometry":{"type":"Point","coordinates":[5.6611266,51.4764591]}},{"type":"Feature","id":"way/100697613","properties":{"amenity":"parking","parking":"surface","id":"way/100697613"},"geometry":{"type":"Point","coordinates":[5.6556442,51.4750934]}},{"type":"Feature","id":"way/100697640","properties":{"access":"private","amenity":"parking","parking":"surface","id":"way/100697640"},"geometry":{"type":"Point","coordinates":[5.6550298,51.4741283]}},{"type":"Feature","id":"way/101257477","properties":{"amenity":"parking","id":"way/101257477"},"geometry":{"type":"Point","coordinates":[5.6981101,51.4790628]}},{"type":"Feature","id":"way/101257480","properties":{"amenity":"parking","id":"way/101257480"},"geometry":{"type":"Point","coordinates":[5.6974663,51.4791831]}},{"type":"Feature","id":"way/101257484","properties":{"amenity":"parking","id":"way/101257484"},"geometry":{"type":"Point","coordinates":[5.6987016,51.4794878]}},{"type":"Feature","id":"way/101257487","properties":{"amenity":"parking","id":"way/101257487"},"geometry":{"type":"Point","coordinates":[5.6970173,51.4794118]}},{"type":"Feature","id":"way/101257490","properties":{"amenity":"parking","id":"way/101257490"},"geometry":{"type":"Point","coordinates":[5.6966272,51.4802934]}},{"type":"Feature","id":"way/101790048","properties":{"leisure":"pitch","operator":"Oranje Zwart","source":"3dShapes","sport":"soccer","id":"way/101790048"},"geometry":{"type":"Point","coordinates":[5.6766868,51.4852344]}},{"type":"Feature","id":"way/101790065","properties":{"leisure":"pitch","operator":"Oranje Zwart","source":"3dShapes","sport":"soccer","id":"way/101790065"},"geometry":{"type":"Point","coordinates":[5.6776861,51.4855053]}},{"type":"Feature","id":"way/101790072","properties":{"leisure":"pitch","operator":"Helmondia '55","source":"3dShapes","sport":"soccer","surface":"artificial_turf","id":"way/101790072"},"geometry":{"type":"Point","coordinates":[5.6815045,51.4876449]}},{"type":"Feature","id":"way/101791114","properties":{"access":"yes","amenity":"parking","fee":"no","parking":"surface","id":"way/101791114"},"geometry":{"type":"Point","coordinates":[5.6755781,51.4873459]}},{"type":"Feature","id":"way/101800271","properties":{"amenity":"parking","id":"way/101800271"},"geometry":{"type":"Point","coordinates":[5.6750808,51.4854376]}},{"type":"Feature","id":"way/101804001","properties":{"leisure":"pitch","operator":"Rood Wit '62","source":"3dShapes","sport":"soccer","id":"way/101804001"},"geometry":{"type":"Point","coordinates":[5.6913621,51.4760762]}},{"type":"Feature","id":"way/101804004","properties":{"amenity":"parking","description":"Parking Rood-Wit '62","parking":"surface","id":"way/101804004"},"geometry":{"type":"Point","coordinates":[5.6921597,51.4767574]}},{"type":"Feature","id":"way/101804008","properties":{"leisure":"pitch","operator":"Rood Wit '62","source":"3dShapes","sport":"soccer","id":"way/101804008"},"geometry":{"type":"Point","coordinates":[5.6908222,51.4769663]}},{"type":"Feature","id":"way/101804012","properties":{"leisure":"pitch","operator":"Rood Wit '62","source":"3dShapes","sport":"soccer","id":"way/101804012"},"geometry":{"type":"Point","coordinates":[5.6922647,51.4748172]}},{"type":"Feature","id":"way/101804020","properties":{"leisure":"pitch","operator":"Rood Wit '62","source":"3dShapes","sport":"soccer","id":"way/101804020"},"geometry":{"type":"Point","coordinates":[5.6917309,51.4754275]}},{"type":"Feature","id":"way/101951910","properties":{"leisure":"pitch","operator":"Helmondse Tennisvereniging","sport":"tennis","id":"way/101951910"},"geometry":{"type":"Point","coordinates":[5.6768973,51.4869355]}},{"type":"Feature","id":"way/101961976","properties":{"leisure":"pitch","sport":"soccer","id":"way/101961976"},"geometry":{"type":"Point","coordinates":[5.6520915,51.470897]}},{"type":"Feature","id":"way/101962965","properties":{"leisure":"pitch","sport":"soccer","id":"way/101962965"},"geometry":{"type":"Point","coordinates":[5.6397834,51.4627906]}},{"type":"Feature","id":"way/101962970","properties":{"leisure":"pitch","sport":"soccer","id":"way/101962970"},"geometry":{"type":"Point","coordinates":[5.6409511,51.4629723]}},{"type":"Feature","id":"way/101962972","properties":{"leisure":"pitch","sport":"soccer","id":"way/101962972"},"geometry":{"type":"Point","coordinates":[5.6426269,51.4629567]}},{"type":"Feature","id":"way/101964291","properties":{"leisure":"pitch","sport":"soccer","id":"way/101964291"},"geometry":{"type":"Point","coordinates":[5.6413341,51.4639069]}},{"type":"Feature","id":"way/101968534","properties":{"leisure":"pitch","operator":"Stiphout Vooruit","sport":"soccer","id":"way/101968534"},"geometry":{"type":"Point","coordinates":[5.6017848,51.4813722]}},{"type":"Feature","id":"way/101968543","properties":{"leisure":"pitch","operator":"Stiphout Vooruit","sport":"soccer","id":"way/101968543"},"geometry":{"type":"Point","coordinates":[5.6008129,51.4821707]}},{"type":"Feature","id":"way/101968544","properties":{"leisure":"pitch","operator":"Stiphout Vooruit","sport":"soccer","id":"way/101968544"},"geometry":{"type":"Point","coordinates":[5.6018023,51.4824152]}},{"type":"Feature","id":"way/101979201","properties":{"leisure":"pitch","operator":"v.v. Bruheze","sport":"soccer","id":"way/101979201"},"geometry":{"type":"Point","coordinates":[5.6960083,51.4554414]}},{"type":"Feature","id":"way/101979205","properties":{"leisure":"pitch","operator":"v.v. Bruheze","sport":"soccer","id":"way/101979205"},"geometry":{"type":"Point","coordinates":[5.6966923,51.4545706]}},{"type":"Feature","id":"way/101979209","properties":{"leisure":"pitch","operator":"v.v. Bruheze","sport":"soccer","id":"way/101979209"},"geometry":{"type":"Point","coordinates":[5.6971383,51.4539724]}},{"type":"Feature","id":"way/101979211","properties":{"leisure":"pitch","operator":"v.v. Bruheze","sport":"soccer","id":"way/101979211"},"geometry":{"type":"Point","coordinates":[5.6956013,51.4540883]}},{"type":"Feature","id":"way/101988934","properties":{"amenity":"parking","id":"way/101988934"},"geometry":{"type":"Point","coordinates":[5.70078,51.4604982]}},{"type":"Feature","id":"way/101988936","properties":{"amenity":"parking","id":"way/101988936"},"geometry":{"type":"Point","coordinates":[5.7014997,51.4597203]}},{"type":"Feature","id":"way/102199460","properties":{"leisure":"pitch","lit":"yes","operator":"s.v. Brandevoort","sport":"soccer","surface":"grass","id":"way/102199460"},"geometry":{"type":"Point","coordinates":[5.6185617,51.4547495]}},{"type":"Feature","id":"way/102199463","properties":{"leisure":"pitch","lit":"yes","operator":"s.v. Brandevoort","sport":"soccer","surface":"grass","id":"way/102199463"},"geometry":{"type":"Point","coordinates":[5.619878,51.4547219]}},{"type":"Feature","id":"way/102558609","properties":{"leisure":"park","name":"Broederbos","id":"way/102558609"},"geometry":{"type":"Point","coordinates":[5.6972438,51.4778534]}},{"type":"Feature","id":"way/102572323","properties":{"amenity":"parking","id":"way/102572323"},"geometry":{"type":"Point","coordinates":[5.6917879,51.494664]}},{"type":"Feature","id":"way/102572324","properties":{"leisure":"pitch","name":"'t Paviljoen","operator":"Tennisvereniging Dierdonk","sport":"tennis","id":"way/102572324"},"geometry":{"type":"Point","coordinates":[5.6910652,51.4953855]}},{"type":"Feature","id":"way/102572331","properties":{"leisure":"pitch","name":"'t Paviljoen","operator":"Tennisvereniging Dierdonk","sport":"tennis","id":"way/102572331"},"geometry":{"type":"Point","coordinates":[5.6912625,51.4954604]}},{"type":"Feature","id":"way/102572333","properties":{"leisure":"pitch","name":"'t Paviljoen","operator":"Tennisvereniging Dierdonk","sport":"tennis","id":"way/102572333"},"geometry":{"type":"Point","coordinates":[5.6918742,51.4956911]}},{"type":"Feature","id":"way/102572337","properties":{"leisure":"pitch","name":"'t Paviljoen","operator":"Tennisvereniging Dierdonk","sport":"tennis","id":"way/102572337"},"geometry":{"type":"Point","coordinates":[5.6916769,51.4956163]}},{"type":"Feature","id":"way/102980716","properties":{"amenity":"parking","id":"way/102980716"},"geometry":{"type":"Point","coordinates":[5.7046192,51.4772607]}},{"type":"Feature","id":"way/102984245","properties":{"amenity":"parking","name":"Wederhof","id":"way/102984245"},"geometry":{"type":"Point","coordinates":[5.7070374,51.4761021]}},{"type":"Feature","id":"way/103000735","properties":{"leisure":"pitch","name":"Sportpark \"Rivierensingel\"","sport":"baseball","id":"way/103000735"},"geometry":{"type":"Point","coordinates":[5.6959337,51.4657622]}},{"type":"Feature","id":"way/103149981","properties":{"amenity":"parking","id":"way/103149981"},"geometry":{"type":"Point","coordinates":[5.7095361,51.4752012]}},{"type":"Feature","id":"way/103962890","properties":{"amenity":"parking","id":"way/103962890"},"geometry":{"type":"Point","coordinates":[5.6985944,51.4735989]}},{"type":"Feature","id":"way/103962906","properties":{"amenity":"parking","id":"way/103962906"},"geometry":{"type":"Point","coordinates":[5.6973563,51.4728771]}},{"type":"Feature","id":"way/103962918","properties":{"amenity":"parking","id":"way/103962918"},"geometry":{"type":"Point","coordinates":[5.6965567,51.4737112]}},{"type":"Feature","id":"way/103975937","properties":{"amenity":"parking","id":"way/103975937"},"geometry":{"type":"Point","coordinates":[5.697383,51.4556302]}},{"type":"Feature","id":"way/104027370","properties":{"amenity":"parking","id":"way/104027370"},"geometry":{"type":"Point","coordinates":[5.7013367,51.4726779]}},{"type":"Feature","id":"way/104030496","properties":{"amenity":"parking","id":"way/104030496"},"geometry":{"type":"Point","coordinates":[5.7012308,51.4651111]}},{"type":"Feature","id":"way/104174325","properties":{"amenity":"parking","parking":"surface","id":"way/104174325"},"geometry":{"type":"Point","coordinates":[5.6957698,51.4757061]}},{"type":"Feature","id":"way/104392621","properties":{"access":"permissive","amenity":"parking","parking":"surface","id":"way/104392621"},"geometry":{"type":"Point","coordinates":[5.6592493,51.4866044]}},{"type":"Feature","id":"way/106499283","properties":{"alt_name":"Delta Community Garden","garden:type":"community","leisure":"garden","name":"Volkstuin Delta","operator":"Volkstuin Delta","id":"way/106499283"},"geometry":{"type":"Point","coordinates":[5.6940791,51.4705941]}},{"type":"Feature","id":"way/107097215","properties":{"access":"customers","amenity":"parking","fee":"no","parking":"surface","id":"way/107097215"},"geometry":{"type":"Point","coordinates":[5.6419717,51.4590024]}},{"type":"Feature","id":"way/107097218","properties":{"amenity":"parking","id":"way/107097218"},"geometry":{"type":"Point","coordinates":[5.6341203,51.458748]}},{"type":"Feature","id":"way/107097220","properties":{"amenity":"parking","id":"way/107097220"},"geometry":{"type":"Point","coordinates":[5.6388706,51.459467]}},{"type":"Feature","id":"way/107097227","properties":{"amenity":"parking","id":"way/107097227"},"geometry":{"type":"Point","coordinates":[5.6369631,51.4591536]}},{"type":"Feature","id":"way/108114914","properties":{"access":"yes","amenity":"parking","fee":"yes","parking":"surface","id":"way/108114914"},"geometry":{"type":"Point","coordinates":[5.6557739,51.4774612]}},{"type":"Feature","id":"way/108736014","properties":{"amenity":"parking","id":"way/108736014"},"geometry":{"type":"Point","coordinates":[5.6964347,51.475077]}},{"type":"Feature","id":"way/114078150","properties":{"addr:city":"Helmond","addr:housenumber":"2-4","addr:postcode":"5704KW","addr:street":"Meanderlaan","amenity":"place_of_worship","building":"yes","denomination":"jehovahs_witness","name":"Koninkrijkszaal van Jehovah's Getuigen","phone":"+31 492 553 526","ref:bag":"0794100000378233","religion":"christian","source":"BAG","source:date":"2014-06-04","start_date":"2004","wheelchair":"yes","id":"way/114078150"},"geometry":{"type":"Point","coordinates":[5.7124043,51.4683516]}},{"type":"Feature","id":"way/126139760","properties":{"amenity":"parking","parking":"street_side","id":"way/126139760"},"geometry":{"type":"Point","coordinates":[5.6605182,51.4952823]}},{"type":"Feature","id":"way/126139772","properties":{"amenity":"parking","id":"way/126139772"},"geometry":{"type":"Point","coordinates":[5.6627301,51.4961003]}},{"type":"Feature","id":"way/126142279","properties":{"amenity":"parking","id":"way/126142279"},"geometry":{"type":"Point","coordinates":[5.7014482,51.4756393]}},{"type":"Feature","id":"way/126149581","properties":{"amenity":"parking","name":"Parking Life & Garden","parking":"surface","id":"way/126149581"},"geometry":{"type":"Point","coordinates":[5.7107505,51.488622]}},{"type":"Feature","id":"way/126556803","properties":{"amenity":"parking","id":"way/126556803"},"geometry":{"type":"Point","coordinates":[5.6989423,51.4768036]}},{"type":"Feature","id":"way/126556810","properties":{"amenity":"parking","id":"way/126556810"},"geometry":{"type":"Point","coordinates":[5.6994588,51.4762992]}},{"type":"Feature","id":"way/126558994","properties":{"amenity":"parking","id":"way/126558994"},"geometry":{"type":"Point","coordinates":[5.7005473,51.476708]}},{"type":"Feature","id":"way/126679083","properties":{"amenity":"parking","parking":"street_side","id":"way/126679083"},"geometry":{"type":"Point","coordinates":[5.6519871,51.4778962]}},{"type":"Feature","id":"way/128766403","properties":{"amenity":"parking","id":"way/128766403"},"geometry":{"type":"Point","coordinates":[5.6676974,51.4770853]}},{"type":"Feature","id":"way/128766404","properties":{"amenity":"parking","id":"way/128766404"},"geometry":{"type":"Point","coordinates":[5.6663918,51.4772649]}},{"type":"Feature","id":"way/130405573","properties":{"access":"private","amenity":"parking","name":"Parking Ameideflats","id":"way/130405573"},"geometry":{"type":"Point","coordinates":[5.6591892,51.4809511]}},{"type":"Feature","id":"way/132663762","properties":{"amenity":"parking","id":"way/132663762"},"geometry":{"type":"Point","coordinates":[5.6639697,51.4775991]}},{"type":"Feature","id":"way/139718851","properties":{"amenity":"parking","id":"way/139718851"},"geometry":{"type":"Point","coordinates":[5.6730464,51.4933394]}},{"type":"Feature","id":"way/141321935","properties":{"amenity":"parking","id":"way/141321935"},"geometry":{"type":"Point","coordinates":[5.7037667,51.472326]}},{"type":"Feature","id":"way/141321940","properties":{"amenity":"parking","id":"way/141321940"},"geometry":{"type":"Point","coordinates":[5.704319,51.4732064]}},{"type":"Feature","id":"way/141321941","properties":{"amenity":"parking","id":"way/141321941"},"geometry":{"type":"Point","coordinates":[5.7047337,51.472324]}},{"type":"Feature","id":"way/141321942","properties":{"amenity":"parking","id":"way/141321942"},"geometry":{"type":"Point","coordinates":[5.7041707,51.4725466]}},{"type":"Feature","id":"way/141321943","properties":{"amenity":"parking","id":"way/141321943"},"geometry":{"type":"Point","coordinates":[5.7050397,51.472214]}},{"type":"Feature","id":"way/143258795","properties":{"amenity":"parking","id":"way/143258795"},"geometry":{"type":"Point","coordinates":[5.6575594,51.482826]}},{"type":"Feature","id":"way/143258800","properties":{"amenity":"parking","id":"way/143258800"},"geometry":{"type":"Point","coordinates":[5.6577069,51.4838735]}},{"type":"Feature","id":"way/144310227","properties":{"amenity":"parking","id":"way/144310227"},"geometry":{"type":"Point","coordinates":[5.6665386,51.4961865]}},{"type":"Feature","id":"way/144310235","properties":{"amenity":"parking","id":"way/144310235"},"geometry":{"type":"Point","coordinates":[5.6683273,51.4952477]}},{"type":"Feature","id":"way/144310238","properties":{"amenity":"parking","id":"way/144310238"},"geometry":{"type":"Point","coordinates":[5.6668932,51.4958882]}},{"type":"Feature","id":"way/144310242","properties":{"amenity":"parking","id":"way/144310242"},"geometry":{"type":"Point","coordinates":[5.6691347,51.4953782]}},{"type":"Feature","id":"way/144310243","properties":{"amenity":"parking","id":"way/144310243"},"geometry":{"type":"Point","coordinates":[5.6693226,51.4947812]}},{"type":"Feature","id":"way/144310244","properties":{"access":"yes","amenity":"parking","fee":"no","parking":"surface","id":"way/144310244"},"geometry":{"type":"Point","coordinates":[5.6671253,51.4948639]}},{"type":"Feature","id":"way/144310245","properties":{"amenity":"parking","id":"way/144310245"},"geometry":{"type":"Point","coordinates":[5.6674323,51.4960775]}},{"type":"Feature","id":"way/167952627","properties":{"amenity":"place_of_worship","building":"church","check_date":"2025-07-06","denomination":"roman_catholic","heritage":"2","heritage:operator":"rce","name":"Sint-Lambertuskerk","operator":"Parochie Heilige Lambertus","ref:bag":"0794100000387000","ref:rce":"21448","religion":"christian","source":"BAG","source:date":"2014-06-07","start_date":"1856","wikidata":"Q2360526","wikipedia":"nl:Sint-Lambertuskerk (Helmond)","id":"way/167952627"},"geometry":{"type":"Point","coordinates":[5.6564895,51.4785183]}},{"type":"Feature","id":"way/171494990","properties":{"amenity":"school","education":"school","landuse":"education","name":"De Groene Campus","id":"way/171494990"},"geometry":{"type":"Point","coordinates":[5.6615636,51.4706332]}},{"type":"Feature","id":"way/171507737","properties":{"leisure":"park","name":"Weverspark","source":"Gemeente Helmond","wikidata":"Q124330180","id":"way/171507737"},"geometry":{"type":"Point","coordinates":[5.6640331,51.481887]}},{"type":"Feature","id":"way/171528102","properties":{"leisure":"pitch","lit":"yes","operator":"s.v. Brandevoort","sport":"soccer","surface":"grass","id":"way/171528102"},"geometry":{"type":"Point","coordinates":[5.6164307,51.4545273]}},{"type":"Feature","id":"way/171682199","properties":{"amenity":"parking","parking":"surface","id":"way/171682199"},"geometry":{"type":"Point","coordinates":[5.6562711,51.4731653]}},{"type":"Feature","id":"way/171686658","properties":{"amenity":"school","source":"PDOK-luchtfoto 25cm","id":"way/171686658"},"geometry":{"type":"Point","coordinates":[5.6064816,51.4561753]}},{"type":"Feature","id":"way/171827503","properties":{"access":"private","amenity":"parking","building":"yes","layer":"-1","location":"underground","operator":"private","parking":"underground","ref:bag":"0794100000402286","source":"BAG","source:date":"2017-03-29","start_date":"2013","id":"way/171827503"},"geometry":{"type":"Point","coordinates":[5.6594951,51.479961]}},{"type":"Feature","id":"way/171833913","properties":{"amenity":"parking","capacity":"6","parking":"surface","id":"way/171833913"},"geometry":{"type":"Point","coordinates":[5.6568482,51.4737377]}},{"type":"Feature","id":"way/171834605","properties":{"amenity":"parking","parking":"surface","id":"way/171834605"},"geometry":{"type":"Point","coordinates":[5.6481865,51.4700072]}},{"type":"Feature","id":"way/171935016","properties":{"leisure":"playground","id":"way/171935016"},"geometry":{"type":"Point","coordinates":[5.6679772,51.4799479]}},{"type":"Feature","id":"way/171935162","properties":{"leisure":"playground","id":"way/171935162"},"geometry":{"type":"Point","coordinates":[5.6666652,51.4787412]}},{"type":"Feature","id":"way/171935336","properties":{"amenity":"parking","parking":"surface","id":"way/171935336"},"geometry":{"type":"Point","coordinates":[5.6680749,51.4775894]}},{"type":"Feature","id":"way/171935985","properties":{"access":"yes","amenity":"parking","fee":"no","parking":"surface","id":"way/171935985"},"geometry":{"type":"Point","coordinates":[5.6677732,51.488606]}},{"type":"Feature","id":"way/171948754","properties":{"leisure":"pitch","sport":"equestrian","id":"way/171948754"},"geometry":{"type":"Point","coordinates":[5.7016711,51.4916707]}},{"type":"Feature","id":"way/171953204","properties":{"leisure":"pitch","name":"'t Trambaantje","sport":"tennis","id":"way/171953204"},"geometry":{"type":"Point","coordinates":[5.6976351,51.4549505]}},{"type":"Feature","id":"way/171953355","properties":{"leisure":"pitch","name":"'t Trambaantje","sport":"tennis","id":"way/171953355"},"geometry":{"type":"Point","coordinates":[5.6978778,51.4546238]}},{"type":"Feature","id":"way/171953466","properties":{"leisure":"pitch","name":"'t Trambaantje","sport":"tennis","id":"way/171953466"},"geometry":{"type":"Point","coordinates":[5.6985618,51.4542736]}},{"type":"Feature","id":"way/171953524","properties":{"leisure":"sports_centre","name":"TPC Espendonk","sport":"tennis;padel","website":"https://www.tpcespendonk.nl/","id":"way/171953524"},"geometry":{"type":"Point","coordinates":[5.6983352,51.4547976]}},{"type":"Feature","id":"way/171955335","properties":{"access":"private","amenity":"parking","parking":"surface","id":"way/171955335"},"geometry":{"type":"Point","coordinates":[5.7119997,51.443532]}},{"type":"Feature","id":"way/172550225","properties":{"access":"customers","amenity":"parking","source":"Bing","id":"way/172550225"},"geometry":{"type":"Point","coordinates":[5.6124564,51.4664442]}},{"type":"Feature","id":"way/179052614","properties":{"access":"private","amenity":"parking","fee":"no","park_ride":"no","parking":"surface","id":"way/179052614"},"geometry":{"type":"Point","coordinates":[5.6229008,51.4753153]}},{"type":"Feature","id":"way/179187644","properties":{"amenity":"parking","parking":"surface","id":"way/179187644"},"geometry":{"type":"Point","coordinates":[5.6196041,51.4765211]}},{"type":"Feature","id":"way/179187646","properties":{"amenity":"parking","parking":"surface","id":"way/179187646"},"geometry":{"type":"Point","coordinates":[5.6173838,51.4753764]}},{"type":"Feature","id":"way/179187649","properties":{"amenity":"parking","parking":"surface","id":"way/179187649"},"geometry":{"type":"Point","coordinates":[5.6182712,51.4753924]}},{"type":"Feature","id":"way/179187650","properties":{"access":"yes","amenity":"parking","parking":"surface","id":"way/179187650"},"geometry":{"type":"Point","coordinates":[5.6182898,51.4759265]}},{"type":"Feature","id":"way/182280842","properties":{"leisure":"sports_centre","name":"Sportpark Brandevoort","id":"way/182280842"},"geometry":{"type":"Point","coordinates":[5.6183492,51.4547942]}},{"type":"Feature","id":"node/193891069","properties":{"local_ref":"1","name":"Helmond Brandevoort","public_transport":"stop_position","railway":"stop","railway:ref":"Hmbv","ref":"1","train":"yes","id":"node/193891069"},"geometry":{"type":"Point","coordinates":[5.6086696,51.4624418]}},{"type":"Feature","id":"way/221896311","properties":{"amenity":"parking","id":"way/221896311"},"geometry":{"type":"Point","coordinates":[5.6817701,51.4815512]}},{"type":"Feature","id":"node/242934663","properties":{"amenity":"parking","created_by":"JOSM","id":"node/242934663"},"geometry":{"type":"Point","coordinates":[5.6283328,51.4616512]}},{"type":"Feature","id":"node/242936008","properties":{"addr:city":"Helmond","addr:housenumber":"41C-1","addr:postcode":"5706AJ","addr:street":"Hoofdstraat","name":"'T Bikertje","shop":"bicycle","source":"BAG","source:date":"2014-06-05","website":"http://bikertjefietsen.nl","id":"node/242936008"},"geometry":{"type":"Point","coordinates":[5.6317625,51.4622625]}},{"type":"Feature","id":"node/242936010","properties":{"addr:city":"Helmond","addr:housenumber":"66","addr:postcode":"5706AM","addr:street":"Hoofdstraat","amenity":"fuel","brand":"Argos","brand:wikidata":"Q4750477","name":"Argos Helmond","opening_hours":"Mo-Fr 07:00-21:00; Sa 08:00-21:00; Su off","phone":"+31 492 745 245","website":"https://www.argos.nl/tankstation/argos-tankstation-helmond-hoofdstraat/","id":"node/242936010"},"geometry":{"type":"Point","coordinates":[5.6332776,51.4622971]}},{"type":"Feature","id":"way/244030403","properties":{"access":"yes","amenity":"parking","fee":"no","name":"Blaakbeemden","parking":"surface","surface":"paved","id":"way/244030403"},"geometry":{"type":"Point","coordinates":[5.6175355,51.4558586]}},{"type":"Feature","id":"way/244030946","properties":{"leisure":"pitch","lit":"yes","name":"Fietscrossbaan Flametrails","sport":"cycling","surface":"sand","id":"way/244030946"},"geometry":{"type":"Point","coordinates":[5.615856,51.4554067]}},{"type":"Feature","id":"way/244031014","properties":{"leisure":"pitch","lit":"yes","name":"Skatepark Brandevoort","sport":"skateboard","surface":"asphalt","id":"way/244031014"},"geometry":{"type":"Point","coordinates":[5.6167754,51.4554033]}},{"type":"Feature","id":"way/245972002","properties":{"amenity":"parking","id":"way/245972002"},"geometry":{"type":"Point","coordinates":[5.6617531,51.4714221]}},{"type":"Feature","id":"node/246516825","properties":{"addr:city":"Helmond","addr:housenumber":"41","addr:postcode":"5706CW","addr:street":"Barrierlaan","leisure":"sports_centre","source":"BAG","source:date":"2014-06-05","id":"node/246516825"},"geometry":{"type":"Point","coordinates":[5.6355046,51.4585098]}},{"type":"Feature","id":"node/247748824","properties":{"addr:city":"Helmond","addr:housenumber":"2","addr:postcode":"5707GP","addr:street":"De Kluis","amenity":"restaurant","name":"De Warande","source":"BAG","source:date":"2017-03-25","id":"node/247748824"},"geometry":{"type":"Point","coordinates":[5.6404708,51.4860422]}},{"type":"Feature","id":"node/247749966","properties":{"bus":"yes","highway":"bus_stop","name":"Verliefd Laantje","public_transport":"platform","ref:IFOPT":"NL:Q:65310370","shelter":"no","zone":"6531","id":"node/247749966"},"geometry":{"type":"Point","coordinates":[5.6447639,51.494109]}},{"type":"Feature","id":"node/257565116","properties":{"bus":"yes","name":"Stiphout, Kerk","public_transport":"stop_position","zone":"6535","id":"node/257565116"},"geometry":{"type":"Point","coordinates":[5.6176975,51.4866399]}},{"type":"Feature","id":"way/258156336","properties":{"leisure":"pitch","sport":"tennis","id":"way/258156336"},"geometry":{"type":"Point","coordinates":[5.7108836,51.4618993]}},{"type":"Feature","id":"way/258156339","properties":{"leisure":"pitch","sport":"tennis","id":"way/258156339"},"geometry":{"type":"Point","coordinates":[5.7104798,51.4621556]}},{"type":"Feature","id":"way/258156340","properties":{"leisure":"pitch","sport":"tennis","id":"way/258156340"},"geometry":{"type":"Point","coordinates":[5.7106842,51.4618369]}},{"type":"Feature","id":"way/258156346","properties":{"leisure":"pitch","sport":"tennis","id":"way/258156346"},"geometry":{"type":"Point","coordinates":[5.7106994,51.4622079]}},{"type":"Feature","id":"node/260021384","properties":{"addr:city":"Helmond","addr:housenumber":"168","addr:postcode":"5706AP","addr:street":"Hoofdstraat","branch":"Helmond Hoofdstraat","brand":"Jumbo","brand:website":"https://www.jumbo.com","brand:wikidata":"Q2262314","brand:wikipedia":"nl:Jumbo Supermarkten","name":"Jumbo","note":"Winkelgegevens van website Jumbo mogen in OSM onder ODbL gebruikt worden (toestemming ontvangen op 15-6-2012)","opening_hours":"Mo-Sa 08:00-21:00; Su 10:00-19:00","phone":"+31 492 553 155","ref":"2902","shop":"supermarket","source":"BAG","source:date":"2014-06-05","website":"https://www.jumbo.com/winkel/helmond/jumbo-helmond-hoofdstraat","id":"node/260021384"},"geometry":{"type":"Point","coordinates":[5.63488,51.4671024]}},{"type":"Feature","id":"way/266720013","properties":{"amenity":"parking","id":"way/266720013"},"geometry":{"type":"Point","coordinates":[5.6320263,51.4565525]}},{"type":"Feature","id":"way/266727889","properties":{"leisure":"playground","surface":"sand","id":"way/266727889"},"geometry":{"type":"Point","coordinates":[5.636169,51.4570163]}},{"type":"Feature","id":"node/272741770","properties":{"amenity":"school","name":"Wilhelminaschool","id":"node/272741770"},"geometry":{"type":"Point","coordinates":[5.6465804,51.4855057]}},{"type":"Feature","id":"way/274190765","properties":{"amenity":"parking","id":"way/274190765"},"geometry":{"type":"Point","coordinates":[5.6303081,51.4588124]}},{"type":"Feature","id":"way/274190766","properties":{"amenity":"parking","id":"way/274190766"},"geometry":{"type":"Point","coordinates":[5.6305956,51.4587655]}},{"type":"Feature","id":"way/274194554","properties":{"leisure":"playground","id":"way/274194554"},"geometry":{"type":"Point","coordinates":[5.6313451,51.45903]}},{"type":"Feature","id":"way/274194555","properties":{"amenity":"parking","id":"way/274194555"},"geometry":{"type":"Point","coordinates":[5.6313388,51.4591833]}},{"type":"Feature","id":"way/274453484","properties":{"leisure":"playground","id":"way/274453484"},"geometry":{"type":"Point","coordinates":[5.664224,51.4750064]}},{"type":"Feature","id":"node/282745837","properties":{"bus":"yes","name":"Helmond, De Bergen","public_transport":"stop_position","zone":"6531","id":"node/282745837"},"geometry":{"type":"Point","coordinates":[5.6449386,51.4666597]}},{"type":"Feature","id":"way/284868015","properties":{"access":"yes","amenity":"parking","building":"yes","fee":"no","layer":"-1","location":"underground","maxstay":"1 day","parking":"underground","ref:bag":"0794100000402293","source":"BAG","source:date":"2026-06-04","start_date":"2009","supervised":"yes","surface":"concrete","id":"way/284868015"},"geometry":{"type":"Point","coordinates":[5.6111347,51.4595118]}},{"type":"Feature","id":"way/286177296","properties":{"amenity":"place_of_worship","building":"church","check_date":"2025-09-19","denomination":"roman_catholic","heritage":"2","heritage:operator":"rce","name":"Sint-Trudokerk","operator":"Parochie van de Heilige Damiaan de Veuster","ref:bag":"0794100000403545","ref:rce":"21456","religion":"christian","source":"BAG","source:date":"2014-06-03","start_date":"1883","wikidata":"Q17402109","wikimedia_commons":"Category:Sint-Trudokerk (Stiphout)","wikipedia":"nl:Sint-Trudokerk (Stiphout)","id":"way/286177296"},"geometry":{"type":"Point","coordinates":[5.6180435,51.4861537]}},{"type":"Feature","id":"way/286224989","properties":{"amenity":"place_of_worship","building":"church","denomination":"roman_catholic","operator":"Parochie Heilige Lambertus","ref:bag":"0794100000375006","religion":"christian","source":"BAG","source:date":"2014-06-04","start_date":"1990","id":"way/286224989"},"geometry":{"type":"Point","coordinates":[5.7070882,51.4762278]}},{"type":"Feature","id":"way/286479799","properties":{"amenity":"parking","building":"yes","layer":"-1","location":"underground","parking":"underground","ref:bag":"0794100000403165","source":"BAG","source:date":"2014-06-05","start_date":"2002","id":"way/286479799"},"geometry":{"type":"Point","coordinates":[5.6349339,51.4649876]}},{"type":"Feature","id":"way/286492234","properties":{"amenity":"place_of_worship","building":"church","check_date":"2026-02-27","denomination":"roman_catholic","heritage":"2","heritage:operator":"rce","name":"Sint-Luciakerk","operator":"Parochie van de Heilige Damiaan de Veuster","ref:bag":"0794100000390849","ref:rce":"513046","religion":"christian","source":"BAG","source:date":"2023-11-22","start_date":"1896","wikidata":"Q2423676","wikimedia_commons":"Category:Sint-Luciakerk (Mierlo-Hout)","wikipedia":"nl:Sint-Luciakerk (Mierlo-Hout)","id":"way/286492234"},"geometry":{"type":"Point","coordinates":[5.6338198,51.4670177]}},{"type":"Feature","id":"way/286518168","properties":{"alt_name":"Sint-Annakerk","amenity":"place_of_worship","building":"church","denomination":"roman_catholic","name":"Kerk Goddelijke Voorzienigheid","operator":"Parochie van de Heilige Damiaan de Veuster","ref:bag":"0794100000396500","religion":"christian","source":"BAG","source:date":"2014-06-05","start_date":"1989","id":"way/286518168"},"geometry":{"type":"Point","coordinates":[5.6431599,51.4737692]}},{"type":"Feature","id":"way/286577891","properties":{"amenity":"parking","building":"yes","layer":"-1","location":"underground","parking":"underground","ref:bag":"0794100000401449","source":"BAG","source:date":"2019-09-12","start_date":"2006","id":"way/286577891"},"geometry":{"type":"Point","coordinates":[5.6599772,51.4713895]}},{"type":"Feature","id":"way/286611522","properties":{"access":"customers","amenity":"parking","building":"yes","parking":"multi-storey","ref:bag":"0794100000368575","source":"BAG","source:date":"2014-06-06","start_date":"2004","id":"way/286611522"},"geometry":{"type":"Point","coordinates":[5.6400108,51.4832258]}},{"type":"Feature","id":"way/286654718","properties":{"amenity":"place_of_worship","building":"church","denomination":"roman_catholic","name":"Heilige Pauluskerk","operator":"Parochie Heilige Lambertus","ref:bag":"0794100000400519","religion":"christian","source":"BAG","source:date":"2019-09-08","start_date":"1970","id":"way/286654718"},"geometry":{"type":"Point","coordinates":[5.6745006,51.4910613]}},{"type":"Feature","id":"way/286660262","properties":{"amenity":"fast_food","building":"yes","drive_through":"no","name":"Cafetaria De Brug","opening_hours":"Tu-Th 16:00-21:00; Fr-Su 15:00-21:00","ref:bag":"0794100000396926","source":"BAG","source:date":"2019-09-08","start_date":"1990","id":"way/286660262"},"geometry":{"type":"Point","coordinates":[5.676761,51.4961368]}},{"type":"Feature","id":"way/286709531","properties":{"amenity":"parking","building":"yes","layer":"-1","location":"underground","parking":"underground","ref:bag":"0794100000389730","source":"BAG","source:date":"2017-03-29","start_date":"1992","id":"way/286709531"},"geometry":{"type":"Point","coordinates":[5.6609155,51.4791398]}},{"type":"Feature","id":"way/286709801","properties":{"amenity":"parking","building":"yes","layer":"-1","location":"underground","parking":"underground","ref:bag":"0794100000400141","source":"BAG","source:date":"2026-06-09","start_date":"2006","id":"way/286709801"},"geometry":{"type":"Point","coordinates":[5.6612364,51.4777647]}},{"type":"Feature","id":"way/286710050","properties":{"amenity":"parking","building":"yes","layer":"-1","location":"underground","parking":"underground","ref:bag":"0794100000401458","source":"BAG","source:date":"2014-06-07","start_date":"2009","id":"way/286710050"},"geometry":{"type":"Point","coordinates":[5.6616484,51.485631]}},{"type":"Feature","id":"way/286710056","properties":{"amenity":"parking","building":"yes","layer":"-1","location":"underground","parking":"underground","ref:bag":"0794100000400147","source":"BAG","source:date":"2014-06-07","start_date":"2000","id":"way/286710056"},"geometry":{"type":"Point","coordinates":[5.6604211,51.4855125]}},{"type":"Feature","id":"way/286710059","properties":{"amenity":"cafe","building":"yes","name":"de Wal","ref:bag":"0794100000385613","source":"BAG","source:date":"2019-09-12","start_date":"1912","id":"way/286710059"},"geometry":{"type":"Point","coordinates":[5.6583745,51.4804764]}},{"type":"Feature","id":"way/286738328","properties":{"amenity":"parking","building":"yes","layer":"-1","location":"underground","parking":"underground","ref:bag":"0794100000400148","source":"BAG","source:date":"2014-06-07","start_date":"2006","id":"way/286738328"},"geometry":{"type":"Point","coordinates":[5.6761359,51.4824282]}},{"type":"Feature","id":"node/292294018","properties":{"addr:city":"Helmond","addr:housenumber":"1","addr:postcode":"5701TD","addr:street":"Drietipstraat","email":"info@dendrietip.nl","name":"Den Drietip – van Nuenen","opening_hours":"Mo,Tu,Th,Fr 09:00-12:45,13:15-18:00; Sa 09:00-17:00; We,Su,PH off","phone":"+31 492 523 292","shop":"bicycle","source":"BAG","source:date":"2014-06-07","website":"https://dendrietip.nl","id":"node/292294018"},"geometry":{"type":"Point","coordinates":[5.6611782,51.4841914]}},{"type":"Feature","id":"node/292294019","properties":{"addr:city":"Helmond","addr:country":"NL","addr:housenumber":"2-G","addr:postcode":"5701HN","addr:street":"Heistraat","name":"Kuijpers Tweewielers","payment:debit_cards":"yes","phone":"+31 492 528 944","service:bicycle:ebike":"yes","service:bicycle:parts":"yes","service:bicycle:pump":"yes","service:bicycle:repair":"yes","service:bicycle:retail":"yes","service:bicycle:stand":"yes","service:bicycle:tools":"yes","shop":"bicycle","website":"https://www.kuijperstweewielers.nl/","id":"node/292294019"},"geometry":{"type":"Point","coordinates":[5.6675261,51.4827596]}},{"type":"Feature","id":"way/293103095","properties":{"amenity":"parking","id":"way/293103095"},"geometry":{"type":"Point","coordinates":[5.6411436,51.4817933]}},{"type":"Feature","id":"way/293104190","properties":{"access":"private","amenity":"parking","parking":"surface","id":"way/293104190"},"geometry":{"type":"Point","coordinates":[5.6442162,51.4823586]}},{"type":"Feature","id":"way/294669323","properties":{"addr:city":"Helmond","addr:housenumber":"2","addr:postcode":"5707DJ","addr:street":"Markesingel","amenity":"school","education":"school","email":"info@carolus.nl","isced:level":"2;3","landuse":"education","name":"Carolus Borromeus College","operator":"Ons Middelbaar Onderwijs","operator:subgroup":"OMO Scholengroep Helmond","operator:website":"https://www.omo.nl","operator:wikidata":"Q4693918","operator:wikipedia":"nl:Ons Middelbaar Onderwijs","phone":"+31 492 792 000","school":"secondary","website":"https://carolus.nl","wikidata":"Q2217388","wikipedia":"nl:Carolus Borromeus College","id":"way/294669323"},"geometry":{"type":"Point","coordinates":[5.6103884,51.4644309]}},{"type":"Feature","id":"way/301666574","properties":{"access":"yes","amenity":"parking","fee":"no","name":"Halen en brengen","parking":"surface","id":"way/301666574"},"geometry":{"type":"Point","coordinates":[5.6615459,51.476011]}},{"type":"Feature","id":"way/312505573","properties":{"access":"yes","leisure":"playground","id":"way/312505573"},"geometry":{"type":"Point","coordinates":[5.6178705,51.4626527]}},{"type":"Feature","id":"way/312505574","properties":{"access":"private","amenity":"parking","parking":"surface","id":"way/312505574"},"geometry":{"type":"Point","coordinates":[5.6182761,51.4624964]}},{"type":"Feature","id":"way/312505575","properties":{"access":"private","amenity":"parking","parking":"surface","id":"way/312505575"},"geometry":{"type":"Point","coordinates":[5.6174296,51.4627353]}},{"type":"Feature","id":"way/312505576","properties":{"access":"private","amenity":"parking","parking":"surface","id":"way/312505576"},"geometry":{"type":"Point","coordinates":[5.618723,51.4620024]}},{"type":"Feature","id":"way/312505997","properties":{"access":"private","amenity":"parking","id":"way/312505997"},"geometry":{"type":"Point","coordinates":[5.6186635,51.4614631]}},{"type":"Feature","id":"way/312512470","properties":{"amenity":"parking","name":"Hezeloplaats","id":"way/312512470"},"geometry":{"type":"Point","coordinates":[5.6420167,51.4758493]}},{"type":"Feature","id":"way/312512471","properties":{"amenity":"parking","id":"way/312512471"},"geometry":{"type":"Point","coordinates":[5.6344639,51.473847]}},{"type":"Feature","id":"way/313073190","properties":{"access":"private","amenity":"parking","parking":"surface","id":"way/313073190"},"geometry":{"type":"Point","coordinates":[5.6114578,51.4604728]}},{"type":"Feature","id":"way/313073191","properties":{"access":"private","amenity":"parking","id":"way/313073191"},"geometry":{"type":"Point","coordinates":[5.6118885,51.4597392]}},{"type":"Feature","id":"way/313075031","properties":{"access":"private","amenity":"parking","parking":"surface","id":"way/313075031"},"geometry":{"type":"Point","coordinates":[5.6126022,51.4609537]}},{"type":"Feature","id":"way/313075032","properties":{"access":"private","amenity":"parking","parking":"surface","id":"way/313075032"},"geometry":{"type":"Point","coordinates":[5.6134836,51.4595946]}},{"type":"Feature","id":"way/313075033","properties":{"access":"private","amenity":"parking","parking":"surface","id":"way/313075033"},"geometry":{"type":"Point","coordinates":[5.6124835,51.459055]}},{"type":"Feature","id":"way/313075034","properties":{"access":"private","amenity":"parking","park_ride":"no","parking":"surface","surface":"paved","id":"way/313075034"},"geometry":{"type":"Point","coordinates":[5.6134629,51.4585946]}},{"type":"Feature","id":"way/313076839","properties":{"access":"private","amenity":"parking","parking":"surface","id":"way/313076839"},"geometry":{"type":"Point","coordinates":[5.6114293,51.4584468]}},{"type":"Feature","id":"way/313076840","properties":{"access":"private","amenity":"parking","parking":"surface","id":"way/313076840"},"geometry":{"type":"Point","coordinates":[5.6112464,51.4576641]}},{"type":"Feature","id":"way/313076841","properties":{"access":"private","amenity":"parking","parking":"surface","id":"way/313076841"},"geometry":{"type":"Point","coordinates":[5.6125638,51.4578683]}},{"type":"Feature","id":"way/313078804","properties":{"access":"private","amenity":"parking","parking":"surface","id":"way/313078804"},"geometry":{"type":"Point","coordinates":[5.6093326,51.4579499]}},{"type":"Feature","id":"way/313078806","properties":{"access":"private","amenity":"parking","parking":"surface","id":"way/313078806"},"geometry":{"type":"Point","coordinates":[5.6083577,51.4589376]}},{"type":"Feature","id":"way/313080208","properties":{"access":"yes","amenity":"parking","fee":"no","parking":"surface","id":"way/313080208"},"geometry":{"type":"Point","coordinates":[5.6112968,51.4592384]}},{"type":"Feature","id":"way/313080576","properties":{"access":"private","amenity":"parking","parking":"surface","id":"way/313080576"},"geometry":{"type":"Point","coordinates":[5.609151,51.4595179]}},{"type":"Feature","id":"node/317782566","properties":{"addr:city":"Helmond","addr:housenumber":"2","addr:postcode":"5701MH","addr:street":"Ameidewal","amenity":"bank","bic":"RABONL2U","brand":"Rabobank","brand:website":"https://www.rabobank.nl","brand:wikidata":"Q252004","brand:wikipedia":"nl:Rabobank","name":"Rabobank","opening_hours":"Mo 13:00-17:00; Tu-Fr 10:00-17:00","operator":"Rabobank Helmond Peel Noord","source":"BAG","source:date":"2014-06-07","website":"https://www.rabobank.nl/lokale-bank/helmond-peel-noord","id":"node/317782566"},"geometry":{"type":"Point","coordinates":[5.6578585,51.4811813]}},{"type":"Feature","id":"node/320088979","properties":{"bench":"yes","bin":"yes","bus":"yes","highway":"bus_stop","name":"Burgemeester van Houtlaan","public_transport":"platform","ref:IFOPT":"NL:Q:65310430","shelter":"yes","zone":"6531","id":"node/320088979"},"geometry":{"type":"Point","coordinates":[5.6716262,51.4792081]}},{"type":"Feature","id":"node/320660789","properties":{"bus":"yes","name":"Helmond, Vossenbeemd","public_transport":"stop_position","id":"node/320660789"},"geometry":{"type":"Point","coordinates":[5.6798387,51.4660656]}},{"type":"Feature","id":"node/320660792","properties":{"bus":"yes","name":"Helmond, Noorddijk","public_transport":"stop_position","id":"node/320660792"},"geometry":{"type":"Point","coordinates":[5.6902685,51.4666574]}},{"type":"Feature","id":"node/334708457","properties":{"bus":"yes","highway":"bus_stop","name":"Bernadettekerk","public_transport":"platform","ref:IFOPT":"NL:Q:65310920","shelter":"yes","zone":"6531","id":"node/334708457"},"geometry":{"type":"Point","coordinates":[5.6748523,51.4767534]}},{"type":"Feature","id":"way/358270798","properties":{"leisure":"park","name":"Park Goorloop","name:etymology:wikidata":"Q2684977","wikidata":"Q124330185","id":"way/358270798"},"geometry":{"type":"Point","coordinates":[5.6378841,51.4748766]}},{"type":"Feature","id":"way/360166469","properties":{"access":"private","leisure":"playground","id":"way/360166469"},"geometry":{"type":"Point","coordinates":[5.6099176,51.4619845]}},{"type":"Feature","id":"way/360166470","properties":{"access":"private","amenity":"parking","parking":"surface","id":"way/360166470"},"geometry":{"type":"Point","coordinates":[5.6083519,51.4616165]}},{"type":"Feature","id":"way/360166471","properties":{"access":"private","amenity":"parking","parking":"surface","id":"way/360166471"},"geometry":{"type":"Point","coordinates":[5.6115268,51.4619347]}},{"type":"Feature","id":"way/360166472","properties":{"access":"private","amenity":"parking","parking":"surface","id":"way/360166472"},"geometry":{"type":"Point","coordinates":[5.6106492,51.461342]}},{"type":"Feature","id":"way/371721330","properties":{"access":"customers","amenity":"parking","fee":"yes","name":"West Ende","operator":"Golden Tulip","park_ride":"no","parking":"surface","supervised":"yes","surface":"paved","id":"way/371721330"},"geometry":{"type":"Point","coordinates":[5.6507673,51.4784463]}},{"type":"Feature","id":"way/411456645","properties":{"access":"private","amenity":"parking","parking":"surface","id":"way/411456645"},"geometry":{"type":"Point","coordinates":[5.6090033,51.4609786]}},{"type":"Feature","id":"way/430469910","properties":{"amenity":"parking","building":"yes","layer":"-1","location":"underground","parking":"underground","ref:bag":"0794100000404616","source":"BAG","source:date":"2016-07-12","start_date":"2015","id":"way/430469910"},"geometry":{"type":"Point","coordinates":[5.6643826,51.4826987]}},{"type":"Feature","id":"way/433290235","properties":{"leisure":"pitch","sport":"boules","id":"way/433290235"},"geometry":{"type":"Point","coordinates":[5.6173705,51.4542299]}},{"type":"Feature","id":"way/433290236","properties":{"leisure":"pitch","id":"way/433290236"},"geometry":{"type":"Point","coordinates":[5.635445,51.4912937]}},{"type":"Feature","id":"way/433290237","properties":{"leisure":"pitch","id":"way/433290237"},"geometry":{"type":"Point","coordinates":[5.6342863,51.4912856]}},{"type":"Feature","id":"way/433290238","properties":{"leisure":"pitch","id":"way/433290238"},"geometry":{"type":"Point","coordinates":[5.6334188,51.491289]}},{"type":"Feature","id":"way/433290239","properties":{"leisure":"pitch","sport":"field_hockey","id":"way/433290239"},"geometry":{"type":"Point","coordinates":[5.6334451,51.4903026]}},{"type":"Feature","id":"way/433290240","properties":{"leisure":"pitch","id":"way/433290240"},"geometry":{"type":"Point","coordinates":[5.6349986,51.4909222]}},{"type":"Feature","id":"way/433290241","properties":{"leisure":"pitch","sport":"tennis","id":"way/433290241"},"geometry":{"type":"Point","coordinates":[5.6368568,51.491373]}},{"type":"Feature","id":"way/433290242","properties":{"leisure":"pitch","sport":"tennis","id":"way/433290242"},"geometry":{"type":"Point","coordinates":[5.6371267,51.4913652]}},{"type":"Feature","id":"way/433290243","properties":{"leisure":"pitch","sport":"tennis","id":"way/433290243"},"geometry":{"type":"Point","coordinates":[5.6377409,51.4913652]}},{"type":"Feature","id":"way/433290244","properties":{"leisure":"pitch","sport":"tennis","id":"way/433290244"},"geometry":{"type":"Point","coordinates":[5.6374647,51.4913702]}},{"type":"Feature","id":"way/433290246","properties":{"leisure":"pitch","sport":"tennis","id":"way/433290246"},"geometry":{"type":"Point","coordinates":[5.6328242,51.4890487]}},{"type":"Feature","id":"way/433290247","properties":{"leisure":"pitch","lit":"yes","sport":"tennis","surface":"gravel","id":"way/433290247"},"geometry":{"type":"Point","coordinates":[5.6326292,51.4886626]}},{"type":"Feature","id":"way/433290248","properties":{"leisure":"pitch","lit":"yes","sport":"tennis","id":"way/433290248"},"geometry":{"type":"Point","coordinates":[5.6326047,51.4882229]}},{"type":"Feature","id":"way/433290249","properties":{"leisure":"pitch","lit":"yes","sport":"tennis","id":"way/433290249"},"geometry":{"type":"Point","coordinates":[5.63258,51.487843]}},{"type":"Feature","id":"way/444337044","properties":{"access":"yes","amenity":"parking","fee":"no","parking":"surface","id":"way/444337044"},"geometry":{"type":"Point","coordinates":[5.6347363,51.4667375]}},{"type":"Feature","id":"way/444337045","properties":{"access":"yes","amenity":"parking","fee":"no","parking":"surface","id":"way/444337045"},"geometry":{"type":"Point","coordinates":[5.634611,51.4674848]}},{"type":"Feature","id":"way/444337683","properties":{"amenity":"parking","id":"way/444337683"},"geometry":{"type":"Point","coordinates":[5.6350729,51.4682145]}},{"type":"Feature","id":"node/448521294","properties":{"addr:city":"Helmond","addr:housenumber":"131","addr:postcode":"5701AH","addr:street":"Wethouder Ebbenlaan","alt_name":"Service Apotheek Leonardus","amenity":"pharmacy","brand":"Service Apotheek","brand:wikidata":"Q124129179","email":"apotheek@gcleonardus.nl","healthcare":"pharmacy","name":"Apotheek Leonardus","opening_hours":"Mo-Fr 08:00-18:00; PH off","phone":"+31 492 508 001","website":"https://www.serviceapotheek.nl/leonardus","id":"node/448521294"},"geometry":{"type":"Point","coordinates":[5.6689731,51.4878299]}},{"type":"Feature","id":"node/448529842","properties":{"bench":"yes","bin":"yes","bus":"yes","departures_board":"timetable","highway":"bus_stop","name":"Binderseind","public_transport":"platform","ref:IFOPT":"NL:Q:65310790","shelter":"yes","zone":"6531","id":"node/448529842"},"geometry":{"type":"Point","coordinates":[5.6586908,51.4834864]}},{"type":"Feature","id":"node/448530972","properties":{"bench":"yes","bin":"yes","bus":"yes","departures_board":"timetable","highway":"bus_stop","name":"Binderseind","public_transport":"platform","ref:IFOPT":"NL:Q:65310780","shelter":"yes","tactile_paving":"yes","zone":"6531","id":"node/448530972"},"geometry":{"type":"Point","coordinates":[5.6583513,51.4827588]}},{"type":"Feature","id":"node/448536130","properties":{"addr:city":"Helmond","addr:housenumber":"5","addr:postcode":"5707BX","addr:street":"Frans Joseph van Thielpark","amenity":"cinema","brand":"Pathé","brand:wikidata":"Q61959392","name":"Pathé Helmond","source":"BAG","source:date":"2014-06-06","website":"https://www.pathe.nl/bioscoop/helmond","id":"node/448536130"},"geometry":{"type":"Point","coordinates":[5.6510663,51.4781128]}},{"type":"Feature","id":"node/448541728","properties":{"addr:city":"Helmond","addr:housenumber":"2","addr:postcode":"5701RK","addr:street":"Markt","air_conditioning":"yes","amenity":"restaurant","cuisine":"french;italian","diet:vegan":"yes","diet:vegetarian":"yes","indoor_seating":"yes","name":"St. Lambert","opening_hours":"Mo-Su 10:30-21:30","outdoor_seating":"yes","phone":"+31 492 525 562","smoking":"outside","website":"https://www.st-lambert.nl/restaurant/","id":"node/448541728"},"geometry":{"type":"Point","coordinates":[5.6560004,51.4787102]}},{"type":"Feature","id":"node/448603881","properties":{"bench":"yes","bus":"yes","highway":"bus_stop","name":"De Pannehoeve","public_transport":"platform","ref:IFOPT":"NL:Q:65310520","shelter":"yes","zone":"6531","id":"node/448603881"},"geometry":{"type":"Point","coordinates":[5.6749933,51.4910768]}},{"type":"Feature","id":"node/448603882","properties":{"amenity":"parking","id":"node/448603882"},"geometry":{"type":"Point","coordinates":[5.6741381,51.4910752]}},{"type":"Feature","id":"node/448603885","properties":{"amenity":"fuel","brand":"TinQ","brand:wikidata":"Q2132028","compressed_air":"yes","fuel:diesel":"yes","fuel:octane_95":"yes","name":"TinQ","opening_hours":"Mo-Su 07:00-21:00","self_service":"yes","id":"node/448603885"},"geometry":{"type":"Point","coordinates":[5.6685485,51.4887803]}},{"type":"Feature","id":"node/448603888","properties":{"addr:city":"Helmond","addr:housenumber":"68","addr:postcode":"5702KP","addr:street":"Nachtegaallaan","amenity":"fuel","branch":"De Bus","brand":"TotalEnergies","brand:wikidata":"Q154037","name":"TotalEnergies","opening_hours":"Mo-Fr 06:00-22:00; Sa 07:00-22:00; Su 08:00-22:00","phone":"+31 492 537907","id":"node/448603888"},"geometry":{"type":"Point","coordinates":[5.6664001,51.4949309]}},{"type":"Feature","id":"node/448611691","properties":{"addr:city":"Helmond","addr:housenumber":"21","addr:postcode":"5709AH","addr:street":"Deurneseweg","amenity":"fuel","branch":"De Nieuwe Aa","brand":"TotalEnergies","brand:wikidata":"Q154037","name":"TotalEnergies","opening_hours":"24/7","phone":"+31 492 516000","source":"BAG","source:date":"2014-06-04","id":"node/448611691"},"geometry":{"type":"Point","coordinates":[5.6963651,51.4721501]}},{"type":"Feature","id":"node/448617674","properties":{"addr:city":"Helmond","addr:housenumber":"64","addr:postcode":"5701CM","addr:street":"Azalealaan","branch":"Helmond Azalealaan","brand":"Jumbo","brand:website":"https://www.jumbo.com","brand:wikidata":"Q2262314","brand:wikipedia":"nl:Jumbo Supermarkten","name":"Jumbo","opening_hours":"Mo-Sa 08:00-21:00; Su 09:00-21:00","phone":"+31 492 590 310","shop":"supermarket","source":"BAG","source:date":"2014-06-07","website":"https://www.jumbo.com/winkel/helmond/jumbo-helmond-azalealaan","id":"node/448617674"},"geometry":{"type":"Point","coordinates":[5.674671,51.4764685]}},{"type":"Feature","id":"node/448617680","properties":{"addr:city":"Helmond","addr:housenumber":"135","addr:postcode":"5701CE","addr:street":"Deurneseweg","amenity":"fire_station","name":"Brandweerpost Helmond","operator":"Veiligheidsregio Brabant-Zuidoost","operator:website":"https://www.vrbzo.nl","operator:wikidata":"Q1811925","phone":"+31 40 2203 203","ref":"22-32","source":"BAG","source:date":"2014-06-07","website":"https://www.brandweer.nl/kazerne/helmond/","id":"node/448617680"},"geometry":{"type":"Point","coordinates":[5.674584,51.4759465]}},{"type":"Feature","id":"node/448620592","properties":{"addr:city":"Helmond","addr:housenumber":"24","addr:postcode":"5701KZ","addr:street":"Zuidende","amenity":"fuel","brand":"OK","brand:wikidata":"Q123472183","compressed_air":"yes","fuel:diesel":"yes","fuel:e10":"yes","fuel:octane_98":"yes","name":"OK Helmond","opening_hours":"24/7","operator":"OK","operator:wikidata":"Q123472183","phone":"+31 76 207 9909","self_service":"yes","source":"BAG","source:date":"2014-06-07","website":"https://ok.nl/tankstations/ok-helmond/","id":"node/448620592"},"geometry":{"type":"Point","coordinates":[5.6604864,51.4792554]}},{"type":"Feature","id":"node/448627027","properties":{"bench":"yes","bin":"yes","bus":"yes","departures_board":"timetable","highway":"bus_stop","name":"Noordende","public_transport":"platform","ref:IFOPT":"NL:Q:65310760","shelter":"yes","zone":"6531","id":"node/448627027"},"geometry":{"type":"Point","coordinates":[5.6571997,51.4852363]}},{"type":"Feature","id":"node/448648857","properties":{"addr:city":"Helmond","addr:housenumber":"46","addr:postcode":"5701RD","addr:street":"Veestraat","amenity":"restaurant","indoor_seating":"yes","name":"De Bank","outdoor_seating":"yes","source":"BAG","source:date":"2017-03-30","id":"node/448648857"},"geometry":{"type":"Point","coordinates":[5.6520284,51.4791313]}},{"type":"Feature","id":"node/448648862","properties":{"addr:city":"Helmond","addr:housenumber":"7","addr:postcode":"5707CD","addr:street":"Steenweg","amenity":"restaurant","cuisine":"italian","indoor_seating":"yes","name":"Sicilia","outdoor_seating":"yes","source":"BAG","source:date":"2017-03-27","website":"https://ristorante-sicilia.nl/","id":"node/448648862"},"geometry":{"type":"Point","coordinates":[5.6506613,51.4790567]}},{"type":"Feature","id":"node/448649506","properties":{"amenity":"community_centre","name":"Zaal Traverse","id":"node/448649506"},"geometry":{"type":"Point","coordinates":[5.649744,51.4789121]}},{"type":"Feature","id":"node/448759303","properties":{"leisure":"sports_centre","name":"De Braak","id":"node/448759303"},"geometry":{"type":"Point","coordinates":[5.6750342,51.4856529]}},{"type":"Feature","id":"node/448759306","properties":{"addr:city":"Helmond","addr:housenumber":"10","addr:postcode":"5702XZ","addr:street":"Rembrandtlaan","amenity":"fast_food","name":"De Braak","source":"BAG","source:date":"2014-06-06","id":"node/448759306"},"geometry":{"type":"Point","coordinates":[5.6764573,51.4880192]}},{"type":"Feature","id":"way/450737920","properties":{"leisure":"pitch","lit":"yes","sport":"soccer","surface":"asphalt","id":"way/450737920"},"geometry":{"type":"Point","coordinates":[5.6172838,51.454989]}},{"type":"Feature","id":"way/450737922","properties":{"leisure":"pitch","sport":"volleyball","surface":"sand","id":"way/450737922"},"geometry":{"type":"Point","coordinates":[5.6177194,51.4543721]}},{"type":"Feature","id":"way/453264717","properties":{"addr:city":"Helmond","addr:housenumber":"17","addr:postcode":"5706WB","addr:street":"Abendonk","amenity":"school","education":"school","email":"info@mondomijn.nl","isced:level":"0;1","landuse":"education","name":"Mondomijn","operator":"QliQ","operator:website":"https://qliqprimair.nl","operator:wikidata":"Q121765299","phone":"+31 492 662 894","school":"primary","website":"https://www.mondomijn.nl","wikidata":"Q22754052","id":"way/453264717"},"geometry":{"type":"Point","coordinates":[5.6016283,51.4583711]}},{"type":"Feature","id":"way/460560510","properties":{"building:part":"yes","leisure":"sports_centre","name":"Fitland Sporthal","id":"way/460560510"},"geometry":{"type":"Point","coordinates":[5.6618045,51.4696803]}},{"type":"Feature","id":"node/467095725","properties":{"addr:city":"Helmond","addr:housenumber":"9","addr:postcode":"5701RH","addr:street":"Markt","brand":"Etos","brand:wikidata":"Q2609459","brand:wikipedia":"nl:Etos","name":"Etos","ref":"6117","shop":"chemist","source":"BAG","source:date":"2014-06-07","website":"https://www.etos.nl/winkels/helmond/markt-9-6117/","id":"node/467095725"},"geometry":{"type":"Point","coordinates":[5.6553349,51.4787939]}},{"type":"Feature","id":"node/467095756","properties":{"addr:city":"Helmond","addr:housenumber":"1","addr:postcode":"5701SH","addr:street":"Torenstraat","brand":"Etos","brand:website":"https://www.etos.nl/","brand:wikidata":"Q2609459","brand:wikipedia":"nl:Etos","name":"Etos","ref":"6166","shop":"chemist","website":"https://www.etos.nl/winkels/helmond/torenstraat-1-6166/","id":"node/467095756"},"geometry":{"type":"Point","coordinates":[5.6539784,51.4839025]}},{"type":"Feature","id":"way/469748081","properties":{"leisure":"park","name":"Kasteeltuin","wikidata":"Q134286510","id":"way/469748081"},"geometry":{"type":"Point","coordinates":[5.6535311,51.477251]}},{"type":"Feature","id":"way/482428537","properties":{"amenity":"parking","layer":"-1","location":"underground","parking":"underground","ref:bag":"0794100000407956","source":"BAG","source:date":"2017-03-24","start_date":"2017","id":"way/482428537"},"geometry":{"type":"Point","coordinates":[5.6376612,51.4768546]}},{"type":"Feature","id":"way/482454016","properties":{"amenity":"parking","building":"yes","layer":"-1","location":"underground","parking":"underground","ref:bag":"0794100000401343","source":"BAG","source:date":"2019-09-08","start_date":"2007","id":"way/482454016"},"geometry":{"type":"Point","coordinates":[5.6707438,51.4907161]}},{"type":"Feature","id":"way/482637257","properties":{"amenity":"parking","building":"yes","layer":"-1","location":"underground","parking":"underground","ref:bag":"0794100000401352","source":"BAG","source:date":"2017-03-25","start_date":"2003","id":"way/482637257"},"geometry":{"type":"Point","coordinates":[5.7009906,51.4726687]}},{"type":"Feature","id":"way/482726660","properties":{"amenity":"parking","building":"yes","layer":"-1","location":"underground","parking":"underground","ref:bag":"0794100000400138","source":"BAG","source:date":"2017-03-25","start_date":"1997","id":"way/482726660"},"geometry":{"type":"Point","coordinates":[5.6559148,51.4862411]}},{"type":"Feature","id":"way/482726661","properties":{"amenity":"parking","building":"yes","layer":"-1","location":"underground","parking":"underground","ref:bag":"0794100000400146","source":"BAG","source:date":"2017-03-25","start_date":"1997","id":"way/482726661"},"geometry":{"type":"Point","coordinates":[5.6564957,51.4862808]}},{"type":"Feature","id":"way/482896541","properties":{"amenity":"parking","building":"yes","layer":"-1","location":"underground","parking":"underground","ref:bag":"0794100000401350","source":"BAG","source:date":"2017-09-24","start_date":"2009","id":"way/482896541"},"geometry":{"type":"Point","coordinates":[5.6170377,51.486396]}},{"type":"Feature","id":"way/482896569","properties":{"amenity":"parking","building":"yes","layer":"-1","location":"underground","parking":"underground","ref:bag":"0794100000401349","source":"BAG","source:date":"2017-03-26","start_date":"2002","id":"way/482896569"},"geometry":{"type":"Point","coordinates":[5.6190602,51.4867438]}},{"type":"Feature","id":"way/482896603","properties":{"amenity":"parking","building":"yes","layer":"-1","location":"underground","parking":"underground","ref:bag":"0794100000401351","source":"BAG","source:date":"2017-03-26","start_date":"1994","id":"way/482896603"},"geometry":{"type":"Point","coordinates":[5.6174124,51.487028]}},{"type":"Feature","id":"way/483020253","properties":{"access":"private","amenity":"parking","building":"yes","layer":"-1","location":"underground","parking":"underground","ref:bag":"0794100000401346","source":"BAG","source:date":"2023-11-21","start_date":"1999","id":"way/483020253"},"geometry":{"type":"Point","coordinates":[5.6511864,51.4770619]}},{"type":"Feature","id":"way/483020254","properties":{"access":"private","amenity":"parking","building":"yes","layer":"-1","location":"underground","parking":"underground","ref:bag":"0794100000401344","source":"BAG","source:date":"2023-11-21","start_date":"2001","id":"way/483020254"},"geometry":{"type":"Point","coordinates":[5.6492568,51.4778215]}},{"type":"Feature","id":"way/483020256","properties":{"access":"private","amenity":"parking","building":"yes","layer":"-1","location":"underground","parking":"underground","ref:bag":"0794100000401345","source":"BAG","source:date":"2023-11-21","start_date":"1999","id":"way/483020256"},"geometry":{"type":"Point","coordinates":[5.6499107,51.4771435]}},{"type":"Feature","id":"way/483020331","properties":{"access":"private","amenity":"parking","building":"yes","layer":"-1","location":"underground","parking":"underground","ref:bag":"0794100000400135","source":"BAG","source:date":"2017-03-27","start_date":"2006","id":"way/483020331"},"geometry":{"type":"Point","coordinates":[5.6512168,51.4737952]}},{"type":"Feature","id":"way/483056088","properties":{"amenity":"parking","building":"yes","layer":"-1","location":"underground","parking":"underground","ref:bag":"0794100000404496","source":"BAG","source:date":"2017-03-27","start_date":"2013","id":"way/483056088"},"geometry":{"type":"Point","coordinates":[5.6500617,51.4796335]}},{"type":"Feature","id":"way/483056108","properties":{"amenity":"parking","building":"yes","layer":"-1","location":"underground","parking":"underground","ref:bag":"0794100000402824","source":"BAG","source:date":"2017-03-27","start_date":"2013","id":"way/483056108"},"geometry":{"type":"Point","coordinates":[5.6486097,51.4799464]}},{"type":"Feature","id":"way/483061482","properties":{"access":"private","amenity":"parking","building":"yes","layer":"-1","location":"underground","parking":"underground","ref:bag":"0794100000402225","source":"BAG","source:date":"2023-11-21","start_date":"2012","id":"way/483061482"},"geometry":{"type":"Point","coordinates":[5.6093075,51.4610324]}},{"type":"Feature","id":"way/483061486","properties":{"access":"yes","amenity":"parking","building":"yes","fee":"yes","layer":"-1","lit":"yes","location":"underground","maxstay":"48 hour","name":"Parkeergarage MFC De Veste","parking":"underground","ref:bag":"0794100000401347","source":"BAG","source:date":"2023-11-21","start_date":"2006","id":"way/483061486"},"geometry":{"type":"Point","coordinates":[5.6095925,51.4586742]}},{"type":"Feature","id":"way/483196635","properties":{"leisure":"pitch","lit":"yes","operator":"s.v. Brandevoort","sport":"soccer","surface":"grass","id":"way/483196635"},"geometry":{"type":"Point","coordinates":[5.6195796,51.4552521]}},{"type":"Feature","id":"way/483207908","properties":{"amenity":"parking","building":"yes","layer":"-1","location":"underground","parking":"underground","ref:bag":"0794100000401461","source":"BAG","source:date":"2017-03-28","start_date":"2007","id":"way/483207908"},"geometry":{"type":"Point","coordinates":[5.6700947,51.4813019]}},{"type":"Feature","id":"way/483212845","properties":{"amenity":"parking","building":"yes","layer":"-1","location":"underground","parking":"underground","ref:bag":"0794100000400137","source":"BAG","source:date":"2017-03-28","start_date":"2001","id":"way/483212845"},"geometry":{"type":"Point","coordinates":[5.655629,51.4838226]}},{"type":"Feature","id":"way/483212846","properties":{"access":"private","amenity":"parking","building":"yes","layer":"-1","location":"underground","parking":"underground","ref:bag":"0794100000401453","source":"BAG","source:date":"2026-06-12","start_date":"2004","id":"way/483212846"},"geometry":{"type":"Point","coordinates":[5.6534974,51.4820454]}},{"type":"Feature","id":"way/483212848","properties":{"access":"private","amenity":"parking","building":"yes","layer":"-1","location":"underground","parking":"underground","ref:bag":"0794100000400136","source":"BAG","source:date":"2026-06-12","start_date":"2003","id":"way/483212848"},"geometry":{"type":"Point","coordinates":[5.6542383,51.4822921]}},{"type":"Feature","id":"way/483283369","properties":{"amenity":"parking","building":"yes","layer":"-1","location":"underground","parking":"underground","ref:bag":"0794100000345943","source":"BAG","source:date":"2017-03-28","start_date":"2006","id":"way/483283369"},"geometry":{"type":"Point","coordinates":[5.6640267,51.4851047]}},{"type":"Feature","id":"way/483283370","properties":{"amenity":"parking","building":"yes","layer":"-1","location":"underground","parking":"underground","ref:bag":"0794100000345944","source":"BAG","source:date":"2017-03-28","start_date":"2007","id":"way/483283370"},"geometry":{"type":"Point","coordinates":[5.66503,51.4849817]}},{"type":"Feature","id":"way/483432141","properties":{"amenity":"parking","building":"yes","layer":"-1","location":"underground","parking":"underground","ref:bag":"0794100000401459","source":"BAG","source:date":"2017-03-29","start_date":"2005","id":"way/483432141"},"geometry":{"type":"Point","coordinates":[5.6620827,51.483947]}},{"type":"Feature","id":"way/483444544","properties":{"amenity":"parking","building":"yes","layer":"-1","location":"underground","parking":"underground","ref:bag":"0794100000401460","source":"BAG","source:date":"2017-03-29","start_date":"2005","id":"way/483444544"},"geometry":{"type":"Point","coordinates":[5.6679442,51.4809985]}},{"type":"Feature","id":"way/483451139","properties":{"access":"yes","amenity":"parking","building":"yes","fee":"yes","layer":"-1","location":"underground","parking":"underground","ref:bag":"0794100000401454","source":"BAG","source:date":"2017-03-29","start_date":"1989","id":"way/483451139"},"geometry":{"type":"Point","coordinates":[5.6546561,51.4801516]}},{"type":"Feature","id":"way/483466669","properties":{"access":"private","amenity":"parking","building":"yes","layer":"-1","location":"underground","parking":"underground","ref:bag":"0794100000401455","source":"BAG","source:date":"2017-03-29","start_date":"1982","id":"way/483466669"},"geometry":{"type":"Point","coordinates":[5.6589316,51.4778209]}},{"type":"Feature","id":"node/483553377","properties":{"addr:city":"Helmond","addr:housenumber":"1","addr:postcode":"5701SH","addr:street":"Torenstraat","brand":"Gall & Gall","brand:wikidata":"Q13639185","brand:wikipedia":"nl:Gall & Gall","name":"Gall & Gall","ref":"6782","shop":"alcohol","id":"node/483553377"},"geometry":{"type":"Point","coordinates":[5.6534754,51.4839081]}},{"type":"Feature","id":"node/483553532","properties":{"addr:city":"Helmond","addr:housenumber":"85","addr:postcode":"5708ZK","addr:street":"de Plaetse","amenity":"community_centre","check_date:opening_hours":"2026-01-13","contact:facebook":"opjeplaets","email":"opjeplaets@gmail.com","name":"Op Je Plaets","opening_hours":"Tu 12:00-16:30; We-Sa 10:00-16:30","phone":"+31 6 57046369","source":"BAG","source:date":"2014-05-28","website":"http://opjeplaets.nl","id":"node/483553532"},"geometry":{"type":"Point","coordinates":[5.6108362,51.4598815]}},{"type":"Feature","id":"node/483554807","properties":{"addr:city":"Helmond","addr:housenumber":"40","addr:postcode":"5704EH","addr:street":"Brouwhorst","brand":"Gall & Gall","brand:wikidata":"Q13639185","brand:wikipedia":"nl:Gall & Gall","name":"Gall & Gall","opening_hours":"Mo 11:00-18:00; Tu-Th 09:00-18:00; Fr 09:00-20:00; Sa 09:00-17:00; Su 12:00-18:00","ref":"8810","shop":"alcohol","source":"BAG","source:date":"2017-03-25","website":"https://www.gall.nl/winkels/details/helmond-brouwhorst-40","id":"node/483554807"},"geometry":{"type":"Point","coordinates":[5.7021728,51.4699273]}},{"type":"Feature","id":"way/483874110","properties":{"amenity":"parking","building":"yes","layer":"-1","location":"underground","parking":"underground","ref:bag":"0794100000404991","source":"BAG","source:date":"2017-03-31","start_date":"1992","id":"way/483874110"},"geometry":{"type":"Point","coordinates":[5.6600994,51.4764223]}},{"type":"Feature","id":"way/486657635","properties":{"alt_name":"Wijkpark Brouwhuis","leisure":"park","name":"Brouwhuis Park","wikidata":"Q124330287","id":"way/486657635"},"geometry":{"type":"Point","coordinates":[5.7001269,51.4631262]}},{"type":"Feature","id":"way/504834598","properties":{"access":"yes","leisure":"playground","id":"way/504834598"},"geometry":{"type":"Point","coordinates":[5.6115334,51.4512194]}},{"type":"Feature","id":"way/504834602","properties":{"access":"yes","leisure":"playground","id":"way/504834602"},"geometry":{"type":"Point","coordinates":[5.6115763,51.4510087]}},{"type":"Feature","id":"way/504850274","properties":{"leisure":"park","name":"Goorlooppark Zuid","id":"way/504850274"},"geometry":{"type":"Point","coordinates":[5.648277,51.4670021]}},{"type":"Feature","id":"way/506030858","properties":{"access":"private","amenity":"parking","parking":"surface","id":"way/506030858"},"geometry":{"type":"Point","coordinates":[5.6094991,51.4602343]}},{"type":"Feature","id":"way/506031600","properties":{"access":"private","amenity":"parking","parking":"surface","id":"way/506031600"},"geometry":{"type":"Point","coordinates":[5.6046821,51.4599161]}},{"type":"Feature","id":"way/506031794","properties":{"access":"private","amenity":"parking","parking":"surface","id":"way/506031794"},"geometry":{"type":"Point","coordinates":[5.6059922,51.4601886]}},{"type":"Feature","id":"way/507045449","properties":{"access":"yes","amenity":"parking","fee":"no","parking":"street_side","id":"way/507045449"},"geometry":{"type":"Point","coordinates":[5.6065435,51.4555903]}},{"type":"Feature","id":"way/515298244","properties":{"leisure":"playground","id":"way/515298244"},"geometry":{"type":"Point","coordinates":[5.6230011,51.4870339]}},{"type":"Feature","id":"way/515298245","properties":{"leisure":"pitch","lit":"no","sport":"soccer","id":"way/515298245"},"geometry":{"type":"Point","coordinates":[5.6231365,51.4871844]}},{"type":"Feature","id":"way/515304524","properties":{"leisure":"playground","id":"way/515304524"},"geometry":{"type":"Point","coordinates":[5.615812,51.4882256]}},{"type":"Feature","id":"way/518526776","properties":{"building":"retail","name":"Winkelcentrum De Bus","opening_hours":"Mo-Th 08:30-18:00; Fr 08:30-20:00; Sa 08:30-17:00","shop":"mall","website":"http://www.winkelcentrumdebus.nl/","id":"way/518526776"},"geometry":{"type":"Point","coordinates":[5.6676033,51.4950816]}},{"type":"Feature","id":"way/518561348","properties":{"leisure":"pitch","lit":"yes","sport":"boules","surface":"unpaved","id":"way/518561348"},"geometry":{"type":"Point","coordinates":[5.6143606,51.4865025]}},{"type":"Feature","id":"way/519149326","properties":{"addr:city":"Helmond","addr:housenumber":"105","addr:postcode":"5702JD","addr:street":"Harmoniestraat","leisure":"pitch","lit":"no","name":"Voetbalveld","sport":"soccer","surface":"asphalt","id":"way/519149326"},"geometry":{"type":"Point","coordinates":[5.6665154,51.4993932]}},{"type":"Feature","id":"way/527223106","properties":{"access":"private","amenity":"parking","building":"yes","layer":"-1","location":"underground","parking":"underground","ref:bag":"0794100000400139","source":"BAG","source:date":"2017-09-24","start_date":"2001","id":"way/527223106"},"geometry":{"type":"Point","coordinates":[5.656854,51.4782277]}},{"type":"Feature","id":"way/544827393","properties":{"leisure":"playground","id":"way/544827393"},"geometry":{"type":"Point","coordinates":[5.663297,51.4820299]}},{"type":"Feature","id":"way/544827394","properties":{"leisure":"playground","id":"way/544827394"},"geometry":{"type":"Point","coordinates":[5.6640376,51.4820926]}},{"type":"Feature","id":"way/544847317","properties":{"leisure":"pitch","id":"way/544847317"},"geometry":{"type":"Point","coordinates":[5.667682,51.4796254]}},{"type":"Feature","id":"way/548690650","properties":{"amenity":"parking","id":"way/548690650"},"geometry":{"type":"Point","coordinates":[5.6329569,51.4640577]}},{"type":"Feature","id":"way/548690842","properties":{"amenity":"parking","id":"way/548690842"},"geometry":{"type":"Point","coordinates":[5.633288,51.4645927]}},{"type":"Feature","id":"way/548691127","properties":{"leisure":"pitch","lit":"no","sport":"basketball","surface":"asphalt","id":"way/548691127"},"geometry":{"type":"Point","coordinates":[5.6244534,51.4644146]}},{"type":"Feature","id":"way/548691192","properties":{"leisure":"playground","id":"way/548691192"},"geometry":{"type":"Point","coordinates":[5.6266717,51.4631024]}},{"type":"Feature","id":"way/548691193","properties":{"leisure":"playground","id":"way/548691193"},"geometry":{"type":"Point","coordinates":[5.6264534,51.463081]}},{"type":"Feature","id":"way/563053181","properties":{"access":"customers","amenity":"parking","capacity":"35","fee":"no","operator":"GymBokx","park_ride":"no","parking":"surface","supervised":"no","surface":"paving_stones","id":"way/563053181"},"geometry":{"type":"Point","coordinates":[5.651415,51.4754888]}},{"type":"Feature","id":"node/564280297","properties":{"addr:city":"Helmond","addr:country":"NL","addr:housenumber":"165","addr:postcode":"5701SM","addr:street":"Oostende","amenity":"fuel","brand":"Tango","brand:wikidata":"Q125867683","brand:wikipedia":"nl:Tango (bedrijf)","compressed_air":"yes","name":"Tango","opening_hours":"24/7","operator":"Tango","operator:wikidata":"Q125867683","phone":"+31 70 315 2500","id":"node/564280297"},"geometry":{"type":"Point","coordinates":[5.6538401,51.4851485]}},{"type":"Feature","id":"way/577325450","properties":{"access":"private","amenity":"parking","id":"way/577325450"},"geometry":{"type":"Point","coordinates":[5.6108505,51.4646551]}},{"type":"Feature","id":"way/582946848","properties":{"amenity":"parking","name":"P5 Brainport Human Campus","id":"way/582946848"},"geometry":{"type":"Point","coordinates":[5.6255686,51.476978]}},{"type":"Feature","id":"way/582946849","properties":{"amenity":"parking","name":"P1 Brainport Human Campus","operator":"Driessen HRM","id":"way/582946849"},"geometry":{"type":"Point","coordinates":[5.6241891,51.4781013]}},{"type":"Feature","id":"way/583055008","properties":{"amenity":"parking","id":"way/583055008"},"geometry":{"type":"Point","coordinates":[5.6275715,51.4758145]}},{"type":"Feature","id":"way/583454916","properties":{"access":"customers","amenity":"parking","capacity":"18","fee":"yes","layer":"-1","park_ride":"no","parking":"underground","supervised":"yes","surface":"paved","id":"way/583454916"},"geometry":{"type":"Point","coordinates":[5.6507315,51.4787929]}},{"type":"Feature","id":"way/583458992","properties":{"amenity":"parking","id":"way/583458992"},"geometry":{"type":"Point","coordinates":[5.6789099,51.4696095]}},{"type":"Feature","id":"way/583458993","properties":{"amenity":"parking","id":"way/583458993"},"geometry":{"type":"Point","coordinates":[5.6788812,51.4690968]}},{"type":"Feature","id":"way/583458994","properties":{"amenity":"parking","id":"way/583458994"},"geometry":{"type":"Point","coordinates":[5.6789496,51.4685115]}},{"type":"Feature","id":"way/586047699","properties":{"access":"customers","amenity":"parking","fee":"no","parking":"surface","id":"way/586047699"},"geometry":{"type":"Point","coordinates":[5.6484558,51.4774498]}},{"type":"Feature","id":"way/586047707","properties":{"amenity":"parking","id":"way/586047707"},"geometry":{"type":"Point","coordinates":[5.6505864,51.4797924]}},{"type":"Feature","id":"way/588112727","properties":{"addr:city":"Helmond","addr:housenumber":"79","addr:postcode":"5708HJ","addr:street":"Gasthuisstraat","amenity":"school","branch":"Gasthuisstraat","description":"Eerste Opvang voor Anderstaligen (EOA)","education":"school","email":"ghs@janvanbrabant.nl","isced:level":"2;3","landuse":"education","name":"Jan van Brabant College","operator":"Onderwijsgroep Oost-Brabant","operator:website":"https://www.onderwijsgroepoostbrabant.nl","operator:wikidata":"Q121758777","phone":"+31 492 549 448","school":"secondary","website":"https://gasthuisstraat.janvanbrabant.nl","wikidata":"Q2452135","wikipedia":"nl:Jan van Brabant College","id":"way/588112727"},"geometry":{"type":"Point","coordinates":[5.6282828,51.4772392]}},{"type":"Feature","id":"way/588114600","properties":{"leisure":"pitch","name":"Obstacle Walhalla","sport":"bootcamp","id":"way/588114600"},"geometry":{"type":"Point","coordinates":[5.6098446,51.4655204]}},{"type":"Feature","id":"way/591657618","properties":{"addr:city":"Helmond","addr:housenumber":"79","addr:postcode":"5708HJ","addr:street":"Gasthuisstraat","amenity":"college","description":"Entreeopleidingen","education":"college","email":"info@ter-aa.nl","isced:level":"3;4","name":"Ter AA","old_name":"ROC ter AA","phone":"+31 492 507 900","school":"tertiary","website":"https://ter-aa.nl","wikidata":"Q2718667","wikipedia":"nl:ROC Ter AA","id":"way/591657618"},"geometry":{"type":"Point","coordinates":[5.6275386,51.4772042]}},{"type":"Feature","id":"way/607168977","properties":{"leisure":"pitch","sport":"skateboard","surface":"asphalt","id":"way/607168977"},"geometry":{"type":"Point","coordinates":[5.6389015,51.4844675]}},{"type":"Feature","id":"way/610585439","properties":{"access":"private","amenity":"parking","parking":"surface","id":"way/610585439"},"geometry":{"type":"Point","coordinates":[5.650155,51.4787676]}},{"type":"Feature","id":"way/610585440","properties":{"access":"customers","amenity":"parking","fee":"yes","parking":"surface","id":"way/610585440"},"geometry":{"type":"Point","coordinates":[5.6504497,51.4787379]}},{"type":"Feature","id":"way/610585445","properties":{"amenity":"parking","capacity":"8","fee":"yes","parking":"street_side","id":"way/610585445"},"geometry":{"type":"Point","coordinates":[5.6497348,51.4785838]}},{"type":"Feature","id":"way/610585448","properties":{"amenity":"parking","id":"way/610585448"},"geometry":{"type":"Point","coordinates":[5.6372295,51.4767261]}},{"type":"Feature","id":"node/613802243","properties":{"addr:city":"Helmond","addr:country":"NL","addr:housenumber":"35","addr:postcode":"5707AB","addr:street":"Mierloseweg","amenity":"fast_food","cuisine":"chinese","indoor_seating":"yes","name":"Maan Lee","outdoor_seating":"no","source":"BAG","source:date":"2014-06-05","id":"node/613802243"},"geometry":{"type":"Point","coordinates":[5.6438261,51.4763111]}},{"type":"Feature","id":"way/615211497","properties":{"addr:city":"Helmond","addr:housenumber":"191","addr:postcode":"5701KD","addr:street":"Molenstraat","amenity":"school","branch":"Molenstraat","education":"school","email":"molenstraat@janvanbrabant.nl","isced:level":"2;3","landuse":"education","name":"Jan van Brabant College","operator":"Onderwijsgroep Oost-Brabant","operator:website":"https://www.onderwijsgroepoostbrabant.nl","operator:wikidata":"Q121758777","phone":"+31 492 522 287","school":"secondary","website":"https://molenstraat.janvanbrabant.nl","wikidata":"Q2452135","wikipedia":"nl:Jan van Brabant College","id":"way/615211497"},"geometry":{"type":"Point","coordinates":[5.6615235,51.4782154]}},{"type":"Feature","id":"node/619930419","properties":{"bus":"yes","highway":"bus_stop","name":"Europaweg","public_transport":"platform","ref:IFOPT":"NL:Q:65310380","shelter":"yes","zone":"6531","id":"node/619930419"},"geometry":{"type":"Point","coordinates":[5.6475539,51.4783696]}},{"type":"Feature","id":"node/619930421","properties":{"bus":"yes","highway":"bus_stop","name":"Europaweg","public_transport":"platform","ref:IFOPT":"NL:Q:65310390","zone":"6531","id":"node/619930421"},"geometry":{"type":"Point","coordinates":[5.6485147,51.4785555]}},{"type":"Feature","id":"node/620490533","properties":{"bench":"no","bin":"no","bus":"yes","departures_board":"timetable","highway":"bus_stop","name":"Noordende","public_transport":"platform","ref:IFOPT":"NL:Q:65310770","shelter":"no","zone":"6531","id":"node/620490533"},"geometry":{"type":"Point","coordinates":[5.6584184,51.4857039]}},{"type":"Feature","id":"node/620490534","properties":{"bench":"no","bin":"no","bus":"yes","departures_board":"timetable","highway":"bus_stop","name":"Helmondselaan","public_transport":"platform","ref:IFOPT":"NL:Q:65310750","shelter":"no","zone":"6531","id":"node/620490534"},"geometry":{"type":"Point","coordinates":[5.661486,51.4861794]}},{"type":"Feature","id":"node/620490535","properties":{"bench":"no","bin":"yes","bus":"yes","departures_board":"timetable","highway":"bus_stop","name":"Helmondselaan","note":"Deactivated bus stop","public_transport":"platform","ref:IFOPT":"NL:Q:65310740","shelter":"no","zone":"6531","id":"node/620490535"},"geometry":{"type":"Point","coordinates":[5.6615419,51.4865874]}},{"type":"Feature","id":"node/620490537","properties":{"bench":"yes","bin":"yes","bus":"yes","departures_board":"timetable","highway":"bus_stop","name":"Uiverlaan","public_transport":"platform","ref:IFOPT":"NL:Q:65310720","shelter":"yes","zone":"6531","id":"node/620490537"},"geometry":{"type":"Point","coordinates":[5.66419,51.48791]}},{"type":"Feature","id":"node/620490538","properties":{"bench":"no","bin":"yes","bus":"yes","departures_board":"timetable","highway":"bus_stop","name":"Uiverlaan","public_transport":"platform","ref:IFOPT":"NL:Q:65310730","shelter":"no","zone":"6531","id":"node/620490538"},"geometry":{"type":"Point","coordinates":[5.6654782,51.4882345]}},{"type":"Feature","id":"node/620490540","properties":{"bench":"no","bin":"no","bus":"yes","highway":"bus_stop","lit":"yes","name":"Vondellaan","public_transport":"platform","ref:IFOPT":"NL:Q:65310500","shelter":"no","tactile_paving":"no","zone":"6531","id":"node/620490540"},"geometry":{"type":"Point","coordinates":[5.6685093,51.4892388]}},{"type":"Feature","id":"node/620490541","properties":{"bench":"yes","bin":"yes","bus":"yes","departures_board":"timetable","highway":"bus_stop","name":"Ruusbroeclaan","public_transport":"platform","ref:IFOPT":"NL:Q:65310700","shelter":"yes","zone":"6531","id":"node/620490541"},"geometry":{"type":"Point","coordinates":[5.6659105,51.4913382]}},{"type":"Feature","id":"node/620490542","properties":{"bench":"yes","bin":"yes","bus":"yes","departures_board":"timetable","highway":"bus_stop","name":"Nachtegaallaan","public_transport":"platform","ref:IFOPT":"NL:Q:65310680","shelter":"yes","zone":"6531","id":"node/620490542"},"geometry":{"type":"Point","coordinates":[5.6660693,51.4935121]}},{"type":"Feature","id":"node/620490544","properties":{"bench":"yes","bin":"yes","bus":"yes","departures_board":"timetable","highway":"bus_stop","name":"Triangelpad","public_transport":"platform","ref:IFOPT":"NL:Q:65310660","shelter":"yes","zone":"6531","id":"node/620490544"},"geometry":{"type":"Point","coordinates":[5.6645444,51.4969078]}},{"type":"Feature","id":"node/620490546","properties":{"bench":"yes","bin":"yes","bus":"yes","departures_board":"timetable","highway":"bus_stop","name":"Openbare Basisschool","public_transport":"platform","ref:IFOPT":"NL:Q:65310640","shelter":"yes","zone":"6531","id":"node/620490546"},"geometry":{"type":"Point","coordinates":[5.6615193,51.4988015]}},{"type":"Feature","id":"node/620490547","properties":{"bench":"yes","bin":"yes","bus":"yes","departures_board":"yes","highway":"bus_stop","name":"Harmoniestraat","public_transport":"platform","ref:IFOPT":"NL:Q:65310620","shelter":"yes","zone":"6531","id":"node/620490547"},"geometry":{"type":"Point","coordinates":[5.6631093,51.5000503]}},{"type":"Feature","id":"node/620490549","properties":{"bench":"yes","bin":"yes","bus":"yes","departures_board":"yes","highway":"bus_stop","name":"Titaniastraat","public_transport":"platform","ref:IFOPT":"NL:Q:65310600","shelter":"yes","zone":"6531","id":"node/620490549"},"geometry":{"type":"Point","coordinates":[5.6680849,51.4998247]}},{"type":"Feature","id":"node/620490553","properties":{"bus":"yes","highway":"bus_stop","name":"Jupiterlaan","public_transport":"platform","ref:IFOPT":"NL:Q:65310560","zone":"6531","id":"node/620490553"},"geometry":{"type":"Point","coordinates":[5.6695832,51.4972531]}},{"type":"Feature","id":"node/620490554","properties":{"bench":"yes","bin":"yes","bus":"yes","departures_board":"timetable","highway":"bus_stop","lit":"yes","name":"Sterrenlaan","public_transport":"platform","ref:IFOPT":"NL:Q:65310580","shelter":"yes","zone":"6531","id":"node/620490554"},"geometry":{"type":"Point","coordinates":[5.6698667,51.4985721]}},{"type":"Feature","id":"node/620734232","properties":{"bench":"no","bus":"yes","highway":"bus_stop","name":"Varenschut","public_transport":"platform","ref:IFOPT":"NL:Q:65430420","shelter":"no","zone":"6543","id":"node/620734232"},"geometry":{"type":"Point","coordinates":[5.6913589,51.4572183]}},{"type":"Feature","id":"node/620734233","properties":{"bench":"no","bin":"no","bus":"yes","highway":"bus_stop","lit":"yes","name":"Varenschut","public_transport":"platform","ref:IFOPT":"NL:Q:65430410","shelter":"no","tactile_paving":"no","zone":"6543","id":"node/620734233"},"geometry":{"type":"Point","coordinates":[5.6913086,51.4580315]}},{"type":"Feature","id":"node/620734234","properties":{"bus":"yes","highway":"bus_stop","name":"Peeleik","public_transport":"platform","ref:IFOPT":"NL:Q:65430290","zone":"6543","id":"node/620734234"},"geometry":{"type":"Point","coordinates":[5.7012806,51.457007]}},{"type":"Feature","id":"node/620734235","properties":{"bus":"yes","highway":"bus_stop","name":"Hertelaan","public_transport":"platform","ref:IFOPT":"NL:Q:65430270","shelter":"yes","zone":"6543","id":"node/620734235"},"geometry":{"type":"Point","coordinates":[5.7070558,51.4589399]}},{"type":"Feature","id":"node/620734278","properties":{"bench":"no","bin":"yes","bus":"yes","highway":"bus_stop","lit":"yes","name":"Noorddijk","public_transport":"platform","ref:IFOPT":"NL:Q:65431390","shelter":"no","tactile_paving":"yes","zone":"6543","id":"node/620734278"},"geometry":{"type":"Point","coordinates":[5.6906609,51.4668454]}},{"type":"Feature","id":"node/620734280","properties":{"bus":"yes","highway":"bus_stop","name":"Begoniastraat","public_transport":"platform","ref:IFOPT":"NL:Q:65310940","zone":"6531","id":"node/620734280"},"geometry":{"type":"Point","coordinates":[5.6786316,51.4763315]}},{"type":"Feature","id":"node/620734288","properties":{"bus":"yes","highway":"bus_stop","name":"Azalealaan","public_transport":"platform","ref:IFOPT":"NL:Q:65310900","zone":"6531","id":"node/620734288"},"geometry":{"type":"Point","coordinates":[5.6718957,51.4774967]}},{"type":"Feature","id":"node/620734291","properties":{"bus":"yes","highway":"bus_stop","name":"Azalealaan","public_transport":"platform","ref:IFOPT":"NL:Q:65310890","zone":"6531","id":"node/620734291"},"geometry":{"type":"Point","coordinates":[5.671956,51.47739]}},{"type":"Feature","id":"node/620734294","properties":{"bus":"yes","highway":"bus_stop","name":"Trompstraat","public_transport":"platform","ref:IFOPT":"NL:Q:65310960","shelter":"yes","zone":"6531","id":"node/620734294"},"geometry":{"type":"Point","coordinates":[5.6822572,51.4753191]}},{"type":"Feature","id":"node/620734299","properties":{"bus":"yes","highway":"bus_stop","name":"Van Speijklaan","public_transport":"platform","ref:IFOPT":"NL:Q:65310980","shelter":"yes","zone":"6531","id":"node/620734299"},"geometry":{"type":"Point","coordinates":[5.686836,51.4747093]}},{"type":"Feature","id":"node/620734301","properties":{"bus":"yes","highway":"bus_stop","name":"De Lier","public_transport":"platform","ref:IFOPT":"NL:Q:65311000","shelter":"yes","zone":"6531","id":"node/620734301"},"geometry":{"type":"Point","coordinates":[5.6835363,51.4775531]}},{"type":"Feature","id":"node/620734304","properties":{"bus":"yes","highway":"bus_stop","name":"Straakvense Bosdijk","public_transport":"platform","ref:IFOPT":"NL:Q:65311020","shelter":"yes","zone":"6531","id":"node/620734304"},"geometry":{"type":"Point","coordinates":[5.6826286,51.4793684]}},{"type":"Feature","id":"node/620734313","properties":{"bus":"yes","highway":"bus_stop","name":"Sportterrein Swift","note":"Halte wordt onderdeel van Bus 53 vanaf 1-1-2021.","public_transport":"platform","ref:IFOPT":"NL:Q:65311850","shelter":"yes","zone":"6531","id":"node/620734313"},"geometry":{"type":"Point","coordinates":[5.6863216,51.4768154]}},{"type":"Feature","id":"node/620734316","properties":{"bus":"yes","highway":"bus_stop","name":"Rijtse Hoeve","public_transport":"platform","ref:IFOPT":"NL:Q:65430310","shelter":"yes","zone":"6543","id":"node/620734316"},"geometry":{"type":"Point","coordinates":[5.696848,51.4600851]}},{"type":"Feature","id":"node/620734318","properties":{"bus":"yes","highway":"bus_stop","name":"Rivierensingel","public_transport":"platform","ref:IFOPT":"NL:Q:65430330","zone":"6543","id":"node/620734318"},"geometry":{"type":"Point","coordinates":[5.6972897,51.4632103]}},{"type":"Feature","id":"node/620734320","properties":{"bus":"yes","highway":"bus_stop","name":"Hunzestraat","public_transport":"platform","ref:IFOPT":"NL:Q:65430350","zone":"6543","id":"node/620734320"},"geometry":{"type":"Point","coordinates":[5.6977423,51.4677621]}},{"type":"Feature","id":"node/620734326","properties":{"bus":"yes","highway":"bus_stop","name":"Hunzestraat","public_transport":"platform","ref:IFOPT":"NL:Q:65430360","zone":"6543","id":"node/620734326"},"geometry":{"type":"Point","coordinates":[5.6974477,51.4677668]}},{"type":"Feature","id":"node/620734331","properties":{"bus":"yes","highway":"bus_stop","lit":"yes","name":"Molenbeek","public_transport":"platform","ref:IFOPT":"NL:Q:65430240","shelter":"yes","zone":"6543","id":"node/620734331"},"geometry":{"type":"Point","coordinates":[5.7074884,51.4683998]}},{"type":"Feature","id":"node/620734335","properties":{"bus":"yes","highway":"bus_stop","name":"Sallandhof","public_transport":"platform","ref:IFOPT":"NL:Q:65430140","zone":"6543","id":"node/620734335"},"geometry":{"type":"Point","coordinates":[5.6967675,51.4798383]}},{"type":"Feature","id":"node/620734342","properties":{"bus":"yes","highway":"bus_stop","name":"Sallandhof","public_transport":"platform","ref:IFOPT":"NL:Q:65430130","zone":"6543","id":"node/620734342"},"geometry":{"type":"Point","coordinates":[5.6977495,51.4799636]}},{"type":"Feature","id":"node/620734345","properties":{"bus":"yes","highway":"bus_stop","lit":"yes","name":"Weg door Rijpel","public_transport":"platform","ref:IFOPT":"NL:Q:65430190","shelter":"yes","zone":"6543","id":"node/620734345"},"geometry":{"type":"Point","coordinates":[5.7058961,51.4725509]}},{"type":"Feature","id":"node/620734349","properties":{"bus":"yes","highway":"bus_stop","lit":"yes","name":"Weg door Rijpel","public_transport":"platform","ref:IFOPT":"NL:Q:65430200","zone":"6543","id":"node/620734349"},"geometry":{"type":"Point","coordinates":[5.7062023,51.4725528]}},{"type":"Feature","id":"node/620734353","properties":{"bus":"yes","highway":"bus_stop","name":"Hollandhof","public_transport":"platform","ref:IFOPT":"NL:Q:65430170","zone":"6543","id":"node/620734353"},"geometry":{"type":"Point","coordinates":[5.7095553,51.4748127]}},{"type":"Feature","id":"node/620734360","properties":{"bus":"yes","highway":"bus_stop","name":"Hollandhof","public_transport":"platform","ref:IFOPT":"NL:Q:65430180","zone":"6543","id":"node/620734360"},"geometry":{"type":"Point","coordinates":[5.7098966,51.4755336]}},{"type":"Feature","id":"node/620734373","properties":{"bus":"yes","name":"Helmond, Fokkerlaan","public_transport":"stop_position","zone":"6531","id":"node/620734373"},"geometry":{"type":"Point","coordinates":[5.6844952,51.4830748]}},{"type":"Feature","id":"node/620734375","properties":{"bench":"no","bin":"no","bus":"yes","departures_board":"timetable","highway":"bus_stop","name":"Nieuwveld","public_transport":"platform","ref:IFOPT":"NL:Q:65311810","shelter":"no","zone":"6531","id":"node/620734375"},"geometry":{"type":"Point","coordinates":[5.6692851,51.4941114]}},{"type":"Feature","id":"node/620784890","properties":{"bus":"yes","highway":"bus_stop","name":"Walvisstraat","public_transport":"platform","ref:IFOPT":"NL:Q:65311580","zone":"6531","id":"node/620784890"},"geometry":{"type":"Point","coordinates":[5.6385639,51.4615375]}},{"type":"Feature","id":"node/620784891","properties":{"bus":"yes","highway":"bus_stop","name":"Walvisstraat","public_transport":"platform","ref:IFOPT":"NL:Q:65311570","zone":"6531","id":"node/620784891"},"geometry":{"type":"Point","coordinates":[5.6402735,51.4616099]}},{"type":"Feature","id":"way/620822548","properties":{"amenity":"parking","id":"way/620822548"},"geometry":{"type":"Point","coordinates":[5.6417457,51.4837558]}},{"type":"Feature","id":"way/620825289","properties":{"leisure":"pitch","sport":"tennis","surface":"gravel","id":"way/620825289"},"geometry":{"type":"Point","coordinates":[5.6448657,51.4877885]}},{"type":"Feature","id":"way/620825290","properties":{"leisure":"pitch","lit":"yes","sport":"tennis","surface":"gravel","id":"way/620825290"},"geometry":{"type":"Point","coordinates":[5.6448653,51.487514]}},{"type":"Feature","id":"way/620827984","properties":{"amenity":"school","name:signed":"no","id":"way/620827984"},"geometry":{"type":"Point","coordinates":[5.6095023,51.4587044]}},{"type":"Feature","id":"way/620828488","properties":{"addr:city":"Helmond","addr:housenumber":"67","addr:postcode":"5706KH","addr:street":"Schutsboom","amenity":"school","education":"school","email":"info@devendelier.nl","isced:level":"0;1","landuse":"education","name":"De Vendelier","official_name":"Kindcentrum De Vendelier","operator":"QliQ","operator:website":"https://qliqprimair.nl","operator:wikidata":"Q121765299","phone":"+31 492 520 434","school":"primary","website":"https://devendelier.nl","wikidata":"Q22754051","id":"way/620828488"},"geometry":{"type":"Point","coordinates":[5.6220212,51.4614176]}},{"type":"Feature","id":"node/620959169","properties":{"bus":"yes","highway":"bus_stop","name":"Sportcentrum De Braak","public_transport":"platform","ref:IFOPT":"NL:Q:65310490","zone":"6531","id":"node/620959169"},"geometry":{"type":"Point","coordinates":[5.674124,51.4874171]}},{"type":"Feature","id":"node/620959172","properties":{"bus":"yes","highway":"bus_stop","name":"Sportcentrum De Braak","public_transport":"platform","ref:IFOPT":"NL:Q:65310480","zone":"6531","id":"node/620959172"},"geometry":{"type":"Point","coordinates":[5.6753971,51.487775]}},{"type":"Feature","id":"node/620959175","properties":{"bench":"yes","bin":"yes","bus":"yes","highway":"bus_stop","name":"Coendersberglaan","public_transport":"platform","ref:IFOPT":"NL:Q:65411080","shelter":"yes","tactile_paving":"yes","zone":"6541","id":"node/620959175"},"geometry":{"type":"Point","coordinates":[5.6961249,51.4880106]}},{"type":"Feature","id":"node/620959177","properties":{"bench":"no","bin":"yes","bus":"yes","highway":"bus_stop","name":"Coendersberglaan","public_transport":"platform","ref:IFOPT":"NL:Q:65411070","shelter":"no","tactile_paving":"yes","zone":"6541","id":"node/620959177"},"geometry":{"type":"Point","coordinates":[5.6992473,51.4879416]}},{"type":"Feature","id":"way/623762938","properties":{"amenity":"parking","parking":"surface","id":"way/623762938"},"geometry":{"type":"Point","coordinates":[5.649071,51.481273]}},{"type":"Feature","id":"node/624279469","properties":{"addr:city":"Helmond","addr:country":"NL","addr:housenumber":"29","addr:postcode":"5708ZD","addr:street":"Biezenlaan","amenity":"pub","check_date:opening_hours":"2026-02-23","name":"Wijkhuis 't Brandpunt","opening_hours":"Mo-Fr 10:00-00:30, Sa,Su 09:00-12:30","id":"node/624279469"},"geometry":{"type":"Point","coordinates":[5.6102853,51.4587549]}},{"type":"Feature","id":"way/642528942","properties":{"amenity":"parking","orientation":"perpendicular","parking":"street_side","id":"way/642528942"},"geometry":{"type":"Point","coordinates":[5.6478414,51.4792563]}},{"type":"Feature","id":"way/660945240","properties":{"access":"private","amenity":"parking","fee":"no","parking":"surface","supervised":"yes","surface":"paved","id":"way/660945240"},"geometry":{"type":"Point","coordinates":[5.6523575,51.4786457]}},{"type":"Feature","id":"way/660945241","properties":{"access":"permit","amenity":"parking","parking":"surface","id":"way/660945241"},"geometry":{"type":"Point","coordinates":[5.6526255,51.4785176]}},{"type":"Feature","id":"way/660945242","properties":{"access":"private","amenity":"parking","parking":"surface","id":"way/660945242"},"geometry":{"type":"Point","coordinates":[5.6528088,51.4785893]}},{"type":"Feature","id":"way/660946769","properties":{"amenity":"parking","id":"way/660946769"},"geometry":{"type":"Point","coordinates":[5.6360717,51.4752303]}},{"type":"Feature","id":"way/660946771","properties":{"amenity":"parking","id":"way/660946771"},"geometry":{"type":"Point","coordinates":[5.6358454,51.4749125]}},{"type":"Feature","id":"way/661595071","properties":{"leisure":"pitch","sport":"soccer","id":"way/661595071"},"geometry":{"type":"Point","coordinates":[5.6471358,51.4732279]}},{"type":"Feature","id":"way/661595091","properties":{"leisure":"playground","surface":"sand","id":"way/661595091"},"geometry":{"type":"Point","coordinates":[5.6467228,51.4733229]}},{"type":"Feature","id":"way/661595092","properties":{"leisure":"playground","id":"way/661595092"},"geometry":{"type":"Point","coordinates":[5.646299,51.4734964]}},{"type":"Feature","id":"way/661595093","properties":{"leisure":"playground","id":"way/661595093"},"geometry":{"type":"Point","coordinates":[5.6465667,51.4734557]}},{"type":"Feature","id":"way/661595094","properties":{"leisure":"park","name":"Markiesveld","id":"way/661595094"},"geometry":{"type":"Point","coordinates":[5.6466716,51.4733712]}},{"type":"Feature","id":"way/661598544","properties":{"leisure":"playground","id":"way/661598544"},"geometry":{"type":"Point","coordinates":[5.6424775,51.4753012]}},{"type":"Feature","id":"way/661599769","properties":{"access":"customers","amenity":"parking","fee":"no","parking":"surface","id":"way/661599769"},"geometry":{"type":"Point","coordinates":[5.6460131,51.4757919]}},{"type":"Feature","id":"way/663861533","properties":{"leisure":"pitch","lit":"yes","seamark:restricted_area:category":"swimming;canoeing","seamark:restricted_area:restriction":"no_entry","seamark:type":"restricted_area","sport":"canoe","id":"way/663861533"},"geometry":{"type":"Point","coordinates":[5.6657572,51.4637641]}},{"type":"Feature","id":"way/664582492","properties":{"leisure":"playground","surface":"sand","id":"way/664582492"},"geometry":{"type":"Point","coordinates":[5.6650655,51.4732948]}},{"type":"Feature","id":"way/664582494","properties":{"leisure":"playground","surface":"sand","id":"way/664582494"},"geometry":{"type":"Point","coordinates":[5.6650552,51.4734804]}},{"type":"Feature","id":"way/664582496","properties":{"leisure":"pitch","sport":"soccer","surface":"grass","id":"way/664582496"},"geometry":{"type":"Point","coordinates":[5.6649415,51.4728491]}},{"type":"Feature","id":"way/664583788","properties":{"access":"yes","amenity":"parking","fee":"no","id":"way/664583788"},"geometry":{"type":"Point","coordinates":[5.6650305,51.4716667]}},{"type":"Feature","id":"way/664583789","properties":{"amenity":"parking","id":"way/664583789"},"geometry":{"type":"Point","coordinates":[5.6683017,51.4723904]}},{"type":"Feature","id":"way/677842599","properties":{"access":"yes","leisure":"playground","id":"way/677842599"},"geometry":{"type":"Point","coordinates":[5.6081393,51.4546732]}},{"type":"Feature","id":"way/677842604","properties":{"access":"private","leisure":"swimming_pool","id":"way/677842604"},"geometry":{"type":"Point","coordinates":[5.612986,51.4523839]}},{"type":"Feature","id":"way/677842605","properties":{"access":"private","leisure":"swimming_pool","id":"way/677842605"},"geometry":{"type":"Point","coordinates":[5.6130223,51.4522981]}},{"type":"Feature","id":"way/679308245","properties":{"addr:city":"Helmond","addr:housenumber":"30-45","addr:postcode":"5708JZ","addr:street":"Automotive Campus","amenity":"university","education":"university","isced:level":"5;6","landuse":"education","name":"Fontys Hogeschool Automotive Campus","operator":"Fontys","operator:wikidata":"Q1435898","website":"https://www.fontys.nl","id":"way/679308245"},"geometry":{"type":"Point","coordinates":[5.6229782,51.4747938]}},{"type":"Feature","id":"way/679308247","properties":{"addr:city":"Helmond","addr:housenumber":"50","addr:postcode":"5708JZ","addr:street":"Automotive Campus","amenity":"college","education":"college","isced:level":"3","landuse":"education","name":"Summa Automotive","operator":"Summa","operator:website":"https://summa-onderwijs.nl","operator:wikidata":"Q2451989","website":"https://summa-onderwijs.nl/scholen/summa-automotive/","id":"way/679308247"},"geometry":{"type":"Point","coordinates":[5.6221272,51.4746776]}},{"type":"Feature","id":"way/682303471","properties":{"leisure":"park","id":"way/682303471"},"geometry":{"type":"Point","coordinates":[5.6011309,51.4567617]}},{"type":"Feature","id":"way/682904589","properties":{"access":"private","amenity":"parking","id":"way/682904589"},"geometry":{"type":"Point","coordinates":[5.6653032,51.4829752]}},{"type":"Feature","id":"way/682904592","properties":{"access":"yes","amenity":"parking","fee":"no","parking":"surface","id":"way/682904592"},"geometry":{"type":"Point","coordinates":[5.6644707,51.4834822]}},{"type":"Feature","id":"way/682904613","properties":{"amenity":"parking","id":"way/682904613"},"geometry":{"type":"Point","coordinates":[5.663785,51.4830328]}},{"type":"Feature","id":"way/682906474","properties":{"leisure":"playground","id":"way/682906474"},"geometry":{"type":"Point","coordinates":[5.6628505,51.4797825]}},{"type":"Feature","id":"way/682906478","properties":{"access":"private","amenity":"parking","id":"way/682906478"},"geometry":{"type":"Point","coordinates":[5.6608875,51.4799122]}},{"type":"Feature","id":"way/682907328","properties":{"access":"private","amenity":"parking","id":"way/682907328"},"geometry":{"type":"Point","coordinates":[5.6668405,51.4792311]}},{"type":"Feature","id":"way/682910288","properties":{"leisure":"park","name":"Hertogsveld","id":"way/682910288"},"geometry":{"type":"Point","coordinates":[5.6076117,51.4592346]}},{"type":"Feature","id":"way/683806452","properties":{"access":"yes","leisure":"playground","name":"Raboveldje","id":"way/683806452"},"geometry":{"type":"Point","coordinates":[5.6046779,51.4581661]}},{"type":"Feature","id":"way/689359767","properties":{"amenity":"parking","parking":"surface","surface":"gravel","id":"way/689359767"},"geometry":{"type":"Point","coordinates":[5.6029761,51.4838836]}},{"type":"Feature","id":"way/692546314","properties":{"leisure":"sports_centre","name":"Sportpark Het Molenven","id":"way/692546314"},"geometry":{"type":"Point","coordinates":[5.6027409,51.4826555]}},{"type":"Feature","id":"way/692546315","properties":{"leisure":"pitch","sport":"soccer","id":"way/692546315"},"geometry":{"type":"Point","coordinates":[5.6027803,51.4825003]}},{"type":"Feature","id":"way/698318287","properties":{"addr:city":"Helmond","addr:housenumber":"197","addr:postcode":"5704LD","addr:street":"Maaslaan","amenity":"school","denomination":"roman_catholic","education":"school","email":"info@devlier.nl","isced:level":"0;1","landuse":"education","name":"De Vlier","official_name":"Kindcentrum De Vlier","old_name":"Rooms-katholieke Basisschool De Vlier","operator":"QliQ","operator:website":"https://qliqprimair.nl","operator:wikidata":"Q121765299","phone":"+31 492 513 452","religion":"christian","school":"primary","website":"https://devlier.nl","wikidata":"Q22754040","id":"way/698318287"},"geometry":{"type":"Point","coordinates":[5.7041797,51.4660139]}},{"type":"Feature","id":"way/698319232","properties":{"amenity":"school","education":"school","landuse":"education","name":"Brede School Helmond Noord","id":"way/698319232"},"geometry":{"type":"Point","coordinates":[5.6700257,51.493704]}},{"type":"Feature","id":"way/698319233","properties":{"addr:city":"Helmond","addr:housenumber":"59","addr:postcode":"5702HW","addr:street":"Nieuwveld","amenity":"college","description":"Zorg & Welzijn","education":"college","email":"info@ter-aa.nl","isced:level":"3;4","landuse":"education","name":"Ter AA","old_name":"ROC ter AA","phone":"+31 492 507 900","school":"tertiary","website":"https://ter-aa.nl","wikidata":"Q2718667","wikipedia":"nl:ROC Ter AA","id":"way/698319233"},"geometry":{"type":"Point","coordinates":[5.6691104,51.4937493]}},{"type":"Feature","id":"way/698319234","properties":{"amenity":"parking","fee":"no","parking":"surface","surface":"paving_stones","id":"way/698319234"},"geometry":{"type":"Point","coordinates":[5.6698505,51.4932831]}},{"type":"Feature","id":"way/699671805","properties":{"amenity":"parking","id":"way/699671805"},"geometry":{"type":"Point","coordinates":[5.6397211,51.4635016]}},{"type":"Feature","id":"way/699672314","properties":{"amenity":"parking","id":"way/699672314"},"geometry":{"type":"Point","coordinates":[5.677601,51.4660703]}},{"type":"Feature","id":"way/699672315","properties":{"amenity":"parking","id":"way/699672315"},"geometry":{"type":"Point","coordinates":[5.67707,51.4660758]}},{"type":"Feature","id":"way/699672316","properties":{"amenity":"parking","id":"way/699672316"},"geometry":{"type":"Point","coordinates":[5.6783034,51.4664567]}},{"type":"Feature","id":"way/699672317","properties":{"amenity":"parking","id":"way/699672317"},"geometry":{"type":"Point","coordinates":[5.6782215,51.4664712]}},{"type":"Feature","id":"way/700726273","properties":{"leisure":"sports_centre","name":"Sportpark Houtsdonk","operator":"Helmondse Voetbalvereniging","id":"way/700726273"},"geometry":{"type":"Point","coordinates":[5.6517779,51.4702688]}},{"type":"Feature","id":"way/700726274","properties":{"leisure":"sports_centre","name":"Sportpark de Beemd","operator":"RKSV Mierlo-Hout","id":"way/700726274"},"geometry":{"type":"Point","coordinates":[5.6412808,51.4632644]}},{"type":"Feature","id":"way/700726726","properties":{"leisure":"sports_centre","name":"Sportpark de Braak","id":"way/700726726"},"geometry":{"type":"Point","coordinates":[5.6781529,51.4867935]}},{"type":"Feature","id":"way/701104827","properties":{"leisure":"park","name":"Hortensiapark","id":"way/701104827"},"geometry":{"type":"Point","coordinates":[5.6775251,51.4804503]}},{"type":"Feature","id":"way/702305423","properties":{"access":"permit","amenity":"parking","capacity":"32","parking":"surface","id":"way/702305423"},"geometry":{"type":"Point","coordinates":[5.6544982,51.4811064]}},{"type":"Feature","id":"way/702320662","properties":{"amenity":"school","name":"Basisschool Den Dongerd","id":"way/702320662"},"geometry":{"type":"Point","coordinates":[5.6973901,51.4765765]}},{"type":"Feature","id":"way/702320663","properties":{"addr:city":"Helmond","addr:housenumber":"200","addr:postcode":"5709KG","addr:street":"Twentehof","amenity":"school","branch":"De Straap","education":"school","email":"destraap@obsh.nl","isced:level":"0;1","landuse":"education","name":"Kindcentrum Rijpelberg","old_name":"Basisschool de Straap","operator":"Stichting Openbare Basisscholen Helmond","operator:website":"https://www.obsh.nl","operator:wikidata":"Q121765222","phone":"+31 492 556 313","school":"primary","website":"https://kcrijpelberg.nl","wikidata":"Q22754442","id":"way/702320663"},"geometry":{"type":"Point","coordinates":[5.7000234,51.4771499]}},{"type":"Feature","id":"way/708292471","properties":{"amenity":"parking","id":"way/708292471"},"geometry":{"type":"Point","coordinates":[5.6602484,51.4718056]}},{"type":"Feature","id":"way/708292472","properties":{"amenity":"parking","id":"way/708292472"},"geometry":{"type":"Point","coordinates":[5.659598,51.4716773]}},{"type":"Feature","id":"way/708294118","properties":{"amenity":"parking","id":"way/708294118"},"geometry":{"type":"Point","coordinates":[5.660427,51.470888]}},{"type":"Feature","id":"way/709153429","properties":{"amenity":"parking","id":"way/709153429"},"geometry":{"type":"Point","coordinates":[5.6596534,51.4735842]}},{"type":"Feature","id":"way/709153430","properties":{"amenity":"parking","id":"way/709153430"},"geometry":{"type":"Point","coordinates":[5.6594812,51.4735854]}},{"type":"Feature","id":"way/722952517","properties":{"leisure":"pitch","sport":"basketball","surface":"asphalt","id":"way/722952517"},"geometry":{"type":"Point","coordinates":[5.6723498,51.4986368]}},{"type":"Feature","id":"way/723043956","properties":{"access":"private","leisure":"swimming_pool","id":"way/723043956"},"geometry":{"type":"Point","coordinates":[5.6476123,51.4918188]}},{"type":"Feature","id":"way/723043957","properties":{"access":"private","leisure":"swimming_pool","id":"way/723043957"},"geometry":{"type":"Point","coordinates":[5.6473353,51.4908501]}},{"type":"Feature","id":"way/723043958","properties":{"access":"private","leisure":"swimming_pool","id":"way/723043958"},"geometry":{"type":"Point","coordinates":[5.6475245,51.4903863]}},{"type":"Feature","id":"way/723043959","properties":{"access":"private","leisure":"swimming_pool","id":"way/723043959"},"geometry":{"type":"Point","coordinates":[5.6467775,51.4904122]}},{"type":"Feature","id":"way/723043960","properties":{"access":"private","leisure":"swimming_pool","id":"way/723043960"},"geometry":{"type":"Point","coordinates":[5.6474437,51.4911495]}},{"type":"Feature","id":"way/723043961","properties":{"access":"private","leisure":"swimming_pool","id":"way/723043961"},"geometry":{"type":"Point","coordinates":[5.6464469,51.4912585]}},{"type":"Feature","id":"way/723043962","properties":{"access":"private","leisure":"swimming_pool","id":"way/723043962"},"geometry":{"type":"Point","coordinates":[5.6463021,51.4912422]}},{"type":"Feature","id":"way/723043963","properties":{"access":"private","leisure":"swimming_pool","id":"way/723043963"},"geometry":{"type":"Point","coordinates":[5.6406469,51.4921916]}},{"type":"Feature","id":"way/723043964","properties":{"access":"private","leisure":"swimming_pool","id":"way/723043964"},"geometry":{"type":"Point","coordinates":[5.6386511,51.4922091]}},{"type":"Feature","id":"way/723043965","properties":{"access":"private","leisure":"swimming_pool","id":"way/723043965"},"geometry":{"type":"Point","coordinates":[5.6396605,51.4923487]}},{"type":"Feature","id":"way/723043966","properties":{"access":"private","leisure":"swimming_pool","id":"way/723043966"},"geometry":{"type":"Point","coordinates":[5.6415297,51.4902888]}},{"type":"Feature","id":"way/723043967","properties":{"access":"private","leisure":"swimming_pool","id":"way/723043967"},"geometry":{"type":"Point","coordinates":[5.6424931,51.4908214]}},{"type":"Feature","id":"way/723043968","properties":{"access":"private","leisure":"swimming_pool","id":"way/723043968"},"geometry":{"type":"Point","coordinates":[5.645255,51.4914093]}},{"type":"Feature","id":"way/723043969","properties":{"access":"private","leisure":"swimming_pool","id":"way/723043969"},"geometry":{"type":"Point","coordinates":[5.6451826,51.4907039]}},{"type":"Feature","id":"way/723123197","properties":{"access":"private","leisure":"swimming_pool","id":"way/723123197"},"geometry":{"type":"Point","coordinates":[5.6334674,51.4640564]}},{"type":"Feature","id":"way/723227807","properties":{"access":"private","leisure":"swimming_pool","id":"way/723227807"},"geometry":{"type":"Point","coordinates":[5.6219885,51.4664823]}},{"type":"Feature","id":"way/723531162","properties":{"leisure":"pitch","sport":"basketball","id":"way/723531162"},"geometry":{"type":"Point","coordinates":[5.7005395,51.4685813]}},{"type":"Feature","id":"way/727312881","properties":{"access":"private","leisure":"swimming_pool","id":"way/727312881"},"geometry":{"type":"Point","coordinates":[5.6481393,51.4760253]}},{"type":"Feature","id":"way/733632680","properties":{"amenity":"taxi","id":"way/733632680"},"geometry":{"type":"Point","coordinates":[5.6419866,51.4815672]}},{"type":"Feature","id":"way/739523988","properties":{"access":"private","amenity":"parking","id":"way/739523988"},"geometry":{"type":"Point","coordinates":[5.659866,51.4703882]}},{"type":"Feature","id":"way/740793128","properties":{"access":"customers","amenity":"parking","fee":"no","parking":"surface","id":"way/740793128"},"geometry":{"type":"Point","coordinates":[5.6453187,51.4764003]}},{"type":"Feature","id":"way/740793129","properties":{"access":"private","amenity":"parking","parking":"surface","id":"way/740793129"},"geometry":{"type":"Point","coordinates":[5.6458162,51.4765005]}},{"type":"Feature","id":"way/740793130","properties":{"leisure":"garden","id":"way/740793130"},"geometry":{"type":"Point","coordinates":[5.6458473,51.476456]}},{"type":"Feature","id":"way/748820035","properties":{"access":"private","amenity":"parking","id":"way/748820035"},"geometry":{"type":"Point","coordinates":[5.6432991,51.4830015]}},{"type":"Feature","id":"node/754247847","properties":{"name":"Lets Ruilwinkel","shop":"convenience","id":"node/754247847"},"geometry":{"type":"Point","coordinates":[5.6689672,51.4893157]}},{"type":"Feature","id":"node/754247851","properties":{"name":"Telefoonwinkel","shop":"mobile_phone","id":"node/754247851"},"geometry":{"type":"Point","coordinates":[5.6598926,51.478741]}},{"type":"Feature","id":"way/760632194","properties":{"amenity":"parking","parking":"surface","id":"way/760632194"},"geometry":{"type":"Point","coordinates":[5.656653,51.4761764]}},{"type":"Feature","id":"way/760632195","properties":{"amenity":"parking","parking":"street_side","id":"way/760632195"},"geometry":{"type":"Point","coordinates":[5.6571521,51.4771389]}},{"type":"Feature","id":"way/760632196","properties":{"amenity":"parking","parking":"street_side","id":"way/760632196"},"geometry":{"type":"Point","coordinates":[5.6566759,51.4767831]}},{"type":"Feature","id":"way/767411551","properties":{"amenity":"parking","name":"Berkendonk","id":"way/767411551"},"geometry":{"type":"Point","coordinates":[5.7221168,51.4726107]}},{"type":"Feature","id":"way/771065772","properties":{"amenity":"parking","parking":"surface","id":"way/771065772"},"geometry":{"type":"Point","coordinates":[5.7034525,51.4704871]}},{"type":"Feature","id":"way/771065775","properties":{"access":"private","amenity":"parking","capacity":"145","fee":"no","name":"De Kempel","operator":"Pedagogische Hogeschool De Kempel","parking":"surface","supervised":"no","surface":"paving_stones","id":"way/771065775"},"geometry":{"type":"Point","coordinates":[5.7107239,51.4697728]}},{"type":"Feature","id":"way/771065779","properties":{"access":"customers","amenity":"parking","fee":"no","parking":"surface","id":"way/771065779"},"geometry":{"type":"Point","coordinates":[5.7099013,51.4695233]}},{"type":"Feature","id":"way/771065783","properties":{"amenity":"parking","parking":"surface","id":"way/771065783"},"geometry":{"type":"Point","coordinates":[5.7000945,51.4712087]}},{"type":"Feature","id":"way/771065813","properties":{"access":"customers","amenity":"parking","fee":"no","parking":"surface","id":"way/771065813"},"geometry":{"type":"Point","coordinates":[5.7050713,51.471231]}},{"type":"Feature","id":"way/797513879","properties":{"access":"private","leisure":"swimming_pool","id":"way/797513879"},"geometry":{"type":"Point","coordinates":[5.6432709,51.4902261]}},{"type":"Feature","id":"way/797513880","properties":{"access":"private","leisure":"swimming_pool","id":"way/797513880"},"geometry":{"type":"Point","coordinates":[5.6431244,51.4902971]}},{"type":"Feature","id":"way/797513881","properties":{"access":"private","leisure":"swimming_pool","id":"way/797513881"},"geometry":{"type":"Point","coordinates":[5.6422821,51.4898757]}},{"type":"Feature","id":"way/797513882","properties":{"access":"private","leisure":"swimming_pool","id":"way/797513882"},"geometry":{"type":"Point","coordinates":[5.6401052,51.4898965]}},{"type":"Feature","id":"way/797513883","properties":{"access":"private","leisure":"swimming_pool","id":"way/797513883"},"geometry":{"type":"Point","coordinates":[5.6402033,51.4895364]}},{"type":"Feature","id":"way/797513884","properties":{"access":"private","leisure":"swimming_pool","id":"way/797513884"},"geometry":{"type":"Point","coordinates":[5.6410154,51.4890879]}},{"type":"Feature","id":"way/797513885","properties":{"access":"private","leisure":"swimming_pool","id":"way/797513885"},"geometry":{"type":"Point","coordinates":[5.6393157,51.4885157]}},{"type":"Feature","id":"way/797513886","properties":{"access":"private","leisure":"swimming_pool","id":"way/797513886"},"geometry":{"type":"Point","coordinates":[5.6405784,51.4884471]}},{"type":"Feature","id":"way/797513887","properties":{"access":"private","leisure":"swimming_pool","id":"way/797513887"},"geometry":{"type":"Point","coordinates":[5.6400958,51.48849]}},{"type":"Feature","id":"way/797513888","properties":{"access":"private","leisure":"swimming_pool","id":"way/797513888"},"geometry":{"type":"Point","coordinates":[5.6428315,51.4881805]}},{"type":"Feature","id":"way/797513889","properties":{"access":"private","leisure":"swimming_pool","id":"way/797513889"},"geometry":{"type":"Point","coordinates":[5.6421275,51.4881868]}},{"type":"Feature","id":"way/797513890","properties":{"access":"private","leisure":"swimming_pool","id":"way/797513890"},"geometry":{"type":"Point","coordinates":[5.6417073,51.4883094]}},{"type":"Feature","id":"way/797513891","properties":{"access":"private","leisure":"swimming_pool","id":"way/797513891"},"geometry":{"type":"Point","coordinates":[5.6424801,51.4876556]}},{"type":"Feature","id":"way/797513893","properties":{"access":"private","leisure":"swimming_pool","id":"way/797513893"},"geometry":{"type":"Point","coordinates":[5.6435866,51.492207]}},{"type":"Feature","id":"way/797513894","properties":{"access":"private","leisure":"swimming_pool","id":"way/797513894"},"geometry":{"type":"Point","coordinates":[5.6426621,51.4891733]}},{"type":"Feature","id":"way/797513895","properties":{"access":"private","leisure":"swimming_pool","id":"way/797513895"},"geometry":{"type":"Point","coordinates":[5.6430126,51.4891402]}},{"type":"Feature","id":"way/797513896","properties":{"access":"private","leisure":"swimming_pool","id":"way/797513896"},"geometry":{"type":"Point","coordinates":[5.644769,51.4855173]}},{"type":"Feature","id":"way/797513897","properties":{"access":"private","leisure":"swimming_pool","id":"way/797513897"},"geometry":{"type":"Point","coordinates":[5.6447112,51.4853185]}},{"type":"Feature","id":"way/797513898","properties":{"access":"private","leisure":"swimming_pool","id":"way/797513898"},"geometry":{"type":"Point","coordinates":[5.6447908,51.4849166]}},{"type":"Feature","id":"way/797513899","properties":{"access":"private","leisure":"swimming_pool","id":"way/797513899"},"geometry":{"type":"Point","coordinates":[5.6449257,51.484609]}},{"type":"Feature","id":"way/797513900","properties":{"access":"private","leisure":"swimming_pool","id":"way/797513900"},"geometry":{"type":"Point","coordinates":[5.6455425,51.4847842]}},{"type":"Feature","id":"way/797513901","properties":{"access":"private","leisure":"swimming_pool","id":"way/797513901"},"geometry":{"type":"Point","coordinates":[5.646268,51.4849835]}},{"type":"Feature","id":"way/797513902","properties":{"access":"private","leisure":"swimming_pool","id":"way/797513902"},"geometry":{"type":"Point","coordinates":[5.6452395,51.4847859]}},{"type":"Feature","id":"way/797513903","properties":{"access":"private","leisure":"swimming_pool","id":"way/797513903"},"geometry":{"type":"Point","coordinates":[5.6487697,51.4851892]}},{"type":"Feature","id":"way/797513904","properties":{"access":"private","leisure":"swimming_pool","id":"way/797513904"},"geometry":{"type":"Point","coordinates":[5.6502912,51.4848386]}},{"type":"Feature","id":"way/797513905","properties":{"access":"private","leisure":"swimming_pool","id":"way/797513905"},"geometry":{"type":"Point","coordinates":[5.6482596,51.4836548]}},{"type":"Feature","id":"way/797513906","properties":{"access":"private","leisure":"swimming_pool","id":"way/797513906"},"geometry":{"type":"Point","coordinates":[5.6476239,51.4835359]}},{"type":"Feature","id":"way/797513907","properties":{"access":"private","leisure":"swimming_pool","id":"way/797513907"},"geometry":{"type":"Point","coordinates":[5.6464787,51.4837838]}},{"type":"Feature","id":"way/797513908","properties":{"access":"private","leisure":"swimming_pool","id":"way/797513908"},"geometry":{"type":"Point","coordinates":[5.6456089,51.4836461]}},{"type":"Feature","id":"way/797513909","properties":{"access":"private","leisure":"swimming_pool","id":"way/797513909"},"geometry":{"type":"Point","coordinates":[5.645507,51.4833357]}},{"type":"Feature","id":"way/797513910","properties":{"access":"private","leisure":"swimming_pool","id":"way/797513910"},"geometry":{"type":"Point","coordinates":[5.6451067,51.4840057]}},{"type":"Feature","id":"way/797513911","properties":{"access":"private","leisure":"swimming_pool","id":"way/797513911"},"geometry":{"type":"Point","coordinates":[5.6448117,51.4836936]}},{"type":"Feature","id":"way/797513912","properties":{"access":"private","leisure":"swimming_pool","id":"way/797513912"},"geometry":{"type":"Point","coordinates":[5.6465805,51.4818534]}},{"type":"Feature","id":"way/797513913","properties":{"access":"private","leisure":"swimming_pool","id":"way/797513913"},"geometry":{"type":"Point","coordinates":[5.6433563,51.4840375]}},{"type":"Feature","id":"way/797513914","properties":{"access":"private","leisure":"swimming_pool","id":"way/797513914"},"geometry":{"type":"Point","coordinates":[5.6390537,51.4824204]}},{"type":"Feature","id":"way/797513915","properties":{"access":"private","leisure":"swimming_pool","id":"way/797513915"},"geometry":{"type":"Point","coordinates":[5.6391535,51.4823614]}},{"type":"Feature","id":"way/797513916","properties":{"access":"private","leisure":"swimming_pool","id":"way/797513916"},"geometry":{"type":"Point","coordinates":[5.6402726,51.4810416]}},{"type":"Feature","id":"way/797513917","properties":{"access":"private","leisure":"swimming_pool","id":"way/797513917"},"geometry":{"type":"Point","coordinates":[5.6373981,51.4805349]}},{"type":"Feature","id":"way/797513918","properties":{"access":"private","leisure":"swimming_pool","id":"way/797513918"},"geometry":{"type":"Point","coordinates":[5.6406798,51.4799646]}},{"type":"Feature","id":"way/797513919","properties":{"access":"private","leisure":"swimming_pool","id":"way/797513919"},"geometry":{"type":"Point","coordinates":[5.6430767,51.4797431]}},{"type":"Feature","id":"way/797513920","properties":{"access":"private","leisure":"swimming_pool","id":"way/797513920"},"geometry":{"type":"Point","coordinates":[5.6432718,51.4799476]}},{"type":"Feature","id":"way/797513921","properties":{"access":"private","leisure":"swimming_pool","id":"way/797513921"},"geometry":{"type":"Point","coordinates":[5.6453288,51.4800608]}},{"type":"Feature","id":"way/797513922","properties":{"access":"private","leisure":"swimming_pool","id":"way/797513922"},"geometry":{"type":"Point","coordinates":[5.644919,51.4801087]}},{"type":"Feature","id":"way/797513923","properties":{"access":"private","leisure":"swimming_pool","id":"way/797513923"},"geometry":{"type":"Point","coordinates":[5.641599,51.4783458]}},{"type":"Feature","id":"way/797513924","properties":{"access":"private","leisure":"swimming_pool","id":"way/797513924"},"geometry":{"type":"Point","coordinates":[5.6423315,51.4781232]}},{"type":"Feature","id":"way/797513925","properties":{"access":"private","leisure":"swimming_pool","id":"way/797513925"},"geometry":{"type":"Point","coordinates":[5.642235,51.4778594]}},{"type":"Feature","id":"way/797513926","properties":{"access":"private","leisure":"swimming_pool","id":"way/797513926"},"geometry":{"type":"Point","coordinates":[5.640085,51.4776406]}},{"type":"Feature","id":"way/797513927","properties":{"access":"private","leisure":"swimming_pool","id":"way/797513927"},"geometry":{"type":"Point","coordinates":[5.6367187,51.4780383]}},{"type":"Feature","id":"way/797513928","properties":{"access":"private","leisure":"swimming_pool","id":"way/797513928"},"geometry":{"type":"Point","coordinates":[5.635378,51.4812954]}},{"type":"Feature","id":"way/797513929","properties":{"access":"private","leisure":"swimming_pool","id":"way/797513929"},"geometry":{"type":"Point","coordinates":[5.6363925,51.4811706]}},{"type":"Feature","id":"way/797530670","properties":{"amenity":"parking","id":"way/797530670"},"geometry":{"type":"Point","coordinates":[5.643118,51.4826239]}},{"type":"Feature","id":"way/816174099","properties":{"leisure":"park","name":"Burgemeester Geukerspark","name:etymology:wikidata":"Q2338612","old_name":"Obragasterrein","wikidata":"Q124330272","id":"way/816174099"},"geometry":{"type":"Point","coordinates":[5.6534674,51.4809823]}},{"type":"Feature","id":"way/817648742","properties":{"addr:city":"Helmond","addr:housenumber":"65","addr:postcode":"5704GK","addr:street":"Dinkelstraat","amenity":"school","education":"school","email":"info@montessorischoolhelmond.nl","isced:level":"0;1","landuse":"education","name":"Montessorischool Helmond","operator":"MOZON","operator:website":"https://www.mozon.nl","operator:wikidata":"Q121872837","pedagogy":"montessori","phone":"+31 492 510 017","school":"primary","website":"https://www.montessorischoolhelmond.nl","wikidata":"Q22754366","id":"way/817648742"},"geometry":{"type":"Point","coordinates":[5.7008333,51.4698428]}},{"type":"Feature","id":"way/817871265","properties":{"leisure":"playground","name":"De Renne","id":"way/817871265"},"geometry":{"type":"Point","coordinates":[5.6488863,51.4746511]}},{"type":"Feature","id":"way/833119239","properties":{"amenity":"parking","id":"way/833119239"},"geometry":{"type":"Point","coordinates":[5.6956098,51.4671851]}},{"type":"Feature","id":"way/893341410","properties":{"leisure":"pitch","name":"Helmondse Modelvliegclub (HMVC)","sport":"model_aerodrome","website":"https://hmvc.eu","id":"way/893341410"},"geometry":{"type":"Point","coordinates":[5.6954845,51.4399523]}},{"type":"Feature","id":"way/914820640","properties":{"leisure":"pitch","sport":"tennis","id":"way/914820640"},"geometry":{"type":"Point","coordinates":[5.6292059,51.4623536]}},{"type":"Feature","id":"way/914820641","properties":{"leisure":"pitch","sport":"tennis","id":"way/914820641"},"geometry":{"type":"Point","coordinates":[5.6287986,51.4624307]}},{"type":"Feature","id":"way/914820642","properties":{"leisure":"pitch","sport":"tennis","id":"way/914820642"},"geometry":{"type":"Point","coordinates":[5.6286987,51.4623017]}},{"type":"Feature","id":"way/914820643","properties":{"leisure":"pitch","sport":"tennis","id":"way/914820643"},"geometry":{"type":"Point","coordinates":[5.6286017,51.4621746]}},{"type":"Feature","id":"way/914820644","properties":{"leisure":"pitch","sport":"tennis","id":"way/914820644"},"geometry":{"type":"Point","coordinates":[5.6293473,51.4619419]}},{"type":"Feature","id":"way/914820645","properties":{"leisure":"pitch","sport":"tennis","id":"way/914820645"},"geometry":{"type":"Point","coordinates":[5.6295528,51.4621994]}},{"type":"Feature","id":"way/914820646","properties":{"leisure":"pitch","sport":"tennis","id":"way/914820646"},"geometry":{"type":"Point","coordinates":[5.6294522,51.46207]}},{"type":"Feature","id":"way/914820647","properties":{"leisure":"pitch","sport":"tennis","id":"way/914820647"},"geometry":{"type":"Point","coordinates":[5.6292401,51.461656]}},{"type":"Feature","id":"way/914820648","properties":{"leisure":"pitch","sport":"tennis","id":"way/914820648"},"geometry":{"type":"Point","coordinates":[5.629031,51.46172]}},{"type":"Feature","id":"way/914820649","properties":{"leisure":"pitch","sport":"tennis","id":"way/914820649"},"geometry":{"type":"Point","coordinates":[5.6285112,51.4618837]}},{"type":"Feature","id":"way/914820650","properties":{"leisure":"pitch","sport":"tennis","id":"way/914820650"},"geometry":{"type":"Point","coordinates":[5.6283112,51.4619439]}},{"type":"Feature","id":"way/925876387","properties":{"access":"private","amenity":"parking","parking":"surface","id":"way/925876387"},"geometry":{"type":"Point","coordinates":[5.6074846,51.4582676]}},{"type":"Feature","id":"way/935180293","properties":{"access":"private","amenity":"parking","parking":"street_side","id":"way/935180293"},"geometry":{"type":"Point","coordinates":[5.6205342,51.4741966]}},{"type":"Feature","id":"way/935180295","properties":{"access":"private","amenity":"parking","parking":"street_side","id":"way/935180295"},"geometry":{"type":"Point","coordinates":[5.6199846,51.4741509]}},{"type":"Feature","id":"way/935180296","properties":{"amenity":"parking","parking":"street_side","id":"way/935180296"},"geometry":{"type":"Point","coordinates":[5.6240308,51.4739153]}},{"type":"Feature","id":"way/935180343","properties":{"access":"private","amenity":"parking","parking":"street_side","id":"way/935180343"},"geometry":{"type":"Point","coordinates":[5.6222687,51.4742103]}},{"type":"Feature","id":"node/984531164","properties":{"addr:city":"Helmond","addr:housenumber":"33","addr:postcode":"5701RJ","addr:street":"Markt","branch":"Helmond","brand":"ANWB","brand:website":"https://www.anwb.nl","brand:wikidata":"Q2646455","name":"ANWB winkel","opening_hours":"Mo 13:00-17:30; Tu-Th 10:00-17:30; Fr 10:00-20:00; Sa 10:00-17:00; Su[-1] 12:00-17:00","phone":"+31 88 269 3340","shop":"outdoor","source":"BAG","source:date":"2014-06-07","website":"https://www.anwb.nl/webwinkel/winkels/35/anwb-winkel-helmond","id":"node/984531164"},"geometry":{"type":"Point","coordinates":[5.6557518,51.4795686]}},{"type":"Feature","id":"node/984531204","properties":{"access":"yes","addr:city":"Helmond","addr:housenumber":"1","addr:postcode":"5707BX","addr:street":"Frans Joseph van Thielpark","amenity":"parking","fee":"yes","layer":"-1","name":"Boscotondo","parking":"underground","id":"node/984531204"},"geometry":{"type":"Point","coordinates":[5.6498139,51.4780591]}},{"type":"Feature","id":"node/984536095","properties":{"addr:city":"Helmond","addr:housenumber":"136","addr:postcode":"5701CG","addr:street":"Deurneseweg","amenity":"fuel","brand":"Shell Express","brand:wikidata":"Q2289188","brand:wikipedia":"nl:Shell Express","compressed_air":"yes","fuel:diesel":"yes","fuel:lpg":"yes","fuel:octane_95":"yes","fuel:octane_98":"yes","name":"Shell Express Helmond","opening_hours":"24/7","operator":"Shell","operator:wikidata":"Q110716465","phone:NL":"0900 2022710","website":"https://find.shell.com/nl/fuel/10030359-shell-express-helmond","id":"node/984536095"},"geometry":{"type":"Point","coordinates":[5.6742674,51.4757768]}},{"type":"Feature","id":"way/987206827","properties":{"amenity":"parking","id":"way/987206827"},"geometry":{"type":"Point","coordinates":[5.6391943,51.474789]}},{"type":"Feature","id":"node/987429863","properties":{"addr:city":"Helmond","addr:housenumber":"201","addr:postcode":"5709AB","addr:street":"Deltaweg","leisure":"sports_centre","name":"VEKA sporthal","source":"BAG","source:date":"2014-06-04","id":"node/987429863"},"geometry":{"type":"Point","coordinates":[5.7025144,51.4714013]}},{"type":"Feature","id":"way/993989308","properties":{"addr:city":"Helmond","addr:housenumber":"30","addr:postcode":"5702XZ","addr:street":"Rembrandtlaan","amenity":"school","education":"school","email":"info@drknippenbergcollege.nl","isced:level":"2;3","landuse":"education","name":"Dr. Knippenbergcollege","operator":"Ons Middelbaar Onderwijs","operator:subgroup":"OMO Scholengroep Helmond","operator:type":"ngo","operator:website":"https://www.omo.nl","operator:wikidata":"Q4693918","operator:wikipedia":"nl:Ons Middelbaar Onderwijs","phone":"+31 492 792 079","school":"secondary","website":"https://drknippenbergcollege.nl","id":"way/993989308"},"geometry":{"type":"Point","coordinates":[5.6809902,51.4886342]}},{"type":"Feature","id":"way/1006732226","properties":{"access":"private","amenity":"parking","parking":"surface","surface":"paved","id":"way/1006732226"},"geometry":{"type":"Point","coordinates":[5.656495,51.4851105]}},{"type":"Feature","id":"way/1006732231","properties":{"amenity":"parking","id":"way/1006732231"},"geometry":{"type":"Point","coordinates":[5.6561138,51.4848425]}},{"type":"Feature","id":"way/1026527763","properties":{"leisure":"playground","id":"way/1026527763"},"geometry":{"type":"Point","coordinates":[5.6438321,51.4603764]}},{"type":"Feature","id":"way/1026527765","properties":{"leisure":"playground","id":"way/1026527765"},"geometry":{"type":"Point","coordinates":[5.6414702,51.4600169]}},{"type":"Feature","id":"way/1026527766","properties":{"leisure":"playground","id":"way/1026527766"},"geometry":{"type":"Point","coordinates":[5.642572,51.4602129]}},{"type":"Feature","id":"way/1026533395","properties":{"leisure":"playground","id":"way/1026533395"},"geometry":{"type":"Point","coordinates":[5.6361239,51.4604707]}},{"type":"Feature","id":"way/1029342348","properties":{"amenity":"parking","id":"way/1029342348"},"geometry":{"type":"Point","coordinates":[5.6619922,51.4728404]}},{"type":"Feature","id":"way/1029342362","properties":{"amenity":"parking","id":"way/1029342362"},"geometry":{"type":"Point","coordinates":[5.6628181,51.470683]}},{"type":"Feature","id":"way/1029364608","properties":{"amenity":"parking","id":"way/1029364608"},"geometry":{"type":"Point","coordinates":[5.6335344,51.468321]}},{"type":"Feature","id":"node/1030089996","properties":{"local_ref":"2","name":"Helmond 't Hout","public_transport":"stop_position","railway":"stop","railway:ref":"Hmh","ref":"2","train":"yes","id":"node/1030089996"},"geometry":{"type":"Point","coordinates":[5.6312797,51.4680011]}},{"type":"Feature","id":"node/1030090343","properties":{"local_ref":"2","name":"Helmond Brouwhuis","public_transport":"stop_position","railway":"stop","railway:ref":"Hmbh","ref":"2","train":"yes","id":"node/1030090343"},"geometry":{"type":"Point","coordinates":[5.701673,51.4705467]}},{"type":"Feature","id":"node/1035578394","properties":{"bus":"yes","local_ref":"B","name":"Helmond, Station","public_transport":"stop_position","id":"node/1035578394"},"geometry":{"type":"Point","coordinates":[5.6621843,51.4759505]}},{"type":"Feature","id":"node/1035578397","properties":{"bus":"yes","local_ref":"A","name":"Helmond, Station","public_transport":"stop_position","id":"node/1035578397"},"geometry":{"type":"Point","coordinates":[5.6621308,51.4759911]}},{"type":"Feature","id":"way/1036404478","properties":{"access":"private","amenity":"parking","id":"way/1036404478"},"geometry":{"type":"Point","coordinates":[5.6027264,51.4584742]}},{"type":"Feature","id":"way/1036404479","properties":{"access":"private","amenity":"parking","id":"way/1036404479"},"geometry":{"type":"Point","coordinates":[5.6022797,51.4594371]}},{"type":"Feature","id":"way/1038780661","properties":{"amenity":"parking","id":"way/1038780661"},"geometry":{"type":"Point","coordinates":[5.7047734,51.4774778]}},{"type":"Feature","id":"way/1038790189","properties":{"amenity":"parking","id":"way/1038790189"},"geometry":{"type":"Point","coordinates":[5.7074878,51.4762097]}},{"type":"Feature","id":"way/1058094920","properties":{"access":"yes","leisure":"playground","source":"BGT + Survey","id":"way/1058094920"},"geometry":{"type":"Point","coordinates":[5.6646008,51.4929318]}},{"type":"Feature","id":"way/1058094922","properties":{"access":"yes","leisure":"playground","source":"BGT + Survey","id":"way/1058094922"},"geometry":{"type":"Point","coordinates":[5.6644828,51.4929326]}},{"type":"Feature","id":"way/1058094938","properties":{"access":"yes","leisure":"playground","id":"way/1058094938"},"geometry":{"type":"Point","coordinates":[5.662622,51.4935936]}},{"type":"Feature","id":"way/1058098826","properties":{"access":"yes","leisure":"playground","source":"BGT + Survey","id":"way/1058098826"},"geometry":{"type":"Point","coordinates":[5.6648097,51.4908589]}},{"type":"Feature","id":"way/1058104314","properties":{"amenity":"parking","id":"way/1058104314"},"geometry":{"type":"Point","coordinates":[5.6605836,51.4934267]}},{"type":"Feature","id":"way/1058104326","properties":{"amenity":"parking","id":"way/1058104326"},"geometry":{"type":"Point","coordinates":[5.6610755,51.4923399]}},{"type":"Feature","id":"way/1058104327","properties":{"amenity":"parking","id":"way/1058104327"},"geometry":{"type":"Point","coordinates":[5.6611901,51.4941687]}},{"type":"Feature","id":"way/1059691186","properties":{"access":"yes","leisure":"playground","id":"way/1059691186"},"geometry":{"type":"Point","coordinates":[5.6686232,51.4970841]}},{"type":"Feature","id":"way/1065965925","properties":{"access":"yes","amenity":"parking","fee":"yes","parking":"surface","id":"way/1065965925"},"geometry":{"type":"Point","coordinates":[5.6606941,51.4787987]}},{"type":"Feature","id":"way/1067494675","properties":{"addr:city":"Helmond","addr:housenumber":"11","addr:postcode":"5709AH","addr:street":"Deurneseweg","amenity":"university","education":"university","isced:level":"5;6","name":"Pedagogische Hogeschool De Kempel","phone":"+31 492 514400","website":"https://www.kempel.nl","id":"way/1067494675"},"geometry":{"type":"Point","coordinates":[5.7104665,51.4701704]}},{"type":"Feature","id":"way/1067684737","properties":{"leisure":"playground","surface":"sand","id":"way/1067684737"},"geometry":{"type":"Point","coordinates":[5.631325,51.4561498]}},{"type":"Feature","id":"way/1067684738","properties":{"leisure":"playground","surface":"sand","id":"way/1067684738"},"geometry":{"type":"Point","coordinates":[5.6383491,51.4575201]}},{"type":"Feature","id":"way/1071228472","properties":{"leisure":"playground","id":"way/1071228472"},"geometry":{"type":"Point","coordinates":[5.667974,51.4986361]}},{"type":"Feature","id":"way/1071533191","properties":{"amenity":"parking","id":"way/1071533191"},"geometry":{"type":"Point","coordinates":[5.6511917,51.4910692]}},{"type":"Feature","id":"way/1072447348","properties":{"access":"private","amenity":"parking","parking":"surface","id":"way/1072447348"},"geometry":{"type":"Point","coordinates":[5.6074139,51.4566189]}},{"type":"Feature","id":"way/1072447349","properties":{"access":"private","amenity":"parking","parking":"surface","id":"way/1072447349"},"geometry":{"type":"Point","coordinates":[5.6090417,51.4563737]}},{"type":"Feature","id":"way/1072447350","properties":{"access":"private","amenity":"parking","parking":"surface","id":"way/1072447350"},"geometry":{"type":"Point","coordinates":[5.6106554,51.4559888]}},{"type":"Feature","id":"way/1072447351","properties":{"access":"private","amenity":"parking","parking":"surface","id":"way/1072447351"},"geometry":{"type":"Point","coordinates":[5.6111584,51.4559161]}},{"type":"Feature","id":"way/1073397009","properties":{"leisure":"pitch","sport":"table_tennis","id":"way/1073397009"},"geometry":{"type":"Point","coordinates":[5.7099256,51.4703887]}},{"type":"Feature","id":"way/1073397017","properties":{"leisure":"pitch","sport":"soccer","id":"way/1073397017"},"geometry":{"type":"Point","coordinates":[5.7097387,51.4700015]}},{"type":"Feature","id":"way/1074271147","properties":{"leisure":"playground","id":"way/1074271147"},"geometry":{"type":"Point","coordinates":[5.6697327,51.4996211]}},{"type":"Feature","id":"way/1074271148","properties":{"leisure":"playground","id":"way/1074271148"},"geometry":{"type":"Point","coordinates":[5.6695545,51.4995354]}},{"type":"Feature","id":"way/1074302541","properties":{"access":"yes","leisure":"playground","id":"way/1074302541"},"geometry":{"type":"Point","coordinates":[5.6685317,51.4973675]}},{"type":"Feature","id":"way/1076767787","properties":{"access":"private","amenity":"parking","id":"way/1076767787"},"geometry":{"type":"Point","coordinates":[5.6454855,51.4861961]}},{"type":"Feature","id":"way/1076767793","properties":{"amenity":"parking","parking":"street_side","id":"way/1076767793"},"geometry":{"type":"Point","coordinates":[5.6446588,51.485683]}},{"type":"Feature","id":"way/1076767794","properties":{"amenity":"parking","id":"way/1076767794"},"geometry":{"type":"Point","coordinates":[5.6462696,51.4857304]}},{"type":"Feature","id":"way/1101905095","properties":{"leisure":"playground","id":"way/1101905095"},"geometry":{"type":"Point","coordinates":[5.6624859,51.501]}},{"type":"Feature","id":"way/1101911758","properties":{"amenity":"parking","id":"way/1101911758"},"geometry":{"type":"Point","coordinates":[5.673973,51.4984856]}},{"type":"Feature","id":"way/1101911761","properties":{"leisure":"playground","id":"way/1101911761"},"geometry":{"type":"Point","coordinates":[5.6710626,51.4979453]}},{"type":"Feature","id":"way/1101911770","properties":{"leisure":"garden","source":"BGT + Survey","id":"way/1101911770"},"geometry":{"type":"Point","coordinates":[5.6705528,51.4979804]}},{"type":"Feature","id":"way/1101911818","properties":{"leisure":"garden","source":"BGT + Survey","id":"way/1101911818"},"geometry":{"type":"Point","coordinates":[5.669821,51.4972183]}},{"type":"Feature","id":"way/1101911913","properties":{"leisure":"garden","source":"BGT + Survey","id":"way/1101911913"},"geometry":{"type":"Point","coordinates":[5.6740542,51.4983243]}},{"type":"Feature","id":"way/1101911914","properties":{"leisure":"garden","source":"BGT + Survey","id":"way/1101911914"},"geometry":{"type":"Point","coordinates":[5.6738931,51.4986537]}},{"type":"Feature","id":"way/1101911928","properties":{"leisure":"garden","source":"BGT + Survey","id":"way/1101911928"},"geometry":{"type":"Point","coordinates":[5.6734044,51.4985913]}},{"type":"Feature","id":"way/1101911936","properties":{"leisure":"garden","source":"BGT + Survey","id":"way/1101911936"},"geometry":{"type":"Point","coordinates":[5.6730506,51.498181]}},{"type":"Feature","id":"way/1101911939","properties":{"leisure":"garden","source":"BGT + Survey","id":"way/1101911939"},"geometry":{"type":"Point","coordinates":[5.6730013,51.4985048]}},{"type":"Feature","id":"way/1101911942","properties":{"leisure":"garden","source":"BGT + Survey","id":"way/1101911942"},"geometry":{"type":"Point","coordinates":[5.672516,51.4984014]}},{"type":"Feature","id":"way/1101911943","properties":{"leisure":"garden","source":"BGT + Survey","id":"way/1101911943"},"geometry":{"type":"Point","coordinates":[5.6720058,51.4982918]}},{"type":"Feature","id":"way/1101911964","properties":{"leisure":"garden","source":"BGT + Survey","id":"way/1101911964"},"geometry":{"type":"Point","coordinates":[5.6714595,51.4981746]}},{"type":"Feature","id":"way/1101911971","properties":{"leisure":"garden","source":"BGT + Survey","id":"way/1101911971"},"geometry":{"type":"Point","coordinates":[5.6710328,51.4980833]}},{"type":"Feature","id":"way/1103636898","properties":{"access":"yes","amenity":"parking","capacity":"4","fee":"no","parking":"street_side","id":"way/1103636898"},"geometry":{"type":"Point","coordinates":[5.6706627,51.4966916]}},{"type":"Feature","id":"way/1103636899","properties":{"access":"yes","amenity":"parking","capacity":"4","fee":"no","parking":"surface","id":"way/1103636899"},"geometry":{"type":"Point","coordinates":[5.6709006,51.4967434]}},{"type":"Feature","id":"way/1103636900","properties":{"access":"yes","amenity":"parking","capacity":"4","fee":"no","parking":"street_side","id":"way/1103636900"},"geometry":{"type":"Point","coordinates":[5.670777,51.4967168]}},{"type":"Feature","id":"way/1103636901","properties":{"access":"yes","amenity":"parking","capacity":"5","fee":"no","parking":"surface","id":"way/1103636901"},"geometry":{"type":"Point","coordinates":[5.6707762,51.4969864]}},{"type":"Feature","id":"way/1103636902","properties":{"access":"yes","amenity":"parking","capacity":"20","fee":"no","parking":"street_side","id":"way/1103636902"},"geometry":{"type":"Point","coordinates":[5.6707241,51.4968491]}},{"type":"Feature","id":"way/1103636903","properties":{"amenity":"parking","parking":"street_side","id":"way/1103636903"},"geometry":{"type":"Point","coordinates":[5.6717098,51.4970152]}},{"type":"Feature","id":"way/1103636905","properties":{"amenity":"parking","parking":"street_side","id":"way/1103636905"},"geometry":{"type":"Point","coordinates":[5.6732093,51.4974926]}},{"type":"Feature","id":"way/1103636906","properties":{"amenity":"parking","parking":"street_side","id":"way/1103636906"},"geometry":{"type":"Point","coordinates":[5.6734175,51.4974425]}},{"type":"Feature","id":"way/1103647270","properties":{"leisure":"garden","source":"BGT + Survey","id":"way/1103647270"},"geometry":{"type":"Point","coordinates":[5.6600209,51.4895036]}},{"type":"Feature","id":"way/1103647272","properties":{"leisure":"garden","source":"BGT + Survey","id":"way/1103647272"},"geometry":{"type":"Point","coordinates":[5.6601381,51.4894497]}},{"type":"Feature","id":"way/1104020688","properties":{"access":"yes","leisure":"playground","id":"way/1104020688"},"geometry":{"type":"Point","coordinates":[5.6602457,51.4956674]}},{"type":"Feature","id":"way/1104020689","properties":{"access":"yes","leisure":"playground","id":"way/1104020689"},"geometry":{"type":"Point","coordinates":[5.6602185,51.495857]}},{"type":"Feature","id":"way/1104020691","properties":{"access":"yes","leisure":"playground","id":"way/1104020691"},"geometry":{"type":"Point","coordinates":[5.6602039,51.4960507]}},{"type":"Feature","id":"way/1104022926","properties":{"access":"private","leisure":"garden","source":"BGT + Survey","id":"way/1104022926"},"geometry":{"type":"Point","coordinates":[5.6602532,51.4898307]}},{"type":"Feature","id":"way/1104022927","properties":{"leisure":"garden","source":"BGT + Survey","id":"way/1104022927"},"geometry":{"type":"Point","coordinates":[5.6584677,51.4895085]}},{"type":"Feature","id":"way/1104022928","properties":{"leisure":"garden","source":"BGT + Survey","id":"way/1104022928"},"geometry":{"type":"Point","coordinates":[5.6582343,51.4895262]}},{"type":"Feature","id":"way/1104022929","properties":{"amenity":"parking","parking":"street_side","id":"way/1104022929"},"geometry":{"type":"Point","coordinates":[5.6578577,51.4895766]}},{"type":"Feature","id":"way/1104155093","properties":{"access":"yes","amenity":"parking","fee":"no","parking":"surface","id":"way/1104155093"},"geometry":{"type":"Point","coordinates":[5.6575667,51.4882851]}},{"type":"Feature","id":"way/1104155147","properties":{"leisure":"garden","source":"BGT + Survey","id":"way/1104155147"},"geometry":{"type":"Point","coordinates":[5.6567371,51.4881928]}},{"type":"Feature","id":"way/1104179501","properties":{"access":"yes","amenity":"parking","capacity":"71","capacity:disabled":"1","fee":"no","parking":"surface","surface":"paving_stones","id":"way/1104179501"},"geometry":{"type":"Point","coordinates":[5.6566034,51.4887714]}},{"type":"Feature","id":"way/1104924661","properties":{"access":"private","amenity":"parking","fee":"no","parking":"underground","id":"way/1104924661"},"geometry":{"type":"Point","coordinates":[5.6527744,51.4845126]}},{"type":"Feature","id":"way/1105178292","properties":{"access":"private","amenity":"parking","fee":"no","surface":"paved","id":"way/1105178292"},"geometry":{"type":"Point","coordinates":[5.656636,51.4771509]}},{"type":"Feature","id":"way/1105179142","properties":{"access":"private","amenity":"parking","building":"yes","fee":"no","layer":"-1","parking":"underground","ref:bag":"0794100010003159","source":"BAG","source:date":"2026-06-12","start_date":"2023","id":"way/1105179142"},"geometry":{"type":"Point","coordinates":[5.6527585,51.4815306]}},{"type":"Feature","id":"way/1105265642","properties":{"amenity":"parking","id":"way/1105265642"},"geometry":{"type":"Point","coordinates":[5.6701379,51.4974876]}},{"type":"Feature","id":"way/1105265645","properties":{"amenity":"parking","id":"way/1105265645"},"geometry":{"type":"Point","coordinates":[5.6690568,51.4962367]}},{"type":"Feature","id":"way/1105265646","properties":{"amenity":"parking","id":"way/1105265646"},"geometry":{"type":"Point","coordinates":[5.6691826,51.4960035]}},{"type":"Feature","id":"way/1105265647","properties":{"amenity":"parking","id":"way/1105265647"},"geometry":{"type":"Point","coordinates":[5.6692464,51.4972296]}},{"type":"Feature","id":"way/1105265648","properties":{"amenity":"parking","id":"way/1105265648"},"geometry":{"type":"Point","coordinates":[5.6695718,51.496605]}},{"type":"Feature","id":"way/1105268922","properties":{"leisure":"garden","source":"BGT + Survey","id":"way/1105268922"},"geometry":{"type":"Point","coordinates":[5.6770977,51.4962944]}},{"type":"Feature","id":"way/1105338743","properties":{"leisure":"playground","id":"way/1105338743"},"geometry":{"type":"Point","coordinates":[5.6751078,51.4976596]}},{"type":"Feature","id":"way/1105520415","properties":{"leisure":"playground","source":"BGT + Survey","id":"way/1105520415"},"geometry":{"type":"Point","coordinates":[5.6751743,51.4939895]}},{"type":"Feature","id":"way/1105520424","properties":{"leisure":"garden","source":"BGT + Survey","id":"way/1105520424"},"geometry":{"type":"Point","coordinates":[5.6747995,51.4952647]}},{"type":"Feature","id":"way/1105520427","properties":{"leisure":"garden","source":"BGT + Survey","id":"way/1105520427"},"geometry":{"type":"Point","coordinates":[5.6742709,51.4951311]}},{"type":"Feature","id":"way/1105520505","properties":{"leisure":"playground","id":"way/1105520505"},"geometry":{"type":"Point","coordinates":[5.6724299,51.4932632]}},{"type":"Feature","id":"way/1105520506","properties":{"leisure":"playground","id":"way/1105520506"},"geometry":{"type":"Point","coordinates":[5.672332,51.4933465]}},{"type":"Feature","id":"way/1105520507","properties":{"leisure":"playground","id":"way/1105520507"},"geometry":{"type":"Point","coordinates":[5.6722798,51.4932312]}},{"type":"Feature","id":"way/1105525200","properties":{"leisure":"playground","id":"way/1105525200"},"geometry":{"type":"Point","coordinates":[5.6684769,51.4917427]}},{"type":"Feature","id":"way/1105544916","properties":{"leisure":"garden","source":"BGT + Survey","id":"way/1105544916"},"geometry":{"type":"Point","coordinates":[5.6660202,51.4906589]}},{"type":"Feature","id":"way/1105544958","properties":{"access":"yes","landuse":"grass","leisure":"playground","source":"BGT + Survey","id":"way/1105544958"},"geometry":{"type":"Point","coordinates":[5.6632515,51.4887471]}},{"type":"Feature","id":"way/1105595708","properties":{"boules":"petanque","leisure":"pitch","sport":"boules","id":"way/1105595708"},"geometry":{"type":"Point","coordinates":[5.6681698,51.4930695]}},{"type":"Feature","id":"way/1107037711","properties":{"access":"customers","amenity":"parking","fee":"no","parking":"surface","surface":"concrete","id":"way/1107037711"},"geometry":{"type":"Point","coordinates":[5.6571074,51.474639]}},{"type":"Feature","id":"way/1110415165","properties":{"amenity":"parking","parking":"street_side","id":"way/1110415165"},"geometry":{"type":"Point","coordinates":[5.6601509,51.4905269]}},{"type":"Feature","id":"way/1110415166","properties":{"amenity":"parking","parking":"street_side","id":"way/1110415166"},"geometry":{"type":"Point","coordinates":[5.6602,51.4902342]}},{"type":"Feature","id":"way/1110415167","properties":{"amenity":"parking","parking":"street_side","id":"way/1110415167"},"geometry":{"type":"Point","coordinates":[5.6602041,51.490387]}},{"type":"Feature","id":"way/1120192939","properties":{"amenity":"parking","id":"way/1120192939"},"geometry":{"type":"Point","coordinates":[5.6688984,51.4894427]}},{"type":"Feature","id":"way/1120193029","properties":{"leisure":"playground","source":"BGT + Survey","id":"way/1120193029"},"geometry":{"type":"Point","coordinates":[5.6733907,51.4889685]}},{"type":"Feature","id":"way/1120193068","properties":{"leisure":"garden","source":"BGT + Survey","id":"way/1120193068"},"geometry":{"type":"Point","coordinates":[5.6731571,51.4877487]}},{"type":"Feature","id":"way/1120193070","properties":{"leisure":"garden","source":"BGT + Survey","id":"way/1120193070"},"geometry":{"type":"Point","coordinates":[5.6730005,51.4878337]}},{"type":"Feature","id":"way/1120193072","properties":{"leisure":"garden","source":"BGT + Survey","id":"way/1120193072"},"geometry":{"type":"Point","coordinates":[5.6728458,51.4879204]}},{"type":"Feature","id":"way/1120193074","properties":{"leisure":"garden","source":"BGT + Survey","id":"way/1120193074"},"geometry":{"type":"Point","coordinates":[5.6726215,51.4880467]}},{"type":"Feature","id":"way/1120193076","properties":{"leisure":"garden","source":"BGT + Survey","id":"way/1120193076"},"geometry":{"type":"Point","coordinates":[5.6724669,51.4881359]}},{"type":"Feature","id":"way/1120193078","properties":{"leisure":"garden","source":"BGT + Survey","id":"way/1120193078"},"geometry":{"type":"Point","coordinates":[5.6723084,51.4882246]}},{"type":"Feature","id":"way/1120193099","properties":{"leisure":"garden","source":"BGT + Survey","id":"way/1120193099"},"geometry":{"type":"Point","coordinates":[5.6708597,51.4884593]}},{"type":"Feature","id":"way/1120193100","properties":{"leisure":"garden","source":"BGT + Survey","id":"way/1120193100"},"geometry":{"type":"Point","coordinates":[5.6707477,51.4885493]}},{"type":"Feature","id":"way/1120210553","properties":{"leisure":"playground","source":"BGT + Survey","id":"way/1120210553"},"geometry":{"type":"Point","coordinates":[5.6781184,51.4917583]}},{"type":"Feature","id":"way/1120210557","properties":{"leisure":"playground","source":"BGT + Survey","id":"way/1120210557"},"geometry":{"type":"Point","coordinates":[5.6778992,51.4917125]}},{"type":"Feature","id":"way/1120210606","properties":{"leisure":"playground","source":"BGT + Survey","id":"way/1120210606"},"geometry":{"type":"Point","coordinates":[5.6730733,51.492391]}},{"type":"Feature","id":"way/1120210613","properties":{"leisure":"garden","source":"BGT + Survey","id":"way/1120210613"},"geometry":{"type":"Point","coordinates":[5.6735099,51.4919145]}},{"type":"Feature","id":"way/1120210620","properties":{"leisure":"garden","source":"BGT + Survey","id":"way/1120210620"},"geometry":{"type":"Point","coordinates":[5.6736303,51.4916866]}},{"type":"Feature","id":"way/1120214554","properties":{"leisure":"garden","source":"BGT + Survey","id":"way/1120214554"},"geometry":{"type":"Point","coordinates":[5.6707834,51.49031]}},{"type":"Feature","id":"way/1128465744","properties":{"amenity":"parking","capacity":"7","fee":"no","parking":"surface","id":"way/1128465744"},"geometry":{"type":"Point","coordinates":[5.6666087,51.4700339]}},{"type":"Feature","id":"way/1128465745","properties":{"amenity":"parking","capacity":"13","fee":"no","parking":"surface","id":"way/1128465745"},"geometry":{"type":"Point","coordinates":[5.6661116,51.4699835]}},{"type":"Feature","id":"way/1128465746","properties":{"amenity":"parking","capacity":"13","fee":"no","parking":"surface","id":"way/1128465746"},"geometry":{"type":"Point","coordinates":[5.6670827,51.4699001]}},{"type":"Feature","id":"way/1128465747","properties":{"access":"yes","amenity":"parking","capacity":"8","fee":"no","parking":"surface","id":"way/1128465747"},"geometry":{"type":"Point","coordinates":[5.6655761,51.4701031]}},{"type":"Feature","id":"way/1128472932","properties":{"leisure":"garden","id":"way/1128472932"},"geometry":{"type":"Point","coordinates":[5.6670563,51.4699997]}},{"type":"Feature","id":"way/1128472933","properties":{"leisure":"garden","id":"way/1128472933"},"geometry":{"type":"Point","coordinates":[5.6671652,51.4699901]}},{"type":"Feature","id":"way/1128479603","properties":{"access":"yes","amenity":"parking","capacity":"8","fee":"no","parking":"street_side","surface":"paving_stones","id":"way/1128479603"},"geometry":{"type":"Point","coordinates":[5.6692466,51.4985062]}},{"type":"Feature","id":"way/1128479604","properties":{"access":"yes","amenity":"parking","capacity":"4","fee":"no","parking":"street_side","surface":"paving_stones","id":"way/1128479604"},"geometry":{"type":"Point","coordinates":[5.6691683,51.4984438]}},{"type":"Feature","id":"way/1128479605","properties":{"access":"yes","amenity":"parking","capacity":"4","capacity:charging":"2","capacity:disabled":"1","fee":"no","parking":"street_side","surface":"paving_stones","id":"way/1128479605"},"geometry":{"type":"Point","coordinates":[5.6692183,51.4983522]}},{"type":"Feature","id":"way/1128479606","properties":{"access":"yes","amenity":"parking","capacity":"4","fee":"no","parking":"street_side","surface":"paving_stones","id":"way/1128479606"},"geometry":{"type":"Point","coordinates":[5.669594,51.4983209]}},{"type":"Feature","id":"way/1128479607","properties":{"access":"yes","amenity":"parking","capacity":"2","fee":"no","parking":"street_side","id":"way/1128479607"},"geometry":{"type":"Point","coordinates":[5.6686059,51.4990247]}},{"type":"Feature","id":"way/1128479608","properties":{"access":"yes","amenity":"parking","capacity":"3","fee":"no","parking":"street_side","id":"way/1128479608"},"geometry":{"type":"Point","coordinates":[5.668784,51.4991495]}},{"type":"Feature","id":"way/1128479609","properties":{"access":"yes","amenity":"parking","capacity":"4","fee":"no","parking":"street_side","id":"way/1128479609"},"geometry":{"type":"Point","coordinates":[5.6691493,51.499128]}},{"type":"Feature","id":"way/1128479610","properties":{"access":"yes","amenity":"parking","capacity":"7","fee":"no","parking":"street_side","id":"way/1128479610"},"geometry":{"type":"Point","coordinates":[5.6688169,51.4993137]}},{"type":"Feature","id":"way/1128479611","properties":{"access":"yes","amenity":"parking","capacity":"5","fee":"no","parking":"street_side","id":"way/1128479611"},"geometry":{"type":"Point","coordinates":[5.6695583,51.4988728]}},{"type":"Feature","id":"way/1128479612","properties":{"access":"yes","amenity":"parking","capacity":"10","fee":"no","parking":"street_side","id":"way/1128479612"},"geometry":{"type":"Point","coordinates":[5.6695937,51.4990526]}},{"type":"Feature","id":"way/1128479613","properties":{"access":"yes","amenity":"parking","capacity":"10","fee":"no","parking":"street_side","id":"way/1128479613"},"geometry":{"type":"Point","coordinates":[5.6701151,51.4981668]}},{"type":"Feature","id":"way/1128479614","properties":{"access":"yes","amenity":"parking","capacity":"8","fee":"no","parking":"street_side","surface":"paving_stones","id":"way/1128479614"},"geometry":{"type":"Point","coordinates":[5.6696734,51.4982382]}},{"type":"Feature","id":"way/1130942553","properties":{"access":"yes","amenity":"parking","capacity":"2","fee":"no","parking":"street_side","id":"way/1130942553"},"geometry":{"type":"Point","coordinates":[5.6697888,51.4987036]}},{"type":"Feature","id":"way/1130944139","properties":{"access":"yes","amenity":"parking","capacity":"2","parking":"street_side","id":"way/1130944139"},"geometry":{"type":"Point","coordinates":[5.6693333,51.4995271]}},{"type":"Feature","id":"way/1130944140","properties":{"access":"yes","amenity":"parking","capacity":"10","fee":"no","parking":"street_side","id":"way/1130944140"},"geometry":{"type":"Point","coordinates":[5.669147,51.4998733]}},{"type":"Feature","id":"way/1131682710","properties":{"access":"yes","amenity":"parking","capacity":"4","fee":"no","parking":"street_side","id":"way/1131682710"},"geometry":{"type":"Point","coordinates":[5.6688076,51.4985862]}},{"type":"Feature","id":"way/1131682711","properties":{"access":"yes","amenity":"parking","capacity":"4","fee":"no","parking":"street_side","id":"way/1131682711"},"geometry":{"type":"Point","coordinates":[5.6688337,51.4985385]}},{"type":"Feature","id":"way/1131682712","properties":{"access":"yes","amenity":"parking","capacity":"4","fee":"no","parking":"street_side","id":"way/1131682712"},"geometry":{"type":"Point","coordinates":[5.66861,51.4989702]}},{"type":"Feature","id":"way/1131682713","properties":{"access":"yes","amenity":"parking","capacity":"3","fee":"no","parking":"street_side","id":"way/1131682713"},"geometry":{"type":"Point","coordinates":[5.6686851,51.4993333]}},{"type":"Feature","id":"way/1131682714","properties":{"access":"yes","amenity":"parking","capacity":"2","fee":"no","parking":"street_side","id":"way/1131682714"},"geometry":{"type":"Point","coordinates":[5.6685576,51.4994142]}},{"type":"Feature","id":"way/1134925113","properties":{"amenity":"parking","parking":"street_side","id":"way/1134925113"},"geometry":{"type":"Point","coordinates":[5.6671214,51.4944149]}},{"type":"Feature","id":"way/1134932533","properties":{"access":"yes","amenity":"parking","capacity":"18","capacity:disabled":"0","fee":"no","parking":"surface","surface":"paving_stones","id":"way/1134932533"},"geometry":{"type":"Point","coordinates":[5.6656578,51.4973487]}},{"type":"Feature","id":"way/1134932534","properties":{"access":"yes","amenity":"parking","capacity":"9","capacity:disabled":"0","fee":"no","surface":"paving_stones","id":"way/1134932534"},"geometry":{"type":"Point","coordinates":[5.6656381,51.4978316]}},{"type":"Feature","id":"way/1134932535","properties":{"amenity":"parking","id":"way/1134932535"},"geometry":{"type":"Point","coordinates":[5.6671693,51.4968074]}},{"type":"Feature","id":"way/1134932536","properties":{"amenity":"parking","id":"way/1134932536"},"geometry":{"type":"Point","coordinates":[5.6665564,51.4978487]}},{"type":"Feature","id":"way/1136433240","properties":{"addr:city":"Helmond","addr:housenumber":"29","addr:postcode":"5702GA","addr:street":"Venuslaan","amenity":"school","capacity":"210","email":"school@salaheddinelayyoubi.nl","grades":"1-8","isced:level":"0;1","max_age":"12","min_age":"4","name":"Salah Eddin El Ayyoubi","official_name":"Islamitische Basisschool Salah Eddin El Ayyoubi","phone":"+31 492 553 941","religion":"muslim","school":"primary","website":"https://salaheddinelayyoubi.nl/","wikidata":"Q22754076","id":"way/1136433240"},"geometry":{"type":"Point","coordinates":[5.671499,51.4971683]}},{"type":"Feature","id":"way/1137623058","properties":{"access":"yes","amenity":"parking","capacity":"7","fee":"no","parking":"surface","id":"way/1137623058"},"geometry":{"type":"Point","coordinates":[5.6730741,51.4944328]}},{"type":"Feature","id":"way/1137623059","properties":{"access":"yes","amenity":"parking","capacity":"18","capacity:disabled":"0","capacity:electric":"1","fee":"no","parking":"surface","id":"way/1137623059"},"geometry":{"type":"Point","coordinates":[5.6732854,51.4940455]}},{"type":"Feature","id":"way/1137623060","properties":{"leisure":"playground","id":"way/1137623060"},"geometry":{"type":"Point","coordinates":[5.6728239,51.4950609]}},{"type":"Feature","id":"way/1137623061","properties":{"access":"yes","amenity":"parking","capacity":"7","fee":"no","parking":"surface","id":"way/1137623061"},"geometry":{"type":"Point","coordinates":[5.6721403,51.4958284]}},{"type":"Feature","id":"way/1137623062","properties":{"access":"yes","amenity":"parking","capacity":"3","fee":"no","parking":"surface","id":"way/1137623062"},"geometry":{"type":"Point","coordinates":[5.671846,51.4955999]}},{"type":"Feature","id":"way/1137623063","properties":{"access":"yes","amenity":"parking","capacity":"2","fee":"no","parking":"surface","id":"way/1137623063"},"geometry":{"type":"Point","coordinates":[5.6719573,51.4954039]}},{"type":"Feature","id":"way/1137623064","properties":{"access":"yes","amenity":"parking","capacity":"2","fee":"no","parking":"surface","id":"way/1137623064"},"geometry":{"type":"Point","coordinates":[5.6715492,51.4956803]}},{"type":"Feature","id":"way/1137623065","properties":{"access":"yes","amenity":"parking","capacity":"3","fee":"no","parking":"surface","id":"way/1137623065"},"geometry":{"type":"Point","coordinates":[5.6714388,51.4956555]}},{"type":"Feature","id":"way/1137623066","properties":{"access":"yes","amenity":"parking","capacity":"6","fee":"no","parking":"surface","id":"way/1137623066"},"geometry":{"type":"Point","coordinates":[5.6710477,51.4954138]}},{"type":"Feature","id":"way/1137623067","properties":{"access":"yes","amenity":"parking","capacity":"2","fee":"no","parking":"surface","id":"way/1137623067"},"geometry":{"type":"Point","coordinates":[5.671271,51.4949529]}},{"type":"Feature","id":"way/1137623068","properties":{"access":"yes","amenity":"parking","capacity":"3","fee":"no","parking":"surface","id":"way/1137623068"},"geometry":{"type":"Point","coordinates":[5.6715503,51.4950136]}},{"type":"Feature","id":"way/1141327709","properties":{"addr:city":"Helmond","addr:housenumber":"208","addr:postcode":"5702SM","addr:street":"Basstraat","amenity":"school","education":"school","email":"maildebundertjes@obsh.nl","isced:level":"0;1","landuse":"education","name":"De Bundertjes","official_name":"Openbaar Kindcentrum De Bundertjes","operator":"Stichting Openbare Basisscholen Helmond","operator:website":"https://www.obsh.nl","operator:wikidata":"Q121765222","phone":"+31 492 525 649","school":"primary","website":"https://www.bundertjes.nl","wikidata":"Q22754441","id":"way/1141327709"},"geometry":{"type":"Point","coordinates":[5.6609253,51.4987524]}},{"type":"Feature","id":"way/1141331676","properties":{"leisure":"pitch","sport":"soccer","id":"way/1141331676"},"geometry":{"type":"Point","coordinates":[5.6629857,51.4985009]}},{"type":"Feature","id":"way/1141346836","properties":{"access":"yes","amenity":"parking","capacity":"11","capacity:disabled":"0","fee":"no","parking":"surface","surface":"paving_stones","id":"way/1141346836"},"geometry":{"type":"Point","coordinates":[5.6655819,51.4983687]}},{"type":"Feature","id":"way/1142103044","properties":{"leisure":"garden","id":"way/1142103044"},"geometry":{"type":"Point","coordinates":[5.6764486,51.4961558]}},{"type":"Feature","id":"way/1142103047","properties":{"leisure":"garden","id":"way/1142103047"},"geometry":{"type":"Point","coordinates":[5.6762001,51.4966066]}},{"type":"Feature","id":"way/1142103048","properties":{"leisure":"garden","id":"way/1142103048"},"geometry":{"type":"Point","coordinates":[5.6762623,51.4964927]}},{"type":"Feature","id":"way/1142103049","properties":{"leisure":"garden","id":"way/1142103049"},"geometry":{"type":"Point","coordinates":[5.6763345,51.4963646]}},{"type":"Feature","id":"way/1142103050","properties":{"amenity":"parking","parking":"surface","id":"way/1142103050"},"geometry":{"type":"Point","coordinates":[5.6766305,51.4963453]}},{"type":"Feature","id":"way/1148778414","properties":{"amenity":"parking","id":"way/1148778414"},"geometry":{"type":"Point","coordinates":[5.620412,51.4558996]}},{"type":"Feature","id":"way/1151441662","properties":{"leisure":"pitch","lit":"yes","sport":"basketball","surface":"asphalt","id":"way/1151441662"},"geometry":{"type":"Point","coordinates":[5.6506052,51.4732689]}},{"type":"Feature","id":"way/1151441665","properties":{"amenity":"parking","parking":"street_side","id":"way/1151441665"},"geometry":{"type":"Point","coordinates":[5.6523335,51.4738574]}},{"type":"Feature","id":"way/1151441671","properties":{"amenity":"parking","parking":"street_side","id":"way/1151441671"},"geometry":{"type":"Point","coordinates":[5.6505246,51.4735406]}},{"type":"Feature","id":"way/1151441672","properties":{"access":"yes","leisure":"playground","id":"way/1151441672"},"geometry":{"type":"Point","coordinates":[5.6510204,51.4734083]}},{"type":"Feature","id":"way/1154764574","properties":{"access":"yes","amenity":"parking","fee":"no","parking":"surface","surface":"asphalt","id":"way/1154764574"},"geometry":{"type":"Point","coordinates":[5.6818919,51.4722552]}},{"type":"Feature","id":"way/1154997278","properties":{"access":"yes","amenity":"parking","fee":"no","parking":"surface","surface":"asphalt","id":"way/1154997278"},"geometry":{"type":"Point","coordinates":[5.6840213,51.4725661]}},{"type":"Feature","id":"way/1159380086","properties":{"access":"private","amenity":"parking","parking":"surface","id":"way/1159380086"},"geometry":{"type":"Point","coordinates":[5.6507594,51.4931277]}},{"type":"Feature","id":"way/1159380091","properties":{"leisure":"swimming_pool","id":"way/1159380091"},"geometry":{"type":"Point","coordinates":[5.6458977,51.4945927]}},{"type":"Feature","id":"way/1159380092","properties":{"access":"private","leisure":"pitch","sport":"tennis","id":"way/1159380092"},"geometry":{"type":"Point","coordinates":[5.6461559,51.494276]}},{"type":"Feature","id":"way/1159380093","properties":{"access":"private","leisure":"swimming_pool","id":"way/1159380093"},"geometry":{"type":"Point","coordinates":[5.6494908,51.4915421]}},{"type":"Feature","id":"way/1159380094","properties":{"leisure":"swimming_pool","id":"way/1159380094"},"geometry":{"type":"Point","coordinates":[5.6497493,51.4920558]}},{"type":"Feature","id":"way/1159380095","properties":{"leisure":"swimming_pool","id":"way/1159380095"},"geometry":{"type":"Point","coordinates":[5.6391614,51.4913907]}},{"type":"Feature","id":"way/1163655310","properties":{"amenity":"parking","id":"way/1163655310"},"geometry":{"type":"Point","coordinates":[5.62517,51.4673394]}},{"type":"Feature","id":"way/1163655331","properties":{"amenity":"parking","id":"way/1163655331"},"geometry":{"type":"Point","coordinates":[5.6292216,51.4677471]}},{"type":"Feature","id":"node/1163694182","properties":{"amenity":"parking","id":"node/1163694182"},"geometry":{"type":"Point","coordinates":[5.7018261,51.4710688]}},{"type":"Feature","id":"way/1173012723","properties":{"leisure":"playground","id":"way/1173012723"},"geometry":{"type":"Point","coordinates":[5.7128313,51.4681395]}},{"type":"Feature","id":"way/1173013047","properties":{"leisure":"playground","name":"Kindervreugde","id":"way/1173013047"},"geometry":{"type":"Point","coordinates":[5.6605548,51.4844795]}},{"type":"Feature","id":"way/1173995657","properties":{"leisure":"playground","id":"way/1173995657"},"geometry":{"type":"Point","coordinates":[5.6414221,51.4854893]}},{"type":"Feature","id":"way/1178268417","properties":{"addr:city":"Helmond","addr:housenumber":"10","addr:postcode":"5701TA","addr:street":"St. Willibrordstraat","amenity":"school","branch":"Helmond","denomination":"roman_catholic","description":"voortgezet speciaal onderwijs (VSO)","education":"school","email":"korenaer.helmond@aloysiusstichting.nl","isced:level":"2","landuse":"education","max_age":"18","min_age":"12","name":"De Korenaer","operator":"Aloysius Stichting","operator:website":"https://www.aloysiusstichting.nl","operator:wikidata":"Q133827160","phone":"+31 492 528758","religion":"christian","school":"secondary","school:special_needs":"only","website":"https://www.korenaerhelmond.nl","id":"way/1178268417"},"geometry":{"type":"Point","coordinates":[5.6587159,51.4848449]}},{"type":"Feature","id":"way/1178511465","properties":{"addr:city":"Helmond","addr:housenumber":"38","addr:postcode":"5701CM","addr:street":"Azalealaan","amenity":"school","denomination":"protestant","description":"speciaal onderwijs (SO) en voortgezet speciaal onderwijs (VSO)","education":"school","email":"dehilt@aloysiusstichting.nl","isced:level":"0-2","landuse":"education","name":"De Hilt","operator":"Aloysius Stichting","operator:website":"https://www.aloysiusstichting.nl","operator:wikidata":"Q133827160","phone":"+31 492 525800","religion":"christian","school":"primary;secondary","school:special_needs":"only","website":"https://www.de-hilt.nl","id":"way/1178511465"},"geometry":{"type":"Point","coordinates":[5.6726337,51.4765401]}},{"type":"Feature","id":"way/1183401839","properties":{"amenity":"parking","parking":"street_side","id":"way/1183401839"},"geometry":{"type":"Point","coordinates":[5.6170248,51.4909227]}},{"type":"Feature","id":"way/1183401840","properties":{"amenity":"parking","parking":"street_side","id":"way/1183401840"},"geometry":{"type":"Point","coordinates":[5.6171745,51.4910409]}},{"type":"Feature","id":"way/1183401845","properties":{"amenity":"parking","id":"way/1183401845"},"geometry":{"type":"Point","coordinates":[5.6180949,51.4908979]}},{"type":"Feature","id":"way/1183401848","properties":{"amenity":"parking","id":"way/1183401848"},"geometry":{"type":"Point","coordinates":[5.6172672,51.4905144]}},{"type":"Feature","id":"way/1183403973","properties":{"access":"private","amenity":"parking","id":"way/1183403973"},"geometry":{"type":"Point","coordinates":[5.6185511,51.4738563]}},{"type":"Feature","id":"way/1183403974","properties":{"access":"private","amenity":"parking","parking":"street_side","id":"way/1183403974"},"geometry":{"type":"Point","coordinates":[5.6183866,51.4735288]}},{"type":"Feature","id":"way/1197583914","properties":{"addr:city":"Helmond","addr:housenumber":"2","addr:postcode":"5702NR","addr:street":"Keizerin Marialaan","amenity":"college","capacity":"1750","description":"hoofdlocatie","education":"college","email":"info@ter-aa.nl","isced:level":"3;4","name":"Ter AA","old_name":"ROC ter AA","phone":"+31 492 507 900","school":"tertiary","website":"https://ter-aa.nl","wikidata":"Q2718667","wikipedia":"nl:ROC Ter AA","id":"way/1197583914"},"geometry":{"type":"Point","coordinates":[5.6579734,51.4865731]}},{"type":"Feature","id":"way/1197583916","properties":{"addr:city":"Helmond","addr:housenumber":"4","addr:postcode":"5702NR","addr:street":"Keizerin Marialaan","amenity":"school","capacity":"570","denomination":"roman_catholic","education":"school","email":"info@vakcollege.nl","isced:level":"2","landuse":"education","max_age":"16","min_age":"12","name":"Vakcollege Helmond","operator":"Ons Middelbaar Onderwijs","operator:subgroup":"OMO Scholengroep Helmond","operator:website":"https://www.omo.nl","operator:wikidata":"Q4693918","operator:wikipedia":"nl:Ons Middelbaar Onderwijs","phone":"+31 492 792 020","religion":"christian","school":"secondary","website":"https://www.vakcollege.nl","id":"way/1197583916"},"geometry":{"type":"Point","coordinates":[5.6580427,51.487603]}},{"type":"Feature","id":"way/1198251699","properties":{"leisure":"pitch","sport":"soccer","id":"way/1198251699"},"geometry":{"type":"Point","coordinates":[5.6818243,51.4794718]}},{"type":"Feature","id":"way/1198251700","properties":{"leisure":"playground","id":"way/1198251700"},"geometry":{"type":"Point","coordinates":[5.6819238,51.4791465]}},{"type":"Feature","id":"way/1201072962","properties":{"addr:city":"Helmond","addr:housenumber":"205","addr:postcode":"5709AB","addr:street":"Deltaweg","amenity":"school","education":"school","email":"deltavmbo@janvanbrabant.nl","isced:level":"2","landuse":"education","name":"Delta VMBO","old_name":"Jan van Brabant College","operator":"Onderwijsgroep Oost-Brabant","operator:website":"https://www.onderwijsgroepoostbrabant.nl","operator:wikidata":"Q121758777","phone":"+31 492 510 306","school":"secondary","website":"https://deltavmbo.janvanbrabant.nl","id":"way/1201072962"},"geometry":{"type":"Point","coordinates":[5.7037667,51.4713316]}},{"type":"Feature","id":"way/1201077612","properties":{"addr:city":"Helmond","addr:housenumber":"51","addr:postcode":"5703GR","addr:street":"Generaal Snijdersstraat","amenity":"school","education":"school","email":"info@praktijkschoolhelmond.nl","isced:level":"2","landuse":"education","name":"Praktijkschool Helmond","operator":"Ons Middelbaar Onderwijs","operator:subgroup":"OMO Scholengroep Helmond","operator:website":"https://www.omo.nl","operator:wikidata":"Q4693918","operator:wikipedia":"nl:Ons Middelbaar Onderwijs","phone":"+31 492 505 360","school":"secondary","website":"https://praktijkschoolhelmond.nl","id":"way/1201077612"},"geometry":{"type":"Point","coordinates":[5.6803155,51.4817932]}},{"type":"Feature","id":"way/1201146905","properties":{"addr:city":"Helmond","addr:housenumber":"13","addr:postcode":"5706VS","addr:street":"Mahoniehoutstraat","amenity":"school","education":"school","email":"obshout@obsh.nl","isced:level":"0;1","landuse":"education","name":"Openbare Basisschool 't Hout","operator":"Stichting Openbare Basisscholen Helmond","operator:website":"https://www.obsh.nl","operator:wikidata":"Q121765222","phone":"+31 492 523 847","school":"primary","website":"https://www.obshout.nl","wikidata":"Q22754440","id":"way/1201146905"},"geometry":{"type":"Point","coordinates":[5.6397905,51.4641223]}},{"type":"Feature","id":"way/1201147595","properties":{"addr:city":"Helmond","addr:housenumber":"1","addr:postcode":"5708EV","addr:street":"Sprengersstraat","amenity":"school","education":"school","email":"lindt@lindt.nl","isced:level":"0;1","landuse":"education","name":"De Lindt","official_name":"Openbaar Kindcentrum De Lindt","operator":"Stichting Openbare Basisscholen Helmond","operator:website":"https://www.obsh.nl","operator:wikidata":"Q121765222","phone":"+31 492 547 043","school":"primary","website":"https://www.lindt.nl","wikidata":"Q22754445","id":"way/1201147595"},"geometry":{"type":"Point","coordinates":[5.6156824,51.4885343]}},{"type":"Feature","id":"way/1201148310","properties":{"addr:city":"Helmond","addr:housenumber":"103","addr:postcode":"5704HZ","addr:street":"Rijnlaan","amenity":"school","education":"school","email":"infodestroom@obsh.nl","isced:level":"0;1","landuse":"education","name":"De Stroom","official_name":"Openbaar Kindcentrum De Stroom","operator":"Stichting Openbare Basisscholen Helmond","operator:website":"https://www.obsh.nl","operator:wikidata":"Q121765222","phone":"+31 492 592 727","school":"primary","website":"https://www.obsdestroom.nl","wikidata":"Q22754444","id":"way/1201148310"},"geometry":{"type":"Point","coordinates":[5.7001752,51.466455]}},{"type":"Feature","id":"way/1201148879","properties":{"addr:city":"Helmond","addr:housenumber":"212","addr:postcode":"5709HD","addr:street":"Baroniehof","amenity":"school","branch":"De Rakt","education":"school","email":"derakt@obsh.nl","isced:level":"0;1","landuse":"education","name":"Kindcentrum Rijpelberg","operator":"Stichting Openbare Basisscholen Helmond","operator:website":"https://www.obsh.nl","operator:wikidata":"Q121765222","phone":"+31 492 511 157","school":"primary","website":"https://kcrijpelberg.nl","wikidata":"Q22754443","id":"way/1201148879"},"geometry":{"type":"Point","coordinates":[5.7015316,51.4734641]}},{"type":"Feature","id":"way/1201149465","properties":{"addr:city":"Helmond","addr:housenumber":"2","addr:postcode":"5708GL","addr:street":"St. Trudostraat","amenity":"school","education":"school","isced:level":"0;1","landuse":"education","name":"IKC Trudo","old_name":"Basisschool Sint Trudo","operator":"QliQ","operator:website":"https://qliqprimair.nl","operator:wikidata":"Q121765299","phone":"+31 492 525 391","school":"primary","website":"https://trudoschoolstiphout.nl","wikidata":"Q22754041","id":"way/1201149465"},"geometry":{"type":"Point","coordinates":[5.6154958,51.4862901]}},{"type":"Feature","id":"way/1201161929","properties":{"addr:city":"Helmond","addr:housenumber":"1","addr:postcode":"5709RK","addr:street":"Nijendaldreef","alt_name":"Dierdonkschool","amenity":"school","education":"school","email":"administratie@dierdonkschool.nl","isced:level":"0;1","landuse":"education","name":"Kindcentrum Dierdonk","operator":"QliQ","operator:website":"https://qliqprimair.nl","operator:wikidata":"Q121765299","phone":"+31 492 512 021","school":"primary","website":"https://dierdonkschool.nl","wikidata":"Q22754050","id":"way/1201161929"},"geometry":{"type":"Point","coordinates":[5.6936523,51.4951336]}},{"type":"Feature","id":"way/1201161930","properties":{"addr:city":"Helmond","addr:housenumber":"8","addr:postcode":"5702PW","addr:street":"Raafstraat","amenity":"school","education":"school","email":"info@sbo-de-toermalijn.nl","isced:level":"0;1","landuse":"education","name":"De Toermalijn","official_name":"Speciaal Basisonderwijs de Toermalijn","operator":"QliQ","operator:website":"https://qliqprimair.nl","operator:wikidata":"Q121765299","phone":"+31 492 525 273","school":"primary","website":"https://www.sbo-de-toermalijn.nl","id":"way/1201161930"},"geometry":{"type":"Point","coordinates":[5.6636254,51.4907468]}},{"type":"Feature","id":"way/1201163036","properties":{"addr:city":"Helmond","addr:housenumber":"1","addr:postcode":"5702PM","addr:street":"Koekoekstraat","amenity":"school","denomination":"protestant","email":"info@rankhelmond.nl","isced:level":"0;1","name":"De Rank","official_name":"Christelijke basisschool De Rank","phone":"+31 492 525 418","school":"primary","website":"https://rankhelmond.nl/","wikidata":"Q22754143","id":"way/1201163036"},"geometry":{"type":"Point","coordinates":[5.662657,51.4898207]}},{"type":"Feature","id":"way/1201163159","properties":{"addr:city":"Helmond","addr:housenumber":"4","addr:postcode":"5702NK","addr:street":"Abdijlaan","amenity":"school","check_date":"2026-03-27","denomination":"protestant","email":"info@rankhelmond.nl","isced:level":"0;1","name":"De Rank","official_name":"Christelijke basisschool De Rank","phone":"+31 492 528 323","school":"primary","website":"https://rankhelmond.nl/","wikidata":"Q22754143","id":"way/1201163159"},"geometry":{"type":"Point","coordinates":[5.66129,51.4874351]}},{"type":"Feature","id":"way/1201163880","properties":{"addr:city":"Helmond","addr:housenumber":"70","addr:postcode":"5707TJ","addr:street":"Cortenbachstraat","amenity":"school","education":"school","email":"info@westwijzerhelmond.nl","isced:level":"0;1","landuse":"education","name":"Westwijzer","official_name":"Kindcentrum Westwijzer","operator":"QliQ","operator:website":"https://qliqprimair.nl","operator:wikidata":"Q121765299","phone":"+31 492 523 402","school":"primary","website":"https://www.westwijzerhelmond.nl","wikidata":"Q22754042","id":"way/1201163880"},"geometry":{"type":"Point","coordinates":[5.6417677,51.4739359]}},{"type":"Feature","id":"way/1201164307","properties":{"addr:city":"Helmond","addr:housenumber":"4","addr:postcode":"5704AN","addr:street":"Rector Heuvelsstraat","amenity":"school","education":"school","email":"info@bs-dekorenaar.nl","isced:level":"0;1","landuse":"education","name":"De Korenaar","official_name":"Basisschool De Korenaar","operator":"QliQ","operator:website":"https://qliqprimair.nl","operator:wikidata":"Q121765299","phone":"+31 492 511 604","school":"primary","website":"https://bs-dekorenaar.nl","wikidata":"Q22754039","id":"way/1201164307"},"geometry":{"type":"Point","coordinates":[5.6999176,51.4596184]}},{"type":"Feature","id":"way/1201170246","properties":{"addr:city":"Helmond","addr:housenumber":"2A","addr:postcode":"5706AX","addr:street":"Slegersstraat","amenity":"school","education":"school","isced:level":"0;1","landuse":"education","name":"In het Hart van het Hout","official_name":"Kindcentrum In het Hart van het Hout","old_name":"Sint Odulfusschool","operator":"QliQ","operator:website":"https://qliqprimair.nl","operator:wikidata":"Q121765299","phone":"+31 492 523 701","school":"primary","website":"https://www.inhethartvanhethout.nl","wikidata":"Q22754047","id":"way/1201170246"},"geometry":{"type":"Point","coordinates":[5.6334318,51.4677381]}},{"type":"Feature","id":"way/1201170459","properties":{"addr:city":"Helmond","addr:housenumber":"81","addr:postcode":"5706BT","addr:street":"Dolfijnlaan","amenity":"school","education":"school","isced:level":"0;1","landuse":"education","name":"In het Hart van het Hout","official_name":"Kindcentrum In het Hart van het Hout","old_name":"Basisschool Het Baken","operator":"QliQ","operator:website":"https://qliqprimair.nl","operator:wikidata":"Q121765299","phone":"+31 492 534 649","school":"primary","website":"https://www.inhethartvanhethout.nl","wikidata":"Q22754046","id":"way/1201170459"},"geometry":{"type":"Point","coordinates":[5.6354438,51.4591651]}},{"type":"Feature","id":"way/1201170887","properties":{"addr:city":"Helmond","addr:housenumber":"35","addr:postcode":"5709BA","addr:street":"Theo Driessenhof","amenity":"school","education":"school","email":"info@kc-talentrijk.nl","isced:level":"0;1","landuse":"education","name":"Talentrijk","official_name":"Dalton Kindcentrum Talentrijk","operator":"Stichting Openbare Basisscholen Helmond","operator:website":"https://www.obsh.nl","operator:wikidata":"Q121765222","phone":"+31 492 512 223","school":"primary","website":"https://www.kc-talentrijk.nl","wikidata":"Q22754045","id":"way/1201170887"},"geometry":{"type":"Point","coordinates":[5.7070672,51.4743836]}},{"type":"Feature","id":"way/1201821997","properties":{"addr:city":"Helmond","addr:housenumber":"71","addr:postcode":"5702NM","addr:street":"Helmondselaan","amenity":"school","education":"school","email":"info@vrijeschoolpeelland.nl","isced:level":"0;1","landuse":"education","name":"Vrije School Peelland","official_name":"Vrijebasisschool de Zevenster","operator":"Pallas","operator:website":"https://www.stichtingpallas.nl","operator:wikidata":"Q121884121","pedagogy":"waldorf","phone":"+31 492 547 628","school":"primary","start_date":"1980-10","website":"https://www.vrijeschoolpeelland.nl","wikidata":"Q22754416","id":"way/1201821997"},"geometry":{"type":"Point","coordinates":[5.6582801,51.4885242]}},{"type":"Feature","id":"way/1203110965","properties":{"amenity":"school","name":"Dr. Knippenbergcollege","id":"way/1203110965"},"geometry":{"type":"Point","coordinates":[5.667074,51.4918043]}},{"type":"Feature","id":"way/1203419685","properties":{"access":"private","amenity":"parking","id":"way/1203419685"},"geometry":{"type":"Point","coordinates":[5.6552181,51.4831352]}},{"type":"Feature","id":"way/1209695574","properties":{"amenity":"parking","id":"way/1209695574"},"geometry":{"type":"Point","coordinates":[5.640342,51.482194]}},{"type":"Feature","id":"way/1225902893","properties":{"leisure":"pitch","sport":"padel","id":"way/1225902893"},"geometry":{"type":"Point","coordinates":[5.6364562,51.491275]}},{"type":"Feature","id":"way/1225902894","properties":{"leisure":"pitch","sport":"padel","id":"way/1225902894"},"geometry":{"type":"Point","coordinates":[5.6366316,51.4912723]}},{"type":"Feature","id":"way/1225902895","properties":{"leisure":"swimming_pool","id":"way/1225902895"},"geometry":{"type":"Point","coordinates":[5.6435146,51.4937513]}},{"type":"Feature","id":"way/1225906319","properties":{"leisure":"swimming_pool","id":"way/1225906319"},"geometry":{"type":"Point","coordinates":[5.647059,51.493231]}},{"type":"Feature","id":"way/1225906320","properties":{"leisure":"swimming_pool","id":"way/1225906320"},"geometry":{"type":"Point","coordinates":[5.6464924,51.4935178]}},{"type":"Feature","id":"way/1225906321","properties":{"leisure":"swimming_pool","id":"way/1225906321"},"geometry":{"type":"Point","coordinates":[5.6462778,51.4945769]}},{"type":"Feature","id":"way/1225906322","properties":{"leisure":"swimming_pool","id":"way/1225906322"},"geometry":{"type":"Point","coordinates":[5.6458655,51.4941887]}},{"type":"Feature","id":"way/1225906325","properties":{"leisure":"swimming_pool","id":"way/1225906325"},"geometry":{"type":"Point","coordinates":[5.6451349,51.4928058]}},{"type":"Feature","id":"way/1225906326","properties":{"leisure":"swimming_pool","id":"way/1225906326"},"geometry":{"type":"Point","coordinates":[5.6454749,51.492719]}},{"type":"Feature","id":"way/1225906327","properties":{"leisure":"swimming_pool","id":"way/1225906327"},"geometry":{"type":"Point","coordinates":[5.6451179,51.4918849]}},{"type":"Feature","id":"way/1225906328","properties":{"leisure":"swimming_pool","id":"way/1225906328"},"geometry":{"type":"Point","coordinates":[5.6453407,51.4919528]}},{"type":"Feature","id":"way/1225906330","properties":{"leisure":"swimming_pool","id":"way/1225906330"},"geometry":{"type":"Point","coordinates":[5.6402632,51.4915305]}},{"type":"Feature","id":"way/1225906331","properties":{"leisure":"swimming_pool","id":"way/1225906331"},"geometry":{"type":"Point","coordinates":[5.6403458,51.4911022]}},{"type":"Feature","id":"way/1225906332","properties":{"leisure":"swimming_pool","id":"way/1225906332"},"geometry":{"type":"Point","coordinates":[5.6405062,51.4908247]}},{"type":"Feature","id":"way/1225906333","properties":{"leisure":"swimming_pool","id":"way/1225906333"},"geometry":{"type":"Point","coordinates":[5.6484371,51.492146]}},{"type":"Feature","id":"way/1225906334","properties":{"leisure":"swimming_pool","id":"way/1225906334"},"geometry":{"type":"Point","coordinates":[5.6494811,51.4939976]}},{"type":"Feature","id":"way/1225906335","properties":{"leisure":"swimming_pool","id":"way/1225906335"},"geometry":{"type":"Point","coordinates":[5.6473106,51.4903314]}},{"type":"Feature","id":"way/1225906336","properties":{"leisure":"swimming_pool","id":"way/1225906336"},"geometry":{"type":"Point","coordinates":[5.6450721,51.4892627]}},{"type":"Feature","id":"way/1225906337","properties":{"leisure":"swimming_pool","id":"way/1225906337"},"geometry":{"type":"Point","coordinates":[5.6450338,51.4882829]}},{"type":"Feature","id":"way/1225906338","properties":{"leisure":"swimming_pool","id":"way/1225906338"},"geometry":{"type":"Point","coordinates":[5.6426162,51.4867591]}},{"type":"Feature","id":"way/1225906339","properties":{"leisure":"swimming_pool","id":"way/1225906339"},"geometry":{"type":"Point","coordinates":[5.6464314,51.4904425]}},{"type":"Feature","id":"way/1225906340","properties":{"leisure":"swimming_pool","id":"way/1225906340"},"geometry":{"type":"Point","coordinates":[5.6463814,51.4918326]}},{"type":"Feature","id":"way/1225926279","properties":{"leisure":"pitch","sport":"tennis","id":"way/1225926279"},"geometry":{"type":"Point","coordinates":[5.6425805,51.4927143]}},{"type":"Feature","id":"way/1227731667","properties":{"access":"yes","amenity":"parking","fee":"no","parking":"surface","id":"way/1227731667"},"geometry":{"type":"Point","coordinates":[5.680402,51.4811869]}},{"type":"Feature","id":"way/1229626314","properties":{"access":"private","amenity":"parking","id":"way/1229626314"},"geometry":{"type":"Point","coordinates":[5.6458597,51.4935249]}},{"type":"Feature","id":"way/1229626315","properties":{"access":"private","amenity":"parking","parking":"surface","surface":"gravel","id":"way/1229626315"},"geometry":{"type":"Point","coordinates":[5.6470557,51.4949421]}},{"type":"Feature","id":"way/1229626316","properties":{"access":"private","amenity":"parking","surface":"gravel","id":"way/1229626316"},"geometry":{"type":"Point","coordinates":[5.6473305,51.4932343]}},{"type":"Feature","id":"way/1229626317","properties":{"access":"private","amenity":"parking","surface":"gravel","id":"way/1229626317"},"geometry":{"type":"Point","coordinates":[5.6469523,51.4927737]}},{"type":"Feature","id":"way/1229626318","properties":{"access":"private","amenity":"parking","surface":"gravel","id":"way/1229626318"},"geometry":{"type":"Point","coordinates":[5.647274,51.4927104]}},{"type":"Feature","id":"way/1229626319","properties":{"access":"private","amenity":"parking","surface":"gravel","id":"way/1229626319"},"geometry":{"type":"Point","coordinates":[5.6474848,51.4931335]}},{"type":"Feature","id":"way/1229626320","properties":{"access":"private","amenity":"parking","id":"way/1229626320"},"geometry":{"type":"Point","coordinates":[5.6454026,51.4934181]}},{"type":"Feature","id":"way/1229626321","properties":{"access":"private","amenity":"parking","id":"way/1229626321"},"geometry":{"type":"Point","coordinates":[5.6455239,51.4944198]}},{"type":"Feature","id":"way/1229626323","properties":{"amenity":"parking","id":"way/1229626323"},"geometry":{"type":"Point","coordinates":[5.6467759,51.4953305]}},{"type":"Feature","id":"way/1229626324","properties":{"amenity":"parking","id":"way/1229626324"},"geometry":{"type":"Point","coordinates":[5.6474084,51.4955809]}},{"type":"Feature","id":"way/1229627909","properties":{"leisure":"pitch","sport":"field_hockey","id":"way/1229627909"},"geometry":{"type":"Point","coordinates":[5.6422913,51.489689]}},{"type":"Feature","id":"way/1229627912","properties":{"access":"private","amenity":"parking","id":"way/1229627912"},"geometry":{"type":"Point","coordinates":[5.6429634,51.4898675]}},{"type":"Feature","id":"way/1229627914","properties":{"access":"private","amenity":"parking","id":"way/1229627914"},"geometry":{"type":"Point","coordinates":[5.6427971,51.4895948]}},{"type":"Feature","id":"way/1229638698","properties":{"amenity":"parking","fee":"no","parking":"surface","surface":"grass","id":"way/1229638698"},"geometry":{"type":"Point","coordinates":[5.6797752,51.4581068]}},{"type":"Feature","id":"way/1229638699","properties":{"amenity":"parking","fee":"no","parking":"surface","surface":"concrete","id":"way/1229638699"},"geometry":{"type":"Point","coordinates":[5.6761098,51.4601075]}},{"type":"Feature","id":"way/1229643344","properties":{"amenity":"parking","name":"P2 Brainport Human Campus","id":"way/1229643344"},"geometry":{"type":"Point","coordinates":[5.6245848,51.4777503]}},{"type":"Feature","id":"way/1229643368","properties":{"amenity":"parking","name":"P4 Brainport Human Campus","id":"way/1229643368"},"geometry":{"type":"Point","coordinates":[5.623582,51.4763542]}},{"type":"Feature","id":"way/1229643369","properties":{"amenity":"parking","name":"P3 Brainport Human Campus","id":"way/1229643369"},"geometry":{"type":"Point","coordinates":[5.6192087,51.475762]}},{"type":"Feature","id":"way/1236886159","properties":{"leisure":"garden","id":"way/1236886159"},"geometry":{"type":"Point","coordinates":[5.6665237,51.49348]}},{"type":"Feature","id":"way/1236886160","properties":{"leisure":"garden","id":"way/1236886160"},"geometry":{"type":"Point","coordinates":[5.6666191,51.4938554]}},{"type":"Feature","id":"way/1236886163","properties":{"leisure":"garden","id":"way/1236886163"},"geometry":{"type":"Point","coordinates":[5.6670108,51.4931507]}},{"type":"Feature","id":"way/1236888258","properties":{"leisure":"playground","surface":"grass","id":"way/1236888258"},"geometry":{"type":"Point","coordinates":[5.6663923,51.4926164]}},{"type":"Feature","id":"way/1236892223","properties":{"access":"yes","leisure":"pitch","lit":"no","sport":"soccer","surface":"grass","id":"way/1236892223"},"geometry":{"type":"Point","coordinates":[5.669704,51.4926327]}},{"type":"Feature","id":"way/1241639670","properties":{"leisure":"park","name":"Enckevoirtpark","name:etymology:wikidata":"Q749655","wikidata":"Q124330179","id":"way/1241639670"},"geometry":{"type":"Point","coordinates":[5.6369253,51.4713449]}},{"type":"Feature","id":"way/1242203286","properties":{"amenity":"school","id":"way/1242203286"},"geometry":{"type":"Point","coordinates":[5.6469119,51.4854397]}},{"type":"Feature","id":"node/1259331706","properties":{"addr:city":"Helmond","addr:housenumber":"1","addr:postcode":"5704EG","addr:street":"Brouwhorst","amenity":"fast_food","name":"Restaria Brouwhuis","phone":"+31 492 515 518","source":"BAG","source:date":"2014-06-04","website":"http://restariabrouwhorst.nl","id":"node/1259331706"},"geometry":{"type":"Point","coordinates":[5.7030986,51.4690424]}},{"type":"Feature","id":"way/1264646484","properties":{"leisure":"pitch","sport":"equestrian","id":"way/1264646484"},"geometry":{"type":"Point","coordinates":[5.6075599,51.4765028]}},{"type":"Feature","id":"way/1266179571","properties":{"leisure":"pitch","operator":"Helmondse Tennisvereniging","sport":"tennis","id":"way/1266179571"},"geometry":{"type":"Point","coordinates":[5.6766841,51.4868819]}},{"type":"Feature","id":"way/1266179572","properties":{"leisure":"pitch","operator":"Helmondse Tennisvereniging","sport":"tennis","id":"way/1266179572"},"geometry":{"type":"Point","coordinates":[5.6764868,51.4871844]}},{"type":"Feature","id":"way/1266179573","properties":{"leisure":"pitch","operator":"Helmondse Tennisvereniging","sport":"tennis","id":"way/1266179573"},"geometry":{"type":"Point","coordinates":[5.6766987,51.4872393]}},{"type":"Feature","id":"way/1266179574","properties":{"leisure":"pitch","operator":"Helmondse Tennisvereniging","sport":"tennis","id":"way/1266179574"},"geometry":{"type":"Point","coordinates":[5.6769799,51.4873105]}},{"type":"Feature","id":"way/1266179575","properties":{"leisure":"pitch","operator":"Helmondse Tennisvereniging","sport":"tennis","id":"way/1266179575"},"geometry":{"type":"Point","coordinates":[5.6771964,51.4873637]}},{"type":"Feature","id":"way/1266179576","properties":{"leisure":"pitch","sport":"tennis","id":"way/1266179576"},"geometry":{"type":"Point","coordinates":[5.6770798,51.4870513]}},{"type":"Feature","id":"way/1273079081","properties":{"access":"yes","leisure":"playground","id":"way/1273079081"},"geometry":{"type":"Point","coordinates":[5.6043256,51.460818]}},{"type":"Feature","id":"way/1273165865","properties":{"amenity":"parking","id":"way/1273165865"},"geometry":{"type":"Point","coordinates":[5.6044351,51.4554016]}},{"type":"Feature","id":"way/1274227377","properties":{"access":"yes","amenity":"parking","fee":"no","parking":"surface","id":"way/1274227377"},"geometry":{"type":"Point","coordinates":[5.7061527,51.4707868]}},{"type":"Feature","id":"way/1275578321","properties":{"access":"private","amenity":"parking","fee":"no","id":"way/1275578321"},"geometry":{"type":"Point","coordinates":[5.6495074,51.4917413]}},{"type":"Feature","id":"way/1275578325","properties":{"access":"private","amenity":"parking","fee":"no","id":"way/1275578325"},"geometry":{"type":"Point","coordinates":[5.6493615,51.4918125]}},{"type":"Feature","id":"way/1280555186","properties":{"access":"private","amenity":"parking","fee":"no","id":"way/1280555186"},"geometry":{"type":"Point","coordinates":[5.6446726,51.482952]}},{"type":"Feature","id":"way/1280559487","properties":{"access":"private","amenity":"parking","id":"way/1280559487"},"geometry":{"type":"Point","coordinates":[5.6499163,51.4919301]}},{"type":"Feature","id":"way/1280559488","properties":{"amenity":"parking","id":"way/1280559488"},"geometry":{"type":"Point","coordinates":[5.6499148,51.492333]}},{"type":"Feature","id":"way/1282373194","properties":{"access":"yes","amenity":"parking","capacity":"27","fee":"no","parking":"surface","surface":"paving_stones","id":"way/1282373194"},"geometry":{"type":"Point","coordinates":[5.6655231,51.4988779]}},{"type":"Feature","id":"way/1288249347","properties":{"amenity":"parking","parking":"street_side","id":"way/1288249347"},"geometry":{"type":"Point","coordinates":[5.6422639,51.4815144]}},{"type":"Feature","id":"way/1288249360","properties":{"amenity":"parking","capacity":"10","parking":"street_side","id":"way/1288249360"},"geometry":{"type":"Point","coordinates":[5.6565696,51.4840324]}},{"type":"Feature","id":"way/1288249361","properties":{"amenity":"parking","capacity":"7","parking":"street_side","id":"way/1288249361"},"geometry":{"type":"Point","coordinates":[5.6567924,51.4840929]}},{"type":"Feature","id":"way/1298812071","properties":{"leisure":"swimming_pool","id":"way/1298812071"},"geometry":{"type":"Point","coordinates":[5.7028443,51.4609585]}},{"type":"Feature","id":"way/1298812075","properties":{"leisure":"swimming_pool","id":"way/1298812075"},"geometry":{"type":"Point","coordinates":[5.7030318,51.4610131]}},{"type":"Feature","id":"way/1299043222","properties":{"access":"private","amenity":"parking","id":"way/1299043222"},"geometry":{"type":"Point","coordinates":[5.6457616,51.4948089]}},{"type":"Feature","id":"way/1299043227","properties":{"access":"private","amenity":"parking","id":"way/1299043227"},"geometry":{"type":"Point","coordinates":[5.6460924,51.4947569]}},{"type":"Feature","id":"way/1299043232","properties":{"access":"private","amenity":"parking","id":"way/1299043232"},"geometry":{"type":"Point","coordinates":[5.646597,51.4947389]}},{"type":"Feature","id":"way/1299048568","properties":{"access":"private","amenity":"parking","id":"way/1299048568"},"geometry":{"type":"Point","coordinates":[5.6469545,51.4943812]}},{"type":"Feature","id":"way/1299048583","properties":{"access":"private","amenity":"parking","id":"way/1299048583"},"geometry":{"type":"Point","coordinates":[5.6468384,51.4938289]}},{"type":"Feature","id":"way/1300256840","properties":{"access":"private","leisure":"pitch","sport":"equestrian","id":"way/1300256840"},"geometry":{"type":"Point","coordinates":[5.6418373,51.4586939]}},{"type":"Feature","id":"way/1300256841","properties":{"access":"private","amenity":"parking","id":"way/1300256841"},"geometry":{"type":"Point","coordinates":[5.6413491,51.4586499]}},{"type":"Feature","id":"way/1300379280","properties":{"leisure":"pitch","id":"way/1300379280"},"geometry":{"type":"Point","coordinates":[5.6914191,51.4764793]}},{"type":"Feature","id":"way/1300379283","properties":{"leisure":"sports_centre","name":"Sportpark Rijpelberg","id":"way/1300379283"},"geometry":{"type":"Point","coordinates":[5.6928202,51.4760029]}},{"type":"Feature","id":"way/1300555067","properties":{"leisure":"pitch","lit":"yes","sport":"padel","id":"way/1300555067"},"geometry":{"type":"Point","coordinates":[5.6329961,51.4897174]}},{"type":"Feature","id":"way/1300555068","properties":{"leisure":"pitch","lit":"yes","sport":"padel","id":"way/1300555068"},"geometry":{"type":"Point","coordinates":[5.6332745,51.4896971]}},{"type":"Feature","id":"way/1300555069","properties":{"leisure":"pitch","lit":"yes","sport":"padel","id":"way/1300555069"},"geometry":{"type":"Point","coordinates":[5.6329608,51.4895511]}},{"type":"Feature","id":"way/1300555070","properties":{"leisure":"pitch","lit":"yes","sport":"padel","id":"way/1300555070"},"geometry":{"type":"Point","coordinates":[5.6332393,51.4895309]}},{"type":"Feature","id":"way/1301542546","properties":{"amenity":"parking","parking":"street_side","id":"way/1301542546"},"geometry":{"type":"Point","coordinates":[5.6449939,51.4756329]}},{"type":"Feature","id":"way/1301542547","properties":{"amenity":"parking","parking":"street_side","id":"way/1301542547"},"geometry":{"type":"Point","coordinates":[5.6452165,51.4754379]}},{"type":"Feature","id":"way/1301542549","properties":{"amenity":"parking","parking":"street_side","id":"way/1301542549"},"geometry":{"type":"Point","coordinates":[5.6456756,51.475614]}},{"type":"Feature","id":"way/1301542550","properties":{"leisure":"playground","id":"way/1301542550"},"geometry":{"type":"Point","coordinates":[5.6448756,51.4755184]}},{"type":"Feature","id":"way/1301542551","properties":{"amenity":"parking","parking":"street_side","id":"way/1301542551"},"geometry":{"type":"Point","coordinates":[5.6452804,51.4758151]}},{"type":"Feature","id":"way/1302709731","properties":{"amenity":"parking","parking":"street_side","id":"way/1302709731"},"geometry":{"type":"Point","coordinates":[5.6461794,51.4873542]}},{"type":"Feature","id":"way/1302709733","properties":{"amenity":"parking","parking":"street_side","id":"way/1302709733"},"geometry":{"type":"Point","coordinates":[5.645886,51.4895853]}},{"type":"Feature","id":"way/1302714329","properties":{"amenity":"parking","parking":"street_side","id":"way/1302714329"},"geometry":{"type":"Point","coordinates":[5.6854102,51.4762735]}},{"type":"Feature","id":"way/1302714337","properties":{"leisure":"pitch","id":"way/1302714337"},"geometry":{"type":"Point","coordinates":[5.68782,51.4767246]}},{"type":"Feature","id":"way/1302714338","properties":{"leisure":"pitch","id":"way/1302714338"},"geometry":{"type":"Point","coordinates":[5.6870678,51.4772402]}},{"type":"Feature","id":"way/1302714339","properties":{"leisure":"pitch","id":"way/1302714339"},"geometry":{"type":"Point","coordinates":[5.6873522,51.4769661]}},{"type":"Feature","id":"way/1308962581","properties":{"leisure":"park","name":"25 Septemberpark","opening_date":"2025-03-01","start_date":"2025-06-11","wikidata":"Q129669732","id":"way/1308962581"},"geometry":{"type":"Point","coordinates":[5.6551313,51.4845703]}},{"type":"Feature","id":"way/1308963687","properties":{"access":"private","amenity":"parking","id":"way/1308963687"},"geometry":{"type":"Point","coordinates":[5.6413822,51.4768071]}},{"type":"Feature","id":"way/1308963690","properties":{"amenity":"parking","id":"way/1308963690"},"geometry":{"type":"Point","coordinates":[5.6422608,51.4768592]}},{"type":"Feature","id":"way/1308963693","properties":{"amenity":"parking","id":"way/1308963693"},"geometry":{"type":"Point","coordinates":[5.642733,51.4769306]}},{"type":"Feature","id":"way/1308963694","properties":{"amenity":"parking","parking":"street_side","id":"way/1308963694"},"geometry":{"type":"Point","coordinates":[5.6442333,51.476371]}},{"type":"Feature","id":"way/1312811808","properties":{"amenity":"parking","id":"way/1312811808"},"geometry":{"type":"Point","coordinates":[5.6309813,51.475933]}},{"type":"Feature","id":"way/1312811809","properties":{"amenity":"parking","id":"way/1312811809"},"geometry":{"type":"Point","coordinates":[5.6303418,51.4763169]}},{"type":"Feature","id":"way/1312811815","properties":{"amenity":"parking","id":"way/1312811815"},"geometry":{"type":"Point","coordinates":[5.6338859,51.4757032]}},{"type":"Feature","id":"way/1312811819","properties":{"amenity":"parking","id":"way/1312811819"},"geometry":{"type":"Point","coordinates":[5.6303033,51.4746672]}},{"type":"Feature","id":"way/1312812342","properties":{"amenity":"parking","id":"way/1312812342"},"geometry":{"type":"Point","coordinates":[5.6288215,51.4742921]}},{"type":"Feature","id":"way/1312812345","properties":{"amenity":"parking","id":"way/1312812345"},"geometry":{"type":"Point","coordinates":[5.6279379,51.4743986]}},{"type":"Feature","id":"way/1312812346","properties":{"amenity":"parking","id":"way/1312812346"},"geometry":{"type":"Point","coordinates":[5.6263545,51.4739418]}},{"type":"Feature","id":"way/1312812347","properties":{"amenity":"parking","id":"way/1312812347"},"geometry":{"type":"Point","coordinates":[5.6263451,51.4737808]}},{"type":"Feature","id":"way/1315021552","properties":{"amenity":"parking","parking":"street_side","id":"way/1315021552"},"geometry":{"type":"Point","coordinates":[5.6289518,51.4685982]}},{"type":"Feature","id":"way/1315021564","properties":{"amenity":"parking","parking":"street_side","id":"way/1315021564"},"geometry":{"type":"Point","coordinates":[5.6310305,51.4676288]}},{"type":"Feature","id":"way/1316902898","properties":{"leisure":"playground","surface":"concrete","id":"way/1316902898"},"geometry":{"type":"Point","coordinates":[5.65514,51.4844754]}},{"type":"Feature","id":"way/1319614298","properties":{"amenity":"parking","parking":"street_side","id":"way/1319614298"},"geometry":{"type":"Point","coordinates":[5.6176023,51.4863676]}},{"type":"Feature","id":"way/1319614299","properties":{"amenity":"parking","parking":"street_side","id":"way/1319614299"},"geometry":{"type":"Point","coordinates":[5.616591,51.4865831]}},{"type":"Feature","id":"way/1319616090","properties":{"amenity":"parking","parking":"street_side","id":"way/1319616090"},"geometry":{"type":"Point","coordinates":[5.6189573,51.4856774]}},{"type":"Feature","id":"way/1319618978","properties":{"amenity":"parking","id":"way/1319618978"},"geometry":{"type":"Point","coordinates":[5.6161448,51.4877194]}},{"type":"Feature","id":"way/1319622477","properties":{"amenity":"parking","parking":"street_side","id":"way/1319622477"},"geometry":{"type":"Point","coordinates":[5.6158902,51.4887652]}},{"type":"Feature","id":"way/1319622478","properties":{"amenity":"parking","parking":"street_side","id":"way/1319622478"},"geometry":{"type":"Point","coordinates":[5.6156992,51.4889831]}},{"type":"Feature","id":"way/1319622479","properties":{"amenity":"parking","parking":"street_side","id":"way/1319622479"},"geometry":{"type":"Point","coordinates":[5.6156846,51.4890943]}},{"type":"Feature","id":"way/1319622480","properties":{"amenity":"parking","parking":"street_side","id":"way/1319622480"},"geometry":{"type":"Point","coordinates":[5.6160027,51.4894812]}},{"type":"Feature","id":"way/1319622481","properties":{"amenity":"parking","id":"way/1319622481"},"geometry":{"type":"Point","coordinates":[5.616613,51.4888967]}},{"type":"Feature","id":"way/1323098053","properties":{"leisure":"swimming_pool","id":"way/1323098053"},"geometry":{"type":"Point","coordinates":[5.6408956,51.4797492]}},{"type":"Feature","id":"way/1323098054","properties":{"access":"private","amenity":"parking","fee":"no","id":"way/1323098054"},"geometry":{"type":"Point","coordinates":[5.6413027,51.4797791]}},{"type":"Feature","id":"way/1323100555","properties":{"leisure":"swimming_pool","id":"way/1323100555"},"geometry":{"type":"Point","coordinates":[5.6447452,51.47991]}},{"type":"Feature","id":"way/1323100556","properties":{"leisure":"swimming_pool","id":"way/1323100556"},"geometry":{"type":"Point","coordinates":[5.644017,51.4803553]}},{"type":"Feature","id":"way/1323100557","properties":{"leisure":"swimming_pool","id":"way/1323100557"},"geometry":{"type":"Point","coordinates":[5.6431826,51.4805178]}},{"type":"Feature","id":"way/1323100558","properties":{"leisure":"swimming_pool","id":"way/1323100558"},"geometry":{"type":"Point","coordinates":[5.642295,51.4800728]}},{"type":"Feature","id":"way/1323100559","properties":{"leisure":"swimming_pool","id":"way/1323100559"},"geometry":{"type":"Point","coordinates":[5.6419603,51.4806969]}},{"type":"Feature","id":"way/1323100560","properties":{"leisure":"swimming_pool","id":"way/1323100560"},"geometry":{"type":"Point","coordinates":[5.6417914,51.4805767]}},{"type":"Feature","id":"way/1323100561","properties":{"leisure":"swimming_pool","id":"way/1323100561"},"geometry":{"type":"Point","coordinates":[5.641968,51.4808163]}},{"type":"Feature","id":"way/1323100562","properties":{"leisure":"swimming_pool","id":"way/1323100562"},"geometry":{"type":"Point","coordinates":[5.6423874,51.4791171]}},{"type":"Feature","id":"way/1323100563","properties":{"leisure":"swimming_pool","id":"way/1323100563"},"geometry":{"type":"Point","coordinates":[5.6431061,51.4789509]}},{"type":"Feature","id":"way/1323100564","properties":{"leisure":"swimming_pool","id":"way/1323100564"},"geometry":{"type":"Point","coordinates":[5.6439337,51.4793596]}},{"type":"Feature","id":"way/1323100565","properties":{"leisure":"swimming_pool","id":"way/1323100565"},"geometry":{"type":"Point","coordinates":[5.6441258,51.4819703]}},{"type":"Feature","id":"way/1323100566","properties":{"leisure":"swimming_pool","id":"way/1323100566"},"geometry":{"type":"Point","coordinates":[5.6467111,51.483787]}},{"type":"Feature","id":"way/1323100567","properties":{"leisure":"swimming_pool","id":"way/1323100567"},"geometry":{"type":"Point","coordinates":[5.6496217,51.4846041]}},{"type":"Feature","id":"way/1323100568","properties":{"leisure":"swimming_pool","id":"way/1323100568"},"geometry":{"type":"Point","coordinates":[5.6412635,51.4780346]}},{"type":"Feature","id":"way/1323100569","properties":{"leisure":"swimming_pool","id":"way/1323100569"},"geometry":{"type":"Point","coordinates":[5.6435367,51.4789282]}},{"type":"Feature","id":"way/1323100570","properties":{"leisure":"swimming_pool","id":"way/1323100570"},"geometry":{"type":"Point","coordinates":[5.6390079,51.4796236]}},{"type":"Feature","id":"way/1323100571","properties":{"leisure":"swimming_pool","id":"way/1323100571"},"geometry":{"type":"Point","coordinates":[5.6374702,51.481144]}},{"type":"Feature","id":"way/1323100572","properties":{"leisure":"swimming_pool","id":"way/1323100572"},"geometry":{"type":"Point","coordinates":[5.645174,51.4776366]}},{"type":"Feature","id":"way/1323100573","properties":{"leisure":"swimming_pool","id":"way/1323100573"},"geometry":{"type":"Point","coordinates":[5.6478554,51.4796617]}},{"type":"Feature","id":"way/1323100574","properties":{"leisure":"swimming_pool","id":"way/1323100574"},"geometry":{"type":"Point","coordinates":[5.650562,51.4817743]}},{"type":"Feature","id":"way/1323100575","properties":{"leisure":"swimming_pool","id":"way/1323100575"},"geometry":{"type":"Point","coordinates":[5.6450179,51.4836077]}},{"type":"Feature","id":"way/1323100576","properties":{"leisure":"swimming_pool","id":"way/1323100576"},"geometry":{"type":"Point","coordinates":[5.6425496,51.4874769]}},{"type":"Feature","id":"way/1323100577","properties":{"leisure":"swimming_pool","id":"way/1323100577"},"geometry":{"type":"Point","coordinates":[5.6429268,51.4945525]}},{"type":"Feature","id":"way/1323100578","properties":{"leisure":"swimming_pool","id":"way/1323100578"},"geometry":{"type":"Point","coordinates":[5.6443197,51.4950624]}},{"type":"Feature","id":"way/1323100579","properties":{"leisure":"swimming_pool","id":"way/1323100579"},"geometry":{"type":"Point","coordinates":[5.6441142,51.4982781]}},{"type":"Feature","id":"way/1323100580","properties":{"leisure":"swimming_pool","id":"way/1323100580"},"geometry":{"type":"Point","coordinates":[5.6410984,51.4957769]}},{"type":"Feature","id":"way/1324336851","properties":{"amenity":"parking","orientation":"perpendicular","parking":"street_side","id":"way/1324336851"},"geometry":{"type":"Point","coordinates":[5.6003313,51.4605756]}},{"type":"Feature","id":"way/1324336852","properties":{"amenity":"parking","orientation":"perpendicular","parking":"street_side","id":"way/1324336852"},"geometry":{"type":"Point","coordinates":[5.6010839,51.460886]}},{"type":"Feature","id":"way/1324336853","properties":{"amenity":"parking","parking":"street_side","id":"way/1324336853"},"geometry":{"type":"Point","coordinates":[5.6015548,51.4609229]}},{"type":"Feature","id":"way/1324336854","properties":{"amenity":"parking","orientation":"perpendicular","parking":"street_side","id":"way/1324336854"},"geometry":{"type":"Point","coordinates":[5.6014599,51.460999]}},{"type":"Feature","id":"way/1328400856","properties":{"access":"private","amenity":"parking","parking":"surface","id":"way/1328400856"},"geometry":{"type":"Point","coordinates":[5.6053029,51.4607841]}},{"type":"Feature","id":"way/1328402442","properties":{"amenity":"parking","id":"way/1328402442"},"geometry":{"type":"Point","coordinates":[5.6654537,51.4673711]}},{"type":"Feature","id":"way/1328402443","properties":{"amenity":"parking","id":"way/1328402443"},"geometry":{"type":"Point","coordinates":[5.6663028,51.4674798]}},{"type":"Feature","id":"way/1328544678","properties":{"access":"private","amenity":"parking","parking":"surface","id":"way/1328544678"},"geometry":{"type":"Point","coordinates":[5.6077628,51.4599964]}},{"type":"Feature","id":"way/1328544683","properties":{"access":"private","amenity":"parking","parking":"surface","id":"way/1328544683"},"geometry":{"type":"Point","coordinates":[5.6074939,51.460634]}},{"type":"Feature","id":"way/1329396112","properties":{"leisure":"pitch","sport":"soccer","id":"way/1329396112"},"geometry":{"type":"Point","coordinates":[5.6405646,51.4798754]}},{"type":"Feature","id":"way/1333186329","properties":{"access":"private","amenity":"parking","id":"way/1333186329"},"geometry":{"type":"Point","coordinates":[5.6456207,51.4811668]}},{"type":"Feature","id":"way/1333186330","properties":{"amenity":"parking","id":"way/1333186330"},"geometry":{"type":"Point","coordinates":[5.6458592,51.4812831]}},{"type":"Feature","id":"way/1333675159","properties":{"access":"private","amenity":"parking","parking":"surface","id":"way/1333675159"},"geometry":{"type":"Point","coordinates":[5.6506569,51.4800886]}},{"type":"Feature","id":"way/1333675160","properties":{"amenity":"parking","parking":"street_side","id":"way/1333675160"},"geometry":{"type":"Point","coordinates":[5.6507659,51.4802566]}},{"type":"Feature","id":"way/1333675176","properties":{"amenity":"parking","id":"way/1333675176"},"geometry":{"type":"Point","coordinates":[5.6473807,51.4794826]}},{"type":"Feature","id":"way/1341506538","properties":{"leisure":"pitch","lit":"yes","operator":"Helmond Sport","operator:wikidata":"Q636315","source":"3dShapes","sport":"soccer","id":"way/1341506538"},"geometry":{"type":"Point","coordinates":[5.6791178,51.487379]}},{"type":"Feature","id":"way/1349210426","properties":{"access":"private","amenity":"parking","parking":"underground","id":"way/1349210426"},"geometry":{"type":"Point","coordinates":[5.6527626,51.4833483]}},{"type":"Feature","id":"way/1353405900","properties":{"access":"customers","amenity":"parking","fee":"no","parking":"surface","id":"way/1353405900"},"geometry":{"type":"Point","coordinates":[5.6793981,51.4886635]}},{"type":"Feature","id":"way/1353411460","properties":{"amenity":"parking","parking":"street_side","id":"way/1353411460"},"geometry":{"type":"Point","coordinates":[5.6513557,51.475601]}},{"type":"Feature","id":"way/1353411465","properties":{"amenity":"parking","parking":"street_side","id":"way/1353411465"},"geometry":{"type":"Point","coordinates":[5.6510342,51.4758729]}},{"type":"Feature","id":"way/1353411466","properties":{"amenity":"parking","parking":"street_side","id":"way/1353411466"},"geometry":{"type":"Point","coordinates":[5.6511744,51.475881]}},{"type":"Feature","id":"way/1353411467","properties":{"amenity":"parking","parking":"street_side","id":"way/1353411467"},"geometry":{"type":"Point","coordinates":[5.650768,51.4760039]}},{"type":"Feature","id":"way/1353411468","properties":{"amenity":"parking","id":"way/1353411468"},"geometry":{"type":"Point","coordinates":[5.650715,51.4760983]}},{"type":"Feature","id":"way/1353411469","properties":{"amenity":"parking","parking":"street_side","id":"way/1353411469"},"geometry":{"type":"Point","coordinates":[5.6511462,51.4760414]}},{"type":"Feature","id":"way/1358181951","properties":{"access":"private","amenity":"parking","parking":"surface","id":"way/1358181951"},"geometry":{"type":"Point","coordinates":[5.6068066,51.4612457]}},{"type":"Feature","id":"way/1364600319","properties":{"alt_name":"Campus de Braak","leisure":"stadium","name":"MySteel Stadion","old_name:2025-2026":"GS Staalwerken Stadion","operator":"Helmond Sport","operator:wikidata":"Q636315","sport":"soccer","website":"https://campusdebraak.nl","wikidata":"Q132997935","wikimedia_commons":"Category:MySteel Stadion","wikipedia":"nl:MySteel Stadion","id":"way/1364600319"},"geometry":{"type":"Point","coordinates":[5.6792399,51.4874061]}},{"type":"Feature","id":"way/1378057041","properties":{"leisure":"pitch","sport":"padel","id":"way/1378057041"},"geometry":{"type":"Point","coordinates":[5.6365136,51.4915221]}},{"type":"Feature","id":"way/1378059205","properties":{"amenity":"parking","id":"way/1378059205"},"geometry":{"type":"Point","coordinates":[5.6224196,51.4762774]}},{"type":"Feature","id":"way/1380263590","properties":{"access":"private","amenity":"parking","parking":"surface","id":"way/1380263590"},"geometry":{"type":"Point","coordinates":[5.6104276,51.4561768]}},{"type":"Feature","id":"way/1390535311","properties":{"amenity":"parking","parking":"street_side","id":"way/1390535311"},"geometry":{"type":"Point","coordinates":[5.6643981,51.4749191]}},{"type":"Feature","id":"way/1390535312","properties":{"amenity":"parking","parking":"street_side","id":"way/1390535312"},"geometry":{"type":"Point","coordinates":[5.6639651,51.4747248]}},{"type":"Feature","id":"way/1390535313","properties":{"amenity":"parking","parking":"street_side","id":"way/1390535313"},"geometry":{"type":"Point","coordinates":[5.6631257,51.4745768]}},{"type":"Feature","id":"way/1390535314","properties":{"amenity":"parking","parking":"street_side","id":"way/1390535314"},"geometry":{"type":"Point","coordinates":[5.6627354,51.4747068]}},{"type":"Feature","id":"way/1390535380","properties":{"leisure":"playground","id":"way/1390535380"},"geometry":{"type":"Point","coordinates":[5.6644591,51.475]}},{"type":"Feature","id":"way/1410728459","properties":{"amenity":"parking","parking":"surface","id":"way/1410728459"},"geometry":{"type":"Point","coordinates":[5.6797832,51.4880121]}},{"type":"Feature","id":"way/1410728467","properties":{"amenity":"parking","parking":"surface","id":"way/1410728467"},"geometry":{"type":"Point","coordinates":[5.6775614,51.4880497]}},{"type":"Feature","id":"way/1410989317","properties":{"amenity":"parking","building":"yes","layer":"-1","note:BAG":"parkeergarage lijkt niet gesloopt, enkel het pand dat erbovenop stond","parking":"underground","ref:bag":"0794100000401450","source":"BAG","source:date":"2025-06-30","start_date":"1982","id":"way/1410989317"},"geometry":{"type":"Point","coordinates":[5.6560663,51.4823732]}},{"type":"Feature","id":"way/1414319476","properties":{"access":"yes","amenity":"parking","capacity":"19","fee":"no","parking":"street_side","parking:both:orientation":"perpendicular","surface":"paving_stones","id":"way/1414319476"},"geometry":{"type":"Point","coordinates":[5.6045534,51.4607971]}},{"type":"Feature","id":"way/1414319479","properties":{"access":"yes","amenity":"parking","fee":"no","parking":"street_side","parking:both:orientation":"perpendicular","surface":"paving_stones","id":"way/1414319479"},"geometry":{"type":"Point","coordinates":[5.6042145,51.4603032]}},{"type":"Feature","id":"way/1414838248","properties":{"access":"yes","amenity":"parking","capacity":"8","fee":"yes","orientation":"perpendicular","parking":"street_side","surface":"paving_stones","id":"way/1414838248"},"geometry":{"type":"Point","coordinates":[5.6574581,51.4783938]}},{"type":"Feature","id":"way/1414838249","properties":{"access":"yes","amenity":"parking","capacity":"5","fee":"yes","orientation":"perpendicular","parking":"street_side","surface":"paving_stones","id":"way/1414838249"},"geometry":{"type":"Point","coordinates":[5.6574037,51.4782106]}},{"type":"Feature","id":"way/1416952681","properties":{"access":"permit","amenity":"parking","description":"parkeren voor vergunninghouders","fee":"no","name":"Kluisstraat-Zuid","parking":"surface","id":"way/1416952681"},"geometry":{"type":"Point","coordinates":[5.6589064,51.47932]}},{"type":"Feature","id":"way/1418690428","properties":{"leisure":"pitch","sport":"skateboard; basketball; panna","surface":"asphalt","id":"way/1418690428"},"geometry":{"type":"Point","coordinates":[5.6739091,51.4864027]}},{"type":"Feature","id":"way/1423498376","properties":{"access":"private","amenity":"parking","parking":"surface","id":"way/1423498376"},"geometry":{"type":"Point","coordinates":[5.6641296,51.4766241]}},{"type":"Feature","id":"way/1423498377","properties":{"amenity":"parking","id":"way/1423498377"},"geometry":{"type":"Point","coordinates":[5.6635339,51.4765577]}},{"type":"Feature","id":"way/1423498382","properties":{"amenity":"parking","id":"way/1423498382"},"geometry":{"type":"Point","coordinates":[5.6651188,51.4775198]}},{"type":"Feature","id":"way/1423498383","properties":{"amenity":"parking","id":"way/1423498383"},"geometry":{"type":"Point","coordinates":[5.6644057,51.4774376]}},{"type":"Feature","id":"way/1423498394","properties":{"amenity":"parking","id":"way/1423498394"},"geometry":{"type":"Point","coordinates":[5.66536,51.4771892]}},{"type":"Feature","id":"way/1423501734","properties":{"amenity":"parking","id":"way/1423501734"},"geometry":{"type":"Point","coordinates":[5.664627,51.4777046]}},{"type":"Feature","id":"way/1423501735","properties":{"amenity":"parking","id":"way/1423501735"},"geometry":{"type":"Point","coordinates":[5.6647042,51.4779301]}},{"type":"Feature","id":"way/1427260621","properties":{"amenity":"parking","id":"way/1427260621"},"geometry":{"type":"Point","coordinates":[5.6628574,51.4713494]}},{"type":"Feature","id":"way/1431970473","properties":{"amenity":"parking","id":"way/1431970473"},"geometry":{"type":"Point","coordinates":[5.6957433,51.4515954]}},{"type":"Feature","id":"way/1432581219","properties":{"leisure":"playground","id":"way/1432581219"},"geometry":{"type":"Point","coordinates":[5.6366656,51.4706443]}},{"type":"Feature","id":"way/1443875682","properties":{"amenity":"parking","parking":"street_side","id":"way/1443875682"},"geometry":{"type":"Point","coordinates":[5.6617939,51.4737432]}},{"type":"Feature","id":"way/1445403280","properties":{"amenity":"parking","orientation":"perpendicular","parking":"street_side","id":"way/1445403280"},"geometry":{"type":"Point","coordinates":[5.6827792,51.477759]}},{"type":"Feature","id":"way/1445403281","properties":{"amenity":"parking","orientation":"perpendicular","parking":"street_side","id":"way/1445403281"},"geometry":{"type":"Point","coordinates":[5.6827895,51.4775093]}},{"type":"Feature","id":"way/1452465032","properties":{"amenity":"parking","parking":"street_side","id":"way/1452465032"},"geometry":{"type":"Point","coordinates":[5.7039901,51.4647924]}},{"type":"Feature","id":"way/1452465033","properties":{"amenity":"parking","parking":"street_side","id":"way/1452465033"},"geometry":{"type":"Point","coordinates":[5.7040678,51.4647091]}},{"type":"Feature","id":"way/1452465034","properties":{"amenity":"parking","parking":"street_side","id":"way/1452465034"},"geometry":{"type":"Point","coordinates":[5.704757,51.4649607]}},{"type":"Feature","id":"way/1452465035","properties":{"amenity":"parking","parking":"street_side","id":"way/1452465035"},"geometry":{"type":"Point","coordinates":[5.7046736,51.4650443]}},{"type":"Feature","id":"way/1452465036","properties":{"amenity":"parking","parking":"street_side","id":"way/1452465036"},"geometry":{"type":"Point","coordinates":[5.7049988,51.4654738]}},{"type":"Feature","id":"way/1452465037","properties":{"amenity":"parking","parking":"street_side","id":"way/1452465037"},"geometry":{"type":"Point","coordinates":[5.7049586,51.4652109]}},{"type":"Feature","id":"way/1452465038","properties":{"amenity":"parking","parking":"street_side","id":"way/1452465038"},"geometry":{"type":"Point","coordinates":[5.7051256,51.4650367]}},{"type":"Feature","id":"way/1452465039","properties":{"amenity":"parking","parking":"street_side","id":"way/1452465039"},"geometry":{"type":"Point","coordinates":[5.7054791,51.464899]}},{"type":"Feature","id":"way/1452465062","properties":{"amenity":"parking","parking":"street_side","id":"way/1452465062"},"geometry":{"type":"Point","coordinates":[5.705737,51.4652536]}},{"type":"Feature","id":"way/1452465063","properties":{"amenity":"parking","parking":"street_side","id":"way/1452465063"},"geometry":{"type":"Point","coordinates":[5.7056375,51.4653476]}},{"type":"Feature","id":"way/1452610355","properties":{"amenity":"parking","orientation":"perpendicular","parking":"street_side","id":"way/1452610355"},"geometry":{"type":"Point","coordinates":[5.696701,51.4635162]}},{"type":"Feature","id":"way/1453089720","properties":{"amenity":"parking","id":"way/1453089720"},"geometry":{"type":"Point","coordinates":[5.66498,51.4744949]}},{"type":"Feature","id":"way/1467227067","properties":{"garden:type":"residential","leisure":"garden","id":"way/1467227067"},"geometry":{"type":"Point","coordinates":[5.6654142,51.4909672]}},{"type":"Feature","id":"way/1479800757","properties":{"addr:city":"Helmond","addr:housenumber":"250","addr:postcode":"5708JZ","addr:street":"Automotive Campus","amenity":"college","education":"college","isced:level":"3","landuse":"education","name":"Summa Automotive","operator":"Summa","operator:website":"https://summa-onderwijs.nl","operator:wikidata":"Q2451989","website":"https://summa-onderwijs.nl/scholen/summa-automotive/","id":"way/1479800757"},"geometry":{"type":"Point","coordinates":[5.6216608,51.4732592]}},{"type":"Feature","id":"way/1483080872","properties":{"leisure":"pitch","sport":"soccer","id":"way/1483080872"},"geometry":{"type":"Point","coordinates":[5.6822799,51.4867924]}},{"type":"Feature","id":"way/1483080873","properties":{"leisure":"pitch","sport":"soccer","id":"way/1483080873"},"geometry":{"type":"Point","coordinates":[5.6810441,51.4863787]}},{"type":"Feature","id":"way/1483080874","properties":{"leisure":"pitch","sport":"soccer","id":"way/1483080874"},"geometry":{"type":"Point","coordinates":[5.6787436,51.4857947]}},{"type":"Feature","id":"way/1483080875","properties":{"leisure":"pitch","sport":"soccer","id":"way/1483080875"},"geometry":{"type":"Point","coordinates":[5.6797429,51.4860657]}},{"type":"Feature","id":"way/1485747759","properties":{"amenity":"parking","fee":"no","parking":"surface","id":"way/1485747759"},"geometry":{"type":"Point","coordinates":[5.6502244,51.4857129]}},{"type":"Feature","id":"way/1485747760","properties":{"leisure":"pitch","sport":"futsal","id":"way/1485747760"},"geometry":{"type":"Point","coordinates":[5.6497531,51.485529]}},{"type":"Feature","id":"way/1493268454","properties":{"addr:city":"Helmond","addr:housenumber":"19","addr:postcode":"5709AE","addr:street":"Berkveld","amenity":"school","denomination":"roman_catholic","description":"Speciaal onderwijs (SO)","education":"school","email":"antoonvandijkschool@ssoe.nl","isced:level":"0-2","landuse":"education","max_age":"18","min_age":"4","name":"Antoon van Dijkschool","operator":"Stichting Speciaal Onderwijs & Expertisecentra","operator:website":"https://www.ssoe.nl","operator:wikidata":"Q138796860","phone":"+31 492 516 335","religion":"christian","school":"primary;secondary","school:special_needs":"only","website":"https://www.antoonvandijkschool.nl","id":"way/1493268454"},"geometry":{"type":"Point","coordinates":[5.7087387,51.4701158]}},{"type":"Feature","id":"way/1498609321","properties":{"access":"private","amenity":"parking","id":"way/1498609321"},"geometry":{"type":"Point","coordinates":[5.6574371,51.4756941]}},{"type":"Feature","id":"way/1503332265","properties":{"leisure":"playground","id":"way/1503332265"},"geometry":{"type":"Point","coordinates":[5.6717308,51.4814152]}},{"type":"Feature","id":"way/1505609084","properties":{"fee":"no","name":"De Rippert","tourism":"zoo","website":"https://www.dierenparkenhelmond.nl/","zoo":"petting_zoo","id":"way/1505609084"},"geometry":{"type":"Point","coordinates":[5.7012103,51.4737883]}},{"type":"Feature","id":"node/1518800884","properties":{"bus":"yes","name":"Helmond, Sint Antoniusweg","public_transport":"stop_position","id":"node/1518800884"},"geometry":{"type":"Point","coordinates":[5.6311348,51.4599208]}},{"type":"Feature","id":"way/1523957145","properties":{"amenity":"parking","id":"way/1523957145"},"geometry":{"type":"Point","coordinates":[5.6296562,51.4579234]}},{"type":"Feature","id":"way/1525693597","properties":{"amenity":"parking","surface":"grass","id":"way/1525693597"},"geometry":{"type":"Point","coordinates":[5.656025,51.4755088]}},{"type":"Feature","id":"way/1526044877","properties":{"amenity":"parking","parking":"street_side","id":"way/1526044877"},"geometry":{"type":"Point","coordinates":[5.6490401,51.4806199]}},{"type":"Feature","id":"way/1526044878","properties":{"amenity":"parking","parking":"street_side","id":"way/1526044878"},"geometry":{"type":"Point","coordinates":[5.6487149,51.4804974]}},{"type":"Feature","id":"way/1526044879","properties":{"amenity":"parking","parking":"street_side","id":"way/1526044879"},"geometry":{"type":"Point","coordinates":[5.6492724,51.4804124]}},{"type":"Feature","id":"way/1527802476","properties":{"amenity":"parking","id":"way/1527802476"},"geometry":{"type":"Point","coordinates":[5.6605087,51.4736446]}},{"type":"Feature","id":"way/1528694862","properties":{"access":"private","leisure":"swimming_pool","id":"way/1528694862"},"geometry":{"type":"Point","coordinates":[5.6197978,51.4806175]}},{"type":"Feature","id":"way/1543069019","properties":{"amenity":"parking","id":"way/1543069019"},"geometry":{"type":"Point","coordinates":[5.6951087,51.4699156]}},{"type":"Feature","id":"way/1544897842","properties":{"addr:city":"Helmond","addr:housenumber":"87","addr:postcode":"5701WL","addr:street":"Hortensialaan","amenity":"school","branch":"Helmond","description":"speciaal onderwijs (SO)","education":"school","email":"info@taalbrug.nl","isced:level":"0;1","landuse":"education","name":"Taalbrug Junior","operator":"Vitus Zuid","operator:website":"https://www.vituszuid.nl","operator:wikidata":"Q140703595","phone":"+31 40 7900090","school":"primary","school:special_needs":"only","special_needs:deaf":"yes","special_needs:language_disorder":"yes","website":"https://taalbrugjunior.nl","id":"way/1544897842"},"geometry":{"type":"Point","coordinates":[5.677954,51.479017]}},{"type":"Feature","id":"node/1567742243","properties":{"bus":"yes","name":"Helmond, Binderseind","public_transport":"stop_position","zone":"6531","id":"node/1567742243"},"geometry":{"type":"Point","coordinates":[5.6584515,51.4827474]}},{"type":"Feature","id":"node/1567742714","properties":{"bus":"yes","name":"Helmond, Binderseind","public_transport":"stop_position","zone":"6531","id":"node/1567742714"},"geometry":{"type":"Point","coordinates":[5.6586083,51.4834602]}},{"type":"Feature","id":"node/1714171519","properties":{"bus":"yes","highway":"bus_stop","name":"Vossenbeemd","public_transport":"platform","ref:IFOPT":"NL:Q:65311410","zone":"6531","id":"node/1714171519"},"geometry":{"type":"Point","coordinates":[5.6798525,51.4659105]}},{"type":"Feature","id":"node/1714171547","properties":{"bus":"yes","highway":"bus_stop","name":"Vossenbeemd","public_transport":"platform","ref:IFOPT":"NL:Q:65311420","zone":"6531","id":"node/1714171547"},"geometry":{"type":"Point","coordinates":[5.6798252,51.4661443]}},{"type":"Feature","id":"node/1732014454","properties":{"bus":"yes","local_ref":"C","name":"Helmond, Station","public_transport":"stop_position","id":"node/1732014454"},"geometry":{"type":"Point","coordinates":[5.6622237,51.4759072]}},{"type":"Feature","id":"node/1732739552","properties":{"bench":"no","bin":"yes","bus":"yes","highway":"bus_stop","name":"Bachlaan","public_transport":"platform","ref:IFOPT":"NL:Q:65313610","shelter":"no","zone":"6531","id":"node/1732739552"},"geometry":{"type":"Point","coordinates":[5.6437754,51.4852762]}},{"type":"Feature","id":"node/1732739578","properties":{"bus":"yes","highway":"bus_stop","name":"Hortsedijk","public_transport":"platform","ref:IFOPT":"NL:Q:65312550","zone":"6531","id":"node/1732739578"},"geometry":{"type":"Point","coordinates":[5.6275185,51.4821706]}},{"type":"Feature","id":"node/1732739582","properties":{"bench":"yes","bus":"yes","highway":"bus_stop","name":"Ziekenhuis","public_transport":"platform","ref:IFOPT":"NL:Q:65310340","shelter":"yes","zone":"6531","id":"node/1732739582"},"geometry":{"type":"Point","coordinates":[5.6446181,51.4823852]}},{"type":"Feature","id":"node/1954915420","properties":{"amenity":"parking","capacity":"1","park_ride":"yes","id":"node/1954915420"},"geometry":{"type":"Point","coordinates":[5.6232062,51.4743035]}},{"type":"Feature","id":"node/2057721725","properties":{"addr:city":"Helmond","addr:housenumber":"1","addr:postcode":"5701PP","addr:street":"Kasteelplein","email":"info@museumhelmond.nl","fee":"yes","name":"Kasteel Helmond","opening_hours":"Tu-Su 10:00-17:00; Dec 24,31 16:00-17:00 closed; easter +1 day 10:00-17:00; easter +50 days 10:00-17:00; Jan 01,Apr 27,Dec 25 off; easter -43 days off; easter -44 days off","operator":"Museum Helmond","operator:wikidata":"Q22015126","operator:wikipedia":"nl:Museum Helmond","payment:cash":"yes","payment:museumkaart":"yes","phone":"+31 492 587 716","source":"BAG","source:date":"2014-06-06","tourism":"museum","website":"https://museumhelmond.nl/kasteel-helmond/","wheelchair":"limited","id":"node/2057721725"},"geometry":{"type":"Point","coordinates":[5.6529579,51.4770701]}},{"type":"Feature","id":"node/2159396163","properties":{"addr:city":"Helmond","addr:housenumber":"1A","addr:postcode":"5709EK","addr:street":"Rakthof","name":"Mari van Boven","shop":"bicycle","source":"www.marivanboven.nl","website":"https://www.marivanbovenfietsen.nl","id":"node/2159396163"},"geometry":{"type":"Point","coordinates":[5.7080817,51.4730087]}},{"type":"Feature","id":"node/2296901802","properties":{"addr:city":"Helmond","addr:housenumber":"6","addr:postcode":"5705CH","addr:street":"Binnendijk","name":"DCA Motorcycles","shop":"motorcycle","source":"BAG","source:date":"2014-06-06","website":"https://www.dcamotorcycles.nl/","id":"node/2296901802"},"geometry":{"type":"Point","coordinates":[5.6803701,51.4695344]}},{"type":"Feature","id":"node/2340308267","properties":{"addr:city":"Helmond","addr:housenumber":"87","addr:postcode":"5708ZK","addr:street":"de Plaetse","alt_name":"Albert Heijn Brandevoort","brand":"Albert Heijn","brand:website":"https://www.ah.nl","brand:wikidata":"Q1653985","brand:wikipedia":"nl:Albert Heijn (supermarkt)","changing_table":"no","check_date:opening_hours":"2026-01-13","name":"Albert Heijn","opening_hours":"Mo-Sa 08:00-21:00; Su 09:00-21:00","phone":"+31 492 432 650","ref":"1426","shop":"supermarket","source":"BAG","source:date":"2014-05-28","website":"https://www.ah.nl/winkel/1426","wheelchair":"yes","id":"node/2340308267"},"geometry":{"type":"Point","coordinates":[5.6108063,51.4597071]}},{"type":"Feature","id":"node/2687640926","properties":{"bus":"yes","name":"Helmond, Wethouder van Deutekomplein","public_transport":"stop_position","zone":"6531","id":"node/2687640926"},"geometry":{"type":"Point","coordinates":[5.6480625,51.4703894]}},{"type":"Feature","id":"node/2722446030","properties":{"amenity":"restaurant","name":"Eetcafé De Barrier","id":"node/2722446030"},"geometry":{"type":"Point","coordinates":[5.6313583,51.4593786]}},{"type":"Feature","id":"node/2746004713","properties":{"addr:city":"Helmond","addr:housenumber":"3","addr:postcode":"5704CM","addr:street":"Bruhezerweg","amenity":"restaurant","capacity":"40","cuisine":"pizza","name":"Pizzeria La Piazza","opening_hours":"Tu-Su 16:00-21:00","phone":"+31 492 518 599;+31 6 41715655","source":"BAG","source:date":"2014-06-06","website":"https://lapiazzahelmond.nl/","wheelchair":"yes","id":"node/2746004713"},"geometry":{"type":"Point","coordinates":[5.7011142,51.4612805]}},{"type":"Feature","id":"node/2792370857","properties":{"bus":"yes","local_ref":"E","name":"Helmond, Station","public_transport":"stop_position","id":"node/2792370857"},"geometry":{"type":"Point","coordinates":[5.6622906,51.4758028]}},{"type":"Feature","id":"node/2792483419","properties":{"bus":"yes","highway":"bus_stop","name":"Spoorstraat","public_transport":"platform","ref:IFOPT":"NL:Q:65311350","zone":"6531","id":"node/2792483419"},"geometry":{"type":"Point","coordinates":[5.6679698,51.4741234]}},{"type":"Feature","id":"node/2792483420","properties":{"bus":"yes","highway":"bus_stop","name":"Spoorstraat","public_transport":"platform","ref:IFOPT":"NL:Q:65311360","zone":"6531","id":"node/2792483420"},"geometry":{"type":"Point","coordinates":[5.6673813,51.4743327]}},{"type":"Feature","id":"node/2885725071","properties":{"addr:city":"Helmond","addr:housenumber":"117","addr:postcode":"5708ZK","addr:street":"de Plaetse","amenity":"fast_food","check_date":"2026-02-23","cuisine":"friture","level":"0","name":"Cafetaria Brandevoort","opening_hours":"Tu-Su 11:30-20:30","outdoor_seating":"yes","phone":"+31 492 432 704","smoking":"outside","source":"BAG","source:date":"2014-05-28","takeaway":"yes","website":"https://www.cafetariabrandevoort.nl","id":"node/2885725071"},"geometry":{"type":"Point","coordinates":[5.6107835,51.4592802]}},{"type":"Feature","id":"node/2885725280","properties":{"addr:city":"Helmond","addr:housenumber":"163","addr:postcode":"5708ZK","addr:street":"de Plaetse","name":"Freestyle Kappers","opening_hours":"Mo 13:00-18:00; Tu-We 09:00-18:00; Th-Fr 09:00-20:00; Sa 09:00-17:00","shop":"hairdresser","source":"BAG","source:date":"2014-05-28","id":"node/2885725280"},"geometry":{"type":"Point","coordinates":[5.6110261,51.4594379]}},{"type":"Feature","id":"node/2885725281","properties":{"addr:city":"Helmond","addr:housenumber":"163A","addr:postcode":"5708ZK","addr:street":"de Plaetse","amenity":"restaurant","cuisine":"chinese","name":"Shu Shu","opening_hours":"Tu-Su 16:00-21:00","source":"BAG","source:date":"2014-05-28","website":"https://shushu-brandevoort.nl","id":"node/2885725281"},"geometry":{"type":"Point","coordinates":[5.6111568,51.4594376]}},{"type":"Feature","id":"node/2885725284","properties":{"addr:city":"Helmond","addr:housenumber":"165B","addr:postcode":"5708ZK","addr:street":"de Plaetse","amenity":"restaurant","capacity":"20","check_date":"2026-02-23","cuisine":"kebab","delivery":"yes","email":"info@cappadociabrandevoort.nl","internet_access":"wlan","level":"0","name":"Cappadocia","opening_hours":"We-Su 14:00-21:30","phone":"+31 492 666 244","smoking":"outside","source":"BAG","source:date":"2014-05-28","takeaway":"yes","website":"https://cappadociabrandevoort.nl","id":"node/2885725284"},"geometry":{"type":"Point","coordinates":[5.6115191,51.4594189]}},{"type":"Feature","id":"node/2885725369","properties":{"addr:city":"Helmond","addr:housenumber":"2","addr:postcode":"5708XA","addr:street":"Huiskensstraat","branch":"Helmond Brandevoort","brand":"Jumbo","brand:website":"https://www.jumbo.com","brand:wikidata":"Q2262314","brand:wikipedia":"nl:Jumbo Supermarkten","name":"Jumbo","opening_hours":"Mo-Th,Sa 08:00-20:00; Fr 08:00-21:00; Su 09:00-19:00","phone":"+31 492 469160","shop":"supermarket","source":"BAG","source:date":"2014-05-28","website":"https://www.jumbo.com/winkel/helmond/jumbo-helmond-brandevoort","id":"node/2885725369"},"geometry":{"type":"Point","coordinates":[5.609563,51.4606485]}},{"type":"Feature","id":"node/2885725397","properties":{"addr:city":"Helmond","addr:housenumber":"21","addr:postcode":"5708XK","addr:street":"Herselsestraat","check_date":"2026-03-04","check_date:opening_hours":"2026-03-04","contact:facebook":"TRIAfietsen","contact:instagram":"triafietsen","email":"info@triafietsen.nl","name":"TRIA Fietsen","opening_hours":"Mo 13:00-18:00; Tu-Fr 10:00-18:00; Sa 10:00-16:00","phone":"+31 492 425 360","shop":"bicycle","source":"BAG","source:date":"2014-05-28","website":"https://www.triafietsen.nl","id":"node/2885725397"},"geometry":{"type":"Point","coordinates":[5.6096564,51.4613653]}},{"type":"Feature","id":"node/2885725820","properties":{"addr:city":"Helmond","addr:housenumber":"23","addr:postcode":"5708XK","addr:street":"Herselsestraat","email":"info@peachwaves.nl","name":"Peach Waves","opening_hours":"Mo, Tu 09:00-18:00; Th, Fr 12:00-21:00; Sa 09:00-14:30","phone":"+31 6 59736766","shop":"beauty","source":"BAG","source:date":"2014-05-28","website":"https://peachwaves.nl","id":"node/2885725820"},"geometry":{"type":"Point","coordinates":[5.6095448,51.4613891]}},{"type":"Feature","id":"node/2885725893","properties":{"addr:city":"Helmond","addr:housenumber":"3","addr:postcode":"5708XK","addr:street":"Herselsestraat","amenity":"restaurant","name":"Pizzani","opening_hours":"Tu-Th, Sa 17:00-20:00; Fr, Su 17:00-20:30","phone":"+31 492 700 228","source":"BAG","source:date":"2014-05-28","website":"https://www.pizzani.nl","id":"node/2885725893"},"geometry":{"type":"Point","coordinates":[5.6099099,51.4608941]}},{"type":"Feature","id":"node/2885725951","properties":{"addr:city":"Helmond","addr:housenumber":"34","addr:postcode":"5708ZJ","addr:street":"de Plaetse","amenity":"dentist","email":"info@mondzorgbrandevoort.nl","healthcare":"dentist","name":"Mondzorg Brandevoort","opening_hours":"Mo-Fr 08:00-12:30, 13:30-17:00","phone":"+31 492 746 012","source":"BAG","source:date":"2014-05-28","website":"https://mondzorgbrandevoort.nl","id":"node/2885725951"},"geometry":{"type":"Point","coordinates":[5.6102255,51.4610156]}},{"type":"Feature","id":"node/2885726230","properties":{"addr:city":"Helmond","addr:housenumber":"54","addr:postcode":"5708ZJ","addr:street":"de Plaetse","name":"Ink United","opening_hours":"Tu-Th,Sa 10:00-17:00; Fr 10:00-17:00,18:00-21:00","phone":"+31 6 83027503","shop":"tattoo","source":"BAG","source:date":"2014-05-28","website":"https://www.ink-united.com","id":"node/2885726230"},"geometry":{"type":"Point","coordinates":[5.6100636,51.4604788]}},{"type":"Feature","id":"node/2885726242","properties":{"addr:city":"Helmond","addr:housenumber":"56","addr:postcode":"5708ZJ","addr:street":"de Plaetse","name":"Slijterij Brandewijn","opening_hours":"Tu-Sa 10:00-20:00","shop":"beverages","source":"BAG","source:date":"2014-05-28","id":"node/2885726242"},"geometry":{"type":"Point","coordinates":[5.6101421,51.4604235]}},{"type":"Feature","id":"node/2885726427","properties":{"addr:city":"Helmond","addr:housenumber":"69","addr:postcode":"5708ZK","addr:street":"de Plaetse","branch":"Brandevoort","brand":"Primera","brand:website":"https://www.primera.nl","brand:wikidata":"Q2176149","check_date":"2026-04-07","check_date:opening_hours":"2026-04-07","name":"Primera","opening_hours":"Mo-Fr 09:00-18:00; Sa 09:00-17:00","phone":"+31 492 430 520","post_office":"post_partner","shop":"newsagent","source":"BAG","source:date":"2014-05-28","website":"https://www.primera.nl/primera-brandevoort","id":"node/2885726427"},"geometry":{"type":"Point","coordinates":[5.6107015,51.4605294]}},{"type":"Feature","id":"node/2885726465","properties":{"addr:city":"Helmond","addr:housenumber":"74","addr:postcode":"5708ZJ","addr:street":"de Plaetse","branch":"Brandevoort, Helmond","brand":"'t Bakkertje","brand:website":"https://www.bakkertje.nl","brand:wikidata":"Q121518008","check_date:opening_hours":"2026-02-23","name":"'t Bakkertje","opening_hours":"Mo-Th 08:00-18:00; Fr 07:30-18:00; Sa 07:30-17:00","phone":"+31 492 667 140","shop":"bakery","source":"BAG","source:date":"2014-05-28","website":"https://www.bakkertje.nl/filialen/brandevoort/","id":"node/2885726465"},"geometry":{"type":"Point","coordinates":[5.6102123,51.460246]}},{"type":"Feature","id":"node/2885726475","properties":{"addr:city":"Helmond","addr:housenumber":"76","addr:postcode":"5708ZJ","addr:street":"de Plaetse","brand":"Keurslager","brand:website":"https://www.keurslager.nl","brand:wikidata":"Q114637402","check_date:opening_hours":"2026-04-05","diet:halal":"no","diet:kosher":"no","name":"Chris Vogels keurslager","opening_hours":"Mo 10:00-18:00; Tu-Fr 09:00-18:00; Sa 08:30-17:00","phone":"+31 492 660 988","shop":"butcher","source":"BAG","source:date":"2014-05-28","website":"https://vogels.keurslager.nl","id":"node/2885726475"},"geometry":{"type":"Point","coordinates":[5.610191,51.4601745]}},{"type":"Feature","id":"node/2885726911","properties":{"addr:city":"Helmond","addr:housenumber":"80","addr:postcode":"5708ZJ","addr:street":"de Plaetse","brand":"Kruidvat","brand:website":"https://www.kruidvat.nl","brand:wikidata":"Q2226366","brand:wikipedia":"nl:Kruidvat","name":"Kruidvat","opening_hours":"Mo-Th 08:30-18:00; Fr 08:30-20:00; Sa 08:30-17:00; Su 12:00-17:00; PH off","operator":"AS Watson Health & Beauty Benelux","ref":"7636","shop":"chemist","source":"BAG","source:date":"2014-05-28","website":"https://www.kruidvat.nl/store/drogisterij-kruidvat-7636","wheelchair":"yes","id":"node/2885726911"},"geometry":{"type":"Point","coordinates":[5.6101679,51.4598551]}},{"type":"Feature","id":"node/2885726915","properties":{"addr:city":"Helmond","addr:housenumber":"81","addr:postcode":"5708ZK","addr:street":"de Plaetse","brand":"HEMA","brand:website":"https://www.hema.nl","brand:wikidata":"Q903805","check_date:opening_hours":"2026-01-13","name":"HEMA","opening_hours":"Mo-Fr 09:00-18:00; Sa 09:00-17:00","phone":"+31 492 432 677","shop":"department_store","source":"BAG","source:date":"2014-05-28","toilets":"no","website":"https://winkels.hema.nl/nl/helmond/hema-helmond-brandevoort","id":"node/2885726915"},"geometry":{"type":"Point","coordinates":[5.6108062,51.4601733]}},{"type":"Feature","id":"node/2885726939","properties":{"addr:city":"Helmond","addr:housenumber":"86","addr:postcode":"5708ZJ","addr:street":"de Plaetse","amenity":"pharmacy","check_date:opening_hours":"2026-02-23","email":"brandevoort@medsenapotheek.nl","healthcare":"pharmacy","name":"Apotheek Brandevoort","opening_hours":"Mo-Fr 08:30-12:30,13:30-17:30; Sa-Su off","phone":"+31 492 370 047","source":"BAG","source:date":"2014-05-28","website":"https://brandevoort.medsenapotheek.nl","id":"node/2885726939"},"geometry":{"type":"Point","coordinates":[5.610259,51.4596794]}},{"type":"Feature","id":"node/2885726954","properties":{"addr:city":"Helmond","addr:housenumber":"89","addr:postcode":"5708ZK","addr:street":"de Plaetse","name":"Seringe","opening_hours":"Mo 13:00-18:00; Tu,Th 09:00-14:30; We,Fr 09:00-18:00; Sa 09:00-16:00","phone":"+31 492 792 464","shop":"florist","source":"BAG","source:date":"2014-05-28","website":"https://www.seringe.nl","id":"node/2885726954"},"geometry":{"type":"Point","coordinates":[5.6107329,51.4595134]}},{"type":"Feature","id":"node/2885726955","properties":{"addr:city":"Helmond","addr:housenumber":"89A","addr:postcode":"5708ZK","addr:street":"de Plaetse","name":"Woonderland","opening_hours":"Tu-Sa 11:00-17:00","phone":"+31 6 31974588","shop":"interior_decoration","source":"BAG","source:date":"2014-05-28","website":"https://www.woonderland.nl","id":"node/2885726955"},"geometry":{"type":"Point","coordinates":[5.6107367,51.4594217]}},{"type":"Feature","id":"node/2885726980","properties":{"addr:city":"Helmond","addr:housenumber":"91","addr:postcode":"5708ZK","addr:street":"de Plaetse","amenity":"fast_food","brand":"Domino's","brand:website":"https://www.dominos.nl","brand:wikidata":"Q839466","check_date":"2026-04-05","check_date:opening_hours":"2026-04-05","cuisine":"pizza","diet:vegan":"yes","diet:vegetarian":"yes","name":"Domino's","opening_hours":"Mo-Fr 16:00-22:30; Sa-Su 15:30-22:30","phone":"+31 492 743 013","source":"BAG","source:date":"2014-05-28","takeaway":"yes","website":"https://www.dominos.nl/winkel/nl-helmondbrandevoort-30706","id":"node/2885726980"},"geometry":{"type":"Point","coordinates":[5.61079,51.4590576]}},{"type":"Feature","id":"node/2885738382","properties":{"local_ref":"2","name":"Helmond Brandevoort","public_transport":"stop_position","railway":"stop","railway:ref":"Hmbv","ref":"2","train":"yes","id":"node/2885738382"},"geometry":{"type":"Point","coordinates":[5.6086863,51.4624078]}},{"type":"Feature","id":"node/2885772233","properties":{"addr:city":"Helmond","addr:housenumber":"4","addr:postcode":"5708SL","addr:street":"Hulshoeve","amenity":"school","branch":"De Hoeves","check_date":"2026-01-14","education":"school","email":"administratiebrandevoort@obsh.nl","isced:level":"0;1","name":"Openbare Basisschool Brandevoort","operator":"Stichting Openbare Basisscholen Helmond","operator:website":"https://www.obsh.nl","operator:wikidata":"Q121765222","phone":"+31 492 662 962","school":"primary","source":"BAG","source:date":"2014-05-28","website":"https://www.obsbrandevoort.nl","id":"node/2885772233"},"geometry":{"type":"Point","coordinates":[5.6063332,51.4557246]}},{"type":"Feature","id":"node/2889283879","properties":{"addr:city":"Helmond","addr:housenumber":"13A","addr:postcode":"5706KA","addr:street":"Brandevoort","amenity":"community_centre","club":"scout","community_centre":"club_home","name":"Scouting Brandevoort","ref:scoutingnl":"3067","source":"BAG","source:date":"2014-05-30","website":"https://scoutingbrandevoort.nl","id":"node/2889283879"},"geometry":{"type":"Point","coordinates":[5.6195164,51.4558652]}},{"type":"Feature","id":"node/2894075603","properties":{"addr:city":"Helmond","addr:housenumber":"3","addr:postcode":"5708DW","addr:street":"Molenven","amenity":"community_centre","community_centre":"club_home","name":"Helmondse Atletiek Club","source":"BAG","source:date":"2014-06-01","website":"https://www.hac-helmond.nl","id":"node/2894075603"},"geometry":{"type":"Point","coordinates":[5.6034811,51.4834455]}},{"type":"Feature","id":"node/2894075627","properties":{"addr:city":"Helmond","addr:housenumber":"7","addr:postcode":"5708DW","addr:street":"Molenven","amenity":"community_centre","community_centre":"club_home","name":"Stiphout Vooruit","source":"BAG","source:date":"2014-06-01","website":"https://www.stiphoutvooruit.nl","id":"node/2894075627"},"geometry":{"type":"Point","coordinates":[5.6023288,51.4830062]}},{"type":"Feature","id":"node/2898022136","properties":{"addr:city":"Helmond","addr:housenumber":"106","addr:postcode":"5708HE","addr:street":"Hortsedijk","name":"Autobedrijf Poeliejoe","shop":"car","source":"BAG","source:date":"2014-06-03","website":"https://www.autopoeliejoe.nl/","id":"node/2898022136"},"geometry":{"type":"Point","coordinates":[5.6301666,51.4797244]}},{"type":"Feature","id":"node/2898022644","properties":{"addr:city":"Helmond","addr:housenumber":"150","addr:postcode":"5707CL","addr:street":"Europaweg","branch":"Helmond","brand":"SportCity","brand:website":"https://www.sportcity.nl","brand:wikidata":"Q131984002","leisure":"fitness_centre","name":"SportCity","old_name":"Fit For Free","opening_hours":"Mo-Fr 07:00-23:00; Sa-Su 08:00-18:00","source":"BAG","source:date":"2014-06-03","website":"https://www.sportcity.nl/helmond","id":"node/2898022644"},"geometry":{"type":"Point","coordinates":[5.6347558,51.4757137]}},{"type":"Feature","id":"node/2898024005","properties":{"addr:city":"Helmond","addr:housenumber":"42","addr:postcode":"5708HR","addr:street":"Panovenweg","amenity":"car_rental","branch":"Helmond - Stiphout","brand":"Oscar Autoverhuur","brand:website":"https://oscar.nl","brand:wikidata":"Q130349057","contact:facebook":"https://www.facebook.com/OscarAutoverhuur/","email":"info@oscar.nl","name":"Oscar Autoverhuur","opening_hours":"Mo-Su 08:00-20:00","operator":"Oscar Autoverhuur","payment:contactless":"yes","payment:credit_cards":"yes","payment:debit_cards":"yes","payment:mastercard":"yes","payment:visa":"yes","website":"https://oscar.nl/locaties/helmond-stiphout","id":"node/2898024005"},"geometry":{"type":"Point","coordinates":[5.6292846,51.4741483]}},{"type":"Feature","id":"node/2898024203","properties":{"addr:city":"Helmond","addr:housenumber":"52","addr:postcode":"5708HD","addr:street":"Hortsedijk","amenity":"restaurant","name":"De Pastoor","source":"BAG","source:date":"2014-06-03","id":"node/2898024203"},"geometry":{"type":"Point","coordinates":[5.6309958,51.4764902]}},{"type":"Feature","id":"node/2898024244","properties":{"addr:city":"Helmond","addr:housenumber":"58D","addr:postcode":"5708GJ","addr:street":"Dorpsstraat","branch":"Stiphout Dorpsstraat","brand":"Jumbo","brand:website":"https://www.jumbo.com","brand:wikidata":"Q2262314","brand:wikipedia":"nl:Jumbo Supermarkten","name":"Jumbo","opening_hours":"Mo-Su 08:00-20:00","phone":"+31 492 524 906","shop":"supermarket","source":"BAG","source:date":"2014-06-03","website":"https://www.jumbo.com/winkel/stiphout/jumbo-stiphout-dorpsstraat","id":"node/2898024244"},"geometry":{"type":"Point","coordinates":[5.6209795,51.4851464]}},{"type":"Feature","id":"node/2898024746","properties":{"addr:city":"Helmond","addr:housenumber":"8","addr:postcode":"5708HX","addr:street":"Schootense Loop","branch":"Helmond","brand":"Technische Unie","brand:wikidata":"Q27768229","email":"helmond@technischeunie.com","name":"Technische Unie","phone":"+31 40 2640640","shop":"hardware","source":"BAG","source:date":"2014-06-03","website":"https://www.c.technischeunie.nl/vestigingen/helmond.html","id":"node/2898024746"},"geometry":{"type":"Point","coordinates":[5.6271673,51.478265]}},{"type":"Feature","id":"node/2898024750","properties":{"addr:city":"Helmond","addr:housenumber":"8","addr:postcode":"5708JV","addr:street":"Vlamovenweg","name":"Harotex","shop":"curtain","source":"BAG","source:date":"2014-06-03","id":"node/2898024750"},"geometry":{"type":"Point","coordinates":[5.6222038,51.476161]}},{"type":"Feature","id":"node/2898127447","properties":{"addr:city":"Helmond","addr:housenumber":"20","addr:postcode":"5708DC","addr:street":"Wilde Wingerd","amenity":"dentist","email":"info@tandartsdekker.nl","name":"Tandartspraktijk CWH Dekker","opening_hours":"Mo-Th 07:45-17:00; Fr 07:45-12:30","phone":"+31 492 549 260","source":"BAG","source:date":"2014-06-03","website":"https://www.tandartsdekker.nl/","id":"node/2898127447"},"geometry":{"type":"Point","coordinates":[5.6139686,51.4837036]}},{"type":"Feature","id":"node/2898128628","properties":{"addr:city":"Helmond","addr:housenumber":"41","addr:postcode":"5708CA","addr:street":"Van der Brugghenstraat","alt_name":"Scouting Jan Baloys Stiphout","amenity":"community_centre","club":"scout","community_centre":"club_home","name":"Scouting Jan Baloys","opening_hours":"Fr 19:30-23:00; Sa 13:00-17:00","ref:scoutingnl":"1596","source":"BAG;local knowledge","source:date":"2014-06-03","id":"node/2898128628"},"geometry":{"type":"Point","coordinates":[5.6133199,51.4913344]}},{"type":"Feature","id":"node/2898128964","properties":{"addr:city":"Helmond","addr:housenumber":"68","addr:postcode":"5708EL","addr:street":"Gerwenseweg","amenity":"veterinary","branch":"Helmond - Stiphout","brand":"AniCura","brand:website":"https://www.anicura.nl","brand:wikidata":"Q21100245","email":"zuidoost@anicura.nl","name":"AniCura","phone":"+31 492 533 808","source":"BAG","source:date":"2014-06-03","website":"https://www.anicura.nl/klinieken/zuidoost/helmond-stiphout/","id":"node/2898128964"},"geometry":{"type":"Point","coordinates":[5.6063155,51.4852996]}},{"type":"Feature","id":"node/2898214404","properties":{"addr:city":"Helmond","addr:housenumber":"113","addr:postcode":"5708GG","addr:street":"Dorpsstraat","name":"Ad van Lieshout","shop":"bicycle","source":"BAG","source:date":"2014-06-03","website":"https://advanlieshoutfietsen.nl","id":"node/2898214404"},"geometry":{"type":"Point","coordinates":[5.623697,51.4838976]}},{"type":"Feature","id":"node/2898259161","properties":{"addr:city":"Helmond","addr:housenumber":"20","addr:postcode":"5709PD","addr:street":"Waterleliesingel","amenity":"doctors","branch":"Dierdonk","email":"hapdierdonk@ezorg.nl","healthcare":"doctor","name":"Huisartsenpunt","opening_hours":"Mo-Fr 08:00-17:00","operator":"Huisartsenpunt","operator:website":"https://www.huisartsenpunt.nl/","phone":"+31 492 558732","source":"BAG","source:date":"2014-06-03","website":"https://www.huisartsenpunt.nl/dierdonk/","id":"node/2898259161"},"geometry":{"type":"Point","coordinates":[5.6899522,51.4953312]}},{"type":"Feature","id":"node/2898735132","properties":{"addr:city":"Helmond","addr:housenumber":"1","addr:postcode":"5709DL","addr:street":"Utrechtplein","amenity":"fast_food","cuisine":"belgian","drive_through":"no","name":"Het Helmonds Friethuys","opening_hours":"Fr-Su 16:00-21:00; Mo,We,Th 16:00-20:30","phone":"+31 492 393 020","source":"BAG;survey","source:date":"2014-06-04","website":"https://www.helmondsfriethuys.nl/","id":"node/2898735132"},"geometry":{"type":"Point","coordinates":[5.7092577,51.475114]}},{"type":"Feature","id":"node/2898736280","properties":{"addr:city":"Helmond","addr:housenumber":"14","addr:postcode":"5709CD","addr:street":"Wederhof","branch":"Helmond Wederhof","brand":"Jumbo","brand:website":"https://www.jumbo.com","brand:wikidata":"Q2262314","brand:wikipedia":"nl:Jumbo Supermarkten","name":"Jumbo","phone":"+31 492 745 230","shop":"supermarket","source":"BAG","source:date":"2014-06-04","website":"https://www.jumbo.com/winkel/helmond/jumbo-helmond-wederhof","id":"node/2898736280"},"geometry":{"type":"Point","coordinates":[5.7063858,51.4759852]}},{"type":"Feature","id":"node/2898737343","properties":{"addr:city":"Helmond","addr:housenumber":"19","addr:postcode":"5709AH","addr:street":"Deurneseweg","amenity":"fast_food","brand":"McDonald's","brand:wikidata":"Q38076","brand:wikipedia":"en:McDonald's","changing_table":"yes","contact:phone":"+31 492 513 226","contact:website":"https://mcdonaldsrestaurant.nl/helmond/restaurants/mcdonalds-helmond","cuisine":"burger","delivery":"no","description":"McDonald's Helmond","drive_through":"yes","internet_access":"wlan","internet_access:fee":"no","kids_area":"yes","name":"McDonald's","opening_hours":"07:00-23:00 open \"Restaurant\" || Su-Th 07:00-01:00; Fr,Sa 07:00-02:00 open \"McDrive\"","outdoor_seating":"yes","source":"BAG","source:date":"2014-06-04","takeaway":"yes","toilets:wheelchair":"yes","id":"node/2898737343"},"geometry":{"type":"Point","coordinates":[5.6976201,51.4720972]}},{"type":"Feature","id":"node/2898738025","properties":{"addr:city":"Helmond","addr:housenumber":"2","addr:postcode":"5709AC","addr:street":"Deltaweg","contact:website":"https://www.boerenbond.nl/winkelzoeker?q=helmond#","name":"Boerenbond-Pets Place XL Helmond","shop":"pet","source":"BAG","source:date":"2014-06-04","website":"https://www.boerenbond.nl","id":"node/2898738025"},"geometry":{"type":"Point","coordinates":[5.6985349,51.4716907]}},{"type":"Feature","id":"node/2898738054","properties":{"addr:city":"Helmond","addr:housenumber":"2","addr:postcode":"5709DK","addr:street":"Utrechtplein","name":"Kapsalon K(n)apper","opening_hours":"Tu-We 09:00-18:00; Th-Fr 09:00-20:00; Sa 09:00-16:00","phone":"+31 492 769 093","shop":"hairdresser","source":"BAG;survey","source:date":"2014-06-04","id":"node/2898738054"},"geometry":{"type":"Point","coordinates":[5.7092953,51.4752418]}},{"type":"Feature","id":"node/2898738868","properties":{"addr:city":"Helmond","addr:housenumber":"2A","addr:postcode":"5709DK","addr:street":"Utrechtplein","contact:email":"info@iplsalonjeannette.nl","name":"IPL Salon Jeannette","opening_hours":"Tu,We,Fr 10:00-17:00; Th 12:00-17:00,18:00-21:00; Sa 09:00-16:00","phone":"+31 492 514 744","shop":"beauty","source":"BAG;survey","source:date":"2014-06-04","website":"https://iplsalonjeannette.nl","id":"node/2898738868"},"geometry":{"type":"Point","coordinates":[5.7093626,51.4753004]}},{"type":"Feature","id":"node/2898740921","properties":{"addr:city":"Helmond","addr:housenumber":"4","addr:postcode":"5709CA","addr:street":"Groningenhof","amenity":"community_centre","name":"Repair Cafe Rijpelberg","phone":"+31 6 19342212","source":"BAG","source:date":"2014-06-04","id":"node/2898740921"},"geometry":{"type":"Point","coordinates":[5.7070953,51.4758265]}},{"type":"Feature","id":"node/2898742464","properties":{"addr:city":"Helmond","addr:housenumber":"6","addr:postcode":"5709EK","addr:street":"Rakthof","brand":"Basic-Fit","brand:wikidata":"Q40165577","leisure":"fitness_centre","name":"Basic-Fit","source":"BAG","source:date":"2014-06-04","id":"node/2898742464"},"geometry":{"type":"Point","coordinates":[5.7087514,51.4719154]}},{"type":"Feature","id":"node/2898744643","properties":{"addr:city":"Helmond","addr:housenumber":"91","addr:postcode":"5703KB","addr:street":"Berkendonk","amenity":"community_centre","club":"scout","community_centre":"club_home","name":"Scouting Rijpelberg","ref:scoutingnl":"1589","source":"BAG","source:date":"2014-06-04","id":"node/2898744643"},"geometry":{"type":"Point","coordinates":[5.7129564,51.4753768]}},{"type":"Feature","id":"node/2899060778","properties":{"addr:city":"Helmond","addr:housenumber":"14","addr:postcode":"5709JB","addr:street":"Braaksestraat","name":"Kranenpoot Tweewielers","shop":"bicycle","source":"BAG","source:date":"2014-06-04","website":"https://www.kranenpoottweewielers.nl/","id":"node/2899060778"},"geometry":{"type":"Point","coordinates":[5.6849771,51.4872803]}},{"type":"Feature","id":"node/2899994081","properties":{"addr:city":"Helmond","addr:housenumber":"13","addr:postcode":"5704EG","addr:street":"Brouwhorst","branch":"Helmond Brouw","brand":"Zeeman","brand:website":"https://www.zeeman.com","brand:wikidata":"Q184399","brand:wikipedia":"nl:Zeeman (winkel)","clothes":"unisex","name":"Zeeman","phone":"+31 88 0070064","ref":"64","shop":"clothes","source":"BAG","source:date":"2014-06-04","website":"https://www.zeeman.com/nl-nl/winkels/64-helmond-brouw","id":"node/2899994081"},"geometry":{"type":"Point","coordinates":[5.703145,51.4694472]}},{"type":"Feature","id":"node/2899994919","properties":{"addr:city":"Helmond","addr:housenumber":"14A","addr:postcode":"5704EH","addr:street":"Brouwhorst","opening_hours":"Tu-Sa 11:00-16:00","phone":"+31 492 512 996","shop":"shoes","source":"BAG;survey","source:date":"2014-06-04","id":"node/2899994919"},"geometry":{"type":"Point","coordinates":[5.7026221,51.46988]}},{"type":"Feature","id":"node/2899994923","properties":{"addr:city":"Helmond","addr:housenumber":"15","addr:postcode":"5704EG","addr:street":"Brouwhorst","branch":"Helmond","brand":"BrainWash","brand:website":"https://www.brainwash-kappers.nl","brand:wikidata":"Q114905133","name":"BrainWash","phone":"+31 492 514635","shop":"hairdresser","source":"BAG","source:date":"2014-06-04","website":"https://www.brainwash-kappers.nl/salons/brainwash-helmond","id":"node/2899994923"},"geometry":{"type":"Point","coordinates":[5.7031668,51.4695279]}},{"type":"Feature","id":"node/2899995542","properties":{"addr:city":"Helmond","addr:housenumber":"19","addr:postcode":"5704EG","addr:street":"Brouwhorst","name":"'t Streeckhuys","opening_hours":"Mo-Fr 08:00-18:00; Sa 08:00-17:00","phone":"+31 492 511 469","shop":"butcher","source":"BAG","source:date":"2014-06-04","website":"https://www.streeckhuys.nl/","id":"node/2899995542"},"geometry":{"type":"Point","coordinates":[5.7031525,51.4697102]}},{"type":"Feature","id":"node/2899995795","properties":{"addr:city":"Helmond","addr:housenumber":"21","addr:postcode":"5704EG","addr:street":"Brouwhorst","name":"Baijens Witgoed","opening_hours":"Mo 13:00-18:00; Tu-Fr 10:00-18:00; Sa 10:00-17:00","payment:cash":"yes","payment:debit_cards":"yes","phone":"+31 492 707 029","shop":"appliance","source":"BAG;survey","source:date":"2014-06-04","website":"https://www.baijenswitgoed.nl/","id":"node/2899995795"},"geometry":{"type":"Point","coordinates":[5.7031427,51.4697665]}},{"type":"Feature","id":"node/2899996148","properties":{"addr:city":"Helmond","addr:housenumber":"23","addr:postcode":"5704EG","addr:street":"Brouwhorst","branch":"Brouwhuis","brand":"De Echte Bakker","brand:website":"https://echtebakker.nl","brand:wikidata":"Q16920716","name":"Bakkerij Vedder, De Echte Bakker","opening_hours":"Mo-Fr 08:00-18:00; Sa 08:00-16:00","payment:cash":"yes","payment:debit_cards":"yes","phone":"+31 492 556 894","shop":"bakery","source":"BAG;survey","source:date":"2014-06-04","website":"https://bakkerijvedder.nl","id":"node/2899996148"},"geometry":{"type":"Point","coordinates":[5.7031174,51.4698222]}},{"type":"Feature","id":"node/2899996362","properties":{"addr:city":"Helmond","addr:housenumber":"5","addr:postcode":"5704EG","addr:street":"Brouwhorst","branch":"Helmond Brouwhuis","brand":"Vintage Kappers","brand:website":"https://www.vintagekappers.nl","brand:wikidata":"Q135397295","email":"helmond@vintagekappers.nl","name":"Vintage Kappers","old_name":"Traditions","phone":"+31 492 724 920","shop":"hairdresser","source":"BAG","source:date":"2014-06-04","website":"https://www.vintagekappers.nl/kapperszaken/helmond-brouwhuis/","id":"node/2899996362"},"geometry":{"type":"Point","coordinates":[5.7030749,51.4691278]}},{"type":"Feature","id":"node/2899996594","properties":{"addr:city":"Helmond","addr:housenumber":"27","addr:postcode":"5704EG","addr:street":"Brouwhorst","alt_name":"Pearle Opticiens","branch":"Helmond","brand":"Pearle","brand:website":"https://www.pearle.nl","brand:wikidata":"Q2231148","name":"Pearle","phone":"+31 492 510 852","shop":"optician","source":"BAG","source:date":"2014-06-04","website":"https://www.pearle.nl/opticien/helmond/brouwhorst-27","id":"node/2899996594"},"geometry":{"type":"Point","coordinates":[5.7030266,51.4699224]}},{"type":"Feature","id":"node/2899997039","properties":{"addr:city":"Helmond","addr:housenumber":"31","addr:postcode":"5704EG","addr:street":"Brouwhorst","name":"Biedroneczka Poolse Delicatessen","opening_hours":"Mo-Sa 09:00-20:00; Su 11:00-18:00","shop":"supermarket","source":"BAG;survey","source:date":"2014-06-04","id":"node/2899997039"},"geometry":{"type":"Point","coordinates":[5.7028842,51.4699938]}},{"type":"Feature","id":"node/2899998025","properties":{"addr:city":"Helmond","addr:housenumber":"37","addr:postcode":"5704EG","addr:street":"Brouwhorst","name":"Slagerij Erdal","opening_hours":"Mo-Tu 09:00-18:00; Fr 09:00-18:30; Sa 09:00-17:30","payment:cash":"yes","payment:debit_cards":"yes","phone":"+31 6 19911835","shop":"butcher","source":"BAG;survey","source:date":"2014-06-04","id":"node/2899998025"},"geometry":{"type":"Point","coordinates":[5.7025823,51.4700308]}},{"type":"Feature","id":"node/2899998052","properties":{"addr:city":"Helmond","addr:housenumber":"38","addr:postcode":"5704EH","addr:street":"Brouwhorst","brand":"Kruidvat","brand:website":"https://www.kruidvat.nl","brand:wikidata":"Q2226366","brand:wikipedia":"nl:Kruidvat","name":"Kruidvat","opening_hours":"Mo-Fr 08:30-20:00; Sa 08:30-19:00; Su 12:00-17:00; PH off","operator":"Kruidvat","ref":"7795","shop":"chemist","source":"BAG","source:date":"2017-03-25","website":"https://www.kruidvat.nl/store/drogisterij-kruidvat-7795","wheelchair":"yes","id":"node/2899998052"},"geometry":{"type":"Point","coordinates":[5.702269,51.4699214]}},{"type":"Feature","id":"node/2899998364","properties":{"addr:city":"Helmond","addr:housenumber":"41","addr:postcode":"5704EG","addr:street":"Brouwhorst","clothes":"women;men;fashion","opening_hours":"Mo 13:00-18:00; Tu-Th 09:30-18:00; Fr 09:30-20:00; Sa 09:30-17:00; Su 12:00-17:00","shop":"clothes","source":"BAG;survey","source:date":"2014-06-04","website":"https://www.nicetowear.com/","id":"node/2899998364"},"geometry":{"type":"Point","coordinates":[5.7024121,51.4700428]}},{"type":"Feature","id":"node/2899999037","properties":{"addr:city":"Helmond","addr:housenumber":"48","addr:postcode":"5704EH","addr:street":"Brouwhorst","brand":"Eye Wish","brand:wikidata":"Q62391641","name":"Eye Wish","opening_hours":"Mo 11:00-18:00; Tu-Fr 09:30-18:00; Sa 09:30-17:00","shop":"optician","source":"BAG;survey","source:date":"2017-03-25","id":"node/2899999037"},"geometry":{"type":"Point","coordinates":[5.7017749,51.4699565]}},{"type":"Feature","id":"node/2899999184","properties":{"addr:city":"Helmond","addr:housenumber":"55","addr:postcode":"5704EG","addr:street":"Brouwhorst","name":"Haarmode Anne-Marie","opening_hours":"Tu-Fr 08:30-17:30; Sa 08:30-16:30","phone":"+31 492 511 061","shop":"hairdresser","source":"BAG","source:date":"2014-06-04","website":"https://kapsalonannemarie.nl/","id":"node/2899999184"},"geometry":{"type":"Point","coordinates":[5.7018345,51.4700966]}},{"type":"Feature","id":"node/2899999691","properties":{"addr:city":"Helmond","addr:housenumber":"7","addr:postcode":"5704EG","addr:street":"Brouwhorst","amenity":"fast_food","brand":"Spare Rib Express","brand:wikidata":"Q108923605","cuisine":"barbecue","drive_through":"no","name":"Spare Rib Express","opening_hours":"Mo-Su 16:30-21:00","phone":"+31 6 16126792","source":"BAG","source:date":"2014-06-04","takeaway":"yes","website":"https://www.spareribexpress.com/","id":"node/2899999691"},"geometry":{"type":"Point","coordinates":[5.7031018,51.4692131]}},{"type":"Feature","id":"node/2900000069","properties":{"addr:city":"Helmond","addr:housenumber":"730","addr:postcode":"5704NZ","addr:street":"Rivierensingel","amenity":"veterinary","branch":"Helmond - Brouwhuis","brand":"AniCura","brand:website":"https://www.anicura.nl","brand:wikidata":"Q21100245","email":"zuidoost@anicura.nl","name":"AniCura","phone":"+31 492 515 977","source":"BAG","source:date":"2014-06-04","website":"https://www.anicura.nl/klinieken/zuidoost/helmond-brouwhuis/","id":"node/2900000069"},"geometry":{"type":"Point","coordinates":[5.711085,51.4668597]}},{"type":"Feature","id":"node/2901554517","properties":{"addr:city":"Helmond","addr:housenumber":"1","addr:postcode":"5706VM","addr:street":"Pastoor Elsenstraat","name":"Your Style","shop":"hairdresser","source":"BAG","source:date":"2014-06-05","website":"https://www.yourstylekappers.nl","id":"node/2901554517"},"geometry":{"type":"Point","coordinates":[5.6352057,51.4668899]}},{"type":"Feature","id":"node/2901555287","properties":{"addr:city":"Helmond","addr:housenumber":"140","addr:postcode":"5706AN","addr:street":"Hoofdstraat","amenity":"restaurant","cuisine":"asian","name":"Lilie","source":"BAG","source:date":"2014-06-05","website":"http://www.liliesushi.nl","id":"node/2901555287"},"geometry":{"type":"Point","coordinates":[5.6348276,51.4661763]}},{"type":"Feature","id":"node/2901555288","properties":{"addr:city":"Helmond","addr:housenumber":"142","addr:postcode":"5706AN","addr:street":"Hoofdstraat","name":"2 Rebels","opening_hours":"Mo 13:00-17:30; Tu-Th 09:30-17:30; Fr 09:30-18:00; Sa 09:30-17:00","phone":"+31 492 380662","shop":"clothes","source":"BAG","source:date":"2014-06-05","website":"https://2rebelshelmond.nl","id":"node/2901555288"},"geometry":{"type":"Point","coordinates":[5.6348142,51.4663358]}},{"type":"Feature","id":"node/2901555289","properties":{"addr:city":"Helmond","addr:housenumber":"142A","addr:postcode":"5706AN","addr:street":"Hoofdstraat","branch":"Helmond Mierlo-Hout","brand":"Vintage Kappers","brand:website":"https://www.vintagekappers.nl","brand:wikidata":"Q135397295","email":"mierlo-hout@vintagekappers.nl","name":"Vintage Kappers","old_name":"Traditions","phone":"+31 492 724 820","shop":"hairdresser","source":"BAG","source:date":"2014-06-05","website":"https://www.vintagekappers.nl/kapperszaken/helmond-mierlo-hout/","id":"node/2901555289"},"geometry":{"type":"Point","coordinates":[5.6349123,51.4663405]}},{"type":"Feature","id":"node/2901555290","properties":{"addr:city":"Helmond","addr:housenumber":"144","addr:postcode":"5706AN","addr:street":"Hoofdstraat","name":"Tim Canters dagelijks vers","shop":"greengrocer","source":"BAG","source:date":"2014-06-05","id":"node/2901555290"},"geometry":{"type":"Point","coordinates":[5.6350164,51.466364]}},{"type":"Feature","id":"node/2901555291","properties":{"addr:city":"Helmond","addr:housenumber":"146","addr:postcode":"5706AN","addr:street":"Hoofdstraat","brand":"Kruidvat","brand:website":"https://www.kruidvat.nl","brand:wikidata":"Q2226366","brand:wikipedia":"nl:Kruidvat","name":"Kruidvat","opening_hours":"Mo-Th 08:30-18:00; Fr 08:30-21:00; Sa 08:30-17:00; Su 12:00-17:00; PH off","operator":"Kruidvat","ref":"7186","shop":"chemist","source":"BAG","source:date":"2014-06-05","website":"https://www.kruidvat.nl/store/drogisterij-kruidvat-7186","wheelchair":"yes","id":"node/2901555291"},"geometry":{"type":"Point","coordinates":[5.6350967,51.4664846]}},{"type":"Feature","id":"node/2901555292","properties":{"addr:city":"Helmond","addr:housenumber":"148","addr:postcode":"5706AN","addr:street":"Hoofdstraat","name":"Ronnie van Os","shop":"butcher","source":"BAG","source:date":"2014-06-05","website":"https://www.slagerijronnievanos.nl/","id":"node/2901555292"},"geometry":{"type":"Point","coordinates":[5.6350606,51.4665917]}},{"type":"Feature","id":"node/2901555525","properties":{"addr:city":"Helmond","addr:housenumber":"150","addr:postcode":"5706AP","addr:street":"Hoofdstraat","branch":"Mierlo-Hout, Helmond","brand":"'t Bakkertje","brand:website":"https://www.bakkertje.nl","brand:wikidata":"Q121518008","name":"'t Bakkertje","opening_hours":"Mo-Th 07:30-18:00; Fr 07:00-18:00; Sa 07:00-17:00; Su off","phone":"+31 492 527 726","shop":"bakery","source":"BAG","source:date":"2014-06-05","website":"https://www.bakkertje.nl/filialen/mierlo-hout/","id":"node/2901555525"},"geometry":{"type":"Point","coordinates":[5.6350402,51.4666617]}},{"type":"Feature","id":"node/2901555635","properties":{"addr:city":"Helmond","addr:housenumber":"164","addr:postcode":"5706AP","addr:street":"Hoofdstraat","amenity":"fast_food","brand":"New York Pizza","brand:website":"https://www.newyorkpizza.nl/","brand:wikidata":"Q2639128","brand:wikipedia":"nl:New York Pizza","cuisine":"pizza","name":"New York Pizza","source":"BAG","source:date":"2014-06-05","takeaway":"yes","website":"https://www.newyorkpizza.nl","id":"node/2901555635"},"geometry":{"type":"Point","coordinates":[5.634982,51.4668844]}},{"type":"Feature","id":"node/2901555789","properties":{"addr:city":"Helmond","addr:housenumber":"182","addr:postcode":"5706AP","addr:street":"Hoofdstraat","name":"Houtse Bazar","shop":"party","source":"BAG","source:date":"2014-06-05","website":"https://www.houtse-bazar.nl/","id":"node/2901555789"},"geometry":{"type":"Point","coordinates":[5.6351077,51.4685498]}},{"type":"Feature","id":"node/2901556217","properties":{"addr:city":"Helmond","addr:housenumber":"3","addr:postcode":"5706XX","addr:street":"Kastanjehoutstraat","name":"Adventure Store","shop":"outdoor","source":"BAG","source:date":"2014-06-05","website":"https://www.adventurestore.nl","id":"node/2901556217"},"geometry":{"type":"Point","coordinates":[5.6345112,51.4632455]}},{"type":"Feature","id":"node/2901556351","properties":{"addr:city":"Helmond","addr:housenumber":"4","addr:postcode":"5706AT","addr:street":"Koeveldsestraat","amenity":"community_centre","club":"scout","community_centre":"club_home","name":"Scouting Mierlo-Hout","ref:scoutingnl":"1593","source":"BAG","source:date":"2014-06-05","website":"https://www.scoutingmierlohout.nl","id":"node/2901556351"},"geometry":{"type":"Point","coordinates":[5.6347496,51.4641118]}},{"type":"Feature","id":"node/2901649675","properties":{"addr:city":"Helmond","addr:housenumber":"10","addr:postcode":"5706LK","addr:street":"Ganzewinkel","name":"Kwekerij van der Linden","shop":"garden_centre","source":"BAG","source:date":"2014-06-05","website":"https://www.kwekerijvanderlinden.nl","id":"node/2901649675"},"geometry":{"type":"Point","coordinates":[5.6412246,51.457263]}},{"type":"Feature","id":"node/2901653090","properties":{"addr:city":"Helmond","addr:housenumber":"70","addr:postcode":"5706LL","addr:street":"Akkerweg","branch":"Helmond","brand":"Coppelmans","brand:website":"https://www.coppelmans.nl","brand:wikidata":"Q116679574","email":"helmond@coppelmans.nl","name":"Coppelmans","opening_hours":"Mo-Fr 09:30-18:00; Sa 09:00-17:00","phone":"+31 492 523 910","shop":"garden_centre","source":"BAG","source:date":"2017-03-29","website":"https://www.coppelmans.nl/coppelmans-helmond","id":"node/2901653090"},"geometry":{"type":"Point","coordinates":[5.6423435,51.4586222]}},{"type":"Feature","id":"node/2901715192","properties":{"addr:city":"Helmond","addr:housenumber":"105","addr:postcode":"5706AK","addr:street":"Hoofdstraat","name":"Electro World Wout van Vlerken","shop":"electronics","source":"BAG","source:date":"2014-06-05","id":"node/2901715192"},"geometry":{"type":"Point","coordinates":[5.6339599,51.46419]}},{"type":"Feature","id":"node/2901716963","properties":{"addr:city":"Helmond","addr:housenumber":"123","addr:postcode":"5706AK","addr:street":"Hoofdstraat","leisure":"sports_centre","name":"New Phase Fitness","source":"BAG","source:date":"2014-06-05","website":"https://newphasefitness.nl","id":"node/2901716963"},"geometry":{"type":"Point","coordinates":[5.6338634,51.4647842]}},{"type":"Feature","id":"node/2901716999","properties":{"addr:city":"Helmond","addr:housenumber":"135B","addr:postcode":"5706AL","addr:street":"Hoofdstraat","name":"'t Kappertje","shop":"hairdresser","source":"BAG","source:date":"2014-06-05","id":"node/2901716999"},"geometry":{"type":"Point","coordinates":[5.6343974,51.4656996]}},{"type":"Feature","id":"node/2901717000","properties":{"addr:city":"Helmond","addr:housenumber":"135C","addr:postcode":"5706AL","addr:street":"Hoofdstraat","brand":"VakantieXperts","brand:wikidata":"Q114904977","name":"VakantieXperts","shop":"travel_agency","source":"BAG","source:date":"2014-06-05","website":"https://www.vx.nl","id":"node/2901717000"},"geometry":{"type":"Point","coordinates":[5.6343971,51.4657854]}},{"type":"Feature","id":"node/2901717401","properties":{"addr:city":"Helmond","addr:housenumber":"137","addr:postcode":"5706AL","addr:street":"Hoofdstraat","amenity":"fast_food","cuisine":"fried_food","name":"Friture Zaal Adelaars","source":"BAG","source:date":"2014-06-05","website":"https://www.friturezaaladelaars.nl","id":"node/2901717401"},"geometry":{"type":"Point","coordinates":[5.6344167,51.4659184]}},{"type":"Feature","id":"node/2901718110","properties":{"addr:city":"Helmond","addr:housenumber":"4","addr:postcode":"5706AX","addr:street":"Slegersstraat","name":"'t Pijpke","shop":"alcohol","source":"BAG","source:date":"2017-03-28","website":"https://slijterij-tpijpke.nl","id":"node/2901718110"},"geometry":{"type":"Point","coordinates":[5.6335662,51.4672311]}},{"type":"Feature","id":"node/2901718151","properties":{"addr:city":"Helmond","addr:housenumber":"43C-9","addr:postcode":"5706AJ","addr:street":"Hoofdstraat","amenity":"restaurant","name":"Ryan Foodshop","opening_hours":"We-Su 12:00-21:30","phone":"+31 6 22072318","source":"BAG","source:date":"2014-06-05","website":"https://ryanfoodshop.nl/","id":"node/2901718151"},"geometry":{"type":"Point","coordinates":[5.6308526,51.4614808]}},{"type":"Feature","id":"node/2901718222","properties":{"addr:city":"Helmond","addr:housenumber":"6","addr:postcode":"5706AX","addr:street":"Slegersstraat","name":"STOER!","shop":"shoes","source":"BAG","source:date":"2014-06-05","website":"https://www.stoerschoenmode.nl","id":"node/2901718222"},"geometry":{"type":"Point","coordinates":[5.6335448,51.4672279]}},{"type":"Feature","id":"node/2901800432","properties":{"addr:city":"Helmond","addr:housenumber":"1","addr:postcode":"5707KX","addr:street":"Mr. Stikkerplein","name":"Helmond 't Hout","public_transport":"station","railway":"station","railway:ref":"Hmh","source":"BAG","source:date":"2014-06-05","train":"yes","website":"https://www.ns.nl/stationsinformatie/hmh/helmond-t-hout","wikidata":"Q2570647","wikipedia":"nl:Station Helmond 't Hout","id":"node/2901800432"},"geometry":{"type":"Point","coordinates":[5.6312015,51.4681099]}},{"type":"Feature","id":"node/2901803494","properties":{"addr:city":"Helmond","addr:housenumber":"1B","addr:postcode":"5707AZ","addr:street":"de Hoefkens","name":"Diepvriesspecialist Helmond","opening_hours":"Mo-Th 09:00-18:00; Fr 09:00-20:00; Sa 09:00-17:00","phone":"+31 492 544 407","shop":"supermarket","source":"BAG","source:date":"2014-06-05","website":"https://www.diepvriesspecialist.nl/","id":"node/2901803494"},"geometry":{"type":"Point","coordinates":[5.6334597,51.4697354]}},{"type":"Feature","id":"node/2901804618","properties":{"addr:city":"Helmond","addr:housenumber":"206","addr:postcode":"5707AT","addr:street":"Mierloseweg","amenity":"fuel","brand":"Shell","brand:wikidata":"Q110716465","name":"Shell Verbakel","opening_hours":"Mo-Fr 07:00-20:00; Sa 08:00-20:00; Su 09:00-20:00","operator":"Verbakel","phone":"+31 492 522 868","source":"BAG","source:date":"2014-06-05","website":"https://find.shell.com/nl/fuel/10030516-shell-verbakel-helmond","id":"node/2901804618"},"geometry":{"type":"Point","coordinates":[5.6341584,51.4726361]}},{"type":"Feature","id":"node/2901804647","properties":{"addr:city":"Helmond","addr:housenumber":"23","addr:postcode":"5707DD","addr:street":"Medevoort","amenity":"restaurant","leisure":"playground","name":"Brandevoortse Hoeve","shop":"farm","source":"BAG","source:date":"2014-06-05","website":"https://www.debrandevoortsehoeve.nl","id":"node/2901804647"},"geometry":{"type":"Point","coordinates":[5.613011,51.466847]}},{"type":"Feature","id":"node/2901804742","properties":{"addr:city":"Helmond","addr:housenumber":"288","addr:postcode":"5707AV","addr:street":"Mierloseweg","name":"B&B Tegels & Sanitair","opening_hours":"Mo 13:00-18:00; Tu-Fr 09:00-18:00; Sa 09:00-16:00","phone":"+31 492 544 764","shop":"bathroom_furnishing","source":"BAG","source:date":"2017-03-25","website":"https://www.bbtegels.nl/","id":"node/2901804742"},"geometry":{"type":"Point","coordinates":[5.6342916,51.4692418]}},{"type":"Feature","id":"node/2901933518","properties":{"addr:city":"Helmond","addr:housenumber":"26","addr:postcode":"5706CT","addr:street":"Walvisstraat","brand":"Action","brand:wikidata":"Q2634111","brand:wikipedia":"nl:Action (winkel)","check_date":"2026-03-23","check_date:opening_hours":"2026-03-23","name":"Action","opening_hours":"Mo-Sa 08:30-20:00; Su 10:00-18:00","shop":"variety_store","source":"BAG","source:date":"2014-06-05","website":"https://www.action.com/nl-nl/winkels/helmond-walvisstraat/","id":"node/2901933518"},"geometry":{"type":"Point","coordinates":[5.6398753,51.4602588]}},{"type":"Feature","id":"node/2901933640","properties":{"addr:city":"Helmond","addr:housenumber":"34","addr:postcode":"5706CT","addr:street":"Walvisstraat","amenity":"bar","name":"De Karper","outdoor_seating":"yes","source":"BAG","source:date":"2014-06-05","id":"node/2901933640"},"geometry":{"type":"Point","coordinates":[5.6402958,51.4604745]}},{"type":"Feature","id":"node/2901933654","properties":{"addr:city":"Helmond","addr:housenumber":"36","addr:postcode":"5706CT","addr:street":"Walvisstraat","amenity":"restaurant","cuisine":"fried_food","name":"De Karper","outdoor_seating":"yes","source":"BAG","source:date":"2014-06-05","id":"node/2901933654"},"geometry":{"type":"Point","coordinates":[5.6400751,51.4604751]}},{"type":"Feature","id":"node/2901964814","properties":{"addr:city":"Helmond","addr:housenumber":"1","addr:postcode":"5706LD","addr:street":"Kanaaldijk Z.W.","name":"Keijzer Auto's","opening_hours":"Mo-Fr 09:00-18:00; Sa 09:00-16:00","second_hand":"only","shop":"car","source":"BAG","source:date":"2014-06-05","website":"https://keijzerautos.nl/","id":"node/2901964814"},"geometry":{"type":"Point","coordinates":[5.6598637,51.4677414]}},{"type":"Feature","id":"node/2901965156","properties":{"addr:city":"Helmond","addr:housenumber":"7","addr:postcode":"5706LD","addr:street":"Kanaaldijk Z.W.","name":"Henk Jongen Auto's","shop":"car_repair","source":"BAG","source:date":"2014-06-05","website":"https://www.henkjongen.nl/","id":"node/2901965156"},"geometry":{"type":"Point","coordinates":[5.6575682,51.4694349]}},{"type":"Feature","id":"node/2901965180","properties":{"addr:city":"Helmond","addr:housenumber":"7B","addr:postcode":"5706LD","addr:street":"Kanaaldijk Z.W.","name":"Van denk Hurk bedrijfswagens","shop":"car","source":"BAG","source:date":"2014-06-05","website":"https://www.vdhurk.nl","id":"node/2901965180"},"geometry":{"type":"Point","coordinates":[5.6565258,51.4702455]}},{"type":"Feature","id":"node/2901965787","properties":{"addr:city":"Helmond","addr:housenumber":"3","addr:postcode":"5706LD","addr:street":"Kanaaldijk Z.W.","email":"info@schutting.nl","internet_access":"wlan","name":"Verhoeven Garden Stones & Basics","opening_hours":"Mo-Sa 08:00-18:00","phone":"+31 492 523 468","shop":"garden_furniture","source":"BAG","source:date":"2017-03-27","website":"https://schutting.nl/","id":"node/2901965787"},"geometry":{"type":"Point","coordinates":[5.6590039,51.468108]}},{"type":"Feature","id":"node/2901979455","properties":{"addr:city":"Helmond","addr:housenumber":"41","addr:postcode":"5707AB","addr:street":"Mierloseweg","name":"Fish 'n Food","opening_hours":"Tu-Fr 09:00-18:00; Mo 12:00-18:00; Sa 09:00-17:00","shop":"seafood","source":"BAG","source:date":"2014-06-05","website":"https://www.fishenfoodhelmond.nl","id":"node/2901979455"},"geometry":{"type":"Point","coordinates":[5.6435934,51.4763899]}},{"type":"Feature","id":"node/2901979553","properties":{"addr:city":"Helmond","addr:housenumber":"23","addr:postcode":"5707AB","addr:street":"Mierloseweg","name":"Henk van Rooij Fietsen","opening_hours":"Tu-Fr 09:00-18:00; Sa 09:00-17:00","phone":"+31 492 590933","shop":"bicycle","source":"BAG","source:date":"2014-06-05","website":"https://www.henkvanrooijfietsen.nl","id":"node/2901979553"},"geometry":{"type":"Point","coordinates":[5.6441888,51.4762647]}},{"type":"Feature","id":"node/2901980393","properties":{"addr:city":"Helmond","addr:housenumber":"1","addr:postcode":"5707TA","addr:street":"Binnendongenstraat","branch":"Helmond","brand":"Tapijtcentrum Nederland","brand:website":"https://www.tapijtcentrum.nl","brand:wikidata":"Q140700158","email":"helmond@tapijtcentrum.nl","name":"Tapijtcentrum Nederland","opening_hours":"Tu-Fr 10:00-18:00; Sa 10:00-17:30","phone":"+31 492 520941","shop":"carpet","source":"BAG","source:date":"2014-06-05","website":"https://www.tapijtcentrum.nl/onze-winkels/helmond","id":"node/2901980393"},"geometry":{"type":"Point","coordinates":[5.6391108,51.4762063]}},{"type":"Feature","id":"node/2901980984","properties":{"addr:city":"Helmond","addr:housenumber":"130","addr:postcode":"5707AR","addr:street":"Mierloseweg","amenity":"restaurant","cuisine":"french","name":"Restaurant Nastrium & Foodbar The Backyard","opening_hours":"Mo 18:00-22:00, Th-Sa 18:00-22:00, Su 12:00-15:00,18:00-22:00","source":"BAG","source:date":"2014-06-05","website":"https://nastrium.nl/","id":"node/2901980984"},"geometry":{"type":"Point","coordinates":[5.6364803,51.4749905]}},{"type":"Feature","id":"node/2901981842","properties":{"addr:city":"Helmond","addr:housenumber":"10","addr:postcode":"5707AL","addr:street":"Mierloseweg","branch":"Helmond","brand":"ReadShop","brand:website":"https://www.readshop.nl","brand:wikidata":"Q114905224","name":"ReadShop","opening_hours":"Mo 10:00-17:30; Tu-Fr 09:30-17:30; Sa 09:30-16:00","phone":"+31 492 599 471","shop":"books","source":"BAG","source:date":"2014-06-05","website":"https://www.readshop.nl/winkels/helmond/4391","id":"node/2901981842"},"geometry":{"type":"Point","coordinates":[5.6450765,51.4766557]}},{"type":"Feature","id":"node/2901982177","properties":{"addr:city":"Helmond","addr:housenumber":"27","addr:postcode":"5707LA","addr:street":"Kanaaldijk N.W.","email":"info@gymbokx.nl","leisure":"fitness_centre","name":"Gymbokx","phone":"+31 492 770 045","source":"BAG;survey","source:date":"2014-06-05","sport":"fitness;crossfit;boxing;weightlifting","website":"https://www.gymbokx.nl/","id":"node/2901982177"},"geometry":{"type":"Point","coordinates":[5.6514889,51.4753265]}},{"type":"Feature","id":"node/2901982203","properties":{"addr:city":"Helmond","addr:housenumber":"15","addr:postcode":"5707AB","addr:street":"Mierloseweg","branch":"Helmond","brand":"Fietsvoordeelshop.nl","brand:website":"https://www.fietsvoordeelshop.nl/","brand:wikidata":"Q132174961","name":"Fietsvoordeelshop.nl","opening_hours":"Tu-Fr 09:00-18:00; Sa 09:00-17:00; Mo,Su off","payment:cash":"yes","phone":"+31 492 745535","service:bicycle:pump":"yes","service:bicycle:repair":"yes","service:bicycle:retail":"yes","service:bicycle:second_hand":"yes","shop":"bicycle","source":"BAG","source:date":"2014-06-05","website":"https://www.fietsvoordeelshop.nl/winkels/helmond","wheelchair":"limited","id":"node/2901982203"},"geometry":{"type":"Point","coordinates":[5.6445918,51.476293]}},{"type":"Feature","id":"node/2901982615","properties":{"addr:city":"Helmond","addr:housenumber":"22","addr:postcode":"5707AM","addr:street":"Mierloseweg","contact:email":"dierenshopquispel@gmail.com","name":"Dierenshop Quispel","opening_hours":"Mo 10:00-18:00; Tu-Fr 09:00-18:00; Sa 09:00-17:00","phone":"+31 492 538 717","shop":"pet","source":"BAG","source:date":"2014-06-05","website":"https://www.dierenshopquispel.nl","id":"node/2901982615"},"geometry":{"type":"Point","coordinates":[5.644498,51.4765319]}},{"type":"Feature","id":"node/2901982796","properties":{"addr:city":"Helmond","addr:housenumber":"39","addr:postcode":"5707AB","addr:street":"Mierloseweg","branch":"Helmond","brand":"De Echte Bakker","brand:website":"https://echtebakker.nl","brand:wikidata":"Q16920716","name":"Bakkerij Vedder, De Echte Bakker","phone":"+31 492 529721","shop":"bakery","source":"BAG","source:date":"2014-06-05","website":"https://bakkerijvedder.nl","id":"node/2901982796"},"geometry":{"type":"Point","coordinates":[5.6436842,51.4763586]}},{"type":"Feature","id":"node/2901982922","properties":{"addr:city":"Helmond","addr:housenumber":"31","addr:postcode":"5707AB","addr:street":"Mierloseweg","amenity":"pharmacy","branch":"Helmond West","brand":"BENU","brand:wikidata":"Q62562792","email":"helmondwest@benuapotheek.nl","healthcare":"pharmacy","name":"BENU","phone":"+31 492 551 893","source":"BAG","source:date":"2014-06-05","website":"https://www.benuapotheek.nl/apotheek/helmond-west","id":"node/2901982922"},"geometry":{"type":"Point","coordinates":[5.6439846,51.4762833]}},{"type":"Feature","id":"node/2901983434","properties":{"addr:city":"Helmond","addr:housenumber":"4","addr:postcode":"5707AL","addr:street":"Mierloseweg","amenity":"clinic","healthcare":"clinic","name":"Huisartsenpraktijk Smits & Van Alphen","opening_hours":"Mo-We 08:00-17:00; Th 08:00-13:00; Fr 08:00-17:00","phone":"+31 492 537740","source":"BAG","source:date":"2014-06-05","website":"https://www.huisartsenpraktijk-smits.nl/","wheelchair":"yes","id":"node/2901983434"},"geometry":{"type":"Point","coordinates":[5.6461566,51.4770009]}},{"type":"Feature","id":"node/2901983767","properties":{"addr:city":"Helmond","addr:housenumber":"51A","addr:postcode":"5707AC","addr:street":"Mierloseweg","branch":"Helmond (2e Kans)","brand":"De Echte Bakker","brand:website":"https://echtebakker.nl","brand:wikidata":"Q16920716","description":"2e kans-winkel","name":"Godfried de Vocht De Echte Bakker","opening_hours":"Tu-Fr 09:00-14:30; Sa 08:30-14:00","operator":"Bakkerij Godfried de Vocht","operator:website":"https://bakkerijdevocht.nl","shop":"bakery","source":"BAG","source:date":"2014-06-05","website":"https://bakkerijdevocht.nl/winkels/2e-kans/","id":"node/2901983767"},"geometry":{"type":"Point","coordinates":[5.6429541,51.4765722]}},{"type":"Feature","id":"node/2901983777","properties":{"addr:city":"Helmond","addr:housenumber":"52","addr:postcode":"5707AN","addr:street":"Mierloseweg","brand":"Hubo","brand:wikidata":"Q5473953","name":"Hubo","opening_hours":"Mo-Fr 09:00-18:00; Sa 09:00-17:00","phone":"+31 492 532 323","shop":"doityourself","source":"BAG","source:date":"2014-06-05","website":"https://www.hubo.nl/helmond","id":"node/2901983777"},"geometry":{"type":"Point","coordinates":[5.6420052,51.4765619]}},{"type":"Feature","id":"node/2901985525","properties":{"addr:city":"Helmond","addr:housenumber":"70","addr:postcode":"5707TJ","addr:street":"Cortenbachstraat","amenity":"community_centre","email":"info@wijkhuiswestwijzer.nl","name":"Wijkhuis Westwijzer","phone":"+31 492 544 345","source":"BAG","source:date":"2014-06-05","website":"https://wijkhuiswestwijzer.nl/","id":"node/2901985525"},"geometry":{"type":"Point","coordinates":[5.6415573,51.4738781]}},{"type":"Feature","id":"node/2901986235","properties":{"addr:city":"Helmond","addr:housenumber":"95","addr:postcode":"5707CL","addr:street":"Europaweg","name":"Huisdiervoordeelshop","shop":"pet","source":"BAG","source:date":"2017-03-27","website":"https://huisdiervoordeelshop.nl/vestigingen/dierenwinkel-helmond/","id":"node/2901986235"},"geometry":{"type":"Point","coordinates":[5.6416974,51.4770719]}},{"type":"Feature","id":"node/2902337875","properties":{"addr:city":"Helmond","addr:housenumber":"239","addr:postcode":"5707AH","addr:street":"Mierloseweg","amenity":"restaurant","name":"Thai Phadee","phone":"+31 492 775 636","source":"BAG","source:date":"2014-06-06","website":"https://www.thaiphadee.nl/","id":"node/2902337875"},"geometry":{"type":"Point","coordinates":[5.6345298,51.4727717]}},{"type":"Feature","id":"node/2902382690","properties":{"addr:city":"Helmond","addr:housenumber":"21D","addr:postcode":"5705DK","addr:street":"Varenschut","brand":"Kia","brand:wikidata":"Q35349","name":"Kia VDNS","shop":"car","source":"BAG","source:date":"2014-06-06","id":"node/2902382690"},"geometry":{"type":"Point","coordinates":[5.6924522,51.4564845]}},{"type":"Feature","id":"node/2902385844","properties":{"addr:city":"Helmond","addr:housenumber":"5","addr:postcode":"5705DK","addr:street":"Varenschut","brand":"Toyota","brand:wikidata":"Q53268","name":"Oostendorp Auto Helmond","service":"dealer;repair","shop":"car","source":"BAG","source:date":"2014-06-06","id":"node/2902385844"},"geometry":{"type":"Point","coordinates":[5.6916119,51.4629491]}},{"type":"Feature","id":"node/2902385848","properties":{"addr:city":"Helmond","addr:housenumber":"50","addr:postcode":"5705BE","addr:street":"Kanaaldijk Z.O.","amenity":"community_centre","community_centre":"club_home","name":"De Helmvaarders","official_name":"Kanovereniging HWC de Helmvaarders","source":"BAG","source:date":"2014-06-06","sport":"canoe","website":"https://www.helmvaarders.nl","id":"node/2902385848"},"geometry":{"type":"Point","coordinates":[5.6658803,51.4641217]}},{"type":"Feature","id":"node/2902385857","properties":{"addr:city":"Helmond","addr:housenumber":"6","addr:postcode":"5705CV","addr:street":"Korte Dijk","branch":"Helmond","brand":"PartsPoint","brand:website":"https://www.partspoint.nl","brand:wikidata":"Q127859868","email":"helmondtechniek@partspoint.nl","name":"PartsPoint Technics","phone":"+31 88 1234095","shop":"car_parts","source":"BAG","source:date":"2014-06-06","website":"https://www.partspoint.nl/vestiging/partspoint-technics-helmond","id":"node/2902385857"},"geometry":{"type":"Point","coordinates":[5.679388,51.4604479]}},{"type":"Feature","id":"node/2902385866","properties":{"addr:city":"Helmond","addr:housenumber":"7","addr:postcode":"5705DK","addr:street":"Varenschut","brand":"Nissan","brand:wikidata":"Q20165","name":"Janssen Kerres","second_hand":"yes","shop":"car","source":"BAG","source:date":"2014-06-06","id":"node/2902385866"},"geometry":{"type":"Point","coordinates":[5.692428,51.4626887]}},{"type":"Feature","id":"node/2902385884","properties":{"addr:city":"Helmond","addr:housenumber":"9","addr:postcode":"5705DK","addr:street":"Varenschut","brand":"Renault","brand:wikidata":"Q6686","name":"Janssen Kerres","shop":"car","source":"BAG","source:date":"2014-06-06","id":"node/2902385884"},"geometry":{"type":"Point","coordinates":[5.69313,51.4622894]}},{"type":"Feature","id":"node/2902385922","properties":{"addr:city":"Helmond","addr:housenumber":"11","addr:postcode":"5705DK","addr:street":"Varenschut","name":"BI-Camper","shop":"caravan","source":"BAG","source:date":"2014-06-06","id":"node/2902385922"},"geometry":{"type":"Point","coordinates":[5.6935589,51.4614867]}},{"type":"Feature","id":"node/2902385962","properties":{"addr:city":"Helmond","addr:housenumber":"15","addr:postcode":"5705DK","addr:street":"Varenschut","brand":"BMW","brand:wikidata":"Q26678","name":"NobraCars","shop":"car","source":"BAG","source:date":"2014-06-06","id":"node/2902385962"},"geometry":{"type":"Point","coordinates":[5.6934597,51.4593644]}},{"type":"Feature","id":"node/2902556578","properties":{"addr:city":"Helmond","addr:housenumber":"1","addr:postcode":"5705KZ","addr:street":"Scheepsboulevard","amenity":"college","branch":"Helmond","description":"mbo","education":"college","email":"mbo.helmond@yuverta.nl","isced:level":"3","name":"Yuverta mbo","operator":"Yuverta","operator:website":"https://www.yuverta.nl","operator:wikidata":"Q111203527","phone":"+31 492 523983","source":"BAG","source:date":"2014-06-06","website":"https://www.yuverta.nl/mbo/scholen/mbo-helmond/","id":"node/2902556578"},"geometry":{"type":"Point","coordinates":[5.6613083,51.4704047]}},{"type":"Feature","id":"node/2902556920","properties":{"addr:city":"Helmond","addr:housenumber":"102","addr:postcode":"5705CL","addr:street":"Vossenbeemd","branch":"Helmond","brand":"Bouwmaat","brand:website":"https://www.bouwmaat.nl","brand:wikidata":"Q126917506","email":"helmond@bouwmaat.nl","name":"Bouwmaat","opening_hours":"Mo-Fr 07:00-18:00; Sa 08:00-15:00","phone":"+31 492 509310","shop":"hardware","source":"BAG","source:date":"2014-06-06","website":"https://www.bouwmaat.nl/vestigingen/bouwmaat-helmond","wholesale":"only","id":"node/2902556920"},"geometry":{"type":"Point","coordinates":[5.6744146,51.4662558]}},{"type":"Feature","id":"node/2902557524","properties":{"addr:city":"Helmond","addr:housenumber":"14","addr:postcode":"5705BN","addr:street":"Nijverheidsweg","branch":"Helmond","brand":"Leen Bakker","brand:website":"https://www.leenbakker.nl","brand:wikidata":"Q3333662","brand:wikipedia":"nl:Leen Bakker","name":"Leen Bakker","phone":"+31 492 564323","shop":"furniture","source":"BAG","source:date":"2014-06-06","website":"https://www.leenbakker.nl/winkels/helmond/nijverheidsweg-14","id":"node/2902557524"},"geometry":{"type":"Point","coordinates":[5.6728195,51.4738763]}},{"type":"Feature","id":"node/2902557563","properties":{"addr:city":"Helmond","addr:housenumber":"150","addr:postcode":"5705AJ","addr:street":"Engelseweg","branch":"Helmond","brand":"Baenks","brand:wikidata":"Q125658433","email":"helmond@baenks.nl","name":"Baenks","phone":"+31 492 745275","shop":"furniture","source":"BAG","source:date":"2014-06-06","website":"https://www.baenks.nl/brandstores/helmond","id":"node/2902557563"},"geometry":{"type":"Point","coordinates":[5.6701593,51.4744425]}},{"type":"Feature","id":"node/2902557565","properties":{"addr:city":"Helmond","addr:housenumber":"152","addr:postcode":"5705AJ","addr:street":"Engelseweg","branch":"Helmond","brand":"Pronto Wonen","brand:wikidata":"Q124129152","email":"info@prontowonenhelmond.nl","name":"Pronto Wonen","phone":"+31 492 745270","shop":"furniture","source":"BAG","source:date":"2017-03-27","website":"https://www.prontowonen.nl/winkel/helmond","id":"node/2902557565"},"geometry":{"type":"Point","coordinates":[5.6706525,51.474368]}},{"type":"Feature","id":"node/2902557567","properties":{"addr:city":"Helmond","addr:housenumber":"154","addr:postcode":"5705AJ","addr:street":"Engelseweg","branch":"Helmond","brand":"Profijt Meubel","brand:wikidata":"Q124351779","email":"info@profijtmeubelhelmond.nl","name":"Profijt Meubel","phone":"+31 492 745272","shop":"furniture","source":"BAG","source:date":"2014-06-06","website":"https://www.profijtmeubel.nl/winkel/helmond","id":"node/2902557567"},"geometry":{"type":"Point","coordinates":[5.6709657,51.4743154]}},{"type":"Feature","id":"node/2902557569","properties":{"addr:city":"Helmond","addr:housenumber":"156","addr:postcode":"5705AJ","addr:street":"Engelseweg","branch":"Helmond","brand":"Superkeukens","brand:wikidata":"Q124339554","email":"helmond@superkeukens.nl","name":"Superkeukens","phone":"+31 492 747010","shop":"kitchen","source":"BAG","source:date":"2014-06-06","website":"https://www.superkeukens.nl/winkels/helmond","id":"node/2902557569"},"geometry":{"type":"Point","coordinates":[5.6712938,51.4742617]}},{"type":"Feature","id":"node/2902558191","properties":{"addr:city":"Helmond","addr:housenumber":"4A","addr:postcode":"5705BZ","addr:street":"Lage Dijk","brand":"Volvo","brand:wikidata":"Q215293","brand:wikipedia":"en:Volvo Cars","name":"Volvo","shop":"car","source":"BAG","source:date":"2014-06-06","id":"node/2902558191"},"geometry":{"type":"Point","coordinates":[5.6789931,51.4709314]}},{"type":"Feature","id":"node/2902558224","properties":{"addr:city":"Helmond","addr:housenumber":"2","addr:postcode":"5705CX","addr:street":"Noorddijk","name":"Kringloopwinkel","opening_hours":"Mo-Sa 09:30-16:30; Su 12:00-17:00","shop":"second_hand","source":"BAG","source:date":"2014-06-06","id":"node/2902558224"},"geometry":{"type":"Point","coordinates":[5.6865554,51.4674251]}},{"type":"Feature","id":"node/2902558234","properties":{"addr:city":"Helmond","addr:housenumber":"2","addr:postcode":"5705KE","addr:street":"Taftstraat","brand":"Lidl","brand:website":"https://www.lidl.nl/","brand:wikidata":"Q151954","brand:wikipedia":"nl:Lidl","name":"Lidl","opening_hours":"Mo-Sa 08:00-21:00; Su 09:00-19:00","operator":"Lidl Nederland GmbH","shop":"supermarket","source":"BAG","source:date":"2014-06-06","website":"https://www.lidl.nl/s/nl-NL/filialen/helmond/taftstraat-2/","id":"node/2902558234"},"geometry":{"type":"Point","coordinates":[5.6622165,51.4716568]}},{"type":"Feature","id":"node/2902558252","properties":{"addr:city":"Helmond","addr:housenumber":"200B","addr:postcode":"5705AJ","addr:street":"Engelseweg","amenity":"fuel","brand":"Esso","brand:wikidata":"Q867662","brand:wikipedia":"nl:Esso","name":"Esso Helmond","opening_hours":"Mo-Fr 06:00-18:30; Sa 07:00-18:00; Su 10:00-17:00","operator":"EG Group","operator:wikidata":"Q30638435","phone":"+31 492 799808","source":"BAG","source:date":"2014-06-06","website":"https://www.esso.nl/nl-nl/find-station/esso-helmond-essohelmond-100359741","id":"node/2902558252"},"geometry":{"type":"Point","coordinates":[5.6745379,51.4733153]}},{"type":"Feature","id":"node/2902558254","properties":{"addr:city":"Helmond","addr:housenumber":"202","addr:postcode":"5705AJ","addr:street":"Engelseweg","branch":"Helmond","brand":"KeukenConcurrent","brand:website":"https://www.keukenconcurrent.nl","brand:wikidata":"Q130608048","email":"helmond@keukenconcurrent.nl","name":"KeukenConcurrent","opening_hours":"Mo-Sa 10:00-18:00; Su 12:00-18:00","phone":"+31 492 526110","shop":"kitchen","source":"BAG","source:date":"2014-06-06","website":"https://www.keukenconcurrent.nl/keukenzaak/helmond/","id":"node/2902558254"},"geometry":{"type":"Point","coordinates":[5.6747763,51.4736313]}},{"type":"Feature","id":"node/2902558256","properties":{"addr:city":"Helmond","addr:housenumber":"202A","addr:postcode":"5705AJ","addr:street":"Engelseweg","branch":"Helmond","brand":"Keuken Kampioen","brand:website":"https://www.keukenkampioen.nl","brand:wikidata":"Q122903882","email":"helmond@keukenkampioen.nl","name":"Keuken Kampioen","opening_hours":"Mo-Fr 10:00-18:00; Sa 10:00-19:00","phone":"+31 492 793 793","shop":"kitchen","source":"BAG","source:date":"2014-06-06","website":"https://www.keukenkampioen.nl/showrooms/helmond/","id":"node/2902558256"},"geometry":{"type":"Point","coordinates":[5.6750685,51.4735789]}},{"type":"Feature","id":"node/2902558460","properties":{"addr:city":"Helmond","addr:housenumber":"208","addr:postcode":"5705AJ","addr:street":"Engelseweg","brand":"Sligro","brand:wikidata":"Q3170052","brand:wikipedia":"nl:Sligro Food Group","name":"Sligro","shop":"wholesale","source":"BAG","source:date":"2014-06-06","website":"https://www.sligro.nl","id":"node/2902558460"},"geometry":{"type":"Point","coordinates":[5.6754274,51.4734338]}},{"type":"Feature","id":"node/2902558480","properties":{"addr:city":"Helmond","addr:housenumber":"210","addr:postcode":"5705AJ","addr:street":"Engelseweg","name":"Het Zuiden","shop":"car_parts","source":"BAG","source:date":"2014-06-06","website":"http://www.automaterialenhetzuiden.nl","id":"node/2902558480"},"geometry":{"type":"Point","coordinates":[5.6762684,51.4731826]}},{"type":"Feature","id":"node/2902558482","properties":{"addr:city":"Helmond","addr:housenumber":"212","addr:postcode":"5705AJ","addr:street":"Engelseweg","name":"Stijl & Co","shop":"interior_decoration","source":"BAG","source:date":"2014-06-06","website":"https://www.stijlenco.nl/","id":"node/2902558482"},"geometry":{"type":"Point","coordinates":[5.6774906,51.4730518]}},{"type":"Feature","id":"node/2902558483","properties":{"addr:city":"Helmond","addr:housenumber":"214","addr:postcode":"5705AK","addr:street":"Engelseweg","amenity":"restaurant","cuisine":"lunch","name":"LKKR & ZO","source":"BAG","source:date":"2014-06-06","website":"https://www.lkkrenzo.nl","id":"node/2902558483"},"geometry":{"type":"Point","coordinates":[5.677689,51.4730214]}},{"type":"Feature","id":"node/2902558484","properties":{"addr:city":"Helmond","addr:housenumber":"217","addr:postcode":"5705AE","addr:street":"Engelseweg","branch":"Helmond","brand":"Karwei","brand:website":"https://www.karwei.nl","brand:wikidata":"Q2097480","check_date":"2025-11-08","name":"Karwei","opening_hours":"Mo-Fr 09:00-21:00; Sa 09:00-18:00; Su 12:00-17:00","phone":"+31 492 564656","shop":"doityourself","source":"BAG","source:date":"2014-06-06","website":"https://www.karwei.nl/vestigingen/helmond","id":"node/2902558484"},"geometry":{"type":"Point","coordinates":[5.6797893,51.4720206]}},{"type":"Feature","id":"node/2902558490","properties":{"addr:city":"Helmond","addr:housenumber":"21A","addr:postcode":"5705AR","addr:street":"Floreffestraat","amenity":"theatre","name":"Annatheather","source":"BAG","source:date":"2014-06-06","website":"https://www.annatheater.nl/","id":"node/2902558490"},"geometry":{"type":"Point","coordinates":[5.6618969,51.4739679]}},{"type":"Feature","id":"node/2902558507","properties":{"addr:city":"Helmond","addr:housenumber":"221","addr:postcode":"5705AE","addr:street":"Engelseweg","branch":"Helmond","brand":"Autotaalglas","brand:website":"https://www.autotaalglas.nl","brand:wikidata":"Q124616528","email":"helmond@autotaalglas.nl","name":"Autotaalglas","opening_hours":"Mo-Fr 08:00-17:30; Sa 10:00-13:00; Su off","phone":"+31 492 526545","service:vehicle:glass":"yes","shop":"car_repair","source":"BAG","source:date":"2014-06-06","website":"https://www.autotaalglas.nl/vestigingen/autotaalglas-helmond","id":"node/2902558507"},"geometry":{"type":"Point","coordinates":[5.6812515,51.4717205]}},{"type":"Feature","id":"node/2902558512","properties":{"addr:city":"Helmond","addr:housenumber":"223A","addr:postcode":"5705AE","addr:street":"Engelseweg","branch":"Helmond","brand":"JYSK","brand:website":"https://jysk.nl","brand:wikidata":"Q138913","name":"JYSK","phone":"+31 492 475492","shop":"furniture","source":"BAG","source:date":"2014-06-06","website":"https://jysk.nl/winkels/helmond/engelseweg","id":"node/2902558512"},"geometry":{"type":"Point","coordinates":[5.6820723,51.4716013]}},{"type":"Feature","id":"node/2902558513","properties":{"addr:city":"Helmond","addr:housenumber":"224","addr:postcode":"5705AK","addr:street":"Engelseweg","brand":"Praxis","brand:wikidata":"Q2741995","brand:wikipedia":"nl:Praxis (winkel)","name":"Praxis","opening_hours":"Mo-Fr 09:00-21:00; Sa 09:00-18:00; Su 12:00-17:00","phone":"+31 492 528 201","praxis:id":"70","shop":"doityourself","source":"BAG","source:date":"2014-06-06","website":"https://www.praxis.nl/storedetail/2211/helmond","id":"node/2902558513"},"geometry":{"type":"Point","coordinates":[5.6818923,51.4724941]}},{"type":"Feature","id":"node/2902558514","properties":{"addr:city":"Helmond","addr:housenumber":"227","addr:postcode":"5705AE","addr:street":"Engelseweg","email":"customerservice@jansenholland.com","name":"Jansen Naninck bv","phone":"+31 492 549 346","shop":"fabric","source":"BAG","source:date":"2014-06-06","website":"https://jansenholland.com/","id":"node/2902558514"},"geometry":{"type":"Point","coordinates":[5.6829569,51.4715772]}},{"type":"Feature","id":"node/2902558527","properties":{"addr:city":"Helmond","addr:housenumber":"230","addr:postcode":"5705AK","addr:street":"Engelseweg","branch":"Helmond","brand":"Kwantum","brand:website":"https://www.kwantum.nl","brand:wikidata":"Q2262591","name":"Kwantum","opening_hours":"Mo-Fr 10:00-18:00; Sa 10:00-17:30; Su 12:00-17:00","phone":"+31 492 475808","shop":"furniture","source":"BAG","source:date":"2014-06-06","website":"https://www.kwantum.nl/winkels/helmond","id":"node/2902558527"},"geometry":{"type":"Point","coordinates":[5.6826036,51.472344]}},{"type":"Feature","id":"node/2902558528","properties":{"addr:city":"Helmond","addr:housenumber":"231","addr:postcode":"5705AE","addr:street":"Engelseweg","email":"kringloopcardoso@gmail.com","name":"Kringloop Cardoso","opening_hours":"Mo-Fr 09:00-17:00; Sa 09:00-16:00","phone":"+31 6 24134631","second_hand":"only","shop":"second_hand","source":"BAG","source:date":"2014-06-06","website":"https://www.kringloopcardoso.com/","id":"node/2902558528"},"geometry":{"type":"Point","coordinates":[5.6837134,51.4714178]}},{"type":"Feature","id":"node/2902558529","properties":{"addr:city":"Helmond","addr:housenumber":"232","addr:postcode":"5705AK","addr:street":"Engelseweg","email":"helmond@reddy.nl","name":"Reddy Keukens","phone":"+31 492 330 435","shop":"kitchen","source":"BAG","source:date":"2014-06-06","website":"https://www.reddykeukens.nl/showrooms/reddy-keukens-helmond/","id":"node/2902558529"},"geometry":{"type":"Point","coordinates":[5.6830013,51.4720091]}},{"type":"Feature","id":"node/2902558530","properties":{"addr:city":"Helmond","addr:housenumber":"232A","addr:postcode":"5705AK","addr:street":"Engelseweg","branch":"Helmond","brand":"Carglass","brand:website":"https://www.carglass.nl","brand:wikidata":"Q1035997","name":"Carglass","opening_hours":"Mo-Fr 08:15-17:00","service:vehicle:glass":"yes","shop":"car_repair","source":"BAG","source:date":"2014-06-06","website":"https://www.carglass.nl/vestigingen/helmond/","id":"node/2902558530"},"geometry":{"type":"Point","coordinates":[5.6833199,51.4719398]}},{"type":"Feature","id":"node/2902558532","properties":{"addr:city":"Helmond","addr:housenumber":"234","addr:postcode":"5705AK","addr:street":"Engelseweg","branch":"Helmond","brand":"Gamma","brand:website":"https://www.gamma.nl","brand:wikidata":"Q2294120","name":"Gamma","opening_hours":"Mo-Fr 09:00-21:00; Sa 09:00-18:00; Su 12:00-17:00","phone":"+31 492 552400","shop":"doityourself","source":"BAG","source:date":"2014-06-06","website":"https://www.gamma.nl/bouwmarkten/helmond","id":"node/2902558532"},"geometry":{"type":"Point","coordinates":[5.683614,51.4723435]}},{"type":"Feature","id":"node/2902558534","properties":{"addr:city":"Helmond","addr:housenumber":"238","addr:postcode":"5705AK","addr:street":"Engelseweg","brand":"Boels","brand:website":"https://www.boels.nl/","brand:wikidata":"Q19901961","brand:wikipedia":"en:Boels Rental","name":"Boels","opening_hours":"Mo-Fr 07:00-17:00; Sa 08:00-12:30","phone":"+31 492 524 309","shop":"tool_hire","source":"BAG","source:date":"2014-06-06","website":"https://www.boels.com/nl-nl/branches/noord-brabant/helmond","id":"node/2902558534"},"geometry":{"type":"Point","coordinates":[5.6838807,51.4717917]}},{"type":"Feature","id":"node/2902558550","properties":{"addr:city":"Helmond","addr:housenumber":"242","addr:postcode":"5705AK","addr:street":"Engelseweg","email":"info@foanederland.nl","name":"FOA","phone":"+31 492 549 189","shop":"yes","source":"BAG","source:date":"2014-06-06","website":"https://www.foanederland.com/","id":"node/2902558550"},"geometry":{"type":"Point","coordinates":[5.6847586,51.4716007]}},{"type":"Feature","id":"node/2902559018","properties":{"addr:city":"Helmond","addr:housenumber":"2A","addr:postcode":"5705BZ","addr:street":"Lage Dijk","branch":"Helmond","brand":"Toolstation","brand:website":"https://www.toolstation.nl","brand:wikidata":"Q7824103","email":"info@toolstation.nl","name":"Toolstation","opening_hours":"Mo-Fr 08:00-18:00; Sa 08:00-17:00; Su,PH off","phone":"+31 71 581 5050","shop":"doityourself","source":"BAG","source:date":"2014-06-06","website":"https://www.toolstation.nl/branches/helmond","id":"node/2902559018"},"geometry":{"type":"Point","coordinates":[5.6791197,51.4715197]}},{"type":"Feature","id":"node/2902559028","properties":{"addr:city":"Helmond","addr:housenumber":"2C","addr:postcode":"5705BZ","addr:street":"Lage Dijk","branch":"Helmond","brand":"Warmteservice","brand:website":"https://www.warmteservice.nl","brand:wikidata":"Q137828880","email":"helmond@warmteservice.nl","name":"Warmteservice","opening_hours":"Mo-Fr 08:00-17:00","phone":"+31 492 328888","shop":"trade","source":"BAG","source:date":"2014-06-06","trade":"heating","website":"https://www.warmteservice.nl/vestiging/Helmond","id":"node/2902559028"},"geometry":{"type":"Point","coordinates":[5.6790701,51.4712903]}},{"type":"Feature","id":"node/2902559810","properties":{"addr:city":"Helmond","addr:housenumber":"2A","addr:postcode":"5705BZ","addr:street":"Lage Dijk","name":"REGBAT Helmond","shop":"car_parts","source":"BAG","source:date":"2014-06-06","website":"https://regbathelmond.nl/","id":"node/2902559810"},"geometry":{"type":"Point","coordinates":[5.6790501,51.4716197]}},{"type":"Feature","id":"node/2902562030","properties":{"addr:city":"Helmond","addr:housenumber":"8","addr:postcode":"5705BN","addr:street":"Nijverheidsweg","branch":"Helmond","brand":"Beter Bed","brand:website":"https://www.beterbed.nl","brand:wikidata":"Q831076","name":"Beter Bed","phone":"+31 492 59 02 93","shop":"bed","source":"BAG","source:date":"2014-06-06","website":"https://www.beterbed.nl/Winkels/noord-brabant/Helmond","id":"node/2902562030"},"geometry":{"type":"Point","coordinates":[5.6720104,51.4741874]}},{"type":"Feature","id":"node/2902562406","properties":{"addr:city":"Helmond","addr:housenumber":"9","addr:postcode":"5705BX","addr:street":"Lage Dijk","branch":"Helmond Hoogeind","brand":"Würth","brand:website":"https://www.wurth.nl","brand:wikidata":"Q679750","email":"helmond.hoogeind@wurth.nl","name":"Würth","opening_hours":"Mo-Fr 07:00-17:00","phone":"+31 492 350340","shop":"hardware","source":"BAG","source:date":"2014-06-06","website":"https://www.wurth.nl/nl/wuerth_nl/wuerth_shops/shop_finder/nl_detail_204.php","id":"node/2902562406"},"geometry":{"type":"Point","coordinates":[5.6776528,51.4720815]}},{"type":"Feature","id":"node/2902655956","properties":{"addr:city":"Helmond","addr:housenumber":"1","addr:postcode":"5704AP","addr:street":"Peeleik","amenity":"bar","contact:facebook":"https://www.facebook.com/people/Caf%C3%A9-Flip/61584646137422/","contact:instagram":"cafe.flip","email":"info@cafeflip.nl","name":"Café Flip","opening_hours":"Tu \"check_socials\", We 20:00-01:00, Th 20:00-01:30, Fr 16:00-03:00, Sa \"by_appointment\", Su 14:00-01:00","phone":"+31 6 16035029","smoking":"outside","source":"BAG","source:date":"2014-06-06","website":"https://cafeflip.nl/","id":"node/2902655956"},"geometry":{"type":"Point","coordinates":[5.7012826,51.4604759]}},{"type":"Feature","id":"node/2902655959","properties":{"addr:city":"Helmond","addr:housenumber":"1","addr:postcode":"5704CP","addr:street":"Rietven","amenity":"community_centre","club":"scout","community_centre":"club_home","name":"Scouting Brouwhuis","ref:scoutingnl":"1591","source":"BAG","source:date":"2014-06-06","id":"node/2902655959"},"geometry":{"type":"Point","coordinates":[5.7040465,51.4630236]}},{"type":"Feature","id":"node/2902656974","properties":{"addr:city":"Helmond","addr:housenumber":"16","addr:postcode":"5704AM","addr:street":"Haagbeemd","name":"Haarsalon Mariska Roomer","shop":"hairdresser","source":"BAG","source:date":"2014-06-06","id":"node/2902656974"},"geometry":{"type":"Point","coordinates":[5.6988748,51.4606749]}},{"type":"Feature","id":"node/2902657334","properties":{"addr:city":"Helmond","addr:housenumber":"2","addr:postcode":"5704AR","addr:street":"Peeleik","amenity":"restaurant","cuisine":"regional;fries;burger","name":"Zaal Vissers","opening_hours":"Mo-Sa 11:30-20:30; Su 16:00-20:00","phone":"+31 492 510 986","source":"BAG;survey","source:date":"2014-06-06","takeaway":"yes","website":"https://www.zaalvissers.nl/","id":"node/2902657334"},"geometry":{"type":"Point","coordinates":[5.7005587,51.4609712]}},{"type":"Feature","id":"node/2902658313","properties":{"addr:city":"Helmond","addr:housenumber":"5","addr:postcode":"5704AP","addr:street":"Peeleik","amenity":"restaurant","cuisine":"chinese;indonesian;japanese","diet:meat":"yes","diet:vegetarian":"yes","name":"Aziatisch Restaurant Lotus","opening_hours":"Tu-Fr 16:00-22:00; Sa-Su 14:00-22:00","phone":"+31 492 516 109","source":"BAG;survey","source:date":"2014-06-06","takeaway":"yes","website":"https://lotushelmond.nl/","id":"node/2902658313"},"geometry":{"type":"Point","coordinates":[5.7015188,51.4600669]}},{"type":"Feature","id":"node/2902658486","properties":{"addr:city":"Helmond","addr:housenumber":"7","addr:postcode":"5704AP","addr:street":"Peeleik","amenity":"community_centre","community_centre":"community_hall","name":"De Loop","source":"BAG","source:date":"2014-06-06","website":"https://deloopbrouwhuis.nl/","id":"node/2902658486"},"geometry":{"type":"Point","coordinates":[5.7018746,51.4597917]}},{"type":"Feature","id":"node/2902877969","properties":{"addr:city":"Helmond","addr:housenumber":"1","addr:postcode":"5707CD","addr:street":"Steenweg","amenity":"restaurant","indoor_seating":"yes","name":"Brasserie Rubenshof","outdoor_seating":"yes","phone":"+31 492 524 151","source":"BAG","source:date":"2014-06-06","website":"https://west-ende.goldentulip.com/en-us/hotel-restaurants/","id":"node/2902877969"},"geometry":{"type":"Point","coordinates":[5.6511488,51.4786915]}},{"type":"Feature","id":"node/2902877979","properties":{"addr:city":"Helmond","addr:housenumber":"10","addr:postcode":"5707CG","addr:street":"Steenweg","amenity":"bar","indoor_seating":"yes","name":"Borrelbar","outdoor_seating":"no","source":"BAG","source:date":"2014-06-06","id":"node/2902877979"},"geometry":{"type":"Point","coordinates":[5.6508296,51.4791681]}},{"type":"Feature","id":"node/2902885988","properties":{"addr:city":"Helmond","addr:housenumber":"13","addr:postcode":"5707CD","addr:street":"Steenweg","amenity":"bar","min_age":"18","name":"the WineBar","source":"BAG","source:date":"2014-06-06","id":"node/2902885988"},"geometry":{"type":"Point","coordinates":[5.6503871,51.4791276]}},{"type":"Feature","id":"node/2902886016","properties":{"addr:city":"Helmond","addr:housenumber":"11","addr:postcode":"5707CD","addr:street":"Steenweg","amenity":"bar","indoor_seating":"yes","name":"Bobby's bar","outdoor_seating":"yes","source":"BAG","source:date":"2014-06-06","id":"node/2902886016"},"geometry":{"type":"Point","coordinates":[5.6505064,51.4790823]}},{"type":"Feature","id":"node/2902886051","properties":{"addr:city":"Helmond","addr:housenumber":"12","addr:postcode":"5707CG","addr:street":"Steenweg","brand":"Intersport","brand:wikidata":"Q666888","brand:wikipedia":"en:Intersport","check_date":"2026-08-26","check_date:opening_hours":"2026-08-26","name":"Intersport","opening_hours":"Mo 13:00-18:00; Tu-Th 09:30-18:00; Fr 09:30-20:00; Sa 09:30-17:00","phone":"+31 492 565 685","shop":"sports","source":"BAG","source:date":"2014-06-06","website":"https://www.gunnemansports.nl/gunneman-helmond-intersport","id":"node/2902886051"},"geometry":{"type":"Point","coordinates":[5.6507016,51.4792051]}},{"type":"Feature","id":"node/2902886141","properties":{"addr:city":"Helmond","addr:housenumber":"15","addr:postcode":"5707CD","addr:street":"Steenweg","name":"Highlands","shop":"clothes","source":"BAG","source:date":"2014-06-06","id":"node/2902886141"},"geometry":{"type":"Point","coordinates":[5.6502697,51.4791616]}},{"type":"Feature","id":"node/2902886206","properties":{"addr:city":"Helmond","addr:housenumber":"17","addr:postcode":"5707CD","addr:street":"Steenweg","amenity":"theatre","name":"Scalazaal","payment:cash":"yes","source":"BAG","source:date":"2014-06-06","wheelchair":"yes","id":"node/2902886206"},"geometry":{"type":"Point","coordinates":[5.6501348,51.4791847]}},{"type":"Feature","id":"node/2902886227","properties":{"addr:city":"Helmond","addr:housenumber":"18","addr:postcode":"5707CG","addr:street":"Steenweg","amenity":"bar","brand":"Barkeet","brand:website":"https://barkeet.nl","name":"Barkeet","opening_hours":"We, Th 19:00-00:00; Fr 18:00-01:00; Sa 15:00-01:00; Su 13:00-00:00","phone":"+31 6 26484100","source":"BAG","source:date":"2014-06-06","website":"https://barkeet.nl/helmond","id":"node/2902886227"},"geometry":{"type":"Point","coordinates":[5.6504503,51.479273]}},{"type":"Feature","id":"node/2902886249","properties":{"addr:city":"Helmond","addr:housenumber":"19","addr:postcode":"5707CD","addr:street":"Steenweg","amenity":"restaurant","indoor_seating":"yes","name":"Restaurant Traverse","outdoor_seating":"no","source":"BAG","source:date":"2014-06-06","id":"node/2902886249"},"geometry":{"type":"Point","coordinates":[5.6498793,51.4792388]}},{"type":"Feature","id":"node/2902886362","properties":{"addr:city":"Helmond","addr:housenumber":"4","addr:postcode":"5707CG","addr:street":"Steenweg","amenity":"restaurant","branch":"Helmond","brand":"'t Zusje","brand:website":"https://zusje.nl/","brand:wikidata":"Q108920510","cuisine":"tapas","indoor_seating":"yes","name":"'t Zusje","opening_hours":"Mo-Sa 17:30-22:30; Su,PH 17:00-22:30","outdoor_seating":"no","phone":"+31 492 724 999","source":"BAG","source:date":"2014-06-06","website":"https://zusje.nl/onze-zusjes/helmond/","id":"node/2902886362"},"geometry":{"type":"Point","coordinates":[5.6511876,51.4790989]}},{"type":"Feature","id":"node/2902886571","properties":{"addr:city":"Helmond","addr:housenumber":"28","addr:postcode":"5707CG","addr:street":"Steenweg","amenity":"fast_food","indoor_seating":"yes","name":"La venezia","outdoor_seating":"yes","source":"BAG","source:date":"2014-06-06","id":"node/2902886571"},"geometry":{"type":"Point","coordinates":[5.6499189,51.4794279]}},{"type":"Feature","id":"node/2902886607","properties":{"addr:city":"Helmond","addr:housenumber":"3","addr:postcode":"5707CD","addr:street":"Steenweg","female":"yes","male":"yes","name":"Vijgenboom","shop":"hairdresser","source":"BAG","source:date":"2014-06-06","id":"node/2902886607"},"geometry":{"type":"Point","coordinates":[5.6508624,51.4789993]}},{"type":"Feature","id":"node/2902886631","properties":{"addr:city":"Helmond","addr:housenumber":"31","addr:postcode":"5707CE","addr:street":"Steenweg","brand":"Keurslager","brand:wikidata":"Q114637402","name":"Keurslager Goossens","phone":"+31 492 522 273","shop":"butcher","source":"BAG","source:date":"2014-06-06","website":"https://keurslagergoossens.nl/","id":"node/2902886631"},"geometry":{"type":"Point","coordinates":[5.6487925,51.4795922]}},{"type":"Feature","id":"node/2902886633","properties":{"addr:city":"Helmond","addr:housenumber":"31A","addr:postcode":"5707CE","addr:street":"Steenweg","branch":"Steenweg, Helmond","brand":"'t Bakkertje","brand:website":"https://www.bakkertje.nl","brand:wikidata":"Q121518008","indoor_seating":"no","name":"'t Bakkertje","opening_hours":"Mo-Th 08:00-18:00; Fr 07:30-18:00; Sa 07:00-16:00; Su off","outdoor_seating":"no","phone":"+31 492 539 402","shop":"bakery","source":"BAG","source:date":"2014-06-06","takeaway":"only","website":"https://www.bakkertje.nl/filialen/steenweg/","id":"node/2902886633"},"geometry":{"type":"Point","coordinates":[5.6487552,51.4795941]}},{"type":"Feature","id":"node/2902886957","properties":{"addr:city":"Helmond","addr:housenumber":"7","addr:postcode":"5707BX","addr:street":"Frans Joseph van Thielpark","email":"info@museumhelmond.nl","fee":"yes","museum":"art","name":"Kunsthal Helmond","opening_hours":"Tu-Su 10:00-17:00; easter +1 day 10:00-17:00; easter +50 days 10:00-17:00; Jan 01,Dec 25 off; easter -43 days off; easter -44 days off; 2026 Jul-Aug closed \"Verbouwing, zie website\"","operator":"Museum Helmond","operator:wikidata":"Q22015126","operator:wikipedia":"nl:Museum Helmond","payment:cash":"yes","phone":"+31 492 587 716","source":"BAG","source:date":"2014-06-06","tourism":"museum","website":"https://museumhelmond.nl/kunsthal-helmond/","wheelchair":"yes","id":"node/2902886957"},"geometry":{"type":"Point","coordinates":[5.650235,51.4779458]}},{"type":"Feature","id":"node/2902887228","properties":{"addr:city":"Helmond","addr:housenumber":"8","addr:postcode":"5707CG","addr:street":"Steenweg","amenity":"restaurant","indoor_seating":"yes","name":"Bij Vrienden","outdoor_seating":"no","source":"BAG","source:date":"2014-06-06","website":"https://www.bijvrienden.nl/","id":"node/2902887228"},"geometry":{"type":"Point","coordinates":[5.6509543,51.4791312]}},{"type":"Feature","id":"node/2902916310","properties":{"addr:city":"Helmond","addr:housenumber":"1","addr:postcode":"5701PE","addr:street":"Stationsplein","name":"Helmond","public_transport":"station","railway":"station","railway:ref":"Hm","source":"BAG","source:date":"2014-06-06","train":"yes","website":"https://www.ns.nl/stationsinformatie/hm/helmond","wikidata":"Q2581822","wikipedia":"nl:Station Helmond","zone":"6531","id":"node/2902916310"},"geometry":{"type":"Point","coordinates":[5.6616714,51.4755665]}},{"type":"Feature","id":"node/2902918248","properties":{"addr:city":"Helmond","addr:housenumber":"2","addr:postcode":"5701PH","addr:street":"Binnen Parallelweg","brand":"Edah","brand:wikidata":"Q2219498","brand:wikipedia":"nl:Edah","fee":"yes","name":"EDAH-Museum","opening_hours":"Fr,Sa 13:30-17:00; Su[1] 12:00-17:00","source":"BAG","source:date":"2014-06-06","tourism":"museum","website":"https://www.edahmuseum.nl","wheelchair":"yes","id":"node/2902918248"},"geometry":{"type":"Point","coordinates":[5.6583601,51.4748647]}},{"type":"Feature","id":"node/2902918726","properties":{"addr:city":"Helmond","addr:housenumber":"3","addr:postcode":"5701PE","addr:street":"Stationsplein","amenity":"fast_food","cuisine":"sandwich","drive_through":"no","name":"Sandroos","phone":"+31 492 387171","source":"BAG","source:date":"2014-06-06","website":"https://www.sandroos.nl","id":"node/2902918726"},"geometry":{"type":"Point","coordinates":[5.6615389,51.4755894]}},{"type":"Feature","id":"node/2902918869","properties":{"addr:city":"Helmond","addr:housenumber":"35","addr:postcode":"5701NV","addr:street":"Weg op den Heuvel","amenity":"townhall","name":"Stadhuis Helmond","operator":"Gemeente Helmond","phone":"+31 492 587 777","phone:NL":"14 0492","source":"BAG","source:date":"2014-06-06","website":"https://www.helmond.nl","id":"node/2902918869"},"geometry":{"type":"Point","coordinates":[5.6575057,51.4764197]}},{"type":"Feature","id":"node/2902919468","properties":{"addr:city":"Helmond","addr:housenumber":"7","addr:postcode":"5701PE","addr:street":"Stationsplein","amenity":"fast_food","cuisine":"burger;tacos","drive_through":"no","name":"Johnny's Burger Co. / O'tacos","source":"BAG","source:date":"2014-06-06","website":"https://johnnys.nl/","id":"node/2902919468"},"geometry":{"type":"Point","coordinates":[5.6619317,51.4757158]}},{"type":"Feature","id":"node/2902919476","properties":{"addr:city":"Helmond","addr:housenumber":"71","addr:postcode":"5701PE","addr:street":"Stationsplein","name":"Het Fietsenstation","opening_hours":"Mo-Fr 07:30-16:30","phone":"+31 492 831 659","shop":"bicycle","source":"BAG","source:date":"2014-06-06","id":"node/2902919476"},"geometry":{"type":"Point","coordinates":[5.6604235,51.4758567]}},{"type":"Feature","id":"node/2902987984","properties":{"addr:city":"Helmond","addr:housenumber":"208","addr:postcode":"5703JH","addr:street":"Bakelsedijk","amenity":"community_centre","club":"scout","community_centre":"club_home","name":"Scouting Paulus","ref:scoutingnl":"1592","source":"BAG","source:date":"2014-06-06","id":"node/2902987984"},"geometry":{"type":"Point","coordinates":[5.68304,51.4861895]}},{"type":"Feature","id":"node/2902995598","properties":{"addr:city":"Helmond","addr:housenumber":"17","addr:postcode":"5703GA","addr:street":"Geysendorfferstraat","branch":"Straakven, Helmond","brand":"'t Bakkertje","brand:website":"https://www.bakkertje.nl","brand:wikidata":"Q121518008","name":"'t Bakkertje","opening_hours":"Mo-Th 08:00-18:00; Fr 07:30-18:00; Sa 07:00-17:00; Su off","phone":"+31 492 538 412","shop":"bakery","source":"BAG","source:date":"2014-06-06","website":"https://www.bakkertje.nl/filialen/straakven/","id":"node/2902995598"},"geometry":{"type":"Point","coordinates":[5.6803427,51.4809056]}},{"type":"Feature","id":"node/2903002953","properties":{"addr:city":"Helmond","addr:housenumber":"1","addr:postcode":"5703BW","addr:street":"Van Kinsbergenstraat","amenity":"community_centre","community_centre":"community_hall","name":"De Lier","source":"BAG","source:date":"2014-06-06","id":"node/2903002953"},"geometry":{"type":"Point","coordinates":[5.6835495,51.4778474]}},{"type":"Feature","id":"node/2903005451","properties":{"addr:city":"Helmond","addr:housenumber":"152","addr:postcode":"5703JE","addr:street":"Bakelsedijk","amenity":"fast_food","cuisine":"snackbar","name":"Toohet","source":"BAG","source:date":"2014-06-06","id":"node/2903005451"},"geometry":{"type":"Point","coordinates":[5.6799093,51.4851842]}},{"type":"Feature","id":"node/2903005562","properties":{"addr:city":"Helmond","addr:housenumber":"1A","addr:postcode":"5703HZ","addr:street":"Braakse Bosdijk","alt_name":"KV OEC","amenity":"community_centre","club":"sport","community_centre":"club_home","name":"OEC Korfbal","source":"BAG","source:date":"2014-06-06","sport":"korfball","website":"https://oeckorfbal.nl","id":"node/2903005562"},"geometry":{"type":"Point","coordinates":[5.6780392,51.4865127]}},{"type":"Feature","id":"node/2903006918","properties":{"addr:city":"Helmond","addr:housenumber":"23","addr:postcode":"5703GA","addr:street":"Geysendorfferstraat","brand":"Lidl","brand:website":"https://www.lidl.nl/","brand:wikidata":"Q151954","brand:wikipedia":"nl:Lidl","name":"Lidl","opening_hours":"Mo-Fr 08:00-21:00; Sa 08:00-20:00; Su 09:00-18:00","operator":"Lidl Nederland GmbH","shop":"supermarket","source":"BAG","source:date":"2014-06-06","website":"https://www.lidl.nl/s/nl-NL/filialen/helmond/geysendorfferstraat-23/","id":"node/2903006918"},"geometry":{"type":"Point","coordinates":[5.6806045,51.4809835]}},{"type":"Feature","id":"node/2903007434","properties":{"addr:city":"Helmond","addr:housenumber":"3","addr:postcode":"5703HZ","addr:street":"Braakse Bosdijk","brand":"Basic-Fit","brand:wikidata":"Q40165577","leisure":"fitness_centre","name":"Basic-Fit","opening_hours":"24/7","source":"BAG","source:date":"2014-06-06","id":"node/2903007434"},"geometry":{"type":"Point","coordinates":[5.6764298,51.4860285]}},{"type":"Feature","id":"node/2903010210","properties":{"addr:city":"Helmond","addr:housenumber":"6","addr:postcode":"5703HZ","addr:street":"Braakse Bosdijk","amenity":"community_centre","club":"sport","community_centre":"club_home","name":"Helmondse Tennisvereniging","short_name":"HTV","source":"BAG","source:date":"2014-06-06","sport":"tennis","website":"https://htv.nl","id":"node/2903010210"},"geometry":{"type":"Point","coordinates":[5.6766995,51.4875088]}},{"type":"Feature","id":"node/2903077883","properties":{"addr:city":"Helmond","addr:housenumber":"25","addr:postcode":"5707GW","addr:street":"Horst","club":"sport","leisure":"sports_centre","name":"TP Zonnedael","source":"BAG","source:date":"2014-06-06","sport":"tennis;padel","website":"https://www.tpzonnedael.nl/","id":"node/2903077883"},"geometry":{"type":"Point","coordinates":[5.6365252,51.4914262]}},{"type":"Feature","id":"node/2903081282","properties":{"addr:city":"Helmond","addr:housenumber":"16A","addr:postcode":"5707CL","addr:street":"Europaweg","branch":"Helmond","brand":"KwikFit","brand:wikidata":"Q958053","name":"KwikFit","opening_hours":"Mo-Fr 08:00-17:30; Sa 08:00-17:00","phone":"+31 492 599276","shop":"car_repair","source":"BAG","source:date":"2014-06-06","website":"https://www.kwik-fit.nl/vestigingen/helmond/europaweg-16a","id":"node/2903081282"},"geometry":{"type":"Point","coordinates":[5.639594,51.4772346]}},{"type":"Feature","id":"node/2903083133","properties":{"addr:city":"Helmond","addr:housenumber":"4","addr:postcode":"5707EZ","addr:street":"Goorloopweg","leisure":"sports_centre","name":"T.P.V. Shaile","source":"BAG","source:date":"2014-06-06","sport":"tennis;padel","website":"https://www.shaile.nl/","id":"node/2903083133"},"geometry":{"type":"Point","coordinates":[5.6330992,51.4888854]}},{"type":"Feature","id":"node/2903106894","properties":{"addr:city":"Helmond","addr:housenumber":"2","addr:postcode":"5707HR","addr:street":"Julianalaan","amenity":"clinic","healthcare":"clinic","name":"Vitaliek","operator":"elkerliek","source":"BAG;local knowledge","source:date":"2014-06-06","website":"https://www.elkerliek.nl/elkerliek/krant/week-14-2017/welkom-bij-vita_liek.html","id":"node/2903106894"},"geometry":{"type":"Point","coordinates":[5.6504865,51.4857126]}},{"type":"Feature","id":"node/2903139066","properties":{"addr:city":"Helmond","addr:housenumber":"105","addr:postcode":"5702JD","addr:street":"Harmoniestraat","amenity":"community_centre","name":"Wijkcentrum De Boerderij","phone":"+31 492 538 295","source":"BAG","source:date":"2014-06-06","id":"node/2903139066"},"geometry":{"type":"Point","coordinates":[5.6668527,51.4995692]}},{"type":"Feature","id":"node/2903139201","properties":{"addr:city":"Helmond","addr:housenumber":"11","addr:postcode":"5702TC","addr:street":"Harpstraat","name":"Tiverba","opening_hours":"Mo-Sa 09:00-17:00","payment:online_payment":"yes","shop":"general","source":"BAG","source:date":"2014-06-06","website":"http://Tiverba.nl","id":"node/2903139201"},"geometry":{"type":"Point","coordinates":[5.6667057,51.5005611]}},{"type":"Feature","id":"node/2903139701","properties":{"addr:city":"Helmond","addr:housenumber":"17","addr:postcode":"5702KJ","addr:street":"Nachtegaallaan","amenity":"social_facility","description":"leefbegeleiding (jeugd- en gehandicaptenzorg)","name":"Redos","phone":"+31 6 46103555","social_facility":"assisted_living","source":"BAG","source:date":"2019-09-08","website":"https://redos.nl","id":"node/2903139701"},"geometry":{"type":"Point","coordinates":[5.6668073,51.4890137]}},{"type":"Feature","id":"node/2903141327","properties":{"addr:city":"Helmond","addr:housenumber":"2A","addr:postcode":"5702TH","addr:street":"Hobostraat","leisure":"sports_centre","name":"Gymzaal Hobostraat","source":"BAG","source:date":"2014-06-06","website":"https://www.helmond.nl/1/sportaccommodatie/gymzaal-hobostraat","id":"node/2903141327"},"geometry":{"type":"Point","coordinates":[5.6664722,51.4981417]}},{"type":"Feature","id":"node/2903144017","properties":{"addr:city":"Helmond","addr:housenumber":"6","addr:postcode":"5702PW","addr:street":"Raafstraat","amenity":"dentist","email":"info@raafstraat.nl","healthcare":"dentist","name":"Tandartspraktijk Raafstraat","opening_hours":"Mo,Tu 08:00-17:00; We,Th 08:15-17:00; Fr 08:00-16:15","phone":"+31 492 537 169","source":"BAG","source:date":"2014-06-06","id":"node/2903144017"},"geometry":{"type":"Point","coordinates":[5.6653952,51.4909722]}},{"type":"Feature","id":"node/2903144092","properties":{"addr:city":"Helmond","addr:housenumber":"68","addr:postcode":"5702KP","addr:street":"Nachtegaallaan","branch":"De Bus","opening_hours":"Mo-Fr 06:00-22:00; Sa 07:00-22:00; Su 08:00-22:00","phone":"+31 492 537907","shop":"convenience","source":"BAG","source:date":"2014-06-06","id":"node/2903144092"},"geometry":{"type":"Point","coordinates":[5.6663645,51.4951352]}},{"type":"Feature","id":"node/2903145146","properties":{"addr:city":"Helmond","addr:housenumber":"80","addr:postcode":"5702JT","addr:street":"Tamboerijnstraat","amenity":"social_facility","name":"De Moeraseik","operator":"Zorgboog","operator:website":"https://www.zorgboog.nl","social_facility":"nursing_home","social_facility:for":"senior","source":"BAG","source:date":"2014-06-06","website":"https://www.zorgboog.nl/locaties/de-moeraseik-helmond","wheelchair":"yes","id":"node/2903145146"},"geometry":{"type":"Point","coordinates":[5.6651362,51.499066]}},{"type":"Feature","id":"node/2903186287","properties":{"addr:city":"Helmond","addr:housenumber":"104A","addr:postcode":"5702NW","addr:street":"Kanaaldijk N.O.","email":"info@schampers-volvo.nl","name":"Schampers","phone":"+31 6 53924855","service:vehicle:car_repair":"yes","shop":"car_repair","source":"BAG","source:date":"2014-06-06","website":"https://www.schampers-volvo.nl/","id":"node/2903186287"},"geometry":{"type":"Point","coordinates":[5.6526976,51.4888251]}},{"type":"Feature","id":"node/2903188230","properties":{"addr:city":"Helmond","addr:housenumber":"4","addr:postcode":"5702NT","addr:street":"Binderen","amenity":"community_centre","check_date":"2025-01-21","club":"scout","community_centre":"club_home","name":"Scouting Leonardus","ref:scoutingnl":"1590","source":"BAG","source:date":"2014-06-06","website":"https://scoutingleonardus.nl","id":"node/2903188230"},"geometry":{"type":"Point","coordinates":[5.6591273,51.4896323]}},{"type":"Feature","id":"node/2903188231","properties":{"addr:city":"Helmond","addr:housenumber":"4","addr:postcode":"5702NV","addr:street":"Bosselaan","amenity":"social_facility","brand":"Thomashuis","brand:wikidata":"Q1965617","brand:wikipedia":"nl:Thomashuis","email":"info@helmond.thomashuis.nl","name":"Thomashuis Helmond","phone":"+31 492 556211","social_facility":"group_home","social_facility:for":"disabled","source":"BAG","source:date":"2014-06-06","website":"https://www.thomashuis.nl/helmond","id":"node/2903188231"},"geometry":{"type":"Point","coordinates":[5.6556678,51.4905681]}},{"type":"Feature","id":"node/2903188722","properties":{"addr:city":"Helmond","addr:housenumber":"5","addr:postcode":"5702NR","addr:street":"Keizerin Marialaan","fee":"yes","name":"Jan Visser Museum","opening_hours":"Mo,Tu 13:00-17:00; Su 12:00-17:00","source":"BAG","source:date":"2014-06-06","tourism":"museum","website":"https://www.janvisser-museum.nl/","id":"node/2903188722"},"geometry":{"type":"Point","coordinates":[5.6564391,51.4892217]}},{"type":"Feature","id":"node/2903254399","properties":{"addr:city":"Helmond","addr:housenumber":"11","addr:postcode":"5702HW","addr:street":"Nieuwveld","name":"Karakter Kapper","opening_hours":"Mo 09:00-15:00; Tu-Fr 09:00-17:30; Sa 08:30-15:00; Su off","phone":"+31 492 522 192","shop":"hairdresser","source":"BAG","source:date":"2014-06-06","unisex":"yes","website":"http://www.karakterkapper.com/","id":"node/2903254399"},"geometry":{"type":"Point","coordinates":[5.6677983,51.4950035]}},{"type":"Feature","id":"node/2903254661","properties":{"addr:city":"Helmond","addr:housenumber":"1","addr:postcode":"5702BA","addr:street":"Jan van Goyenlaan","amenity":"social_facility","name":"De Pannehoeve","operator":"De Zorgboog","social_facility":"nursing_home","source":"BAG","source:date":"2014-06-06","id":"node/2903254661"},"geometry":{"type":"Point","coordinates":[5.672755,51.4908567]}},{"type":"Feature","id":"node/2903254674","properties":{"addr:city":"Helmond","addr:housenumber":"1","addr:postcode":"5702HW","addr:street":"Nieuwveld","amenity":"restaurant","name":"Restaria de Bus","source":"BAG","source:date":"2014-06-06","website":"https://www.restariadebus.nl/","id":"node/2903254674"},"geometry":{"type":"Point","coordinates":[5.6674629,51.4945954]}},{"type":"Feature","id":"node/2903255182","properties":{"addr:city":"Helmond","addr:housenumber":"2","addr:postcode":"5702AK","addr:street":"Vondellaan","name":"By Seli's","shop":"hairdresser","source":"BAG","source:date":"2014-06-06","id":"node/2903255182"},"geometry":{"type":"Point","coordinates":[5.6684003,51.4890807]}},{"type":"Feature","id":"node/2903259903","properties":{"addr:city":"Helmond","addr:housenumber":"124","addr:postcode":"5702AE","addr:street":"Wethouder Ebbenlaan","name":"Bikkel Bikes","shop":"motorcycle","source":"BAG","source:date":"2014-06-06","id":"node/2903259903"},"geometry":{"type":"Point","coordinates":[5.6702104,51.4881068]}},{"type":"Feature","id":"node/2903259968","properties":{"addr:city":"Helmond","addr:housenumber":"13","addr:postcode":"5702HW","addr:street":"Nieuwveld","name":"De Ballon","phone":"+31 492 536 132","shop":"party","source":"BAG","source:date":"2014-06-06","id":"node/2903259968"},"geometry":{"type":"Point","coordinates":[5.6677933,51.4950735]}},{"type":"Feature","id":"node/2903260385","properties":{"addr:city":"Helmond","addr:housenumber":"186","addr:postcode":"5702AG","addr:street":"Wethouder Ebbenlaan","email":"info@pcfast.nl","name":"Pcfast","phone":"+31 492 773159","shop":"computer","source":"BAG","source:date":"2014-06-06","website":"https://pcfast.nl/","id":"node/2903260385"},"geometry":{"type":"Point","coordinates":[5.6686193,51.4889722]}},{"type":"Feature","id":"node/2903260678","properties":{"addr:city":"Helmond","addr:housenumber":"168B","addr:postcode":"5702AG","addr:street":"Wethouder Ebbenlaan","amenity":"veterinary","email":"dierenzoohelmond@gmail.com","name":"DierenZoo","opening_hours":"Mo-Th 09:00-18:00; Fr 09:00-19:00; Sa 09:00-17:00","phone":"+31 492 524856","source":"BAG","source:date":"2014-06-06","website":"https://www.dierenzoohelmond.nl/","id":"node/2903260678"},"geometry":{"type":"Point","coordinates":[5.6689663,51.4886874]}},{"type":"Feature","id":"node/2903260818","properties":{"addr:city":"Helmond","addr:housenumber":"17","addr:postcode":"5702HW","addr:street":"Nieuwveld","branch":"Helmond De Bus","brand":"Zeeman","brand:website":"https://www.zeeman.com","brand:wikidata":"Q184399","brand:wikipedia":"nl:Zeeman (winkel)","name":"Zeeman","opening_hours":"Mo-Th 09:00-18:00; Fr 09:00-20:00; Sa 09:00-17:00; Su off","phone":"+31 88 0070074","ref":"74","shop":"clothes","source":"BAG","source:date":"2014-06-06","website":"https://www.zeeman.com/nl-nl/winkels/74-helmond-de-bus","id":"node/2903260818"},"geometry":{"type":"Point","coordinates":[5.667783,51.4952181]}},{"type":"Feature","id":"node/2903263433","properties":{"addr:city":"Helmond","addr:housenumber":"200","addr:postcode":"5702AG","addr:street":"Wethouder Ebbenlaan","amenity":"restaurant","cuisine":"greek","name":"Cyprus","opening_hours":"Mo-Th 15:00-00:45; Fr-Sa 15:00-02:15; Su 15:00-00:45","source":"BAG","source:date":"2014-06-06","website":"https://www.eethuiscyprushelmond.nl/","id":"node/2903263433"},"geometry":{"type":"Point","coordinates":[5.6685345,51.4891024]}},{"type":"Feature","id":"node/2903263703","properties":{"addr:city":"Helmond","addr:housenumber":"21A","addr:postcode":"5702HW","addr:street":"Nieuwveld","name":"Romonesco Slagerij-traiteur","opening_hours":"Mo-Fr 09:00-18:00; Sa 09:00-17:00","payment:apple_pay":"yes","payment:cash":"yes","payment:debit_cards":"yes","payment:maestro":"yes","shop":"butcher","source":"BAG","source:date":"2014-06-06","website":"https://www.romonesco.com/","id":"node/2903263703"},"geometry":{"type":"Point","coordinates":[5.6676967,51.4955702]}},{"type":"Feature","id":"node/2903264071","properties":{"addr:city":"Helmond","addr:housenumber":"27","addr:postcode":"5702HW","addr:street":"Nieuwveld","email":"info@versgemaeckt.nl","name":"Vers Gemaeckt","opening_hours":"Mo-Th 08:00-18:00; Fr 08:00-19:00; Sa 08:00-17:00","payment:apple_pay":"yes","payment:cash":"yes","payment:debit_cards":"yes","payment:maestro":"yes","phone":"+31 492 745 532","shop":"convenience","source":"BAG","source:date":"2014-06-06","website":"https://www.versgemaeckt.nl/","id":"node/2903264071"},"geometry":{"type":"Point","coordinates":[5.6677924,51.4953983]}},{"type":"Feature","id":"node/2903264879","properties":{"addr:city":"Helmond","addr:housenumber":"3","addr:postcode":"5702HW","addr:street":"Nieuwveld","contact:facebook":"https://www.facebook.com/Visspecialiteiten-Remco-Jacobs-842798775762726/","name":"Viswinkel Remco Jacobs","shop":"seafood","source":"BAG","source:date":"2014-06-06","id":"node/2903264879"},"geometry":{"type":"Point","coordinates":[5.667579,51.4946094]}},{"type":"Feature","id":"node/2903265419","properties":{"addr:city":"Helmond","addr:housenumber":"37","addr:postcode":"5702HW","addr:street":"Nieuwveld","amenity":"fast_food","cuisine":"turkish;friture","drive_through":"no","name":"Lux Döner Eethuis","phone":"+31 6 8706 2519","source":"BAG","source:date":"2014-06-06","id":"node/2903265419"},"geometry":{"type":"Point","coordinates":[5.6679664,51.4951501]}},{"type":"Feature","id":"node/2903265466","properties":{"addr:city":"Helmond","addr:housenumber":"39","addr:postcode":"5702HW","addr:street":"Nieuwveld","contact:facebook":"https://www.facebook.com/COMTRPERDE/","name":"Comtr Gordijnen","phone":"+31 6 24971283","shop":"curtain","source":"BAG","source:date":"2014-06-06","id":"node/2903265466"},"geometry":{"type":"Point","coordinates":[5.6679661,51.4951055]}},{"type":"Feature","id":"node/2903265788","properties":{"addr:city":"Helmond","addr:housenumber":"41","addr:postcode":"5702HW","addr:street":"Nieuwveld","branch":"De Luifel","brand":"Primera","brand:website":"https://www.primera.nl","brand:wikidata":"Q2176149","description":"Tijdschriften, Kantoorartikelen en Tabak","name":"Primera","opening_hours":"Mo-Th 09:00-18:00; Fr 09:00-21:00; Sa 09:00-17:00","operator":"Primera","phone":"+31 492 539 116","post_office":"post_partner","shop":"newsagent","source":"BAG","source:date":"2014-06-06","website":"https://www.primera.nl/primera-de-luifel","id":"node/2903265788"},"geometry":{"type":"Point","coordinates":[5.6679737,51.4950244]}},{"type":"Feature","id":"node/2903266141","properties":{"addr:city":"Helmond","addr:housenumber":"49","addr:postcode":"5702HW","addr:street":"Nieuwveld","brand":"Kruidvat","brand:website":"https://www.kruidvat.nl","brand:wikidata":"Q2226366","brand:wikipedia":"nl:Kruidvat","name":"Kruidvat","opening_hours":"Mo-Th 08:30-18:00; Fr 08:30-20:00; Sa 08:30-17:00; Su 12:00-17:00; PH off","operator":"Kruidvat","ref":"2755","shop":"chemist","source":"BAG","source:date":"2014-06-06","website":"https://www.kruidvat.nl/store/drogisterij-kruidvat-2755","wheelchair":"yes","id":"node/2903266141"},"geometry":{"type":"Point","coordinates":[5.6681141,51.4947908]}},{"type":"Feature","id":"node/2903266532","properties":{"addr:city":"Helmond","addr:housenumber":"47","addr:postcode":"5702HW","addr:street":"Nieuwveld","name":"Orange Kappers","opening_hours":"Mo 13:00-18:00; Tu-Th 09:00-18:00; Fr 09:00-20:00; Sa 09:00-17:00; Su off","operator":"Orange Kappers","phone":"+31 492 475 231","shop":"hairdresser","source":"BAG","source:date":"2014-06-06","unisex":"yes","website":"https://www.orangekappers.nl/","id":"node/2903266532"},"geometry":{"type":"Point","coordinates":[5.6679851,51.4949348]}},{"type":"Feature","id":"node/2903266899","properties":{"addr:city":"Helmond","addr:housenumber":"7","addr:postcode":"5702TX","addr:street":"Breitnerlaan","amenity":"social_facility","branch":"Helmond","name":"50|50 workcenter","operator":"Leger des Heils","operator:wikidata":"Q11688635","social_facility":"outreach","source":"BAG","source:date":"2014-06-06","website":"https://www.legerdesheils.nl/locatie/5050-workcenter-helmond","id":"node/2903266899"},"geometry":{"type":"Point","coordinates":[5.6767742,51.4964674]}},{"type":"Feature","id":"node/2903267468","properties":{"addr:city":"Helmond","addr:housenumber":"5A","addr:postcode":"5702HW","addr:street":"Nieuwveld","amenity":"restaurant","name":"China Garden","source":"BAG","source:date":"2014-06-06","id":"node/2903267468"},"geometry":{"type":"Point","coordinates":[5.6678355,51.4945724]}},{"type":"Feature","id":"node/2903267564","properties":{"addr:city":"Helmond","addr:housenumber":"61","addr:postcode":"5702HW","addr:street":"Nieuwveld","amenity":"school","education":"school","email":"directie@kc-mozaiek.nl","isced:level":"0;1","name":"Kindcentrum Mozaïek","operator":"QliQ","operator:website":"https://qliqprimair.nl","operator:wikidata":"Q121765299","phone":"+31 492 525 177","school":"primary","source":"BAG","source:date":"2014-06-06","website":"https://kc-mozaiek.nl","wikidata":"Q22754044","id":"node/2903267564"},"geometry":{"type":"Point","coordinates":[5.6702562,51.4937704]}},{"type":"Feature","id":"node/2903863737","properties":{"addr:city":"Helmond","addr:housenumber":"1","addr:postcode":"5701GC","addr:street":"Burgemeester van Houtlaan","amenity":"dentist","email":"dini@tandartspraktijk.onmicrosoft.com","healthcare":"dentist","name":"Dini","opening_hours":"Mo-Tu 08:30-17:00; We 14:00-20:00; Th 08:30-17:00; Fr 08:30-13:00","phone":"+31 492 476699","source":"BAG","source:date":"2014-06-07","website":"https://www.tandartsdini.nl/","id":"node/2903863737"},"geometry":{"type":"Point","coordinates":[5.6700802,51.4771293]}},{"type":"Feature","id":"node/2903863752","properties":{"addr:city":"Helmond","addr:housenumber":"1","addr:postcode":"5701KP","addr:street":"Kluisstraat","name":"Beauty Corner","shop":"beauty","source":"BAG","source:date":"2014-06-07","id":"node/2903863752"},"geometry":{"type":"Point","coordinates":[5.6581934,51.4799273]}},{"type":"Feature","id":"node/2903863754","properties":{"addr:city":"Helmond","addr:housenumber":"1","addr:postcode":"5701RH","addr:street":"Markt","brand":"Bakker Bart","brand:wikidata":"Q2177445","indoor_seating":"yes","name":"Bakker Bart","opening_hours":"Mo 10:00-17:30; Tu-Th 08:30-17:30; Fr 09:30-19:00; Sa 08:00-17:00","outdoor_seating":"no","payment:cash":"yes","phone":"+31 492 450 955","shop":"bakery","smoking":"no","source":"BAG","source:date":"2014-06-07","website":"https://www.bakkerbart.nl/vestigingen/bestellen-bij-bakker-bart-helmond","wheelchair":"yes","id":"node/2903863754"},"geometry":{"type":"Point","coordinates":[5.6557755,51.4787501]}},{"type":"Feature","id":"node/2903863769","properties":{"addr:city":"Helmond","addr:country":"NL","addr:housenumber":"1","addr:postcode":"5701MJ","addr:street":"Sobriëtasplein","branch":"Helmond","brand":"Action","brand:website":"https://www.action.nl","brand:wikidata":"Q2634111","brand:wikipedia":"nl:Action (winkel)","check_date":"2026-03-23","check_date:opening_hours":"2026-03-23","name":"Action","opening_hours":"Mo-Sa 08:30-20:00; Su 10:00-18:00","operator":"Action","ref":"13166","shop":"variety_store","source":"BAG","source:date":"2014-06-07","website":"https://www.action.com/nl-nl/winkels/helmond-sobrietasplein/","id":"node/2903863769"},"geometry":{"type":"Point","coordinates":[5.6608332,51.4788817]}},{"type":"Feature","id":"node/2903863778","properties":{"addr:city":"Helmond","addr:housenumber":"1","addr:postcode":"5701RA","addr:street":"Veestraat","brand":"ICI PARIS XL","brand:website":"https://www.iciparisxl.nl","brand:wikidata":"Q769749","brand:wikipedia":"nl:ICI PARIS XL","name":"ICI PARIS XL","opening_hours":"Mo 13:00-18:00; Tu-Th 09:30-18:00; Fr 09:30-21:00; Sa 09:30-17:00; PH off","operator":"ICI PARIS XL","ref":"7722","shop":"perfumery","source":"BAG","source:date":"2014-06-07","website":"https://www.iciparisxl.nl/store/parfumerie-ici-paris-xl-7722","wheelchair":"yes","id":"node/2903863778"},"geometry":{"type":"Point","coordinates":[5.6550112,51.4788345]}},{"type":"Feature","id":"node/2903864915","properties":{"addr:city":"Helmond","addr:housenumber":"10","addr:postcode":"5701RK","addr:street":"Markt","amenity":"restaurant","indoor_seating":"yes","name":"Zien","outdoor_seating":"yes","phone":"+31 492 554 673","source":"BAG","source:date":"2014-06-07","website":"https://www.zienetenendrinken.nl/","id":"node/2903864915"},"geometry":{"type":"Point","coordinates":[5.6560916,51.4790765]}},{"type":"Feature","id":"node/2903864993","properties":{"addr:city":"Helmond","addr:housenumber":"11","addr:postcode":"5701RV","addr:street":"Watermolenwal","amenity":"library","brand":"de Bibliotheek","brand:wikidata":"Q121173765","check_date:opening_hours":"2026-08-26","email":"info@bibliotheekhelmondpeel.nl","internet_access":"yes","internet_access:fee":"no","name":"Bibliotheek Helmond","opening_hours":"Mo-Th 09:00-19:00; Fr-Sa 09:00-17:00; Su closed","opening_hours:url":"https://www.bibliotheekhelmondpeel.nl/vestigingen-en-openingstijden/detail.925218.html","operator":"Bibliotheek Helmond-Peel","operator:wikidata":"Q59962083","phone":"+31 492 522 220","source":"BAG","source:date":"2014-06-07","source:opening_hours":"website","website":"https://www.bibliotheekhelmondpeel.nl/vestigingen-en-openingstijden/detail.163855.html","id":"node/2903864993"},"geometry":{"type":"Point","coordinates":[5.6551107,51.4813042]}},{"type":"Feature","id":"node/2903865095","properties":{"addr:city":"Helmond","addr:housenumber":"108","addr:postcode":"5701HR","addr:street":"Heistraat","alt_name":"Biobello - Flower Power Experience","contact:facebook":"biobello.VOF","name":"Biobello","opening_hours":"Tu-Fr 10:00-18:00; Mo 13:00-18:00; Sa 10:00-17:00","phone":"+31 492 475401","shop":"smartshop","source":"BAG","source:date":"2014-06-07","website":"https://biobello.nl/","id":"node/2903865095"},"geometry":{"type":"Point","coordinates":[5.6610095,51.4833582]}},{"type":"Feature","id":"node/2903865336","properties":{"addr:city":"Helmond","addr:housenumber":"11","addr:postcode":"5701NN","addr:street":"Ameidestraat","clothes":"underwear","name":"Lingerie van Bokhoven","shop":"clothes","source":"BAG","source:date":"2014-06-07","id":"node/2903865336"},"geometry":{"type":"Point","coordinates":[5.6568533,51.4788428]}},{"type":"Feature","id":"node/2903865343","properties":{"addr:city":"Helmond","addr:housenumber":"11","addr:postcode":"5701RW","addr:street":"Elzaspassage","email":"helmond@migagifts.nl","name":"Miga Gifts","opening_hours":"Mo 13:00-18:00; Tu-Th 09:30-18:00; Fr 09:30-21:00; Sa 09:30-17:00; Su 12:00-17:00","phone":"+31 492 524 411","shop":"gift","source":"BAG","source:date":"2014-06-07","website":"https://www.migagifts.nl/","id":"node/2903865343"},"geometry":{"type":"Point","coordinates":[5.6544404,51.4802275]}},{"type":"Feature","id":"node/2903865969","properties":{"addr:city":"Helmond","addr:housenumber":"12","addr:postcode":"5701NP","addr:street":"Ameidestraat","amenity":"bank","bic":"ASNBNL21","branch":"Helmond","brand":"ASN Bank","brand:wikidata":"Q2084143","email":"ASNBank.helmond@asnbank.nl","name":"ASN Bank","opening_hours":"Mo 13:00-17:30; Tu-Fr 09:30-17:30; Sa 10:00-13:00","source":"BAG","source:date":"2014-06-07","website":"https://www.asnbank.nl","id":"node/2903865969"},"geometry":{"type":"Point","coordinates":[5.6568038,51.4790069]}},{"type":"Feature","id":"node/2903865977","properties":{"addr:city":"Helmond","addr:housenumber":"12","addr:postcode":"5701RX","addr:street":"Elzaspassage","shop":"vacant","source":"BAG","source:date":"2014-06-07","id":"node/2903865977"},"geometry":{"type":"Point","coordinates":[5.6545619,51.4797215]}},{"type":"Feature","id":"node/2903866137","properties":{"addr:city":"Helmond","addr:housenumber":"12","addr:postcode":"5701RC","addr:street":"Veestraat","brand":"Vodafone","brand:wikidata":"Q122141","name":"Vodafone","opening_hours":"Mo 12:00-18:00; Tu-Th 09:30-18:00; Fr 09:30-21:00; Sa 09:30-17:00","phone":"+31 492 520 595","shop":"telecommunication","source":"BAG","source:date":"2014-06-07","website":"https://www.vodafone.nl/","id":"node/2903866137"},"geometry":{"type":"Point","coordinates":[5.6546437,51.4790491]}},{"type":"Feature","id":"node/2903866194","properties":{"addr:city":"Helmond","addr:housenumber":"123","addr:postcode":"5701VL","addr:street":"Prins Karelstraat","amenity":"community_centre","community_centre":"community_hall","name":"De Fonkel","source":"BAG","source:date":"2014-06-07","id":"node/2903866194"},"geometry":{"type":"Point","coordinates":[5.6685233,51.4814025]}},{"type":"Feature","id":"node/2903866213","properties":{"addr:city":"Helmond","addr:housenumber":"14","addr:postcode":"5701RK","addr:street":"Markt","amenity":"pub","indoor_seating":"yes","microbrewery":"yes","name":"Stadsbrouwerij Deftige Aap","operator":"de Deftige Aap","outdoor_seating":"yes","source":"BAG","id":"node/2903866213"},"geometry":{"type":"Point","coordinates":[5.6561309,51.4792164]}},{"type":"Feature","id":"node/2903866641","properties":{"addr:city":"Helmond","addr:housenumber":"127","addr:postcode":"5701VL","addr:street":"Prins Karelstraat","amenity":"school","education":"school","email":"info@bbsdevuurvogel.nl","isced:level":"0;1","name":"De Vuurvogel","official_name":"Brede Basisschool De Vuurvogel","operator":"QliQ","operator:website":"https://qliqprimair.nl","operator:wikidata":"Q121765299","phone":"+31 492 597 445","school":"primary","source":"BAG","source:date":"2014-06-07","website":"https://bbsdevuurvogel.nl","wikidata":"Q22754043","id":"node/2903866641"},"geometry":{"type":"Point","coordinates":[5.668072,51.4814679]}},{"type":"Feature","id":"node/2903866677","properties":{"addr:city":"Helmond","addr:housenumber":"13","addr:postcode":"5701NN","addr:street":"Ameidestraat","shop":"vacant","source":"BAG","source:date":"2014-06-07","id":"node/2903866677"},"geometry":{"type":"Point","coordinates":[5.6567684,51.4788486]}},{"type":"Feature","id":"node/2903866693","properties":{"addr:city":"Helmond","addr:housenumber":"13","addr:postcode":"5701RH","addr:street":"Markt","branch":"Helmond","brand":"Jeans Centre","brand:website":"https://www.jeanscentre.nl","brand:wikidata":"Q114966094","clothes":"jeans","name":"Jeans Centre","opening_hours":"Mo 12:00-18:00; Tu-Th 09:30-18:00; Fr 09:30-21:00; Sa 09:30-17:30; Su 12:00-17:00","payment:cash":"yes","phone":"+31 73 518 9217","shop":"clothes","source":"BAG","source:date":"2014-06-07","website":"https://www.jeanscentre.nl/winkels/helmond-217","wheelchair":"yes","id":"node/2903866693"},"geometry":{"type":"Point","coordinates":[5.6551589,51.4788081]}},{"type":"Feature","id":"node/2903866697","properties":{"addr:city":"Helmond","addr:housenumber":"13","addr:postcode":"5701NJ","addr:street":"Noord Koninginnewal","amenity":"fast_food","cuisine":"turkish;kebab;pizza","drive_through":"no","name":"Döner King","opening_hours":"Tu 15:00-22:00; Th 15:00-22:00; Fr-Sa 11:00-23:00","outdoor_seating":"yes","phone":"+31 492 474749","source":"BAG","source:date":"2014-06-07","website":"https://donerkinghelmond.nl/","id":"node/2903866697"},"geometry":{"type":"Point","coordinates":[5.6575408,51.4794007]}},{"type":"Feature","id":"node/2903867213","properties":{"addr:city":"Helmond","addr:housenumber":"13","addr:postcode":"5701RA","addr:street":"Veestraat","name":"GSM Helmond","shop":"mobile_phone","source":"BAG","source:date":"2014-06-07","id":"node/2903867213"},"geometry":{"type":"Point","coordinates":[5.6545537,51.4788893]}},{"type":"Feature","id":"node/2903868416","properties":{"addr:city":"Helmond","addr:housenumber":"14","addr:postcode":"5701NP","addr:street":"Ameidestraat","brand":"Primera","brand:website":"https://www.primera.nl","brand:wikidata":"Q2176149","name":"Primera","post_office":"post_partner","shop":"newsagent","source":"BAG","source:date":"2014-06-07","website":"https://www.primera.nl/primera-helmond-centrum","id":"node/2903868416"},"geometry":{"type":"Point","coordinates":[5.6567013,51.4790142]}},{"type":"Feature","id":"node/2903868422","properties":{"addr:city":"Helmond","addr:housenumber":"14","addr:postcode":"5701RX","addr:street":"Elzaspassage","amenity":"fast_food","branch":"Helmond","brand":"Kippie","brand:website":"https://www.kippie.nl","brand:wikidata":"Q65970311","cuisine":"chicken","drive_through":"no","name":"Kippie","opening_hours":"Mo-Th 09:00-18:00; Fr 09:00-20:00; Sa 09:00-17:00","outdoor_seating":"no","phone":"+31 492 745240","source":"BAG","source:date":"2014-06-07","takeaway":"yes","website":"https://www.kippie.nl/winkels/helmond","id":"node/2903868422"},"geometry":{"type":"Point","coordinates":[5.654546,51.4796371]}},{"type":"Feature","id":"node/2903869216","properties":{"addr:city":"Helmond","addr:housenumber":"14A","addr:postcode":"5701RK","addr:street":"Markt","branch":"Helmond","brand":"H&M","brand:wikidata":"Q188326","name":"H&M","ref":"NL0138","shop":"clothes","source":"BAG","source:date":"2014-06-07","website":"https://www2.hm.com/nl_nl/customer-service/shopping-at-hm/local-store.NL0138.html","id":"node/2903869216"},"geometry":{"type":"Point","coordinates":[5.6561948,51.4793438]}},{"type":"Feature","id":"node/2903869232","properties":{"addr:city":"Helmond","addr:housenumber":"15","addr:postcode":"5701RW","addr:street":"Elzaspassage","amenity":"restaurant","email":"info@destadskamerhelmond.nl","indoor_seating":"yes","name":"De Stadskamer","opening_hours":"Mo-Th 09:00-18:00; Fr 09:00-21:00; Sa 08:00-17:00; Su 11:00-17:00","outdoor_seating":"yes","phone":"+31 492 599 700","source":"BAG","source:date":"2014-06-07","website":"https://www.destadskamerhelmond.nl/","id":"node/2903869232"},"geometry":{"type":"Point","coordinates":[5.6547104,51.48037]}},{"type":"Feature","id":"node/2903869391","properties":{"addr:city":"Helmond","addr:housenumber":"16;14","addr:postcode":"5701RS","addr:street":"Havenweg","amenity":"nightclub","name":"Plaza Feestcafe","source":"BAG","source:date":"2014-06-07","id":"node/2903869391"},"geometry":{"type":"Point","coordinates":[5.6524921,51.4796042]}},{"type":"Feature","id":"node/2903869454","properties":{"addr:city":"Helmond","addr:housenumber":"49","addr:postcode":"5701RW","addr:street":"Elzaspassage","brand":"Xenos","brand:website":"https://www.xenos.nl","brand:wikidata":"Q16547960","brand:wikipedia":"nl:Xenos","name":"Xenos","opening_hours":"Mo 12:00-18:00; Tu-Th 09:30-18:00; Fr 09:30-20:00; Sa 09:30-17:00; Su 12:00-17:00","phone":"+31 492 320 002","shop":"houseware","source":"BAG","source:date":"2014-06-07","website":"https://www.xenos.nl/winkels/helmond-elzaspassage-49","id":"node/2903869454"},"geometry":{"type":"Point","coordinates":[5.6552838,51.4795456]}},{"type":"Feature","id":"node/2903869463","properties":{"addr:city":"Helmond","addr:housenumber":"49","addr:postcode":"5701PZ","addr:street":"Oude Aa","brand:website":"https://libris.nl","name":"De Ganzenveer","network":"Blz","shop":"books","source":"BAG","source:date":"2017-03-29","website":"https://libris.nl/ganzenveer","id":"node/2903869463"},"geometry":{"type":"Point","coordinates":[5.6536653,51.4797459]}},{"type":"Feature","id":"node/2903869483","properties":{"addr:city":"Helmond","addr:housenumber":"4A","addr:postcode":"5701RS","addr:street":"Havenweg","amenity":"restaurant","indoor_seating":"yes","name":"De Thuishaven","outdoor_seating":"yes","source":"BAG","source:date":"2014-06-07","id":"node/2903869483"},"geometry":{"type":"Point","coordinates":[5.6520094,51.4793635]}},{"type":"Feature","id":"node/2903869484","properties":{"addr:city":"Helmond","addr:housenumber":"4A","addr:postcode":"5701HN","addr:street":"Heistraat","name":"Bakkerij der Kinderen","opening_hours":"Mo-Fr 08:00-17:30; Sa 07:30-16:00","phone":"+31 492 523703","shop":"bakery","source":"BAG","source:date":"2014-06-07","website":"http://www.bakkerijderkinderen.nl/","id":"node/2903869484"},"geometry":{"type":"Point","coordinates":[5.6671423,51.482781]}},{"type":"Feature","id":"node/2903869540","properties":{"addr:city":"Helmond","addr:housenumber":"161","addr:postcode":"5701KC","addr:street":"Molenstraat","amenity":"restaurant","cuisine":"thai","delivery":"no","name":"Kwan kookt Thais","opening_hours":"Mo-Th,Su 16:00-20:00; Fr,Sa 16:00-21:00","phone":"+31 492 769 054","reservation":"recommended","source":"BAG","source:date":"2014-06-07","takeaway":"yes","website":"http://kwan.kooktthais.nl/","id":"node/2903869540"},"geometry":{"type":"Point","coordinates":[5.6635288,51.4785013]}},{"type":"Feature","id":"node/2903869571","properties":{"addr:city":"Helmond","addr:housenumber":"167","addr:postcode":"5701SM","addr:street":"Oostende","email":"info@xxlgym.nl","leisure":"sports_centre","name":"XXL Gym","phone":"+31 85 0870490","source":"BAG","source:date":"2014-06-07","website":"https://xxlgym.nl","id":"node/2903869571"},"geometry":{"type":"Point","coordinates":[5.653432,51.4845763]}},{"type":"Feature","id":"node/2903869583","properties":{"addr:city":"Helmond","addr:housenumber":"16A","addr:postcode":"5701RS","addr:street":"Havenweg","amenity":"restaurant","cuisine":"italian","indoor_seating":"yes","name":"La Perla","opening_hours":"We-Mo 16:30-22:30","outdoor_seating":"no","payment:cards":"yes","payment:cash":"yes","payment:credit_cards":"no","payment:debit_cards":"yes","phone":"+31 492 543 369","source":"BAG","source:date":"2014-06-07","website":"http://www.laperlahelmond.nl/","id":"node/2903869583"},"geometry":{"type":"Point","coordinates":[5.6526044,51.4796462]}},{"type":"Feature","id":"node/2903869591","properties":{"addr:city":"Helmond","addr:housenumber":"16B","addr:postcode":"5701RC","addr:street":"Veestraat","brand":"Sport 2000","brand:wikidata":"Q262394","brand:wikipedia":"de:Sport 2000","name":"Sport 2000","shop":"sports","source":"BAG","source:date":"2014-06-07","website":"https://www.sport2000.nl","id":"node/2903869591"},"geometry":{"type":"Point","coordinates":[5.6541523,51.4792337]}},{"type":"Feature","id":"node/2903869597","properties":{"addr:city":"Helmond","addr:housenumber":"16D","addr:postcode":"5701RC","addr:street":"Veestraat","branch":"Helmond","brand":"Intertoys","brand:website":"https://www.intertoys.nl","brand:wikidata":"Q1891407","name":"Intertoys","phone":"+31 88 3343549","shop":"toys","source":"BAG","source:date":"2014-06-07","website":"https://www.intertoys.nl/winkel-zoeken/speelgoedwinkel-helmond/veestraat","id":"node/2903869597"},"geometry":{"type":"Point","coordinates":[5.6539302,51.4792149]}},{"type":"Feature","id":"node/2903869725","properties":{"addr:city":"Helmond","addr:housenumber":"18","addr:postcode":"5701RX","addr:street":"Elzaspassage","branch":"Helmond","brand":"SoLow","brand:wikidata":"Q114243473","name":"SoLow","opening_hours":"Mo 12:00-18:00; Tu-Th 10:00-18:00; Fr 10:00-21:00; Sa 10:00-17:00; Su 12:00-17:00","phone":"+31 492 791 041","shop":"variety_store","source":"BAG","source:date":"2014-06-07","stroller":"yes","website":"https://solow.nl","wheelchair":"yes","id":"node/2903869725"},"geometry":{"type":"Point","coordinates":[5.6545542,51.4795145]}},{"type":"Feature","id":"node/2903869726","properties":{"addr:city":"Helmond","addr:housenumber":"18","addr:postcode":"5701RS","addr:street":"Havenweg","amenity":"bar","indoor_seating":"yes","name":"Plan B Horeca","operator":"Plan B Horeca","outdoor_seating":"yes","source":"BAG","source:date":"2014-06-07","id":"node/2903869726"},"geometry":{"type":"Point","coordinates":[5.6526616,51.479682]}},{"type":"Feature","id":"node/2903869736","properties":{"addr:city":"Helmond","addr:housenumber":"18","addr:postcode":"5701RK","addr:street":"Markt","brand":"Cotton Club","brand:wikidata":"Q124460958","name":"Cotton Club","shop":"clothes","source":"BAG","source:date":"2014-06-07","id":"node/2903869736"},"geometry":{"type":"Point","coordinates":[5.6562831,51.4794942]}},{"type":"Feature","id":"node/2903869741","properties":{"addr:city":"Helmond","addr:housenumber":"18","addr:postcode":"5701NK","addr:street":"Noord Koninginnewal","name":"Schellekens Naaimachines","opening_hours":"Tu-Th 10:00-13:00; Fr 10:00-13:00,14:00-17:00; Sa 10:00-13:00","phone":"+31 492 523 290","shop":"sewing","source":"BAG","source:date":"2014-06-07","website":"https://www.naaimachinespecialist.nl/","id":"node/2903869741"},"geometry":{"type":"Point","coordinates":[5.6579974,51.4794003]}},{"type":"Feature","id":"node/2903869785","properties":{"addr:city":"Helmond","addr:housenumber":"187","addr:postcode":"5701HM","addr:street":"Heistraat","amenity":"post_office","source":"BAG","source:date":"2014-06-07","id":"node/2903869785"},"geometry":{"type":"Point","coordinates":[5.6592053,51.4823971]}},{"type":"Feature","id":"node/2903869865","properties":{"addr:city":"Helmond","addr:housenumber":"17","addr:postcode":"5701NJ","addr:street":"Noord Koninginnewal","female":"yes","male":"yes","name":"Di-De Kapsalon","phone":"+31 492 785484","shop":"hairdresser","source":"BAG","source:date":"2014-06-07","id":"node/2903869865"},"geometry":{"type":"Point","coordinates":[5.6575864,51.4795398]}},{"type":"Feature","id":"node/2903869880","properties":{"addr:city":"Helmond","addr:housenumber":"17","addr:postcode":"5701SH","addr:street":"Torenstraat","amenity":"restaurant","indoor_seating":"yes","name":"Lunchroom De Keyzer","operator":"SWZ","outdoor_seating":"yes","phone":"+31 492 590 609","source":"BAG","source:date":"2014-06-07","website":"https://www.lunchroomdekeyser.nl/","id":"node/2903869880"},"geometry":{"type":"Point","coordinates":[5.6540977,51.4827827]}},{"type":"Feature","id":"node/2903870100","properties":{"addr:city":"Helmond","addr:housenumber":"2","addr:postcode":"5701NP","addr:street":"Ameidestraat","name":"Amberium Bikes","opening_hours":"Mo-Sa 09:00-17:30","phone":"+31 492 253 075","shop":"bicycle","source":"BAG","source:date":"2014-06-07","website":"https://www.amberium.nl/","id":"node/2903870100"},"geometry":{"type":"Point","coordinates":[5.6573666,51.4789567]}},{"type":"Feature","id":"node/2903870121","properties":{"addr:city":"Helmond","addr:housenumber":"19","addr:postcode":"5701RW","addr:street":"Elzaspassage","email":"info@coenenhelmond.nl","name":"Coenen&Co","opening_hours":"Tu-Th 10:00-17:30; Fr 10:00-20:00; Sa 10:00-17:00","phone":"+31 492 522 005","shop":"interior_decoration","source":"BAG","source:date":"2014-06-07","website":"https://www.coenenhelmond.nl/","id":"node/2903870121"},"geometry":{"type":"Point","coordinates":[5.654881,51.4803651]}},{"type":"Feature","id":"node/2903870149","properties":{"addr:city":"Helmond","addr:housenumber":"19","addr:postcode":"5701RA","addr:street":"Veestraat","branch":"Veestraat Helmond","brand":"Holland & Barrett","brand:website":"https://www.hollandandbarrett.nl","brand:wikidata":"Q5880870","name":"Holland & Barrett","opening_hours":"Mo-Fr 09:00-18:00; Sa 09:00-17:00; Su 12:00-17:00","phone":"+31 20 888 5031","shop":"health_food","source":"BAG","source:date":"2014-06-07","website":"https://www.hollandandbarrett.nl/winkels/helmond-7709/","id":"node/2903870149"},"geometry":{"type":"Point","coordinates":[5.6542094,51.4789188]}},{"type":"Feature","id":"node/2903870202","properties":{"addr:city":"Helmond","addr:housenumber":"199","addr:postcode":"5701RJ","addr:street":"Markt","amenity":"restaurant","cuisine":"portuguese","indoor_seating":"yes","name":"Portugal Mar","opening_hours":"We-Fr 17:00-22:00; Sa-Su 13:00-22:00","outdoor_seating":"yes","phone":"+31 6 57430145","source":"BAG","source:date":"2017-03-28","website":"https://www.portugalmar.nl/","id":"node/2903870202"},"geometry":{"type":"Point","coordinates":[5.6562093,51.480392]}},{"type":"Feature","id":"node/2903870205","properties":{"addr:city":"Helmond","addr:housenumber":"1A","addr:postcode":"5701NN","addr:street":"Ameidestraat","amenity":"cafe","cuisine":"bubble_tea","name":"Scoopies","outdoor_seating":"yes","source":"BAG","source:date":"2014-06-07","website":"https://www.scoopies.nl/","id":"node/2903870205"},"geometry":{"type":"Point","coordinates":[5.6575779,51.4789613]}},{"type":"Feature","id":"node/2903870268","properties":{"addr:city":"Helmond","addr:housenumber":"26","addr:postcode":"5701RS","addr:street":"Havenweg","branch":"Helmond","brand":"DreamLand","brand:website":"https://www.dreamland.nl","brand:wikidata":"Q13574205","name":"DreamLand","opening_hours":"Mo 12:00-18:00; Tu-Th 09:30-18:00; Fr 09:30-21:00; Sa 09:30-17:00; Su 12:00-17:00","phone":"+31 492 745155","shop":"toys","source":"BAG","source:date":"2014-06-07","website":"https://www.dreamland.nl/vestigingen/dreamland-helmond","id":"node/2903870268"},"geometry":{"type":"Point","coordinates":[5.6531291,51.4796302]}},{"type":"Feature","id":"node/2903870299","properties":{"addr:city":"Helmond","addr:housenumber":"26A","addr:postcode":"5701RK","addr:street":"Markt","amenity":"restaurant","cuisine":"greek","indoor_seating":"yes","name":"Delphi","outdoor_seating":"yes","phone":"+31 492 55 44 79","source":"BAG","source:date":"2014-06-07","website":"https://delphi-helmond.nl/","id":"node/2903870299"},"geometry":{"type":"Point","coordinates":[5.6565452,51.4799074]}},{"type":"Feature","id":"node/2903870309","properties":{"addr:city":"Helmond","addr:housenumber":"2","addr:postcode":"5701ML","addr:street":"Doorneind","amenity":"dentist","email":"helmond@m3.nl","healthcare":"dentist","name":"M3","opening_hours":"Mo-Th 08:00-12:00,12:45-16:45; Fr 08:00-12:00","phone":"+31 492 525 353","source":"BAG","source:date":"2014-06-07","website":"https://www.m3.nl/","id":"node/2903870309"},"geometry":{"type":"Point","coordinates":[5.6584331,51.478652]}},{"type":"Feature","id":"node/2903870312","properties":{"addr:city":"Helmond","addr:housenumber":"2","addr:postcode":"5701RS","addr:street":"Havenweg","amenity":"bar","indoor_seating":"yes","name":"De Kapper","outdoor_seating":"yes","source":"BAG","source:date":"2014-06-07","id":"node/2903870312"},"geometry":{"type":"Point","coordinates":[5.6519793,51.47924]}},{"type":"Feature","id":"node/2903870322","properties":{"addr:city":"Helmond","addr:housenumber":"2","addr:postcode":"5701RK","addr:street":"Markt","air_conditioning":"yes","email":"info@st-lambert.nl","name":"St. Lambert","phone":"+31 492 525 562","source":"BAG","source:date":"2014-06-07","tourism":"hotel","website":"https://www.st-lambert.nl/hotel/","id":"node/2903870322"},"geometry":{"type":"Point","coordinates":[5.6560467,51.4787443]}},{"type":"Feature","id":"node/2903870328","properties":{"addr:city":"Helmond","addr:housenumber":"2","addr:postcode":"5701PZ","addr:street":"Oude Aa","female":"yes","male":"yes","name":"Haarkamer","opening_hours":"Tu 09:00-17:30; We 09:00-14:00; Th-Fr 09:00-17:30; Sa 09:00-14:00","phone":"+31 6 83482167","shop":"hairdresser","source":"BAG","source:date":"2014-06-07","website":"https://www.haarkamerhelmond.nl/","id":"node/2903870328"},"geometry":{"type":"Point","coordinates":[5.6535272,51.4798937]}},{"type":"Feature","id":"node/2903870355","properties":{"addr:city":"Helmond","addr:housenumber":"20","addr:postcode":"5701ZZ","addr:street":"Ameidepark","amenity":"pharmacy","branch":"'t Heelhuis","brand":"Benu","brand:wikidata":"Q62562792","email":"theelhuis@benuapotheek.nl","healthcare":"pharmacy","name":"Benu","phone":"+31 492 522 781","source":"BAG","source:date":"2014-06-07","website":"https://www.benuapotheek.nl/apotheek/t-heelhuis","id":"node/2903870355"},"geometry":{"type":"Point","coordinates":[5.6590938,51.4806042]}},{"type":"Feature","id":"node/2903870360","properties":{"addr:city":"Helmond","addr:housenumber":"20","addr:postcode":"5701RX","addr:street":"Elzaspassage","brand":"Douglas","brand:wikidata":"Q2052213","email":"info@douglas.nl","name":"Douglas","opening_hours":"Mo 13:00-18:00; Tu-Th 09:30-18:00; Fr 09:30-21:00; Sa 09:30-17:00","phone":"+31 492 538 562","shop":"perfumery","source":"BAG","source:date":"2014-06-07","website":"https://www.douglas.nl/nl/l/helmond/elzas-passage/00230054","id":"node/2903870360"},"geometry":{"type":"Point","coordinates":[5.6545389,51.479421]}},{"type":"Feature","id":"node/2903870361","properties":{"addr:city":"Helmond","addr:housenumber":"20","addr:postcode":"5701RS","addr:street":"Havenweg","amenity":"restaurant","cuisine":"italian","indoor_seating":"yes","name":"Belcapo","outdoor_seating":"yes","source":"BAG","source:date":"2014-06-07","id":"node/2903870361"},"geometry":{"type":"Point","coordinates":[5.6527634,51.4797203]}},{"type":"Feature","id":"node/2903870369","properties":{"addr:city":"Helmond","addr:housenumber":"20","addr:postcode":"5701RK","addr:street":"Markt","name":"Geldmaat","shop":"money","source":"BAG","source:date":"2014-06-07","id":"node/2903870369"},"geometry":{"type":"Point","coordinates":[5.6563353,51.4796003]}},{"type":"Feature","id":"node/2903870389","properties":{"addr:city":"Helmond","addr:housenumber":"20","addr:postcode":"5701RC","addr:street":"Veestraat","brand":"Specsavers","brand:wikidata":"Q2000610","name":"Specsavers","shop":"optician","source":"BAG","source:date":"2014-06-07","id":"node/2903870389"},"geometry":{"type":"Point","coordinates":[5.6537062,51.4791079]}},{"type":"Feature","id":"node/2903870399","properties":{"addr:city":"Helmond","addr:housenumber":"200","addr:postcode":"5701KL","addr:street":"Molenstraat","email":"info@vanderhorstmeubelen.nl","name":"van der Horst","opening_hours":"Mo 13:00-18:00; Tu-Th 09:00-18:00; Fr 09:00-20:00; Sa 09:00-17:00","phone":"+31 492 54 11 56","shop":"furniture","source":"BAG","source:date":"2014-06-07","website":"https://www.vanderhorstmeubelen.nl/","id":"node/2903870399"},"geometry":{"type":"Point","coordinates":[5.6584166,51.4788842]}},{"type":"Feature","id":"node/2903870415","properties":{"addr:city":"Helmond","addr:housenumber":"203","addr:postcode":"5701RJ","addr:street":"Markt","name":"Sweet Sisters","phone":"+31 6 8234 9097","shop":"pastry","source":"BAG","source:date":"2017-03-28","website":"https://www.helmondcentrum.nl/locaties/sweet-sisters/","id":"node/2903870415"},"geometry":{"type":"Point","coordinates":[5.6565902,51.4804651]}},{"type":"Feature","id":"node/2903870427","properties":{"addr:city":"Helmond","addr:housenumber":"205","addr:postcode":"5701RJ","addr:street":"Markt","amenity":"restaurant","cuisine":"pizza","indoor_seating":"yes","name":"PizzaNino","opening_hours":"Th-Su 15:30-22:00","outdoor_seating":"yes","phone":"+31 6 43000808","source":"BAG","source:date":"2017-03-28","takeaway":"yes","website":"https://www.pizzanino.nl/","website:menu":"http://pizzanino.nl/menu","id":"node/2903870427"},"geometry":{"type":"Point","coordinates":[5.6566427,51.4805395]}},{"type":"Feature","id":"node/2903870428","properties":{"addr:city":"Helmond","addr:housenumber":"205","addr:postcode":"5701KE","addr:street":"Molenstraat","amenity":"cinema","check_date":"2026-04-08","cinema":"erotic","email":"info@cupidohelmond.nl","lgbtq":"welcome","lgtbq:cruising":"yes","min_age":"18","name":"Cupido","opening_hours":"Mo-Sa 12:00-22:00","phone":"+31 492 842573","shop":"erotic","source":"BAG","source:date":"2014-06-07","website":"https://cupidohelmond.nl","id":"node/2903870428"},"geometry":{"type":"Point","coordinates":[5.6592383,51.4786506]}},{"type":"Feature","id":"node/2903870465","properties":{"addr:city":"Helmond","addr:housenumber":"20A","addr:postcode":"5701NK","addr:street":"Noord Koninginnewal","name":"Sabai Thaise Massage","shop":"massage","source":"BAG","source:date":"2017-03-29","id":"node/2903870465"},"geometry":{"type":"Point","coordinates":[5.6580022,51.4794451]}},{"type":"Feature","id":"node/2903870484","properties":{"addr:city":"Helmond","addr:housenumber":"21","addr:postcode":"5701RW","addr:street":"Elzaspassage","name":"Cecil / Street One","phone":"+31 492 520 951","shop":"clothes","source":"BAG","source:date":"2017-03-29","website":"http://www.sengers-stores.nl/home/","id":"node/2903870484"},"geometry":{"type":"Point","coordinates":[5.6549287,51.4802476]}},{"type":"Feature","id":"node/2903870510","properties":{"addr:city":"Helmond","addr:housenumber":"21","addr:postcode":"5701RA","addr:street":"Veestraat","branch":"Veestraat Helmond","brand":"WE","brand:website":"https://www.wefashion.com","brand:wikidata":"Q1987861","email":"1058@we-stores.com","name":"WE","phone":"+31 492 599118","ref":"1058","shop":"clothes","source":"BAG","source:date":"2014-06-07","website":"https://www.wefashion.com/nl_NL/winkels/helmond-veestraat-21/","id":"node/2903870510"},"geometry":{"type":"Point","coordinates":[5.6540968,51.4789173]}},{"type":"Feature","id":"node/2903870528","properties":{"addr:city":"Helmond","addr:housenumber":"211","addr:postcode":"5701RJ","addr:street":"Markt","amenity":"restaurant","cuisine":"spanish","indoor_seating":"yes","name":"Más","opening_hours":"Mo 16:00-23:00; Th-Fr 16:00-23:00; Sa 16:00-24:00; Su 16:00-23:00","outdoor_seating":"yes","phone":"+31 492 838 853","source":"BAG","source:date":"2017-03-28","website":"https://mas.caferestaurantvdbrug.nl/","id":"node/2903870528"},"geometry":{"type":"Point","coordinates":[5.6567509,51.4807289]}},{"type":"Feature","id":"node/2903870619","properties":{"addr:city":"Helmond","addr:housenumber":"22","addr:postcode":"5701RC","addr:street":"Veestraat","branch":"Helmond","brand":"Norah","brand:website":"https://www.norah.eu","brand:wikidata":"Q136475857","clothes":"women","name":"Norah","opening_hours":"Mo 13:00-18:00; Tu-Fr 09:30-18:00; Sa 09:30-17:00","phone":"+31 492 202 014","shop":"clothes","source":"BAG","source:date":"2014-06-07","website":"https://www.norah.eu/nl/norah-helmond","id":"node/2903870619"},"geometry":{"type":"Point","coordinates":[5.6535596,51.4791109]}},{"type":"Feature","id":"node/2903870665","properties":{"addr:city":"Helmond","addr:housenumber":"23","addr:postcode":"5701RW","addr:street":"Elzaspassage","email":"info@arnanischoenen.nl","name":"Arnani","opening_hours":"Mo 12:30-17:30; Tu-Th 09:00-18:00; Fr 09:00-21:00; Sa 09:00-17:00","phone":"+31 492 523 424","shop":"shoes","source":"BAG","source:date":"2017-03-29","website":"https://www.arnanischoenen.nl/","id":"node/2903870665"},"geometry":{"type":"Point","coordinates":[5.6551292,51.4801213]}},{"type":"Feature","id":"node/2903870675","properties":{"addr:city":"Helmond","addr:housenumber":"23","addr:postcode":"5701NJ","addr:street":"Noord Koninginnewal","amenity":"fast_food","brand":"Domino's","brand:website":"https://www.dominos.nl/","brand:wikidata":"Q839466","check_date":"2025-04-21","cuisine":"pizza","drive_through":"no","indoor_seating":"yes","name":"Domino's","opening_hours":"Mo-Th 11:30-22:30; Fr 11:30-24:00; Sa 12:00-24:00; Su 12:00-23:00","operator":"Domino's","outdoor_seating":"no","phone":"+31 492 552 878","source":"BAG","source:date":"2014-06-07","takeaway":"yes","website":"https://www.dominos.nl/winkel/nl-helmondkoninginnewal-30561","id":"node/2903870675"},"geometry":{"type":"Point","coordinates":[5.6576002,51.4796644]}},{"type":"Feature","id":"node/2903870691","properties":{"addr:city":"Helmond","addr:housenumber":"23","addr:postcode":"5701RA","addr:street":"Veestraat","name":"Julia's Home","shop":"clothes","source":"BAG","source:date":"2014-06-07","id":"node/2903870691"},"geometry":{"type":"Point","coordinates":[5.6540168,51.4789289]}},{"type":"Feature","id":"node/2903871167","properties":{"addr:city":"Helmond","addr:housenumber":"24B","addr:postcode":"5701RK","addr:street":"Markt","amenity":"restaurant","check_date":"2026-02-26","check_date:opening_hours":"2026-02-26","email":"info@welkomthuishelmond.nl","indoor_seating":"yes","name":"Welkom Thuis","opening_hours":"Tu-Th, Sa 09:30-17:00; Fr 09:00-20:30","outdoor_seating":"yes","phone":"+31 492 77 59 44","self_service":"no","source":"BAG","source:date":"2014-06-07","website":"https://welkomthuishelmond.nl/","id":"node/2903871167"},"geometry":{"type":"Point","coordinates":[5.6564567,51.4797866]}},{"type":"Feature","id":"node/2903871169","properties":{"addr:city":"Helmond","addr:housenumber":"24B","addr:postcode":"5701RD","addr:street":"Veestraat","name":"Dafne","opening_hours":"Tu-Sa 10:00-17:00","phone":"+31 492 524742","shop":"jewelry","source":"BAG","source:date":"2014-06-07","website":"https://dafne.nl/","wheelchair":"yes","id":"node/2903871169"},"geometry":{"type":"Point","coordinates":[5.6533261,51.479163]}},{"type":"Feature","id":"node/2903871176","properties":{"addr:city":"Helmond","addr:housenumber":"24E","addr:postcode":"5701RD","addr:street":"Veestraat","male":"yes","name":"Kapsalom Basim","opening_hours":"Mo-Fr 11:00-18:00; Sa 09:30-19:00; Su 12:00-19:00","payment:cash":"yes","payment:credit_cards":"no","payment:debit_cards":"yes","shop":"hairdresser","source":"BAG","source:date":"2014-06-07","website":"https://www.helmondcentrum.nl/locaties/lijstenmakerij-galerie-de-haas/","wheelchair":"yes","id":"node/2903871176"},"geometry":{"type":"Point","coordinates":[5.6533308,51.4792561]}},{"type":"Feature","id":"node/2903871409","properties":{"addr:city":"Helmond","addr:housenumber":"25","addr:postcode":"5701RA","addr:street":"Veestraat","brand":"Rituals","brand:wikidata":"Q62874140","name":"Rituals","shop":"cosmetics","source":"BAG","source:date":"2014-06-07","website":"https://www.rituals.com/nl-nl/store-detail?store=Helmond","id":"node/2903871409"},"geometry":{"type":"Point","coordinates":[5.6539083,51.4789347]}},{"type":"Feature","id":"node/2903871509","properties":{"addr:city":"Helmond","addr:housenumber":"27","addr:postcode":"5701RW","addr:street":"Elzaspassage","email":"info@willemsmuziek.nl","name":"Willems","opening_hours":"Mo 13:00-18:00; Tu-Th 09:00-18:00; Fr 09:00-20:00; Sa 09:00-17:00","phone":"+31 492 523 801","shop":"musical_instrument","source":"BAG","source:date":"2014-06-07","website":"http://www.willemsmuziek.nl/","id":"node/2903871509"},"geometry":{"type":"Point","coordinates":[5.6550304,51.4800289]}},{"type":"Feature","id":"node/2903871516","properties":{"addr:city":"Helmond","addr:housenumber":"27","addr:postcode":"5701NJ","addr:street":"Noord Koninginnewal","contact:facebook":"https://www.facebook.com/Chieque4u/","female":"yes","male":"yes","name":"Chique 4u","opening_hours":"Mo-Tu 13:00-18:00; We-Th 10:00-18:00; Fr 10:00-20:00; Sa 09:00-17:00","phone":"+31 492 347 825","shop":"hairdresser","source":"BAG","source:date":"2014-06-07","id":"node/2903871516"},"geometry":{"type":"Point","coordinates":[5.6576133,51.4797426]}},{"type":"Feature","id":"node/2903871528","properties":{"addr:city":"Helmond","addr:housenumber":"27","addr:postcode":"5701RA","addr:street":"Veestraat","name":"Van Oorschot Mode","shop":"clothes","source":"BAG","source:date":"2014-06-07","website":"https://www.vanoorschotmode.nl","id":"node/2903871528"},"geometry":{"type":"Point","coordinates":[5.6536835,51.4789436]}},{"type":"Feature","id":"node/2903871547","properties":{"addr:city":"Helmond","addr:housenumber":"28","addr:postcode":"5701HP","addr:street":"Heistraat","name":"Polo Smak II","shop":"supermarket","source":"BAG","source:date":"2014-06-07","id":"node/2903871547"},"geometry":{"type":"Point","coordinates":[5.6651189,51.4837224]}},{"type":"Feature","id":"node/2903871555","properties":{"addr:city":"Helmond","addr:housenumber":"28","addr:postcode":"5701RK","addr:street":"Markt","amenity":"restaurant","cuisine":"chinese;indonesian","indoor_seating":"yes","name":"Kota Radia","outdoor_seating":"yes","source":"BAG","source:date":"2014-06-07","id":"node/2903871555"},"geometry":{"type":"Point","coordinates":[5.6565705,51.4799527]}},{"type":"Feature","id":"node/2903871558","properties":{"addr:city":"Helmond","addr:housenumber":"28","addr:postcode":"5701NK","addr:street":"Noord Koninginnewal","email":"info@homecomputermuseum.nl","fee":"yes","museum":"technology","name":"HomeComputerMuseum","opening_hours":"We-Su 11:00-18:00","payment:cash":"yes","phone":"+31 492 747474","source":"BAG","source:date":"2017-03-29","start_date":"2018-03-17","tourism":"museum","website":"https://www.homecomputer.museum","wheelchair":"yes","wikidata":"Q106464757","wikimedia_commons":"Category:HomeComputerMuseum","wikipedia":"nl:HomeComputerMuseum","id":"node/2903871558"},"geometry":{"type":"Point","coordinates":[5.6580783,51.4797284]}},{"type":"Feature","id":"node/2903871573","properties":{"addr:city":"Helmond","addr:housenumber":"28","addr:postcode":"5701NT","addr:street":"Zuid Koninginnewal","check_date:opening_hours":"2026-04-10","name":"Prijsmepper","opening_hours":"Mo 13:00-17:30; Tu-Fr 09:30-17:30; Sa 09:30-17:00; PH off","operator":"AS Watson Health & Beauty BNL","ref":"6187","shop":"variety_store","source":"BAG","source:date":"2014-06-07","website":"https://www.prijsmepper.nl/","wheelchair":"yes","id":"node/2903871573"},"geometry":{"type":"Point","coordinates":[5.6577587,51.4782832]}},{"type":"Feature","id":"node/2903871597","properties":{"addr:city":"Helmond","addr:housenumber":"29","addr:postcode":"5701RW","addr:street":"Elzaspassage","contact:facebook":"https://www.facebook.com/outletcodeoranje","name":"Code Oranje","opening_hours":"Mo 13:00-18:00; Tu-Fr 10:00-18:00; Sa 10:00-17:00","phone":"+31 492 574 285","shop":"clothes","source":"BAG","source:date":"2014-06-07","id":"node/2903871597"},"geometry":{"type":"Point","coordinates":[5.6549344,51.4800712]}},{"type":"Feature","id":"node/2903871645","properties":{"addr:city":"Helmond","addr:housenumber":"2E","addr:postcode":"5701HN","addr:street":"Heistraat","male":"yes","name":"Barbershop Grey","opening_hours":"Mo 12:00-18:00; Tu-Th 09:00-18:00; Fr 09:00-19:00; Sa 09:00-18:00","phone":"+31 492 320 863","shop":"hairdresser","source":"BAG","source:date":"2014-06-07","id":"node/2903871645"},"geometry":{"type":"Point","coordinates":[5.6675184,51.482629]}},{"type":"Feature","id":"node/2903871749","properties":{"addr:city":"Helmond","addr:housenumber":"32","addr:postcode":"5701NT","addr:street":"Zuid Koninginnewal","beauty":"waxing","name":"Hi Beauty","opening_hours":"Tu-We 09:00-18:00; Th 09:00-21:00; Fr 09:00-18:00; Sa 09:00-17:00","phone":"+31 6 24 96 12 22","shop":"beauty","source":"BAG","source:date":"2014-06-07","website":"https://hi-beauty.nl/","id":"node/2903871749"},"geometry":{"type":"Point","coordinates":[5.6578043,51.4784788]}},{"type":"Feature","id":"node/2903871977","properties":{"addr:city":"Helmond","addr:housenumber":"30A","addr:postcode":"5701NT","addr:street":"Zuid Koninginnewal","alt_name":"Audika hoorzorg","branch":"Helmond","brand":"Audika","brand:website":"https://www.audika.nl","brand:wikidata":"Q2870745","name":"Audika","old_name":"Van Boxtel","opening_hours":"Tu-Fr 09:30-18:00; Sa 09:30-17:00","phone":"+31 88 52 52 052","shop":"hearing_aids","source":"BAG","source:date":"2014-06-07","website":"https://www.audika.nl/vestigingen/noord-brabant/helmond","id":"node/2903871977"},"geometry":{"type":"Point","coordinates":[5.657806,51.4784113]}},{"type":"Feature","id":"node/2903872711","properties":{"addr:city":"Helmond","addr:housenumber":"31","addr:postcode":"5701RB","addr:street":"Veestraat","brand":"Odido","brand:wikidata":"Q28406140","name":"Odido","shop":"telecommunication","source":"BAG","source:date":"2014-06-07","website":"https://www.odido.nl/winkels/helmond/veestraat","id":"node/2903872711"},"geometry":{"type":"Point","coordinates":[5.6533558,51.4789483]}},{"type":"Feature","id":"node/2903872760","properties":{"addr:city":"Helmond","addr:housenumber":"32","addr:postcode":"5701RK","addr:street":"Markt","female":"yes","male":"yes","name":"Helmond Haarmode","shop":"hairdresser","source":"BAG","source:date":"2014-06-07","id":"node/2903872760"},"geometry":{"type":"Point","coordinates":[5.656625,51.4800484]}},{"type":"Feature","id":"node/2903873135","properties":{"addr:city":"Helmond","addr:housenumber":"34","addr:postcode":"5701RX","addr:street":"Elzaspassage","email":"info@phonestorehelmond.nl","name":"Phone Store Helmond","opening_hours":"Mo-Th 10:00-17:30; Fr 10:00-20:00; Sa-Su 10:00-17:00","phone":"+31 492 320 733","shop":"mobile_phone","source":"BAG","source:date":"2014-06-07","website":"https://phonestorehelmond.nl/","id":"node/2903873135"},"geometry":{"type":"Point","coordinates":[5.6546993,51.4793225]}},{"type":"Feature","id":"node/2903873144","properties":{"addr:city":"Helmond","addr:housenumber":"34","addr:postcode":"5701PM","addr:street":"Kerkstraat","email":"info@bellonidelicatessen.nl","name":"Belloni","opening_hours":"Tu-Th 10:00-16:00; Fr-Sa 09:00-17:00","phone":"+31 6 54607789","ref:vatin":"NL004275674B71","shop":"deli","source":"BAG","source:date":"2014-06-07","website":"https://www.bellonidelicatessen.nl/","id":"node/2903873144"},"geometry":{"type":"Point","coordinates":[5.6560043,51.4779165]}},{"type":"Feature","id":"node/2903873146","properties":{"addr:city":"Helmond","addr:housenumber":"34","addr:postcode":"5701RK","addr:street":"Markt","amenity":"restaurant","indoor_seating":"yes","name":"De Waard","opening_hours":"We-Fr 17:00-22:00; Sa 12:00-15:00, 17:00-22:00; Su 17:00-22:00","outdoor_seating":"yes","phone":"+31 492 526 021","source":"BAG","source:date":"2014-06-07","website":"https://www.restaurant-de-waard.nl/","id":"node/2903873146"},"geometry":{"type":"Point","coordinates":[5.6566846,51.4801066]}},{"type":"Feature","id":"node/2903873161","properties":{"addr:city":"Helmond","addr:housenumber":"34","addr:postcode":"5701NT","addr:street":"Zuid Koninginnewal","branch":"Helmond","name":"Used Products","opening_hours":"Tu-Fr 10:00-18:00; Sa 10:00-17:00","phone":"+31 492 795743","second_hand":"yes","shop":"second_hand","source":"BAG","source:date":"2014-06-07","website":"https://www.usedproductshelmond.nl","id":"node/2903873161"},"geometry":{"type":"Point","coordinates":[5.6578818,51.4785973]}},{"type":"Feature","id":"node/2903873177","properties":{"addr:city":"Helmond","addr:housenumber":"35","addr:postcode":"5701RW","addr:street":"Elzaspassage","fee":"yes","name":"Julla likiv & Co.","opening_hours":"Tu-Th 10:00-13:00,15:30-17:00; Sa 12:00-17:00; Su 12:00-15:00","source":"BAG","source:date":"2014-06-07","tourism":"gallery","id":"node/2903873177"},"geometry":{"type":"Point","coordinates":[5.65469,51.4800273]}},{"type":"Feature","id":"node/2903873201","properties":{"addr:city":"Helmond","addr:housenumber":"36-38","addr:postcode":"5701RX","addr:street":"Elzaspassage","branch":"Helmond","brand":"Jack & Jones","brand:website":"https://www.jackjones.com","brand:wikidata":"Q6077665","email":"jjdnk409706@bestseller.com","name":"Jack & Jones","opening_hours":"Mo 12:00-18:00; Tu-Th 09:30-18:00; Fr 09:30-21:00; Sa 09:30-17:00","phone":"+31 492 523 033","shop":"clothes","source":"BAG","source:date":"2014-06-07","website":"https://www.jackjones.com","id":"node/2903873201"},"geometry":{"type":"Point","coordinates":[5.6547212,51.4794335]}},{"type":"Feature","id":"node/2903873203","properties":{"addr:city":"Helmond","addr:housenumber":"36","addr:postcode":"5701HP","addr:street":"Heistraat","brand":"Trekpleister","brand:website":"https://www.trekpleister.nl","brand:wikidata":"Q2551576","brand:wikipedia":"nl:Trekpleister (drogisterij)","name":"Trekpleister","opening_hours":"Mo-Fr 08:30-18:00; Sa 08:30-17:00; PH off","operator":"AS Watson Health & Beauty Benelux","ref":"1514","shop":"chemist","source":"BAG","source:date":"2014-06-07","website":"https://www.trekpleister.nl/store/drogisterij-trekpleister-1514","id":"node/2903873203"},"geometry":{"type":"Point","coordinates":[5.6644063,51.4837762]}},{"type":"Feature","id":"node/2903873209","properties":{"addr:city":"Helmond","addr:housenumber":"36","addr:postcode":"5701PM","addr:street":"Kerkstraat","email":"helmond1521@hypotheekshop.nl","name":"De Hypotheekshop","opening_hours":"Mo-Fr 09:00-22:00; Sa 09:00-17:00; Su 11:00-13:00","phone":"+31 492 745 211","shop":"money_lender","source":"BAG","source:date":"2014-06-07","website":"https://www.hypotheekshop.nl/vestigingen/helmond/","id":"node/2903873209"},"geometry":{"type":"Point","coordinates":[5.6560079,51.4779542]}},{"type":"Feature","id":"node/2903873222","properties":{"addr:city":"Helmond","addr:housenumber":"36","addr:postcode":"5701NT","addr:street":"Zuid Koninginnewal","name":"Bogaerts Optiek","phone":"+31 492 523666","shop":"optician","source":"BAG","source:date":"2014-06-07","website":"https://www.helmondcentrum.nl/locaties/bogaerts-optiek/","id":"node/2903873222"},"geometry":{"type":"Point","coordinates":[5.6578955,51.478659]}},{"type":"Feature","id":"node/2903873242","properties":{"addr:city":"Helmond","addr:housenumber":"37","addr:postcode":"5701RJ","addr:street":"Markt","branch":"Helmond Markt","brand":"C&A","brand:website":"https://www.c-and-a.com","brand:wikidata":"Q701338","email":"info.nl@canda.com","name":"C&A","opening_hours":"Mo 13:00-18:00; Tu-Th 10:00-18:00; Fr 10:00-21:00; Sa 10:00-17:30; Su 12:00-17:00","phone":"+31 20 510 6510","shop":"clothes","source":"BAG","source:date":"2014-06-07","website":"https://www.c-and-a.com/stores/nl-nl/noord-brabant/helmond/markt-37.html","id":"node/2903873242"},"geometry":{"type":"Point","coordinates":[5.65591,51.4797817]}},{"type":"Feature","id":"node/2903873288","properties":{"addr:city":"Helmond","addr:housenumber":"38","addr:postcode":"5701NT","addr:street":"Zuid Koninginnewal","branch":"Helmond","brand":"Schoonenberg","brand:wikidata":"Q109186345","name":"Schoonenberg","opening_hours":"Mo-Fr 09:00-17:30","phone":"+31 492 525 269","shop":"hearing_aids","source":"BAG","source:date":"2014-06-07","website":"https://winkels.schoonenberg.nl/helmond/zuid-koninginnewal-38.html","id":"node/2903873288"},"geometry":{"type":"Point","coordinates":[5.6579058,51.478734]}},{"type":"Feature","id":"node/2903873325","properties":{"addr:city":"Helmond","addr:housenumber":"39","addr:postcode":"5701NS","addr:street":"Zuid Koninginnewal","amenity":"pub","indoor_seating":"yes","name":"Muziekcafé Helmond","opening_hours":"Mo-Th 20:00-03:00, Fr 15:00-03:00, Sa 15:00-04:00, Su 15:00-03:00","outdoor_seating":"yes","smoking":"outside","source":"BAG","source:date":"2014-06-07","id":"node/2903873325"},"geometry":{"type":"Point","coordinates":[5.6572077,51.4780332]}},{"type":"Feature","id":"node/2903873402","properties":{"addr:city":"Helmond","addr:housenumber":"4","addr:postcode":"5701NP","addr:street":"Ameidestraat","air_conditioning":"no","amenity":"fast_food","branch":"Helmond","brand":"Bufkes","brand:wikidata":"Q124348748","cuisine":"sandwich","indoor_seating":"yes","name":"Bufkes","opening_hours":"Mo 11:00-18:00; Tu-Fr 09:30-18:00; Sa 09:30-17:00","outdoor_seating":"no","phone":"+31 492 520233","smoking":"no","source":"BAG","source:date":"2014-06-07","takeaway":"yes","website":"https://bufkes.nl/","id":"node/2903873402"},"geometry":{"type":"Point","coordinates":[5.6572108,51.4789698]}},{"type":"Feature","id":"node/2903873407","properties":{"addr:city":"Helmond","addr:housenumber":"4","addr:postcode":"5701SZ","addr:street":"Bindersestraat","amenity":"social_facility","description":"leefbegeleiding (jeugd- en gehandicaptenzorg)","name":"coloni","phone":"+31 6 25119995","social_facility":"assisted_living","source":"BAG","source:date":"2014-06-07","website":"https://coloni.nl","id":"node/2903873407"},"geometry":{"type":"Point","coordinates":[5.6593264,51.4839858]}},{"type":"Feature","id":"node/2903873414","properties":{"addr:city":"Helmond","addr:housenumber":"4","addr:postcode":"5701RS","addr:street":"Havenweg","amenity":"bar","indoor_seating":"yes","name":"Franske","outdoor_seating":"yes","source":"BAG","source:date":"2014-03-24","website":"http://www.cafefranske.nl","id":"node/2903873414"},"geometry":{"type":"Point","coordinates":[5.6519846,51.4792968]}},{"type":"Feature","id":"node/2903873415","properties":{"addr:city":"Helmond","addr:housenumber":"4","addr:postcode":"5701HN","addr:street":"Heistraat","amenity":"restaurant","name":"Kismet","opening_hours":"Tu-Su 14:00-22:00","phone":"+31 492 347701","source":"BAG","source:date":"2014-06-07","website":"https://www.kismet-helmond.nl","id":"node/2903873415"},"geometry":{"type":"Point","coordinates":[5.667297,51.4826818]}},{"type":"Feature","id":"node/2903873429","properties":{"addr:city":"Helmond","addr:housenumber":"4","addr:postcode":"5701NK","addr:street":"Noord Koninginnewal","amenity":"fast_food","brand":"Subway","brand:wikidata":"Q244457","cuisine":"sandwich","drive_through":"no","name":"Subway","opening_hours":"Mo-Sa 10:00-18:30; Su 11:00-18:00","operator":"Subway","phone":"+31 492 528 085","source":"BAG","source:date":"2017-03-29","takeaway":"yes","website":"https://restaurants.subway.com/nl/nederland/helmond/noord-koninginnewal-4","id":"node/2903873429"},"geometry":{"type":"Point","coordinates":[5.65793,51.4790592]}},{"type":"Feature","id":"node/2903873447","properties":{"addr:city":"Helmond","addr:housenumber":"4","addr:postcode":"5701RC","addr:street":"Veestraat","branch":"Helmond","brand":"Jamin","brand:website":"https://jamin.nl","brand:wikidata":"Q2291848","brand:wikipedia":"nl:Jamin","email":"jaminhelmond@gmail.com","name":"Jamin","phone":"+31 492 537373","shop":"confectionery","source":"BAG","source:date":"2014-06-07","website":"https://jamin.nl/winkel/helmond/","id":"node/2903873447"},"geometry":{"type":"Point","coordinates":[5.6550334,51.4789896]}},{"type":"Feature","id":"node/2903873462","properties":{"addr:city":"Helmond","addr:housenumber":"40","addr:postcode":"5701RX","addr:street":"Elzaspassage","branch":"Helmond","brand":"Durlinger Schoenen","brand:wikidata":"Q129675929","name":"Durlinger Schoenen","opening_hours":"Mo 13:00-18:00; Tu-Fr 09:30-18:00; Sa 09:30-17:00","payment:cash":"yes","phone":"+31 492 524 051","shop":"shoes","source":"BAG","source:date":"2014-06-07","website":"https://www.durlinger.com/onze-winkels/helmond/","wheelchair":"yes","id":"node/2903873462"},"geometry":{"type":"Point","coordinates":[5.6547393,51.4795395]}},{"type":"Feature","id":"node/2903873474","properties":{"addr:city":"Helmond","addr:housenumber":"40","addr:postcode":"5701NK","addr:street":"Noord Koninginnewal","mobile":"+31 6 4129 5977","name":"Zapolski","opening_hours":"Mo-Sa 09:00-22:00; Su 10:00-22:00","shop":"supermarket","source":"BAG","source:date":"2014-06-07","website":"https://zapolski.nl","id":"node/2903873474"},"geometry":{"type":"Point","coordinates":[5.6582078,51.4801181]}},{"type":"Feature","id":"node/2903873476","properties":{"addr:city":"Helmond","addr:housenumber":"40","addr:postcode":"5701PZ","addr:street":"Oude Aa","name":"Van Os","opening_hours":"Mo 12:00-17:30; Tu-Th 10:00-17:30; Fr 10:00-19:00; Sa 09:30-17:00; Su 12:00-17:00","phone":"+31 172 447539","shop":"bag","source":"BAG","source:date":"2014-06-07","website":"https://www.vanostassenenkoffers.nl/winkel/van-os-tassen-en-koffers-winkel-helmond/","wheelchair":"yes","id":"node/2903873476"},"geometry":{"type":"Point","coordinates":[5.6534184,51.4793528]}},{"type":"Feature","id":"node/2903873525","properties":{"addr:city":"Helmond","addr:housenumber":"41","addr:postcode":"5701PL","addr:street":"Kerkstraat","air_conditioning":"yes","amenity":"restaurant","cuisine":"italian","diet:vegan":"yes","diet:vegetarian":"yes","indoor_seating":"yes","name":"La Bocca Grande","opening_hours":"Mo-Su 17:00-21:30","outdoor_seating":"yes","phone":"+31 492 835 255","smoking":"outside","source":"BAG","source:date":"2014-06-07","website":"https://laboccagrande.nl/","id":"node/2903873525"},"geometry":{"type":"Point","coordinates":[5.6557219,51.4783406]}},{"type":"Feature","id":"node/2903873539","properties":{"addr:city":"Helmond","addr:housenumber":"41","addr:postcode":"5701NS","addr:street":"Zuid Koninginnewal","email":"helmond@playourgames.nl","name":"PLAYOURGAMES","opening_hours":"Mo 13:00-18:30; Tu-Th 10:00-18:30; Fr 10:00-21:00; Sa 10:00-17:30; Su 12:00-17:00","phone":"+31 492 477 500","shop":"video_games","source":"BAG","source:date":"2014-06-07","website":"https://www.playourgames.nl/content/12-playourgames-de-gamewinkel-van-helmond","id":"node/2903873539"},"geometry":{"type":"Point","coordinates":[5.6572291,51.4780941]}},{"type":"Feature","id":"node/2903873564","properties":{"addr:city":"Helmond","addr:housenumber":"42","addr:postcode":"5701RX","addr:street":"Elzaspassage","brand":"KPN","brand:wikidata":"Q338633","name":"KPN","opening_hours":"Mo 13:00-18:00; Tu-Th 09:30-18:00; Fr 09:30-21:00; Sa 09:30-17:00","payment:credit_cards":"yes","payment:debit_cards":"yes","payment:mastercard":"yes","payment:visa":"yes","shop":"telecommunication","source":"BAG","source:date":"2014-06-07","website":"https://www.kpn.com/w3/vind-een-winkel/winkel/helmond/354","id":"node/2903873564"},"geometry":{"type":"Point","coordinates":[5.6548821,51.4795517]}},{"type":"Feature","id":"node/2903873574","properties":{"addr:city":"Helmond","addr:housenumber":"42","addr:postcode":"5701RL","addr:street":"Markt","amenity":"pub","indoor_seating":"yes","name":"Lokaal 42","outdoor_seating":"yes","phone":"+31 492 830 043","source":"BAG","source:date":"2014-06-07","website":"https://www.lokaal42.nl/","id":"node/2903873574"},"geometry":{"type":"Point","coordinates":[5.6568799,51.480299]}},{"type":"Feature","id":"node/2903873576","properties":{"addr:city":"Helmond","addr:housenumber":"42","addr:postcode":"5701NK","addr:street":"Noord Koninginnewal","brand":"Die Grenze","brand:website":"https://diegrenze.nl","brand:wikidata":"Q100278556","brand:wikipedia":"nl:Die Grenze","name":"Die Grenze","opening_hours":"Mo-Th 09:00-18:00; Fr 09:00-20:00; Sa 09:00-17:00; Su 12:00-17:00","phone":"+31 492 745 590","shop":"variety_store","source":"BAG","source:date":"2014-06-07","id":"node/2903873576"},"geometry":{"type":"Point","coordinates":[5.6582124,51.4801841]}},{"type":"Feature","id":"node/2903873619","properties":{"addr:city":"Helmond","addr:housenumber":"43","addr:postcode":"5701RW","addr:street":"Elzaspassage","clothes":"sports","email":"info@dugoutstreetwear.nl","name:signed":"no","opening_hours":"Mo 13:00-18:00; Tu-Th 09:30-18:00; Fr 09:30-21:00; Sa 09:30-17:00; Su 13:00-17:00","phone":"+31 6 58997101","shop":"clothes","source":"BAG","source:date":"2014-06-07","website":"http://dugoutstreetwear.nl/","id":"node/2903873619"},"geometry":{"type":"Point","coordinates":[5.6549381,51.4796504]}},{"type":"Feature","id":"node/2903873647","properties":{"addr:city":"Helmond","addr:housenumber":"43A","addr:postcode":"5701NS","addr:street":"Zuid Koninginnewal","name":"Cantinho da Saudade","shop":"convenience","source":"BAG","source:date":"2014-06-07","website":"https://www.instagram.com/cantinhodasaudade_helmond/","id":"node/2903873647"},"geometry":{"type":"Point","coordinates":[5.6572453,51.4782273]}},{"type":"Feature","id":"node/2903873659","properties":{"addr:city":"Helmond","addr:housenumber":"44","addr:postcode":"5701PM","addr:street":"Kerkstraat","brand":"Hans Anders","brand:wikidata":"Q1884976","name":"Hans Anders","opening_hours":"Mo-Th 09:00-17:30; Fr 09:00-20:00; Sa 09:00-17:00","phone":"+31 492 551 790","shop":"optician","source":"BAG","source:date":"2014-06-07","website":"https://www.hansanders.nl/opticiens/noord-brabant/helmond/kerkstraat-44/","id":"node/2903873659"},"geometry":{"type":"Point","coordinates":[5.6560233,51.4780892]}},{"type":"Feature","id":"node/2903873661","properties":{"addr:city":"Helmond","addr:housenumber":"44","addr:postcode":"5701RL","addr:street":"Markt","amenity":"restaurant","cuisine":"indonesian","indoor_seating":"yes","name":"Loro Blonyo","outdoor_seating":"yes","source":"BAG","source:date":"2014-06-07","id":"node/2903873661"},"geometry":{"type":"Point","coordinates":[5.6569471,51.4803747]}},{"type":"Feature","id":"node/2903873700","properties":{"addr:city":"Helmond","addr:housenumber":"45","addr:postcode":"5701RW","addr:street":"Elzaspassage","brand":"Pearle","brand:wikidata":"Q2231148","name":"Pearle","opening_hours":"Mo 13:00-18:00; Tu-Th 09:30-18:00; Fr 09:30-21:00; Sa 09:30-17:00","phone":"+31 492 549 740","shop":"optician","source":"BAG","source:date":"2014-06-07","website":"https://www.pearle.nl/opticien/helmond/elzaspassage-45","id":"node/2903873700"},"geometry":{"type":"Point","coordinates":[5.6550533,51.4796151]}},{"type":"Feature","id":"node/2903873703","properties":{"addr:city":"Helmond","addr:housenumber":"45","addr:postcode":"5701PL","addr:street":"Kerkstraat","air_conditioning":"yes","amenity":"restaurant","cuisine":"japanese","diet:vegan":"yes","diet:vegetarian":"yes","email":"info@restaurantroka.nl","indoor_seating":"yes","name":"ROKA","opening_hours":"Tu-Th 17:00-22:00; Fr-Sa 17:00-22:30","opening_hours:kitchen":"Tu-Th 17:00-21:00; Fr-Sa 17:00-21:00","outdoor_seating":"yes","phone":"+31 492 387 019","smoking":"outside","source":"BAG","source:date":"2014-06-07","website":"https://restaurantroka.nl/","id":"node/2903873703"},"geometry":{"type":"Point","coordinates":[5.6557398,51.4784346]}},{"type":"Feature","id":"node/2903873705","properties":{"addr:city":"Helmond","addr:housenumber":"45","addr:postcode":"5701RJ","addr:street":"Markt","amenity":"fast_food","cuisine":"burger;sandwich;ice_cream","drive_through":"no","indoor_seating":"yes","name":"Cafetaria 't Huukske","outdoor_seating":"no","source":"BAG","source:date":"2017-03-29","id":"node/2903873705"},"geometry":{"type":"Point","coordinates":[5.6562886,51.4802035]}},{"type":"Feature","id":"node/2903873717","properties":{"addr:city":"Helmond","addr:housenumber":"45","addr:postcode":"5701NS","addr:street":"Zuid Koninginnewal","branch":"Helmond","brand":"Beter Horen","brand:wikidata":"Q98282942","name":"Beter Horen","opening_hours":"Mo-Fr 09:00-17:30","phone":"+31 492 59 02 92","shop":"hearing_aids","source":"BAG","source:date":"2014-06-07","website":"https://www.beterhoren.nl/audiciens/gehoorapparaten-noord-brabant/beter-horen-helmond-s110?mci=NLORG1RMNLUYA00","id":"node/2903873717"},"geometry":{"type":"Point","coordinates":[5.6572951,51.4783582]}},{"type":"Feature","id":"node/2903873736","properties":{"addr:city":"Helmond","addr:housenumber":"46","addr:postcode":"5701PM","addr:street":"Kerkstraat","alt_name":"HAL van Creatie","amenity":"cafe","diet:gluten_free":"yes","diet:lactose_free":"only","diet:vegan":"yes","diet:vegetarian":"yes","indoor_seating":"yes","name":"JUUDS Foederer","opening_hours":"We-Sa 09:00-17:00; Su 11:00-17:00","outdoor_seating":"yes","shop":"art","source":"BAG","source:date":"2014-06-07","website":"https://juudsfoederer.nl","id":"node/2903873736"},"geometry":{"type":"Point","coordinates":[5.6560368,51.4781786]}},{"type":"Feature","id":"node/2903873761","properties":{"addr:city":"Helmond","addr:housenumber":"47","addr:postcode":"5701PL","addr:street":"Kerkstraat","air_conditioning":"yes","amenity":"restaurant","cuisine":"balkan;mediterranean","diet:vegan":"no","diet:vegetarian":"yes","email":"info@mostar-grill.nl","indoor_seating":"yes","name":"Mostar-Grill","opening_hours":"Mo 16:00-21:00; We-Th 16:00-21:00; Fr-Sa 16:00-22:00; Su 16:00-21:00","outdoor_seating":"yes","phone":"+31 492 533 891","smoking":"outside","source":"BAG","source:date":"2014-06-07","website":"https://www.mostar-grill.nl/","id":"node/2903873761"},"geometry":{"type":"Point","coordinates":[5.6557399,51.4784676]}},{"type":"Feature","id":"node/2903873814","properties":{"addr:city":"Helmond","addr:housenumber":"8","addr:postcode":"5701RC","addr:street":"Veestraat","brand":"Kruidvat","brand:website":"https://www.kruidvat.nl","brand:wikidata":"Q2226366","brand:wikipedia":"nl:Kruidvat","name":"Kruidvat","opening_hours":"Mo-Th 09:00-18:00; Fr 09:00-21:00; Sa 08:00-17:30; Su 11:00-17:00; PH off","operator":"AS Watson Health & Beauty Benelux","ref":"1899","shop":"chemist","source":"BAG","source:date":"2014-06-07","website":"https://www.kruidvat.nl/store/drogisterij-kruidvat-1899","wheelchair":"yes","id":"node/2903873814"},"geometry":{"type":"Point","coordinates":[5.6548369,51.4790139]}},{"type":"Feature","id":"node/2903874230","properties":{"addr:city":"Helmond","addr:housenumber":"5","addr:postcode":"5701PR","addr:street":"Kasteellaan","brand":"TUI","brand:wikidata":"Q573103","brand:wikipedia":"en:TUI UK","name":"TUI","shop":"travel_agency","source":"BAG","source:date":"2014-06-07","id":"node/2903874230"},"geometry":{"type":"Point","coordinates":[5.6520435,51.4789601]}},{"type":"Feature","id":"node/2903874269","properties":{"addr:city":"Helmond","addr:housenumber":"44-52","addr:postcode":"5701RX","addr:street":"Elzaspassage","brand":"Mango","brand:wikidata":"Q136503","name":"Mango","opening_hours":"Mo 12:00-18:00; Tu-Th 09:30-18:00; Fr 09:30-20:00; Sa 09:30-17:00; Su 12:00-17:00","phone":"+31 492 347 107","shop":"clothes","source":"BAG","source:date":"2014-06-07","website":"https://shop.mango.com/nl","id":"node/2903874269"},"geometry":{"type":"Point","coordinates":[5.6552367,51.4794569]}},{"type":"Feature","id":"node/2903874279","properties":{"addr:city":"Helmond","addr:housenumber":"50","addr:postcode":"5701RL","addr:street":"Markt","amenity":"restaurant","cuisine":"vietnamese","indoor_seating":"yes","name":"Toko 't Vogelnestje","outdoor_seating":"yes","source":"BAG","source:date":"2014-06-07","id":"node/2903874279"},"geometry":{"type":"Point","coordinates":[5.6570757,51.4805098]}},{"type":"Feature","id":"node/2903874314","properties":{"addr:city":"Helmond","addr:housenumber":"4C","addr:postcode":"5701HN","addr:street":"Heistraat","email":"info@vaneyck.nl","name":"Van Eyck","opening_hours":"Mo 13:00-18:00; Tu-Th 08:30-18:00; Fr 08:30-19:00; Sa 09:00-17:00","phone":"+31 492 522595","shop":"wine","source":"BAG","source:date":"2014-06-07","website":"https://www.vaneyck.nl/","id":"node/2903874314"},"geometry":{"type":"Point","coordinates":[5.6666664,51.4830037]}},{"type":"Feature","id":"node/2903874467","properties":{"addr:city":"Helmond","addr:housenumber":"52","addr:postcode":"5701PM","addr:street":"Kerkstraat","name":"Kroon & Kurk","phone":"+31 492 551 860","shop":"wine","source":"BAG","source:date":"2014-06-07","website":"https://kroonenkurk.nl/site/","id":"node/2903874467"},"geometry":{"type":"Point","coordinates":[5.6561512,51.4783318]}},{"type":"Feature","id":"node/2903874470","properties":{"addr:city":"Helmond","addr:housenumber":"52","addr:postcode":"5701RL","addr:street":"Markt","clothes":"women;men","name":"Lieke","shop":"clothes","source":"BAG","source:date":"2014-06-07","id":"node/2903874470"},"geometry":{"type":"Point","coordinates":[5.6571346,51.4805757]}},{"type":"Feature","id":"node/2903874498","properties":{"addr:city":"Helmond","addr:housenumber":"53","addr:postcode":"5701RW","addr:street":"Elzaspassage","name":"Boulanger","phone":"+31 492 543 969","shop":"chocolate","source":"BAG","source:date":"2014-06-07","website":"https://www.boulanger.nl/","id":"node/2903874498"},"geometry":{"type":"Point","coordinates":[5.6555192,51.479476]}},{"type":"Feature","id":"node/2903874582","properties":{"addr:city":"Helmond","addr:housenumber":"56-58","addr:postcode":"5701RX","addr:street":"Elzaspassage","email":"helmond@schijvensmode.nl","name":"Schijvens Mode","opening_hours":"Mo 13:00-18:00; Tu-Th 09:30-18:00; Fr 09:30-21:00; Sa 09:30-17:00","phone":"+31 492 522 721","shop":"clothes","source":"BAG","source:date":"2014-06-07","website":"https://www.schijvensmode.nl/filiaal/schijvens-mode-helmond.html","id":"node/2903874582"},"geometry":{"type":"Point","coordinates":[5.6555915,51.4793515]}},{"type":"Feature","id":"node/2903874587","properties":{"addr:city":"Helmond","addr:housenumber":"56","addr:postcode":"5701RL","addr:street":"Markt","amenity":"restaurant","branch":"Helmond","brand":"MOJO","cuisine":"japanese","indoor_seating":"yes","name":"Mo-Jo Japanese Kitchen","outdoor_seating":"yes","phone":"+31 492 520 513","source":"BAG","source:date":"2014-06-07","takeaway":"yes","website":"https://mo-jo.eu/location/helmond/","website:en":"https://mo-jo.eu/en/location/helmond/","website:nl":"https://mo-jo.eu/location/helmond/","id":"node/2903874587"},"geometry":{"type":"Point","coordinates":[5.65722,51.4807015]}},{"type":"Feature","id":"node/2903874623","properties":{"addr:city":"Helmond","addr:housenumber":"6","addr:postcode":"5701RC","addr:street":"Veestraat","branch":"Helmond Centrum","brand":"Shoeby","brand:website":"https://www.shoeby.nl","brand:wikidata":"Q109186138","name":"Shoeby","phone":"+31 492 793794","shop":"clothes","source":"BAG","source:date":"2014-06-07","website":"https://www.shoeby.nl/winkels/helmond-centrum","id":"node/2903874623"},"geometry":{"type":"Point","coordinates":[5.654959,51.4789977]}},{"type":"Feature","id":"node/2903874770","properties":{"addr:city":"Helmond","addr:housenumber":"6","addr:postcode":"5701MH","addr:street":"Ameidewal","branch":"Helmond","brand":"Expert","brand:website":"https://www.expert.nl","brand:wikidata":"Q680990","email":"helmond@expert.nl","name":"Expert","opening_hours":"Mo 11:00-18:00; Tu-Th 09:30-18:00; Fr 09:30-20:00; Sa 09:30-17:00","payment:cash":"yes","phone":"+31 492 724858","shop":"electronics","source":"BAG","source:date":"2014-06-07","website":"https://www.expert.nl/winkels/helmond","wheelchair":"yes","id":"node/2903874770"},"geometry":{"type":"Point","coordinates":[5.6583862,51.4810233]}},{"type":"Feature","id":"node/2903874779","properties":{"addr:city":"Helmond","addr:housenumber":"6","addr:postcode":"5701RX","addr:street":"Elzaspassage","brand":"Livera","brand:wikidata":"Q122903959","clothes":"underwear;women","email":"dams@livera.com","name":"Livera","opening_hours":"Mo 13:00-18:00; Tu-Th 09:30-18:00; Fr 09:30-21:00; Sa 09:30-17:00; Su 12:00-17:00","payment:cash":"yes","phone":"+31 492 565 111","shop":"clothes","source":"BAG","source:date":"2014-06-07","website":"https://www.livera.nl","wheelchair":"yes","id":"node/2903874779"},"geometry":{"type":"Point","coordinates":[5.6544496,51.4800951]}},{"type":"Feature","id":"node/2903874780","properties":{"addr:city":"Helmond","addr:housenumber":"6","addr:postcode":"5701RS","addr:street":"Havenweg","amenity":"bar","indoor_seating":"yes","name":"De Jongens","outdoor_seating":"yes","source":"BAG","source:date":"2014-06-07","website":"http://www.gasterijdevlinder.nl","id":"node/2903874780"},"geometry":{"type":"Point","coordinates":[5.6522776,51.4795151]}},{"type":"Feature","id":"node/2903874781","properties":{"addr:city":"Helmond","addr:housenumber":"6","addr:postcode":"5701HN","addr:street":"Heistraat","email":"info@mansveldersinterieur.nl","name":"Mansvelders","opening_hours":"Tu-Fr 09:00-17:00; Sa 10:00-16:00","phone":"+31 492 525 386","shop":"interior_decoration","source":"BAG","source:date":"2014-06-07","website":"https://www.mansveldersinterieur.nl/","id":"node/2903874781"},"geometry":{"type":"Point","coordinates":[5.6665302,51.4830616]}},{"type":"Feature","id":"node/2903874798","properties":{"addr:city":"Helmond","addr:housenumber":"6","addr:postcode":"5701PZ","addr:street":"Oude Aa","name":"Vincenzo Shoes & Barber","phone":"+31 492 554758","shop":"shoes","source":"BAG","source:date":"2014-06-07","website":"https://www.vincenzostore.com","id":"node/2903874798"},"geometry":{"type":"Point","coordinates":[5.6535036,51.4797826]}},{"type":"Feature","id":"node/2903875681","properties":{"addr:city":"Helmond","addr:housenumber":"6A","addr:postcode":"5701HN","addr:street":"Heistraat","beauty":"nails","contact:facebook":"https://www.facebook.com/nailartbyjemeljanenko","email":"nailartbyjemeljanenko@gmail.com","name":"House of Glam","phone":"+31 6 18144277","shop":"beauty","source":"BAG","source:date":"2014-06-07","id":"node/2903875681"},"geometry":{"type":"Point","coordinates":[5.6664622,51.4831082]}},{"type":"Feature","id":"node/2903875690","properties":{"addr:city":"Helmond","addr:housenumber":"6B","addr:postcode":"5701HN","addr:street":"Heistraat","amenity":"restaurant","cuisine":"chinese","email":"cirsoonlee@gmail.com","name":"Soon Lee","opening_hours":"Tu-Sa 16:00-20:00; Su 12:00-20:00; PH 12:00-20:00","phone":"+31 492 533 430","source":"BAG","source:date":"2014-06-07","website":"https://www.soonleehelmond.nl/","id":"node/2903875690"},"geometry":{"type":"Point","coordinates":[5.6663629,51.4831479]}},{"type":"Feature","id":"node/2903876931","properties":{"addr:city":"Helmond","addr:housenumber":"7","addr:postcode":"5701PR","addr:street":"Kasteellaan","amenity":"bar","brewery":"Bavaria","indoor_seating":"yes","name":"Café de Vlegel","outdoor_seating":"yes","source":"BAG","source:date":"2014-06-07","id":"node/2903876931"},"geometry":{"type":"Point","coordinates":[5.6520702,51.478762]}},{"type":"Feature","id":"node/2903878050","properties":{"addr:city":"Helmond","addr:housenumber":"8","addr:postcode":"5701RX","addr:street":"Elzaspassage","clothes":"underwear","contact:facebook":"https://www.facebook.com/BeenEnOndermode4you/","name":"Been en Ondermode","phone":"+31 492 526 239","shop":"clothes","source":"BAG","source:date":"2014-06-07","id":"node/2903878050"},"geometry":{"type":"Point","coordinates":[5.6545222,51.4800073]}},{"type":"Feature","id":"node/2903878051","properties":{"addr:city":"Helmond","addr:housenumber":"8","addr:postcode":"5701RS","addr:street":"Havenweg","amenity":"pub","name":"O'Mearas","opening_hours":"Mo off; Tu-Fr 16:00+; Sa,Su 14:00+","operator":"GJD Horeca Groep","source":"BAG","source:date":"2014-06-07","theme":"irish","website":"https://www.gjdbv.nl/omearas-irish-pub-helmond","id":"node/2903878051"},"geometry":{"type":"Point","coordinates":[5.652375,51.4795782]}},{"type":"Feature","id":"node/2903878059","properties":{"addr:city":"Helmond","addr:housenumber":"8","addr:postcode":"5701PR","addr:street":"Kasteellaan","amenity":"bar","brewery":"Jupiler","indoor_seating":"yes","name":"De Kei","outdoor_seating":"yes","source":"BAG","source:date":"2014-06-07","id":"node/2903878059"},"geometry":{"type":"Point","coordinates":[5.6520805,51.4787108]}},{"type":"Feature","id":"node/2903878069","properties":{"addr:city":"Helmond","addr:housenumber":"8","addr:postcode":"5701PZ","addr:street":"Oude Aa","branch":"Helmond","brand":"Kaldi","brand:website":"https://www.kaldi.nl","brand:wikidata":"Q136352595","email":"helmond@kaldi.nl","name":"Kaldi","phone":"+31 492 564309","shop":"coffee","source":"BAG","source:date":"2014-06-07","website":"https://www.kaldi.nl/pages/kaldi-helmond","id":"node/2903878069"},"geometry":{"type":"Point","coordinates":[5.6534858,51.4797149]}},{"type":"Feature","id":"node/2903879169","properties":{"addr:city":"Helmond","addr:housenumber":"89","addr:postcode":"5701NJ","addr:street":"Noord Koninginnewal","amenity":"restaurant","name":"Pharao Grillroom","opening_hours":"Mo-Tu 16:00-22:15; Tu 16:00-22:15; Fr-Sa 16:00-24:15; Su 16:00-22:15","phone":"+31 492 535031","source":"BAG","source:date":"2014-06-07","website":"https://www.pharaohelmond.nl/","id":"node/2903879169"},"geometry":{"type":"Point","coordinates":[5.6577792,51.4803212]}},{"type":"Feature","id":"node/2903879813","properties":{"addr:city":"Helmond","addr:housenumber":"9","addr:postcode":"5701RW","addr:street":"Elzaspassage","name":"Basta","opening_hours":"Mo 13:00-18:00; Tu-Th 10:00-18:00; Fr 09:30-21:00; Sa 09:30-17:00","phone":"+31 492 574 285","shop":"clothes","source":"BAG","source:date":"2014-06-07","website":"https://bastafashion.nl/","id":"node/2903879813"},"geometry":{"type":"Point","coordinates":[5.6543953,51.4801934]}},{"type":"Feature","id":"node/2903879818","properties":{"addr:city":"Helmond","addr:housenumber":"9","addr:postcode":"5701GX","addr:street":"Hurksestraat","name":"Wijnhuis Helmond","opening_hours":"Mo 13:00-18:00; Tu-Th 09:00-18:00; Fr 09:00-21:00; Sa 09:00-18:00","phone":"+31 492 538 260","shop":"wine","source":"BAG","source:date":"2014-06-07","website":"https://www.wijnhuis-helmond.nl/","id":"node/2903879818"},"geometry":{"type":"Point","coordinates":[5.6690182,51.4837154]}},{"type":"Feature","id":"node/2903879849","properties":{"addr:city":"Helmond","addr:housenumber":"9","addr:postcode":"5701RA","addr:street":"Veestraat","name":"BoekenVoordeel","opening_hours":"Mo 11:30-17:30; Tu-Sa 09:30-17:30","payment:cash":"yes","payment:credit_cards":"no","payment:debit_cards":"yes","phone":"+31 85 047 7767","shop":"books","source":"BAG","source:date":"2014-06-07","website":"https://www.boekenvoordeel.nl/","wheelchair":"yes","id":"node/2903879849"},"geometry":{"type":"Point","coordinates":[5.6546938,51.4788775]}},{"type":"Feature","id":"node/2904083968","properties":{"addr:city":"Helmond","addr:housenumber":"131","addr:postcode":"5701AL","addr:street":"Dijksestraat","branch":"Helmond (Dijksestraat)","brand":"Albert Heijn","brand:website":"https://www.ah.nl","brand:wikidata":"Q1653985","description":"Albert Heijn met Jan Linders als franchisenemer","name":"Albert Heijn Jan Linders","opening_hours":"Mo-Sa 08:00-21:00; Su 09:00-20:00","operator":"Jan Linders","operator:website":"https://www.janlinders.nl","operator:wikidata":"Q2200982","phone":"+31 492 475 940","ref":"4135","shop":"supermarket","source":"BAG","source:date":"2014-06-07","url":"https://www.ah.nl/winkel/4135","website":"https://www.janlinders.nl/helmond-dijksestraat","id":"node/2904083968"},"geometry":{"type":"Point","coordinates":[5.6676428,51.4883026]}},{"type":"Feature","id":"node/2904083971","properties":{"addr:city":"Helmond","addr:housenumber":"131","addr:postcode":"5701AH","addr:street":"Wethouder Ebbenlaan","amenity":"doctors","name":"Gezondheidscentrum Leonardus","source":"BAG","source:date":"2014-06-07","website":"http://www.gcleonardus.nl","id":"node/2904083971"},"geometry":{"type":"Point","coordinates":[5.6689368,51.4878481]}},{"type":"Feature","id":"node/2904085244","properties":{"addr:city":"Helmond","addr:housenumber":"12","addr:postcode":"5701EL","addr:street":"Gladiolenstraat","amenity":"community_centre","community_centre":"neighbourhood_hall","name":"Buurthuis De Bloemenwijk","source":"BAG","source:date":"2014-06-07","id":"node/2904085244"},"geometry":{"type":"Point","coordinates":[5.6759647,51.477928]}},{"type":"Feature","id":"node/2904087560","properties":{"addr:city":"Helmond","addr:housenumber":"15","addr:postcode":"5701WK","addr:street":"Leliestraat","alt_name":"Service Apotheek Leliestraat","amenity":"pharmacy","brand":"Service Apotheek","brand:wikidata":"Q124129179","email":"info@serviceapotheekleliestraat.nl","healthcare":"pharmacy","name":"Apotheek Leliestraat","opening_hours":"Mo-Fr 08:00-18:00; PH off","phone":"+31 492 543 557","source":"BAG","source:date":"2014-06-07","website":"https://www.serviceapotheek.nl/leliestraat","id":"node/2904087560"},"geometry":{"type":"Point","coordinates":[5.6787664,51.478751]}},{"type":"Feature","id":"node/2904091472","properties":{"addr:city":"Helmond","addr:housenumber":"24","addr:postcode":"5701XM","addr:street":"Mgr. Swinkelsstraat","leisure":"playground","name":"Speeltuin Leonardus","source":"BAG","source:date":"2017-09-24","website":"https://speeltuinleonardus.nl/","id":"node/2904091472"},"geometry":{"type":"Point","coordinates":[5.6697225,51.4869331]}},{"type":"Feature","id":"node/2904092682","properties":{"addr:city":"Helmond","addr:housenumber":"3","addr:postcode":"5701GW","addr:street":"'t Bijsterveld","amenity":"veterinary","branch":"Helmond - Bijsterveld","brand":"AniCura","brand:website":"https://www.anicura.nl","brand:wikidata":"Q21100245","email":"zuidoost@anicura.nl","name":"AniCura","phone":"+31 492 525 348","source":"BAG","source:date":"2014-06-07","website":"https://www.anicura.nl/klinieken/zuidoost/helmond-bijsterveld/","id":"node/2904092682"},"geometry":{"type":"Point","coordinates":[5.6740299,51.4836373]}},{"type":"Feature","id":"node/2904093026","properties":{"addr:city":"Helmond","addr:housenumber":"31","addr:postcode":"5701CJ","addr:street":"Azalealaan","amenity":"restaurant","cuisine":"turkish","name":"Istambul Shoarma & Pizza","phone":"+31 492 474 345","source":"BAG","source:date":"2014-06-07","website":"https://www.shoarmapizzeriaistanbulbosporus-helmond.nl/","id":"node/2904093026"},"geometry":{"type":"Point","coordinates":[5.6736665,51.4771215]}},{"type":"Feature","id":"node/2904100434","properties":{"addr:city":"Helmond","addr:housenumber":"88","addr:postcode":"5701ZG","addr:street":"Willem Beringsplein","amenity":"community_centre","community_centre":"community_hall","name":"'t Huukske","source":"BAG","source:date":"2014-06-07","id":"node/2904100434"},"geometry":{"type":"Point","coordinates":[5.6670132,51.486423]}},{"type":"Feature","id":"node/3057556265","properties":{"bench":"no","bin":"no","bus":"yes","highway":"bus_stop","lit":"yes","local_ref":"D","name":"Station","public_transport":"platform","ref:IFOPT":"NL:Q:65310016","shelter":"no","tactile_paving":"yes","zone":"6531","id":"node/3057556265"},"geometry":{"type":"Point","coordinates":[5.6622584,51.4758804]}},{"type":"Feature","id":"node/3076941306","properties":{"bus":"yes","highway":"bus_stop","name":"Steenoven","public_transport":"platform","ref:IFOPT":"NL:Q:65313160","id":"node/3076941306"},"geometry":{"type":"Point","coordinates":[5.6298194,51.4754241]}},{"type":"Feature","id":"node/3083387166","properties":{"bus":"yes","name":"Helmond, Triangelpad","public_transport":"stop_position","id":"node/3083387166"},"geometry":{"type":"Point","coordinates":[5.6645447,51.4969544]}},{"type":"Feature","id":"node/3111281129","properties":{"access":"yes","addr:city":"Helmond","addr:country":"NL","addr:housenumber":"1","addr:postcode":"5701ML","addr:street":"Doorneind","amenity":"parking","capacity":"470","fee":"yes","name":"Doorneind","parking":"multi-storey","id":"node/3111281129"},"geometry":{"type":"Point","coordinates":[5.6589507,51.4781523]}},{"type":"Feature","id":"node/3111584576","properties":{"amenity":"school","name":"De Bereboot","id":"node/3111584576"},"geometry":{"type":"Point","coordinates":[5.6946736,51.4970831]}},{"type":"Feature","id":"node/3237149917","properties":{"bench":"no","bus":"yes","highway":"bus_stop","name":"Automotive Campus","public_transport":"platform","ref:IFOPT":"NL:Q:65313030","shelter":"no","zone":"6531","id":"node/3237149917"},"geometry":{"type":"Point","coordinates":[5.6243248,51.4741709]}},{"type":"Feature","id":"node/3237149918","properties":{"bus":"yes","highway":"bus_stop","lit":"yes","name":"Station 't Hout","public_transport":"platform","ref:IFOPT":"NL:Q:65313080","id":"node/3237149918"},"geometry":{"type":"Point","coordinates":[5.6311948,51.468759]}},{"type":"Feature","id":"node/3647733151","properties":{"access":"private","amenity":"parking","layer":"-1","parking":"underground","id":"node/3647733151"},"geometry":{"type":"Point","coordinates":[5.6098481,51.4620371]}},{"type":"Feature","id":"node/4131220726","properties":{"access":"customers","amenity":"parking","fee":"no","layer":"-1","parking":"underground","id":"node/4131220726"},"geometry":{"type":"Point","coordinates":[5.6092614,51.4613967]}},{"type":"Feature","id":"node/4154223955","properties":{"name":"Helmond Brandevoort","public_transport":"station","railway":"station","railway:ref":"Hmbv","train":"yes","website":"https://www.ns.nl/stationsinformatie/hmbv/helmond-brandevoort","wheelchair":"yes","wikidata":"Q2694671","wikipedia":"nl:Station Helmond Brandevoort","id":"node/4154223955"},"geometry":{"type":"Point","coordinates":[5.6088392,51.4624634]}},{"type":"Feature","id":"node/4199677575","properties":{"addr:city":"Helmond","addr:housenumber":"82","addr:postcode":"5706AD","addr:street":"Houtse Parallelweg","name":"Deelen Stoffen & Gordijnen","opening_hours":"Tu-Fr 09:00-17:30; Sa 09:00-16:00","phone":"+31 492 547023","shop":"curtain","source":"BAG","source:date":"2016-05-22","website":"https://deelenstoffen.nl","id":"node/4199677575"},"geometry":{"type":"Point","coordinates":[5.6447109,51.4702429]}},{"type":"Feature","id":"node/4327299734","properties":{"addr:city":"Helmond","addr:housenumber":"21","addr:postcode":"5702HW","addr:street":"Nieuwveld","amenity":"restaurant","cuisine":"italian","name":"Vicenza","source":"BAG","source:date":"2014-06-06","id":"node/4327299734"},"geometry":{"type":"Point","coordinates":[5.6678449,51.4955828]}},{"type":"Feature","id":"node/4412247948","properties":{"addr:city":"Helmond","addr:housenumber":"95-97","addr:postcode":"5706AK","addr:street":"Hoofdstraat","brand":"ALDI","brand:wikidata":"Q41171373","brand:wikipedia":"en:Aldi","name":"ALDI","shop":"supermarket","id":"node/4412247948"},"geometry":{"type":"Point","coordinates":[5.6334385,51.4637664]}},{"type":"Feature","id":"node/4417825218","properties":{"addr:city":"Helmond","addr:housenumber":"15","addr:postcode":"5701RA","addr:street":"Veestraat","branch":"Helmond","brand":"HEMA","brand:website":"https://www.hema.nl","brand:wikidata":"Q903805","brand:wikipedia":"nl:HEMA","name":"HEMA","opening_hours":"Mo-Fr 09:00-18:00; Sa 09:00-17:30; Su 12:00-17:00","phone":"+31 492 545 155","shop":"department_store","source":"BAG","source:date":"2016-09-25","website":"https://winkels.hema.nl/nl/helmond/hema-helmond","id":"node/4417825218"},"geometry":{"type":"Point","coordinates":[5.6544791,51.4788883]}},{"type":"Feature","id":"node/4485757328","properties":{"bus":"yes","name":"Helmond, Begoniastraat","public_transport":"stop_position","id":"node/4485757328"},"geometry":{"type":"Point","coordinates":[5.6786922,51.4762757]}},{"type":"Feature","id":"node/4530846400","properties":{"bus":"yes","highway":"bus_stop","name":"Kerk","public_transport":"platform","ref:IFOPT":"NL:Q:65350510","zone":"6535","id":"node/4530846400"},"geometry":{"type":"Point","coordinates":[5.6182309,51.4865476]}},{"type":"Feature","id":"node/4530846401","properties":{"bus":"yes","highway":"bus_stop","name":"Kerk","public_transport":"platform","ref:IFOPT":"NL:Q:65350520","zone":"6535","id":"node/4530846401"},"geometry":{"type":"Point","coordinates":[5.6176536,51.4866004]}},{"type":"Feature","id":"node/4530846402","properties":{"bus":"yes","name":"Stiphout, Kerk","public_transport":"stop_position","zone":"6535","id":"node/4530846402"},"geometry":{"type":"Point","coordinates":[5.6181977,51.4865084]}},{"type":"Feature","id":"node/4552790982","properties":{"bus":"yes","name":"Helmond, Zuideinde","note":"Looks like it does not exist anymore (bus 26 goes through same side streets as bus 51), need to double check.","public_transport":"stop_position","id":"node/4552790982"},"geometry":{"type":"Point","coordinates":[5.6600438,51.481119]}},{"type":"Feature","id":"node/4552790983","properties":{"bus":"yes","name":"Helmond, Zuideinde","public_transport":"stop_position","id":"node/4552790983"},"geometry":{"type":"Point","coordinates":[5.6601092,51.4810375]}},{"type":"Feature","id":"node/4552790984","properties":{"bus":"yes","highway":"bus_stop","name":"Zuideinde","note":"Looks like it does not exist anymore (bus 26 goes through same side streets as bus 51), need to double check.","public_transport":"platform","ref:IFOPT":"NL:Q:65310100","zone":"6531","id":"node/4552790984"},"geometry":{"type":"Point","coordinates":[5.6600423,51.4810254]}},{"type":"Feature","id":"node/4552790985","properties":{"bus":"yes","name":"Helmond, Uiverlaan","public_transport":"stop_position","id":"node/4552790985"},"geometry":{"type":"Point","coordinates":[5.6654376,51.4882911]}},{"type":"Feature","id":"node/4552790986","properties":{"bus":"yes","name":"Helmond, Uiverlaan","public_transport":"stop_position","id":"node/4552790986"},"geometry":{"type":"Point","coordinates":[5.6642479,51.4878612]}},{"type":"Feature","id":"node/4552805589","properties":{"bench":"no","bin":"no","bus":"yes","departures_board":"timetable","highway":"bus_stop","name":"Ruusbroeclaan","public_transport":"platform","ref:IFOPT":"NL:Q:65310710","shelter":"no","zone":"6531","id":"node/4552805589"},"geometry":{"type":"Point","coordinates":[5.666141,51.4912237]}},{"type":"Feature","id":"node/4552805590","properties":{"bus":"yes","name":"Helmond, Nachtegaallaan","public_transport":"stop_position","zone":"6531","id":"node/4552805590"},"geometry":{"type":"Point","coordinates":[5.6661707,51.4935076]}},{"type":"Feature","id":"node/4552811640","properties":{"bus":"yes","highway":"bus_stop","name":"Ameideflat","public_transport":"platform","ref:IFOPT":"NL:Q:65310810","shelter":"yes","tactile_paving":"yes","zone":"6531","id":"node/4552811640"},"geometry":{"type":"Point","coordinates":[5.6583529,51.4807469]}},{"type":"Feature","id":"node/4552811641","properties":{"bench":"yes","bin":"yes","bus":"yes","departures_board":"timetable","highway":"bus_stop","name":"Koninginnewal","public_transport":"platform","ref:IFOPT":"NL:Q:65310830","shelter":"yes","zone":"6531","id":"node/4552811641"},"geometry":{"type":"Point","coordinates":[5.6576109,51.4785327]}},{"type":"Feature","id":"node/4552811642","properties":{"bench":"yes","bus":"yes","departures_board":"timetable","highway":"bus_stop","name":"Koninginnewal","public_transport":"platform","ref:IFOPT":"NL:Q:65310820","shelter":"yes","zone":"6531","id":"node/4552811642"},"geometry":{"type":"Point","coordinates":[5.6575371,51.4784746]}},{"type":"Feature","id":"node/4552811643","properties":{"bus":"yes","name":"Helmond, Koninginnewal","public_transport":"stop_position","zone":"6531","id":"node/4552811643"},"geometry":{"type":"Point","coordinates":[5.6575729,51.4784714]}},{"type":"Feature","id":"node/4552811644","properties":{"bus":"yes","departures_board":"timetable","highway":"bus_stop","name":"Ameideflat","public_transport":"platform","ref:IFOPT":"NL:Q:65310800","shelter":"no","tactile_paving":"yes","zone":"6531","id":"node/4552811644"},"geometry":{"type":"Point","coordinates":[5.6579742,51.480301]}},{"type":"Feature","id":"node/4552834797","properties":{"bench":"yes","bin":"yes","bus":"yes","departures_board":"timetable","highway":"bus_stop","name":"Nieuwveld","public_transport":"platform","ref:IFOPT":"NL:Q:65310540","shelter":"yes","zone":"6531","id":"node/4552834797"},"geometry":{"type":"Point","coordinates":[5.6709026,51.4943154]}},{"type":"Feature","id":"node/4552834799","properties":{"bus":"yes","name":"Helmond, Noordende","public_transport":"stop_position","id":"node/4552834799"},"geometry":{"type":"Point","coordinates":[5.6572645,51.4852305]}},{"type":"Feature","id":"node/4555433909","properties":{"local_ref":"2","name":"Helmond","public_transport":"stop_position","railway":"stop","railway:ref":"Hm","ref":"2","train":"yes","zone":"6531","id":"node/4555433909"},"geometry":{"type":"Point","coordinates":[5.6617236,51.475411]}},{"type":"Feature","id":"node/4561916309","properties":{"addr:city":"Helmond","addr:housenumber":"2","addr:postcode":"5705KZ","addr:street":"Scheepsboulevard","internet_access":"wlan","internet_access:fee":"no","name":"Fletcher Wellness-Hotel Helmond","smoking":"no","source":"BAG","source:date":"2017-03-27","stars":"4","toilets:wheelchair":"yes","tourism":"hotel","website":"https://www.wellnesshotelhelmond.nl/nl/","wheelchair":"yes","id":"node/4561916309"},"geometry":{"type":"Point","coordinates":[5.6612851,51.4700002]}},{"type":"Feature","id":"node/4561916311","properties":{"addr:city":"Helmond","addr:housenumber":"2","addr:postcode":"5705KZ","addr:street":"Scheepsboulevard","leisure":"fitness_centre","name":"Fitland Helmond","sport":"fitness","id":"node/4561916311"},"geometry":{"type":"Point","coordinates":[5.6611064,51.4694129]}},{"type":"Feature","id":"node/4561916312","properties":{"addr:city":"Helmond","addr:housenumber":"2","addr:postcode":"5705KZ","addr:street":"Scheepsboulevard","amenity":"restaurant","name":"DuCo","website":"https://www.ducohelmond.nl/","id":"node/4561916312"},"geometry":{"type":"Point","coordinates":[5.6611815,51.4698139]}},{"type":"Feature","id":"node/4582897791","properties":{"bench":"no","bin":"no","bus":"yes","highway":"bus_stop","lit":"yes","local_ref":"B","name":"Station","public_transport":"platform","ref:IFOPT":"NL:Q:65310011","shelter":"no","tactile_paving":"yes","zone":"6531","id":"node/4582897791"},"geometry":{"type":"Point","coordinates":[5.6621641,51.475963]}},{"type":"Feature","id":"node/4582897794","properties":{"bench":"no","bin":"no","bus":"yes","highway":"bus_stop","lit":"yes","local_ref":"C","name":"Station","public_transport":"platform","ref:IFOPT":"NL:Q:65310012","shelter":"no","tactile_paving":"yes","zone":"6531","id":"node/4582897794"},"geometry":{"type":"Point","coordinates":[5.6622127,51.4759227]}},{"type":"Feature","id":"node/4582897796","properties":{"bench":"no","bin":"no","bus":"yes","highway":"bus_stop","lit":"yes","local_ref":"A","name":"Station","public_transport":"platform","ref:IFOPT":"NL:Q:65310010","shelter":"no","tactile_paving":"yes","zone":"6531","id":"node/4582897796"},"geometry":{"type":"Point","coordinates":[5.6621078,51.4760023]}},{"type":"Feature","id":"node/4584131645","properties":{"bus":"yes","highway":"bus_stop","lit":"yes","name":"Molenbeek","public_transport":"platform","ref:IFOPT":"NL:Q:65430230","shelter":"yes","zone":"6543","id":"node/4584131645"},"geometry":{"type":"Point","coordinates":[5.7074777,51.4682709]}},{"type":"Feature","id":"node/4584131650","properties":{"bus":"yes","highway":"bus_stop","name":"Hertelaan","public_transport":"platform","ref:IFOPT":"NL:Q:65430280","zone":"6543","id":"node/4584131650"},"geometry":{"type":"Point","coordinates":[5.70737,51.4589751]}},{"type":"Feature","id":"node/4584131651","properties":{"bus":"yes","highway":"bus_stop","name":"Rijtse Hoeve","public_transport":"platform","ref:IFOPT":"NL:Q:65430320","zone":"6543","id":"node/4584131651"},"geometry":{"type":"Point","coordinates":[5.6966346,51.4598982]}},{"type":"Feature","id":"node/4584131652","properties":{"bus":"yes","highway":"bus_stop","name":"Rivierensingel","public_transport":"platform","ref:IFOPT":"NL:Q:65430340","zone":"6543","id":"node/4584131652"},"geometry":{"type":"Point","coordinates":[5.697504,51.4629899]}},{"type":"Feature","id":"node/4584131653","properties":{"bus":"yes","highway":"bus_stop","name":"Geysendorfferstraat","public_transport":"platform","ref:IFOPT":"NL:Q:65311040","zone":"6531","id":"node/4584131653"},"geometry":{"type":"Point","coordinates":[5.6814985,51.4817218]}},{"type":"Feature","id":"node/4584132027","properties":{"bus":"yes","highway":"bus_stop","name":"Fokkerlaan","public_transport":"platform","ref:IFOPT":"NL:Q:65311050","zone":"6531","id":"node/4584132027"},"geometry":{"type":"Point","coordinates":[5.6844262,51.4830637]}},{"type":"Feature","id":"node/4584132028","properties":{"bus":"yes","highway":"bus_stop","name":"Straakvense Bosdijk","public_transport":"platform","ref:IFOPT":"NL:Q:65311010","zone":"6531","id":"node/4584132028"},"geometry":{"type":"Point","coordinates":[5.6826384,51.4795225]}},{"type":"Feature","id":"node/4584132029","properties":{"bus":"yes","highway":"bus_stop","name":"De Lier","public_transport":"platform","ref:IFOPT":"NL:Q:65310990","zone":"6531","id":"node/4584132029"},"geometry":{"type":"Point","coordinates":[5.6831456,51.477628]}},{"type":"Feature","id":"node/4584132030","properties":{"bus":"yes","highway":"bus_stop","name":"Sportterrein Swift","public_transport":"platform","ref:IFOPT":"NL:Q:65311860","zone":"6531","id":"node/4584132030"},"geometry":{"type":"Point","coordinates":[5.6863906,51.4769341]}},{"type":"Feature","id":"node/4584132031","properties":{"bus":"yes","highway":"bus_stop","name":"Van Speijklaan","public_transport":"platform","ref:IFOPT":"NL:Q:65310970","zone":"6531","id":"node/4584132031"},"geometry":{"type":"Point","coordinates":[5.6869965,51.4747542]}},{"type":"Feature","id":"node/4584132032","properties":{"bus":"yes","highway":"bus_stop","name":"Trompstraat","public_transport":"platform","ref:IFOPT":"NL:Q:65310950","zone":"6531","id":"node/4584132032"},"geometry":{"type":"Point","coordinates":[5.6819528,51.4758115]}},{"type":"Feature","id":"node/4584132033","properties":{"bus":"yes","highway":"bus_stop","name":"Begoniastraat","public_transport":"platform","ref:IFOPT":"NL:Q:65310930","zone":"6531","id":"node/4584132033"},"geometry":{"type":"Point","coordinates":[5.6789798,51.4762673]}},{"type":"Feature","id":"node/4584132034","properties":{"bus":"yes","highway":"bus_stop","name":"Bernadettekerk","public_transport":"platform","ref:IFOPT":"NL:Q:65310910","zone":"6531","id":"node/4584132034"},"geometry":{"type":"Point","coordinates":[5.6751674,51.4766187]}},{"type":"Feature","id":"node/4584132037","properties":{"bus":"yes","highway":"bus_stop","name":"Zeppelinstraat","public_transport":"platform","ref:IFOPT":"NL:Q:65311650","id":"node/4584132037"},"geometry":{"type":"Point","coordinates":[5.6803471,51.483626]}},{"type":"Feature","id":"node/4584132038","properties":{"bus":"yes","highway":"bus_stop","name":"Volderhof","public_transport":"platform","ref:IFOPT":"NL:Q:65430150","zone":"6543","id":"node/4584132038"},"geometry":{"type":"Point","coordinates":[5.7024868,51.4776444]}},{"type":"Feature","id":"node/4584132048","properties":{"bus":"yes","highway":"bus_stop","name":"Veluwehof","public_transport":"platform","ref:IFOPT":"NL:Q:65430110","zone":"6543","id":"node/4584132048"},"geometry":{"type":"Point","coordinates":[5.6978473,51.4754524]}},{"type":"Feature","id":"node/4584132049","properties":{"bus":"yes","highway":"bus_stop","name":"Deltaweg","public_transport":"platform","ref:IFOPT":"NL:Q:65430070","zone":"6543","id":"node/4584132049"},"geometry":{"type":"Point","coordinates":[5.69928,51.4711534]}},{"type":"Feature","id":"node/4584315778","properties":{"bench":"no","bus":"yes","highway":"bus_stop","name":"Sint Antoniusweg","public_transport":"platform","ref:IFOPT":"NL:Q:65311191","shelter":"no","zone":"6531","id":"node/4584315778"},"geometry":{"type":"Point","coordinates":[5.6306076,51.4596079]}},{"type":"Feature","id":"node/4584315779","properties":{"bench":"yes","bus":"yes","highway":"bus_stop","name":"Sint Antoniusweg","public_transport":"platform","ref:IFOPT":"NL:Q:65311201","shelter":"yes","zone":"6531","id":"node/4584315779"},"geometry":{"type":"Point","coordinates":[5.6311936,51.4598872]}},{"type":"Feature","id":"node/4584315783","properties":{"bus":"yes","highway":"bus_stop","lit":"yes","name":"De Hoefkens","public_transport":"platform","ref:IFOPT":"NL:Q:65312850","id":"node/4584315783"},"geometry":{"type":"Point","coordinates":[5.6332967,51.4701499]}},{"type":"Feature","id":"node/4584315784","properties":{"bus":"yes","highway":"bus_stop","lit":"yes","name":"De Hoefkens","public_transport":"platform","ref:IFOPT":"NL:Q:65312860","id":"node/4584315784"},"geometry":{"type":"Point","coordinates":[5.63367,51.4703528]}},{"type":"Feature","id":"node/4584316182","properties":{"bus":"yes","name":"Helmond, Harmoniestraat","public_transport":"stop_position","id":"node/4584316182"},"geometry":{"type":"Point","coordinates":[5.6631102,51.5000095]}},{"type":"Feature","id":"node/4584316188","properties":{"bench":"yes","bus":"yes","highway":"bus_stop","name":"Ziekenhuis","network":"Bravoflex","public_transport":"platform","ref:IFOPT":"NL:Q:65310320","shelter":"yes","zone":"6531","id":"node/4584316188"},"geometry":{"type":"Point","coordinates":[5.6415154,51.4813475]}},{"type":"Feature","id":"node/4584316189","properties":{"bench":"yes","bus":"yes","highway":"bus_stop","name":"Ziekenhuis","network":"Bravoflex","public_transport":"platform","ref:IFOPT":"NL:Q:65310330","shelter":"yes","zone":"6531","id":"node/4584316189"},"geometry":{"type":"Point","coordinates":[5.6417256,51.4812579]}},{"type":"Feature","id":"node/4588755746","properties":{"bus":"yes","name":"Helmond, Europaweg","public_transport":"stop_position","id":"node/4588755746"},"geometry":{"type":"Point","coordinates":[5.6475631,51.4784616]}},{"type":"Feature","id":"node/4591067903","properties":{"bench":"yes","bin":"yes","bus":"yes","departures_board":"timetable","highway":"bus_stop","lit":"yes","name":"Bijsterveld","public_transport":"platform","ref:IFOPT":"NL:Q:65310450","shelter":"yes","tactile_paving":"yes","zone":"6531","id":"node/4591067903"},"geometry":{"type":"Point","coordinates":[5.6741743,51.4834751]}},{"type":"Feature","id":"node/4591067906","properties":{"bus":"yes","name":"Helmond, Bijsterveld","public_transport":"stop_position","id":"node/4591067906"},"geometry":{"type":"Point","coordinates":[5.674145,51.4834035]}},{"type":"Feature","id":"node/4591067908","properties":{"bench":"no","bin":"yes","bus":"yes","highway":"bus_stop","lit":"yes","name":"Bijsterveld","public_transport":"platform","ref:IFOPT":"NL:Q:65310440","shelter":"no","tactile_paving":"yes","zone":"6531","id":"node/4591067908"},"geometry":{"type":"Point","coordinates":[5.6741379,51.4830562]}},{"type":"Feature","id":"node/4591067909","properties":{"bus":"yes","highway":"bus_stop","name":"Burgemeester van Houtlaan","public_transport":"platform","ref:IFOPT":"NL:Q:65310420","zone":"6531","id":"node/4591067909"},"geometry":{"type":"Point","coordinates":[5.6724993,51.4802735]}},{"type":"Feature","id":"node/4591263442","properties":{"bus":"yes","highway":"bus_stop","name":"Wethouder van Deutekomplein","public_transport":"platform","ref:IFOPT":"NL:Q:65311520","id":"node/4591263442"},"geometry":{"type":"Point","coordinates":[5.6463157,51.4699015]}},{"type":"Feature","id":"node/4591263443","properties":{"bus":"yes","highway":"bus_stop","name":"Wethouder van Deutekomplein","public_transport":"platform","ref:IFOPT":"NL:Q:65311530","id":"node/4591263443"},"geometry":{"type":"Point","coordinates":[5.64807,51.4703429]}},{"type":"Feature","id":"node/4591263444","properties":{"bus":"yes","highway":"bus_stop","name":"De Bergen","public_transport":"platform","ref:IFOPT":"NL:Q:65311540","shelter":"yes","id":"node/4591263444"},"geometry":{"type":"Point","coordinates":[5.6452594,51.4658707]}},{"type":"Feature","id":"node/4591263445","properties":{"bus":"yes","highway":"bus_stop","name":"De Bergen","public_transport":"platform","ref:IFOPT":"NL:Q:65311550","shelter":"yes","id":"node/4591263445"},"geometry":{"type":"Point","coordinates":[5.64501,51.4666699]}},{"type":"Feature","id":"node/4591263446","properties":{"bus":"yes","highway":"bus_stop","name":"Snoekstraat","public_transport":"platform","ref:IFOPT":"NL:Q:65310030","zone":"6531","id":"node/4591263446"},"geometry":{"type":"Point","coordinates":[5.6351347,51.4608405]}},{"type":"Feature","id":"node/4594131393","properties":{"bus":"yes","name":"Helmond, Ziekenhuis","public_transport":"stop_position","id":"node/4594131393"},"geometry":{"type":"Point","coordinates":[5.6446803,51.4823971]}},{"type":"Feature","id":"node/4594131394","properties":{"bench":"yes","bus":"yes","highway":"bus_stop","name":"Ziekenhuis","public_transport":"platform","ref:IFOPT":"NL:Q:65310350","shelter":"yes","zone":"6531","id":"node/4594131394"},"geometry":{"type":"Point","coordinates":[5.6443435,51.483226]}},{"type":"Feature","id":"node/4594131395","properties":{"bench":"no","bin":"yes","bus":"yes","highway":"bus_stop","name":"Bachlaan","public_transport":"platform","ref:IFOPT":"NL:Q:65313510","shelter":"no","zone":"6531","id":"node/4594131395"},"geometry":{"type":"Point","coordinates":[5.6437371,51.486066]}},{"type":"Feature","id":"node/4594131396","properties":{"bench":"no","bus":"yes","highway":"bus_stop","name":"Verliefd Laantje","public_transport":"platform","ref:IFOPT":"NL:Q:65310360","shelter":"no","zone":"6531","id":"node/4594131396"},"geometry":{"type":"Point","coordinates":[5.6444226,51.4934154]}},{"type":"Feature","id":"node/4594549878","properties":{"bus":"yes","highway":"bus_stop","name":"Hortsedijk","public_transport":"platform","ref:IFOPT":"NL:Q:65312560","shelter":"no","zone":"6531","id":"node/4594549878"},"geometry":{"type":"Point","coordinates":[5.6290831,51.4818331]}},{"type":"Feature","id":"node/4734548464","properties":{"addr:city":"Helmond","addr:housenumber":"10","addr:postcode":"5709AC","addr:street":"Deltaweg","amenity":"pharmacy","brand":"Service Apotheek","brand:wikidata":"Q124129179","email":"info@apotheekdeltaweg.nl","healthcare":"pharmacy","name":"Service Apotheek Deltaweg","opening_hours":"Mo-Fr 08:00-18:00; PH off","phone":"+31 492 512 888","source":"BAG","source:date":"2017-03-14","website":"https://www.serviceapotheek.nl/deltaweg","id":"node/4734548464"},"geometry":{"type":"Point","coordinates":[5.7036419,51.4706837]}},{"type":"Feature","id":"node/4752611682","properties":{"addr:city":"Helmond","addr:housenumber":"65","addr:postcode":"5701HH","addr:street":"Heistraat","brand":"Lidl","brand:website":"https://www.lidl.nl/","brand:wikidata":"Q151954","brand:wikipedia":"nl:Lidl","name":"Lidl","opening_hours":"Mo-Sa 08:00-21:00; Su 09:00-18:00","operator":"Lidl Nederland GmbH","shop":"supermarket","source":"BAG","source:date":"2017-03-24","website":"https://www.lidl.nl/s/nl-NL/filialen/helmond/heistraat-65/","id":"node/4752611682"},"geometry":{"type":"Point","coordinates":[5.6647365,51.4832421]}},{"type":"Feature","id":"node/4752735924","properties":{"addr:city":"Helmond","addr:housenumber":"95","addr:postcode":"5702KS","addr:street":"Nieuwveld","amenity":"pharmacy","brand":"Service Apotheek","brand:wikidata":"Q124129179","dispensing":"yes","drive_through":"no","email":"info@apotheeknoorderlicht.nl","healthcare":"pharmacy","name":"Service Apotheek Noorderlicht","opening_hours":"Mo-Fr 08:30-18:00; PH off","phone":"+31 492 552455","source":"BAG","source:date":"2017-03-24","website":"https://www.serviceapotheek.nl/noorderlicht","id":"node/4752735924"},"geometry":{"type":"Point","coordinates":[5.6674337,51.4936147]}},{"type":"Feature","id":"node/4753430502","properties":{"leisure":"sports_centre","name":"Sportpark Espendonk","sport":"soccer","id":"node/4753430502"},"geometry":{"type":"Point","coordinates":[5.6967104,51.4550515]}},{"type":"Feature","id":"node/4754877259","properties":{"addr:city":"Helmond","addr:housenumber":"4A","addr:postcode":"5709JA","addr:street":"Weg naar Bakel","name":"Life & Garden","shop":"garden_centre","source":"BAG","source:date":"2017-03-25","id":"node/4754877259"},"geometry":{"type":"Point","coordinates":[5.7114049,51.4886704]}},{"type":"Feature","id":"node/4755078518","properties":{"addr:city":"Helmond","addr:housenumber":"17J","addr:postcode":"5705DK","addr:street":"Varenschut","brand":"Ford","brand:wikidata":"Q44294","name":"Van Mossel","shop":"car","source":"BAG","source:date":"2017-03-25","id":"node/4755078518"},"geometry":{"type":"Point","coordinates":[5.6921097,51.4589956]}},{"type":"Feature","id":"node/4757477369","properties":{"addr:city":"Helmond","addr:housenumber":"221A","addr:postcode":"5705AE","addr:street":"Engelseweg","branch":"Helmond","brand":"De Verfzaak","brand:website":"https://www.deverfzaak.nl","brand:wikidata":"Q140700369","email":"helmond@deverfzaak.nl","name":"Konings Verf en Behang","opening_hours":"Mo-Fr 09:00-18:00; Sa 09:00-16:00","phone":"+31 492 537693","shop":"paint","source":"BAG","source:date":"2017-03-27","website":"https://www.deverfzaak.nl/de-verfzaak-winkels/helmond/","id":"node/4757477369"},"geometry":{"type":"Point","coordinates":[5.6815553,51.4717731]}},{"type":"Feature","id":"node/4757528079","properties":{"addr:city":"Helmond","addr:housenumber":"10","addr:postcode":"5708JH","addr:street":"Stiphoutse Dreef","amenity":"community_centre","community_centre":"club_home","name":"Atletiek Helmond","source":"BAG","source:date":"2017-03-27","website":"https://atletiekhelmond.nl","id":"node/4757528079"},"geometry":{"type":"Point","coordinates":[5.6053644,51.482236]}},{"type":"Feature","id":"node/4758200357","properties":{"addr:city":"Helmond","addr:housenumber":"1","addr:postcode":"5705LA","addr:street":"Cacaokade","amenity":"restaurant","check_date":"2026-04-03","check_date:opening_hours":"2026-04-03","name":"Brasserie Cacaofabriek","opening_hours":"Mo-We 11:00-22:30; Th-Fr 11:00-00:00; Sa 09:00-00:00; Su 09:00-22:30","opening_hours:kitchen":"Mo-We 11:00-17:00; Th 11:00-20:00; Fr-Su 11:00-21:00","phone":"+31 492 768 999","source":"BAG","source:date":"2017-03-27","website":"https://www.cacaofabriek.nl/brasserie","id":"node/4758200357"},"geometry":{"type":"Point","coordinates":[5.6553468,51.4733913]}},{"type":"Feature","id":"node/4761673703","properties":{"addr:city":"Helmond","addr:housenumber":"34","addr:postcode":"5701SV","addr:street":"Binderseind","amenity":"restaurant","cuisine":"pizza","name":"Altunel Pizza","opening_hours":"Mo-Tu 16:30-22:30; Fr-Sa 16:30-23:00; Su 16:30-22:30","source":"BAG","source:date":"2017-03-29","id":"node/4761673703"},"geometry":{"type":"Point","coordinates":[5.6586246,51.4823513]}},{"type":"Feature","id":"node/4761673704","properties":{"addr:city":"Helmond","addr:housenumber":"2","addr:postcode":"5701SV","addr:street":"Binderseind","name":"De Gouden Naald","opening_hours":"Mo 13:00-17:45; Tu-Fr 10:00-18:00; Sa 10:00-17:00","shop":"sewing","source":"BAG","source:date":"2017-03-29","id":"node/4761673704"},"geometry":{"type":"Point","coordinates":[5.6584738,51.4820697]}},{"type":"Feature","id":"node/4761673716","properties":{"addr:city":"Helmond","addr:housenumber":"32","addr:postcode":"5701SV","addr:street":"Binderseind","hairdresser":"barber","male":"yes","name":"The Barber Hub","opening_hours":"Tu-Sa 10:00-19:00; Su 12:00-19:00","phone":"+31 6 5893 5730","shop":"hairdresser","source":"BAG","source:date":"2017-03-29","id":"node/4761673716"},"geometry":{"type":"Point","coordinates":[5.6585693,51.4822473]}},{"type":"Feature","id":"node/4761788805","properties":{"addr:city":"Helmond","addr:housenumber":"132","addr:postcode":"5701KK","addr:street":"Molenstraat","name":"Pastelaria Lusa","shop":"deli","source":"BAG","source:date":"2017-03-29","id":"node/4761788805"},"geometry":{"type":"Point","coordinates":[5.6632196,51.4787004]}},{"type":"Feature","id":"node/4761867363","properties":{"addr:city":"Helmond","addr:housenumber":"53","addr:postcode":"5701PZ","addr:street":"Oude Aa","name":"Terralife","opening_hours":"Mo 13:00-18:00; Tu-Th 10:00-18:00; Fr 10:00-20:00; Sa 10:00-17:00; Su[-1] 10:00-17:00","phone":"+31 492 475010","shop":"health_food","source":"BAG","source:date":"2017-03-29","wheelchair":"yes","id":"node/4761867363"},"geometry":{"type":"Point","coordinates":[5.6535914,51.479555]}},{"type":"Feature","id":"node/4761867381","properties":{"addr:city":"Helmond","addr:housenumber":"14","addr:postcode":"5701RC","addr:street":"Veestraat","branch":"Helmond","brand":"ONLY","brand:website":"https://www.only.com","brand:wikidata":"Q61799370","clothes":"women","name":"ONLY","shop":"clothes","source":"BAG","source:date":"2017-03-29","website":"https://www.only.com","id":"node/4761867381"},"geometry":{"type":"Point","coordinates":[5.6543328,51.479066]}},{"type":"Feature","id":"node/4761867391","properties":{"addr:city":"Helmond","addr:housenumber":"10","addr:postcode":"5701RX","addr:street":"Elzaspassage","branch":"Helmond","brand":"Rousseau Chocolade","brand:website":"https://www.rousseau.nl","brand:wikidata":"Q139850442","email":"helmond@rousseau.nl","name":"Rousseau Chocolade","phone":"+31 492 253044","shop":"chocolate","source":"BAG","source:date":"2017-03-29","website":"https://www.rousseau.nl/winkel/helmond/","id":"node/4761867391"},"geometry":{"type":"Point","coordinates":[5.6545739,51.4798763]}},{"type":"Feature","id":"node/4761867395","properties":{"addr:city":"Helmond","addr:housenumber":"37-39","addr:postcode":"5701RW","addr:street":"Elzaspassage","clothes":"unisex","name":"van Uffelen Mode","opening_hours":"Mo 13:00-18:00; Tu-Th 10:00-18:00; Fr 10:00-21:00; Sa 09:30-17:00","phone":"+31 492 528 588","shop":"clothes","source":"BAG","source:date":"2017-03-29","website":"https://www.vanuffelenmode.nl/over-ons/winkels/31/van-uffelen-helmond.html","id":"node/4761867395"},"geometry":{"type":"Point","coordinates":[5.6547851,51.4799707]}},{"type":"Feature","id":"node/4761867397","properties":{"addr:city":"Helmond","addr:housenumber":"4","addr:postcode":"5701RX","addr:street":"Elzaspassage","email":"info@bracketofficial.com","name":"Bracket","phone":"+31 492 792 428","shop":"clothes","source":"BAG","source:date":"2017-03-29","website":"https://bracketofficial.com/","id":"node/4761867397"},"geometry":{"type":"Point","coordinates":[5.6542496,51.4800625]}},{"type":"Feature","id":"node/4761867403","properties":{"addr:city":"Helmond","addr:housenumber":"24-26","addr:postcode":"5701RX","addr:street":"Elzaspassage","branch":"Helmond - Elzaspassage","brand":"Vero Moda","brand:website":"https://www.veromoda.com","brand:wikidata":"Q640418","clothes":"women","name":"Vero Moda","opening_hours":"Mo 12:00-18:00; Tu-Fr 10:00-18:00; Sa 09:30-17:00; Su 12:00-17:00","phone":"+31 492 476 140","shop":"clothes","source":"BAG","source:date":"2017-03-29","website":"https://www.veromoda.com","id":"node/4761867403"},"geometry":{"type":"Point","coordinates":[5.654475,51.4791532]}},{"type":"Feature","id":"node/4761867404","properties":{"addr:city":"Helmond","addr:housenumber":"2","addr:postcode":"5701RX","addr:street":"Elzaspassage","clothes":"women","name":"Femme","opening_hours":"Mo 13:00-18:00; Tu-Su 09:30-18:00; Sa 09:30-17:00","phone":"+31 492 553 243","shop":"clothes","source":"BAG","source:date":"2017-03-29","id":"node/4761867404"},"geometry":{"type":"Point","coordinates":[5.6541057,51.4800878]}},{"type":"Feature","id":"node/4761867410","properties":{"addr:city":"Helmond","addr:housenumber":"19","addr:postcode":"5701RH","addr:street":"Markt","branch":"Helmond","brand":"OPEN32","brand:website":"https://www.open32.nl/","brand:wikidata":"Q131523005","name":"OPEN32","opening_hours":"Mo 13:00-18:00; Tu-Th 09:30-18:00; Fr 09:30-21:00; Sa 09:30-17:00; Su 12:00-17:00","payment:cash":"yes","phone":"+31 492 713 936","shop":"clothes","source":"BAG","source:date":"2017-03-29","website":"https://www.open32.nl/open32-helmond","wheelchair":"yes","id":"node/4761867410"},"geometry":{"type":"Point","coordinates":[5.6555441,51.4791717]}},{"type":"Feature","id":"node/4761867413","properties":{"addr:city":"Helmond","addr:housenumber":"17","addr:postcode":"5701RH","addr:street":"Markt","brand":"vanHaren","brand:wikidata":"Q62390668","check_date":"2026-03-15","check_date:opening_hours":"2026-03-15","name":"vanHaren","opening_hours":"Mo 13:00-18:00; Tu-Th 09:30-18:00; Fr 09:30-20:00; Sa 09:30-17:00; Su 12:00-17:00","phone":"+31 492 546830","shop":"shoes","source":"BAG","source:date":"2017-03-29","website":"https://stores.vanharen.nl/nl-nl/nl/noord-brabant/helmond/markt-17","id":"node/4761867413"},"geometry":{"type":"Point","coordinates":[5.6554751,51.4790913]}},{"type":"Feature","id":"node/4761867420","properties":{"addr:city":"Helmond","addr:housenumber":"54","addr:postcode":"5701RX","addr:street":"Elzaspassage","email":"info@3vosjes.nl","name":"3 Vosjes","opening_hours":"Mo 13:00-18:00; Tu-Th 10:00-18:00; Fr 10:00-20:00; Sa 10:00-17:00","phone":"+31 492 792 777","shop":"toys","source":"BAG","source:date":"2017-03-29","website":"https://www.3vosjes.nl/","id":"node/4761867420"},"geometry":{"type":"Point","coordinates":[5.6554741,51.4793861]}},{"type":"Feature","id":"node/4873944194","properties":{"addr:city":"Helmond","addr:housenumber":"71","addr:postcode":"5708GD","addr:street":"Dorpsstraat","brand":"EP:","brand:website":"https://www.ep.nl","brand:wikidata":"Q110271192","email":"info@ephelmond.nl","name":"EP:Elektro Piet Gruijters","phone":"+31 492 524832","shop":"electronics","source":"BAG","source:date":"2017-05-24","website":"https://www.epelectropietgruijters.nl","id":"node/4873944194"},"geometry":{"type":"Point","coordinates":[5.6218831,51.485093]}},{"type":"Feature","id":"node/4875937515","properties":{"name":"Belvedère","tourism":"viewpoint","id":"node/4875937515"},"geometry":{"type":"Point","coordinates":[5.6037091,51.460708]}},{"type":"Feature","id":"node/4932499314","properties":{"bench":"no","bin":"no","bus":"yes","highway":"bus_stop","lit":"yes","local_ref":"E","name":"Station","public_transport":"platform","ref:IFOPT":"NL:Q:65310020","shelter":"no","tactile_paving":"yes","zone":"6531","id":"node/4932499314"},"geometry":{"type":"Point","coordinates":[5.6622773,51.4758293]}},{"type":"Feature","id":"node/5045983128","properties":{"addr:city":"Helmond","addr:housenumber":"154","addr:postcode":"5707CL","addr:street":"Europaweg","amenity":"fast_food","brand":"Burger King","brand:wikidata":"Q177054","brand:wikipedia":"en:Burger King","cuisine":"burger","delivery":"no","name":"Burger King","outdoor_seating":"yes","smoking":"outside","source":"BAG","source:date":"2017-08-20","takeaway":"yes","id":"node/5045983128"},"geometry":{"type":"Point","coordinates":[5.6338672,51.4755806]}},{"type":"Feature","id":"node/5050085700","properties":{"addr:city":"Helmond","addr:housenumber":"5","addr:postcode":"5708ER","addr:street":"Claassensstraat","amenity":"fuel","branch":"Stiphout","brand":"AVIA XPress","brand:wikidata":"Q124611203","name":"AVIA XPress","opening_hours":"Mo-Su 07:00-21:00","operator":"Vollenhoven","operator:website":"https://aviavollenhoven.nl","operator:wikidata":"Q125451808","phone":"+31 13 595 0950","self_service":"yes","website":"https://avia.nl/tankstations/avia-xpress-stiphout","id":"node/5050085700"},"geometry":{"type":"Point","coordinates":[5.6150458,51.4879124]}},{"type":"Feature","id":"node/5064860654","properties":{"addr:city":"Helmond","addr:housenumber":"2","addr:postcode":"5704BS","addr:street":"Heibloemweg","amenity":"fast_food","brand":"Subway","brand:wikidata":"Q244457","brand:wikipedia":"en:Subway (restaurant)","cuisine":"sandwich","name":"Subway","opening_hours":"Mo-Su 10:00-20:00; Su 11:00-20:00","source":"BAG","source:date":"2017-08-28","takeaway":"yes","id":"node/5064860654"},"geometry":{"type":"Point","coordinates":[5.7087811,51.4497933]}},{"type":"Feature","id":"node/5064908412","properties":{"addr:city":"Helmond","addr:housenumber":"35","addr:postcode":"5702HW","addr:street":"Nieuwveld","email":"info@bakkerijderkinderen.nl","name":"Der Kinderen","phone":"+31 492 522 027","shop":"bakery","source":"BAG","source:date":"2014-06-06","website":"http://www.bakkerijderkinderen.nl/","id":"node/5064908412"},"geometry":{"type":"Point","coordinates":[5.6679667,51.4951896]}},{"type":"Feature","id":"node/5064908413","properties":{"addr:city":"Helmond","addr:housenumber":"33","addr:postcode":"5702HW","addr:street":"Nieuwveld","name":"Kafkas","opening_hours":"Mo-Su 09:00-20:00","shop":"greengrocer","source":"BAG;survey","source:date":"2014-06-06","id":"node/5064908413"},"geometry":{"type":"Point","coordinates":[5.6679574,51.4952517]}},{"type":"Feature","id":"node/5186243520","properties":{"bus":"yes","name":"Helmond, Noordende","public_transport":"stop_position","id":"node/5186243520"},"geometry":{"type":"Point","coordinates":[5.6583923,51.4857373]}},{"type":"Feature","id":"node/5186309498","properties":{"bus":"yes","name":"Helmond, Helmondselaan","public_transport":"stop_position","id":"node/5186309498"},"geometry":{"type":"Point","coordinates":[5.6614194,51.4861844]}},{"type":"Feature","id":"node/5187004560","properties":{"bus":"yes","name":"Helmond, Vossenbeemd","public_transport":"stop_position","id":"node/5187004560"},"geometry":{"type":"Point","coordinates":[5.67985,51.4659889]}},{"type":"Feature","id":"node/5221197606","properties":{"addr:city":"Helmond","addr:housenumber":"103","addr:postcode":"5706SL","addr:street":"Brandevoortse Dreef","amenity":"fuel","brand":"Tango","brand:wikidata":"Q125867683","brand:wikipedia":"nl:Tango (bedrijf)","compressed_air":"yes","fuel:diesel":"yes","fuel:octane_95":"yes","fuel:octane_98":"yes","name":"Tango Helmond","opening_hours":"24/7","operator":"Tango","operator:wikidata":"Q125867683","payment:dkv":"yes","payment:ipay":"yes","payment:maestro":"yes","payment:mastercard":"yes","payment:multitankcard":"yes","payment:pin":"yes","payment:q8_liberty":"yes","payment:travelcard":"yes","payment:visa":"yes","payment:vpay":"yes","payment:xximo":"yes","phone":"+31 70 315 2500","self_service":"yes","source":"BAG","source:date":"2017-11-10","website":"https://www.tango.nl/stations/Tango-Helmond","id":"node/5221197606"},"geometry":{"type":"Point","coordinates":[5.6280442,51.4544041]}},{"type":"Feature","id":"node/5266399793","properties":{"leisure":"playground","id":"node/5266399793"},"geometry":{"type":"Point","coordinates":[5.6705178,51.4812007]}},{"type":"Feature","id":"node/5266399794","properties":{"leisure":"playground","id":"node/5266399794"},"geometry":{"type":"Point","coordinates":[5.669744,51.4802962]}},{"type":"Feature","id":"node/5266406605","properties":{"leisure":"playground","id":"node/5266406605"},"geometry":{"type":"Point","coordinates":[5.6703595,51.4791947]}},{"type":"Feature","id":"node/5266406606","properties":{"leisure":"playground","id":"node/5266406606"},"geometry":{"type":"Point","coordinates":[5.6706278,51.4795253]}},{"type":"Feature","id":"node/5266406607","properties":{"leisure":"playground","id":"node/5266406607"},"geometry":{"type":"Point","coordinates":[5.6701525,51.4789679]}},{"type":"Feature","id":"node/5376656587","properties":{"amenity":"place_of_worship","denomination":"roman_catholic","heritage":"2","heritage:operator":"rce","name":"Cavalrieberg","ref:rce":"513024","religion":"christian","wikidata":"Q17464391","id":"node/5376656587"},"geometry":{"type":"Point","coordinates":[5.6686172,51.4790085]}},{"type":"Feature","id":"node/5406140272","properties":{"addr:city":"Helmond","addr:housenumber":"56","addr:postcode":"5701HP","addr:street":"Heistraat","description":"Terrariumspeciaalzaak","name":"Exotic World","opening_hours":"Tu-Th 11:00-19:00, Fr 12:00-21:00, Sa 10:00-17:00","payment:cards":"yes","payment:coins":"yes","payment:maestro":"yes","payment:notes":"yes","phone":"+31 492 330 967","shop":"pet","website":"https://www.exoticworld.nl/","id":"node/5406140272"},"geometry":{"type":"Point","coordinates":[5.6632141,51.4837659]}},{"type":"Feature","id":"node/5643839846","properties":{"addr:city":"Helmond","addr:housenumber":"2","addr:postcode":"5707DZ","addr:street":"Speelhuisplein","amenity":"theatre","check_date":"2026-04-06","contact:facebook":"theaterspeelhuis","contact:instagram":"hetspeelhuis","contact:twitter":"speelhuis","name":"Theater het Speelhuis","payment:cash":"yes","source":"BAG","source:date":"2018-05-08","website":"https://theaterspeelhuis.nl/","wheelchair":"yes","id":"node/5643839846"},"geometry":{"type":"Point","coordinates":[5.6488684,51.4788878]}},{"type":"Feature","id":"node/5827843188","properties":{"addr:city":"Helmond","addr:housenumber":"247","addr:postcode":"5709AB","addr:street":"Deltaweg","brand":"ALDI","brand:website":"https://www.aldi.nl","brand:wikidata":"Q41171373","name":"ALDI","opening_hours":"Mo-Sa 08:00-20:00; Su 10:00-18:00","payment:cash":"yes","payment:contactless":"yes","payment:credit_cards":"yes","payment:debit_cards":"yes","payment:visa":"yes","shop":"supermarket","source":"BAG;survey","source:date":"2018-08-08","website":"https://www.aldi.nl/supermarkt/helmond/deltaweg-247/3187788.html","id":"node/5827843188"},"geometry":{"type":"Point","coordinates":[5.7046129,51.4714285]}},{"type":"Feature","id":"node/6124360466","properties":{"bus":"yes","name":"Helmond, Sint Antoniusweg","public_transport":"stop_position","id":"node/6124360466"},"geometry":{"type":"Point","coordinates":[5.6306952,51.4595873]}},{"type":"Feature","id":"node/6124360467","properties":{"bus":"yes","name":"Helmond, Snoekstraat","public_transport":"stop_position","id":"node/6124360467"},"geometry":{"type":"Point","coordinates":[5.6351302,51.4608947]}},{"type":"Feature","id":"node/6124360468","properties":{"bus":"yes","name":"Helmond, Snoekstraat","public_transport":"stop_position","id":"node/6124360468"},"geometry":{"type":"Point","coordinates":[5.6344944,51.4608325]}},{"type":"Feature","id":"node/6124360469","properties":{"bus":"yes","name":"Helmond, Walvisstraat","public_transport":"stop_position","id":"node/6124360469"},"geometry":{"type":"Point","coordinates":[5.638588,51.4614901]}},{"type":"Feature","id":"node/6124360470","properties":{"bus":"yes","name":"Helmond, Walvisstraat","public_transport":"stop_position","id":"node/6124360470"},"geometry":{"type":"Point","coordinates":[5.6402594,51.461647]}},{"type":"Feature","id":"node/6124370647","properties":{"bus":"yes","name":"Helmond, Openbare Basisschool","public_transport":"stop_position","id":"node/6124370647"},"geometry":{"type":"Point","coordinates":[5.6616162,51.498806]}},{"type":"Feature","id":"node/6124370649","properties":{"bus":"yes","name":"Helmond, Jupiterlaan","public_transport":"stop_position","id":"node/6124370649"},"geometry":{"type":"Point","coordinates":[5.6695167,51.4972341]}},{"type":"Feature","id":"node/6124370650","properties":{"bus":"yes","name":"Helmond, De Pannehoeve","public_transport":"stop_position","id":"node/6124370650"},"geometry":{"type":"Point","coordinates":[5.6749496,51.4910715]}},{"type":"Feature","id":"node/6124370651","properties":{"bus":"yes","name":"Helmond, Vondellaan","public_transport":"stop_position","id":"node/6124370651"},"geometry":{"type":"Point","coordinates":[5.6684809,51.4892726]}},{"type":"Feature","id":"node/6124370653","properties":{"bus":"yes","name":"Helmond, Helmondselaan","public_transport":"stop_position","id":"node/6124370653"},"geometry":{"type":"Point","coordinates":[5.6616298,51.4865709]}},{"type":"Feature","id":"node/6124372183","properties":{"bus":"yes","name":"Helmond, Burgemeester van Houtlaan","public_transport":"stop_position","id":"node/6124372183"},"geometry":{"type":"Point","coordinates":[5.672418,51.4802876]}},{"type":"Feature","id":"node/6124372184","properties":{"bus":"yes","name":"Helmond, Burgemeester van Houtlaan","public_transport":"stop_position","id":"node/6124372184"},"geometry":{"type":"Point","coordinates":[5.6717049,51.479202]}},{"type":"Feature","id":"node/6124373285","properties":{"bus":"yes","name":"Helmond, Bijsterveld","public_transport":"stop_position","id":"node/6124373285"},"geometry":{"type":"Point","coordinates":[5.674096,51.4830595]}},{"type":"Feature","id":"node/6124373286","properties":{"bus":"yes","name":"Helmond, Sportcentrum De Braak","public_transport":"stop_position","id":"node/6124373286"},"geometry":{"type":"Point","coordinates":[5.6753759,51.4878131]}},{"type":"Feature","id":"node/6124373287","properties":{"bus":"yes","name":"Helmond, Sportcentrum De Braak","public_transport":"stop_position","id":"node/6124373287"},"geometry":{"type":"Point","coordinates":[5.6741733,51.4874002]}},{"type":"Feature","id":"node/6124393786","properties":{"bus":"yes","name":"Helmond, Hortsedijk","public_transport":"stop_position","id":"node/6124393786"},"geometry":{"type":"Point","coordinates":[5.6275051,51.4821097]}},{"type":"Feature","id":"node/6167858189","properties":{"amenity":"parking","name":"Witven","id":"node/6167858189"},"geometry":{"type":"Point","coordinates":[5.5863764,51.4856493]}},{"type":"Feature","id":"node/6172855857","properties":{"bus":"yes","name":"Helmond, Varenschut","public_transport":"stop_position","id":"node/6172855857"},"geometry":{"type":"Point","coordinates":[5.6912758,51.4580351]}},{"type":"Feature","id":"node/6172855858","properties":{"bus":"yes","name":"Helmond, Varenschut","public_transport":"stop_position","id":"node/6172855858"},"geometry":{"type":"Point","coordinates":[5.6914019,51.4572215]}},{"type":"Feature","id":"node/6172855863","properties":{"bus":"yes","name":"Helmond, Lagedijk","public_transport":"stop_position","id":"node/6172855863"},"geometry":{"type":"Point","coordinates":[5.6783306,51.4721476]}},{"type":"Feature","id":"node/6172855864","properties":{"bus":"yes","name":"Helmond, Lagedijk","public_transport":"stop_position","id":"node/6172855864"},"geometry":{"type":"Point","coordinates":[5.67856,51.4720633]}},{"type":"Feature","id":"node/6172855865","properties":{"bus":"yes","name":"Helmond, Spoorstraat","public_transport":"stop_position","id":"node/6172855865"},"geometry":{"type":"Point","coordinates":[5.6673771,51.4742628]}},{"type":"Feature","id":"node/6172855866","properties":{"bus":"yes","name":"Helmond, Spoorstraat","public_transport":"stop_position","id":"node/6172855866"},"geometry":{"type":"Point","coordinates":[5.6679838,51.474171]}},{"type":"Feature","id":"node/6191260011","properties":{"bus":"yes","name":"Helmond, Coendersberglaan","public_transport":"stop_position","id":"node/6191260011"},"geometry":{"type":"Point","coordinates":[5.6992425,51.4879981]}},{"type":"Feature","id":"node/6193143311","properties":{"bus":"yes","name":"Helmond, De Hoefkens","public_transport":"stop_position","id":"node/6193143311"},"geometry":{"type":"Point","coordinates":[5.6337074,51.4703182]}},{"type":"Feature","id":"node/6193164109","properties":{"bus":"yes","name":"Helmond, Ziekenhuis","public_transport":"stop_position","id":"node/6193164109"},"geometry":{"type":"Point","coordinates":[5.6417309,51.4812973]}},{"type":"Feature","id":"node/6193164110","properties":{"bus":"yes","name":"Helmond, Ziekenhuis","public_transport":"stop_position","id":"node/6193164110"},"geometry":{"type":"Point","coordinates":[5.6415272,51.4813137]}},{"type":"Feature","id":"node/6193182491","properties":{"bus":"yes","name":"Helmond, Verliefd Laantje","public_transport":"stop_position","id":"node/6193182491"},"geometry":{"type":"Point","coordinates":[5.644654,51.4941135]}},{"type":"Feature","id":"node/6193182494","properties":{"bus":"yes","name":"Helmond, Verliefd Laantje","public_transport":"stop_position","id":"node/6193182494"},"geometry":{"type":"Point","coordinates":[5.6445455,51.49342]}},{"type":"Feature","id":"node/6193182495","properties":{"bus":"yes","name":"Helmond, Bachlaan","public_transport":"stop_position","id":"node/6193182495"},"geometry":{"type":"Point","coordinates":[5.6436872,51.4860622]}},{"type":"Feature","id":"node/6193182496","properties":{"bus":"yes","name":"Helmond, Bachlaan","public_transport":"stop_position","id":"node/6193182496"},"geometry":{"type":"Point","coordinates":[5.6438899,51.4852933]}},{"type":"Feature","id":"node/6193461814","properties":{"bus":"yes","name":"Helmond, Hunzestraat","public_transport":"stop_position","id":"node/6193461814"},"geometry":{"type":"Point","coordinates":[5.6976787,51.4677554]}},{"type":"Feature","id":"node/6193461818","properties":{"bus":"yes","name":"Helmond, Noorddijk","public_transport":"stop_position","id":"node/6193461818"},"geometry":{"type":"Point","coordinates":[5.6906676,51.4667988]}},{"type":"Feature","id":"node/6193461819","properties":{"bus":"yes","highway":"bus_stop","name":"Noorddijk","public_transport":"platform","ref:IFOPT":"NL:Q:65431400","zone":"6543","id":"node/6193461819"},"geometry":{"type":"Point","coordinates":[5.6902979,51.4666113]}},{"type":"Feature","id":"node/6193461820","properties":{"bus":"yes","name":"Helmond, Rivierensingel","public_transport":"stop_position","id":"node/6193461820"},"geometry":{"type":"Point","coordinates":[5.6972853,51.4631584]}},{"type":"Feature","id":"node/6193464941","properties":{"bus":"yes","name":"Helmond, Hertelaan","public_transport":"stop_position","id":"node/6193464941"},"geometry":{"type":"Point","coordinates":[5.7073128,51.4590224]}},{"type":"Feature","id":"node/6193464942","properties":{"bus":"yes","name":"Helmond, Hertelaan","public_transport":"stop_position","id":"node/6193464942"},"geometry":{"type":"Point","coordinates":[5.7071213,51.4588878]}},{"type":"Feature","id":"node/6193464948","properties":{"bus":"yes","name":"Helmond, Peeleik","public_transport":"stop_position","id":"node/6193464948"},"geometry":{"type":"Point","coordinates":[5.701295,51.4569471]}},{"type":"Feature","id":"node/6193470488","properties":{"bus":"yes","name":"Helmond, Molenbeek","public_transport":"stop_position","id":"node/6193470488"},"geometry":{"type":"Point","coordinates":[5.7074836,51.4683331]}},{"type":"Feature","id":"node/6193471660","properties":{"bus":"yes","name":"Helmond, Deltaweg","public_transport":"stop_position","id":"node/6193471660"},"geometry":{"type":"Point","coordinates":[5.6992949,51.471178]}},{"type":"Feature","id":"node/6193471661","properties":{"bus":"yes","name":"Helmond, Deltaweg","public_transport":"stop_position","id":"node/6193471661"},"geometry":{"type":"Point","coordinates":[5.6991152,51.4712065]}},{"type":"Feature","id":"node/6193506746","properties":{"bus":"yes","name":"Helmond, Sallandhof","public_transport":"stop_position","id":"node/6193506746"},"geometry":{"type":"Point","coordinates":[5.6977409,51.4800408]}},{"type":"Feature","id":"node/6193506749","properties":{"bus":"yes","name":"Helmond, Sallandhof","public_transport":"stop_position","id":"node/6193506749"},"geometry":{"type":"Point","coordinates":[5.6968137,51.4797683]}},{"type":"Feature","id":"node/6193506751","properties":{"bus":"yes","name":"Helmond, Veluwehof","public_transport":"stop_position","id":"node/6193506751"},"geometry":{"type":"Point","coordinates":[5.6977239,51.4754328]}},{"type":"Feature","id":"node/6193506752","properties":{"bus":"yes","name":"Helmond, Veluwehof","public_transport":"stop_position","id":"node/6193506752"},"geometry":{"type":"Point","coordinates":[5.697889,51.4752471]}},{"type":"Feature","id":"node/6193506753","properties":{"bus":"yes","name":"Helmond, Volderhof","public_transport":"stop_position","id":"node/6193506753"},"geometry":{"type":"Point","coordinates":[5.7025089,51.4777098]}},{"type":"Feature","id":"node/6193506754","properties":{"bus":"yes","name":"Helmond, Weg door Rijpel","public_transport":"stop_position","id":"node/6193506754"},"geometry":{"type":"Point","coordinates":[5.7059649,51.4725552]}},{"type":"Feature","id":"node/6193506775","properties":{"bus":"yes","name":"Helmond, Hollandhof","public_transport":"stop_position","id":"node/6193506775"},"geometry":{"type":"Point","coordinates":[5.7098001,51.4755338]}},{"type":"Feature","id":"node/6193521991","properties":{"bus":"yes","name":"Helmond, Van Speijklaan","public_transport":"stop_position","id":"node/6193521991"},"geometry":{"type":"Point","coordinates":[5.6869088,51.474699]}},{"type":"Feature","id":"node/6193521994","properties":{"bus":"yes","name":"Helmond, Sportterrein Swift","public_transport":"stop_position","id":"node/6193521994"},"geometry":{"type":"Point","coordinates":[5.6863467,51.4769309]}},{"type":"Feature","id":"node/6193521995","properties":{"bus":"yes","name":"Helmond, Sportterrein Swift","note":"Halte wordt onderdeel van Bus 53 vanaf 1-1-2021.","public_transport":"stop_position","id":"node/6193521995"},"geometry":{"type":"Point","coordinates":[5.6863825,51.476821]}},{"type":"Feature","id":"node/6193521996","properties":{"bus":"yes","name":"Helmond, De Lier","public_transport":"stop_position","id":"node/6193521996"},"geometry":{"type":"Point","coordinates":[5.6835358,51.47759]}},{"type":"Feature","id":"node/6193521997","properties":{"bus":"yes","name":"Helmond, De Lier","public_transport":"stop_position","id":"node/6193521997"},"geometry":{"type":"Point","coordinates":[5.683134,51.47759]}},{"type":"Feature","id":"node/6193521998","properties":{"bus":"yes","name":"Helmond, Trompstraat","public_transport":"stop_position","id":"node/6193521998"},"geometry":{"type":"Point","coordinates":[5.6820116,51.4758076]}},{"type":"Feature","id":"node/6193521999","properties":{"bus":"yes","name":"Helmond, Trompstraat","public_transport":"stop_position","id":"node/6193521999"},"geometry":{"type":"Point","coordinates":[5.6822455,51.4752912]}},{"type":"Feature","id":"node/6193529019","properties":{"bus":"yes","name":"Helmond, Begoniastraat","public_transport":"stop_position","id":"node/6193529019"},"geometry":{"type":"Point","coordinates":[5.678964,51.4763463]}},{"type":"Feature","id":"node/6193529020","properties":{"bus":"yes","name":"Helmond, Bernadettekerk","public_transport":"stop_position","id":"node/6193529020"},"geometry":{"type":"Point","coordinates":[5.6748374,51.47671]}},{"type":"Feature","id":"node/6193529021","properties":{"bus":"yes","name":"Helmond, Bernadettekerk","public_transport":"stop_position","id":"node/6193529021"},"geometry":{"type":"Point","coordinates":[5.6751769,51.4766512]}},{"type":"Feature","id":"node/6193529022","properties":{"bus":"yes","name":"Helmond, Azalealaan","public_transport":"stop_position","id":"node/6193529022"},"geometry":{"type":"Point","coordinates":[5.6719869,51.4774237]}},{"type":"Feature","id":"node/6193529023","properties":{"bus":"yes","name":"Helmond, Azalealaan","public_transport":"stop_position","id":"node/6193529023"},"geometry":{"type":"Point","coordinates":[5.6718615,51.4774743]}},{"type":"Feature","id":"node/6193533428","properties":{"bus":"yes","name":"Helmond, Straakvense Bosdijk","public_transport":"stop_position","id":"node/6193533428"},"geometry":{"type":"Point","coordinates":[5.682678,51.4793814]}},{"type":"Feature","id":"node/6193533429","properties":{"bus":"yes","name":"Helmond, Straakvense Bosdijk","public_transport":"stop_position","id":"node/6193533429"},"geometry":{"type":"Point","coordinates":[5.6825865,51.4795124]}},{"type":"Feature","id":"node/6193533431","properties":{"bus":"yes","name":"Helmond, Geysendorfferstraat","public_transport":"stop_position","id":"node/6193533431"},"geometry":{"type":"Point","coordinates":[5.6815256,51.4816935]}},{"type":"Feature","id":"node/6193533433","properties":{"bus":"yes","name":"Helmond, Zeppelinstraat","public_transport":"stop_position","id":"node/6193533433"},"geometry":{"type":"Point","coordinates":[5.6803279,51.4836563]}},{"type":"Feature","id":"node/6193533477","properties":{"bus":"yes","name":"Helmond, Rijtse Hoeve","public_transport":"stop_position","id":"node/6193533477"},"geometry":{"type":"Point","coordinates":[5.6967316,51.4598951]}},{"type":"Feature","id":"node/6193533478","properties":{"bus":"yes","name":"Helmond, Rijtse Hoeve","public_transport":"stop_position","id":"node/6193533478"},"geometry":{"type":"Point","coordinates":[5.6967354,51.4600873]}},{"type":"Feature","id":"node/6394790861","properties":{"access":"yes","leisure":"playground","id":"node/6394790861"},"geometry":{"type":"Point","coordinates":[5.608296,51.4595987]}},{"type":"Feature","id":"node/6558172144","properties":{"amenity":"bar","indoor_seating":"yes","outdoor_seating":"yes","id":"node/6558172144"},"geometry":{"type":"Point","coordinates":[5.6510873,51.4789173]}},{"type":"Feature","id":"node/6558185360","properties":{"addr:city":"Helmond","addr:housenumber":"1","addr:postcode":"5704BS","addr:street":"Heibloemweg","amenity":"fuel","branch":"Helmond","brand":"BP express","brand:wikidata":"Q124630740","fuel:diesel":"yes","fuel:octane_95":"yes","name":"BP express","opening_hours":"24/7","operator":"OK","operator:wikidata":"Q123472183","phone:NL":"0800 2727270","self_service":"yes","website":"https://ok.nl/tankstations/bp-express-helmond/","id":"node/6558185360"},"geometry":{"type":"Point","coordinates":[5.7080609,51.4499105]}},{"type":"Feature","id":"node/6580677996","properties":{"bus":"yes","name":"Helmond, Steenoven","public_transport":"stop_position","id":"node/6580677996"},"geometry":{"type":"Point","coordinates":[5.6298613,51.4753776]}},{"type":"Feature","id":"node/6580677997","properties":{"bus":"yes","name":"Helmond, Automotive Campus","public_transport":"stop_position","id":"node/6580677997"},"geometry":{"type":"Point","coordinates":[5.6243264,51.4741062]}},{"type":"Feature","id":"node/6784310972","properties":{"addr:city":"Helmond","addr:housenumber":"2B","addr:postcode":"5709AC","addr:street":"Deltaweg","alt_name":"Kentucky Fried Chicken","amenity":"fast_food","brand":"KFC","brand:wikidata":"Q524757","brand:wikipedia":"en:KFC","cuisine":"chicken","name":"KFC","source":"BAG","source:date":"2019-09-10","takeaway":"yes","id":"node/6784310972"},"geometry":{"type":"Point","coordinates":[5.6981461,51.4718619]}},{"type":"Feature","id":"node/6784310973","properties":{"addr:city":"Helmond","addr:housenumber":"75","addr:postcode":"5709BB","addr:street":"Theo Driessenhof","leisure":"playground","name":"Speeltuin de Rijpelroets","opening_hours":"Mo, Tu, Th 15:00-17:00; We, Fr, Sa 13:00-17:00","phone":"+31 492 512 331","source":"BAG","source:date":"2021-11-06","website":"https://www.speeltuinrijpelroets.nl","id":"node/6784310973"},"geometry":{"type":"Point","coordinates":[5.7058947,51.4746792]}},{"type":"Feature","id":"node/6834491525","properties":{"addr:city":"Helmond","addr:housenumber":"1","addr:postcode":"5707CD","addr:street":"Steenweg","air_conditioning":"yes","brand":"Golden Tulip","brand:wikidata":"Q19725996","internet_access":"wlan","internet_access:fee":"no","name":"Golden Tulip Hotel West-Ende","payment:cash":"yes","phone":"+31 492 524 151","rooms":"105","source":"BAG","source:date":"2014-06-06","tourism":"hotel","website":"https://west-ende.goldentulip.com/","wheelchair":"yes","id":"node/6834491525"},"geometry":{"type":"Point","coordinates":[5.6507503,51.4787142]}},{"type":"Feature","id":"node/7102291092","properties":{"access":"yes","leisure":"playground","id":"node/7102291092"},"geometry":{"type":"Point","coordinates":[5.6155912,51.4585593]}},{"type":"Feature","id":"node/7102295422","properties":{"leisure":"playground","id":"node/7102295422"},"geometry":{"type":"Point","coordinates":[5.6243064,51.4595297]}},{"type":"Feature","id":"node/7102316175","properties":{"access":"permissive","amenity":"parking","capacity":"2","capacity:disabled":"2","parking":"street_side","id":"node/7102316175"},"geometry":{"type":"Point","coordinates":[5.6098388,51.4606819]}},{"type":"Feature","id":"node/7116546254","properties":{"bus":"yes","highway":"bus_stop","name":"Piet Blomplein","public_transport":"platform","ref:IFOPT":"NL:Q:65310280","id":"node/7116546254"},"geometry":{"type":"Point","coordinates":[5.6539756,51.4809784]}},{"type":"Feature","id":"node/7398883373","properties":{"addr:city":"Helmond","addr:housenumber":"25","addr:postcode":"5707HA","addr:street":"Wesselmanlaan","amenity":"pharmacy","email":"poliapotheek@elkerliek.nl","healthcare":"pharmacy","name":"Elkerliek Apotheek","opening_hours":"Mo-Sa 08:00-18:00","phone":"+31 492 595 983","website":"https://www.elkerliek.nl/apotheek","id":"node/7398883373"},"geometry":{"type":"Point","coordinates":[5.642734,51.4819715]}},{"type":"Feature","id":"node/7398883374","properties":{"addr:city":"Helmond","addr:housenumber":"25","addr:postcode":"5707HA","addr:street":"Wesselmanlaan","amenity":"pharmacy","email":"poliapotheek@elkerliek.nl","healthcare":"pharmacy","name":"Dienstapotheek Elkerliek","opening_hours":"Mo-Fr 00:00-08:00,18:00-00:00; Sa,Su,PH 00:00-23:59","phone":"+31 492 595 983","website":"https://www.elkerliek.nl/apotheek","id":"node/7398883374"},"geometry":{"type":"Point","coordinates":[5.6427313,51.4819064]}},{"type":"Feature","id":"node/7636152583","properties":{"addr:city":"Helmond","addr:housenumber":"46A","addr:postcode":"5704EL","addr:street":"Overloop","amenity":"fast_food","cuisine":"friture","name":"Aspendos","phone":"+31 492 559 592","source":"BAG","source:date":"2014-06-04","takeaway":"only","website":"https://www.aspendoshelmond.nl","id":"node/7636152583"},"geometry":{"type":"Point","coordinates":[5.7015004,51.469769]}},{"type":"Feature","id":"node/7741067226","properties":{"bus":"yes","name":"Helmond, Piet Blomplein","public_transport":"stop_position","id":"node/7741067226"},"geometry":{"type":"Point","coordinates":[5.6539082,51.4810064]}},{"type":"Feature","id":"node/7817427074","properties":{"addr:city":"Helmond","addr:housenumber":"11","addr:postcode":"5702TC","addr:street":"Harpstraat","name":"Magnetischekabels.nl","opening_hours":"Mo-Sa 09:00-17:00","operator":"Tiverba","shop":"computer","website":"https://magnetischekabels.nl/","id":"node/7817427074"},"geometry":{"type":"Point","coordinates":[5.6667274,51.5005658]}},{"type":"Feature","id":"node/8042978072","properties":{"addr:city":"Helmond","addr:housenumber":"44","addr:postcode":"5704EH","addr:street":"Brouwhorst","brand":"Primera","brand:wikidata":"Q2176149","name":"Primera","opening_hours":"Mo-Fr 09:00-18:00; Sa 09:00-17:00","payment:cash":"yes","payment:debit_cards":"yes","phone":"+31 492 791 044","shop":"newsagent","source":"BAG","source:date":"2017-03-25","id":"node/8042978072"},"geometry":{"type":"Point","coordinates":[5.7020713,51.4699412]}},{"type":"Feature","id":"node/8043019771","properties":{"addr:city":"Helmond","addr:housenumber":"46B","addr:postcode":"5704EL","addr:street":"Overloop","amenity":"fast_food","brand":"Domino's","brand:wikidata":"Q839466","check_date":"2025-04-21","cuisine":"pizza","name":"Domino's","opening_hours":"Mo-Th 16:00-22:30; Fr 16:00-00:00; Sa 11:30-00:00; Su 11:30-22:30","phone":"+31 492 743 347","source":"BAG","takeaway":"yes","website":"https://www.dominos.nl/winkel/nl-helmondbrouwhorst-30934","id":"node/8043019771"},"geometry":{"type":"Point","coordinates":[5.7014925,51.4696853]}},{"type":"Feature","id":"node/8205681524","properties":{"bus":"yes","name":"Stiphout, Dorpsstraat/Elsdonk","public_transport":"stop_position","id":"node/8205681524"},"geometry":{"type":"Point","coordinates":[5.6229909,51.4841827]}},{"type":"Feature","id":"node/8205681525","properties":{"bench":"no","bin":"yes","bus":"yes","highway":"bus_stop","lit":"yes","name":"Dorpsstraat/Elsdonk","public_transport":"platform","ref:IFOPT":"NL:Q:65350540","shelter":"no","tactile_paving":"no","id":"node/8205681525"},"geometry":{"type":"Point","coordinates":[5.6229389,51.4841533]}},{"type":"Feature","id":"node/8205681526","properties":{"bus":"yes","name":"Stiphout, Dorpsstraat/Elsdonk","public_transport":"stop_position","id":"node/8205681526"},"geometry":{"type":"Point","coordinates":[5.6226392,51.4843989]}},{"type":"Feature","id":"node/8205681527","properties":{"bench":"no","bin":"yes","bus":"yes","highway":"bus_stop","lit":"yes","name":"Dorpsstraat/Elsdonk","public_transport":"platform","ref:IFOPT":"NL:Q:65350530","shelter":"no","tactile_paving":"no","id":"node/8205681527"},"geometry":{"type":"Point","coordinates":[5.6226862,51.4844311]}},{"type":"Feature","id":"node/8455578739","properties":{"amenity":"parking","id":"node/8455578739"},"geometry":{"type":"Point","coordinates":[5.5965451,51.4848584]}},{"type":"Feature","id":"node/8808958173","properties":{"addr:city":"Helmond","addr:housenumber":"165A","addr:postcode":"5706AL","addr:street":"Hoofdstraat","name":"Telefoonmaken Helmond","opening_hours":"Mo 12:00-18:00; Tu-Th 10:00-18:00; Fr 10:00-17:30; Sa 10:00-17:00","phone":"+31 492 777 664","shop":"mobile_phone","website":"https://www.telefoonmaken.nl/telefoonmaken-helmond/","id":"node/8808958173"},"geometry":{"type":"Point","coordinates":[5.6343395,51.4676401]}},{"type":"Feature","id":"node/8872690065","properties":{"bus":"yes","fixme":"locatie geschat","name":"Helmond, Berenbroek","public_transport":"stop_position","id":"node/8872690065"},"geometry":{"type":"Point","coordinates":[5.6085459,51.4680069]}},{"type":"Feature","id":"node/8872690066","properties":{"bus":"yes","fixme":"locatie geschat","name":"Helmond, Berenbroek","public_transport":"stop_position","id":"node/8872690066"},"geometry":{"type":"Point","coordinates":[5.6085468,51.4678816]}},{"type":"Feature","id":"node/8872690067","properties":{"bus":"yes","fixme":"locatie geschat","highway":"bus_stop","name":"Berenbroek","public_transport":"platform","id":"node/8872690067"},"geometry":{"type":"Point","coordinates":[5.6084801,51.4678782]}},{"type":"Feature","id":"node/8872690068","properties":{"bus":"yes","fixme":"locatie geschat","highway":"bus_stop","name":"Berenbroek","public_transport":"platform","id":"node/8872690068"},"geometry":{"type":"Point","coordinates":[5.6086074,51.4680122]}},{"type":"Feature","id":"node/9164833794","properties":{"addr:city":"Helmond","addr:housenumber":"4","addr:postcode":"5701PH","addr:street":"Binnen Parallelweg","amenity":"fast_food","cuisine":"sandwich","indoor_seating":"yes","name":"TWO-B Helmond","outdoor_seating":"no","source":"BAG","source:date":"2021-10-11","id":"node/9164833794"},"geometry":{"type":"Point","coordinates":[5.6575592,51.4747139]}},{"type":"Feature","id":"node/9215590144","properties":{"access":"yes","leisure":"playground","id":"node/9215590144"},"geometry":{"type":"Point","coordinates":[5.611933,51.4592758]}},{"type":"Feature","id":"node/9232909232","properties":{"addr:city":"Helmond","addr:housenumber":"95","addr:postcode":"5701NS","addr:street":"Zuid Koninginnewal","branch":"Helmond","brand":"Goudwisselkantoor","brand:website":"https://www.goudwisselkantoor.nl/","brand:wikidata":"Q123943113","email":"helmond@goudwisselkantoor.nl","name":"Goudwisselkantoor","opening_hours":"Mo-Fr 09:30-17:30; Sa 09:30-17:00","payment:cash":"yes","phone":"+31 492 74 60 05","shop":"gold_buyer","source":"BAG","source:date":"2021-11-07","website":"https://www.goudwisselkantoor.nl/kantoor/helmond/","wheelchair":"yes","id":"node/9232909232"},"geometry":{"type":"Point","coordinates":[5.6574779,51.4787684]}},{"type":"Feature","id":"node/9382166089","properties":{"access":"yes","leisure":"playground","id":"node/9382166089"},"geometry":{"type":"Point","coordinates":[5.609552,51.4537246]}},{"type":"Feature","id":"node/9517888754","properties":{"amenity":"parking","description":"Вдоль дороги фуры стоят ночью.","hgv":"designated","id":"node/9517888754"},"geometry":{"type":"Point","coordinates":[5.7068881,51.4514663]}},{"type":"Feature","id":"node/9517907133","properties":{"amenity":"parking","hgv":"yes","id":"node/9517907133"},"geometry":{"type":"Point","coordinates":[5.7011985,51.4426195]}},{"type":"Feature","id":"node/9707702924","properties":{"access":"yes","leisure":"playground","id":"node/9707702924"},"geometry":{"type":"Point","coordinates":[5.653658,51.4815648]}},{"type":"Feature","id":"node/9722596745","properties":{"bus":"yes","name":"Helmond, Ruusbroeclaan","public_transport":"stop_position","id":"node/9722596745"},"geometry":{"type":"Point","coordinates":[5.6659954,51.4913267]}},{"type":"Feature","id":"node/9722596746","properties":{"bus":"yes","name":"Helmond, Ruusbroeclaan","public_transport":"stop_position","id":"node/9722596746"},"geometry":{"type":"Point","coordinates":[5.6660716,51.4912245]}},{"type":"Feature","id":"node/9727727766","properties":{"addr:city":"Helmond","addr:housenumber":"1","addr:postcode":"5701RE","addr:street":"Burgemeester Geukerspark","amenity":"restaurant","branch":"Helmond","brand":"De Beren","brand:website":"https://www.beren.nl","brand:wikidata":"Q57076079","cuisine":"burger;chicken;grill","diet:vegetarian":"yes","name":"De Beren","opening_hours":"Mo-Su 11:00-22:00","phone":"+31 492 760257","source":"BAG","source:date":"2022-05-09","website":"https://www.beren.nl/vestigingen/helmond","id":"node/9727727766"},"geometry":{"type":"Point","coordinates":[5.6527871,51.4802322]}},{"type":"Feature","id":"node/9858514313","properties":{"addr:city":"Helmond","addr:housenumber":"2","addr:postcode":"5701PH","addr:street":"Binnen Parallelweg","name":"Accordeoncollectie","opening_hours":"Fr,Sa 13:30-17:00; Su[1] 12:00-17:00","tourism":"museum","website":"https://accordeonshelmond.nl/","wheelchair":"yes","id":"node/9858514313"},"geometry":{"type":"Point","coordinates":[5.6588128,51.4749593]}},{"type":"Feature","id":"node/9858514314","properties":{"addr:city":"Helmond","addr:housenumber":"2","addr:postcode":"5701PH","addr:street":"Binnen Parallelweg","fee":"yes","name":"Draaiorgelmuseum","opening_hours":"Fr,Sa 13:30-17:00; Su[1] 12:00-17:00","tourism":"museum","website":"https://www.draaiorgelshelmond.nl/","wheelchair":"yes","id":"node/9858514314"},"geometry":{"type":"Point","coordinates":[5.6585996,51.4749158]}},{"type":"Feature","id":"node/9885608955","properties":{"leisure":"playground","id":"node/9885608955"},"geometry":{"type":"Point","coordinates":[5.6182899,51.4636383]}},{"type":"Feature","id":"node/10114437901","properties":{"bus":"yes","name":"Helmond, Sterrenlaan","public_transport":"stop_position","id":"node/10114437901"},"geometry":{"type":"Point","coordinates":[5.6698145,51.498557]}},{"type":"Feature","id":"node/10278221284","properties":{"access":"yes","leisure":"playground","id":"node/10278221284"},"geometry":{"type":"Point","coordinates":[5.6215884,51.4594862]}},{"type":"Feature","id":"node/10542479690","properties":{"brand":"Revolution Laundry","brand:wikidata":"Q113516904","name":"Revolution Laundry","self_service":"yes","shop":"laundry","id":"node/10542479690"},"geometry":{"type":"Point","coordinates":[5.6334859,51.4727574]}},{"type":"Feature","id":"node/10543131425","properties":{"amenity":"parking","id":"node/10543131425"},"geometry":{"type":"Point","coordinates":[5.6596344,51.483083]}},{"type":"Feature","id":"node/10593886481","properties":{"addr:city":"Helmond","addr:housenumber":"3","addr:postcode":"5702HN","addr:street":"Uranuslaan","name":"Hair Movement","opening_hours":"Tu-Fr 08:00-20:00; Sa 08:00-16:00","phone":"+31 6 57693627","shop":"hairdresser","unisex":"yes","website":"https://www.hair-movement.nl/","id":"node/10593886481"},"geometry":{"type":"Point","coordinates":[5.6697555,51.4979681]}},{"type":"Feature","id":"node/10593943021","properties":{"leisure":"playground","id":"node/10593943021"},"geometry":{"type":"Point","coordinates":[5.6710693,51.4969593]}},{"type":"Feature","id":"node/10602389649","properties":{"addr:city":"Helmond","addr:housenumber":"46","addr:postcode":"5706VT","addr:street":"Mahoniehoutstraat","female":"yes","name":"Haarfijn bij Inge","payment:apple_pay":"yes","payment:cards":"yes","payment:cash":"yes","shop":"hairdresser","id":"node/10602389649"},"geometry":{"type":"Point","coordinates":[5.6381624,51.4645012]}},{"type":"Feature","id":"node/10632534699","properties":{"leisure":"playground","id":"node/10632534699"},"geometry":{"type":"Point","coordinates":[5.6653155,51.4983957]}},{"type":"Feature","id":"node/10673012635","properties":{"addr:city":"Helmond","addr:housenumber":"29","addr:postcode":"5702HW","addr:street":"Nieuwveld","email":"info@nakayfashion.nl","name":"Nakay Fashion","opening_hours":"Tu-Sa 10:00-17:00","phone":"+31 6 34186337","shop":"clothes","website":"https://www.nakayfashion.nl/","id":"node/10673012635"},"geometry":{"type":"Point","coordinates":[5.6679651,51.4953048]}},{"type":"Feature","id":"node/10673602587","properties":{"addr:city":"Helmond","addr:housenumber":"116A","addr:postcode":"5708ZZ","addr:street":"Laan door de Veste","female":"yes","male":"yes","name":"Mooi Brandevoort","opening_hours":"Mo 09:00-13:00; Tu, Th 09:00-17:00; We 09:00-21:00; Fr 09:00-20:00; Sa 08:30-14:30","phone":"+31 492 847343","shop":"hairdresser","source":"BAG","source:date":"2023-02-17","website":"https://mooibrandevoort.nl","id":"node/10673602587"},"geometry":{"type":"Point","coordinates":[5.6098976,51.4600123]}},{"type":"Feature","id":"node/10732842966","properties":{"leisure":"playground","id":"node/10732842966"},"geometry":{"type":"Point","coordinates":[5.6692117,51.5002902]}},{"type":"Feature","id":"node/10748578832","properties":{"leisure":"playground","id":"node/10748578832"},"geometry":{"type":"Point","coordinates":[5.6696006,51.4936552]}},{"type":"Feature","id":"node/10748578833","properties":{"leisure":"pitch","sport":"table_tennis","id":"node/10748578833"},"geometry":{"type":"Point","coordinates":[5.66968,51.4937737]}},{"type":"Feature","id":"node/10748578834","properties":{"leisure":"pitch","sport":"table_tennis","id":"node/10748578834"},"geometry":{"type":"Point","coordinates":[5.66968,51.4937254]}},{"type":"Feature","id":"node/11003258425","properties":{"brand":"Ekoplaza","brand:wikidata":"Q47017915","name":"Ekoplaza","organic":"only","shop":"supermarket","id":"node/11003258425"},"geometry":{"type":"Point","coordinates":[5.6495573,51.4791731]}},{"type":"Feature","id":"node/11137051192","properties":{"addr:city":"Helmond","addr:housenumber":"4","addr:postcode":"5708SL","addr:street":"Hulshoeve","amenity":"school","education":"school","email":"info@mondorijk.nl","isced:level":"0;1","name":"Mondorijk","operator":"QliQ","operator:website":"https://qliqprimair.nl","operator:wikidata":"Q121765299","school":"primary","website":"https://www.mondorijk.nl","id":"node/11137051192"},"geometry":{"type":"Point","coordinates":[5.6066795,51.4558259]}},{"type":"Feature","id":"node/11365110563","properties":{"addr:city":"Helmond","addr:housenumber":"149","addr:postcode":"5707CL","addr:street":"Europaweg","brand":"Esso Snack & Shop","brand:wikidata":"Q129172583","name":"Esso Snack & Shop","phone":"+31 76 799 6661","shop":"convenience","website":"https://www.esso.nl/nl-nl/find-station/esso-helmond-essoeurpawegzuid-100175292","id":"node/11365110563"},"geometry":{"type":"Point","coordinates":[5.6353398,51.4751147]}},{"type":"Feature","id":"node/11365110564","properties":{"addr:city":"Helmond","addr:housenumber":"150D","addr:postcode":"5707CL","addr:street":"Europaweg","brand":"Esso Snack & Shop","brand:wikidata":"Q129172583","name":"Esso Snack & Shop","phone":"+31 76 799 6660","shop":"convenience","source":"BAG","source:date":"2024-05-15","website":"https://www.esso.nl/nl-nl/find-station/esso-helmond-essoeuropawegnoord-100175363","id":"node/11365110564"},"geometry":{"type":"Point","coordinates":[5.6345231,51.4753312]}},{"type":"Feature","id":"node/11365110565","properties":{"addr:city":"Helmond","addr:housenumber":"200B","addr:postcode":"5705AJ","addr:street":"Engelseweg","branch":"Helmond","brand":"SPAR express","brand:website":"https://www.spar.nl/express/","brand:wikidata":"Q12321004","name":"SPAR express","opening_hours":"Mo-Fr 06:00-18:30; Sa 07:00-18:00; Su 10:00-17:00","operator":"EG Group","operator:wikidata":"Q30638435","phone":"+31 492 799808","shop":"convenience","website":"https://www.spar.nl/winkels/spar-express-helmond-529/","id":"node/11365110565"},"geometry":{"type":"Point","coordinates":[5.6745753,51.4733951]}},{"type":"Feature","id":"node/11384633080","properties":{"addr:city":"Helmond","addr:housenumber":"3","addr:postcode":"5701RW","addr:street":"Elzaspassage","amenity":"restaurant","email":"info@brasseriekopofmunt.nl","indoor_seating":"yes","name":"Kop of Munt","opening_hours":"Mo-Th 10:00-17:00; Fr 10:00-20:00; Sa 09:00-17:00","outdoor_seating":"yes","phone":"+31 492 527 112","source":"BAG","source:date":"2023-11-29","website":"https://www.lunchcafekopofmunt.nl/","id":"node/11384633080"},"geometry":{"type":"Point","coordinates":[5.6541532,51.4801894]}},{"type":"Feature","id":"node/11384633085","properties":{"addr:city":"Helmond","addr:housenumber":"1","addr:postcode":"5701RW","addr:street":"Elzaspassage","name":"DERE","opening_hours":"Mo 13:00-18:00; Tu-Fr 09:30-18:00; Sa 09:30-17:00","phone":"+31 492 525 257","shop":"dry_cleaning","source":"BAG","source:date":"2023-11-29","website":"https://elzaspassage.nl/winkels/dere-kledingreparatie/","id":"node/11384633085"},"geometry":{"type":"Point","coordinates":[5.654085,51.4802396]}},{"type":"Feature","id":"node/11384633088","properties":{"addr:city":"Helmond","addr:housenumber":"100","addr:postcode":"5702NW","addr:street":"Kanaaldijk N.O.","email":"helmond-kanaaldijk@1box.nl","name":"1Box Self Storage","phone":"+31 492 202016","shop":"storage_rental","source":"BAG","source:date":"2023-11-29","website":"https://www.1box.nl/opslaglocaties/helmond-kanaaldijk/","id":"node/11384633088"},"geometry":{"type":"Point","coordinates":[5.6527768,51.4870945]}},{"type":"Feature","id":"node/11385131160","properties":{"addr:city":"Helmond","addr:housenumber":"16","addr:postcode":"5702XZ","addr:street":"Rembrandtlaan","fee":"yes","leisure":"sports_centre","name":"Zwembad De Braak","opening_hours":"Mo,Fr 07:00-22:00; Tu-Th 08:00-22:00; Sa-Su 08:00-17:00","operator":"Optisport","operator:type":"business","source":"BAG","source:date":"2023-11-30","sport":"swimming","website":"https://www.optisport.nl/zwembad-de-braak","id":"node/11385131160"},"geometry":{"type":"Point","coordinates":[5.6760375,51.4870961]}},{"type":"Feature","id":"node/11618147684","properties":{"bus":"yes","fixme":"locatie geschat","highway":"bus_stop","name":"BZOB/Heibloemweg","public_transport":"platform","ref:IFOPT":"NL:Q:65430380","id":"node/11618147684"},"geometry":{"type":"Point","coordinates":[5.7078244,51.4496016]}},{"type":"Feature","id":"node/11618147685","properties":{"bus":"yes","fixme":"locatie geschat","highway":"bus_stop","name":"BZOB/Heibloemweg","public_transport":"platform","ref:IFOPT":"NL:Q:65430370","id":"node/11618147685"},"geometry":{"type":"Point","coordinates":[5.7078188,51.4494932]}},{"type":"Feature","id":"node/11632245265","properties":{"addr:city":"Helmond","addr:housenumber":"21","addr:postcode":"5709AH","addr:street":"Deurneseweg","branch":"De Nieuwe Aa","brand":"Café Bonjour","brand:wikidata":"Q110278299","name":"Café Bonjour","opening_hours":"Mo-Fr 06:00-23:00; Sa 08:00-23:00; 09:00-23:00","phone":"+31 492 516000","shop":"convenience","id":"node/11632245265"},"geometry":{"type":"Point","coordinates":[5.6966745,51.4721354]}},{"type":"Feature","id":"node/11660844968","properties":{"addr:city":"Helmond","addr:country":"NL","addr:housenumber":"11","addr:postcode":"5705BX","addr:street":"Lage Dijk","amenity":"fuel","brand":"Sakko","fixme":"exacte locatie","name":"Sakko","opening_hours":"24/7","operator":"Sakko","operator:wikidata":"Q124654352","payment:maestro":"no","website":"https://www.sakkocommercial.nl/station/helmond/","id":"node/11660844968"},"geometry":{"type":"Point","coordinates":[5.6777467,51.4716676]}},{"type":"Feature","id":"node/11727682579","properties":{"name":"Toko 't Vogelnestje","shop":"convenience","id":"node/11727682579"},"geometry":{"type":"Point","coordinates":[5.6571529,51.4804861]}},{"type":"Feature","id":"node/11822007356","properties":{"leisure":"playground","id":"node/11822007356"},"geometry":{"type":"Point","coordinates":[5.6037383,51.4606712]}},{"type":"Feature","id":"node/11832934962","properties":{"access":"customers","amenity":"fast_food","delivery":"no","indoor_seating":"yes","level":"0","name":"Ciska's Catering","operator":"Ciska's Catering","outdoor_seating":"yes","id":"node/11832934962"},"geometry":{"type":"Point","coordinates":[5.7109946,51.4703937]}},{"type":"Feature","id":"node/11834498677","properties":{"amenity":"cafe","name":"Oma's Appel fabriek","id":"node/11834498677"},"geometry":{"type":"Point","coordinates":[5.6729818,51.490955]}},{"type":"Feature","id":"node/11834572486","properties":{"addr:city":"Helmond","addr:housenumber":"16","addr:postcode":"5706LG","addr:street":"Goorsebaan","name":"Appelboer Jurrius","opening_hours":"Tu 13:00-17:30; Sa 08:30-16:30","shop":"farm","website":"https://appelboer.nl/","id":"node/11834572486"},"geometry":{"type":"Point","coordinates":[5.6583875,51.4641145]}},{"type":"Feature","id":"node/11925184127","properties":{"amenity":"place_of_worship","email":"info@alfadjr.nl","name":"Al Fadjr","phone":"+31 492 520382","religion":"muslim","website":"https://www.alfadjr.nl/","id":"node/11925184127"},"geometry":{"type":"Point","coordinates":[5.6575073,51.4770979]}},{"type":"Feature","id":"node/12018860985","properties":{"amenity":"place_of_worship","denomination":"evangelical","name":"Evangelische Gemeente Helmond","religion":"christian","website":"https://www.evangelischegemeentehelmond.nl/","id":"node/12018860985"},"geometry":{"type":"Point","coordinates":[5.700596,51.46608]}},{"type":"Feature","id":"node/12018877476","properties":{"addr:city":"Helmond","addr:housenumber":"43","addr:postcode":"5701BC","addr:street":"Willem Prinzenstraat","amenity":"place_of_worship","name":"Joshua Gemeente Helmond","religion":"christian","website":"https://www.joshuagemeente.nl/","id":"node/12018877476"},"geometry":{"type":"Point","coordinates":[5.6706405,51.4838028]}},{"type":"Feature","id":"node/12031690899","properties":{"addr:city":"Helmond","addr:housenumber":"206","addr:postcode":"5707AT","addr:street":"Mierloseweg","name":"Shell Verbakel","opening_hours":"Mo-Fr 07:00-20:00; Sa 08:00-20:00; Su 09:00-20:00","operator":"Verbakel","phone":"+31 492 522 868","shop":"convenience","website":"https://find.shell.com/nl/fuel/10030516-shell-verbakel-helmond","id":"node/12031690899"},"geometry":{"type":"Point","coordinates":[5.634151,51.4725653]}},{"type":"Feature","id":"node/12064892605","properties":{"amenity":"parking","id":"node/12064892605"},"geometry":{"type":"Point","coordinates":[5.6873495,51.4766401]}},{"type":"Feature","id":"node/12064892606","properties":{"amenity":"parking","id":"node/12064892606"},"geometry":{"type":"Point","coordinates":[5.687431,51.4758616]}},{"type":"Feature","id":"node/12064892607","properties":{"amenity":"parking","id":"node/12064892607"},"geometry":{"type":"Point","coordinates":[5.6877288,51.4750619]}},{"type":"Feature","id":"node/12074165824","properties":{"access":"yes","leisure":"playground","id":"node/12074165824"},"geometry":{"type":"Point","coordinates":[5.5983512,51.4571979]}},{"type":"Feature","id":"node/12334335876","properties":{"leisure":"park","name":"Keiebijtersbos","id":"node/12334335876"},"geometry":{"type":"Point","coordinates":[5.6407716,51.4878186]}},{"type":"Feature","id":"node/12337553352","properties":{"amenity":"restaurant","diet:vegetarian":"yes","indoor_seating":"yes","name":"Rest-o-Ricus","opening_hours":"Mo 11:00-18:00; Tu-Th 10:00-18:00; Fr 10:00-21:00; Sa 09:30-17:30; Su 12:00-17:30","outdoor_seating":"yes","website":"https://rest-o-ricus.nl","id":"node/12337553352"},"geometry":{"type":"Point","coordinates":[5.6560654,51.4788753]}},{"type":"Feature","id":"node/12337553353","properties":{"addr:city":"Helmond","addr:housenumber":"33","addr:postcode":"5707CB","addr:street":"Kromme Steenweg","amenity":"cafe","indoor_seating":"yes","internet_access":"wlan","name":"Koffieboetiek","opening_hours":"Tu-Sa 09:00-16:00","outdoor_seating":"no","website":"https://www.koffieboetiekhelmond.nl","id":"node/12337553353"},"geometry":{"type":"Point","coordinates":[5.6495047,51.4790941]}},{"type":"Feature","id":"node/12507805907","properties":{"addr:city":"Helmond","addr:housenumber":"2","addr:postcode":"5701PJ","addr:street":"Groenewoud","amenity":"police","fax":"+31 492 561 399","name":"Politiebureau Helmond","opening_hours":"Mo-Su 09:00-17:00","operator":"Nationale Politie","operator:wikidata":"Q1920305","phone:NL":"0900 8844","politie:basisteam":"Peelland","politie:district":"Helmond","politie:eenheid":"Oost-Brabant","source":"BAG","source:date":"2025-01-16","website":"https://www.politie.nl/mijn-buurt/politiebureaus/09/helmond-kasteel-traverse.html","id":"node/12507805907"},"geometry":{"type":"Point","coordinates":[5.6568548,51.4757848]}},{"type":"Feature","id":"node/12722624683","properties":{"name":"Quality Bike Service Helmond","phone":"+31 6 11436314","service:bicycle:repair":"yes","service:bicycle:retail":"yes","shop":"bicycle","website":"https://fietsenmakerhelmond.nl/","id":"node/12722624683"},"geometry":{"type":"Point","coordinates":[5.6737705,51.4817635]}},{"type":"Feature","id":"node/12766792363","properties":{"addr:city":"Helmond","addr:housenumber":"15","addr:postcode":"5708HZ","addr:street":"Schootense Dreef","amenity":"college","description":"Brainport Human Campus","education":"college","email":"info@ter-aa.nl","isced:level":"3;4","name":"Ter AA","old_name":"ROC ter AA","phone":"+31 492 507 900","school":"tertiary","website":"https://ter-aa.nl","wikidata":"Q2718667","wikipedia":"nl:ROC Ter AA","id":"node/12766792363"},"geometry":{"type":"Point","coordinates":[5.6250724,51.4772886]}},{"type":"Feature","id":"node/12892626135","properties":{"addr:city":"Helmond","addr:housenumber":"1","addr:postcode":"5701SH","addr:street":"Torenstraat","amenity":"fast_food","branch":"Helmond","brand":"Kipperij","brand:website":"https://www.kipperij.nl","brand:wikidata":"Q134722152","cuisine":"chicken","name":"Kipperij","note":"opening medio juni","opening_hours":"Mo,Su 11:00-20:00; Tu-Sa 09:00-20:00","phone":"+31 492 435 005","website":"https://www.kipperij.nl/vestiging/helmond/","id":"node/12892626135"},"geometry":{"type":"Point","coordinates":[5.65399,51.4840058]}},{"type":"Feature","id":"node/12923084905","properties":{"addr:city":"Helmond","addr:housenumber":"1","addr:postcode":"5701SH","addr:street":"Torenstraat","branch":"Helmond","email":"jungerius.helmond@gmail.com","name":"Jungerius Flowers","opening_hours":"Mo-Sa 08:00-20:30; Su 09:00-20:00","phone":"+31 492 549 773","shop":"florist","website":"https://www.jungeriusflowers.nl","id":"node/12923084905"},"geometry":{"type":"Point","coordinates":[5.6534128,51.4840625]}},{"type":"Feature","id":"node/13065120923","properties":{"branch":"Helmond","brand":"Kiosk","brand:website":"https://www.kioskophetstation.nl","brand:wikidata":"Q109186217","name":"Kiosk","operator":"NS Stations","operator:website":"https://www.nsstations.nl","operator:wikidata":"Q2249580","shop":"kiosk","website":"https://www.kioskophetstation.nl","id":"node/13065120923"},"geometry":{"type":"Point","coordinates":[5.6616269,51.4756002]}},{"type":"Feature","id":"node/13087107170","properties":{"access":"yes","leisure":"playground","id":"node/13087107170"},"geometry":{"type":"Point","coordinates":[5.6111377,51.4541733]}},{"type":"Feature","id":"node/13087107171","properties":{"access":"yes","leisure":"playground","id":"node/13087107171"},"geometry":{"type":"Point","coordinates":[5.6104274,51.4533674]}},{"type":"Feature","id":"node/13087107172","properties":{"leisure":"playground","id":"node/13087107172"},"geometry":{"type":"Point","coordinates":[5.6152979,51.4504125]}},{"type":"Feature","id":"node/13087107173","properties":{"leisure":"playground","id":"node/13087107173"},"geometry":{"type":"Point","coordinates":[5.6195324,51.4561622]}},{"type":"Feature","id":"node/13430518460","properties":{"bus":"yes","highway":"bus_stop","name":"Achterdijk","public_transport":"platform","ref:IFOPT":"NL:Q:65430450","zone":"6531","id":"node/13430518460"},"geometry":{"type":"Point","coordinates":[5.6904266,51.4630806]}},{"type":"Feature","id":"node/13430518461","properties":{"bus":"yes","highway":"bus_stop","name":"Achterdijk","public_transport":"platform","ref:IFOPT":"NL:Q:65430460","zone":"6531","id":"node/13430518461"},"geometry":{"type":"Point","coordinates":[5.6901602,51.463629]}},{"type":"Feature","id":"node/13430518463","properties":{"bus":"yes","name":"Helmond, Achterdijk","public_transport":"stop_position","id":"node/13430518463"},"geometry":{"type":"Point","coordinates":[5.6901145,51.463628]}},{"type":"Feature","id":"node/13640423184","properties":{"name":"Prinssen Hairlounge","shop":"hairdresser","id":"node/13640423184"},"geometry":{"type":"Point","coordinates":[5.6550337,51.4782825]}},{"type":"Feature","id":"node/13640423185","properties":{"amenity":"pub","name":"de Vijfhoeck","id":"node/13640423185"},"geometry":{"type":"Point","coordinates":[5.6550428,51.4783803]}},{"type":"Feature","id":"node/13774433110","properties":{"addr:city":"Helmond","addr:housenumber":"5","addr:postcode":"5709CD","addr:street":"Wederhof","amenity":"fast_food","cuisine":"friture","name":"Cafetaria Olaf & Christel","website":"https://www.e-food.nl/skin/basic/helmond/cafetaria-olaf--christel/start","id":"node/13774433110"},"geometry":{"type":"Point","coordinates":[5.7065856,51.4762563]}},{"type":"Feature","id":"node/13818309608","properties":{"bus":"yes","highway":"bus_stop","name":"Zoerbeemden","public_transport":"platform","ref:IFOPT":"NL:Q:65180001","id":"node/13818309608"},"geometry":{"type":"Point","coordinates":[5.6166068,51.4575583]}},{"type":"Feature","id":"node/13818309610","properties":{"bus":"yes","highway":"bus_stop","name":"Pundershoeve","public_transport":"platform","ref:IFOPT":"NL:Q:65180002","id":"node/13818309610"},"geometry":{"type":"Point","coordinates":[5.6121288,51.4510772]}},{"type":"Feature","id":"node/13818309612","properties":{"bus":"yes","highway":"bus_stop","name":"Sleedoornpad","public_transport":"platform","ref:IFOPT":"NL:Q:65350001","id":"node/13818309612"},"geometry":{"type":"Point","coordinates":[5.6115089,51.4858466]}},{"type":"Feature","id":"node/13818309613","properties":{"bus":"yes","highway":"bus_stop","name":"Schutsboom","public_transport":"platform","ref:IFOPT":"NL:Q:65180004","id":"node/13818309613"},"geometry":{"type":"Point","coordinates":[5.6227867,51.4617527]}},{"type":"Feature","id":"node/13818309614","properties":{"bus":"yes","highway":"bus_stop","name":"Abendonk","public_transport":"platform","ref:IFOPT":"NL:Q:65180003","id":"node/13818309614"},"geometry":{"type":"Point","coordinates":[5.6007272,51.4586401]}},{"type":"Feature","id":"node/13818309615","properties":{"bus":"yes","highway":"bus_stop","name":"Station Brandevoort","public_transport":"platform","ref:IFOPT":"NL:Q:65313020","id":"node/13818309615"},"geometry":{"type":"Point","coordinates":[5.6091907,51.4621928]}},{"type":"Feature","id":"node/13818309616","properties":{"bus":"yes","highway":"bus_stop","name":"Schrijvershoeve","public_transport":"platform","ref:IFOPT":"NL:Q:65181160","id":"node/13818309616"},"geometry":{"type":"Point","coordinates":[5.6091057,51.4565661]}},{"type":"Feature","id":"node/13818309636","properties":{"bus":"yes","highway":"bus_stop","name":"Station 't Hout zuidzijde","public_transport":"platform","ref:IFOPT":"NL:Q:65310006","id":"node/13818309636"},"geometry":{"type":"Point","coordinates":[5.6312648,51.4676138]}},{"type":"Feature","id":"node/13818309638","properties":{"bus":"yes","highway":"bus_stop","name":"Beethovenlaan","public_transport":"platform","ref:IFOPT":"NL:Q:65310003","id":"node/13818309638"},"geometry":{"type":"Point","coordinates":[5.6490501,51.4896785]}},{"type":"Feature","id":"node/13818309639","properties":{"bus":"yes","highway":"bus_stop","name":"Station Brouwhuis","public_transport":"platform","ref:IFOPT":"NL:Q:65430002","id":"node/13818309639"},"geometry":{"type":"Point","coordinates":[5.7009138,51.4709619]}},{"type":"Feature","id":"node/13818309640","properties":{"bus":"yes","highway":"bus_stop","name":"Ten Hoesschot","public_transport":"platform","ref:IFOPT":"NL:Q:65310005","id":"node/13818309640"},"geometry":{"type":"Point","coordinates":[5.6365887,51.456942]}},{"type":"Feature","id":"node/13818309641","properties":{"bus":"yes","highway":"bus_stop","name":"Cortenbachstraat","public_transport":"platform","ref:IFOPT":"NL:Q:65310001","id":"node/13818309641"},"geometry":{"type":"Point","coordinates":[5.6424484,51.4730011]}},{"type":"Feature","id":"node/13818309642","properties":{"bus":"yes","highway":"bus_stop","name":"Rietbeemdweg","public_transport":"platform","ref:IFOPT":"NL:Q:65310004","id":"node/13818309642"},"geometry":{"type":"Point","coordinates":[5.6672854,51.467416]}},{"type":"Feature","id":"node/13818309645","properties":{"bus":"yes","highway":"bus_stop","name":"Boerhaavelaan","public_transport":"platform","ref:IFOPT":"NL:Q:65310007","id":"node/13818309645"},"geometry":{"type":"Point","coordinates":[5.6382457,51.4782416]}},{"type":"Feature","id":"node/13818309647","properties":{"bus":"yes","highway":"bus_stop","name":"Heistraat","public_transport":"platform","ref:IFOPT":"NL:Q:65310150","id":"node/13818309647"},"geometry":{"type":"Point","coordinates":[5.66406,51.4836843]}},{"type":"Feature","id":"node/13818309649","properties":{"bus":"yes","highway":"bus_stop","name":"Maisdijk","public_transport":"platform","ref:IFOPT":"NL:Q:65430001","id":"node/13818309649"},"geometry":{"type":"Point","coordinates":[5.7022215,51.4436416]}},{"type":"Feature","id":"node/13818309650","properties":{"bus":"yes","highway":"bus_stop","name":"Parkzicht","public_transport":"platform","ref:IFOPT":"NL:Q:65410001","id":"node/13818309650"},"geometry":{"type":"Point","coordinates":[5.6929703,51.4946952]}},{"type":"Feature","id":"node/13909153636","properties":{"addr:city":"Helmond","addr:housenumber":"7","addr:postcode":"5705DK","addr:street":"Varenschut","amenity":"car_rental","branch":"Helmond - Varenschut","brand":"Oscar Autoverhuur","brand:website":"https://oscar.nl","brand:wikidata":"Q130349057","contact:facebook":"https://www.facebook.com/OscarAutoverhuur/","email":"info@oscar.nl","name":"Oscar Autoverhuur","opening_hours":"Mo-Fr 09:00-16:30; Sa 09:00-16:00","operator":"Oscar Autoverhuur","payment:contactless":"yes","payment:credit_cards":"yes","payment:debit_cards":"yes","payment:mastercard":"yes","payment:visa":"yes","website":"https://oscar.nl/locaties/helmond-varenschut","id":"node/13909153636"},"geometry":{"type":"Point","coordinates":[5.6923503,51.4627219]}},{"type":"Feature","id":"node/13926839946","properties":{"bus":"yes","highway":"bus_stop","name":"Kortenaerstraat","public_transport":"platform","ref:IFOPT":"NL:Q:65310510","id":"node/13926839946"},"geometry":{"type":"Point","coordinates":[5.6798247,51.4765102]}},{"type":"Feature","id":"node/13926839948","properties":{"bus":"yes","highway":"bus_stop","name":"Wethouder van Wellaan","public_transport":"platform","ref:IFOPT":"NL:Q:65310460","id":"node/13926839948"},"geometry":{"type":"Point","coordinates":[5.6761765,51.4836647]}},{"type":"Feature","id":"node/13926839949","properties":{"bus":"yes","highway":"bus_stop","name":"Wethouder van Wellaan","public_transport":"platform","ref:IFOPT":"NL:Q:65310470","id":"node/13926839949"},"geometry":{"type":"Point","coordinates":[5.6761075,51.4833994]}},{"type":"Feature","id":"node/13926839950","properties":{"bus":"yes","name":"Helmond, Wethouder van Wellaan","public_transport":"stop_position","id":"node/13926839950"},"geometry":{"type":"Point","coordinates":[5.6761511,51.4833929]}},{"type":"Feature","id":"node/13979996647","properties":{"bus":"yes","highway":"bus_stop","name":"Veestraatbrug","public_transport":"platform","ref:IFOPT":"NL:Q:65310060","id":"node/13979996647"},"geometry":{"type":"Point","coordinates":[5.6513734,51.4786027]}},{"type":"Feature","id":"node/13979996648","properties":{"bus":"yes","name":"Helmond, Veestraatbrug","public_transport":"stop_position","id":"node/13979996648"},"geometry":{"type":"Point","coordinates":[5.6514297,51.4786052]}},{"type":"Feature","id":"node/13979996649","properties":{"bus":"yes","highway":"bus_stop","name":"Veestraatbrug","public_transport":"platform","ref:IFOPT":"NL:Q:65310050","id":"node/13979996649"},"geometry":{"type":"Point","coordinates":[5.6514673,51.4792675]}},{"type":"Feature","id":"node/13979996650","properties":{"bus":"yes","name":"Helmond, Veestraatbrug","public_transport":"stop_position","id":"node/13979996650"},"geometry":{"type":"Point","coordinates":[5.6514179,51.4792651]}},{"type":"Feature","id":"node/14022125664","properties":{"name":"D-reizen","shop":"travel_agency","id":"node/14022125664"},"geometry":{"type":"Point","coordinates":[5.6551506,51.4789811]}},{"type":"Feature","id":"node/14022147022","properties":{"name":"eye wish","shop":"optician","id":"node/14022147022"},"geometry":{"type":"Point","coordinates":[5.6547649,51.4788548]}},{"type":"Feature","id":"node/14058674667","properties":{"addr:city":"Helmond","addr:housenumber":"24-26","addr:postcode":"5701RX","addr:street":"Elzaspassage","branch":"Helmond - Elzaspassage","brand":"VILA","brand:website":"https://www.vila.com","brand:wikidata":"Q12340378","clothes":"women","name":"VILA","shop":"clothes","website":"https://www.vila.com","id":"node/14058674667"},"geometry":{"type":"Point","coordinates":[5.6544894,51.4792137]}},{"type":"Feature","id":"node/14099488616","properties":{"amenity":"marketplace","name":"Weekmarkt Helmond centrum","opening_hours":"Sa 08:30-15:00","id":"node/14099488616"},"geometry":{"type":"Point","coordinates":[5.6577198,51.4808772]}},{"type":"Feature","id":"node/14125902969","properties":{"addr:city":"Helmond","addr:housenumber":"25","addr:postcode":"5707HA","addr:street":"Wesselmanlaan","amenity":"clinic","emergency":"yes","healthcare":"clinic","healthcare:speciality":"general;emergency","name":"Huisartsenpost Helmond","opening_hours":"Mo 00:00-08:00,17:00-08:00; Tu-Th 17:00-08:00; Fr 17:00-24:00; PH,Sa,Su 00:00-24:00","operator":"Huisartsenspoedpost Oost-Brabant","phone":"+31 88 876 5151","website":"https://huisartsenpostenoostbrabant.nl/locaties/huisartsenpost-helmond/","id":"node/14125902969"},"geometry":{"type":"Point","coordinates":[5.6434168,51.4821221]}}]}