{"type":"FeatureCollection","features":[{"type":"Feature","id":"node/3636376946","properties":{"highway":"street_lamp","opening_hours":"sunset-sunrise","id":"node/3636376946"},"geometry":{"type":"Point","coordinates":[5.188114,51.6125694]}},{"type":"Feature","id":"node/6214863835","properties":{"artwork_type":"installation","highway":"street_lamp","image":"https://photos.app.goo.gl/inhPQcPVuTuWvBQK6","mapillary":"744976629718259","tourism":"artwork","id":"node/6214863835"},"geometry":{"type":"Point","coordinates":[5.0872859,51.562158]}},{"type":"Feature","id":"node/6424349547","properties":{"highway":"street_lamp","lamp_model":"Philips MA50","lamp_type":"low_pressure_sodium","light:count":"1","source":"Mapillary (2019-04-23)","id":"node/6424349547"},"geometry":{"type":"Point","coordinates":[4.9544488,51.5519533]}},{"type":"Feature","id":"node/6424349548","properties":{"highway":"street_lamp","lamp_model":"Philips MA50","lamp_type":"low_pressure_sodium","light:count":"1","source":"Mapillary (2019-04-23)","id":"node/6424349548"},"geometry":{"type":"Point","coordinates":[4.9549709,51.5518961]}},{"type":"Feature","id":"node/6424349549","properties":{"highway":"street_lamp","lamp_model":"Philips MA50","lamp_type":"low_pressure_sodium","light:count":"1","source":"Mapillary (2019-04-23)","id":"node/6424349549"},"geometry":{"type":"Point","coordinates":[4.9555347,51.5518107]}},{"type":"Feature","id":"node/6424349550","properties":{"highway":"street_lamp","lamp_model":"Philips MA50","lamp_type":"low_pressure_sodium","light:count":"1","source":"Mapillary (2019-04-23)","id":"node/6424349550"},"geometry":{"type":"Point","coordinates":[4.9560901,51.5517111]}},{"type":"Feature","id":"node/6424349551","properties":{"highway":"street_lamp","lamp_model":"Philips MA50","lamp_type":"low_pressure_sodium","light:count":"1","source":"Mapillary (2019-04-23)","id":"node/6424349551"},"geometry":{"type":"Point","coordinates":[4.9566354,51.5515865]}},{"type":"Feature","id":"node/6424349552","properties":{"highway":"street_lamp","lamp_model":"Philips MA50","lamp_type":"low_pressure_sodium","light:count":"1","source":"Mapillary (2019-04-23)","id":"node/6424349552"},"geometry":{"type":"Point","coordinates":[4.9571761,51.55145]}},{"type":"Feature","id":"node/6424349553","properties":{"highway":"street_lamp","lamp_model":"Philips MA50","lamp_type":"low_pressure_sodium","light:count":"1","source":"Mapillary (2019-04-23)","id":"node/6424349553"},"geometry":{"type":"Point","coordinates":[4.9576922,51.5512905]}},{"type":"Feature","id":"node/6424349554","properties":{"highway":"street_lamp","lamp_model":"Philips MA50","lamp_type":"low_pressure_sodium","light:count":"1","source":"Mapillary (2019-04-23)","id":"node/6424349554"},"geometry":{"type":"Point","coordinates":[4.9582152,51.5511373]}},{"type":"Feature","id":"node/6424349555","properties":{"highway":"street_lamp","lamp_model":"Philips MA50","lamp_type":"low_pressure_sodium","light:count":"1","source":"Mapillary (2019-04-23)","id":"node/6424349555"},"geometry":{"type":"Point","coordinates":[4.9587659,51.551063]}},{"type":"Feature","id":"node/6424349556","properties":{"highway":"street_lamp","lamp_model":"Philips MA50","lamp_type":"low_pressure_sodium","light:count":"1","source":"Mapillary (2019-04-23)","id":"node/6424349556"},"geometry":{"type":"Point","coordinates":[4.9593329,51.550995]}},{"type":"Feature","id":"node/6424349557","properties":{"highway":"street_lamp","lamp_model":"Philips MA50","lamp_type":"low_pressure_sodium","light:count":"1","source":"Mapillary (2019-04-23)","id":"node/6424349557"},"geometry":{"type":"Point","coordinates":[4.9599036,51.5509332]}},{"type":"Feature","id":"node/6424349558","properties":{"highway":"street_lamp","lamp_model":"Philips MA50","lamp_type":"low_pressure_sodium","light:count":"1","source":"Mapillary (2019-04-23)","id":"node/6424349558"},"geometry":{"type":"Point","coordinates":[4.9604713,51.5508767]}},{"type":"Feature","id":"node/6424349559","properties":{"highway":"street_lamp","lamp_model":"Philips MA50","lamp_type":"low_pressure_sodium","light:count":"1","source":"Mapillary (2019-04-23)","id":"node/6424349559"},"geometry":{"type":"Point","coordinates":[4.9610395,51.5508195]}},{"type":"Feature","id":"node/9165160080","properties":{"highway":"street_lamp","lamp_type":"led","id":"node/9165160080"},"geometry":{"type":"Point","coordinates":[5.0978572,51.5862625]}},{"type":"Feature","id":"node/9370852104","properties":{"highway":"street_lamp","id":"node/9370852104"},"geometry":{"type":"Point","coordinates":[5.1112288,51.5443624]}},{"type":"Feature","id":"node/9370852105","properties":{"highway":"street_lamp","id":"node/9370852105"},"geometry":{"type":"Point","coordinates":[5.1113651,51.5442265]}},{"type":"Feature","id":"node/9370852106","properties":{"highway":"street_lamp","id":"node/9370852106"},"geometry":{"type":"Point","coordinates":[5.1110803,51.5442625]}},{"type":"Feature","id":"node/9370852107","properties":{"highway":"street_lamp","id":"node/9370852107"},"geometry":{"type":"Point","coordinates":[5.1111252,51.5440592]}},{"type":"Feature","id":"node/9370852108","properties":{"highway":"street_lamp","id":"node/9370852108"},"geometry":{"type":"Point","coordinates":[5.1112269,51.5439019]}},{"type":"Feature","id":"node/9370852109","properties":{"highway":"street_lamp","id":"node/9370852109"},"geometry":{"type":"Point","coordinates":[5.1115482,51.5438926]}},{"type":"Feature","id":"node/9370852110","properties":{"highway":"street_lamp","id":"node/9370852110"},"geometry":{"type":"Point","coordinates":[5.11165,51.5437369]}},{"type":"Feature","id":"node/9370852111","properties":{"highway":"street_lamp","id":"node/9370852111"},"geometry":{"type":"Point","coordinates":[5.1117377,51.5435923]}},{"type":"Feature","id":"node/9370852112","properties":{"highway":"street_lamp","id":"node/9370852112"},"geometry":{"type":"Point","coordinates":[5.1117237,51.5427665]}},{"type":"Feature","id":"node/9370852113","properties":{"highway":"street_lamp","id":"node/9370852113"},"geometry":{"type":"Point","coordinates":[5.1122103,51.5431068]}},{"type":"Feature","id":"node/9370852114","properties":{"highway":"street_lamp","id":"node/9370852114"},"geometry":{"type":"Point","coordinates":[5.1115809,51.543119]}},{"type":"Feature","id":"node/9370852115","properties":{"highway":"street_lamp","id":"node/9370852115"},"geometry":{"type":"Point","coordinates":[5.1114417,51.5430156]}},{"type":"Feature","id":"node/9370852116","properties":{"highway":"street_lamp","id":"node/9370852116"},"geometry":{"type":"Point","coordinates":[5.1115771,51.5428797]}},{"type":"Feature","id":"node/9370905417","properties":{"highway":"street_lamp","id":"node/9370905417"},"geometry":{"type":"Point","coordinates":[5.1117704,51.5430168]}},{"type":"Feature","id":"node/9370905418","properties":{"highway":"street_lamp","id":"node/9370905418"},"geometry":{"type":"Point","coordinates":[5.1120104,51.5431864]}},{"type":"Feature","id":"node/10579362761","properties":{"highway":"street_lamp","id":"node/10579362761"},"geometry":{"type":"Point","coordinates":[5.0843667,51.5837195]}},{"type":"Feature","id":"node/10579362785","properties":{"highway":"street_lamp","id":"node/10579362785"},"geometry":{"type":"Point","coordinates":[5.0848857,51.5835335]}},{"type":"Feature","id":"node/10579362807","properties":{"highway":"street_lamp","id":"node/10579362807"},"geometry":{"type":"Point","coordinates":[5.0856226,51.5832511]}},{"type":"Feature","id":"node/10579362825","properties":{"highway":"street_lamp","id":"node/10579362825"},"geometry":{"type":"Point","coordinates":[5.0863582,51.5829783]}},{"type":"Feature","id":"node/10579362843","properties":{"highway":"street_lamp","id":"node/10579362843"},"geometry":{"type":"Point","coordinates":[5.0868251,51.5831616]}},{"type":"Feature","id":"node/10579843379","properties":{"highway":"street_lamp","id":"node/10579843379"},"geometry":{"type":"Point","coordinates":[5.0978318,51.5782571]}},{"type":"Feature","id":"node/10579843380","properties":{"highway":"street_lamp","id":"node/10579843380"},"geometry":{"type":"Point","coordinates":[5.0979825,51.5782492]}},{"type":"Feature","id":"node/10768276728","properties":{"highway":"street_lamp","id":"node/10768276728"},"geometry":{"type":"Point","coordinates":[5.0902645,51.5849922]}},{"type":"Feature","id":"node/10768276729","properties":{"highway":"street_lamp","id":"node/10768276729"},"geometry":{"type":"Point","coordinates":[5.0904935,51.5849723]}},{"type":"Feature","id":"node/10768276730","properties":{"highway":"street_lamp","id":"node/10768276730"},"geometry":{"type":"Point","coordinates":[5.0900534,51.584566]}},{"type":"Feature","id":"node/10768303431","properties":{"highway":"street_lamp","id":"node/10768303431"},"geometry":{"type":"Point","coordinates":[5.0906881,51.5848652]}},{"type":"Feature","id":"node/10768303432","properties":{"highway":"street_lamp","id":"node/10768303432"},"geometry":{"type":"Point","coordinates":[5.0901246,51.5848852]}},{"type":"Feature","id":"node/10768303433","properties":{"highway":"street_lamp","id":"node/10768303433"},"geometry":{"type":"Point","coordinates":[5.0901862,51.585159]}},{"type":"Feature","id":"node/11801436352","properties":{"highway":"street_lamp","id":"node/11801436352"},"geometry":{"type":"Point","coordinates":[4.9936115,51.5808442]}},{"type":"Feature","id":"node/11801442717","properties":{"highway":"street_lamp","id":"node/11801442717"},"geometry":{"type":"Point","coordinates":[4.9936172,51.5806214]}},{"type":"Feature","id":"node/11801458425","properties":{"highway":"street_lamp","id":"node/11801458425"},"geometry":{"type":"Point","coordinates":[4.9936105,51.58104]}},{"type":"Feature","id":"node/11801496909","properties":{"highway":"street_lamp","id":"node/11801496909"},"geometry":{"type":"Point","coordinates":[4.9930071,51.5761191]}},{"type":"Feature","id":"node/11801496910","properties":{"highway":"street_lamp","id":"node/11801496910"},"geometry":{"type":"Point","coordinates":[4.9934604,51.5760901]}},{"type":"Feature","id":"node/11801496911","properties":{"highway":"street_lamp","id":"node/11801496911"},"geometry":{"type":"Point","coordinates":[4.9935202,51.5763638]}},{"type":"Feature","id":"node/11801496912","properties":{"highway":"street_lamp","id":"node/11801496912"},"geometry":{"type":"Point","coordinates":[4.9930516,51.5764018]}},{"type":"Feature","id":"node/11801496913","properties":{"highway":"street_lamp","id":"node/11801496913"},"geometry":{"type":"Point","coordinates":[4.9928305,51.5763114]}},{"type":"Feature","id":"node/11801496914","properties":{"highway":"street_lamp","id":"node/11801496914"},"geometry":{"type":"Point","coordinates":[4.9932728,51.5765304]}},{"type":"Feature","id":"node/11801496915","properties":{"highway":"street_lamp","id":"node/11801496915"},"geometry":{"type":"Point","coordinates":[4.9937021,51.5761811]}},{"type":"Feature","id":"node/11801496916","properties":{"highway":"street_lamp","id":"node/11801496916"},"geometry":{"type":"Point","coordinates":[4.9931786,51.57571]}},{"type":"Feature","id":"node/11801496917","properties":{"highway":"street_lamp","id":"node/11801496917"},"geometry":{"type":"Point","coordinates":[4.9931382,51.5754681]}},{"type":"Feature","id":"node/11801496918","properties":{"highway":"street_lamp","id":"node/11801496918"},"geometry":{"type":"Point","coordinates":[4.9930984,51.5752156]}},{"type":"Feature","id":"node/11801496919","properties":{"highway":"street_lamp","id":"node/11801496919"},"geometry":{"type":"Point","coordinates":[4.993059,51.5749646]}},{"type":"Feature","id":"node/11801496920","properties":{"highway":"street_lamp","id":"node/11801496920"},"geometry":{"type":"Point","coordinates":[4.9930242,51.5747443]}},{"type":"Feature","id":"node/11801496921","properties":{"highway":"street_lamp","id":"node/11801496921"},"geometry":{"type":"Point","coordinates":[4.9929931,51.5745582]}},{"type":"Feature","id":"node/11801496922","properties":{"highway":"street_lamp","id":"node/11801496922"},"geometry":{"type":"Point","coordinates":[4.9929686,51.5744056]}},{"type":"Feature","id":"node/11801496923","properties":{"highway":"street_lamp","id":"node/11801496923"},"geometry":{"type":"Point","coordinates":[4.9929509,51.5742799]}},{"type":"Feature","id":"node/11801496924","properties":{"highway":"street_lamp","id":"node/11801496924"},"geometry":{"type":"Point","coordinates":[4.9929329,51.574172]}},{"type":"Feature","id":"node/11801496925","properties":{"highway":"street_lamp","id":"node/11801496925"},"geometry":{"type":"Point","coordinates":[4.992921,51.5740932]}},{"type":"Feature","id":"node/11801496926","properties":{"highway":"street_lamp","id":"node/11801496926"},"geometry":{"type":"Point","coordinates":[4.9929036,51.5739959]}},{"type":"Feature","id":"node/11801496927","properties":{"highway":"street_lamp","id":"node/11801496927"},"geometry":{"type":"Point","coordinates":[4.9928907,51.5739073]}},{"type":"Feature","id":"node/11801496928","properties":{"highway":"street_lamp","id":"node/11801496928"},"geometry":{"type":"Point","coordinates":[4.9928487,51.573638]}},{"type":"Feature","id":"node/11801496929","properties":{"highway":"street_lamp","id":"node/11801496929"},"geometry":{"type":"Point","coordinates":[4.9928367,51.5735539]}},{"type":"Feature","id":"node/11801496930","properties":{"highway":"street_lamp","id":"node/11801496930"},"geometry":{"type":"Point","coordinates":[4.9928053,51.5733629]}},{"type":"Feature","id":"node/11801496931","properties":{"highway":"street_lamp","id":"node/11801496931"},"geometry":{"type":"Point","coordinates":[4.9927863,51.5732431]}},{"type":"Feature","id":"node/11801496932","properties":{"highway":"street_lamp","id":"node/11801496932"},"geometry":{"type":"Point","coordinates":[4.9927648,51.5731175]}},{"type":"Feature","id":"node/11801496933","properties":{"highway":"street_lamp","id":"node/11801496933"},"geometry":{"type":"Point","coordinates":[4.9927434,51.5729608]}},{"type":"Feature","id":"node/11801496934","properties":{"highway":"street_lamp","id":"node/11801496934"},"geometry":{"type":"Point","coordinates":[4.9927114,51.5727784]}},{"type":"Feature","id":"node/11801496935","properties":{"highway":"street_lamp","id":"node/11801496935"},"geometry":{"type":"Point","coordinates":[4.992678,51.5725545]}},{"type":"Feature","id":"node/11801496936","properties":{"highway":"street_lamp","id":"node/11801496936"},"geometry":{"type":"Point","coordinates":[4.9926481,51.5723652]}},{"type":"Feature","id":"node/11801496937","properties":{"highway":"street_lamp","id":"node/11801496937"},"geometry":{"type":"Point","coordinates":[4.9926227,51.572077]}},{"type":"Feature","id":"node/11801496938","properties":{"highway":"street_lamp","id":"node/11801496938"},"geometry":{"type":"Point","coordinates":[4.9926491,51.5717723]}},{"type":"Feature","id":"node/11801496939","properties":{"highway":"street_lamp","id":"node/11801496939"},"geometry":{"type":"Point","coordinates":[4.992731,51.571472]}},{"type":"Feature","id":"node/11801496940","properties":{"highway":"street_lamp","id":"node/11801496940"},"geometry":{"type":"Point","coordinates":[4.9924273,51.5721673]}},{"type":"Feature","id":"node/11801496941","properties":{"highway":"street_lamp","id":"node/11801496941"},"geometry":{"type":"Point","coordinates":[4.9924327,51.5719121]}},{"type":"Feature","id":"node/11801496942","properties":{"highway":"street_lamp","id":"node/11801496942"},"geometry":{"type":"Point","coordinates":[4.9924766,51.5716568]}},{"type":"Feature","id":"node/11801496943","properties":{"highway":"street_lamp","id":"node/11801496943"},"geometry":{"type":"Point","coordinates":[4.9925545,51.5714065]}},{"type":"Feature","id":"node/11801496944","properties":{"highway":"street_lamp","id":"node/11801496944"},"geometry":{"type":"Point","coordinates":[4.9926578,51.5711825]}},{"type":"Feature","id":"node/11801496945","properties":{"highway":"street_lamp","id":"node/11801496945"},"geometry":{"type":"Point","coordinates":[4.9927886,51.570961]}},{"type":"Feature","id":"node/11801496946","properties":{"highway":"street_lamp","id":"node/11801496946"},"geometry":{"type":"Point","coordinates":[4.9931524,51.5710308]}},{"type":"Feature","id":"node/11801496947","properties":{"highway":"street_lamp","id":"node/11801496947"},"geometry":{"type":"Point","coordinates":[4.9930521,51.5712461]}},{"type":"Feature","id":"node/11801496948","properties":{"highway":"street_lamp","id":"node/11801496948"},"geometry":{"type":"Point","coordinates":[4.9929553,51.5714632]}},{"type":"Feature","id":"node/11801496949","properties":{"highway":"street_lamp","id":"node/11801496949"},"geometry":{"type":"Point","coordinates":[4.9930381,51.5713618]}},{"type":"Feature","id":"node/11801496950","properties":{"highway":"street_lamp","id":"node/11801496950"},"geometry":{"type":"Point","coordinates":[4.9928484,51.5716968]}},{"type":"Feature","id":"node/11801496951","properties":{"highway":"street_lamp","id":"node/11801496951"},"geometry":{"type":"Point","coordinates":[4.992812,51.5719366]}},{"type":"Feature","id":"node/11801496952","properties":{"highway":"street_lamp","id":"node/11801496952"},"geometry":{"type":"Point","coordinates":[4.9928055,51.5721771]}},{"type":"Feature","id":"node/11801496953","properties":{"highway":"street_lamp","id":"node/11801496953"},"geometry":{"type":"Point","coordinates":[4.9928724,51.5726613]}},{"type":"Feature","id":"node/11801496954","properties":{"highway":"street_lamp","id":"node/11801496954"},"geometry":{"type":"Point","coordinates":[4.9929018,51.5728679]}},{"type":"Feature","id":"node/11801496955","properties":{"highway":"street_lamp","id":"node/11801496955"},"geometry":{"type":"Point","coordinates":[4.9929293,51.5730395]}},{"type":"Feature","id":"node/11801496956","properties":{"highway":"street_lamp","id":"node/11801496956"},"geometry":{"type":"Point","coordinates":[4.9929517,51.5731753]}},{"type":"Feature","id":"node/11801496957","properties":{"highway":"street_lamp","id":"node/11801496957"},"geometry":{"type":"Point","coordinates":[4.9929692,51.5732932]}},{"type":"Feature","id":"node/11801496958","properties":{"highway":"street_lamp","id":"node/11801496958"},"geometry":{"type":"Point","coordinates":[4.9931065,51.5733306]}},{"type":"Feature","id":"node/11801496959","properties":{"highway":"street_lamp","id":"node/11801496959"},"geometry":{"type":"Point","coordinates":[4.9925732,51.5727364]}},{"type":"Feature","id":"node/11801496960","properties":{"highway":"street_lamp","id":"node/11801496960"},"geometry":{"type":"Point","coordinates":[4.9925921,51.5728784]}},{"type":"Feature","id":"node/11801496961","properties":{"highway":"street_lamp","id":"node/11801496961"},"geometry":{"type":"Point","coordinates":[4.9926784,51.573694]}},{"type":"Feature","id":"node/11801496962","properties":{"highway":"street_lamp","id":"node/11801496962"},"geometry":{"type":"Point","coordinates":[4.9926669,51.5736052]}},{"type":"Feature","id":"node/11801496963","properties":{"highway":"street_lamp","id":"node/11801496963"},"geometry":{"type":"Point","coordinates":[4.9926465,51.5735124]}},{"type":"Feature","id":"node/11801496964","properties":{"highway":"street_lamp","id":"node/11801496964"},"geometry":{"type":"Point","coordinates":[4.9927074,51.5738926]}},{"type":"Feature","id":"node/11801496965","properties":{"highway":"street_lamp","id":"node/11801496965"},"geometry":{"type":"Point","coordinates":[4.9927313,51.574042]}},{"type":"Feature","id":"node/11801496966","properties":{"highway":"street_lamp","id":"node/11801496966"},"geometry":{"type":"Point","coordinates":[4.9927462,51.5741261]}},{"type":"Feature","id":"node/11801496967","properties":{"highway":"street_lamp","id":"node/11801496967"},"geometry":{"type":"Point","coordinates":[4.9927582,51.5742236]}},{"type":"Feature","id":"node/11801496968","properties":{"highway":"street_lamp","id":"node/11801496968"},"geometry":{"type":"Point","coordinates":[4.9927816,51.5743288]}},{"type":"Feature","id":"node/11801502969","properties":{"highway":"street_lamp","id":"node/11801502969"},"geometry":{"type":"Point","coordinates":[4.9928074,51.5745061]}},{"type":"Feature","id":"node/11801502970","properties":{"highway":"street_lamp","id":"node/11801502970"},"geometry":{"type":"Point","coordinates":[4.9928303,51.5746682]}},{"type":"Feature","id":"node/11801502971","properties":{"highway":"street_lamp","id":"node/11801502971"},"geometry":{"type":"Point","coordinates":[4.9928647,51.5748736]}},{"type":"Feature","id":"node/11801502972","properties":{"highway":"street_lamp","id":"node/11801502972"},"geometry":{"type":"Point","coordinates":[4.9928881,51.5750626]}},{"type":"Feature","id":"node/11801502973","properties":{"highway":"street_lamp","id":"node/11801502973"},"geometry":{"type":"Point","coordinates":[4.9929229,51.5752699]}},{"type":"Feature","id":"node/11801502974","properties":{"highway":"street_lamp","id":"node/11801502974"},"geometry":{"type":"Point","coordinates":[4.9929553,51.5754793]}},{"type":"Feature","id":"node/11801502975","properties":{"highway":"street_lamp","id":"node/11801502975"},"geometry":{"type":"Point","coordinates":[4.9929891,51.5756856]}},{"type":"Feature","id":"node/11801502976","properties":{"highway":"street_lamp","id":"node/11801502976"},"geometry":{"type":"Point","coordinates":[4.9933514,51.5756581]}},{"type":"Feature","id":"node/11801502977","properties":{"highway":"street_lamp","id":"node/11801502977"},"geometry":{"type":"Point","coordinates":[4.9933186,51.5754533]}},{"type":"Feature","id":"node/11801502978","properties":{"highway":"street_lamp","id":"node/11801502978"},"geometry":{"type":"Point","coordinates":[4.9932877,51.5752522]}},{"type":"Feature","id":"node/11801502979","properties":{"highway":"street_lamp","id":"node/11801502979"},"geometry":{"type":"Point","coordinates":[4.9932529,51.5750493]}},{"type":"Feature","id":"node/11801502980","properties":{"highway":"street_lamp","id":"node/11801502980"},"geometry":{"type":"Point","coordinates":[4.9932186,51.5748495]}},{"type":"Feature","id":"node/11801502981","properties":{"highway":"street_lamp","id":"node/11801502981"},"geometry":{"type":"Point","coordinates":[4.9931857,51.5746475]}},{"type":"Feature","id":"node/11801502982","properties":{"highway":"street_lamp","id":"node/11801502982"},"geometry":{"type":"Point","coordinates":[4.9931588,51.5744869]}},{"type":"Feature","id":"node/11801502983","properties":{"highway":"street_lamp","id":"node/11801502983"},"geometry":{"type":"Point","coordinates":[4.9931673,51.5743341]}},{"type":"Feature","id":"node/11801502984","properties":{"highway":"street_lamp","id":"node/11801502984"},"geometry":{"type":"Point","coordinates":[4.9931138,51.574264]}},{"type":"Feature","id":"node/11801502985","properties":{"highway":"street_lamp","id":"node/11801502985"},"geometry":{"type":"Point","coordinates":[4.9931696,51.5742188]}},{"type":"Feature","id":"node/11801502986","properties":{"highway":"street_lamp","id":"node/11801502986"},"geometry":{"type":"Point","coordinates":[4.9931495,51.5740966]}},{"type":"Feature","id":"node/11804657564","properties":{"highway":"street_lamp","id":"node/11804657564"},"geometry":{"type":"Point","coordinates":[4.9937847,51.5705025]}},{"type":"Feature","id":"node/11804657565","properties":{"highway":"street_lamp","id":"node/11804657565"},"geometry":{"type":"Point","coordinates":[4.9940464,51.5704618]}},{"type":"Feature","id":"node/11804657566","properties":{"highway":"street_lamp","id":"node/11804657566"},"geometry":{"type":"Point","coordinates":[4.994312,51.5704265]}},{"type":"Feature","id":"node/11804657567","properties":{"highway":"street_lamp","id":"node/11804657567"},"geometry":{"type":"Point","coordinates":[4.9945737,51.5703876]}},{"type":"Feature","id":"node/11804657568","properties":{"highway":"street_lamp","id":"node/11804657568"},"geometry":{"type":"Point","coordinates":[4.9948392,51.5703457]}},{"type":"Feature","id":"node/11804690569","properties":{"highway":"street_lamp","id":"node/11804690569"},"geometry":{"type":"Point","coordinates":[4.9951051,51.5703096]}},{"type":"Feature","id":"node/11804690570","properties":{"highway":"street_lamp","id":"node/11804690570"},"geometry":{"type":"Point","coordinates":[4.995378,51.5702656]}},{"type":"Feature","id":"node/11804690571","properties":{"highway":"street_lamp","id":"node/11804690571"},"geometry":{"type":"Point","coordinates":[4.9956416,51.5702255]}},{"type":"Feature","id":"node/11804690572","properties":{"highway":"street_lamp","id":"node/11804690572"},"geometry":{"type":"Point","coordinates":[4.9959052,51.5701856]}},{"type":"Feature","id":"node/11804690573","properties":{"highway":"street_lamp","id":"node/11804690573"},"geometry":{"type":"Point","coordinates":[4.9961657,51.5701487]}},{"type":"Feature","id":"node/11804690574","properties":{"highway":"street_lamp","id":"node/11804690574"},"geometry":{"type":"Point","coordinates":[4.9964299,51.5701116]}},{"type":"Feature","id":"node/11804690575","properties":{"highway":"street_lamp","id":"node/11804690575"},"geometry":{"type":"Point","coordinates":[4.9966825,51.5700741]}},{"type":"Feature","id":"node/11804690576","properties":{"highway":"street_lamp","id":"node/11804690576"},"geometry":{"type":"Point","coordinates":[4.9969474,51.5700328]}},{"type":"Feature","id":"node/11804690577","properties":{"highway":"street_lamp","id":"node/11804690577"},"geometry":{"type":"Point","coordinates":[4.9972132,51.5699937]}},{"type":"Feature","id":"node/11804690578","properties":{"highway":"street_lamp","id":"node/11804690578"},"geometry":{"type":"Point","coordinates":[4.9974889,51.5699525]}},{"type":"Feature","id":"node/11804690579","properties":{"highway":"street_lamp","id":"node/11804690579"},"geometry":{"type":"Point","coordinates":[4.9977538,51.5699126]}},{"type":"Feature","id":"node/11804690580","properties":{"highway":"street_lamp","id":"node/11804690580"},"geometry":{"type":"Point","coordinates":[4.998026,51.5698743]}},{"type":"Feature","id":"node/11804690581","properties":{"highway":"street_lamp","id":"node/11804690581"},"geometry":{"type":"Point","coordinates":[4.9982887,51.5698334]}},{"type":"Feature","id":"node/11804690582","properties":{"highway":"street_lamp","id":"node/11804690582"},"geometry":{"type":"Point","coordinates":[4.9985511,51.5697937]}},{"type":"Feature","id":"node/11804690583","properties":{"highway":"street_lamp","id":"node/11804690583"},"geometry":{"type":"Point","coordinates":[4.9988176,51.5697543]}},{"type":"Feature","id":"node/11804690584","properties":{"highway":"street_lamp","id":"node/11804690584"},"geometry":{"type":"Point","coordinates":[4.9990812,51.569715]}},{"type":"Feature","id":"node/11804690585","properties":{"highway":"street_lamp","id":"node/11804690585"},"geometry":{"type":"Point","coordinates":[4.9993556,51.5696729]}},{"type":"Feature","id":"node/11804690586","properties":{"highway":"street_lamp","id":"node/11804690586"},"geometry":{"type":"Point","coordinates":[4.999619,51.5696352]}},{"type":"Feature","id":"node/11804690587","properties":{"highway":"street_lamp","id":"node/11804690587"},"geometry":{"type":"Point","coordinates":[4.9998816,51.5695975]}},{"type":"Feature","id":"node/11804690588","properties":{"highway":"street_lamp","id":"node/11804690588"},"geometry":{"type":"Point","coordinates":[5.000144,51.569558]}},{"type":"Feature","id":"node/11804690589","properties":{"highway":"street_lamp","id":"node/11804690589"},"geometry":{"type":"Point","coordinates":[5.0004114,51.5695171]}},{"type":"Feature","id":"node/11804690590","properties":{"highway":"street_lamp","id":"node/11804690590"},"geometry":{"type":"Point","coordinates":[5.0006802,51.5694759]}},{"type":"Feature","id":"node/11804690591","properties":{"highway":"street_lamp","id":"node/11804690591"},"geometry":{"type":"Point","coordinates":[5.000947,51.5694386]}},{"type":"Feature","id":"node/11804690592","properties":{"highway":"street_lamp","id":"node/11804690592"},"geometry":{"type":"Point","coordinates":[5.0012087,51.5693965]}},{"type":"Feature","id":"node/11804690593","properties":{"highway":"street_lamp","id":"node/11804690593"},"geometry":{"type":"Point","coordinates":[5.0014682,51.5693596]}},{"type":"Feature","id":"node/11804690594","properties":{"highway":"street_lamp","id":"node/11804690594"},"geometry":{"type":"Point","coordinates":[5.001633,51.5693343]}},{"type":"Feature","id":"node/11804690595","properties":{"highway":"street_lamp","id":"node/11804690595"},"geometry":{"type":"Point","coordinates":[5.001822,51.5692954]}},{"type":"Feature","id":"node/11804690596","properties":{"highway":"street_lamp","id":"node/11804690596"},"geometry":{"type":"Point","coordinates":[5.0019837,51.5692818]}},{"type":"Feature","id":"node/11804690597","properties":{"highway":"street_lamp","id":"node/11804690597"},"geometry":{"type":"Point","coordinates":[5.0021206,51.5692561]}},{"type":"Feature","id":"node/11804690598","properties":{"highway":"street_lamp","id":"node/11804690598"},"geometry":{"type":"Point","coordinates":[5.0022613,51.5692405]}},{"type":"Feature","id":"node/11804690599","properties":{"highway":"street_lamp","id":"node/11804690599"},"geometry":{"type":"Point","coordinates":[5.0025246,51.5692017]}},{"type":"Feature","id":"node/11804690600","properties":{"highway":"street_lamp","id":"node/11804690600"},"geometry":{"type":"Point","coordinates":[5.002787,51.5691632]}},{"type":"Feature","id":"node/11804690601","properties":{"highway":"street_lamp","id":"node/11804690601"},"geometry":{"type":"Point","coordinates":[5.0030567,51.5691227]}},{"type":"Feature","id":"node/11804690602","properties":{"highway":"street_lamp","id":"node/11804690602"},"geometry":{"type":"Point","coordinates":[5.0033114,51.5690832]}},{"type":"Feature","id":"node/11804690603","properties":{"highway":"street_lamp","id":"node/11804690603"},"geometry":{"type":"Point","coordinates":[5.0035773,51.5690427]}},{"type":"Feature","id":"node/11804690604","properties":{"highway":"street_lamp","id":"node/11804690604"},"geometry":{"type":"Point","coordinates":[5.0038409,51.5690024]}},{"type":"Feature","id":"node/11804690605","properties":{"highway":"street_lamp","id":"node/11804690605"},"geometry":{"type":"Point","coordinates":[5.0041083,51.5689636]}},{"type":"Feature","id":"node/11804690606","properties":{"highway":"street_lamp","id":"node/11804690606"},"geometry":{"type":"Point","coordinates":[5.0043872,51.5689235]}},{"type":"Feature","id":"node/11804690607","properties":{"highway":"street_lamp","id":"node/11804690607"},"geometry":{"type":"Point","coordinates":[5.0049294,51.5688417]}},{"type":"Feature","id":"node/11804690608","properties":{"highway":"street_lamp","id":"node/11804690608"},"geometry":{"type":"Point","coordinates":[5.0054992,51.568758]}},{"type":"Feature","id":"node/11804690609","properties":{"highway":"street_lamp","id":"node/11804690609"},"geometry":{"type":"Point","coordinates":[5.0060608,51.5686749]}},{"type":"Feature","id":"node/11804690610","properties":{"highway":"street_lamp","id":"node/11804690610"},"geometry":{"type":"Point","coordinates":[5.006604,51.5685928]}},{"type":"Feature","id":"node/11804690611","properties":{"highway":"street_lamp","id":"node/11804690611"},"geometry":{"type":"Point","coordinates":[4.9941819,51.570581]}},{"type":"Feature","id":"node/11804690612","properties":{"highway":"street_lamp","id":"node/11804690612"},"geometry":{"type":"Point","coordinates":[4.9945209,51.5705332]}},{"type":"Feature","id":"node/11804690613","properties":{"highway":"street_lamp","id":"node/11804690613"},"geometry":{"type":"Point","coordinates":[4.99485,51.5704798]}},{"type":"Feature","id":"node/11804690614","properties":{"highway":"street_lamp","id":"node/11804690614"},"geometry":{"type":"Point","coordinates":[4.9954632,51.5703907]}},{"type":"Feature","id":"node/11804690615","properties":{"highway":"street_lamp","id":"node/11804690615"},"geometry":{"type":"Point","coordinates":[4.9957929,51.5703413]}},{"type":"Feature","id":"node/11804690616","properties":{"highway":"street_lamp","id":"node/11804690616"},"geometry":{"type":"Point","coordinates":[4.9961252,51.5702915]}},{"type":"Feature","id":"node/11804690617","properties":{"highway":"street_lamp","id":"node/11804690617"},"geometry":{"type":"Point","coordinates":[4.9964846,51.5702376]}},{"type":"Feature","id":"node/11804690618","properties":{"highway":"street_lamp","id":"node/11804690618"},"geometry":{"type":"Point","coordinates":[4.9968452,51.5701843]}},{"type":"Feature","id":"node/11804690619","properties":{"highway":"street_lamp","id":"node/11804690619"},"geometry":{"type":"Point","coordinates":[4.9971669,51.570136]}},{"type":"Feature","id":"node/11804690620","properties":{"highway":"street_lamp","id":"node/11804690620"},"geometry":{"type":"Point","coordinates":[4.9974982,51.5700866]}},{"type":"Feature","id":"node/11804690621","properties":{"highway":"street_lamp","id":"node/11804690621"},"geometry":{"type":"Point","coordinates":[4.9981154,51.569995]}},{"type":"Feature","id":"node/11804690622","properties":{"highway":"street_lamp","id":"node/11804690622"},"geometry":{"type":"Point","coordinates":[4.998446,51.5699458]}},{"type":"Feature","id":"node/11804690623","properties":{"highway":"street_lamp","id":"node/11804690623"},"geometry":{"type":"Point","coordinates":[4.9987974,51.5698938]}},{"type":"Feature","id":"node/11804690624","properties":{"highway":"street_lamp","id":"node/11804690624"},"geometry":{"type":"Point","coordinates":[4.9991287,51.5698437]}},{"type":"Feature","id":"node/11804690625","properties":{"highway":"street_lamp","id":"node/11804690625"},"geometry":{"type":"Point","coordinates":[4.9994895,51.5697898]}},{"type":"Feature","id":"node/11804690626","properties":{"highway":"street_lamp","id":"node/11804690626"},"geometry":{"type":"Point","coordinates":[4.9998224,51.5697396]}},{"type":"Feature","id":"node/11804690627","properties":{"highway":"street_lamp","id":"node/11804690627"},"geometry":{"type":"Point","coordinates":[5.0001419,51.569692]}},{"type":"Feature","id":"node/11804690628","properties":{"highway":"street_lamp","id":"node/11804690628"},"geometry":{"type":"Point","coordinates":[5.0007613,51.5696]}},{"type":"Feature","id":"node/11804690629","properties":{"highway":"street_lamp","id":"node/11804690629"},"geometry":{"type":"Point","coordinates":[5.0010919,51.5695519]}},{"type":"Feature","id":"node/11804690630","properties":{"highway":"street_lamp","id":"node/11804690630"},"geometry":{"type":"Point","coordinates":[5.0014448,51.5694993]}},{"type":"Feature","id":"node/11804690631","properties":{"highway":"street_lamp","id":"node/11804690631"},"geometry":{"type":"Point","coordinates":[5.0017653,51.5694506]}},{"type":"Feature","id":"node/11804690632","properties":{"highway":"street_lamp","id":"node/11804690632"},"geometry":{"type":"Point","coordinates":[5.0021325,51.5693965]}},{"type":"Feature","id":"node/11804690633","properties":{"highway":"street_lamp","id":"node/11804690633"},"geometry":{"type":"Point","coordinates":[5.0024701,51.5693461]}},{"type":"Feature","id":"node/11804690634","properties":{"highway":"street_lamp","id":"node/11804690634"},"geometry":{"type":"Point","coordinates":[5.0027846,51.5692986]}},{"type":"Feature","id":"node/11804690635","properties":{"highway":"street_lamp","id":"node/11804690635"},"geometry":{"type":"Point","coordinates":[5.0034097,51.5692058]}},{"type":"Feature","id":"node/11804690636","properties":{"highway":"street_lamp","id":"node/11804690636"},"geometry":{"type":"Point","coordinates":[5.0037378,51.5691568]}},{"type":"Feature","id":"node/11804690637","properties":{"highway":"street_lamp","id":"node/11804690637"},"geometry":{"type":"Point","coordinates":[5.0040928,51.569104]}},{"type":"Feature","id":"node/11804690638","properties":{"highway":"street_lamp","id":"node/11804690638"},"geometry":{"type":"Point","coordinates":[5.0046848,51.5689532]}},{"type":"Feature","id":"node/11804690639","properties":{"highway":"street_lamp","id":"node/11804690639"},"geometry":{"type":"Point","coordinates":[5.0052553,51.5688682]}},{"type":"Feature","id":"node/11804690640","properties":{"highway":"street_lamp","id":"node/11804690640"},"geometry":{"type":"Point","coordinates":[5.0058045,51.5687853]}},{"type":"Feature","id":"node/11804690641","properties":{"highway":"street_lamp","id":"node/11804690641"},"geometry":{"type":"Point","coordinates":[5.0063597,51.5687035]}},{"type":"Feature","id":"node/11804690642","properties":{"highway":"street_lamp","id":"node/11804690642"},"geometry":{"type":"Point","coordinates":[5.0069161,51.5686202]}},{"type":"Feature","id":"node/11804690643","properties":{"highway":"street_lamp","id":"node/11804690643"},"geometry":{"type":"Point","coordinates":[5.0071874,51.5685809]}},{"type":"Feature","id":"node/11804690644","properties":{"highway":"street_lamp","id":"node/11804690644"},"geometry":{"type":"Point","coordinates":[5.007435,51.5685441]}},{"type":"Feature","id":"node/11804690645","properties":{"highway":"street_lamp","id":"node/11804690645"},"geometry":{"type":"Point","coordinates":[5.0076858,51.5685071]}},{"type":"Feature","id":"node/11804690646","properties":{"highway":"street_lamp","id":"node/11804690646"},"geometry":{"type":"Point","coordinates":[5.0079387,51.56847]}},{"type":"Feature","id":"node/11804690647","properties":{"highway":"street_lamp","id":"node/11804690647"},"geometry":{"type":"Point","coordinates":[5.0081855,51.5684327]}},{"type":"Feature","id":"node/11804690648","properties":{"highway":"street_lamp","id":"node/11804690648"},"geometry":{"type":"Point","coordinates":[5.0084435,51.5683942]}},{"type":"Feature","id":"node/11804690649","properties":{"highway":"street_lamp","id":"node/11804690649"},"geometry":{"type":"Point","coordinates":[5.0087004,51.5683549]}},{"type":"Feature","id":"node/11804690650","properties":{"highway":"street_lamp","id":"node/11804690650"},"geometry":{"type":"Point","coordinates":[5.0089381,51.56832]}},{"type":"Feature","id":"node/11804690651","properties":{"highway":"street_lamp","id":"node/11804690651"},"geometry":{"type":"Point","coordinates":[5.0088633,51.5681938]}},{"type":"Feature","id":"node/11804690652","properties":{"highway":"street_lamp","id":"node/11804690652"},"geometry":{"type":"Point","coordinates":[5.0085822,51.5682354]}},{"type":"Feature","id":"node/11804690653","properties":{"highway":"street_lamp","id":"node/11804690653"},"geometry":{"type":"Point","coordinates":[5.0082881,51.5682797]}},{"type":"Feature","id":"node/11804690654","properties":{"highway":"street_lamp","id":"node/11804690654"},"geometry":{"type":"Point","coordinates":[5.0080381,51.5683162]}},{"type":"Feature","id":"node/11804690655","properties":{"highway":"street_lamp","id":"node/11804690655"},"geometry":{"type":"Point","coordinates":[5.0077462,51.5683596]}},{"type":"Feature","id":"node/11804690656","properties":{"highway":"street_lamp","id":"node/11804690656"},"geometry":{"type":"Point","coordinates":[5.0074461,51.5684042]}},{"type":"Feature","id":"node/11804690657","properties":{"highway":"street_lamp","id":"node/11804690657"},"geometry":{"type":"Point","coordinates":[5.0071532,51.5684475]}},{"type":"Feature","id":"node/11804690658","properties":{"highway":"street_lamp","id":"node/11804690658"},"geometry":{"type":"Point","coordinates":[5.0068731,51.5684889]}},{"type":"Feature","id":"node/11804690659","properties":{"highway":"street_lamp","id":"node/11804690659"},"geometry":{"type":"Point","coordinates":[5.0092113,51.5682777]}},{"type":"Feature","id":"node/11804690660","properties":{"highway":"street_lamp","id":"node/11804690660"},"geometry":{"type":"Point","coordinates":[5.0094543,51.5682418]}},{"type":"Feature","id":"node/11804690661","properties":{"highway":"street_lamp","id":"node/11804690661"},"geometry":{"type":"Point","coordinates":[5.0097063,51.5682055]}},{"type":"Feature","id":"node/11804690662","properties":{"highway":"street_lamp","id":"node/11804690662"},"geometry":{"type":"Point","coordinates":[5.009959,51.5681681]}},{"type":"Feature","id":"node/11804690663","properties":{"highway":"street_lamp","id":"node/11804690663"},"geometry":{"type":"Point","coordinates":[5.0102096,51.5681295]}},{"type":"Feature","id":"node/11804690664","properties":{"highway":"street_lamp","id":"node/11804690664"},"geometry":{"type":"Point","coordinates":[5.0104626,51.5680932]}},{"type":"Feature","id":"node/11804690665","properties":{"highway":"street_lamp","id":"node/11804690665"},"geometry":{"type":"Point","coordinates":[5.0091411,51.5681516]}},{"type":"Feature","id":"node/11804690666","properties":{"highway":"street_lamp","id":"node/11804690666"},"geometry":{"type":"Point","coordinates":[5.0094241,51.5681086]}},{"type":"Feature","id":"node/11804690667","properties":{"highway":"street_lamp","id":"node/11804690667"},"geometry":{"type":"Point","coordinates":[5.0096769,51.5680707]}},{"type":"Feature","id":"node/11804690668","properties":{"highway":"street_lamp","id":"node/11804690668"},"geometry":{"type":"Point","coordinates":[5.0099967,51.5680234]}},{"type":"Feature","id":"node/11804690669","properties":{"highway":"street_lamp","id":"node/11804690669"},"geometry":{"type":"Point","coordinates":[5.0103109,51.567977]}},{"type":"Feature","id":"node/11804690670","properties":{"highway":"street_lamp","id":"node/11804690670"},"geometry":{"type":"Point","coordinates":[5.0106029,51.5679329]}},{"type":"Feature","id":"node/11804690671","properties":{"highway":"street_lamp","id":"node/11804690671"},"geometry":{"type":"Point","coordinates":[5.0108896,51.5678901]}},{"type":"Feature","id":"node/11804690672","properties":{"highway":"street_lamp","id":"node/11804690672"},"geometry":{"type":"Point","coordinates":[5.011176,51.5678478]}},{"type":"Feature","id":"node/11804690673","properties":{"highway":"street_lamp","id":"node/11804690673"},"geometry":{"type":"Point","coordinates":[5.0114585,51.5678042]}},{"type":"Feature","id":"node/11804690674","properties":{"highway":"street_lamp","id":"node/11804690674"},"geometry":{"type":"Point","coordinates":[5.0117356,51.5677645]}},{"type":"Feature","id":"node/11804690675","properties":{"highway":"street_lamp","id":"node/11804690675"},"geometry":{"type":"Point","coordinates":[5.0120198,51.5677218]}},{"type":"Feature","id":"node/11804690676","properties":{"highway":"street_lamp","id":"node/11804690676"},"geometry":{"type":"Point","coordinates":[5.0123264,51.5676766]}},{"type":"Feature","id":"node/11804690677","properties":{"highway":"street_lamp","id":"node/11804690677"},"geometry":{"type":"Point","coordinates":[5.0125969,51.567634]}},{"type":"Feature","id":"node/11804690678","properties":{"highway":"street_lamp","id":"node/11804690678"},"geometry":{"type":"Point","coordinates":[5.0107113,51.5680553]}},{"type":"Feature","id":"node/11804690679","properties":{"highway":"street_lamp","id":"node/11804690679"},"geometry":{"type":"Point","coordinates":[5.010969,51.568016]}},{"type":"Feature","id":"node/11804690680","properties":{"highway":"street_lamp","id":"node/11804690680"},"geometry":{"type":"Point","coordinates":[5.0112207,51.5679789]}},{"type":"Feature","id":"node/11804690681","properties":{"highway":"street_lamp","id":"node/11804690681"},"geometry":{"type":"Point","coordinates":[5.011476,51.5679424]}},{"type":"Feature","id":"node/11804690682","properties":{"highway":"street_lamp","id":"node/11804690682"},"geometry":{"type":"Point","coordinates":[5.0117291,51.5679048]}},{"type":"Feature","id":"node/11804690683","properties":{"highway":"street_lamp","id":"node/11804690683"},"geometry":{"type":"Point","coordinates":[5.0119783,51.5678679]}},{"type":"Feature","id":"node/11804690685","properties":{"highway":"street_lamp","id":"node/11804690685"},"geometry":{"type":"Point","coordinates":[5.012336,51.5678313]}},{"type":"Feature","id":"node/11804690686","properties":{"highway":"street_lamp","id":"node/11804690686"},"geometry":{"type":"Point","coordinates":[5.0125158,51.5678055]}},{"type":"Feature","id":"node/11804690687","properties":{"highway":"street_lamp","id":"node/11804690687"},"geometry":{"type":"Point","coordinates":[5.0121457,51.5678422]}},{"type":"Feature","id":"node/11804690688","properties":{"highway":"street_lamp","id":"node/11804690688"},"geometry":{"type":"Point","coordinates":[5.0129904,51.5677179]}},{"type":"Feature","id":"node/11804690689","properties":{"highway":"street_lamp","id":"node/11804690689"},"geometry":{"type":"Point","coordinates":[5.0127534,51.5677561]}},{"type":"Feature","id":"node/11804690690","properties":{"highway":"street_lamp","id":"node/11804690690"},"geometry":{"type":"Point","coordinates":[5.012874,51.5676223]}},{"type":"Feature","id":"node/11804690691","properties":{"highway":"street_lamp","id":"node/11804690691"},"geometry":{"type":"Point","coordinates":[5.0131669,51.5675797]}},{"type":"Feature","id":"node/11804690692","properties":{"highway":"street_lamp","id":"node/11804690692"},"geometry":{"type":"Point","coordinates":[5.0134615,51.5675353]}},{"type":"Feature","id":"node/11804690693","properties":{"highway":"street_lamp","id":"node/11804690693"},"geometry":{"type":"Point","coordinates":[5.0137564,51.567491]}},{"type":"Feature","id":"node/11804690694","properties":{"highway":"street_lamp","id":"node/11804690694"},"geometry":{"type":"Point","coordinates":[5.0132436,51.5676782]}},{"type":"Feature","id":"node/11804690695","properties":{"highway":"street_lamp","id":"node/11804690695"},"geometry":{"type":"Point","coordinates":[5.0134873,51.5676419]}},{"type":"Feature","id":"node/11804690696","properties":{"highway":"street_lamp","id":"node/11804690696"},"geometry":{"type":"Point","coordinates":[5.0137231,51.5676069]}},{"type":"Feature","id":"node/11804690697","properties":{"highway":"street_lamp","id":"node/11804690697"},"geometry":{"type":"Point","coordinates":[5.0139859,51.5675676]}},{"type":"Feature","id":"node/11804690698","properties":{"highway":"street_lamp","id":"node/11804690698"},"geometry":{"type":"Point","coordinates":[5.0142403,51.5675299]}},{"type":"Feature","id":"node/11804690699","properties":{"highway":"street_lamp","id":"node/11804690699"},"geometry":{"type":"Point","coordinates":[5.0140483,51.5674461]}},{"type":"Feature","id":"node/11804690700","properties":{"highway":"street_lamp","id":"node/11804690700"},"geometry":{"type":"Point","coordinates":[5.0143478,51.5674021]}},{"type":"Feature","id":"node/11804690701","properties":{"highway":"street_lamp","id":"node/11804690701"},"geometry":{"type":"Point","coordinates":[5.0146389,51.5673592]}},{"type":"Feature","id":"node/11804690702","properties":{"highway":"street_lamp","id":"node/11804690702"},"geometry":{"type":"Point","coordinates":[5.0149353,51.5673141]}},{"type":"Feature","id":"node/11804690703","properties":{"highway":"street_lamp","id":"node/11804690703"},"geometry":{"type":"Point","coordinates":[5.0152291,51.5672698]}},{"type":"Feature","id":"node/11804690704","properties":{"highway":"street_lamp","id":"node/11804690704"},"geometry":{"type":"Point","coordinates":[5.0144942,51.567492]}},{"type":"Feature","id":"node/11804690705","properties":{"highway":"street_lamp","id":"node/11804690705"},"geometry":{"type":"Point","coordinates":[5.0147592,51.5674532]}},{"type":"Feature","id":"node/11804690706","properties":{"highway":"street_lamp","id":"node/11804690706"},"geometry":{"type":"Point","coordinates":[5.0150061,51.5674175]}},{"type":"Feature","id":"node/11804690707","properties":{"highway":"street_lamp","id":"node/11804690707"},"geometry":{"type":"Point","coordinates":[5.0152158,51.567388]}},{"type":"Feature","id":"node/11804690708","properties":{"highway":"street_lamp","id":"node/11804690708"},"geometry":{"type":"Point","coordinates":[5.0155228,51.5672263]}},{"type":"Feature","id":"node/11804690709","properties":{"highway":"street_lamp","id":"node/11804690709"},"geometry":{"type":"Point","coordinates":[5.015491,51.5673578]}},{"type":"Feature","id":"node/11804690710","properties":{"highway":"street_lamp","id":"node/11804690710"},"geometry":{"type":"Point","coordinates":[5.0157705,51.5673182]}},{"type":"Feature","id":"node/11804690711","properties":{"highway":"street_lamp","id":"node/11804690711"},"geometry":{"type":"Point","coordinates":[5.0158183,51.5671821]}},{"type":"Feature","id":"node/11804690712","properties":{"highway":"street_lamp","id":"node/11804690712"},"geometry":{"type":"Point","coordinates":[5.0160787,51.567296]}},{"type":"Feature","id":"node/11804690713","properties":{"highway":"street_lamp","id":"node/11804690713"},"geometry":{"type":"Point","coordinates":[5.0163042,51.5672869]}},{"type":"Feature","id":"node/11804690714","properties":{"highway":"street_lamp","id":"node/11804690714"},"geometry":{"type":"Point","coordinates":[5.016993,51.5674521]}},{"type":"Feature","id":"node/11804690715","properties":{"highway":"street_lamp","id":"node/11804690715"},"geometry":{"type":"Point","coordinates":[5.01702,51.5671433]}},{"type":"Feature","id":"node/11804690716","properties":{"highway":"street_lamp","id":"node/11804690716"},"geometry":{"type":"Point","coordinates":[5.0168053,51.5671418]}},{"type":"Feature","id":"node/11804690717","properties":{"highway":"street_lamp","id":"node/11804690717"},"geometry":{"type":"Point","coordinates":[5.0171083,51.566962]}},{"type":"Feature","id":"node/11804760773","properties":{"highway":"street_lamp","id":"node/11804760773"},"geometry":{"type":"Point","coordinates":[5.0090627,51.5683978]}},{"type":"Feature","id":"node/11804760774","properties":{"highway":"street_lamp","id":"node/11804760774"},"geometry":{"type":"Point","coordinates":[5.0091328,51.5685783]}},{"type":"Feature","id":"node/11804760775","properties":{"highway":"street_lamp","id":"node/11804760775"},"geometry":{"type":"Point","coordinates":[5.0090425,51.5686341]}},{"type":"Feature","id":"node/11804760776","properties":{"highway":"street_lamp","id":"node/11804760776"},"geometry":{"type":"Point","coordinates":[5.0087364,51.5686783]}},{"type":"Feature","id":"node/11804760777","properties":{"highway":"street_lamp","id":"node/11804760777"},"geometry":{"type":"Point","coordinates":[5.0084739,51.5687181]}},{"type":"Feature","id":"node/11804760778","properties":{"highway":"street_lamp","id":"node/11804760778"},"geometry":{"type":"Point","coordinates":[5.008161,51.5687644]}},{"type":"Feature","id":"node/11804760779","properties":{"highway":"street_lamp","id":"node/11804760779"},"geometry":{"type":"Point","coordinates":[5.0079059,51.5688014]}},{"type":"Feature","id":"node/11804760780","properties":{"highway":"street_lamp","id":"node/11804760780"},"geometry":{"type":"Point","coordinates":[5.0075975,51.5688488]}},{"type":"Feature","id":"node/11804760781","properties":{"highway":"street_lamp","id":"node/11804760781"},"geometry":{"type":"Point","coordinates":[5.0073351,51.5688878]}},{"type":"Feature","id":"node/11804760782","properties":{"highway":"street_lamp","id":"node/11804760782"},"geometry":{"type":"Point","coordinates":[5.0070356,51.5689328]}},{"type":"Feature","id":"node/11804760783","properties":{"highway":"street_lamp","id":"node/11804760783"},"geometry":{"type":"Point","coordinates":[5.0069038,51.5689126]}},{"type":"Feature","id":"node/11804760784","properties":{"highway":"street_lamp","id":"node/11804760784"},"geometry":{"type":"Point","coordinates":[5.0093842,51.5685823]}},{"type":"Feature","id":"node/11804760785","properties":{"highway":"street_lamp","id":"node/11804760785"},"geometry":{"type":"Point","coordinates":[5.0096426,51.5685439]}},{"type":"Feature","id":"node/11804760786","properties":{"highway":"street_lamp","id":"node/11804760786"},"geometry":{"type":"Point","coordinates":[5.0099527,51.5684973]}},{"type":"Feature","id":"node/11804760787","properties":{"highway":"street_lamp","id":"node/11804760787"},"geometry":{"type":"Point","coordinates":[5.0102111,51.5684598]}},{"type":"Feature","id":"node/11804760788","properties":{"highway":"street_lamp","id":"node/11804760788"},"geometry":{"type":"Point","coordinates":[5.0105206,51.568413]}},{"type":"Feature","id":"node/11804760789","properties":{"highway":"street_lamp","id":"node/11804760789"},"geometry":{"type":"Point","coordinates":[5.0107792,51.5683739]}},{"type":"Feature","id":"node/11804760790","properties":{"highway":"street_lamp","id":"node/11804760790"},"geometry":{"type":"Point","coordinates":[5.0110879,51.5683282]}},{"type":"Feature","id":"node/11804760791","properties":{"highway":"street_lamp","id":"node/11804760791"},"geometry":{"type":"Point","coordinates":[5.0113463,51.5682901]}},{"type":"Feature","id":"node/11804760792","properties":{"highway":"street_lamp","id":"node/11804760792"},"geometry":{"type":"Point","coordinates":[5.0116593,51.568242]}},{"type":"Feature","id":"node/11804760793","properties":{"highway":"street_lamp","id":"node/11804760793"},"geometry":{"type":"Point","coordinates":[5.0119155,51.5682046]}},{"type":"Feature","id":"node/11804760794","properties":{"highway":"street_lamp","id":"node/11804760794"},"geometry":{"type":"Point","coordinates":[5.012228,51.5681585]}},{"type":"Feature","id":"node/11804760795","properties":{"highway":"street_lamp","id":"node/11804760795"},"geometry":{"type":"Point","coordinates":[5.0124793,51.5681206]}},{"type":"Feature","id":"node/11804760796","properties":{"highway":"street_lamp","id":"node/11804760796"},"geometry":{"type":"Point","coordinates":[5.0128234,51.5680675]}},{"type":"Feature","id":"node/11804760797","properties":{"highway":"street_lamp","id":"node/11804760797"},"geometry":{"type":"Point","coordinates":[5.0127593,51.5678962]}},{"type":"Feature","id":"node/11804760798","properties":{"highway":"street_lamp","id":"node/11804760798"},"geometry":{"type":"Point","coordinates":[5.0133377,51.5680442]}},{"type":"Feature","id":"node/11804760799","properties":{"highway":"street_lamp","id":"node/11804760799"},"geometry":{"type":"Point","coordinates":[5.0130474,51.5680859]}},{"type":"Feature","id":"node/11804760800","properties":{"highway":"street_lamp","id":"node/11804760800"},"geometry":{"type":"Point","coordinates":[5.0159509,51.5671681]}},{"type":"Feature","id":"node/11804760801","properties":{"highway":"street_lamp","id":"node/11804760801"},"geometry":{"type":"Point","coordinates":[5.0160059,51.5670473]}},{"type":"Feature","id":"node/11804760802","properties":{"highway":"street_lamp","id":"node/11804760802"},"geometry":{"type":"Point","coordinates":[5.0159359,51.5668667]}},{"type":"Feature","id":"node/11804760803","properties":{"highway":"street_lamp","id":"node/11804760803"},"geometry":{"type":"Point","coordinates":[5.01587,51.5666922]}},{"type":"Feature","id":"node/11804760804","properties":{"highway":"street_lamp","id":"node/11804760804"},"geometry":{"type":"Point","coordinates":[5.0157995,51.5665098]}},{"type":"Feature","id":"node/11804760805","properties":{"highway":"street_lamp","id":"node/11804760805"},"geometry":{"type":"Point","coordinates":[5.0157333,51.5663381]}},{"type":"Feature","id":"node/11804760806","properties":{"highway":"street_lamp","id":"node/11804760806"},"geometry":{"type":"Point","coordinates":[5.0156759,51.5662032]}},{"type":"Feature","id":"node/11804760807","properties":{"highway":"street_lamp","id":"node/11804760807"},"geometry":{"type":"Point","coordinates":[4.9934033,51.5707657]}},{"type":"Feature","id":"node/11804760808","properties":{"highway":"street_lamp","id":"node/11804760808"},"geometry":{"type":"Point","coordinates":[4.993396,51.5708736]}},{"type":"Feature","id":"node/11804760809","properties":{"highway":"street_lamp","id":"node/11804760809"},"geometry":{"type":"Point","coordinates":[4.993014,51.5708548]}},{"type":"Feature","id":"node/11804760810","properties":{"highway":"street_lamp","id":"node/11804760810"},"geometry":{"type":"Point","coordinates":[4.9933691,51.5704907]}},{"type":"Feature","id":"node/11804760811","properties":{"highway":"street_lamp","id":"node/11804760811"},"geometry":{"type":"Point","coordinates":[4.9934671,51.5704354]}},{"type":"Feature","id":"node/11804760812","properties":{"highway":"street_lamp","id":"node/11804760812"},"geometry":{"type":"Point","coordinates":[4.9935745,51.5706882]}},{"type":"Feature","id":"node/11804760813","properties":{"highway":"street_lamp","id":"node/11804760813"},"geometry":{"type":"Point","coordinates":[4.9927671,51.5706925]}},{"type":"Feature","id":"node/11804760814","properties":{"highway":"street_lamp","id":"node/11804760814"},"geometry":{"type":"Point","coordinates":[4.9928761,51.570481]}},{"type":"Feature","id":"node/11804760815","properties":{"highway":"street_lamp","id":"node/11804760815"},"geometry":{"type":"Point","coordinates":[4.9938454,51.5706304]}},{"type":"Feature","id":"node/11804760816","properties":{"highway":"street_lamp","id":"node/11804760816"},"geometry":{"type":"Point","coordinates":[4.9929783,51.5703655]}},{"type":"Feature","id":"node/11804760817","properties":{"highway":"street_lamp","id":"node/11804760817"},"geometry":{"type":"Point","coordinates":[4.9926676,51.5705676]}},{"type":"Feature","id":"node/11804760818","properties":{"highway":"street_lamp","id":"node/11804760818"},"geometry":{"type":"Point","coordinates":[4.9926196,51.5707612]}},{"type":"Feature","id":"node/11804760819","properties":{"highway":"street_lamp","id":"node/11804760819"},"geometry":{"type":"Point","coordinates":[4.9927354,51.5708074]}},{"type":"Feature","id":"node/11804760820","properties":{"highway":"street_lamp","id":"node/11804760820"},"geometry":{"type":"Point","coordinates":[4.9932182,51.5704264]}},{"type":"Feature","id":"node/11833632584","properties":{"highway":"street_lamp","id":"node/11833632584"},"geometry":{"type":"Point","coordinates":[4.9931815,51.5767227]}},{"type":"Feature","id":"node/11833632585","properties":{"highway":"street_lamp","id":"node/11833632585"},"geometry":{"type":"Point","coordinates":[4.9933744,51.5767206]}},{"type":"Feature","id":"node/11833632586","properties":{"highway":"street_lamp","id":"node/11833632586"},"geometry":{"type":"Point","coordinates":[4.9931935,51.5769243]}},{"type":"Feature","id":"node/11833632587","properties":{"highway":"street_lamp","id":"node/11833632587"},"geometry":{"type":"Point","coordinates":[4.9933802,51.5769244]}},{"type":"Feature","id":"node/11833632588","properties":{"highway":"street_lamp","id":"node/11833632588"},"geometry":{"type":"Point","coordinates":[4.993207,51.5771344]}},{"type":"Feature","id":"node/11833632589","properties":{"highway":"street_lamp","id":"node/11833632589"},"geometry":{"type":"Point","coordinates":[4.9933857,51.577136]}},{"type":"Feature","id":"node/11833632590","properties":{"highway":"street_lamp","id":"node/11833632590"},"geometry":{"type":"Point","coordinates":[4.9933947,51.5773379]}},{"type":"Feature","id":"node/11833632591","properties":{"highway":"street_lamp","id":"node/11833632591"},"geometry":{"type":"Point","coordinates":[4.9932145,51.5773337]}},{"type":"Feature","id":"node/11833632592","properties":{"highway":"street_lamp","id":"node/11833632592"},"geometry":{"type":"Point","coordinates":[4.9934015,51.5775338]}},{"type":"Feature","id":"node/11833632593","properties":{"highway":"street_lamp","id":"node/11833632593"},"geometry":{"type":"Point","coordinates":[4.9932205,51.5775355]}},{"type":"Feature","id":"node/11833632594","properties":{"highway":"street_lamp","id":"node/11833632594"},"geometry":{"type":"Point","coordinates":[4.9934075,51.5777415]}},{"type":"Feature","id":"node/11833632595","properties":{"highway":"street_lamp","id":"node/11833632595"},"geometry":{"type":"Point","coordinates":[4.9932266,51.5777434]}},{"type":"Feature","id":"node/11833632596","properties":{"highway":"street_lamp","id":"node/11833632596"},"geometry":{"type":"Point","coordinates":[4.9932291,51.5779517]}},{"type":"Feature","id":"node/11833632597","properties":{"highway":"street_lamp","id":"node/11833632597"},"geometry":{"type":"Point","coordinates":[4.9934168,51.5779742]}},{"type":"Feature","id":"node/11833632598","properties":{"highway":"street_lamp","id":"node/11833632598"},"geometry":{"type":"Point","coordinates":[4.993238,51.5781523]}},{"type":"Feature","id":"node/11833632599","properties":{"highway":"street_lamp","id":"node/11833632599"},"geometry":{"type":"Point","coordinates":[4.9934235,51.5781515]}},{"type":"Feature","id":"node/11833632600","properties":{"highway":"street_lamp","id":"node/11833632600"},"geometry":{"type":"Point","coordinates":[4.9932386,51.57836]}},{"type":"Feature","id":"node/11833632601","properties":{"highway":"street_lamp","id":"node/11833632601"},"geometry":{"type":"Point","coordinates":[4.9934336,51.5783528]}},{"type":"Feature","id":"node/11833632602","properties":{"highway":"street_lamp","id":"node/11833632602"},"geometry":{"type":"Point","coordinates":[4.9926405,51.5762497]}},{"type":"Feature","id":"node/11833632603","properties":{"highway":"street_lamp","id":"node/11833632603"},"geometry":{"type":"Point","coordinates":[4.9926972,51.5764152]}},{"type":"Feature","id":"node/11833632604","properties":{"highway":"street_lamp","id":"node/11833632604"},"geometry":{"type":"Point","coordinates":[4.9922731,51.5764593]}},{"type":"Feature","id":"node/11833632605","properties":{"highway":"street_lamp","id":"node/11833632605"},"geometry":{"type":"Point","coordinates":[4.9922303,51.5763226]}},{"type":"Feature","id":"node/11833632606","properties":{"highway":"street_lamp","id":"node/11833632606"},"geometry":{"type":"Point","coordinates":[4.9926346,51.5764076]}},{"type":"Feature","id":"node/11833632607","properties":{"highway":"street_lamp","id":"node/11833632607"},"geometry":{"type":"Point","coordinates":[4.9919679,51.5765052]}},{"type":"Feature","id":"node/11833632608","properties":{"highway":"street_lamp","id":"node/11833632608"},"geometry":{"type":"Point","coordinates":[4.9915102,51.5764103]}},{"type":"Feature","id":"node/11833632609","properties":{"highway":"street_lamp","id":"node/11833632609"},"geometry":{"type":"Point","coordinates":[4.9915326,51.5765461]}},{"type":"Feature","id":"node/11833632610","properties":{"highway":"street_lamp","id":"node/11833632610"},"geometry":{"type":"Point","coordinates":[4.9917924,51.5764604]}},{"type":"Feature","id":"node/11833632611","properties":{"highway":"street_lamp","id":"node/11833632611"},"geometry":{"type":"Point","coordinates":[4.9910912,51.5765605]}},{"type":"Feature","id":"node/11833632612","properties":{"highway":"street_lamp","id":"node/11833632612"},"geometry":{"type":"Point","coordinates":[4.9906456,51.5763714]}},{"type":"Feature","id":"node/11833632613","properties":{"highway":"street_lamp","id":"node/11833632613"},"geometry":{"type":"Point","coordinates":[4.9906913,51.5765414]}},{"type":"Feature","id":"node/11833632614","properties":{"highway":"street_lamp","id":"node/11833632614"},"geometry":{"type":"Point","coordinates":[4.990604,51.5764713]}},{"type":"Feature","id":"node/11833632615","properties":{"highway":"street_lamp","id":"node/11833632615"},"geometry":{"type":"Point","coordinates":[4.9903438,51.5764393]}},{"type":"Feature","id":"node/11833632616","properties":{"highway":"street_lamp","id":"node/11833632616"},"geometry":{"type":"Point","coordinates":[4.9902146,51.5765047]}},{"type":"Feature","id":"node/11833632617","properties":{"highway":"street_lamp","id":"node/11833632617"},"geometry":{"type":"Point","coordinates":[4.9902805,51.5763509]}},{"type":"Feature","id":"node/11833632618","properties":{"highway":"street_lamp","id":"node/11833632618"},"geometry":{"type":"Point","coordinates":[4.9899768,51.5762964]}},{"type":"Feature","id":"node/11833632619","properties":{"highway":"street_lamp","id":"node/11833632619"},"geometry":{"type":"Point","coordinates":[4.9899028,51.5764305]}},{"type":"Feature","id":"node/11833632620","properties":{"highway":"street_lamp","id":"node/11833632620"},"geometry":{"type":"Point","coordinates":[4.9895951,51.5763506]}},{"type":"Feature","id":"node/11833632621","properties":{"highway":"street_lamp","id":"node/11833632621"},"geometry":{"type":"Point","coordinates":[4.9896854,51.5762237]}},{"type":"Feature","id":"node/11833632622","properties":{"highway":"street_lamp","id":"node/11833632622"},"geometry":{"type":"Point","coordinates":[4.9893997,51.5761407]}},{"type":"Feature","id":"node/11833632623","properties":{"highway":"street_lamp","id":"node/11833632623"},"geometry":{"type":"Point","coordinates":[4.989293,51.5762555]}},{"type":"Feature","id":"node/11833632624","properties":{"highway":"street_lamp","id":"node/11833632624"},"geometry":{"type":"Point","coordinates":[4.9890103,51.5761464]}},{"type":"Feature","id":"node/11833632625","properties":{"highway":"street_lamp","id":"node/11833632625"},"geometry":{"type":"Point","coordinates":[4.9891302,51.5760379]}},{"type":"Feature","id":"node/11833632626","properties":{"highway":"street_lamp","id":"node/11833632626"},"geometry":{"type":"Point","coordinates":[4.9887419,51.5760195]}},{"type":"Feature","id":"node/11833632627","properties":{"highway":"street_lamp","id":"node/11833632627"},"geometry":{"type":"Point","coordinates":[4.9888766,51.5759193]}},{"type":"Feature","id":"node/11833632628","properties":{"highway":"street_lamp","id":"node/11833632628"},"geometry":{"type":"Point","coordinates":[4.9884908,51.5758784]}},{"type":"Feature","id":"node/11833632629","properties":{"highway":"street_lamp","id":"node/11833632629"},"geometry":{"type":"Point","coordinates":[4.9886383,51.5757883]}},{"type":"Feature","id":"node/11833632630","properties":{"highway":"street_lamp","id":"node/11833632630"},"geometry":{"type":"Point","coordinates":[4.9882622,51.5757268]}},{"type":"Feature","id":"node/11833632631","properties":{"highway":"street_lamp","id":"node/11833632631"},"geometry":{"type":"Point","coordinates":[4.988424,51.5756427]}},{"type":"Feature","id":"node/11833632632","properties":{"highway":"street_lamp","id":"node/11833632632"},"geometry":{"type":"Point","coordinates":[4.9882311,51.5754924]}},{"type":"Feature","id":"node/11833632633","properties":{"highway":"street_lamp","id":"node/11833632633"},"geometry":{"type":"Point","coordinates":[4.9880581,51.5755652]}},{"type":"Feature","id":"node/11833632634","properties":{"highway":"street_lamp","id":"node/11833632634"},"geometry":{"type":"Point","coordinates":[4.9880316,51.5753229]}},{"type":"Feature","id":"node/11833632635","properties":{"highway":"street_lamp","id":"node/11833632635"},"geometry":{"type":"Point","coordinates":[4.9878675,51.5754032]}},{"type":"Feature","id":"node/11833632636","properties":{"highway":"street_lamp","id":"node/11833632636"},"geometry":{"type":"Point","coordinates":[4.9877965,51.5751505]}},{"type":"Feature","id":"node/11833632637","properties":{"highway":"street_lamp","id":"node/11833632637"},"geometry":{"type":"Point","coordinates":[4.9875219,51.5752624]}},{"type":"Feature","id":"node/11833632638","properties":{"highway":"street_lamp","id":"node/11833632638"},"geometry":{"type":"Point","coordinates":[4.9878317,51.5750798]}},{"type":"Feature","id":"node/11833632639","properties":{"highway":"street_lamp","id":"node/11833632639"},"geometry":{"type":"Point","coordinates":[4.9879822,51.5751372]}},{"type":"Feature","id":"node/11833632640","properties":{"highway":"street_lamp","id":"node/11833632640"},"geometry":{"type":"Point","coordinates":[4.9882639,51.5750902]}},{"type":"Feature","id":"node/11833632641","properties":{"highway":"street_lamp","id":"node/11833632641"},"geometry":{"type":"Point","coordinates":[4.9881027,51.5750125]}},{"type":"Feature","id":"node/11833632642","properties":{"highway":"street_lamp","id":"node/11833632642"},"geometry":{"type":"Point","coordinates":[4.9883857,51.574971]}},{"type":"Feature","id":"node/11833632643","properties":{"highway":"street_lamp","id":"node/11833632643"},"geometry":{"type":"Point","coordinates":[4.9885903,51.5750267]}},{"type":"Feature","id":"node/11833632644","properties":{"highway":"street_lamp","id":"node/11833632644"},"geometry":{"type":"Point","coordinates":[4.9889437,51.5749908]}},{"type":"Feature","id":"node/11833632645","properties":{"highway":"street_lamp","id":"node/11833632645"},"geometry":{"type":"Point","coordinates":[4.9892375,51.5749461]}},{"type":"Feature","id":"node/11833632646","properties":{"highway":"street_lamp","id":"node/11833632646"},"geometry":{"type":"Point","coordinates":[4.9895602,51.5748966]}},{"type":"Feature","id":"node/11833632647","properties":{"highway":"street_lamp","id":"node/11833632647"},"geometry":{"type":"Point","coordinates":[4.9898831,51.5748489]}},{"type":"Feature","id":"node/11833632648","properties":{"highway":"street_lamp","id":"node/11833632648"},"geometry":{"type":"Point","coordinates":[4.9901729,51.5748055]}},{"type":"Feature","id":"node/11833632649","properties":{"highway":"street_lamp","id":"node/11833632649"},"geometry":{"type":"Point","coordinates":[4.9905106,51.5747556]}},{"type":"Feature","id":"node/11833632650","properties":{"highway":"street_lamp","id":"node/11833632650"},"geometry":{"type":"Point","coordinates":[4.9908203,51.5747119]}},{"type":"Feature","id":"node/11833632651","properties":{"highway":"street_lamp","id":"node/11833632651"},"geometry":{"type":"Point","coordinates":[4.9911158,51.5746678]}},{"type":"Feature","id":"node/11833632652","properties":{"highway":"street_lamp","id":"node/11833632652"},"geometry":{"type":"Point","coordinates":[4.9913873,51.5746174]}},{"type":"Feature","id":"node/11833632653","properties":{"highway":"street_lamp","id":"node/11833632653"},"geometry":{"type":"Point","coordinates":[4.9917644,51.5745647]}},{"type":"Feature","id":"node/11833632654","properties":{"highway":"street_lamp","id":"node/11833632654"},"geometry":{"type":"Point","coordinates":[4.9920542,51.5745251]}},{"type":"Feature","id":"node/11833632655","properties":{"highway":"street_lamp","id":"node/11833632655"},"geometry":{"type":"Point","coordinates":[4.9923939,51.5744762]}},{"type":"Feature","id":"node/11833632659","properties":{"highway":"street_lamp","id":"node/11833632659"},"geometry":{"type":"Point","coordinates":[4.9914974,51.5745102]}},{"type":"Feature","id":"node/11833632660","properties":{"highway":"street_lamp","id":"node/11833632660"},"geometry":{"type":"Point","coordinates":[4.9911878,51.5745552]}},{"type":"Feature","id":"node/11833632661","properties":{"highway":"street_lamp","id":"node/11833632661"},"geometry":{"type":"Point","coordinates":[4.9909056,51.5745985]}},{"type":"Feature","id":"node/11833632662","properties":{"highway":"street_lamp","id":"node/11833632662"},"geometry":{"type":"Point","coordinates":[4.990629,51.574638]}},{"type":"Feature","id":"node/11833632663","properties":{"highway":"street_lamp","id":"node/11833632663"},"geometry":{"type":"Point","coordinates":[4.9903484,51.5746798]}},{"type":"Feature","id":"node/11833632664","properties":{"highway":"street_lamp","id":"node/11833632664"},"geometry":{"type":"Point","coordinates":[4.9900722,51.5747206]}},{"type":"Feature","id":"node/11833632665","properties":{"highway":"street_lamp","id":"node/11833632665"},"geometry":{"type":"Point","coordinates":[4.9897872,51.5747661]}},{"type":"Feature","id":"node/11833632666","properties":{"highway":"street_lamp","id":"node/11833632666"},"geometry":{"type":"Point","coordinates":[4.9895045,51.5748072]}},{"type":"Feature","id":"node/11833632667","properties":{"highway":"street_lamp","id":"node/11833632667"},"geometry":{"type":"Point","coordinates":[4.9892227,51.5748469]}},{"type":"Feature","id":"node/11833632668","properties":{"highway":"street_lamp","id":"node/11833632668"},"geometry":{"type":"Point","coordinates":[4.9889433,51.574886]}},{"type":"Feature","id":"node/11833641769","properties":{"highway":"street_lamp","id":"node/11833641769"},"geometry":{"type":"Point","coordinates":[4.9886933,51.574915]}},{"type":"Feature","id":"node/11833641770","properties":{"highway":"street_lamp","id":"node/11833641770"},"geometry":{"type":"Point","coordinates":[4.9912358,51.574207]}},{"type":"Feature","id":"node/11833641771","properties":{"highway":"street_lamp","id":"node/11833641771"},"geometry":{"type":"Point","coordinates":[4.9908598,51.5742613]}},{"type":"Feature","id":"node/11833641772","properties":{"highway":"street_lamp","id":"node/11833641772"},"geometry":{"type":"Point","coordinates":[4.9904999,51.5743153]}},{"type":"Feature","id":"node/11833641773","properties":{"highway":"street_lamp","id":"node/11833641773"},"geometry":{"type":"Point","coordinates":[4.9902595,51.5743481]}},{"type":"Feature","id":"node/11833641774","properties":{"highway":"street_lamp","id":"node/11833641774"},"geometry":{"type":"Point","coordinates":[4.989906,51.5744011]}},{"type":"Feature","id":"node/11833641775","properties":{"highway":"street_lamp","id":"node/11833641775"},"geometry":{"type":"Point","coordinates":[4.9895976,51.5744474]}},{"type":"Feature","id":"node/11833641776","properties":{"highway":"street_lamp","id":"node/11833641776"},"geometry":{"type":"Point","coordinates":[4.9892925,51.574493]}},{"type":"Feature","id":"node/11833641777","properties":{"highway":"street_lamp","id":"node/11833641777"},"geometry":{"type":"Point","coordinates":[4.9889426,51.5745475]}},{"type":"Feature","id":"node/11833641778","properties":{"highway":"street_lamp","id":"node/11833641778"},"geometry":{"type":"Point","coordinates":[4.9886028,51.5745983]}},{"type":"Feature","id":"node/11834580092","properties":{"highway":"street_lamp","id":"node/11834580092"},"geometry":{"type":"Point","coordinates":[4.9922636,51.5708094]}},{"type":"Feature","id":"node/11834580093","properties":{"highway":"street_lamp","id":"node/11834580093"},"geometry":{"type":"Point","coordinates":[4.9919135,51.5708613]}},{"type":"Feature","id":"node/11834580094","properties":{"highway":"street_lamp","id":"node/11834580094"},"geometry":{"type":"Point","coordinates":[4.9915642,51.5709123]}},{"type":"Feature","id":"node/11834580095","properties":{"highway":"street_lamp","id":"node/11834580095"},"geometry":{"type":"Point","coordinates":[4.9912146,51.5709655]}},{"type":"Feature","id":"node/11834580096","properties":{"highway":"street_lamp","id":"node/11834580096"},"geometry":{"type":"Point","coordinates":[4.9908624,51.5710256]}},{"type":"Feature","id":"node/11834594760","properties":{"highway":"street_lamp","id":"node/11834594760"},"geometry":{"type":"Point","coordinates":[4.9942046,51.5761045]}},{"type":"Feature","id":"node/11834594761","properties":{"highway":"street_lamp","id":"node/11834594761"},"geometry":{"type":"Point","coordinates":[4.9944459,51.5760719]}},{"type":"Feature","id":"node/11834718388","properties":{"highway":"street_lamp","id":"node/11834718388"},"geometry":{"type":"Point","coordinates":[4.9935485,51.5701642]}},{"type":"Feature","id":"node/11834718389","properties":{"highway":"street_lamp","id":"node/11834718389"},"geometry":{"type":"Point","coordinates":[4.9934846,51.5699958]}},{"type":"Feature","id":"node/11834718390","properties":{"highway":"street_lamp","id":"node/11834718390"},"geometry":{"type":"Point","coordinates":[4.9936299,51.5699194]}},{"type":"Feature","id":"node/11834718391","properties":{"highway":"street_lamp","id":"node/11834718391"},"geometry":{"type":"Point","coordinates":[4.9935341,51.5697354]}},{"type":"Feature","id":"node/11834718392","properties":{"highway":"street_lamp","id":"node/11834718392"},"geometry":{"type":"Point","coordinates":[4.9936746,51.5696779]}},{"type":"Feature","id":"node/11834718393","properties":{"highway":"street_lamp","id":"node/11834718393"},"geometry":{"type":"Point","coordinates":[4.993661,51.5694383]}},{"type":"Feature","id":"node/11834718394","properties":{"highway":"street_lamp","id":"node/11834718394"},"geometry":{"type":"Point","coordinates":[4.9933987,51.5694795]}},{"type":"Feature","id":"node/11834718395","properties":{"highway":"street_lamp","id":"node/11834718395"},"geometry":{"type":"Point","coordinates":[4.9936503,51.5691937]}},{"type":"Feature","id":"node/11834718396","properties":{"highway":"street_lamp","id":"node/11834718396"},"geometry":{"type":"Point","coordinates":[4.9935231,51.5692493]}},{"type":"Feature","id":"node/11834718397","properties":{"highway":"street_lamp","id":"node/11834718397"},"geometry":{"type":"Point","coordinates":[4.993639,51.5689537]}},{"type":"Feature","id":"node/11834718398","properties":{"highway":"street_lamp","id":"node/11834718398"},"geometry":{"type":"Point","coordinates":[4.9933794,51.5690196]}},{"type":"Feature","id":"node/11834718399","properties":{"highway":"street_lamp","id":"node/11834718399"},"geometry":{"type":"Point","coordinates":[4.9935052,51.5687837]}},{"type":"Feature","id":"node/11834718400","properties":{"highway":"street_lamp","id":"node/11834718400"},"geometry":{"type":"Point","coordinates":[4.9936343,51.5687115]}},{"type":"Feature","id":"node/11834718401","properties":{"highway":"street_lamp","id":"node/11834718401"},"geometry":{"type":"Point","coordinates":[4.9933618,51.5685499]}},{"type":"Feature","id":"node/11834718402","properties":{"highway":"street_lamp","id":"node/11834718402"},"geometry":{"type":"Point","coordinates":[4.9936355,51.5684823]}},{"type":"Feature","id":"node/11834718403","properties":{"highway":"street_lamp","id":"node/11834718403"},"geometry":{"type":"Point","coordinates":[4.9934897,51.5683188]}},{"type":"Feature","id":"node/11834718404","properties":{"highway":"street_lamp","id":"node/11834718404"},"geometry":{"type":"Point","coordinates":[4.9933232,51.5680923]}},{"type":"Feature","id":"node/11834718405","properties":{"highway":"street_lamp","id":"node/11834718405"},"geometry":{"type":"Point","coordinates":[4.9936109,51.5682254]}},{"type":"Feature","id":"node/11834718406","properties":{"highway":"street_lamp","id":"node/11834718406"},"geometry":{"type":"Point","coordinates":[4.9935554,51.5679788]}},{"type":"Feature","id":"node/11834718407","properties":{"highway":"street_lamp","id":"node/11834718407"},"geometry":{"type":"Point","coordinates":[4.9933761,51.5678522]}},{"type":"Feature","id":"node/11834718408","properties":{"highway":"street_lamp","id":"node/11834718408"},"geometry":{"type":"Point","coordinates":[4.9934504,51.5677419]}},{"type":"Feature","id":"node/11834718409","properties":{"highway":"street_lamp","id":"node/11834718409"},"geometry":{"type":"Point","coordinates":[4.9931299,51.5676629]}},{"type":"Feature","id":"node/11834718410","properties":{"highway":"street_lamp","id":"node/11834718410"},"geometry":{"type":"Point","coordinates":[4.9933519,51.5675657]}},{"type":"Feature","id":"node/11834718411","properties":{"highway":"street_lamp","id":"node/11834718411"},"geometry":{"type":"Point","coordinates":[4.9931589,51.5674194]}},{"type":"Feature","id":"node/11834718412","properties":{"highway":"street_lamp","id":"node/11834718412"},"geometry":{"type":"Point","coordinates":[4.9932673,51.5672829]}},{"type":"Feature","id":"node/11834718413","properties":{"highway":"street_lamp","id":"node/11834718413"},"geometry":{"type":"Point","coordinates":[4.9932311,51.5670443]}},{"type":"Feature","id":"node/11834718414","properties":{"highway":"street_lamp","id":"node/11834718414"},"geometry":{"type":"Point","coordinates":[4.9929725,51.5671964]}},{"type":"Feature","id":"node/11834718415","properties":{"highway":"street_lamp","id":"node/11834718415"},"geometry":{"type":"Point","coordinates":[4.9930922,51.5669695]}},{"type":"Feature","id":"node/11834718416","properties":{"highway":"street_lamp","id":"node/11834718416"},"geometry":{"type":"Point","coordinates":[4.9929501,51.5667504]}},{"type":"Feature","id":"node/11834718417","properties":{"highway":"street_lamp","id":"node/11834718417"},"geometry":{"type":"Point","coordinates":[4.9930788,51.5665324]}},{"type":"Feature","id":"node/11834718418","properties":{"highway":"street_lamp","id":"node/11834718418"},"geometry":{"type":"Point","coordinates":[4.992966,51.5663076]}},{"type":"Feature","id":"node/11834718419","properties":{"highway":"street_lamp","id":"node/11834718419"},"geometry":{"type":"Point","coordinates":[4.9930592,51.5660856]}},{"type":"Feature","id":"node/11834718420","properties":{"highway":"street_lamp","id":"node/11834718420"},"geometry":{"type":"Point","coordinates":[4.9927524,51.5660988]}},{"type":"Feature","id":"node/11834718421","properties":{"highway":"street_lamp","id":"node/11834718421"},"geometry":{"type":"Point","coordinates":[4.9928965,51.5658673]}},{"type":"Feature","id":"node/11834718422","properties":{"highway":"street_lamp","id":"node/11834718422"},"geometry":{"type":"Point","coordinates":[4.9929487,51.5658667]}},{"type":"Feature","id":"node/11834718423","properties":{"highway":"street_lamp","id":"node/11834718423"},"geometry":{"type":"Point","coordinates":[4.9930829,51.5656405]}},{"type":"Feature","id":"node/11834718424","properties":{"highway":"street_lamp","id":"node/11834718424"},"geometry":{"type":"Point","coordinates":[4.9932013,51.5655862]}},{"type":"Feature","id":"node/11834718425","properties":{"highway":"street_lamp","id":"node/11834718425"},"geometry":{"type":"Point","coordinates":[4.9927079,51.5656483]}},{"type":"Feature","id":"node/11834718426","properties":{"highway":"street_lamp","id":"node/11834718426"},"geometry":{"type":"Point","coordinates":[4.9926906,51.5652423]}},{"type":"Feature","id":"node/11834718427","properties":{"highway":"street_lamp","id":"node/11834718427"},"geometry":{"type":"Point","coordinates":[4.9928764,51.5654289]}},{"type":"Feature","id":"node/11834718428","properties":{"highway":"street_lamp","id":"node/11834718428"},"geometry":{"type":"Point","coordinates":[4.9929386,51.565424]}},{"type":"Feature","id":"node/11834718429","properties":{"highway":"street_lamp","id":"node/11834718429"},"geometry":{"type":"Point","coordinates":[4.9930285,51.5652345]}},{"type":"Feature","id":"node/11834718430","properties":{"highway":"street_lamp","id":"node/11834718430"},"geometry":{"type":"Point","coordinates":[4.9931784,51.565341]}},{"type":"Feature","id":"node/11835034396","properties":{"highway":"street_lamp","id":"node/11835034396"},"geometry":{"type":"Point","coordinates":[4.9942288,51.5757117]}},{"type":"Feature","id":"node/11835034397","properties":{"highway":"street_lamp","id":"node/11835034397"},"geometry":{"type":"Point","coordinates":[4.9942977,51.5758921]}},{"type":"Feature","id":"node/11835034398","properties":{"highway":"street_lamp","id":"node/11835034398"},"geometry":{"type":"Point","coordinates":[4.9941604,51.5755217]}},{"type":"Feature","id":"node/11835034399","properties":{"highway":"street_lamp","id":"node/11835034399"},"geometry":{"type":"Point","coordinates":[4.994239,51.5754282]}},{"type":"Feature","id":"node/11835034400","properties":{"highway":"street_lamp","id":"node/11835034400"},"geometry":{"type":"Point","coordinates":[4.9945263,51.575386]}},{"type":"Feature","id":"node/11835034401","properties":{"highway":"street_lamp","id":"node/11835034401"},"geometry":{"type":"Point","coordinates":[4.9948039,51.5753448]}},{"type":"Feature","id":"node/11835034402","properties":{"highway":"street_lamp","id":"node/11835034402"},"geometry":{"type":"Point","coordinates":[4.9953009,51.5755319]}},{"type":"Feature","id":"node/11835034403","properties":{"highway":"street_lamp","id":"node/11835034403"},"geometry":{"type":"Point","coordinates":[4.9952198,51.5753165]}},{"type":"Feature","id":"node/11835034404","properties":{"highway":"street_lamp","id":"node/11835034404"},"geometry":{"type":"Point","coordinates":[4.9951336,51.5750955]}},{"type":"Feature","id":"node/11835034405","properties":{"highway":"street_lamp","id":"node/11835034405"},"geometry":{"type":"Point","coordinates":[4.9950499,51.5748782]}},{"type":"Feature","id":"node/11835034406","properties":{"highway":"street_lamp","id":"node/11835034406"},"geometry":{"type":"Point","coordinates":[4.9949641,51.5746585]}},{"type":"Feature","id":"node/11835034407","properties":{"highway":"street_lamp","id":"node/11835034407"},"geometry":{"type":"Point","coordinates":[4.994951,51.5751145]}},{"type":"Feature","id":"node/11835034408","properties":{"highway":"street_lamp","id":"node/11835034408"},"geometry":{"type":"Point","coordinates":[4.9950383,51.575333]}},{"type":"Feature","id":"node/11835034409","properties":{"highway":"street_lamp","id":"node/11835034409"},"geometry":{"type":"Point","coordinates":[4.9951171,51.5755551]}},{"type":"Feature","id":"node/11835034410","properties":{"highway":"street_lamp","id":"node/11835034410"},"geometry":{"type":"Point","coordinates":[4.9948682,51.5748958]}},{"type":"Feature","id":"node/11835034411","properties":{"highway":"street_lamp","id":"node/11835034411"},"geometry":{"type":"Point","coordinates":[4.9947854,51.5746761]}},{"type":"Feature","id":"node/11835034412","properties":{"highway":"street_lamp","id":"node/11835034412"},"geometry":{"type":"Point","coordinates":[4.9947009,51.574451]}},{"type":"Feature","id":"node/11835034413","properties":{"highway":"street_lamp","id":"node/11835034413"},"geometry":{"type":"Point","coordinates":[4.995027,51.5744154]}},{"type":"Feature","id":"node/11835034414","properties":{"highway":"street_lamp","id":"node/11835034414"},"geometry":{"type":"Point","coordinates":[4.9947374,51.5741272]}},{"type":"Feature","id":"node/11835034415","properties":{"highway":"street_lamp","id":"node/11835034415"},"geometry":{"type":"Point","coordinates":[4.9949324,51.5740969]}},{"type":"Feature","id":"node/11835034416","properties":{"highway":"street_lamp","id":"node/11835034416"},"geometry":{"type":"Point","coordinates":[4.9948737,51.5739559]}},{"type":"Feature","id":"node/11835034417","properties":{"highway":"street_lamp","id":"node/11835034417"},"geometry":{"type":"Point","coordinates":[4.9947631,51.5737455]}},{"type":"Feature","id":"node/11835034418","properties":{"highway":"street_lamp","id":"node/11835034418"},"geometry":{"type":"Point","coordinates":[4.9948038,51.5737053]}},{"type":"Feature","id":"node/11835034419","properties":{"highway":"street_lamp","id":"node/11835034419"},"geometry":{"type":"Point","coordinates":[4.9949488,51.5738083]}},{"type":"Feature","id":"node/11835034420","properties":{"highway":"street_lamp","id":"node/11835034420"},"geometry":{"type":"Point","coordinates":[4.9945563,51.5736509]}},{"type":"Feature","id":"node/11835034421","properties":{"highway":"street_lamp","id":"node/11835034421"},"geometry":{"type":"Point","coordinates":[4.9944326,51.5737945]}},{"type":"Feature","id":"node/11835034422","properties":{"highway":"street_lamp","id":"node/11835034422"},"geometry":{"type":"Point","coordinates":[4.9946398,51.5738727]}},{"type":"Feature","id":"node/11835034423","properties":{"highway":"street_lamp","id":"node/11835034423"},"geometry":{"type":"Point","coordinates":[4.994605,51.5742099]}},{"type":"Feature","id":"node/11835034424","properties":{"highway":"street_lamp","id":"node/11835034424"},"geometry":{"type":"Point","coordinates":[4.9950986,51.5744615]}},{"type":"Feature","id":"node/11868399144","properties":{"highway":"street_lamp","id":"node/11868399144"},"geometry":{"type":"Point","coordinates":[4.9953271,51.5704865]}},{"type":"Feature","id":"node/11868399145","properties":{"highway":"street_lamp","id":"node/11868399145"},"geometry":{"type":"Point","coordinates":[4.9950311,51.5705319]}},{"type":"Feature","id":"node/11868399146","properties":{"highway":"street_lamp","id":"node/11868399146"},"geometry":{"type":"Point","coordinates":[4.9954113,51.5707086]}},{"type":"Feature","id":"node/11868399147","properties":{"highway":"street_lamp","id":"node/11868399147"},"geometry":{"type":"Point","coordinates":[4.9951183,51.5707552]}},{"type":"Feature","id":"node/11868399148","properties":{"highway":"street_lamp","id":"node/11868399148"},"geometry":{"type":"Point","coordinates":[4.9954955,51.5709233]}},{"type":"Feature","id":"node/11868399149","properties":{"highway":"street_lamp","id":"node/11868399149"},"geometry":{"type":"Point","coordinates":[4.9951979,51.570968]}},{"type":"Feature","id":"node/11868399150","properties":{"highway":"street_lamp","id":"node/11868399150"},"geometry":{"type":"Point","coordinates":[4.9955786,51.5711415]}},{"type":"Feature","id":"node/11868399151","properties":{"highway":"street_lamp","id":"node/11868399151"},"geometry":{"type":"Point","coordinates":[4.9952827,51.5711862]}},{"type":"Feature","id":"node/11868399152","properties":{"highway":"street_lamp","id":"node/11868399152"},"geometry":{"type":"Point","coordinates":[4.9953658,51.5714032]}},{"type":"Feature","id":"node/11868399153","properties":{"highway":"street_lamp","id":"node/11868399153"},"geometry":{"type":"Point","coordinates":[4.9956618,51.5713534]}},{"type":"Feature","id":"node/11868399154","properties":{"highway":"street_lamp","id":"node/11868399154"},"geometry":{"type":"Point","coordinates":[4.9954475,51.5716154]}},{"type":"Feature","id":"node/11868399155","properties":{"highway":"street_lamp","id":"node/11868399155"},"geometry":{"type":"Point","coordinates":[4.9957404,51.5715694]}},{"type":"Feature","id":"node/11868399156","properties":{"highway":"street_lamp","id":"node/11868399156"},"geometry":{"type":"Point","coordinates":[4.9955358,51.5718431]}},{"type":"Feature","id":"node/11868399157","properties":{"highway":"street_lamp","id":"node/11868399157"},"geometry":{"type":"Point","coordinates":[4.9958307,51.5718006]}},{"type":"Feature","id":"node/11868399158","properties":{"highway":"street_lamp","id":"node/11868399158"},"geometry":{"type":"Point","coordinates":[4.9956128,51.5720477]}},{"type":"Feature","id":"node/11868399159","properties":{"highway":"street_lamp","id":"node/11868399159"},"geometry":{"type":"Point","coordinates":[4.9959068,51.572001]}},{"type":"Feature","id":"node/11868399160","properties":{"highway":"street_lamp","id":"node/11868399160"},"geometry":{"type":"Point","coordinates":[4.9956894,51.5722475]}},{"type":"Feature","id":"node/11868399161","properties":{"highway":"street_lamp","id":"node/11868399161"},"geometry":{"type":"Point","coordinates":[4.9959864,51.5722028]}},{"type":"Feature","id":"node/11868399162","properties":{"highway":"street_lamp","id":"node/11868399162"},"geometry":{"type":"Point","coordinates":[4.9957103,51.572302]}},{"type":"Feature","id":"node/11868399163","properties":{"highway":"street_lamp","id":"node/11868399163"},"geometry":{"type":"Point","coordinates":[4.9960052,51.5722602]}},{"type":"Feature","id":"node/11868399164","properties":{"highway":"street_lamp","id":"node/11868399164"},"geometry":{"type":"Point","coordinates":[4.9963487,51.5722094]}},{"type":"Feature","id":"node/11868399165","properties":{"highway":"street_lamp","id":"node/11868399165"},"geometry":{"type":"Point","coordinates":[4.9966538,51.5721638]}},{"type":"Feature","id":"node/11868399166","properties":{"highway":"street_lamp","id":"node/11868399166"},"geometry":{"type":"Point","coordinates":[4.9973825,51.572055]}},{"type":"Feature","id":"node/11868399167","properties":{"highway":"street_lamp","id":"node/11868399167"},"geometry":{"type":"Point","coordinates":[4.9977275,51.5720045]}},{"type":"Feature","id":"node/11868399168","properties":{"highway":"street_lamp","id":"node/11868399168"},"geometry":{"type":"Point","coordinates":[4.9980291,51.5719589]}},{"type":"Feature","id":"node/11868468424","properties":{"highway":"street_lamp","id":"node/11868468424"},"geometry":{"type":"Point","coordinates":[4.9976838,51.5701351]}},{"type":"Feature","id":"node/11868468425","properties":{"highway":"street_lamp","id":"node/11868468425"},"geometry":{"type":"Point","coordinates":[4.9979798,51.5700951]}},{"type":"Feature","id":"node/11868468426","properties":{"highway":"street_lamp","id":"node/11868468426"},"geometry":{"type":"Point","coordinates":[4.9980656,51.5703158]}},{"type":"Feature","id":"node/11868468427","properties":{"highway":"street_lamp","id":"node/11868468427"},"geometry":{"type":"Point","coordinates":[4.9977685,51.5703583]}},{"type":"Feature","id":"node/11868468428","properties":{"highway":"street_lamp","id":"node/11868468428"},"geometry":{"type":"Point","coordinates":[4.9981517,51.5705385]}},{"type":"Feature","id":"node/11868468429","properties":{"highway":"street_lamp","id":"node/11868468429"},"geometry":{"type":"Point","coordinates":[4.9978522,51.5705761]}},{"type":"Feature","id":"node/11868468430","properties":{"highway":"street_lamp","id":"node/11868468430"},"geometry":{"type":"Point","coordinates":[4.9979396,51.5708023]}},{"type":"Feature","id":"node/11868468431","properties":{"highway":"street_lamp","id":"node/11868468431"},"geometry":{"type":"Point","coordinates":[4.9982311,51.5707505]}},{"type":"Feature","id":"node/11868468432","properties":{"highway":"street_lamp","id":"node/11868468432"},"geometry":{"type":"Point","coordinates":[4.9983184,51.5709679]}},{"type":"Feature","id":"node/11868468433","properties":{"highway":"street_lamp","id":"node/11868468433"},"geometry":{"type":"Point","coordinates":[4.9980209,51.571016]}},{"type":"Feature","id":"node/11868468434","properties":{"highway":"street_lamp","id":"node/11868468434"},"geometry":{"type":"Point","coordinates":[4.9983989,51.5711861]}},{"type":"Feature","id":"node/11868468435","properties":{"highway":"street_lamp","id":"node/11868468435"},"geometry":{"type":"Point","coordinates":[4.9981038,51.5712292]}},{"type":"Feature","id":"node/11868468436","properties":{"highway":"street_lamp","id":"node/11868468436"},"geometry":{"type":"Point","coordinates":[4.9984863,51.5714086]}},{"type":"Feature","id":"node/11868468437","properties":{"highway":"street_lamp","id":"node/11868468437"},"geometry":{"type":"Point","coordinates":[4.99819,51.5714556]}},{"type":"Feature","id":"node/11868468438","properties":{"highway":"street_lamp","id":"node/11868468438"},"geometry":{"type":"Point","coordinates":[4.9982637,51.5716458]}},{"type":"Feature","id":"node/11868468439","properties":{"highway":"street_lamp","id":"node/11868468439"},"geometry":{"type":"Point","coordinates":[4.9985588,51.5715983]}},{"type":"Feature","id":"node/11868468440","properties":{"highway":"street_lamp","id":"node/11868468440"},"geometry":{"type":"Point","coordinates":[4.998341,51.5718507]}},{"type":"Feature","id":"node/11868468441","properties":{"highway":"street_lamp","id":"node/11868468441"},"geometry":{"type":"Point","coordinates":[4.9986401,51.5718092]}},{"type":"Feature","id":"node/11868472969","properties":{"highway":"street_lamp","id":"node/11868472969"},"geometry":{"type":"Point","coordinates":[4.9983644,51.5719097]}},{"type":"Feature","id":"node/11868472970","properties":{"highway":"street_lamp","id":"node/11868472970"},"geometry":{"type":"Point","coordinates":[4.9986609,51.5718672]}},{"type":"Feature","id":"node/11868472971","properties":{"highway":"street_lamp","id":"node/11868472971"},"geometry":{"type":"Point","coordinates":[4.9989971,51.5718168]}},{"type":"Feature","id":"node/11868472972","properties":{"highway":"street_lamp","id":"node/11868472972"},"geometry":{"type":"Point","coordinates":[4.9993043,51.5717692]}},{"type":"Feature","id":"node/11868472973","properties":{"highway":"street_lamp","id":"node/11868472973"},"geometry":{"type":"Point","coordinates":[4.9996723,51.571715]}},{"type":"Feature","id":"node/11868472974","properties":{"highway":"street_lamp","id":"node/11868472974"},"geometry":{"type":"Point","coordinates":[5.0000244,51.5716623]}},{"type":"Feature","id":"node/11868472975","properties":{"highway":"street_lamp","id":"node/11868472975"},"geometry":{"type":"Point","coordinates":[5.000379,51.57161]}},{"type":"Feature","id":"node/11868472976","properties":{"highway":"street_lamp","id":"node/11868472976"},"geometry":{"type":"Point","coordinates":[5.0006837,51.5715646]}},{"type":"Feature","id":"node/11868472977","properties":{"highway":"street_lamp","id":"node/11868472977"},"geometry":{"type":"Point","coordinates":[5.0010149,51.5715151]}},{"type":"Feature","id":"node/11868472978","properties":{"highway":"street_lamp","id":"node/11868472978"},"geometry":{"type":"Point","coordinates":[5.0013124,51.5714714]}},{"type":"Feature","id":"node/11868472979","properties":{"highway":"street_lamp","id":"node/11868472979"},"geometry":{"type":"Point","coordinates":[5.0016492,51.571419]}},{"type":"Feature","id":"node/11868472980","properties":{"highway":"street_lamp","id":"node/11868472980"},"geometry":{"type":"Point","coordinates":[5.0019508,51.571374]}},{"type":"Feature","id":"node/11868472981","properties":{"highway":"street_lamp","id":"node/11868472981"},"geometry":{"type":"Point","coordinates":[5.0023238,51.5713182]}},{"type":"Feature","id":"node/11868472982","properties":{"highway":"street_lamp","id":"node/11868472982"},"geometry":{"type":"Point","coordinates":[5.0026805,51.5712665]}},{"type":"Feature","id":"node/11868472983","properties":{"highway":"street_lamp","id":"node/11868472983"},"geometry":{"type":"Point","coordinates":[5.0030311,51.5712129]}},{"type":"Feature","id":"node/11868472984","properties":{"highway":"street_lamp","id":"node/11868472984"},"geometry":{"type":"Point","coordinates":[5.0033357,51.5711682]}},{"type":"Feature","id":"node/11868472985","properties":{"highway":"street_lamp","id":"node/11868472985"},"geometry":{"type":"Point","coordinates":[5.0036664,51.5711187]}},{"type":"Feature","id":"node/11868472986","properties":{"highway":"street_lamp","id":"node/11868472986"},"geometry":{"type":"Point","coordinates":[5.0039639,51.5710755]}},{"type":"Feature","id":"node/11868472987","properties":{"highway":"street_lamp","id":"node/11868472987"},"geometry":{"type":"Point","coordinates":[5.0042992,51.5710232]}},{"type":"Feature","id":"node/11868472988","properties":{"highway":"street_lamp","id":"node/11868472988"},"geometry":{"type":"Point","coordinates":[5.0046079,51.5709775]}},{"type":"Feature","id":"node/11868472989","properties":{"highway":"street_lamp","id":"node/11868472989"},"geometry":{"type":"Point","coordinates":[5.0049279,51.5709306]}},{"type":"Feature","id":"node/11868472990","properties":{"highway":"street_lamp","id":"node/11868472990"},"geometry":{"type":"Point","coordinates":[5.005135,51.5708992]}},{"type":"Feature","id":"node/11868472991","properties":{"highway":"street_lamp","id":"node/11868472991"},"geometry":{"type":"Point","coordinates":[5.0054172,51.5709036]}},{"type":"Feature","id":"node/11868472992","properties":{"highway":"street_lamp","id":"node/11868472992"},"geometry":{"type":"Point","coordinates":[5.0056683,51.5708212]}},{"type":"Feature","id":"node/11868472993","properties":{"highway":"street_lamp","id":"node/11868472993"},"geometry":{"type":"Point","coordinates":[5.0059627,51.5708246]}},{"type":"Feature","id":"node/11868472994","properties":{"highway":"street_lamp","id":"node/11868472994"},"geometry":{"type":"Point","coordinates":[4.9953803,51.5723532]}},{"type":"Feature","id":"node/11868472995","properties":{"highway":"street_lamp","id":"node/11868472995"},"geometry":{"type":"Point","coordinates":[4.9950736,51.5723995]}},{"type":"Feature","id":"node/11868472996","properties":{"highway":"street_lamp","id":"node/11868472996"},"geometry":{"type":"Point","coordinates":[4.9947715,51.572444]}},{"type":"Feature","id":"node/11868472997","properties":{"highway":"street_lamp","id":"node/11868472997"},"geometry":{"type":"Point","coordinates":[4.994426,51.5724956]}},{"type":"Feature","id":"node/11873639021","properties":{"highway":"street_lamp","id":"node/11873639021"},"geometry":{"type":"Point","coordinates":[4.9961619,51.5758512]}},{"type":"Feature","id":"node/11873639022","properties":{"highway":"street_lamp","id":"node/11873639022"},"geometry":{"type":"Point","coordinates":[4.9964775,51.5757342]}},{"type":"Feature","id":"node/11873639023","properties":{"highway":"street_lamp","id":"node/11873639023"},"geometry":{"type":"Point","coordinates":[4.9968475,51.5757499]}},{"type":"Feature","id":"node/11873639024","properties":{"highway":"street_lamp","id":"node/11873639024"},"geometry":{"type":"Point","coordinates":[4.9971334,51.5756345]}},{"type":"Feature","id":"node/11873639025","properties":{"highway":"street_lamp","id":"node/11873639025"},"geometry":{"type":"Point","coordinates":[4.9975344,51.5756457]}},{"type":"Feature","id":"node/11873639026","properties":{"highway":"street_lamp","id":"node/11873639026"},"geometry":{"type":"Point","coordinates":[4.9978721,51.5755252]}},{"type":"Feature","id":"node/11873639027","properties":{"highway":"street_lamp","id":"node/11873639027"},"geometry":{"type":"Point","coordinates":[4.998253,51.5755392]}},{"type":"Feature","id":"node/11873639028","properties":{"highway":"street_lamp","id":"node/11873639028"},"geometry":{"type":"Point","coordinates":[4.998515,51.5754299]}},{"type":"Feature","id":"node/11873639029","properties":{"highway":"street_lamp","id":"node/11873639029"},"geometry":{"type":"Point","coordinates":[4.9989096,51.5754431]}},{"type":"Feature","id":"node/11873639030","properties":{"highway":"street_lamp","id":"node/11873639030"},"geometry":{"type":"Point","coordinates":[4.9992187,51.5753242]}},{"type":"Feature","id":"node/11873639031","properties":{"highway":"street_lamp","id":"node/11873639031"},"geometry":{"type":"Point","coordinates":[4.9995991,51.5753382]}},{"type":"Feature","id":"node/11873639032","properties":{"highway":"street_lamp","id":"node/11873639032"},"geometry":{"type":"Point","coordinates":[4.9999393,51.5752152]}},{"type":"Feature","id":"node/11873639033","properties":{"highway":"street_lamp","id":"node/11873639033"},"geometry":{"type":"Point","coordinates":[5.0003694,51.5752265]}},{"type":"Feature","id":"node/11873639034","properties":{"highway":"street_lamp","id":"node/11873639034"},"geometry":{"type":"Point","coordinates":[5.0006644,51.5751055]}},{"type":"Feature","id":"node/11873639035","properties":{"highway":"street_lamp","id":"node/11873639035"},"geometry":{"type":"Point","coordinates":[5.0010356,51.5751388]}},{"type":"Feature","id":"node/11873639036","properties":{"highway":"street_lamp","id":"node/11873639036"},"geometry":{"type":"Point","coordinates":[5.001502,51.575056]}},{"type":"Feature","id":"node/11873639037","properties":{"highway":"street_lamp","id":"node/11873639037"},"geometry":{"type":"Point","coordinates":[5.0022109,51.5749495]}},{"type":"Feature","id":"node/11873639038","properties":{"highway":"street_lamp","id":"node/11873639038"},"geometry":{"type":"Point","coordinates":[5.002447,51.5748301]}},{"type":"Feature","id":"node/11873639039","properties":{"highway":"street_lamp","id":"node/11873639039"},"geometry":{"type":"Point","coordinates":[5.0018325,51.5749314]}},{"type":"Feature","id":"node/11873639040","properties":{"highway":"street_lamp","id":"node/11873639040"},"geometry":{"type":"Point","coordinates":[5.0027089,51.5747907]}},{"type":"Feature","id":"node/11873639041","properties":{"highway":"street_lamp","id":"node/11873639041"},"geometry":{"type":"Point","coordinates":[5.0026119,51.5749169]}},{"type":"Feature","id":"node/11873639042","properties":{"highway":"street_lamp","id":"node/11873639042"},"geometry":{"type":"Point","coordinates":[5.0030569,51.5748136]}},{"type":"Feature","id":"node/11873639043","properties":{"highway":"street_lamp","id":"node/11873639043"},"geometry":{"type":"Point","coordinates":[5.0033564,51.5747123]}},{"type":"Feature","id":"node/11873639044","properties":{"highway":"street_lamp","id":"node/11873639044"},"geometry":{"type":"Point","coordinates":[5.0036591,51.574724]}},{"type":"Feature","id":"node/11873639045","properties":{"highway":"street_lamp","id":"node/11873639045"},"geometry":{"type":"Point","coordinates":[5.0039851,51.5746155]}},{"type":"Feature","id":"node/11873639046","properties":{"highway":"street_lamp","id":"node/11873639046"},"geometry":{"type":"Point","coordinates":[5.0043059,51.5746299]}},{"type":"Feature","id":"node/11873639047","properties":{"highway":"street_lamp","id":"node/11873639047"},"geometry":{"type":"Point","coordinates":[5.0046403,51.5745234]}},{"type":"Feature","id":"node/11873639048","properties":{"highway":"street_lamp","id":"node/11873639048"},"geometry":{"type":"Point","coordinates":[5.0050174,51.5745234]}},{"type":"Feature","id":"node/11873639049","properties":{"highway":"street_lamp","id":"node/11873639049"},"geometry":{"type":"Point","coordinates":[5.0056409,51.5744531]}},{"type":"Feature","id":"node/11873639050","properties":{"highway":"street_lamp","id":"node/11873639050"},"geometry":{"type":"Point","coordinates":[5.0058906,51.5743111]}},{"type":"Feature","id":"node/11873639051","properties":{"highway":"street_lamp","id":"node/11873639051"},"geometry":{"type":"Point","coordinates":[5.0053405,51.5744204]}},{"type":"Feature","id":"node/11898215335","properties":{"highway":"street_lamp","id":"node/11898215335"},"geometry":{"type":"Point","coordinates":[5.0010134,51.5641204]}},{"type":"Feature","id":"node/11954764117","properties":{"highway":"street_lamp","lamp_mount":"bent_mast","id":"node/11954764117"},"geometry":{"type":"Point","coordinates":[5.0910084,51.5614287]}},{"type":"Feature","id":"node/11954764127","properties":{"highway":"street_lamp","lamp_mount":"bent_mast","id":"node/11954764127"},"geometry":{"type":"Point","coordinates":[5.092275,51.5609371]}},{"type":"Feature","id":"node/11954776661","properties":{"highway":"street_lamp","lamp_mount":"bent_mast","id":"node/11954776661"},"geometry":{"type":"Point","coordinates":[5.0928425,51.5617776]}},{"type":"Feature","id":"node/11955938198","properties":{"highway":"street_lamp","id":"node/11955938198"},"geometry":{"type":"Point","coordinates":[5.0858322,51.5618486]}},{"type":"Feature","id":"node/11955938200","properties":{"highway":"street_lamp","id":"node/11955938200"},"geometry":{"type":"Point","coordinates":[5.0854889,51.5618785]}},{"type":"Feature","id":"node/11955938206","properties":{"highway":"street_lamp","id":"node/11955938206"},"geometry":{"type":"Point","coordinates":[5.086523,51.5619923]}},{"type":"Feature","id":"node/11955938207","properties":{"highway":"street_lamp","id":"node/11955938207"},"geometry":{"type":"Point","coordinates":[5.0859205,51.5620401]}},{"type":"Feature","id":"node/11955938208","properties":{"highway":"street_lamp","id":"node/11955938208"},"geometry":{"type":"Point","coordinates":[5.0861692,51.5620197]}},{"type":"Feature","id":"node/11955938209","properties":{"highway":"street_lamp","id":"node/11955938209"},"geometry":{"type":"Point","coordinates":[5.0872831,51.5617338]}},{"type":"Feature","id":"node/11955938210","properties":{"highway":"street_lamp","id":"node/11955938210"},"geometry":{"type":"Point","coordinates":[5.0873225,51.5619118]}},{"type":"Feature","id":"node/11955938211","properties":{"highway":"street_lamp","id":"node/11955938211"},"geometry":{"type":"Point","coordinates":[5.0876144,51.5619036]}},{"type":"Feature","id":"node/11955938212","properties":{"highway":"street_lamp","id":"node/11955938212"},"geometry":{"type":"Point","coordinates":[5.0875891,51.5617046]}},{"type":"Feature","id":"node/11955938213","properties":{"highway":"street_lamp","id":"node/11955938213"},"geometry":{"type":"Point","coordinates":[5.0879082,51.5616772]}},{"type":"Feature","id":"node/11955938214","properties":{"highway":"street_lamp","id":"node/11955938214"},"geometry":{"type":"Point","coordinates":[5.0882094,51.5616545]}},{"type":"Feature","id":"node/11955938215","properties":{"highway":"street_lamp","id":"node/11955938215"},"geometry":{"type":"Point","coordinates":[5.0887087,51.5616125]}},{"type":"Feature","id":"node/11955938216","properties":{"highway":"street_lamp","id":"node/11955938216"},"geometry":{"type":"Point","coordinates":[5.0890475,51.5616743]}},{"type":"Feature","id":"node/11989563099","properties":{"highway":"street_lamp","id":"node/11989563099"},"geometry":{"type":"Point","coordinates":[5.0006324,51.5696999]}},{"type":"Feature","id":"node/11989563100","properties":{"highway":"street_lamp","id":"node/11989563100"},"geometry":{"type":"Point","coordinates":[5.0003349,51.5697424]}},{"type":"Feature","id":"node/11989563101","properties":{"highway":"street_lamp","id":"node/11989563101"},"geometry":{"type":"Point","coordinates":[5.0007151,51.5699182]}},{"type":"Feature","id":"node/11989563102","properties":{"highway":"street_lamp","id":"node/11989563102"},"geometry":{"type":"Point","coordinates":[5.0004211,51.5699654]}},{"type":"Feature","id":"node/11989563103","properties":{"highway":"street_lamp","id":"node/11989563103"},"geometry":{"type":"Point","coordinates":[5.0008008,51.570137]}},{"type":"Feature","id":"node/11989563104","properties":{"highway":"street_lamp","id":"node/11989563104"},"geometry":{"type":"Point","coordinates":[5.0005018,51.5701782]}},{"type":"Feature","id":"node/11989563105","properties":{"highway":"street_lamp","id":"node/11989563105"},"geometry":{"type":"Point","coordinates":[5.000587,51.5703965]}},{"type":"Feature","id":"node/11989563106","properties":{"highway":"street_lamp","id":"node/11989563106"},"geometry":{"type":"Point","coordinates":[5.0008809,51.5703514]}},{"type":"Feature","id":"node/11989563107","properties":{"highway":"street_lamp","id":"node/11989563107"},"geometry":{"type":"Point","coordinates":[5.0006717,51.570621]}},{"type":"Feature","id":"node/11989563108","properties":{"highway":"street_lamp","id":"node/11989563108"},"geometry":{"type":"Point","coordinates":[5.0009671,51.570576]}},{"type":"Feature","id":"node/11989563109","properties":{"highway":"street_lamp","id":"node/11989563109"},"geometry":{"type":"Point","coordinates":[5.0010483,51.570786]}},{"type":"Feature","id":"node/11989563110","properties":{"highway":"street_lamp","id":"node/11989563110"},"geometry":{"type":"Point","coordinates":[5.0007523,51.5708272]}},{"type":"Feature","id":"node/11989563111","properties":{"highway":"street_lamp","id":"node/11989563111"},"geometry":{"type":"Point","coordinates":[5.001135,51.5710105]}},{"type":"Feature","id":"node/11989563112","properties":{"highway":"street_lamp","id":"node/11989563112"},"geometry":{"type":"Point","coordinates":[5.0008375,51.5710552]}},{"type":"Feature","id":"node/11989563113","properties":{"highway":"street_lamp","id":"node/11989563113"},"geometry":{"type":"Point","coordinates":[5.0012101,51.5712056]}},{"type":"Feature","id":"node/11989563114","properties":{"highway":"street_lamp","id":"node/11989563114"},"geometry":{"type":"Point","coordinates":[5.0009141,51.5712528]}},{"type":"Feature","id":"node/11989563115","properties":{"highway":"street_lamp","id":"node/11989563115"},"geometry":{"type":"Point","coordinates":[5.0009927,51.5714568]}},{"type":"Feature","id":"node/11989563116","properties":{"highway":"street_lamp","id":"node/11989563116"},"geometry":{"type":"Point","coordinates":[5.0012907,51.5714136]}},{"type":"Feature","id":"node/11989572179","properties":{"highway":"street_lamp","id":"node/11989572179"},"geometry":{"type":"Point","coordinates":[4.9901321,51.5706034]}},{"type":"Feature","id":"node/11989572180","properties":{"highway":"street_lamp","id":"node/11989572180"},"geometry":{"type":"Point","coordinates":[4.9897804,51.5706058]}},{"type":"Feature","id":"node/11989572181","properties":{"highway":"street_lamp","id":"node/11989572181"},"geometry":{"type":"Point","coordinates":[4.9894106,51.5706158]}},{"type":"Feature","id":"node/11989572182","properties":{"highway":"street_lamp","id":"node/11989572182"},"geometry":{"type":"Point","coordinates":[4.9891314,51.570609]}},{"type":"Feature","id":"node/11989572183","properties":{"highway":"street_lamp","id":"node/11989572183"},"geometry":{"type":"Point","coordinates":[4.9888212,51.5706356]}},{"type":"Feature","id":"node/11989572184","properties":{"highway":"street_lamp","id":"node/11989572184"},"geometry":{"type":"Point","coordinates":[4.9884805,51.5706448]}},{"type":"Feature","id":"node/11989572185","properties":{"highway":"street_lamp","id":"node/11989572185"},"geometry":{"type":"Point","coordinates":[4.9881404,51.5706561]}},{"type":"Feature","id":"node/11989572186","properties":{"highway":"street_lamp","id":"node/11989572186"},"geometry":{"type":"Point","coordinates":[4.987711,51.570669]}},{"type":"Feature","id":"node/11989572187","properties":{"highway":"street_lamp","id":"node/11989572187"},"geometry":{"type":"Point","coordinates":[4.9874266,51.5706778]}},{"type":"Feature","id":"node/11989572188","properties":{"highway":"street_lamp","id":"node/11989572188"},"geometry":{"type":"Point","coordinates":[4.9879364,51.5706174]}},{"type":"Feature","id":"node/11989572189","properties":{"highway":"street_lamp","id":"node/11989572189"},"geometry":{"type":"Point","coordinates":[4.9900851,51.5703667]}},{"type":"Feature","id":"node/11989572190","properties":{"highway":"street_lamp","id":"node/11989572190"},"geometry":{"type":"Point","coordinates":[4.9900601,51.5701186]}},{"type":"Feature","id":"node/11989572191","properties":{"highway":"street_lamp","id":"node/11989572191"},"geometry":{"type":"Point","coordinates":[4.9900361,51.5698893]}},{"type":"Feature","id":"node/11989572192","properties":{"highway":"street_lamp","id":"node/11989572192"},"geometry":{"type":"Point","coordinates":[4.9900085,51.5696203]}},{"type":"Feature","id":"node/11989572193","properties":{"highway":"street_lamp","id":"node/11989572193"},"geometry":{"type":"Point","coordinates":[4.9899885,51.5694015]}},{"type":"Feature","id":"node/11989572194","properties":{"highway":"street_lamp","id":"node/11989572194"},"geometry":{"type":"Point","coordinates":[4.9899615,51.5691582]}},{"type":"Feature","id":"node/11989572195","properties":{"highway":"street_lamp","id":"node/11989572195"},"geometry":{"type":"Point","coordinates":[4.9899328,51.5688923]}},{"type":"Feature","id":"node/11989572196","properties":{"highway":"street_lamp","id":"node/11989572196"},"geometry":{"type":"Point","coordinates":[4.9899078,51.5686503]}},{"type":"Feature","id":"node/11989572197","properties":{"highway":"street_lamp","id":"node/11989572197"},"geometry":{"type":"Point","coordinates":[4.9898838,51.5683987]}},{"type":"Feature","id":"node/11989572198","properties":{"highway":"street_lamp","id":"node/11989572198"},"geometry":{"type":"Point","coordinates":[4.9898674,51.5682539]}},{"type":"Feature","id":"node/11989572199","properties":{"highway":"street_lamp","id":"node/11989572199"},"geometry":{"type":"Point","coordinates":[4.9898138,51.5680884]}},{"type":"Feature","id":"node/11989572200","properties":{"highway":"street_lamp","id":"node/11989572200"},"geometry":{"type":"Point","coordinates":[4.9897008,51.5679318]}},{"type":"Feature","id":"node/11989572201","properties":{"highway":"street_lamp","id":"node/11989572201"},"geometry":{"type":"Point","coordinates":[4.9896375,51.5677539]}},{"type":"Feature","id":"node/11989574187","properties":{"highway":"street_lamp","id":"node/11989574187"},"geometry":{"type":"Point","coordinates":[5.0032824,51.5693045]}},{"type":"Feature","id":"node/11989574188","properties":{"highway":"street_lamp","id":"node/11989574188"},"geometry":{"type":"Point","coordinates":[5.0029865,51.5693467]}},{"type":"Feature","id":"node/11989574189","properties":{"highway":"street_lamp","id":"node/11989574189"},"geometry":{"type":"Point","coordinates":[5.0030693,51.5695656]}},{"type":"Feature","id":"node/11989574190","properties":{"highway":"street_lamp","id":"node/11989574190"},"geometry":{"type":"Point","coordinates":[5.0033667,51.569523]}},{"type":"Feature","id":"node/11989574191","properties":{"highway":"street_lamp","id":"node/11989574191"},"geometry":{"type":"Point","coordinates":[5.0031542,51.5697844]}},{"type":"Feature","id":"node/11989574192","properties":{"highway":"street_lamp","id":"node/11989574192"},"geometry":{"type":"Point","coordinates":[5.003451,51.5697422]}},{"type":"Feature","id":"node/11989574193","properties":{"highway":"street_lamp","id":"node/11989574193"},"geometry":{"type":"Point","coordinates":[5.0032415,51.570008]}},{"type":"Feature","id":"node/11989574194","properties":{"highway":"street_lamp","id":"node/11989574194"},"geometry":{"type":"Point","coordinates":[5.0035384,51.5699664]}},{"type":"Feature","id":"node/11989574195","properties":{"highway":"street_lamp","id":"node/11989574195"},"geometry":{"type":"Point","coordinates":[5.0033264,51.5702285]}},{"type":"Feature","id":"node/11989574196","properties":{"highway":"street_lamp","id":"node/11989574196"},"geometry":{"type":"Point","coordinates":[5.0036202,51.5701824]}},{"type":"Feature","id":"node/11989574197","properties":{"highway":"street_lamp","id":"node/11989574197"},"geometry":{"type":"Point","coordinates":[5.0036984,51.5703863]}},{"type":"Feature","id":"node/11989574198","properties":{"highway":"street_lamp","id":"node/11989574198"},"geometry":{"type":"Point","coordinates":[5.0034005,51.5704301]}},{"type":"Feature","id":"node/11989574199","properties":{"highway":"street_lamp","id":"node/11989574199"},"geometry":{"type":"Point","coordinates":[5.0037878,51.570615]}},{"type":"Feature","id":"node/11989574200","properties":{"highway":"street_lamp","id":"node/11989574200"},"geometry":{"type":"Point","coordinates":[5.0034904,51.5706611]}},{"type":"Feature","id":"node/11989574201","properties":{"highway":"street_lamp","id":"node/11989574201"},"geometry":{"type":"Point","coordinates":[5.0035655,51.5708529]}},{"type":"Feature","id":"node/11989574202","properties":{"highway":"street_lamp","id":"node/11989574202"},"geometry":{"type":"Point","coordinates":[5.0038588,51.5708021]}},{"type":"Feature","id":"node/11989574203","properties":{"highway":"street_lamp","id":"node/11989574203"},"geometry":{"type":"Point","coordinates":[5.0036447,51.5710628]}},{"type":"Feature","id":"node/11989574204","properties":{"highway":"street_lamp","id":"node/11989574204"},"geometry":{"type":"Point","coordinates":[5.0039411,51.5710184]}},{"type":"Feature","id":"node/11989578282","properties":{"highway":"street_lamp","id":"node/11989578282"},"geometry":{"type":"Point","coordinates":[4.9895246,51.5734732]}},{"type":"Feature","id":"node/11989578283","properties":{"highway":"street_lamp","id":"node/11989578283"},"geometry":{"type":"Point","coordinates":[4.9897483,51.5732876]}},{"type":"Feature","id":"node/11989578284","properties":{"highway":"street_lamp","id":"node/11989578284"},"geometry":{"type":"Point","coordinates":[4.9899793,51.5731045]}},{"type":"Feature","id":"node/11989578285","properties":{"highway":"street_lamp","id":"node/11989578285"},"geometry":{"type":"Point","coordinates":[4.9902072,51.5729124]}},{"type":"Feature","id":"node/11989578286","properties":{"highway":"street_lamp","id":"node/11989578286"},"geometry":{"type":"Point","coordinates":[4.9904049,51.572741]}},{"type":"Feature","id":"node/11989578287","properties":{"highway":"street_lamp","id":"node/11989578287"},"geometry":{"type":"Point","coordinates":[4.9905808,51.5725367]}},{"type":"Feature","id":"node/11989578288","properties":{"highway":"street_lamp","id":"node/11989578288"},"geometry":{"type":"Point","coordinates":[4.9907567,51.5718433]}},{"type":"Feature","id":"node/11989578289","properties":{"highway":"street_lamp","id":"node/11989578289"},"geometry":{"type":"Point","coordinates":[4.990792,51.5716241]}},{"type":"Feature","id":"node/11989578290","properties":{"highway":"street_lamp","id":"node/11989578290"},"geometry":{"type":"Point","coordinates":[4.9908255,51.571418]}},{"type":"Feature","id":"node/11989578291","properties":{"highway":"street_lamp","id":"node/11989578291"},"geometry":{"type":"Point","coordinates":[4.9907198,51.5720595]}},{"type":"Feature","id":"node/11989580184","properties":{"highway":"street_lamp","id":"node/11989580184"},"geometry":{"type":"Point","coordinates":[4.990514,51.5710778]}},{"type":"Feature","id":"node/11989580185","properties":{"highway":"street_lamp","id":"node/11989580185"},"geometry":{"type":"Point","coordinates":[4.9903769,51.5710938]}},{"type":"Feature","id":"node/11989580186","properties":{"highway":"street_lamp","id":"node/11989580186"},"geometry":{"type":"Point","coordinates":[4.9900203,51.5711442]}},{"type":"Feature","id":"node/11989580187","properties":{"highway":"street_lamp","id":"node/11989580187"},"geometry":{"type":"Point","coordinates":[4.9896603,51.571197]}},{"type":"Feature","id":"node/11989580188","properties":{"highway":"street_lamp","id":"node/11989580188"},"geometry":{"type":"Point","coordinates":[4.9892954,51.5712511]}},{"type":"Feature","id":"node/11989580189","properties":{"highway":"street_lamp","id":"node/11989580189"},"geometry":{"type":"Point","coordinates":[4.9889447,51.5713025]}},{"type":"Feature","id":"node/11989580190","properties":{"highway":"street_lamp","id":"node/11989580190"},"geometry":{"type":"Point","coordinates":[4.988604,51.5713536]}},{"type":"Feature","id":"node/11989580191","properties":{"highway":"street_lamp","id":"node/11989580191"},"geometry":{"type":"Point","coordinates":[4.9882387,51.5714135]}},{"type":"Feature","id":"node/11989580192","properties":{"highway":"street_lamp","id":"node/11989580192"},"geometry":{"type":"Point","coordinates":[4.9879098,51.5714614]}},{"type":"Feature","id":"node/11989580193","properties":{"highway":"street_lamp","id":"node/11989580193"},"geometry":{"type":"Point","coordinates":[4.987551,51.571511]}},{"type":"Feature","id":"node/11989580194","properties":{"highway":"street_lamp","id":"node/11989580194"},"geometry":{"type":"Point","coordinates":[4.9871978,51.5715684]}},{"type":"Feature","id":"node/11989580195","properties":{"highway":"street_lamp","id":"node/11989580195"},"geometry":{"type":"Point","coordinates":[4.9868478,51.5716202]}},{"type":"Feature","id":"node/11989580196","properties":{"highway":"street_lamp","id":"node/11989580196"},"geometry":{"type":"Point","coordinates":[4.9864056,51.5716846]}},{"type":"Feature","id":"node/11989580197","properties":{"highway":"street_lamp","id":"node/11989580197"},"geometry":{"type":"Point","coordinates":[4.9860883,51.5717282]}},{"type":"Feature","id":"node/11989580198","properties":{"highway":"street_lamp","id":"node/11989580198"},"geometry":{"type":"Point","coordinates":[4.9857754,51.5717751]}},{"type":"Feature","id":"node/11989580199","properties":{"highway":"street_lamp","id":"node/11989580199"},"geometry":{"type":"Point","coordinates":[4.98544,51.5718252]}},{"type":"Feature","id":"node/11989580200","properties":{"highway":"street_lamp","id":"node/11989580200"},"geometry":{"type":"Point","coordinates":[4.9851207,51.5718763]}},{"type":"Feature","id":"node/11989580201","properties":{"highway":"street_lamp","id":"node/11989580201"},"geometry":{"type":"Point","coordinates":[4.9847937,51.5719214]}},{"type":"Feature","id":"node/11989580202","properties":{"highway":"street_lamp","id":"node/11989580202"},"geometry":{"type":"Point","coordinates":[4.9844877,51.5719673]}},{"type":"Feature","id":"node/11989580203","properties":{"highway":"street_lamp","id":"node/11989580203"},"geometry":{"type":"Point","coordinates":[4.9841805,51.5720131]}},{"type":"Feature","id":"node/11989580204","properties":{"highway":"street_lamp","id":"node/11989580204"},"geometry":{"type":"Point","coordinates":[4.9838407,51.5720633]}},{"type":"Feature","id":"node/11989580205","properties":{"highway":"street_lamp","id":"node/11989580205"},"geometry":{"type":"Point","coordinates":[4.9835355,51.5721049]}},{"type":"Feature","id":"node/12197742770","properties":{"highway":"street_lamp","id":"node/12197742770"},"geometry":{"type":"Point","coordinates":[5.1350842,51.5824589]}},{"type":"Feature","id":"node/12197742771","properties":{"highway":"street_lamp","id":"node/12197742771"},"geometry":{"type":"Point","coordinates":[5.1354415,51.5825663]}},{"type":"Feature","id":"node/12197742772","properties":{"highway":"street_lamp","id":"node/12197742772"},"geometry":{"type":"Point","coordinates":[5.1356905,51.5826401]}},{"type":"Feature","id":"node/12197742773","properties":{"highway":"street_lamp","id":"node/12197742773"},"geometry":{"type":"Point","coordinates":[5.1347652,51.5823639]}},{"type":"Feature","id":"node/12197742774","properties":{"highway":"street_lamp","id":"node/12197742774"},"geometry":{"type":"Point","coordinates":[5.134436,51.5822677]}},{"type":"Feature","id":"node/12201461536","properties":{"highway":"street_lamp","id":"node/12201461536"},"geometry":{"type":"Point","coordinates":[4.9839539,51.5724243]}},{"type":"Feature","id":"node/12201486297","properties":{"highway":"street_lamp","id":"node/12201486297"},"geometry":{"type":"Point","coordinates":[4.9839548,51.5726187]}},{"type":"Feature","id":"node/12201489084","properties":{"highway":"street_lamp","id":"node/12201489084"},"geometry":{"type":"Point","coordinates":[4.9839408,51.5726729]}},{"type":"Feature","id":"node/12201588930","properties":{"highway":"street_lamp","id":"node/12201588930"},"geometry":{"type":"Point","coordinates":[4.9764645,51.5753336]}},{"type":"Feature","id":"node/12201820921","properties":{"highway":"street_lamp","id":"node/12201820921"},"geometry":{"type":"Point","coordinates":[5.0045163,51.578833]}},{"type":"Feature","id":"node/12205147292","properties":{"highway":"street_lamp","id":"node/12205147292"},"geometry":{"type":"Point","coordinates":[5.0264406,51.5863309]}},{"type":"Feature","id":"node/12205152794","properties":{"highway":"street_lamp","id":"node/12205152794"},"geometry":{"type":"Point","coordinates":[5.0271967,51.5867439]}},{"type":"Feature","id":"node/12205161616","properties":{"highway":"street_lamp","id":"node/12205161616"},"geometry":{"type":"Point","coordinates":[5.0272941,51.5860609]}},{"type":"Feature","id":"node/12206773858","properties":{"highway":"street_lamp","id":"node/12206773858"},"geometry":{"type":"Point","coordinates":[5.1348762,51.5828997]}},{"type":"Feature","id":"node/12208751586","properties":{"highway":"street_lamp","id":"node/12208751586"},"geometry":{"type":"Point","coordinates":[5.0015026,51.5716902]}},{"type":"Feature","id":"node/12208792060","properties":{"highway":"street_lamp","id":"node/12208792060"},"geometry":{"type":"Point","coordinates":[5.001738,51.5718513]}},{"type":"Feature","id":"node/12208793628","properties":{"highway":"street_lamp","id":"node/12208793628"},"geometry":{"type":"Point","coordinates":[5.0011683,51.5716458]}},{"type":"Feature","id":"node/12208793643","properties":{"highway":"street_lamp","id":"node/12208793643"},"geometry":{"type":"Point","coordinates":[5.0013588,51.5721489]}},{"type":"Feature","id":"node/12208793644","properties":{"highway":"street_lamp","id":"node/12208793644"},"geometry":{"type":"Point","coordinates":[5.0020267,51.5718124]}},{"type":"Feature","id":"node/12208793654","properties":{"highway":"street_lamp","id":"node/12208793654"},"geometry":{"type":"Point","coordinates":[5.0022258,51.5699604]}},{"type":"Feature","id":"node/12208804223","properties":{"highway":"street_lamp","id":"node/12208804223"},"geometry":{"type":"Point","coordinates":[5.0012789,51.5719112]}},{"type":"Feature","id":"node/12208807534","properties":{"highway":"street_lamp","id":"node/12208807534"},"geometry":{"type":"Point","coordinates":[5.0019978,51.5697684]}},{"type":"Feature","id":"node/12208807595","properties":{"highway":"street_lamp","id":"node/12208807595"},"geometry":{"type":"Point","coordinates":[5.0021663,51.5703896]}},{"type":"Feature","id":"node/12208811173","properties":{"highway":"street_lamp","id":"node/12208811173"},"geometry":{"type":"Point","coordinates":[5.0023149,51.5717684]}},{"type":"Feature","id":"node/12208832197","properties":{"highway":"street_lamp","id":"node/12208832197"},"geometry":{"type":"Point","coordinates":[5.0012419,51.5718124]}},{"type":"Feature","id":"node/12208832928","properties":{"highway":"street_lamp","id":"node/12208832928"},"geometry":{"type":"Point","coordinates":[5.0026018,51.5717291]}},{"type":"Feature","id":"node/12208840233","properties":{"highway":"street_lamp","id":"node/12208840233"},"geometry":{"type":"Point","coordinates":[5.0023244,51.571446]}},{"type":"Feature","id":"node/12208843710","properties":{"highway":"street_lamp","id":"node/12208843710"},"geometry":{"type":"Point","coordinates":[5.0020667,51.5699821]}},{"type":"Feature","id":"node/12208864465","properties":{"highway":"street_lamp","id":"node/12208864465"},"geometry":{"type":"Point","coordinates":[5.0021095,51.5701861]}},{"type":"Feature","id":"node/12208864466","properties":{"highway":"street_lamp","id":"node/12208864466"},"geometry":{"type":"Point","coordinates":[5.0019092,51.5700648]}},{"type":"Feature","id":"node/12208864471","properties":{"highway":"street_lamp","id":"node/12208864471"},"geometry":{"type":"Point","coordinates":[5.0019414,51.5695462]}},{"type":"Feature","id":"node/12208877467","properties":{"highway":"street_lamp","id":"node/12208877467"},"geometry":{"type":"Point","coordinates":[5.0023519,51.5702791]}},{"type":"Feature","id":"node/12208877898","properties":{"highway":"street_lamp","id":"node/12208877898"},"geometry":{"type":"Point","coordinates":[4.9997366,51.5706611]}},{"type":"Feature","id":"node/12208890508","properties":{"highway":"street_lamp","id":"node/12208890508"},"geometry":{"type":"Point","coordinates":[4.9999181,51.5721186]}},{"type":"Feature","id":"node/12208902725","properties":{"highway":"street_lamp","id":"node/12208902725"},"geometry":{"type":"Point","coordinates":[4.9998685,51.5711155]}},{"type":"Feature","id":"node/12208902731","properties":{"highway":"street_lamp","id":"node/12208902731"},"geometry":{"type":"Point","coordinates":[4.9991767,51.572225]}},{"type":"Feature","id":"node/12208906544","properties":{"highway":"street_lamp","id":"node/12208906544"},"geometry":{"type":"Point","coordinates":[5.0010706,51.5719549]}},{"type":"Feature","id":"node/12208906982","properties":{"highway":"street_lamp","id":"node/12208906982"},"geometry":{"type":"Point","coordinates":[4.9995219,51.5711713]}},{"type":"Feature","id":"node/12208913546","properties":{"highway":"street_lamp","id":"node/12208913546"},"geometry":{"type":"Point","coordinates":[4.9994148,51.5709694]}},{"type":"Feature","id":"node/12208916887","properties":{"highway":"street_lamp","id":"node/12208916887"},"geometry":{"type":"Point","coordinates":[4.9995102,51.5706811]}},{"type":"Feature","id":"node/12208916889","properties":{"highway":"street_lamp","id":"node/12208916889"},"geometry":{"type":"Point","coordinates":[4.9992758,51.5705891]}},{"type":"Feature","id":"node/12208930601","properties":{"highway":"street_lamp","id":"node/12208930601"},"geometry":{"type":"Point","coordinates":[4.9993313,51.5707654]}},{"type":"Feature","id":"node/12208930668","properties":{"highway":"street_lamp","id":"node/12208930668"},"geometry":{"type":"Point","coordinates":[4.9998671,51.5716164]}},{"type":"Feature","id":"node/12208930669","properties":{"highway":"street_lamp","id":"node/12208930669"},"geometry":{"type":"Point","coordinates":[4.9993451,51.5722079]}},{"type":"Feature","id":"node/12208933837","properties":{"highway":"street_lamp","id":"node/12208933837"},"geometry":{"type":"Point","coordinates":[4.9996961,51.5713977]}},{"type":"Feature","id":"node/12208940538","properties":{"highway":"street_lamp","id":"node/12208940538"},"geometry":{"type":"Point","coordinates":[5.0007814,51.5719949]}},{"type":"Feature","id":"node/12208944320","properties":{"highway":"street_lamp","id":"node/12208944320"},"geometry":{"type":"Point","coordinates":[5.000491,51.5720333]}},{"type":"Feature","id":"node/12208946282","properties":{"highway":"street_lamp","id":"node/12208946282"},"geometry":{"type":"Point","coordinates":[5.0002037,51.5720855]}},{"type":"Feature","id":"node/12208951653","properties":{"highway":"street_lamp","id":"node/12208951653"},"geometry":{"type":"Point","coordinates":[4.9996304,51.5721645]}},{"type":"Feature","id":"node/12209368403","properties":{"highway":"street_lamp","id":"node/12209368403"},"geometry":{"type":"Point","coordinates":[5.135111,51.5825615]}},{"type":"Feature","id":"node/12209368404","properties":{"highway":"street_lamp","id":"node/12209368404"},"geometry":{"type":"Point","coordinates":[5.1354916,51.5832181]}},{"type":"Feature","id":"node/12209368417","properties":{"highway":"street_lamp","id":"node/12209368417"},"geometry":{"type":"Point","coordinates":[5.135833,51.5832189]}},{"type":"Feature","id":"node/12212443141","properties":{"highway":"street_lamp","id":"node/12212443141"},"geometry":{"type":"Point","coordinates":[5.1359971,51.5827622]}},{"type":"Feature","id":"node/12212443142","properties":{"highway":"street_lamp","id":"node/12212443142"},"geometry":{"type":"Point","coordinates":[5.1359154,51.5829909]}},{"type":"Feature","id":"node/12212504676","properties":{"highway":"street_lamp","id":"node/12212504676"},"geometry":{"type":"Point","coordinates":[5.1347018,51.5831192]}},{"type":"Feature","id":"node/12212567144","properties":{"highway":"street_lamp","id":"node/12212567144"},"geometry":{"type":"Point","coordinates":[5.1375252,51.5799938]}},{"type":"Feature","id":"node/12212567145","properties":{"highway":"street_lamp","id":"node/12212567145"},"geometry":{"type":"Point","coordinates":[5.1380805,51.5803392]}},{"type":"Feature","id":"node/12227644339","properties":{"highway":"street_lamp","id":"node/12227644339"},"geometry":{"type":"Point","coordinates":[5.0057149,51.5786327]}},{"type":"Feature","id":"node/12227645996","properties":{"highway":"street_lamp","id":"node/12227645996"},"geometry":{"type":"Point","coordinates":[5.0019322,51.574227]}},{"type":"Feature","id":"node/12227655267","properties":{"highway":"street_lamp","id":"node/12227655267"},"geometry":{"type":"Point","coordinates":[5.0022079,51.5769257]}},{"type":"Feature","id":"node/12227668059","properties":{"highway":"street_lamp","id":"node/12227668059"},"geometry":{"type":"Point","coordinates":[5.0023759,51.5749487]}},{"type":"Feature","id":"node/12246410925","properties":{"highway":"street_lamp","id":"node/12246410925"},"geometry":{"type":"Point","coordinates":[5.0041564,51.5715085]}},{"type":"Feature","id":"node/12246413941","properties":{"highway":"street_lamp","id":"node/12246413941"},"geometry":{"type":"Point","coordinates":[5.0046679,51.571435]}},{"type":"Feature","id":"node/12246418725","properties":{"highway":"street_lamp","id":"node/12246418725"},"geometry":{"type":"Point","coordinates":[5.0036367,51.5715817]}},{"type":"Feature","id":"node/12246465047","properties":{"highway":"street_lamp","id":"node/12246465047"},"geometry":{"type":"Point","coordinates":[5.00304,51.5715584]}},{"type":"Feature","id":"node/12246465048","properties":{"highway":"street_lamp","id":"node/12246465048"},"geometry":{"type":"Point","coordinates":[5.0031285,51.5717005]}},{"type":"Feature","id":"node/12246467139","properties":{"highway":"street_lamp","id":"node/12246467139"},"geometry":{"type":"Point","coordinates":[5.0028802,51.5716805]}},{"type":"Feature","id":"node/12250771995","properties":{"highway":"street_lamp","id":"node/12250771995"},"geometry":{"type":"Point","coordinates":[4.9992777,51.5725161]}},{"type":"Feature","id":"node/12250797997","properties":{"highway":"street_lamp","id":"node/12250797997"},"geometry":{"type":"Point","coordinates":[4.9988461,51.5724286]}},{"type":"Feature","id":"node/12250805860","properties":{"highway":"street_lamp","id":"node/12250805860"},"geometry":{"type":"Point","coordinates":[4.9992156,51.5723668]}},{"type":"Feature","id":"node/12250823223","properties":{"highway":"street_lamp","id":"node/12250823223"},"geometry":{"type":"Point","coordinates":[4.9982622,51.5725125]}},{"type":"Feature","id":"node/12250823410","properties":{"highway":"street_lamp","id":"node/12250823410"},"geometry":{"type":"Point","coordinates":[4.9985306,51.5724788]}},{"type":"Feature","id":"node/12250823651","properties":{"highway":"street_lamp","id":"node/12250823651"},"geometry":{"type":"Point","coordinates":[4.9980148,51.5725468]}},{"type":"Feature","id":"node/12257779980","properties":{"highway":"street_lamp","id":"node/12257779980"},"geometry":{"type":"Point","coordinates":[4.9834788,51.5724387]}},{"type":"Feature","id":"node/12257802792","properties":{"highway":"street_lamp","id":"node/12257802792"},"geometry":{"type":"Point","coordinates":[4.9833816,51.5728508]}},{"type":"Feature","id":"node/12257802793","properties":{"highway":"street_lamp","id":"node/12257802793"},"geometry":{"type":"Point","coordinates":[4.9832701,51.5723562]}},{"type":"Feature","id":"node/12257811799","properties":{"highway":"street_lamp","id":"node/12257811799"},"geometry":{"type":"Point","coordinates":[4.9835765,51.57267]}},{"type":"Feature","id":"node/12257812324","properties":{"highway":"street_lamp","id":"node/12257812324"},"geometry":{"type":"Point","coordinates":[4.9833578,51.5726012]}},{"type":"Feature","id":"node/12258645951","properties":{"highway":"street_lamp","id":"node/12258645951"},"geometry":{"type":"Point","coordinates":[4.9955189,51.5729691]}},{"type":"Feature","id":"node/12258657485","properties":{"highway":"street_lamp","id":"node/12258657485"},"geometry":{"type":"Point","coordinates":[4.9952274,51.5730861]}},{"type":"Feature","id":"node/12258658269","properties":{"highway":"street_lamp","id":"node/12258658269"},"geometry":{"type":"Point","coordinates":[4.9949838,51.5731205]}},{"type":"Feature","id":"node/12258660894","properties":{"highway":"street_lamp","id":"node/12258660894"},"geometry":{"type":"Point","coordinates":[4.9947383,51.5731629]}},{"type":"Feature","id":"node/12258672359","properties":{"highway":"street_lamp","id":"node/12258672359"},"geometry":{"type":"Point","coordinates":[4.9990873,51.5724647]}},{"type":"Feature","id":"node/12258674192","properties":{"highway":"street_lamp","id":"node/12258674192"},"geometry":{"type":"Point","coordinates":[4.9957799,51.5728984]}},{"type":"Feature","id":"node/12258675905","properties":{"highway":"street_lamp","id":"node/12258675905"},"geometry":{"type":"Point","coordinates":[4.9955886,51.5728]}},{"type":"Feature","id":"node/12265892752","properties":{"highway":"street_lamp","id":"node/12265892752"},"geometry":{"type":"Point","coordinates":[5.006391,51.5781764]}},{"type":"Feature","id":"node/12269062487","properties":{"highway":"street_lamp","id":"node/12269062487"},"geometry":{"type":"Point","coordinates":[5.0051967,51.5716849]}},{"type":"Feature","id":"node/12269106673","properties":{"highway":"street_lamp","id":"node/12269106673"},"geometry":{"type":"Point","coordinates":[5.002395,51.5716849]}},{"type":"Feature","id":"node/12269119681","properties":{"highway":"street_lamp","id":"node/12269119681"},"geometry":{"type":"Point","coordinates":[5.0051724,51.5715096]}},{"type":"Feature","id":"node/12269121158","properties":{"highway":"street_lamp","id":"node/12269121158"},"geometry":{"type":"Point","coordinates":[5.0099355,51.5707943]}},{"type":"Feature","id":"node/12269129694","properties":{"highway":"street_lamp","id":"node/12269129694"},"geometry":{"type":"Point","coordinates":[5.0051119,51.5713826]}},{"type":"Feature","id":"node/12269131332","properties":{"highway":"street_lamp","id":"node/12269131332"},"geometry":{"type":"Point","coordinates":[5.0050431,51.5711821]}},{"type":"Feature","id":"node/12269145972","properties":{"highway":"street_lamp","id":"node/12269145972"},"geometry":{"type":"Point","coordinates":[5.0095477,51.5708591]}},{"type":"Feature","id":"node/12269145998","properties":{"highway":"street_lamp","id":"node/12269145998"},"geometry":{"type":"Point","coordinates":[5.009053,51.5695761]}},{"type":"Feature","id":"node/12269148517","properties":{"highway":"street_lamp","id":"node/12269148517"},"geometry":{"type":"Point","coordinates":[5.0093331,51.5708918]}},{"type":"Feature","id":"node/12269155378","properties":{"highway":"street_lamp","id":"node/12269155378"},"geometry":{"type":"Point","coordinates":[5.0097624,51.5708297]}},{"type":"Feature","id":"node/12269155907","properties":{"highway":"street_lamp","id":"node/12269155907"},"geometry":{"type":"Point","coordinates":[5.0091012,51.5709238]}},{"type":"Feature","id":"node/12269160511","properties":{"highway":"street_lamp","id":"node/12269160511"},"geometry":{"type":"Point","coordinates":[5.0094444,51.5695146]}},{"type":"Feature","id":"node/12269225283","properties":{"highway":"street_lamp","id":"node/12269225283"},"geometry":{"type":"Point","coordinates":[5.0041411,51.5702324]}},{"type":"Feature","id":"node/12269226671","properties":{"highway":"street_lamp","id":"node/12269226671"},"geometry":{"type":"Point","coordinates":[5.0045229,51.5701729]}},{"type":"Feature","id":"node/12348464287","properties":{"highway":"street_lamp","id":"node/12348464287"},"geometry":{"type":"Point","coordinates":[4.9993129,51.5738473]}},{"type":"Feature","id":"node/12437080874","properties":{"highway":"street_lamp","id":"node/12437080874"},"geometry":{"type":"Point","coordinates":[5.0047203,51.5785222]}},{"type":"Feature","id":"node/12437157363","properties":{"highway":"street_lamp","id":"node/12437157363"},"geometry":{"type":"Point","coordinates":[5.0043667,51.5784425]}},{"type":"Feature","id":"node/12437158462","properties":{"highway":"street_lamp","id":"node/12437158462"},"geometry":{"type":"Point","coordinates":[5.0044692,51.5786878]}},{"type":"Feature","id":"node/12437159005","properties":{"highway":"street_lamp","id":"node/12437159005"},"geometry":{"type":"Point","coordinates":[5.0042307,51.5784063]}},{"type":"Feature","id":"node/12456198474","properties":{"highway":"street_lamp","id":"node/12456198474"},"geometry":{"type":"Point","coordinates":[4.9928728,51.5711253]}},{"type":"Feature","id":"node/12514479724","properties":{"highway":"street_lamp","id":"node/12514479724"},"geometry":{"type":"Point","coordinates":[4.9970611,51.5716105]}},{"type":"Feature","id":"node/12558392045","properties":{"highway":"street_lamp","id":"node/12558392045"},"geometry":{"type":"Point","coordinates":[4.9938159,51.5722037]}},{"type":"Feature","id":"node/12558409849","properties":{"highway":"street_lamp","id":"node/12558409849"},"geometry":{"type":"Point","coordinates":[4.9934041,51.5713408]}},{"type":"Feature","id":"node/12558414049","properties":{"highway":"street_lamp","id":"node/12558414049"},"geometry":{"type":"Point","coordinates":[4.9941482,51.5724701]}},{"type":"Feature","id":"node/12558414050","properties":{"highway":"street_lamp","id":"node/12558414050"},"geometry":{"type":"Point","coordinates":[4.994008,51.5727068]}},{"type":"Feature","id":"node/12558417792","properties":{"highway":"street_lamp","id":"node/12558417792"},"geometry":{"type":"Point","coordinates":[4.9934193,51.5717284]}},{"type":"Feature","id":"node/12558417793","properties":{"highway":"street_lamp","id":"node/12558417793"},"geometry":{"type":"Point","coordinates":[4.993898,51.571754]}},{"type":"Feature","id":"node/12558423746","properties":{"highway":"street_lamp","id":"node/12558423746"},"geometry":{"type":"Point","coordinates":[4.994227,51.5726486]}},{"type":"Feature","id":"node/12558424462","properties":{"highway":"street_lamp","id":"node/12558424462"},"geometry":{"type":"Point","coordinates":[4.9939597,51.5719948]}},{"type":"Feature","id":"node/12558424463","properties":{"highway":"street_lamp","id":"node/12558424463"},"geometry":{"type":"Point","coordinates":[4.9937478,51.5720233]}},{"type":"Feature","id":"node/12558424705","properties":{"highway":"street_lamp","id":"node/12558424705"},"geometry":{"type":"Point","coordinates":[4.9932612,51.571688]}},{"type":"Feature","id":"node/12558424930","properties":{"highway":"street_lamp","id":"node/12558424930"},"geometry":{"type":"Point","coordinates":[4.9940373,51.5721717]}},{"type":"Feature","id":"node/12558425626","properties":{"highway":"street_lamp","id":"node/12558425626"},"geometry":{"type":"Point","coordinates":[4.9991438,51.572088]}},{"type":"Feature","id":"node/12558425803","properties":{"highway":"street_lamp","id":"node/12558425803"},"geometry":{"type":"Point","coordinates":[4.993645,51.5717581]}},{"type":"Feature","id":"node/12558430484","properties":{"highway":"street_lamp","id":"node/12558430484"},"geometry":{"type":"Point","coordinates":[4.9939302,51.5725096]}},{"type":"Feature","id":"node/12558432450","properties":{"highway":"street_lamp","id":"node/12558432450"},"geometry":{"type":"Point","coordinates":[4.9970175,51.5721031]}},{"type":"Feature","id":"node/12558591038","properties":{"highway":"street_lamp","id":"node/12558591038"},"geometry":{"type":"Point","coordinates":[4.9948858,51.5732027]}},{"type":"Feature","id":"node/12558591039","properties":{"highway":"street_lamp","id":"node/12558591039"},"geometry":{"type":"Point","coordinates":[4.9954278,51.5731238]}},{"type":"Feature","id":"node/12558593546","properties":{"highway":"street_lamp","id":"node/12558593546"},"geometry":{"type":"Point","coordinates":[4.9942611,51.573295]}},{"type":"Feature","id":"node/12558612058","properties":{"highway":"street_lamp","id":"node/12558612058"},"geometry":{"type":"Point","coordinates":[4.9945941,51.573249]}},{"type":"Feature","id":"node/12558615466","properties":{"highway":"street_lamp","id":"node/12558615466"},"geometry":{"type":"Point","coordinates":[4.9931417,51.5734876]}},{"type":"Feature","id":"node/12558622755","properties":{"highway":"street_lamp","id":"node/12558622755"},"geometry":{"type":"Point","coordinates":[4.9936505,51.5732057]}},{"type":"Feature","id":"node/12558630916","properties":{"highway":"street_lamp","id":"node/12558630916"},"geometry":{"type":"Point","coordinates":[4.9951417,51.573161]}},{"type":"Feature","id":"node/12565803243","properties":{"highway":"street_lamp","id":"node/12565803243"},"geometry":{"type":"Point","coordinates":[5.0023586,51.5768669]}},{"type":"Feature","id":"node/12565803350","properties":{"highway":"street_lamp","id":"node/12565803350"},"geometry":{"type":"Point","coordinates":[5.0024998,51.5766163]}},{"type":"Feature","id":"node/12565910397","properties":{"highway":"street_lamp","id":"node/12565910397"},"geometry":{"type":"Point","coordinates":[5.0040561,51.5785707]}},{"type":"Feature","id":"node/12565914746","properties":{"highway":"street_lamp","id":"node/12565914746"},"geometry":{"type":"Point","coordinates":[5.0037973,51.5781497]}},{"type":"Feature","id":"node/12565918709","properties":{"highway":"street_lamp","id":"node/12565918709"},"geometry":{"type":"Point","coordinates":[5.0038236,51.5783202]}},{"type":"Feature","id":"node/12565931853","properties":{"highway":"street_lamp","id":"node/12565931853"},"geometry":{"type":"Point","coordinates":[5.0039179,51.5785384]}},{"type":"Feature","id":"node/12565981323","properties":{"highway":"street_lamp","id":"node/12565981323"},"geometry":{"type":"Point","coordinates":[5.0027228,51.575893]}},{"type":"Feature","id":"node/12565996463","properties":{"highway":"street_lamp","id":"node/12565996463"},"geometry":{"type":"Point","coordinates":[5.0027129,51.5763793]}},{"type":"Feature","id":"node/12565996464","properties":{"highway":"street_lamp","id":"node/12565996464"},"geometry":{"type":"Point","coordinates":[5.0015629,51.5726623]}},{"type":"Feature","id":"node/12565997374","properties":{"highway":"street_lamp","id":"node/12565997374"},"geometry":{"type":"Point","coordinates":[5.0024949,51.576636]}},{"type":"Feature","id":"node/12565997976","properties":{"highway":"street_lamp","id":"node/12565997976"},"geometry":{"type":"Point","coordinates":[5.0025806,51.5759847]}},{"type":"Feature","id":"node/12566002157","properties":{"highway":"street_lamp","id":"node/12566002157"},"geometry":{"type":"Point","coordinates":[5.0012964,51.5719981]}},{"type":"Feature","id":"node/12566005359","properties":{"highway":"street_lamp","id":"node/12566005359"},"geometry":{"type":"Point","coordinates":[5.0027162,51.5761683]}},{"type":"Feature","id":"node/12566008730","properties":{"highway":"street_lamp","id":"node/12566008730"},"geometry":{"type":"Point","coordinates":[5.0023002,51.5760317]}},{"type":"Feature","id":"node/12566010933","properties":{"highway":"street_lamp","id":"node/12566010933"},"geometry":{"type":"Point","coordinates":[5.0016793,51.5734956]}},{"type":"Feature","id":"node/12566015349","properties":{"highway":"street_lamp","id":"node/12566015349"},"geometry":{"type":"Point","coordinates":[5.0017582,51.5731783]}},{"type":"Feature","id":"node/12566017934","properties":{"highway":"street_lamp","id":"node/12566017934"},"geometry":{"type":"Point","coordinates":[5.0014073,51.5722961]}},{"type":"Feature","id":"node/12566018703","properties":{"highway":"street_lamp","id":"node/12566018703"},"geometry":{"type":"Point","coordinates":[5.0017221,51.5742557]}},{"type":"Feature","id":"node/12566019188","properties":{"highway":"street_lamp","id":"node/12566019188"},"geometry":{"type":"Point","coordinates":[5.0017983,51.5734323]}},{"type":"Feature","id":"node/12566019624","properties":{"highway":"street_lamp","id":"node/12566019624"},"geometry":{"type":"Point","coordinates":[5.0016646,51.5729329]}},{"type":"Feature","id":"node/12571028148","properties":{"highway":"street_lamp","id":"node/12571028148"},"geometry":{"type":"Point","coordinates":[5.002283,51.5708018]}},{"type":"Feature","id":"node/12571032875","properties":{"highway":"street_lamp","id":"node/12571032875"},"geometry":{"type":"Point","coordinates":[5.0022202,51.5705776]}},{"type":"Feature","id":"node/12571032876","properties":{"highway":"street_lamp","id":"node/12571032876"},"geometry":{"type":"Point","coordinates":[5.0023911,51.5711957]}},{"type":"Feature","id":"node/12574232498","properties":{"highway":"street_lamp","id":"node/12574232498"},"geometry":{"type":"Point","coordinates":[5.0028007,51.5753888]}},{"type":"Feature","id":"node/12574299531","properties":{"highway":"street_lamp","id":"node/12574299531"},"geometry":{"type":"Point","coordinates":[5.002543,51.5747219]}},{"type":"Feature","id":"node/12574299905","properties":{"highway":"street_lamp","id":"node/12574299905"},"geometry":{"type":"Point","coordinates":[5.0024575,51.5745054]}},{"type":"Feature","id":"node/12574311589","properties":{"highway":"street_lamp","id":"node/12574311589"},"geometry":{"type":"Point","coordinates":[5.0031548,51.5736565]}},{"type":"Feature","id":"node/12574314231","properties":{"highway":"street_lamp","id":"node/12574314231"},"geometry":{"type":"Point","coordinates":[5.0029223,51.576019]}},{"type":"Feature","id":"node/12574321764","properties":{"highway":"street_lamp","id":"node/12574321764"},"geometry":{"type":"Point","coordinates":[5.0027136,51.5751559]}},{"type":"Feature","id":"node/12574324567","properties":{"highway":"street_lamp","id":"node/12574324567"},"geometry":{"type":"Point","coordinates":[5.0023889,51.5742996]}},{"type":"Feature","id":"node/12574326208","properties":{"highway":"street_lamp","id":"node/12574326208"},"geometry":{"type":"Point","coordinates":[5.0029517,51.5763538]}},{"type":"Feature","id":"node/12574330127","properties":{"highway":"street_lamp","id":"node/12574330127"},"geometry":{"type":"Point","coordinates":[5.002212,51.5738317]}},{"type":"Feature","id":"node/12574331710","properties":{"highway":"street_lamp","id":"node/12574331710"},"geometry":{"type":"Point","coordinates":[5.0022957,51.5740597]}},{"type":"Feature","id":"node/12574331711","properties":{"highway":"street_lamp","id":"node/12574331711"},"geometry":{"type":"Point","coordinates":[5.0028801,51.5756068]}},{"type":"Feature","id":"node/12574331712","properties":{"highway":"street_lamp","id":"node/12574331712"},"geometry":{"type":"Point","coordinates":[5.0023837,51.5767269]}},{"type":"Feature","id":"node/12574332583","properties":{"highway":"street_lamp","id":"node/12574332583"},"geometry":{"type":"Point","coordinates":[5.0021193,51.5736046]}},{"type":"Feature","id":"node/12574335074","properties":{"highway":"street_lamp","id":"node/12574335074"},"geometry":{"type":"Point","coordinates":[5.0029489,51.5771134]}},{"type":"Feature","id":"node/12574336780","properties":{"highway":"street_lamp","id":"node/12574336780"},"geometry":{"type":"Point","coordinates":[5.0033678,51.5772038]}},{"type":"Feature","id":"node/12574338784","properties":{"highway":"street_lamp","id":"node/12574338784"},"geometry":{"type":"Point","coordinates":[5.002461,51.5734285]}},{"type":"Feature","id":"node/12574343340","properties":{"highway":"street_lamp","id":"node/12574343340"},"geometry":{"type":"Point","coordinates":[5.0029727,51.5758663]}},{"type":"Feature","id":"node/12574364396","properties":{"highway":"street_lamp","id":"node/12574364396"},"geometry":{"type":"Point","coordinates":[5.0028195,51.5733172]}},{"type":"Feature","id":"node/12574387338","properties":{"highway":"street_lamp","id":"node/12574387338"},"geometry":{"type":"Point","coordinates":[5.0049238,51.5773942]}},{"type":"Feature","id":"node/12574390997","properties":{"highway":"street_lamp","id":"node/12574390997"},"geometry":{"type":"Point","coordinates":[5.002054,51.5734385]}},{"type":"Feature","id":"node/12574395372","properties":{"highway":"street_lamp","id":"node/12574395372"},"geometry":{"type":"Point","coordinates":[5.0031623,51.5739023]}},{"type":"Feature","id":"node/12574402084","properties":{"highway":"street_lamp","id":"node/12574402084"},"geometry":{"type":"Point","coordinates":[5.0030086,51.5734616]}},{"type":"Feature","id":"node/12578277656","properties":{"highway":"street_lamp","id":"node/12578277656"},"geometry":{"type":"Point","coordinates":[4.9942554,51.5723967]}},{"type":"Feature","id":"node/12578306488","properties":{"highway":"street_lamp","id":"node/12578306488"},"geometry":{"type":"Point","coordinates":[4.9945681,51.5724037]}},{"type":"Feature","id":"node/12578343294","properties":{"highway":"street_lamp","id":"node/12578343294"},"geometry":{"type":"Point","coordinates":[4.9907191,51.5711873]}},{"type":"Feature","id":"node/12578354933","properties":{"highway":"street_lamp","id":"node/12578354933"},"geometry":{"type":"Point","coordinates":[4.9969727,51.5719825]}},{"type":"Feature","id":"node/12578363880","properties":{"highway":"street_lamp","id":"node/12578363880"},"geometry":{"type":"Point","coordinates":[4.9957093,51.5726234]}},{"type":"Feature","id":"node/12578378347","properties":{"highway":"street_lamp","id":"node/12578378347"},"geometry":{"type":"Point","coordinates":[4.9945077,51.5719163]}},{"type":"Feature","id":"node/12578386808","properties":{"highway":"street_lamp","id":"node/12578386808"},"geometry":{"type":"Point","coordinates":[4.9945456,51.5721849]}},{"type":"Feature","id":"node/12578387515","properties":{"highway":"street_lamp","id":"node/12578387515"},"geometry":{"type":"Point","coordinates":[4.9954994,51.5725372]}},{"type":"Feature","id":"node/12581494816","properties":{"highway":"street_lamp","id":"node/12581494816"},"geometry":{"type":"Point","coordinates":[4.9974953,51.5726241]}},{"type":"Feature","id":"node/12581511369","properties":{"highway":"street_lamp","id":"node/12581511369"},"geometry":{"type":"Point","coordinates":[4.9931535,51.5717932]}},{"type":"Feature","id":"node/12581515032","properties":{"highway":"street_lamp","id":"node/12581515032"},"geometry":{"type":"Point","coordinates":[4.9965996,51.5727491]}},{"type":"Feature","id":"node/12581529153","properties":{"highway":"street_lamp","id":"node/12581529153"},"geometry":{"type":"Point","coordinates":[4.9819997,51.5727432]}},{"type":"Feature","id":"node/12581534975","properties":{"highway":"street_lamp","id":"node/12581534975"},"geometry":{"type":"Point","coordinates":[4.9820344,51.5723402]}},{"type":"Feature","id":"node/12581539985","properties":{"highway":"street_lamp","id":"node/12581539985"},"geometry":{"type":"Point","coordinates":[4.9831091,51.5721772]}},{"type":"Feature","id":"node/12581540114","properties":{"highway":"street_lamp","id":"node/12581540114"},"geometry":{"type":"Point","coordinates":[4.9823602,51.5722975]}},{"type":"Feature","id":"node/12581540755","properties":{"highway":"street_lamp","id":"node/12581540755"},"geometry":{"type":"Point","coordinates":[4.9905531,51.5709727]}},{"type":"Feature","id":"node/12581548543","properties":{"highway":"street_lamp","id":"node/12581548543"},"geometry":{"type":"Point","coordinates":[4.9819861,51.5724745]}},{"type":"Feature","id":"node/12581548544","properties":{"highway":"street_lamp","id":"node/12581548544"},"geometry":{"type":"Point","coordinates":[4.9827229,51.5722491]}},{"type":"Feature","id":"node/12581548545","properties":{"highway":"street_lamp","id":"node/12581548545"},"geometry":{"type":"Point","coordinates":[4.9830768,51.5720829]}},{"type":"Feature","id":"node/12581549454","properties":{"highway":"street_lamp","id":"node/12581549454"},"geometry":{"type":"Point","coordinates":[4.9937889,51.5727109]}},{"type":"Feature","id":"node/12581552362","properties":{"highway":"street_lamp","id":"node/12581552362"},"geometry":{"type":"Point","coordinates":[4.993254,51.5726489]}},{"type":"Feature","id":"node/12581554460","properties":{"highway":"street_lamp","id":"node/12581554460"},"geometry":{"type":"Point","coordinates":[4.9905406,51.5708208]}},{"type":"Feature","id":"node/12581558428","properties":{"highway":"street_lamp","id":"node/12581558428"},"geometry":{"type":"Point","coordinates":[4.9934755,51.5711504]}},{"type":"Feature","id":"node/12581558429","properties":{"highway":"street_lamp","id":"node/12581558429"},"geometry":{"type":"Point","coordinates":[4.9932474,51.5720841]}},{"type":"Feature","id":"node/12581565802","properties":{"highway":"street_lamp","id":"node/12581565802"},"geometry":{"type":"Point","coordinates":[4.9942956,51.5728804]}},{"type":"Feature","id":"node/12585424246","properties":{"highway":"street_lamp","id":"node/12585424246"},"geometry":{"type":"Point","coordinates":[5.0032685,51.5719362]}},{"type":"Feature","id":"node/12587200932","properties":{"highway":"street_lamp","id":"node/12587200932"},"geometry":{"type":"Point","coordinates":[5.0019345,51.573884]}},{"type":"Feature","id":"node/12587217194","properties":{"highway":"street_lamp","id":"node/12587217194"},"geometry":{"type":"Point","coordinates":[5.0022223,51.5745629]}},{"type":"Feature","id":"node/12587217466","properties":{"highway":"street_lamp","id":"node/12587217466"},"geometry":{"type":"Point","coordinates":[5.0018287,51.5736437]}},{"type":"Feature","id":"node/12587227896","properties":{"highway":"street_lamp","id":"node/12587227896"},"geometry":{"type":"Point","coordinates":[5.0021107,51.574302]}},{"type":"Feature","id":"node/12587231541","properties":{"highway":"street_lamp","id":"node/12587231541"},"geometry":{"type":"Point","coordinates":[5.0022976,51.5747602]}},{"type":"Feature","id":"node/12587234708","properties":{"highway":"street_lamp","id":"node/12587234708"},"geometry":{"type":"Point","coordinates":[5.0024875,51.575242]}},{"type":"Feature","id":"node/12587235004","properties":{"highway":"street_lamp","id":"node/12587235004"},"geometry":{"type":"Point","coordinates":[5.0026525,51.5756869]}},{"type":"Feature","id":"node/12587235357","properties":{"highway":"street_lamp","id":"node/12587235357"},"geometry":{"type":"Point","coordinates":[5.0020124,51.5740761]}},{"type":"Feature","id":"node/12587235846","properties":{"highway":"street_lamp","id":"node/12587235846"},"geometry":{"type":"Point","coordinates":[5.0025722,51.5754531]}},{"type":"Feature","id":"node/12587726794","properties":{"highway":"street_lamp","id":"node/12587726794"},"geometry":{"type":"Point","coordinates":[5.0053553,51.5788544]}},{"type":"Feature","id":"node/12587770224","properties":{"highway":"street_lamp","id":"node/12587770224"},"geometry":{"type":"Point","coordinates":[5.0055678,51.5795432]}},{"type":"Feature","id":"node/12587779052","properties":{"highway":"street_lamp","id":"node/12587779052"},"geometry":{"type":"Point","coordinates":[5.0051484,51.5787863]}},{"type":"Feature","id":"node/12587779084","properties":{"highway":"street_lamp","id":"node/12587779084"},"geometry":{"type":"Point","coordinates":[5.005525,51.5794438]}},{"type":"Feature","id":"node/12588008793","properties":{"highway":"street_lamp","id":"node/12588008793"},"geometry":{"type":"Point","coordinates":[5.0043001,51.5774437]}},{"type":"Feature","id":"node/12588052715","properties":{"highway":"street_lamp","id":"node/12588052715"},"geometry":{"type":"Point","coordinates":[5.0037233,51.577304]}},{"type":"Feature","id":"node/12588052716","properties":{"highway":"street_lamp","id":"node/12588052716"},"geometry":{"type":"Point","coordinates":[5.0034628,51.5772184]}},{"type":"Feature","id":"node/12588054774","properties":{"highway":"street_lamp","id":"node/12588054774"},"geometry":{"type":"Point","coordinates":[5.0038768,51.577341]}},{"type":"Feature","id":"node/12607247296","properties":{"highway":"street_lamp","id":"node/12607247296"},"geometry":{"type":"Point","coordinates":[5.0048899,51.5758321]}},{"type":"Feature","id":"node/12607279512","properties":{"highway":"street_lamp","id":"node/12607279512"},"geometry":{"type":"Point","coordinates":[5.003508,51.5732239]}},{"type":"Feature","id":"node/12607288126","properties":{"highway":"street_lamp","id":"node/12607288126"},"geometry":{"type":"Point","coordinates":[5.005049,51.5760135]}},{"type":"Feature","id":"node/12607288210","properties":{"highway":"street_lamp","id":"node/12607288210"},"geometry":{"type":"Point","coordinates":[5.004717,51.5753692]}},{"type":"Feature","id":"node/12607288490","properties":{"highway":"street_lamp","id":"node/12607288490"},"geometry":{"type":"Point","coordinates":[5.0049755,51.5766149]}},{"type":"Feature","id":"node/12607296530","properties":{"highway":"street_lamp","id":"node/12607296530"},"geometry":{"type":"Point","coordinates":[5.0031138,51.5733307]}},{"type":"Feature","id":"node/12607296539","properties":{"highway":"street_lamp","id":"node/12607296539"},"geometry":{"type":"Point","coordinates":[5.0049272,51.5768177]}},{"type":"Feature","id":"node/12607297328","properties":{"highway":"street_lamp","id":"node/12607297328"},"geometry":{"type":"Point","coordinates":[5.0038156,51.5732235]}},{"type":"Feature","id":"node/12607306537","properties":{"highway":"street_lamp","id":"node/12607306537"},"geometry":{"type":"Point","coordinates":[5.0047111,51.5770692]}},{"type":"Feature","id":"node/12607310206","properties":{"highway":"street_lamp","id":"node/12607310206"},"geometry":{"type":"Point","coordinates":[5.0050276,51.5762094]}},{"type":"Feature","id":"node/12607328534","properties":{"highway":"street_lamp","id":"node/12607328534"},"geometry":{"type":"Point","coordinates":[5.0048501,51.5772003]}},{"type":"Feature","id":"node/12607330404","properties":{"highway":"street_lamp","id":"node/12607330404"},"geometry":{"type":"Point","coordinates":[5.0046299,51.5771174]}},{"type":"Feature","id":"node/12607346328","properties":{"highway":"street_lamp","id":"node/12607346328"},"geometry":{"type":"Point","coordinates":[5.0048946,51.5756162]}},{"type":"Feature","id":"node/12607349628","properties":{"highway":"street_lamp","id":"node/12607349628"},"geometry":{"type":"Point","coordinates":[5.0049242,51.5771828]}},{"type":"Feature","id":"node/12607353680","properties":{"highway":"street_lamp","id":"node/12607353680"},"geometry":{"type":"Point","coordinates":[5.0047453,51.5757131]}},{"type":"Feature","id":"node/12607354844","properties":{"highway":"street_lamp","id":"node/12607354844"},"geometry":{"type":"Point","coordinates":[5.0050856,51.5767172]}},{"type":"Feature","id":"node/12612892639","properties":{"highway":"street_lamp","id":"node/12612892639"},"geometry":{"type":"Point","coordinates":[5.002332,51.5709984]}},{"type":"Feature","id":"node/12612911824","properties":{"highway":"street_lamp","id":"node/12612911824"},"geometry":{"type":"Point","coordinates":[5.0010515,51.5702173]}},{"type":"Feature","id":"node/12612931728","properties":{"highway":"street_lamp","id":"node/12612931728"},"geometry":{"type":"Point","coordinates":[4.9995836,51.570364]}},{"type":"Feature","id":"node/12612934045","properties":{"highway":"street_lamp","id":"node/12612934045"},"geometry":{"type":"Point","coordinates":[5.0003358,51.5702544]}},{"type":"Feature","id":"node/12612949859","properties":{"highway":"street_lamp","id":"node/12612949859"},"geometry":{"type":"Point","coordinates":[4.9999606,51.5703095]}},{"type":"Feature","id":"node/12612968435","properties":{"highway":"street_lamp","id":"node/12612968435"},"geometry":{"type":"Point","coordinates":[5.0016878,51.5701209]}},{"type":"Feature","id":"node/12612968436","properties":{"highway":"street_lamp","id":"node/12612968436"},"geometry":{"type":"Point","coordinates":[5.001324,51.5701783]}},{"type":"Feature","id":"node/12615189956","properties":{"highway":"street_lamp","id":"node/12615189956"},"geometry":{"type":"Point","coordinates":[4.9942359,51.5708782]}},{"type":"Feature","id":"node/12615191980","properties":{"highway":"street_lamp","id":"node/12615191980"},"geometry":{"type":"Point","coordinates":[4.9944732,51.5715158]}},{"type":"Feature","id":"node/12615242558","properties":{"highway":"street_lamp","id":"node/12615242558"},"geometry":{"type":"Point","coordinates":[4.9941232,51.5710651]}},{"type":"Feature","id":"node/12615244521","properties":{"highway":"street_lamp","id":"node/12615244521"},"geometry":{"type":"Point","coordinates":[4.9944494,51.5713037]}},{"type":"Feature","id":"node/12615247471","properties":{"highway":"street_lamp","id":"node/12615247471"},"geometry":{"type":"Point","coordinates":[4.9944923,51.5717439]}},{"type":"Feature","id":"node/12615254545","properties":{"highway":"street_lamp","id":"node/12615254545"},"geometry":{"type":"Point","coordinates":[4.9942953,51.5712081]}},{"type":"Feature","id":"node/12615265184","properties":{"highway":"street_lamp","id":"node/12615265184"},"geometry":{"type":"Point","coordinates":[4.9943638,51.5710911]}},{"type":"Feature","id":"node/12620078412","properties":{"highway":"street_lamp","id":"node/12620078412"},"geometry":{"type":"Point","coordinates":[4.9941744,51.573128]}},{"type":"Feature","id":"node/12620095076","properties":{"highway":"street_lamp","id":"node/12620095076"},"geometry":{"type":"Point","coordinates":[4.9977226,51.5725957]}},{"type":"Feature","id":"node/12620097779","properties":{"highway":"street_lamp","id":"node/12620097779"},"geometry":{"type":"Point","coordinates":[4.9940679,51.5728938]}},{"type":"Feature","id":"node/12620097780","properties":{"highway":"street_lamp","id":"node/12620097780"},"geometry":{"type":"Point","coordinates":[4.9943758,51.5731017]}},{"type":"Feature","id":"node/12620112356","properties":{"highway":"street_lamp","id":"node/12620112356"},"geometry":{"type":"Point","coordinates":[5.0006553,51.5723644]}},{"type":"Feature","id":"node/12620113517","properties":{"highway":"street_lamp","id":"node/12620113517"},"geometry":{"type":"Point","coordinates":[5.0003159,51.5724086]}},{"type":"Feature","id":"node/12622947534","properties":{"highway":"street_lamp","id":"node/12622947534"},"geometry":{"type":"Point","coordinates":[4.9938096,51.5745883]}},{"type":"Feature","id":"node/12630340824","properties":{"highway":"street_lamp","id":"node/12630340824"},"geometry":{"type":"Point","coordinates":[4.9968954,51.5708348]}},{"type":"Feature","id":"node/12630399808","properties":{"highway":"street_lamp","id":"node/12630399808"},"geometry":{"type":"Point","coordinates":[4.9967955,51.571555]}},{"type":"Feature","id":"node/12630406065","properties":{"highway":"street_lamp","id":"node/12630406065"},"geometry":{"type":"Point","coordinates":[4.9968731,51.5717554]}},{"type":"Feature","id":"node/12630414026","properties":{"highway":"street_lamp","id":"node/12630414026"},"geometry":{"type":"Point","coordinates":[4.9970531,51.5712601]}},{"type":"Feature","id":"node/12630414027","properties":{"highway":"street_lamp","id":"node/12630414027"},"geometry":{"type":"Point","coordinates":[4.99668,51.5707688]}},{"type":"Feature","id":"node/12630421304","properties":{"highway":"street_lamp","id":"node/12630421304"},"geometry":{"type":"Point","coordinates":[4.9966245,51.571108]}},{"type":"Feature","id":"node/12630422920","properties":{"highway":"street_lamp","id":"node/12630422920"},"geometry":{"type":"Point","coordinates":[4.9992101,51.5699877]}},{"type":"Feature","id":"node/12630427126","properties":{"highway":"street_lamp","id":"node/12630427126"},"geometry":{"type":"Point","coordinates":[4.9965473,51.570884]}},{"type":"Feature","id":"node/12630442130","properties":{"highway":"street_lamp","id":"node/12630442130"},"geometry":{"type":"Point","coordinates":[4.9967878,51.5705606]}},{"type":"Feature","id":"node/12630446771","properties":{"highway":"street_lamp","id":"node/12630446771"},"geometry":{"type":"Point","coordinates":[4.9992399,51.5703925]}},{"type":"Feature","id":"node/12630451010","properties":{"highway":"street_lamp","id":"node/12630451010"},"geometry":{"type":"Point","coordinates":[4.9992136,51.5701863]}},{"type":"Feature","id":"node/12630472479","properties":{"highway":"street_lamp","id":"node/12630472479"},"geometry":{"type":"Point","coordinates":[5.0006224,51.5710097]}},{"type":"Feature","id":"node/12630498668","properties":{"highway":"street_lamp","id":"node/12630498668"},"geometry":{"type":"Point","coordinates":[5.0002555,51.571064]}},{"type":"Feature","id":"node/12638353053","properties":{"highway":"street_lamp","id":"node/12638353053"},"geometry":{"type":"Point","coordinates":[5.0053656,51.5782211]}},{"type":"Feature","id":"node/12638362365","properties":{"highway":"street_lamp","id":"node/12638362365"},"geometry":{"type":"Point","coordinates":[5.0050663,51.5781436]}},{"type":"Feature","id":"node/12638366280","properties":{"highway":"street_lamp","id":"node/12638366280"},"geometry":{"type":"Point","coordinates":[5.0055812,51.5782164]}},{"type":"Feature","id":"node/12638375095","properties":{"highway":"street_lamp","id":"node/12638375095"},"geometry":{"type":"Point","coordinates":[5.0056831,51.5780427]}},{"type":"Feature","id":"node/12638391789","properties":{"highway":"street_lamp","id":"node/12638391789"},"geometry":{"type":"Point","coordinates":[5.0050043,51.5783169]}},{"type":"Feature","id":"node/12638402364","properties":{"highway":"street_lamp","id":"node/12638402364"},"geometry":{"type":"Point","coordinates":[5.0048984,51.5781975]}},{"type":"Feature","id":"node/12638931090","properties":{"highway":"street_lamp","id":"node/12638931090"},"geometry":{"type":"Point","coordinates":[4.9932171,51.5650162]}},{"type":"Feature","id":"node/12640978299","properties":{"highway":"street_lamp","id":"node/12640978299"},"geometry":{"type":"Point","coordinates":[4.9974207,51.5710052]}},{"type":"Feature","id":"node/12641002933","properties":{"highway":"street_lamp","id":"node/12641002933"},"geometry":{"type":"Point","coordinates":[5.000074,51.5706151]}},{"type":"Feature","id":"node/12641013921","properties":{"highway":"street_lamp","id":"node/12641013921"},"geometry":{"type":"Point","coordinates":[5.0018638,51.5705763]}},{"type":"Feature","id":"node/12641015935","properties":{"highway":"street_lamp","id":"node/12641015935"},"geometry":{"type":"Point","coordinates":[4.9977859,51.5709531]}},{"type":"Feature","id":"node/12641017985","properties":{"highway":"street_lamp","id":"node/12641017985"},"geometry":{"type":"Point","coordinates":[4.9985697,51.5710643]}},{"type":"Feature","id":"node/12641020409","properties":{"highway":"street_lamp","id":"node/12641020409"},"geometry":{"type":"Point","coordinates":[4.9988926,51.5710163]}},{"type":"Feature","id":"node/12641027703","properties":{"highway":"street_lamp","id":"node/12641027703"},"geometry":{"type":"Point","coordinates":[5.0004392,51.5705606]}},{"type":"Feature","id":"node/12641032923","properties":{"highway":"street_lamp","id":"node/12641032923"},"geometry":{"type":"Point","coordinates":[5.0012063,51.5706738]}},{"type":"Feature","id":"node/12641034883","properties":{"highway":"street_lamp","id":"node/12641034883"},"geometry":{"type":"Point","coordinates":[5.0014929,51.5706321]}},{"type":"Feature","id":"node/12642648166","properties":{"highway":"street_lamp","id":"node/12642648166"},"geometry":{"type":"Point","coordinates":[5.0067841,51.5775174]}},{"type":"Feature","id":"node/12642652900","properties":{"highway":"street_lamp","id":"node/12642652900"},"geometry":{"type":"Point","coordinates":[5.0070172,51.5775673]}},{"type":"Feature","id":"node/12642654165","properties":{"highway":"street_lamp","id":"node/12642654165"},"geometry":{"type":"Point","coordinates":[5.007237,51.5775708]}},{"type":"Feature","id":"node/12642654166","properties":{"highway":"street_lamp","id":"node/12642654166"},"geometry":{"type":"Point","coordinates":[5.0069536,51.5777116]}},{"type":"Feature","id":"node/12642672765","properties":{"highway":"street_lamp","id":"node/12642672765"},"geometry":{"type":"Point","coordinates":[5.0064276,51.5774301]}},{"type":"Feature","id":"node/12645055441","properties":{"highway":"street_lamp","id":"node/12645055441"},"geometry":{"type":"Point","coordinates":[5.0017374,51.5725594]}},{"type":"Feature","id":"node/12645059669","properties":{"highway":"street_lamp","id":"node/12645059669"},"geometry":{"type":"Point","coordinates":[5.0014909,51.5728761]}},{"type":"Feature","id":"node/12645060278","properties":{"highway":"street_lamp","id":"node/12645060278"},"geometry":{"type":"Point","coordinates":[5.0013868,51.5732353]}},{"type":"Feature","id":"node/12645081282","properties":{"highway":"street_lamp","id":"node/12645081282"},"geometry":{"type":"Point","coordinates":[5.001571,51.5730939]}},{"type":"Feature","id":"node/12645083639","properties":{"highway":"street_lamp","id":"node/12645083639"},"geometry":{"type":"Point","coordinates":[5.0013873,51.5735779]}},{"type":"Feature","id":"node/12645088548","properties":{"highway":"street_lamp","id":"node/12645088548"},"geometry":{"type":"Point","coordinates":[5.0022601,51.5770408]}},{"type":"Feature","id":"node/12645094635","properties":{"highway":"street_lamp","id":"node/12645094635"},"geometry":{"type":"Point","coordinates":[5.0045126,51.5774299]}},{"type":"Feature","id":"node/12645197405","properties":{"highway":"street_lamp","id":"node/12645197405"},"geometry":{"type":"Point","coordinates":[4.9998102,51.5739489]}},{"type":"Feature","id":"node/12645197407","properties":{"highway":"street_lamp","id":"node/12645197407"},"geometry":{"type":"Point","coordinates":[5.000663,51.5736482]}},{"type":"Feature","id":"node/12645198527","properties":{"highway":"street_lamp","id":"node/12645198527"},"geometry":{"type":"Point","coordinates":[5.0010456,51.5736327]}},{"type":"Feature","id":"node/12645198932","properties":{"highway":"street_lamp","id":"node/12645198932"},"geometry":{"type":"Point","coordinates":[4.9998128,51.5741606]}},{"type":"Feature","id":"node/12645200943","properties":{"highway":"street_lamp","id":"node/12645200943"},"geometry":{"type":"Point","coordinates":[5.0002413,51.573753]}},{"type":"Feature","id":"node/12645206384","properties":{"highway":"street_lamp","id":"node/12645206384"},"geometry":{"type":"Point","coordinates":[4.9999082,51.5737571]}},{"type":"Feature","id":"node/12645213114","properties":{"highway":"street_lamp","id":"node/12645213114"},"geometry":{"type":"Point","coordinates":[4.9999707,51.5743992]}},{"type":"Feature","id":"node/12645585034","properties":{"highway":"street_lamp","id":"node/12645585034"},"geometry":{"type":"Point","coordinates":[5.0177123,51.5698194]}},{"type":"Feature","id":"node/12645594692","properties":{"highway":"street_lamp","id":"node/12645594692"},"geometry":{"type":"Point","coordinates":[5.0172698,51.5670918]}},{"type":"Feature","id":"node/12645606656","properties":{"highway":"street_lamp","id":"node/12645606656"},"geometry":{"type":"Point","coordinates":[5.0225366,51.578501]}},{"type":"Feature","id":"node/12645612612","properties":{"highway":"street_lamp","id":"node/12645612612"},"geometry":{"type":"Point","coordinates":[5.0178134,51.5698393]}},{"type":"Feature","id":"node/12645613060","properties":{"highway":"street_lamp","id":"node/12645613060"},"geometry":{"type":"Point","coordinates":[5.0172507,51.5675019]}},{"type":"Feature","id":"node/12645616423","properties":{"highway":"street_lamp","id":"node/12645616423"},"geometry":{"type":"Point","coordinates":[5.0209997,51.5760463]}},{"type":"Feature","id":"node/12647895593","properties":{"highway":"street_lamp","id":"node/12647895593"},"geometry":{"type":"Point","coordinates":[5.0447693,51.5722323]}},{"type":"Feature","id":"node/12647915437","properties":{"highway":"street_lamp","id":"node/12647915437"},"geometry":{"type":"Point","coordinates":[5.0451324,51.5723535]}},{"type":"Feature","id":"node/12647918847","properties":{"highway":"street_lamp","id":"node/12647918847"},"geometry":{"type":"Point","coordinates":[5.0169198,51.5672848]}},{"type":"Feature","id":"node/12647938362","properties":{"highway":"street_lamp","id":"node/12647938362"},"geometry":{"type":"Point","coordinates":[5.0445823,51.5724706]}},{"type":"Feature","id":"node/12647950006","properties":{"highway":"street_lamp","id":"node/12647950006"},"geometry":{"type":"Point","coordinates":[5.0449484,51.5725889]}},{"type":"Feature","id":"node/12649164613","properties":{"highway":"street_lamp","id":"node/12649164613"},"geometry":{"type":"Point","coordinates":[4.9937345,51.5734014]}},{"type":"Feature","id":"node/12650258611","properties":{"highway":"street_lamp","id":"node/12650258611"},"geometry":{"type":"Point","coordinates":[4.9968586,51.5727192]}},{"type":"Feature","id":"node/12650266486","properties":{"highway":"street_lamp","id":"node/12650266486"},"geometry":{"type":"Point","coordinates":[4.9971229,51.5726741]}},{"type":"Feature","id":"node/12650266952","properties":{"highway":"street_lamp","id":"node/12650266952"},"geometry":{"type":"Point","coordinates":[4.9960392,51.5728273]}},{"type":"Feature","id":"node/12650272593","properties":{"highway":"street_lamp","id":"node/12650272593"},"geometry":{"type":"Point","coordinates":[4.9962712,51.5727919]}},{"type":"Feature","id":"node/12651760455","properties":{"highway":"street_lamp","id":"node/12651760455"},"geometry":{"type":"Point","coordinates":[4.983201,51.5725502]}},{"type":"Feature","id":"node/12651762232","properties":{"highway":"street_lamp","id":"node/12651762232"},"geometry":{"type":"Point","coordinates":[4.9832028,51.5726506]}},{"type":"Feature","id":"node/12651787226","properties":{"highway":"street_lamp","id":"node/12651787226"},"geometry":{"type":"Point","coordinates":[4.9832073,51.5728188]}},{"type":"Feature","id":"node/12655299694","properties":{"highway":"street_lamp","id":"node/12655299694"},"geometry":{"type":"Point","coordinates":[4.9814404,51.5723464]}},{"type":"Feature","id":"node/12655426958","properties":{"highway":"street_lamp","id":"node/12655426958"},"geometry":{"type":"Point","coordinates":[4.981455,51.5723988]}},{"type":"Feature","id":"node/12656082452","properties":{"highway":"street_lamp","id":"node/12656082452"},"geometry":{"type":"Point","coordinates":[4.9832628,51.5729692]}},{"type":"Feature","id":"node/12656090714","properties":{"highway":"street_lamp","id":"node/12656090714"},"geometry":{"type":"Point","coordinates":[4.9828617,51.5729692]}},{"type":"Feature","id":"node/12656246082","properties":{"highway":"street_lamp","id":"node/12656246082"},"geometry":{"type":"Point","coordinates":[4.9824067,51.5729591]}},{"type":"Feature","id":"node/12656248661","properties":{"highway":"street_lamp","id":"node/12656248661"},"geometry":{"type":"Point","coordinates":[4.9830657,51.5729672]}},{"type":"Feature","id":"node/12656249155","properties":{"highway":"street_lamp","id":"node/12656249155"},"geometry":{"type":"Point","coordinates":[4.9826302,51.5729636]}},{"type":"Feature","id":"node/12668559802","properties":{"highway":"street_lamp","id":"node/12668559802"},"geometry":{"type":"Point","coordinates":[5.0067571,51.5778995]}},{"type":"Feature","id":"node/12668561925","properties":{"highway":"street_lamp","id":"node/12668561925"},"geometry":{"type":"Point","coordinates":[5.0066187,51.5778575]}},{"type":"Feature","id":"node/12668564546","properties":{"highway":"street_lamp","id":"node/12668564546"},"geometry":{"type":"Point","coordinates":[5.0066764,51.5780812]}},{"type":"Feature","id":"node/12668579738","properties":{"highway":"street_lamp","id":"node/12668579738"},"geometry":{"type":"Point","coordinates":[5.0069651,51.5779875]}},{"type":"Feature","id":"node/12668581259","properties":{"highway":"street_lamp","id":"node/12668581259"},"geometry":{"type":"Point","coordinates":[5.0069056,51.5780602]}},{"type":"Feature","id":"node/12670252925","properties":{"highway":"street_lamp","id":"node/12670252925"},"geometry":{"type":"Point","coordinates":[5.0084502,51.5710222]}},{"type":"Feature","id":"node/12670322125","properties":{"highway":"street_lamp","id":"node/12670322125"},"geometry":{"type":"Point","coordinates":[5.0073792,51.571044]}},{"type":"Feature","id":"node/12670330738","properties":{"highway":"street_lamp","id":"node/12670330738"},"geometry":{"type":"Point","coordinates":[5.0086543,51.5709954]}},{"type":"Feature","id":"node/12670330740","properties":{"highway":"street_lamp","id":"node/12670330740"},"geometry":{"type":"Point","coordinates":[5.0073394,51.5709327]}},{"type":"Feature","id":"node/12670330741","properties":{"highway":"street_lamp","id":"node/12670330741"},"geometry":{"type":"Point","coordinates":[5.0072613,51.5707383]}},{"type":"Feature","id":"node/12670337011","properties":{"highway":"street_lamp","id":"node/12670337011"},"geometry":{"type":"Point","coordinates":[5.0088676,51.5709644]}},{"type":"Feature","id":"node/12670337014","properties":{"highway":"street_lamp","id":"node/12670337014"},"geometry":{"type":"Point","coordinates":[5.0061811,51.5707499]}},{"type":"Feature","id":"node/12670339959","properties":{"highway":"street_lamp","id":"node/12670339959"},"geometry":{"type":"Point","coordinates":[5.008216,51.5710616]}},{"type":"Feature","id":"node/12670340207","properties":{"highway":"street_lamp","id":"node/12670340207"},"geometry":{"type":"Point","coordinates":[5.0079787,51.5710951]}},{"type":"Feature","id":"node/12670343051","properties":{"highway":"street_lamp","id":"node/12670343051"},"geometry":{"type":"Point","coordinates":[5.0065452,51.5707287]}},{"type":"Feature","id":"node/12670345449","properties":{"highway":"street_lamp","id":"node/12670345449"},"geometry":{"type":"Point","coordinates":[5.007765,51.571126]}},{"type":"Feature","id":"node/12670345450","properties":{"highway":"street_lamp","id":"node/12670345450"},"geometry":{"type":"Point","coordinates":[5.0075341,51.5711614]}},{"type":"Feature","id":"node/12670348701","properties":{"highway":"street_lamp","id":"node/12670348701"},"geometry":{"type":"Point","coordinates":[5.0068326,51.5706502]}},{"type":"Feature","id":"node/12672295499","properties":{"highway":"street_lamp","id":"node/12672295499"},"geometry":{"type":"Point","coordinates":[4.9934922,51.5731326]}},{"type":"Feature","id":"node/12672356712","properties":{"highway":"street_lamp","id":"node/12672356712"},"geometry":{"type":"Point","coordinates":[4.9940181,51.5731868]}},{"type":"Feature","id":"node/12672376311","properties":{"highway":"street_lamp","id":"node/12672376311"},"geometry":{"type":"Point","coordinates":[4.9939717,51.5730746]}},{"type":"Feature","id":"node/12691186949","properties":{"highway":"street_lamp","id":"node/12691186949"},"geometry":{"type":"Point","coordinates":[5.0449759,51.5723104]}},{"type":"Feature","id":"node/12691219639","properties":{"highway":"street_lamp","id":"node/12691219639"},"geometry":{"type":"Point","coordinates":[5.0446794,51.5723622]}},{"type":"Feature","id":"node/12691239794","properties":{"highway":"street_lamp","id":"node/12691239794"},"geometry":{"type":"Point","coordinates":[5.0284736,51.5764606]}},{"type":"Feature","id":"node/12691246435","properties":{"highway":"street_lamp","id":"node/12691246435"},"geometry":{"type":"Point","coordinates":[5.0494648,51.5738943]}},{"type":"Feature","id":"node/12691249768","properties":{"highway":"street_lamp","id":"node/12691249768"},"geometry":{"type":"Point","coordinates":[5.0447499,51.5725161]}},{"type":"Feature","id":"node/12691252671","properties":{"highway":"street_lamp","id":"node/12691252671"},"geometry":{"type":"Point","coordinates":[5.0225116,51.5786669]}},{"type":"Feature","id":"node/12691253712","properties":{"highway":"street_lamp","id":"node/12691253712"},"geometry":{"type":"Point","coordinates":[5.0200664,51.5728486]}},{"type":"Feature","id":"node/12691263000","properties":{"highway":"street_lamp","id":"node/12691263000"},"geometry":{"type":"Point","coordinates":[5.0450307,51.5724615]}},{"type":"Feature","id":"node/12701709360","properties":{"highway":"street_lamp","id":"node/12701709360"},"geometry":{"type":"Point","coordinates":[4.9939795,51.5736614]}},{"type":"Feature","id":"node/12701735453","properties":{"highway":"street_lamp","id":"node/12701735453"},"geometry":{"type":"Point","coordinates":[4.9940868,51.5736417]}},{"type":"Feature","id":"node/12701759431","properties":{"highway":"street_lamp","id":"node/12701759431"},"geometry":{"type":"Point","coordinates":[4.9970001,51.5731946]}},{"type":"Feature","id":"node/12701759432","properties":{"highway":"street_lamp","id":"node/12701759432"},"geometry":{"type":"Point","coordinates":[4.9969611,51.5730905]}},{"type":"Feature","id":"node/12701760385","properties":{"highway":"street_lamp","id":"node/12701760385"},"geometry":{"type":"Point","coordinates":[4.9947642,51.5735493]}},{"type":"Feature","id":"node/12704771766","properties":{"highway":"street_lamp","id":"node/12704771766"},"geometry":{"type":"Point","coordinates":[4.9835544,51.5728619]}},{"type":"Feature","id":"node/12707885963","properties":{"highway":"street_lamp","id":"node/12707885963"},"geometry":{"type":"Point","coordinates":[5.0090259,51.5704144]}},{"type":"Feature","id":"node/12707888745","properties":{"highway":"street_lamp","id":"node/12707888745"},"geometry":{"type":"Point","coordinates":[5.0086905,51.5704577]}},{"type":"Feature","id":"node/12707907164","properties":{"highway":"street_lamp","id":"node/12707907164"},"geometry":{"type":"Point","coordinates":[5.0093571,51.5703613]}},{"type":"Feature","id":"node/12707910884","properties":{"highway":"street_lamp","id":"node/12707910884"},"geometry":{"type":"Point","coordinates":[5.0106806,51.5701442]}},{"type":"Feature","id":"node/12707922265","properties":{"highway":"street_lamp","id":"node/12707922265"},"geometry":{"type":"Point","coordinates":[5.0073442,51.5706589]}},{"type":"Feature","id":"node/12707922870","properties":{"highway":"street_lamp","id":"node/12707922870"},"geometry":{"type":"Point","coordinates":[5.0080312,51.5705591]}},{"type":"Feature","id":"node/12707923147","properties":{"highway":"street_lamp","id":"node/12707923147"},"geometry":{"type":"Point","coordinates":[5.0077009,51.5706061]}},{"type":"Feature","id":"node/12707923148","properties":{"highway":"street_lamp","id":"node/12707923148"},"geometry":{"type":"Point","coordinates":[5.0083566,51.5705065]}},{"type":"Feature","id":"node/12715190317","properties":{"highway":"street_lamp","id":"node/12715190317"},"geometry":{"type":"Point","coordinates":[4.9967036,51.5731098]}},{"type":"Feature","id":"node/12717752191","properties":{"highway":"street_lamp","id":"node/12717752191"},"geometry":{"type":"Point","coordinates":[4.9838118,51.5716808]}},{"type":"Feature","id":"node/12717784447","properties":{"highway":"street_lamp","id":"node/12717784447"},"geometry":{"type":"Point","coordinates":[4.9844361,51.571589]}},{"type":"Feature","id":"node/12717784448","properties":{"highway":"street_lamp","id":"node/12717784448"},"geometry":{"type":"Point","coordinates":[4.9852032,51.5714799]}},{"type":"Feature","id":"node/12717784898","properties":{"highway":"street_lamp","id":"node/12717784898"},"geometry":{"type":"Point","coordinates":[4.9841426,51.5716317]}},{"type":"Feature","id":"node/12718414481","properties":{"highway":"street_lamp","id":"node/12718414481"},"geometry":{"type":"Point","coordinates":[5.0863459,51.5598125]}},{"type":"Feature","id":"node/12718478694","properties":{"highway":"street_lamp","id":"node/12718478694"},"geometry":{"type":"Point","coordinates":[5.0883766,51.5596493]}},{"type":"Feature","id":"node/12723558626","properties":{"highway":"street_lamp","id":"node/12723558626"},"geometry":{"type":"Point","coordinates":[4.9933176,51.5739372]}},{"type":"Feature","id":"node/12723560695","properties":{"highway":"street_lamp","id":"node/12723560695"},"geometry":{"type":"Point","coordinates":[4.9933919,51.5741108]}},{"type":"Feature","id":"node/12723580031","properties":{"highway":"street_lamp","id":"node/12723580031"},"geometry":{"type":"Point","coordinates":[4.9938916,51.5738434]}},{"type":"Feature","id":"node/12723581327","properties":{"highway":"street_lamp","id":"node/12723581327"},"geometry":{"type":"Point","coordinates":[4.9930548,51.5738452]}},{"type":"Feature","id":"node/12723595183","properties":{"highway":"street_lamp","id":"node/12723595183"},"geometry":{"type":"Point","coordinates":[4.9930284,51.5736612]}},{"type":"Feature","id":"node/12723595292","properties":{"highway":"street_lamp","id":"node/12723595292"},"geometry":{"type":"Point","coordinates":[4.9929746,51.5733725]}},{"type":"Feature","id":"node/12723599950","properties":{"highway":"street_lamp","id":"node/12723599950"},"geometry":{"type":"Point","coordinates":[4.9930039,51.5735599]}},{"type":"Feature","id":"node/12743970916","properties":{"highway":"street_lamp","id":"node/12743970916"},"geometry":{"type":"Point","coordinates":[4.9901056,51.5709167]}},{"type":"Feature","id":"node/12743973225","properties":{"highway":"street_lamp","id":"node/12743973225"},"geometry":{"type":"Point","coordinates":[4.9899029,51.570925]}},{"type":"Feature","id":"node/12749916670","properties":{"highway":"street_lamp","id":"node/12749916670"},"geometry":{"type":"Point","coordinates":[5.0048746,51.5717295]}},{"type":"Feature","id":"node/12749916679","properties":{"highway":"street_lamp","id":"node/12749916679"},"geometry":{"type":"Point","coordinates":[5.0045273,51.5717805]}},{"type":"Feature","id":"node/12749944926","properties":{"highway":"street_lamp","id":"node/12749944926"},"geometry":{"type":"Point","coordinates":[5.0019774,51.5721564]}},{"type":"Feature","id":"node/12749949653","properties":{"highway":"street_lamp","id":"node/12749949653"},"geometry":{"type":"Point","coordinates":[5.0039362,51.5718674]}},{"type":"Feature","id":"node/12749949663","properties":{"highway":"street_lamp","id":"node/12749949663"},"geometry":{"type":"Point","coordinates":[5.0012171,51.5720628]}},{"type":"Feature","id":"node/12749969429","properties":{"highway":"street_lamp","id":"node/12749969429"},"geometry":{"type":"Point","coordinates":[5.003595,51.5719188]}},{"type":"Feature","id":"node/12749969430","properties":{"highway":"street_lamp","id":"node/12749969430"},"geometry":{"type":"Point","coordinates":[5.0029801,51.5720045]}},{"type":"Feature","id":"node/12749976013","properties":{"highway":"street_lamp","id":"node/12749976013"},"geometry":{"type":"Point","coordinates":[5.0041874,51.5718312]}},{"type":"Feature","id":"node/12749976262","properties":{"highway":"street_lamp","id":"node/12749976262"},"geometry":{"type":"Point","coordinates":[5.0032075,51.5717907]}},{"type":"Feature","id":"node/12749983810","properties":{"highway":"street_lamp","id":"node/12749983810"},"geometry":{"type":"Point","coordinates":[5.0026357,51.5720551]}},{"type":"Feature","id":"node/12749985874","properties":{"highway":"street_lamp","id":"node/12749985874"},"geometry":{"type":"Point","coordinates":[5.0023031,51.5721112]}},{"type":"Feature","id":"node/12750002126","properties":{"highway":"street_lamp","id":"node/12750002126"},"geometry":{"type":"Point","coordinates":[5.0015357,51.5720433]}},{"type":"Feature","id":"node/12756698841","properties":{"highway":"street_lamp","id":"node/12756698841"},"geometry":{"type":"Point","coordinates":[4.9843418,51.5726828]}},{"type":"Feature","id":"node/12756704849","properties":{"highway":"street_lamp","id":"node/12756704849"},"geometry":{"type":"Point","coordinates":[4.984678,51.5726763]}},{"type":"Feature","id":"node/12766094632","properties":{"highway":"street_lamp","id":"node/12766094632"},"geometry":{"type":"Point","coordinates":[5.0287242,51.5857385]}},{"type":"Feature","id":"node/12766117638","properties":{"highway":"street_lamp","id":"node/12766117638"},"geometry":{"type":"Point","coordinates":[5.0286623,51.5856951]}},{"type":"Feature","id":"node/12766128612","properties":{"highway":"street_lamp","id":"node/12766128612"},"geometry":{"type":"Point","coordinates":[5.0287274,51.5861355]}},{"type":"Feature","id":"node/12766139899","properties":{"highway":"street_lamp","id":"node/12766139899"},"geometry":{"type":"Point","coordinates":[5.0282081,51.5860649]}},{"type":"Feature","id":"node/12772140847","properties":{"highway":"street_lamp","id":"node/12772140847"},"geometry":{"type":"Point","coordinates":[5.1054577,51.5516372]}},{"type":"Feature","id":"node/12772143484","properties":{"highway":"street_lamp","id":"node/12772143484"},"geometry":{"type":"Point","coordinates":[5.1056585,51.5514253]}},{"type":"Feature","id":"node/12776453434","properties":{"highway":"street_lamp","id":"node/12776453434"},"geometry":{"type":"Point","coordinates":[5.0063709,51.5775611]}},{"type":"Feature","id":"node/12776457936","properties":{"highway":"street_lamp","id":"node/12776457936"},"geometry":{"type":"Point","coordinates":[5.0056888,51.577405]}},{"type":"Feature","id":"node/12776474854","properties":{"highway":"street_lamp","id":"node/12776474854"},"geometry":{"type":"Point","coordinates":[5.006062,51.5774931]}},{"type":"Feature","id":"node/12776478806","properties":{"highway":"street_lamp","id":"node/12776478806"},"geometry":{"type":"Point","coordinates":[5.0067361,51.5776479]}},{"type":"Feature","id":"node/12786068260","properties":{"highway":"street_lamp","id":"node/12786068260"},"geometry":{"type":"Point","coordinates":[4.9819903,51.5728255]}},{"type":"Feature","id":"node/12786189367","properties":{"highway":"street_lamp","id":"node/12786189367"},"geometry":{"type":"Point","coordinates":[4.9779607,51.5751546]}},{"type":"Feature","id":"node/12786204378","properties":{"highway":"street_lamp","id":"node/12786204378"},"geometry":{"type":"Point","coordinates":[4.9780718,51.57509]}},{"type":"Feature","id":"node/12786235314","properties":{"highway":"street_lamp","id":"node/12786235314"},"geometry":{"type":"Point","coordinates":[4.9782991,51.5755324]}},{"type":"Feature","id":"node/12786246136","properties":{"highway":"street_lamp","id":"node/12786246136"},"geometry":{"type":"Point","coordinates":[4.9781061,51.5751293]}},{"type":"Feature","id":"node/12786248065","properties":{"highway":"street_lamp","id":"node/12786248065"},"geometry":{"type":"Point","coordinates":[4.9780825,51.5753419]}},{"type":"Feature","id":"node/12786250067","properties":{"highway":"street_lamp","id":"node/12786250067"},"geometry":{"type":"Point","coordinates":[4.9807392,51.5747651]}},{"type":"Feature","id":"node/12786256853","properties":{"highway":"street_lamp","id":"node/12786256853"},"geometry":{"type":"Point","coordinates":[4.9808037,51.5749205]}},{"type":"Feature","id":"node/12786257021","properties":{"highway":"street_lamp","id":"node/12786257021"},"geometry":{"type":"Point","coordinates":[4.9782206,51.5753144]}},{"type":"Feature","id":"node/12786271180","properties":{"highway":"street_lamp","id":"node/12786271180"},"geometry":{"type":"Point","coordinates":[4.981401,51.5722164]}},{"type":"Feature","id":"node/12847122919","properties":{"highway":"street_lamp","id":"node/12847122919"},"geometry":{"type":"Point","coordinates":[4.9783093,51.5837158]}},{"type":"Feature","id":"node/12847159092","properties":{"highway":"street_lamp","id":"node/12847159092"},"geometry":{"type":"Point","coordinates":[4.9782628,51.583558]}},{"type":"Feature","id":"node/12847160275","properties":{"highway":"street_lamp","id":"node/12847160275"},"geometry":{"type":"Point","coordinates":[4.9777846,51.5837779]}},{"type":"Feature","id":"node/12847172502","properties":{"highway":"street_lamp","id":"node/12847172502"},"geometry":{"type":"Point","coordinates":[4.9776975,51.5835808]}},{"type":"Feature","id":"node/12847175604","properties":{"highway":"street_lamp","id":"node/12847175604"},"geometry":{"type":"Point","coordinates":[4.9781439,51.583727]}},{"type":"Feature","id":"node/12847176871","properties":{"highway":"street_lamp","id":"node/12847176871"},"geometry":{"type":"Point","coordinates":[4.9780907,51.5835838]}},{"type":"Feature","id":"node/12847177094","properties":{"highway":"street_lamp","id":"node/12847177094"},"geometry":{"type":"Point","coordinates":[4.9781881,51.5832718]}},{"type":"Feature","id":"node/13040762930","properties":{"highway":"street_lamp","id":"node/13040762930"},"geometry":{"type":"Point","coordinates":[5.1041693,51.548457]}},{"type":"Feature","id":"node/13040762931","properties":{"highway":"street_lamp","id":"node/13040762931"},"geometry":{"type":"Point","coordinates":[5.1043827,51.5482677]}},{"type":"Feature","id":"node/13040762932","properties":{"highway":"street_lamp","id":"node/13040762932"},"geometry":{"type":"Point","coordinates":[5.1046262,51.5480374]}},{"type":"Feature","id":"node/13040762933","properties":{"highway":"street_lamp","id":"node/13040762933"},"geometry":{"type":"Point","coordinates":[5.1045933,51.5478272]}},{"type":"Feature","id":"node/13040762934","properties":{"highway":"street_lamp","id":"node/13040762934"},"geometry":{"type":"Point","coordinates":[5.1045644,51.5476862]}},{"type":"Feature","id":"node/13040762935","properties":{"highway":"street_lamp","id":"node/13040762935"},"geometry":{"type":"Point","coordinates":[5.1047994,51.5475273]}},{"type":"Feature","id":"node/13040762936","properties":{"highway":"street_lamp","id":"node/13040762936"},"geometry":{"type":"Point","coordinates":[5.1053662,51.547503]}},{"type":"Feature","id":"node/13040762937","properties":{"highway":"street_lamp","id":"node/13040762937"},"geometry":{"type":"Point","coordinates":[5.1056609,51.547444]}},{"type":"Feature","id":"node/13040762938","properties":{"highway":"street_lamp","id":"node/13040762938"},"geometry":{"type":"Point","coordinates":[5.1060608,51.5473017]}},{"type":"Feature","id":"node/13040762939","properties":{"highway":"street_lamp","id":"node/13040762939"},"geometry":{"type":"Point","coordinates":[5.1062648,51.5470902]}},{"type":"Feature","id":"node/13040762940","properties":{"highway":"street_lamp","id":"node/13040762940"},"geometry":{"type":"Point","coordinates":[5.1064734,51.5468657]}},{"type":"Feature","id":"node/13040762941","properties":{"highway":"street_lamp","id":"node/13040762941"},"geometry":{"type":"Point","coordinates":[5.1066977,51.5466455]}},{"type":"Feature","id":"node/13040762942","properties":{"highway":"street_lamp","id":"node/13040762942"},"geometry":{"type":"Point","coordinates":[5.1069553,51.5464224]}},{"type":"Feature","id":"node/13040762943","properties":{"highway":"street_lamp","id":"node/13040762943"},"geometry":{"type":"Point","coordinates":[5.1070645,51.5462981]}},{"type":"Feature","id":"node/13040762944","properties":{"highway":"street_lamp","id":"node/13040762944"},"geometry":{"type":"Point","coordinates":[5.1072748,51.5461097]}},{"type":"Feature","id":"node/13040762945","properties":{"highway":"street_lamp","id":"node/13040762945"},"geometry":{"type":"Point","coordinates":[5.1075097,51.5459097]}},{"type":"Feature","id":"node/13040762946","properties":{"highway":"street_lamp","id":"node/13040762946"},"geometry":{"type":"Point","coordinates":[5.107788,51.5457508]}},{"type":"Feature","id":"node/13040762947","properties":{"highway":"street_lamp","id":"node/13040762947"},"geometry":{"type":"Point","coordinates":[5.1083156,51.5455085]}},{"type":"Feature","id":"node/13040762948","properties":{"highway":"street_lamp","id":"node/13040762948"},"geometry":{"type":"Point","coordinates":[5.1085856,51.5457226]}}]}