{"type":"FeatureCollection","features":[{"type":"Feature","geometry":{"type":"MultiPolygon","coordinates":[[[[5.911996304489378,51.98419702398249],[5.91219943723746,51.984142929854876],[5.9124386463648175,51.98407343093763],[5.912630018647073,51.98401782999116],[5.9127006042052415,51.98399732233561],[5.912744234503579,51.98398464618169],[5.912781654917228,51.98397223325211],[5.91294838074106,51.9839047900786],[5.913100633738393,51.98384320077425],[5.913266500482923,51.98375621669437],[5.913449409911913,51.98367097358253],[5.9136234873082465,51.98357150068435],[5.913736214329751,51.98349548852992],[5.913830711171234,51.98342490955263],[5.913957600648967,51.98332505236941],[5.914030250466338,51.983267404640664],[5.914061584443691,51.983242540015716],[5.914140135696074,51.983168821558884],[5.9142408535288755,51.98308703645019],[5.914307094841088,51.98302110212494],[5.914340148323371,51.98298242718919],[5.91440057853333,51.982913665045395],[5.914465536328911,51.9828370348355],[5.914545070892854,51.982722526096595],[5.914596030911425,51.982634542442796],[5.91469264314829,51.982498553040244],[5.9149155854483695,51.98219932996431],[5.91502081721101,51.98201050665396],[5.915195830927332,51.98166440982038],[5.91530977364964,51.981430599012114],[5.915379640730999,51.98128046005128],[5.915441797121052,51.98116246121468],[5.915495488034816,51.981012395718004],[5.915535407146557,51.980870238893885],[5.91558150211016,51.980663844119],[5.915584387629246,51.98064832352885],[5.915622790443806,51.980441774527215],[5.915635675524406,51.98026972604238],[5.915637647061092,51.980199252883],[5.91562848179967,51.98007503437757],[5.915612702277648,51.97996154713267],[5.915595291431476,51.97987303779559],[5.915586276619657,51.97984335106368],[5.915573270491116,51.9798017915486],[5.9155454937906,51.979732354442525],[5.9155237811908785,51.979687267444206],[5.915471453473406,51.97957691678069],[5.915379693938073,51.979388501217585],[5.915362779254957,51.97935837445538],[5.9153156044413056,51.97927677684194],[5.915284470804863,51.97921651119342],[5.915275439958535,51.97919569333058],[5.915253989583427,51.97914625383419],[5.915240734383013,51.9790999387534],[5.915235085004628,51.97904526629848],[5.915236685531456,51.97902395578201],[5.915242630022633,51.978990336867625],[5.915274576359983,51.97891383096876],[5.915317776697617,51.97881037144618],[5.915386923860161,51.9787141370953],[5.915456000619977,51.97859539344558],[5.915477380293998,51.97854678270534],[5.915502223893073,51.97849815640281],[5.9155073534293905,51.978443197350686],[5.915507945960734,51.97839539364324],[5.915504489189558,51.97837550981871],[5.915499269737391,51.978345490536086],[5.915483756619571,51.978303466778975],[5.9154414866402485,51.97824586679644],[5.915392326523768,51.97819186522293],[5.915349170007891,51.97815709964626],[5.91522713911335,51.97809698411677],[5.915097993821226,51.97802386995186],[5.915036541997353,51.978000116226546],[5.9149889275410885,51.97798734978283],[5.914955413457477,51.977978363481675],[5.914837326848224,51.977957489251594],[5.914769031743929,51.977946380362],[5.914617677169503,51.977928264445495],[5.914559132245515,51.97786192043031],[5.914424674448408,51.977709550130875],[5.914198835547114,51.97745362156495],[5.914037698241408,51.97727907739882],[5.913907624205668,51.977149568563405],[5.9136044184763135,51.97684767269628],[5.913495453620764,51.976745279423035],[5.913440574067458,51.97668453438179],[5.913237947074948,51.97648056614472],[5.913186886318253,51.97642916709127],[5.912944760102727,51.97617449720471],[5.91272496173827,51.975943307151766],[5.912506618637541,51.97571364809755],[5.912428700204513,51.97563173269749],[5.912428168768113,51.975631218239265],[5.91179139698051,51.974961736138795],[5.911742259167417,51.97498897253554],[5.9103298755229705,51.97548358393],[5.908272457130603,51.9760539665226],[5.908190680860549,51.976077977169574],[5.9085258808794645,51.97663741914102],[5.908607855561286,51.97662076256683],[5.908751320892568,51.9765916100108],[5.908790578195605,51.97658965174009],[5.908829281151402,51.97658983694393],[5.908860556047424,51.97659683320761],[5.908891293194316,51.97660739843227],[5.9089186314656414,51.97662368633878],[5.908944250294826,51.97664105238048],[5.908971089670833,51.97666412061588],[5.909012547950943,51.97670246353959],[5.90904843290536,51.97673852026661],[5.909091841893152,51.976782136971316],[5.909063099391212,51.97679415611],[5.90900276831882,51.9768217726776],[5.90893193068787,51.97685656988543],[5.908839117931195,51.976905734441566],[5.908765522441574,51.97695184035881],[5.908662299527488,51.977016509128504],[5.908555272235231,51.977085356282934],[5.9081681732986215,51.977332114996216],[5.908656033090067,51.97763006664822],[5.908201360298633,51.97776625979241],[5.908229057105347,51.977806102080166],[5.908257181744494,51.977846559068006],[5.908255684993153,51.97784701781315],[5.9082029083163725,51.97786317448529],[5.908241169836477,51.97791922723099],[5.908585005690713,51.978430996829495],[5.908723578742441,51.97863724613593],[5.908747958892638,51.978673540915544],[5.908802028032762,51.978761180405805],[5.908852458958824,51.97883984674195],[5.908632519613105,51.97888600734989],[5.908372378982768,51.97895255960872],[5.908315723044802,51.978965296362894],[5.90838914482456,51.97906961090132],[5.908444335293842,51.979179356958056],[5.908499617333488,51.97929683167646],[5.908542862238675,51.979372741796155],[5.908579404371706,51.97941559454299],[5.908642381804202,51.97941621061827],[5.908675358362719,51.97955097257988],[5.9086759232061805,51.97955097996293],[5.90870466883512,51.979551335195545],[5.908874427615782,51.97955343354282],[5.908895949717029,51.97955369942205],[5.908897315808499,51.97957728781876],[5.908885038194462,51.97962170883663],[5.9088775098353565,51.979648968878735],[5.908871126746525,51.97967207840752],[5.908785955636954,51.9796673048782],[5.908751113092383,51.97977700146213],[5.908731806356892,51.979844077340104],[5.908730662084768,51.97984831593283],[5.908828821225482,51.979857938654355],[5.908880622013088,51.979862688479756],[5.908893354023272,51.979863575789985],[5.9088816212196384,51.9799035361609],[5.908862676242933,51.97996791394595],[5.908858867485599,51.98002588780492],[5.90884142074081,51.98008518051549],[5.908839293108724,51.9800899717603],[5.908833003887416,51.980094880332096],[5.9088142900449805,51.98009780364256],[5.9088122559536345,51.98010062602035],[5.908688988598464,51.980088588871716],[5.908678500152048,51.98013418839559],[5.9086049883359095,51.980127494362584],[5.908579926114443,51.98023039637332],[5.908699001889295,51.980241193849814],[5.908694350087467,51.98026512082251],[5.908692761076175,51.980273298289305],[5.9086879184076935,51.98029821123253],[5.908651392616772,51.98029526318645],[5.908649269993537,51.98030424298237],[5.908806294222383,51.98031764053246],[5.908791082870486,51.980385174637156],[5.90888494324531,51.98038927954452],[5.908880624155044,51.980400384047876],[5.908845299469401,51.980491185651594],[5.9088038135684595,51.9804851703488],[5.908680189929386,51.980467244694395],[5.908646084088096,51.980571022724696],[5.908635214933083,51.98059891685467],[5.908514792030492,51.98058375693791],[5.908416276992932,51.98057119633359],[5.90841321988896,51.980582436344534],[5.908404916341445,51.98061191901297],[5.908292914634512,51.980597431635495],[5.908263144764224,51.98059291742828],[5.908197907790712,51.98058501170463],[5.9081772893891875,51.98058251347886],[5.908170820356101,51.98058172958226],[5.90811408793786,51.98069745342595],[5.908111653612438,51.98070241679391],[5.908100793089811,51.98078484142972],[5.908111307542925,51.98078640108761],[5.9081696067294365,51.980796003130706],[5.908169308088949,51.980805504253304],[5.908166682411587,51.98081391820303],[5.908162655414655,51.98082687927965],[5.908160970911723,51.980832234815495],[5.908142951661078,51.98083082614646],[5.908096025055173,51.980825359609305],[5.908094455249713,51.980825176906485],[5.908088084435796,51.980902272232264],[5.908227935525966,51.980915512007904],[5.9082103111128,51.98097965911647],[5.908274334766446,51.98098143385463],[5.908258429427942,51.9810306706508],[5.908245775867098,51.98102904587782],[5.908240723083946,51.98104893253896],[5.908238009567124,51.981062188909746],[5.908228604179063,51.98109457519039],[5.908215974033241,51.98109371432125],[5.9080763552111835,51.98108147031105],[5.908074226276307,51.98108991980982],[5.908055410441044,51.98108798703765],[5.90802947109793,51.9810853235908],[5.908020747406601,51.981084427427206],[5.908011009718998,51.9811160394655],[5.9079436616302825,51.981334648754775],[5.907941329613287,51.98134316206822],[5.9079277673732395,51.98143664982964],[5.907935262935312,51.981437199992264],[5.908020413648779,51.98144344563021],[5.908015897140975,51.98145562688018],[5.90801432225561,51.98146039768456],[5.908005192799343,51.98147808675279],[5.907996755178451,51.98149443349132],[5.907963315265467,51.98149156145059],[5.907953274779447,51.981523182013305],[5.907947670781671,51.981535102918244],[5.9079201866735325,51.98158482685762],[5.908014152644419,51.98160495824585],[5.908041460148247,51.98161121907268],[5.9080989962919075,51.981625967671214],[5.90814114572796,51.98163626593625],[5.908313497981127,51.981678857879444],[5.9084093055682025,51.981706366530446],[5.908809670855587,51.98177756566356],[5.908886229254611,51.9816083564162],[5.909006090625015,51.98162254770629],[5.908998780977018,51.98164110514469],[5.908943861673055,51.98173881854162],[5.908998170012851,51.98174871651709],[5.909040687996053,51.98175488267353],[5.909016885787625,51.98181782499951],[5.908993610277772,51.98187937628184],[5.909250146895884,51.98194186394529],[5.909440900688292,51.981971334055395],[5.909489855372165,51.98187386353078],[5.909516463953289,51.981877574424686],[5.909534537192994,51.98183209395833],[5.909541632153197,51.98183261074308],[5.909581589131915,51.98184009138906],[5.909695136414857,51.981859496303464],[5.909788569190041,51.981875350185675],[5.909895838967646,51.9818709447615],[5.909839565498786,51.981955740230305],[5.909890736154581,51.981967404466026],[5.909939150923359,51.98196742302168],[5.909908451150683,51.98204356502959],[5.910076203842156,51.98206018498832],[5.91038023568233,51.9821419557179],[5.910652931928913,51.98227077626855],[5.911210341352178,51.9825489812491],[5.911210543388341,51.982549080120044],[5.911313624017072,51.98258055922657],[5.911316145923741,51.98257912513241],[5.911434849958446,51.982511591535115],[5.911512059378555,51.982565240506],[5.9114441898635945,51.982603885551235],[5.911549212471038,51.98264543354807],[5.911627526929227,51.982676415161514],[5.9116376287227625,51.98267973267102],[5.911667690082834,51.98268960538684],[5.911674090790176,51.9827100289664],[5.911690659673694,51.98278026205419],[5.912418399081223,51.98292502453834],[5.9124894122127465,51.98293755001853],[5.912632260202951,51.98296687653892],[5.912612201347494,51.982989387603524],[5.912575238724382,51.983030866799844],[5.912531734731637,51.98306530674981],[5.912479033638491,51.983103592526355],[5.912311064213359,51.98323133722389],[5.91214920530366,51.98335477325148],[5.911978326481725,51.98349727495441],[5.911860863236106,51.983596731106736],[5.911677033998666,51.98377530917786],[5.911616036006698,51.98383456364462],[5.911657230314602,51.9838495766107],[5.911706390718145,51.98390358060363],[5.911756003372983,51.983996107568515],[5.911768524879972,51.98407881205467],[5.911769726774182,51.98418154454551],[5.911765051496665,51.984258605523195],[5.911996304489378,51.98419702398249]]]]},"properties":{"buurtcode":"BU02020100","buurtnaam":"Markt","gemeentenaam":"Arnhem","aantalInwoners":1605,"crime_violent":89,"crime_property":3,"crime_disorder":88,"crime_count":180}},{"type":"Feature","geometry":{"type":"MultiPolygon","coordinates":[[[[5.9079201866735325,51.98158482685762],[5.907947670781671,51.981535102918244],[5.907953274779447,51.981523182013305],[5.907963315265467,51.98149156145059],[5.907996755178451,51.98149443349132],[5.908005192799343,51.98147808675279],[5.90801432225561,51.98146039768456],[5.908015897140975,51.98145562688018],[5.908020413648779,51.98144344563021],[5.907935262935312,51.981437199992264],[5.9079277673732395,51.98143664982964],[5.907941329613287,51.98134316206822],[5.9079436616302825,51.981334648754775],[5.908011009718998,51.9811160394655],[5.908020747406601,51.981084427427206],[5.90802947109793,51.9810853235908],[5.908055410441044,51.98108798703765],[5.908074226276307,51.98108991980982],[5.9080763552111835,51.98108147031105],[5.908215974033241,51.98109371432125],[5.908228604179063,51.98109457519039],[5.908238009567124,51.981062188909746],[5.908240723083946,51.98104893253896],[5.908245775867098,51.98102904587782],[5.908258429427942,51.9810306706508],[5.908274334766446,51.98098143385463],[5.9082103111128,51.98097965911647],[5.908227935525966,51.980915512007904],[5.908088084435796,51.980902272232264],[5.908094455249713,51.980825176906485],[5.908096025055173,51.980825359609305],[5.908142951661078,51.98083082614646],[5.908160970911723,51.980832234815495],[5.908162655414655,51.98082687927965],[5.908166682411587,51.98081391820303],[5.908169308088949,51.980805504253304],[5.9081696067294365,51.980796003130706],[5.908111307542925,51.98078640108761],[5.908100793089811,51.98078484142972],[5.908111653612438,51.98070241679391],[5.90811408793786,51.98069745342595],[5.908170820356101,51.98058172958226],[5.9081772893891875,51.98058251347886],[5.908197907790712,51.98058501170463],[5.908263144764224,51.98059291742828],[5.908292914634512,51.980597431635495],[5.908404916341445,51.98061191901297],[5.90841321988896,51.980582436344534],[5.908416276992932,51.98057119633359],[5.908514792030492,51.98058375693791],[5.908635214933083,51.98059891685467],[5.908646084088096,51.980571022724696],[5.908680189929386,51.980467244694395],[5.9088038135684595,51.9804851703488],[5.908845299469401,51.980491185651594],[5.908880624155044,51.980400384047876],[5.90888494324531,51.98038927954452],[5.908791082870486,51.980385174637156],[5.908806294222383,51.98031764053246],[5.908649269993537,51.98030424298237],[5.908651392616772,51.98029526318645],[5.9086879184076935,51.98029821123253],[5.908692761076175,51.980273298289305],[5.908694350087467,51.98026512082251],[5.908699001889295,51.980241193849814],[5.908579926114443,51.98023039637332],[5.9086049883359095,51.980127494362584],[5.908678500152048,51.98013418839559],[5.908688988598464,51.980088588871716],[5.9088122559536345,51.98010062602035],[5.9088142900449805,51.98009780364256],[5.908833003887416,51.980094880332096],[5.908839293108724,51.9800899717603],[5.90884142074081,51.98008518051549],[5.908858867485599,51.98002588780492],[5.908862676242933,51.97996791394595],[5.9088816212196384,51.9799035361609],[5.908893354023272,51.979863575789985],[5.908880622013088,51.979862688479756],[5.908828821225482,51.979857938654355],[5.908730662084768,51.97984831593283],[5.908731806356892,51.979844077340104],[5.908751113092383,51.97977700146213],[5.908785955636954,51.9796673048782],[5.908871126746525,51.97967207840752],[5.9088775098353565,51.979648968878735],[5.908885038194462,51.97962170883663],[5.908897315808499,51.97957728781876],[5.908895949717029,51.97955369942205],[5.908874427615782,51.97955343354282],[5.90870466883512,51.979551335195545],[5.9086759232061805,51.97955097996293],[5.908675358362719,51.97955097257988],[5.908642381804202,51.97941621061827],[5.908579404371706,51.97941559454299],[5.908542862238675,51.979372741796155],[5.908499617333488,51.97929683167646],[5.908444335293842,51.979179356958056],[5.90838914482456,51.97906961090132],[5.908315723044802,51.978965296362894],[5.908372378982768,51.97895255960872],[5.908632519613105,51.97888600734989],[5.908852458958824,51.97883984674195],[5.908802028032762,51.978761180405805],[5.908747958892638,51.978673540915544],[5.908723578742441,51.97863724613593],[5.908585005690713,51.978430996829495],[5.908241169836477,51.97791922723099],[5.9082029083163725,51.97786317448529],[5.908255684993153,51.97784701781315],[5.908257181744494,51.977846559068006],[5.908229057105347,51.977806102080166],[5.908201360298633,51.97776625979241],[5.908656033090067,51.97763006664822],[5.9081681732986215,51.977332114996216],[5.908555272235231,51.977085356282934],[5.908662299527488,51.977016509128504],[5.908765522441574,51.97695184035881],[5.908839117931195,51.976905734441566],[5.90893193068787,51.97685656988543],[5.90900276831882,51.9768217726776],[5.909063099391212,51.97679415611],[5.909091841893152,51.976782136971316],[5.90904843290536,51.97673852026661],[5.909012547950943,51.97670246353959],[5.908971089670833,51.97666412061588],[5.908944250294826,51.97664105238048],[5.9089186314656414,51.97662368633878],[5.908891293194316,51.97660739843227],[5.908860556047424,51.97659683320761],[5.908829281151402,51.97658983694393],[5.908790578195605,51.97658965174009],[5.908751320892568,51.9765916100108],[5.908607855561286,51.97662076256683],[5.9085258808794645,51.97663741914102],[5.908190680860549,51.976077977169574],[5.9076729650179765,51.97622998216359],[5.907672043940463,51.97623025229504],[5.9073513832899485,51.976324398377],[5.9060313636496575,51.97672976224337],[5.904865460126238,51.97714394631549],[5.903822759796627,51.977557576781166],[5.903301457887273,51.97776914494941],[5.902046139320724,51.978450047994876],[5.900536834151001,51.97925648913471],[5.9011753320358125,51.97979472196122],[5.901835175767493,51.980376867635826],[5.902392307597713,51.98086718681903],[5.90246646361146,51.980952594768375],[5.90254748066515,51.9810485564039],[5.902588359539594,51.98110462195495],[5.902617914397963,51.981145158487706],[5.902684553196537,51.98124653289989],[5.90276309895975,51.98137877234286],[5.902774908484379,51.981403466431004],[5.90304013648265,51.98140519248077],[5.903320272614636,51.9814070143117],[5.903523824177772,51.98140175267146],[5.903611311606651,51.98138825460389],[5.903656249041665,51.981384929363564],[5.903693964027258,51.98138213916719],[5.903692972516269,51.98137946498974],[5.903725431099537,51.981376787746846],[5.903724450475888,51.98137253157083],[5.903767881793445,51.9813696263658],[5.903792487621564,51.9813677350163],[5.903816100149056,51.98136592082977],[5.903834621056769,51.98136449752415],[5.903830328962235,51.98135329890321],[5.9038719821744365,51.98134641063782],[5.903883125591892,51.9813445730076],[5.9038877483179135,51.981359199233275],[5.904142760946076,51.981342143346616],[5.904535911105155,51.981326189040345],[5.904535659853824,51.981302645137866],[5.904535459412064,51.981283883717985],[5.904539442483136,51.981232956132075],[5.9045405504033335,51.981221113589875],[5.9045503098875685,51.981140206889506],[5.904551405022294,51.98114025150887],[5.904628816972526,51.981143371530464],[5.904701402677277,51.981146665536286],[5.904762413010073,51.98114210966081],[5.904762339619012,51.98114584015311],[5.904827182038756,51.98114666039887],[5.904827269940863,51.98112275097495],[5.9048462195063784,51.981122661293554],[5.904873947395405,51.981122531179174],[5.904913990532181,51.98112234236197],[5.905079333355525,51.981124733490134],[5.905225179383897,51.981126841726734],[5.905242183796768,51.98112709042058],[5.9052305233004345,51.981062740173435],[5.905310849337122,51.98106699742271],[5.9056895153277855,51.98106858271357],[5.905690045811439,51.98101375137697],[5.905813205035141,51.98101880819203],[5.905946744631628,51.98102276746257],[5.905947797991697,51.98099554606143],[5.906034001508102,51.980995759099336],[5.906115692353274,51.980995947039915],[5.906108048499705,51.98116672455652],[5.906235634018482,51.981166942744146],[5.906372378421063,51.98116730103567],[5.906638057258127,51.981176132166524],[5.906637349874188,51.9811829215026],[5.906720639145159,51.981189124167294],[5.906653150916156,51.98136012466792],[5.90665181972068,51.9813634517457],[5.906916933982476,51.981416277375125],[5.906938633135595,51.98136756885083],[5.907049454096059,51.98138931634546],[5.907054282632567,51.98138017182003],[5.907073428046744,51.98138428477106],[5.907078278569737,51.9813732705684],[5.907113594913762,51.98137855243562],[5.907103379162784,51.981397616959576],[5.907145939839911,51.981405006027906],[5.907278904367529,51.981414494173215],[5.907312896428662,51.981419799812635],[5.907309040383009,51.981432967733284],[5.907546366570374,51.9814639697283],[5.907691713989407,51.98148057534174],[5.907679919376322,51.98154643941007],[5.907766652307016,51.981563574820925],[5.907822274957225,51.981576888491894],[5.907912620602182,51.98159851367101],[5.9079201866735325,51.98158482685762]]]]},"properties":{"buurtcode":"BU02020101","buurtnaam":"Weverstraat","gemeentenaam":"Arnhem","aantalInwoners":2030,"crime_violent":36,"crime_property":2,"crime_disorder":37,"crime_count":75}},{"type":"Feature","geometry":{"type":"MultiPolygon","coordinates":[[[[5.909899359744557,51.98380919083095],[5.9101241799526285,51.9837772923505],[5.910490277087977,51.98372534839936],[5.910527853366928,51.98371540459636],[5.910547384472693,51.98370580442463],[5.910580669327814,51.98368663157384],[5.9106142358514875,51.983669268614854],[5.910654340770262,51.983679913941465],[5.910672790841841,51.983721361656166],[5.910684089339211,51.983746744839],[5.910809652787366,51.9837263756511],[5.910806600183879,51.98371964347488],[5.910738724468882,51.983569952329255],[5.9108600634565365,51.98354812779595],[5.910881299544436,51.98360151399999],[5.911023794238453,51.98356761363041],[5.9110434438903345,51.98357739534727],[5.911087758469824,51.98364745101844],[5.911110154817767,51.98365185444058],[5.911153065368,51.98366029214435],[5.911276179850349,51.98368450664246],[5.911269105205313,51.983698209456726],[5.911342196369514,51.98376925138215],[5.911362671423323,51.983761214438545],[5.911404886081941,51.98380225593327],[5.911407786591906,51.98380219626819],[5.911475252128547,51.98380080351659],[5.9114988134155935,51.98380249078368],[5.911517461971948,51.98380382602736],[5.911555693378061,51.98381257296694],[5.911581541754157,51.983821992595914],[5.911595419861235,51.983827050499514],[5.911616036006698,51.98383456364462],[5.911677033998666,51.98377530917786],[5.911860863236106,51.983596731106736],[5.911978326481725,51.98349727495441],[5.91214920530366,51.98335477325148],[5.912311064213359,51.98323133722389],[5.912479033638491,51.983103592526355],[5.912531734731637,51.98306530674981],[5.912575238724382,51.983030866799844],[5.912612201347494,51.982989387603524],[5.912632260202951,51.98296687653892],[5.9124894122127465,51.98293755001853],[5.912418399081223,51.98292502453834],[5.911690659673694,51.98278026205419],[5.911674090790176,51.9827100289664],[5.911667690082834,51.98268960538684],[5.9116376287227625,51.98267973267102],[5.911627526929227,51.982676415161514],[5.911549212471038,51.98264543354807],[5.9114441898635945,51.982603885551235],[5.911512059378555,51.982565240506],[5.911434849958446,51.982511591535115],[5.911316145923741,51.98257912513241],[5.911313624017072,51.98258055922657],[5.911210543388341,51.982549080120044],[5.911210341352178,51.9825489812491],[5.910652931928913,51.98227077626855],[5.91038023568233,51.9821419557179],[5.910076203842156,51.98206018498832],[5.909908451150683,51.98204356502959],[5.909939150923359,51.98196742302168],[5.909890736154581,51.981967404466026],[5.909839565498786,51.981955740230305],[5.909895838967646,51.9818709447615],[5.909788569190041,51.981875350185675],[5.909695136414857,51.981859496303464],[5.909581589131915,51.98184009138906],[5.909541632153197,51.98183261074308],[5.909534537192994,51.98183209395833],[5.909516463953289,51.981877574424686],[5.909489855372165,51.98187386353078],[5.909440900688292,51.981971334055395],[5.909250146895884,51.98194186394529],[5.908993610277772,51.98187937628184],[5.909016885787625,51.98181782499951],[5.909040687996053,51.98175488267353],[5.908998170012851,51.98174871651709],[5.908943861673055,51.98173881854162],[5.908998780977018,51.98164110514469],[5.909006090625015,51.98162254770629],[5.908886229254611,51.9816083564162],[5.908809670855587,51.98177756566356],[5.9084093055682025,51.981706366530446],[5.908313497981127,51.981678857879444],[5.90814114572796,51.98163626593625],[5.9080989962919075,51.981625967671214],[5.908041460148247,51.98161121907268],[5.908014152644419,51.98160495824585],[5.9079201866735325,51.98158482685762],[5.907912620602182,51.98159851367101],[5.907822274957225,51.981576888491894],[5.907766652307016,51.981563574820925],[5.907679919376322,51.98154643941007],[5.907691713989407,51.98148057534174],[5.907546366570374,51.9814639697283],[5.907309040383009,51.981432967733284],[5.907312896428662,51.981419799812635],[5.907278904367529,51.981414494173215],[5.907145939839911,51.981405006027906],[5.907103379162784,51.981397616959576],[5.907113594913762,51.98137855243562],[5.907078278569737,51.9813732705684],[5.907073428046744,51.98138428477106],[5.907054282632567,51.98138017182003],[5.907049454096059,51.98138931634546],[5.906938633135595,51.98136756885083],[5.906916933982476,51.981416277375125],[5.90665181972068,51.9813634517457],[5.906653150916156,51.98136012466792],[5.906720639145159,51.981189124167294],[5.906637349874188,51.9811829215026],[5.906638057258127,51.981176132166524],[5.906372378421063,51.98116730103567],[5.906235634018482,51.981166942744146],[5.906108048499705,51.98116672455652],[5.906115692353274,51.980995947039915],[5.906034001508102,51.980995759099336],[5.905947797991697,51.98099554606143],[5.905946744631628,51.98102276746257],[5.905813205035141,51.98101880819203],[5.905690045811439,51.98101375137697],[5.9056895153277855,51.98106858271357],[5.905310849337122,51.98106699742271],[5.9052305233004345,51.981062740173435],[5.905242183796768,51.98112709042058],[5.905225179383897,51.981126841726734],[5.905079333355525,51.981124733490134],[5.904913990532181,51.98112234236197],[5.904873947395405,51.981122531179174],[5.9048462195063784,51.981122661293554],[5.904827269940863,51.98112275097495],[5.904827182038756,51.98114666039887],[5.904762339619012,51.98114584015311],[5.904762413010073,51.98114210966081],[5.904701402677277,51.981146665536286],[5.904628816972526,51.981143371530464],[5.904551405022294,51.98114025150887],[5.9045503098875685,51.981140206889506],[5.9045405504033335,51.981221113589875],[5.904539442483136,51.981232956132075],[5.904535459412064,51.981283883717985],[5.904535659853824,51.981302645137866],[5.904535911105155,51.981326189040345],[5.904142760946076,51.981342143346616],[5.9038877483179135,51.981359199233275],[5.903883125591892,51.9813445730076],[5.9038719821744365,51.98134641063782],[5.903830328962235,51.98135329890321],[5.903834621056769,51.98136449752415],[5.903816100149056,51.98136592082977],[5.903792487621564,51.9813677350163],[5.903767881793445,51.9813696263658],[5.903724450475888,51.98137253157083],[5.903725431099537,51.981376787746846],[5.903692972516269,51.98137946498974],[5.903693964027258,51.98138213916719],[5.903656249041665,51.981384929363564],[5.903611311606651,51.98138825460389],[5.903523824177772,51.98140175267146],[5.903320272614636,51.9814070143117],[5.90304013648265,51.98140519248077],[5.902774908484379,51.981403466431004],[5.902806508544335,51.98146954695528],[5.90285408957265,51.98158824717131],[5.902905064651616,51.98175092870138],[5.902948952105369,51.98188331995643],[5.903050244904261,51.982251730127075],[5.903081516233677,51.98235861106628],[5.903087730056055,51.98249699372943],[5.903089134297536,51.98255160981682],[5.903091911519245,51.982659642181616],[5.903150897567196,51.982865570984835],[5.90319816801248,51.98302398835868],[5.903220280387431,51.98310474881619],[5.903238488038514,51.98318077065918],[5.903235156514411,51.98322597063997],[5.9032372095437236,51.983237020008325],[5.903245493948543,51.98325410648389],[5.903257801512851,51.98326939201934],[5.903265980640482,51.98327720387066],[5.903293049973316,51.98326995105284],[5.9033414318266315,51.983257253049146],[5.903419850345384,51.98324406637782],[5.903498336001986,51.98323658786448],[5.90356183674364,51.98323238482008],[5.903670995626806,51.98322976547407],[5.903779049511742,51.98323143113453],[5.903888320821687,51.98323844301596],[5.904113191117266,51.98325029674342],[5.904305109572514,51.983260154773006],[5.9045877584548805,51.983272468162205],[5.904825909111217,51.98328354933905],[5.904856104594541,51.983285970055846],[5.9048976139138745,51.983289297334544],[5.904984903228886,51.983293907972964],[5.90507043291042,51.98329614707534],[5.905135915667163,51.98329680974025],[5.905219037702845,51.98329073611673],[5.905300614189429,51.9832841937574],[5.905410673494594,51.983276099415825],[5.905552379569009,51.983273572230374],[5.905659643245576,51.98329022233919],[5.905802421914805,51.98331384984087],[5.905868911302613,51.983334960667676],[5.905961034655801,51.98337450768675],[5.906048102302012,51.98344309045265],[5.906138328820409,51.983518318692845],[5.90615438643093,51.98353201981452],[5.906210063288235,51.98357952662065],[5.906381854846377,51.98359181692757],[5.906888641659152,51.98362807262924],[5.907389795440525,51.9836639232141],[5.907710552563907,51.98363678325499],[5.908233863272143,51.9835925016565],[5.908234273359094,51.98359246568432],[5.909403112171844,51.9834958477176],[5.909521742186692,51.98348686208141],[5.909532203720107,51.98348606959495],[5.909582827267114,51.983712271452326],[5.909613590838132,51.98384973672273],[5.909899359744557,51.98380919083095]]]]},"properties":{"buurtcode":"BU02020102","buurtnaam":"Rijnstraat","gemeentenaam":"Arnhem","aantalInwoners":1400,"crime_violent":107,"crime_property":21,"crime_disorder":138,"crime_count":266}},{"type":"Feature","geometry":{"type":"MultiPolygon","coordinates":[[[[5.910710671937008,51.98555084984846],[5.910858125113438,51.9854011306299],[5.911317264998174,51.98493492434993],[5.911481760683965,51.9847678950116],[5.911581458803573,51.984666660564756],[5.911636451147282,51.984589316863136],[5.911654428929046,51.984563395181056],[5.911672433853501,51.984537431129674],[5.91171827895816,51.984423074557824],[5.911742714963134,51.98437183441651],[5.911755637780059,51.9843242130899],[5.911760006447159,51.98428614318673],[5.911765051496665,51.984258605523195],[5.911769726774182,51.98418154454551],[5.911768524879972,51.98407881205467],[5.911756003372983,51.983996107568515],[5.911706390718145,51.98390358060363],[5.911657230314602,51.9838495766107],[5.911616036006698,51.98383456364462],[5.911595419861235,51.983827050499514],[5.911581541754157,51.983821992595914],[5.911555693378061,51.98381257296694],[5.911517461971948,51.98380382602736],[5.9114988134155935,51.98380249078368],[5.911475252128547,51.98380080351659],[5.911407786591906,51.98380219626819],[5.911404886081941,51.98380225593327],[5.911362671423323,51.983761214438545],[5.911342196369514,51.98376925138215],[5.911269105205313,51.983698209456726],[5.911276179850349,51.98368450664246],[5.911153065368,51.98366029214435],[5.911110154817767,51.98365185444058],[5.911087758469824,51.98364745101844],[5.9110434438903345,51.98357739534727],[5.911023794238453,51.98356761363041],[5.910881299544436,51.98360151399999],[5.9108600634565365,51.98354812779595],[5.910738724468882,51.983569952329255],[5.910806600183879,51.98371964347488],[5.910809652787366,51.9837263756511],[5.910684089339211,51.983746744839],[5.910672790841841,51.983721361656166],[5.910654340770262,51.983679913941465],[5.9106142358514875,51.983669268614854],[5.910580669327814,51.98368663157384],[5.910547384472693,51.98370580442463],[5.910527853366928,51.98371540459636],[5.910490277087977,51.98372534839936],[5.9101241799526285,51.9837772923505],[5.909899359744557,51.98380919083095],[5.909613590838132,51.98384973672273],[5.909582827267114,51.983712271452326],[5.909532203720107,51.98348606959495],[5.909521742186692,51.98348686208141],[5.909403112171844,51.9834958477176],[5.908234273359094,51.98359246568432],[5.908233863272143,51.9835925016565],[5.907710552563907,51.98363678325499],[5.907389795440525,51.9836639232141],[5.906888641659152,51.98362807262924],[5.906381854846377,51.98359181692757],[5.906210063288235,51.98357952662065],[5.906354609033856,51.98370286249471],[5.9064193930038735,51.98375953308635],[5.906443971964938,51.98380122495031],[5.906444144220998,51.98380151810918],[5.906458562584353,51.98384925544669],[5.906455906413275,51.98391918580412],[5.906455477694144,51.98398197137049],[5.906437528208851,51.98402842513039],[5.906414973570436,51.98407632566598],[5.906367008863276,51.98412505202049],[5.9063062343250525,51.98416527347451],[5.906225833836238,51.98420700884319],[5.906157175613629,51.98423156863624],[5.906034110000403,51.98424756966824],[5.905914923432471,51.9842659317853],[5.90582092213856,51.98429726260379],[5.905709631105653,51.984332237036746],[5.905627526664418,51.98439324244976],[5.905536179237376,51.98448758230151],[5.905502167986332,51.98451895591213],[5.905338007922661,51.984670385955106],[5.905227608530054,51.984782645967954],[5.905156270688559,51.98485864923841],[5.90515181278309,51.98486339853949],[5.905288545591346,51.98487601649117],[5.905331194553905,51.9848799525056],[5.905788314100184,51.98491712113738],[5.906525981586043,51.98500902477187],[5.906968800805772,51.98506565421842],[5.90730121731702,51.98510467661632],[5.907554065718451,51.985136734446044],[5.907779727308965,51.98516605734622],[5.908058053292121,51.98520299527466],[5.908351986975354,51.985240576177624],[5.90861758368484,51.985275785887524],[5.9088866641770466,51.985314352879186],[5.909194180477962,51.98535422729285],[5.909446761681687,51.98538697704679],[5.909739986639671,51.98542499626544],[5.909794276492297,51.985432035665326],[5.910084300369189,51.98546963950328],[5.910172748817958,51.985481107357735],[5.910488828532887,51.985522088135056],[5.910541500276706,51.98552891687048],[5.910710488359543,51.98555108616039],[5.910710671937008,51.98555084984846]]]]},"properties":{"buurtcode":"BU02020103","buurtnaam":"Janssingel","gemeentenaam":"Arnhem","aantalInwoners":375,"crime_violent":7,"crime_property":2,"crime_disorder":0,"crime_count":9}},{"type":"Feature","geometry":{"type":"MultiPolygon","coordinates":[[[[5.897011925733952,51.98572175119453],[5.89722193588879,51.98570404176036],[5.89730278170331,51.98569830724366],[5.897546112020173,51.98568298747376],[5.897708415933176,51.98567416684522],[5.898033517766371,51.98565773619795],[5.8981959381495646,51.985648932367184],[5.898358103214212,51.98563944630667],[5.898511646767049,51.985629664922584],[5.898622546757741,51.985622049746354],[5.8987818692036305,51.98560994187099],[5.898958039637752,51.98559776049591],[5.898958252063048,51.985616370851105],[5.899037273593386,51.9856115419117],[5.8990337516876075,51.98558957082831],[5.899198387286128,51.985575029496786],[5.899240153953157,51.9855712991274],[5.899409312622793,51.98555473431148],[5.899570057248366,51.98553819685947],[5.8996747695640215,51.985526730001396],[5.899730978580591,51.985520570780764],[5.8998911602292585,51.98550192303319],[5.900210955213689,51.98546206768074],[5.9002993018646555,51.98545036603149],[5.900370147722813,51.98544097876178],[5.900846274629581,51.98537188360277],[5.901123667395655,51.98532996381402],[5.901558920053878,51.98526387565843],[5.901875862707712,51.985216765652865],[5.90203457680288,51.98519472380399],[5.902193992972741,51.98517425162872],[5.902455080972486,51.98514390516449],[5.902566108600127,51.98513235413571],[5.902727044132701,51.985116188989934],[5.90284784059116,51.98510472072022],[5.902969194711698,51.985094912726616],[5.903090507901186,51.98508534747268],[5.903216530389715,51.98507641758566],[5.903361536048547,51.98506752111887],[5.903485385631166,51.985060793636315],[5.903482389967791,51.98501644116719],[5.903464594640643,51.98475306161668],[5.90434112522194,51.98479584129364],[5.904768281216749,51.984830111136986],[5.905045869574009,51.98485362183578],[5.905128608420116,51.984861257213836],[5.90515181278309,51.98486339853949],[5.905156270688559,51.98485864923841],[5.905227608530054,51.984782645967954],[5.905338007922661,51.984670385955106],[5.905502167986332,51.98451895591213],[5.905536179237376,51.98448758230151],[5.905627526664418,51.98439324244976],[5.905709631105653,51.984332237036746],[5.90582092213856,51.98429726260379],[5.905914923432471,51.9842659317853],[5.906034110000403,51.98424756966824],[5.906157175613629,51.98423156863624],[5.906225833836238,51.98420700884319],[5.9063062343250525,51.98416527347451],[5.906367008863276,51.98412505202049],[5.906414973570436,51.98407632566598],[5.906437528208851,51.98402842513039],[5.906455477694144,51.98398197137049],[5.906455906413275,51.98391918580412],[5.906458562584353,51.98384925544669],[5.906444144220998,51.98380151810918],[5.906443971964938,51.98380122495031],[5.9064193930038735,51.98375953308635],[5.906354609033856,51.98370286249471],[5.906210063288235,51.98357952662065],[5.90615438643093,51.98353201981452],[5.906138328820409,51.983518318692845],[5.906048102302012,51.98344309045265],[5.905961034655801,51.98337450768675],[5.905868911302613,51.983334960667676],[5.905802421914805,51.98331384984087],[5.905659643245576,51.98329022233919],[5.905552379569009,51.983273572230374],[5.905410673494594,51.983276099415825],[5.905300614189429,51.9832841937574],[5.905219037702845,51.98329073611673],[5.905135915667163,51.98329680974025],[5.90507043291042,51.98329614707534],[5.904984903228886,51.983293907972964],[5.9048976139138745,51.983289297334544],[5.904856104594541,51.983285970055846],[5.904825909111217,51.98328354933905],[5.9045877584548805,51.983272468162205],[5.904305109572514,51.983260154773006],[5.904113191117266,51.98325029674342],[5.903888320821687,51.98323844301596],[5.903779049511742,51.98323143113453],[5.903670995626806,51.98322976547407],[5.90356183674364,51.98323238482008],[5.903498336001986,51.98323658786448],[5.903419850345384,51.98324406637782],[5.9033414318266315,51.983257253049146],[5.903293049973316,51.98326995105284],[5.903265980640482,51.98327720387066],[5.903257801512851,51.98326939201934],[5.903245493948543,51.98325410648389],[5.9032372095437236,51.983237020008325],[5.903235156514411,51.98322597063997],[5.903238488038514,51.98318077065918],[5.903220280387431,51.98310474881619],[5.90319816801248,51.98302398835868],[5.903150897567196,51.982865570984835],[5.903091911519245,51.982659642181616],[5.903089134297536,51.98255160981682],[5.903087730056055,51.98249699372943],[5.903081516233677,51.98235861106628],[5.903050244904261,51.982251730127075],[5.902948952105369,51.98188331995643],[5.902905064651616,51.98175092870138],[5.90285408957265,51.98158824717131],[5.902806508544335,51.98146954695528],[5.902774908484379,51.981403466431004],[5.90276309895975,51.98137877234286],[5.902684553196537,51.98124653289989],[5.902617914397963,51.981145158487706],[5.902588359539594,51.98110462195495],[5.90254748066515,51.9810485564039],[5.90246646361146,51.980952594768375],[5.902392307597713,51.98086718681903],[5.901835175767493,51.980376867635826],[5.9011753320358125,51.97979472196122],[5.900536834151001,51.97925648913471],[5.90039261735222,51.97934607802591],[5.899643690969209,51.97981130795558],[5.8992310853791725,51.980056938098784],[5.8989774978346645,51.980207935897],[5.898312003518672,51.98060419645145],[5.8987577417403765,51.98096367550416],[5.898942764341166,51.98107724765661],[5.898621962221714,51.98131790194075],[5.899092252904244,51.981854701326206],[5.899108720313176,51.98188031389976],[5.8993217217256735,51.982186306867284],[5.8994555508677236,51.98214439396729],[5.8994588346979,51.9821433657822],[5.899847083933207,51.98202177243154],[5.900267078048792,51.98188525526787],[5.900665950484034,51.98175616419349],[5.901002619207575,51.981643751724725],[5.901103448867842,51.98175880355848],[5.901160053387691,51.98182339016724],[5.901227827915146,51.98190200999621],[5.901237126436606,51.98191279583834],[5.901239230452173,51.98192453172969],[5.901230778124771,51.98194311883664],[5.901123775031334,51.98210130867005],[5.901008666999073,51.982272276595886],[5.900951325687159,51.98236028216723],[5.900905509935795,51.982445739512045],[5.900876686473345,51.98250151499165],[5.900847777058929,51.9825566553621],[5.900618715144762,51.98291162219292],[5.900489182563498,51.98311572159317],[5.90038831532398,51.98327465064909],[5.900375086699643,51.98329670645933],[5.900359933747023,51.983318770662805],[5.900357351994594,51.98334553576271],[5.900393788972331,51.98350055265492],[5.900257196669244,51.98351244504894],[5.899622394612292,51.98357347724855],[5.899093338902979,51.98361977665382],[5.899184245029755,51.98402590722367],[5.899321137424342,51.984637479356515],[5.899277013016046,51.98464258175505],[5.899235032954122,51.98464743571424],[5.899085630359873,51.9846664220854],[5.898910009102744,51.9846904299456],[5.8989090824564085,51.984697247146826],[5.897838625449236,51.98486182786922],[5.897050269519965,51.98498303027831],[5.8970454415212705,51.9849834736533],[5.897034685077157,51.985007923638314],[5.897034186635012,51.985026819311365],[5.897011002462745,51.985031162278105],[5.896974098893323,51.985341074220806],[5.896962941640752,51.98543476049851],[5.896957728457211,51.985478536576416],[5.896981125632728,51.98548138337802],[5.896982534123051,51.98552587859565],[5.896969469817135,51.98556566370887],[5.896966830035663,51.98557355792957],[5.896959090631351,51.985616268147865],[5.89694387272515,51.98570031223433],[5.896938859239829,51.98572798211945],[5.897011925733952,51.98572175119453]]]]},"properties":{"buurtcode":"BU02020104","buurtnaam":"Stationsplein","gemeentenaam":"Arnhem","aantalInwoners":770,"crime_violent":94,"crime_property":22,"crime_disorder":40,"crime_count":156}},{"type":"Feature","geometry":{"type":"MultiPolygon","coordinates":[[[[5.892745948788659,51.9859696884091],[5.89291149679843,51.98594862282934],[5.893413264095146,51.98588477256317],[5.893799035149582,51.98584078777067],[5.894208772747952,51.985794067542656],[5.894350720385772,51.985777659625995],[5.894382698026315,51.98577396329179],[5.894516508286497,51.985758495380296],[5.895368623371751,51.98563305550044],[5.895907090471793,51.985565091068004],[5.89670095908878,51.98546652942523],[5.896962941640752,51.98543476049851],[5.896974098893323,51.985341074220806],[5.897011002462745,51.985031162278105],[5.897034186635012,51.985026819311365],[5.897034685077157,51.985007923638314],[5.8970454415212705,51.9849834736533],[5.897050269519965,51.98498303027831],[5.897838625449236,51.98486182786922],[5.8989090824564085,51.984697247146826],[5.898910009102744,51.9846904299456],[5.899085630359873,51.9846664220854],[5.899235032954122,51.98464743571424],[5.899277013016046,51.98464258175505],[5.899321137424342,51.984637479356515],[5.899184245029755,51.98402590722367],[5.899093338902979,51.98361977665382],[5.899622394612292,51.98357347724855],[5.900257196669244,51.98351244504894],[5.900393788972331,51.98350055265492],[5.900357351994594,51.98334553576271],[5.900359933747023,51.983318770662805],[5.900375086699643,51.98329670645933],[5.90038831532398,51.98327465064909],[5.900489182563498,51.98311572159317],[5.900618715144762,51.98291162219292],[5.900847777058929,51.9825566553621],[5.900876686473345,51.98250151499165],[5.900905509935795,51.982445739512045],[5.900951325687159,51.98236028216723],[5.901008666999073,51.982272276595886],[5.901123775031334,51.98210130867005],[5.901230778124771,51.98194311883664],[5.901239230452173,51.98192453172969],[5.901237126436606,51.98191279583834],[5.901227827915146,51.98190200999621],[5.901160053387691,51.98182339016724],[5.901103448867842,51.98175880355848],[5.901002619207575,51.981643751724725],[5.900665950484034,51.98175616419349],[5.900267078048792,51.98188525526787],[5.899847083933207,51.98202177243154],[5.8994588346979,51.9821433657822],[5.8994555508677236,51.98214439396729],[5.8993217217256735,51.982186306867284],[5.899108720313176,51.98188031389976],[5.899092252904244,51.981854701326206],[5.898621962221714,51.98131790194075],[5.898942764341166,51.98107724765661],[5.8987577417403765,51.98096367550416],[5.898312003518672,51.98060419645145],[5.898234380878835,51.98065066820287],[5.898105180029519,51.98072801690121],[5.898066986230622,51.98075008648998],[5.897724458150582,51.98095403434374],[5.897458871613456,51.98110652352281],[5.8973648756969625,51.98115834456855],[5.897074139054518,51.98131002511627],[5.896875187662649,51.98140434452837],[5.8965875949757764,51.98153771354405],[5.89601056492465,51.98178344444848],[5.895585309750747,51.98194843948459],[5.895195769411285,51.98208742825585],[5.89492268969256,51.98217600085529],[5.894400170159135,51.98233285438596],[5.89400614519765,51.982440156607325],[5.893187792282364,51.98264269920018],[5.893020736258204,51.98268164593031],[5.892587527466528,51.982782639329685],[5.892312742294356,51.9828395292263],[5.891962622646645,51.98289873713694],[5.891483092777415,51.9829695634353],[5.890969318729479,51.98302566768252],[5.890459731766067,51.98307363529143],[5.889939248364517,51.983108002939034],[5.889635763834034,51.98312178423109],[5.889204775635264,51.983135479683604],[5.888815502084904,51.98314224545518],[5.888348781384603,51.98313943470779],[5.887976548316815,51.9831236973869],[5.88789624599166,51.98312030181661],[5.887810207048982,51.983114705985756],[5.887581187061007,51.983099808653044],[5.88731101899819,51.98308223559374],[5.887230908388614,51.98307552654844],[5.8869412678291315,51.983051268973384],[5.886844045059427,51.983040564225774],[5.88667110008737,51.98302152242373],[5.886480332025504,51.98300051834934],[5.886390376519038,51.982986575343375],[5.886233917658508,51.982962325206714],[5.886138081460396,51.9829474712655],[5.8859356624476025,51.982916096427104],[5.885843837488956,51.98314659004827],[5.885653887022324,51.983623382782056],[5.8856219650089185,51.9837035053199],[5.885538878673498,51.98388334557366],[5.885486142853714,51.98399740993819],[5.885484562076876,51.98400082591302],[5.885347510790863,51.98398878665338],[5.884948957036246,51.98396399655267],[5.884605269057486,51.983942617025654],[5.884299214162571,51.98391638018236],[5.884043989563783,51.98389367693227],[5.883864273790988,51.983872556321586],[5.883629014465408,51.98384406028653],[5.883385203267892,51.98380846490117],[5.883156881533611,51.98378041414733],[5.882938013653439,51.98377134784655],[5.882932608448618,51.98377093378889],[5.882958191896865,51.98384014679877],[5.883631401878993,51.983961996176404],[5.885586192198527,51.98439057502661],[5.885630995791332,51.98440180042107],[5.886502160792627,51.98460358094048],[5.88758142916468,51.98481493345351],[5.889102026546191,51.98508812875844],[5.8894479379461595,51.98515990041773],[5.889668945627949,51.98522174033811],[5.889811266595209,51.985273452689384],[5.8899644568648,51.98533272795533],[5.890278415446342,51.98543983028685],[5.890484114816171,51.98551029553729],[5.8906480278613,51.98556381734452],[5.890830256059083,51.98560203875894],[5.891109618717706,51.98564650336558],[5.891368760582474,51.98567393116236],[5.891568734301018,51.98568020900346],[5.891767449335531,51.98567721682753],[5.891910540588078,51.985660193047565],[5.892110032255868,51.9856236650328],[5.892307035142834,51.98557145101268],[5.892456609036855,51.98551444553016],[5.892549750305978,51.98547409229156],[5.892675394910397,51.985412909058574],[5.892626554302247,51.985748116398184],[5.892592156180703,51.98598418850509],[5.892745948788659,51.9859696884091]]]]},"properties":{"buurtcode":"BU02020170","buurtnaam":"Utrechtsestraat","gemeentenaam":"Arnhem","aantalInwoners":1285,"crime_violent":19,"crime_property":3,"crime_disorder":1,"crime_count":23}},{"type":"Feature","geometry":{"type":"MultiPolygon","coordinates":[[[[5.914218714670349,51.98582130596769],[5.914485667463012,51.98581912367532],[5.9146572051916335,51.98581682753819],[5.914861781642422,51.985812937630925],[5.915049960845346,51.98580674172703],[5.915146206729082,51.98580274323844],[5.915399317771415,51.985790904575964],[5.915428109173141,51.98578961040465],[5.915538869030972,51.985784630507055],[5.91563402542027,51.98577787259162],[5.91577122103809,51.98576812853563],[5.915906878353218,51.98575830314739],[5.916130579878033,51.985743028504196],[5.916368542618985,51.98572288141016],[5.916535615860291,51.985709553224204],[5.916663207230903,51.98569621734912],[5.916807033620191,51.98567922278822],[5.916967199802564,51.98566066509573],[5.917050505679352,51.98565044405287],[5.91717763805599,51.9856330343635],[5.917274557262493,51.985620896631886],[5.917514822963493,51.98558804167728],[5.917722890118774,51.98555852680899],[5.9178892361392945,51.98553414609041],[5.918032792339206,51.985509413166355],[5.918172401408255,51.985485381897234],[5.918338764757427,51.98545685413192],[5.918405176226899,51.98544456827751],[5.91858661271561,51.98541387870474],[5.918700069056255,51.98539319895483],[5.918788885418799,51.98537339175869],[5.9189398027808275,51.98534169892664],[5.91910699917814,51.98530555585953],[5.919362411219027,51.985250938816506],[5.919556322705159,51.98520706375359],[5.919694284568385,51.98517428695722],[5.919824560107972,51.98514287508378],[5.919967413474886,51.985106840902674],[5.920164705779397,51.98506237956706],[5.920331289196617,51.98502345461262],[5.9205538353536475,51.984969973376685],[5.920726478286997,51.98492713021829],[5.92091213067074,51.984879996050665],[5.920747981864927,51.98481282202831],[5.9206937344051145,51.98479071224303],[5.920490252737208,51.98470777450335],[5.920344321947238,51.9846482949457],[5.920136529231506,51.98457511413104],[5.919890055514319,51.98449603291123],[5.919525638905074,51.98439366318358],[5.919325729977602,51.984344031508385],[5.91908818579141,51.98428743467875],[5.918875781961735,51.98423964199948],[5.918637423239486,51.98419553367909],[5.9184338336230145,51.98416018611871],[5.918155015734247,51.98411447623835],[5.917615711156549,51.9840259442957],[5.917276004079583,51.98396088617546],[5.916852321928997,51.983878369601825],[5.9166110510646055,51.98383189197568],[5.9162693790351115,51.983763273215985],[5.915950879084265,51.98369990008377],[5.915416076805433,51.98358398805115],[5.914877389309479,51.983465119468704],[5.914556850243502,51.9833916443048],[5.914185113876449,51.983304128616545],[5.914046525208058,51.98327126415944],[5.914030250466338,51.983267404640664],[5.913957600648967,51.98332505236941],[5.913830711171234,51.98342490955263],[5.913736214329751,51.98349548852992],[5.9136234873082465,51.98357150068435],[5.913449409911913,51.98367097358253],[5.913266500482923,51.98375621669437],[5.913100633738393,51.98384320077425],[5.91294838074106,51.9839047900786],[5.912781654917228,51.98397223325211],[5.912744234503579,51.98398464618169],[5.9127006042052415,51.98399732233561],[5.912630018647073,51.98401782999116],[5.9124386463648175,51.98407343093763],[5.91219943723746,51.984142929854876],[5.911996304489378,51.98419702398249],[5.911765051496665,51.984258605523195],[5.911760006447159,51.98428614318673],[5.911755637780059,51.9843242130899],[5.911742714963134,51.98437183441651],[5.91171827895816,51.984423074557824],[5.911672433853501,51.984537431129674],[5.911654428929046,51.984563395181056],[5.911636451147282,51.984589316863136],[5.911581458803573,51.984666660564756],[5.911481760683965,51.9847678950116],[5.911317264998174,51.98493492434993],[5.910858125113438,51.9854011306299],[5.910710671937008,51.98555084984846],[5.910710488359543,51.98555108616039],[5.910777644782555,51.98555989607876],[5.910914203329211,51.9855778374734],[5.911100513988666,51.9856012656514],[5.911209296258246,51.98561528744133],[5.911414097165338,51.98563887004974],[5.911528260362214,51.98565191749701],[5.911753867300918,51.985676120451856],[5.9118765125668045,51.98568984251534],[5.912094012600287,51.98571241543387],[5.912267897549321,51.98572709760645],[5.912469167999586,51.98574522472297],[5.9126353246267485,51.98575780073333],[5.912679658592592,51.98576117018173],[5.912855052665436,51.98577316891184],[5.913032832168197,51.9857833734276],[5.913181705633783,51.985791923634416],[5.913383532098696,51.985799938394365],[5.913540568625715,51.98580666834372],[5.91371781567428,51.98581241508274],[5.913965369557949,51.98581933252366],[5.914017465077136,51.98581991267927],[5.9141748348648875,51.98582166433446],[5.914218714670349,51.98582130596769]]]]},"properties":{"buurtcode":"BU02020210","buurtnaam":"Hommelstraat","gemeentenaam":"Arnhem","aantalInwoners":1450,"crime_violent":34,"crime_property":2,"crime_disorder":32,"crime_count":68}},{"type":"Feature","geometry":{"type":"MultiPolygon","coordinates":[[[[5.920912521086685,51.9848798972047],[5.921078417352903,51.984837778043484],[5.9212299280559595,51.98480106125557],[5.92155714202734,51.984721808671424],[5.921844009043463,51.98465058632558],[5.921930424236612,51.98462985999915],[5.9223313739051635,51.984532791221184],[5.922593457569123,51.98446667373231],[5.922960418573074,51.98437796209397],[5.923220773813649,51.98431256475053],[5.923609018683828,51.98421626227551],[5.923827333259529,51.98416211369803],[5.924140668817865,51.98408256037704],[5.924272600563621,51.984051636646264],[5.924640101329857,51.98396041941213],[5.9251655383295,51.98383594174373],[5.92560882780545,51.98372555854071],[5.925813573533075,51.98367965857499],[5.9261271353021545,51.98360738397461],[5.926257829278387,51.983577258250854],[5.926408035785003,51.983539193384374],[5.926726694749558,51.98345843665414],[5.926485023163975,51.983196434783366],[5.926229053532517,51.98295280994883],[5.926251569991783,51.98285207296817],[5.925998447058977,51.98255918730434],[5.92518132722502,51.98235053263055],[5.925170545845926,51.98234973703955],[5.925175148908959,51.98233131858985],[5.925189255355603,51.982274877212205],[5.925206950764617,51.98220406678634],[5.925255554451794,51.98204996355033],[5.925284268440971,51.98196698637807],[5.9252985835466525,51.981921403778024],[5.92531295414896,51.98187559621251],[5.92533211881877,51.98181322810839],[5.92535254590205,51.981754170932696],[5.925368766337625,51.98170604488345],[5.925383118246754,51.98165869139345],[5.925405269454953,51.981586844854284],[5.925413101144411,51.98156262310738],[5.925415331387697,51.98155572870814],[5.92541764859486,51.98154856066443],[5.925361018358986,51.98154075543913],[5.925323415537619,51.98153557222399],[5.925236173690117,51.9815241426674],[5.925143395635758,51.98151230692666],[5.925158594613261,51.98145194701165],[5.925160121507252,51.98144587557402],[5.92507380001407,51.981436281607095],[5.924997079545463,51.98142775463734],[5.924918633775179,51.98141567251561],[5.924897482042513,51.981463131640865],[5.924809983569994,51.98145273750333],[5.924625016210286,51.981425916657905],[5.924468220552338,51.98140317338893],[5.9244953333124455,51.98135047655096],[5.924091785656281,51.98126123129383],[5.92403753280968,51.9812502452806],[5.923963563734894,51.98138495003817],[5.923912035384588,51.981469772949914],[5.923906493237166,51.98147823742176],[5.923827002753385,51.981599608768036],[5.923770844241218,51.98169410085586],[5.923641264174498,51.98188881017903],[5.9235204244674415,51.9820495915459],[5.92327823559911,51.98200669943359],[5.922823340239771,51.981930291842424],[5.922310056021522,51.98184225745647],[5.921862854675378,51.981764919505856],[5.921182197044887,51.98164094416199],[5.9206568643182935,51.98154915070607],[5.92065657988763,51.98154910166133],[5.920643716871024,51.981546806849806],[5.919731989265319,51.98138413878207],[5.919699807164133,51.98137839711525],[5.91911601619262,51.98127547202961],[5.918097410543559,51.98109760718947],[5.917433179719516,51.980981617007494],[5.915900253718458,51.98070055759159],[5.915715282555663,51.98066996909915],[5.915584387629246,51.98064832352885],[5.91558150211016,51.980663844119],[5.915535407146557,51.980870238893885],[5.915495488034816,51.981012395718004],[5.915441797121052,51.98116246121468],[5.915379640730999,51.98128046005128],[5.91530977364964,51.981430599012114],[5.915195830927332,51.98166440982038],[5.91502081721101,51.98201050665396],[5.9149155854483695,51.98219932996431],[5.91469264314829,51.982498553040244],[5.914596030911425,51.982634542442796],[5.914545070892854,51.982722526096595],[5.914465536328911,51.9828370348355],[5.91440057853333,51.982913665045395],[5.914340148323371,51.98298242718919],[5.914307094841088,51.98302110212494],[5.9142408535288755,51.98308703645019],[5.914140135696074,51.983168821558884],[5.914061584443691,51.983242540015716],[5.914030250466338,51.983267404640664],[5.914046525208058,51.98327126415944],[5.914185113876449,51.983304128616545],[5.914556850243502,51.9833916443048],[5.914877389309479,51.983465119468704],[5.915416076805433,51.98358398805115],[5.915950879084265,51.98369990008377],[5.9162693790351115,51.983763273215985],[5.9166110510646055,51.98383189197568],[5.916852321928997,51.983878369601825],[5.917276004079583,51.98396088617546],[5.917615711156549,51.9840259442957],[5.918155015734247,51.98411447623835],[5.9184338336230145,51.98416018611871],[5.918637423239486,51.98419553367909],[5.918875781961735,51.98423964199948],[5.91908818579141,51.98428743467875],[5.919325729977602,51.984344031508385],[5.919525638905074,51.98439366318358],[5.919890055514319,51.98449603291123],[5.920136529231506,51.98457511413104],[5.920344321947238,51.9846482949457],[5.920490252737208,51.98470777450335],[5.9206937344051145,51.98479071224303],[5.920747981864927,51.98481282202831],[5.92091213067074,51.984879996050665],[5.920912521086685,51.9848798972047]]]]},"properties":{"buurtcode":"BU02020211","buurtnaam":"Spijkerbuurt","gemeentenaam":"Arnhem","aantalInwoners":3390,"crime_violent":39,"crime_property":2,"crime_disorder":117,"crime_count":158}},{"type":"Feature","geometry":{"type":"MultiPolygon","coordinates":[[[[5.923641264174498,51.98188881017903],[5.923770844241218,51.98169410085586],[5.923827002753385,51.981599608768036],[5.923906493237166,51.98147823742176],[5.923912035384588,51.981469772949914],[5.923963563734894,51.98138495003817],[5.92403753280968,51.9812502452806],[5.924039634307439,51.98124522557072],[5.924069059046355,51.98117490376819],[5.924083256631579,51.98111419532127],[5.924107008559412,51.981035837733984],[5.92393260833856,51.980931320624855],[5.923889658300066,51.98090558337992],[5.92393004199897,51.98077515939494],[5.923838737274805,51.980764646184404],[5.923792676844867,51.98075934647257],[5.923805580982387,51.98071703416441],[5.923812958205725,51.98069284785339],[5.923792147842245,51.98069068672136],[5.923769177604503,51.980688301741935],[5.923668616312949,51.98067785759575],[5.923565769427338,51.980662516137095],[5.9234560093455535,51.980649677912425],[5.923354572370839,51.980637808340035],[5.92328696725053,51.9806299029442],[5.923204931517221,51.9806179915461],[5.9231485395163315,51.980607944271384],[5.923037255062159,51.98058811066259],[5.923024287167119,51.98058579681492],[5.922929348198594,51.98056661399486],[5.9228719069624605,51.98055462718269],[5.922855870048952,51.98055128464386],[5.922761290513849,51.98052367165641],[5.922703681406144,51.98050420091079],[5.922618352085201,51.98047522439945],[5.922572462859617,51.9804595993891],[5.922548637573207,51.98045129472789],[5.922449874294054,51.98041703116408],[5.9223505516679875,51.98038345317891],[5.922333173612281,51.980377617005665],[5.9222770219426275,51.980358757820035],[5.922255572320919,51.98035155415264],[5.922160357975566,51.98031946736309],[5.922064712985797,51.98028665439722],[5.922035486720714,51.98027656213962],[5.921994059009112,51.980262257680074],[5.921807007415744,51.980221341838394],[5.921806686067272,51.98022112578062],[5.921801146672896,51.980217387529905],[5.9216959353689615,51.980145802370714],[5.921620895892089,51.98009536807497],[5.92157814960164,51.98006663953118],[5.921515412240373,51.980024576766525],[5.921478083696295,51.97999938746133],[5.921477480603768,51.979998980331445],[5.921563675652728,51.97994744579813],[5.92164757227976,51.979897143165196],[5.921658827842102,51.979891004192346],[5.921587252106353,51.97983034873768],[5.921540103525614,51.97979079301709],[5.92148402351504,51.9797456052918],[5.921452607053294,51.97968578209456],[5.9214443188337125,51.979670002009755],[5.921413850473665,51.97960080591605],[5.9213960534376175,51.9795578063918],[5.921367573139246,51.9794788021329],[5.921357130482187,51.979450167670315],[5.921351622034757,51.97943349678952],[5.921329289486222,51.97936066837208],[5.921318979012239,51.979309520132084],[5.921305487545912,51.979249763792545],[5.921303334222191,51.97922172985319],[5.921295626438947,51.97918684503434],[5.9212354520041295,51.97919034511839],[5.9212422212631335,51.97911562191233],[5.921249306779912,51.97903739000618],[5.921134250768192,51.97903302993372],[5.9210961157371385,51.979031584255],[5.920960629237004,51.97902644938106],[5.920968783397373,51.9790044537815],[5.921009043074845,51.978894099683096],[5.9210292786240535,51.97884169551008],[5.921032194395955,51.97883414192996],[5.921072718195229,51.97872545934328],[5.920915311980489,51.978704034524924],[5.920804545433465,51.978688957604625],[5.9208208842169965,51.97864862545223],[5.920838853247787,51.97860426360365],[5.920644494324265,51.978498632245035],[5.92052792306558,51.9784352769853],[5.920543392158343,51.97839829608412],[5.92055018832427,51.97838204574589],[5.9205903340908135,51.97828606021178],[5.920597730777996,51.978260461037344],[5.920611202908597,51.978178947304436],[5.920624596244531,51.97809852241808],[5.920571903611322,51.978091050280966],[5.920487635662242,51.97807909948412],[5.9202820505958975,51.97804914210337],[5.9202110208311165,51.97803879484924],[5.9200940090042575,51.978021749251084],[5.92009566303084,51.97801640715738],[5.920097597356559,51.97801015596794],[5.9200242869881,51.978000672830554],[5.919999082517836,51.97799766266191],[5.919917516361984,51.97798792024366],[5.9199206884173545,51.97798244813554],[5.919933730339503,51.977959948688124],[5.92003888090058,51.977778530993724],[5.9200132386211655,51.9777759030201],[5.919640522438276,51.977737707834216],[5.919415431691544,51.97771464049959],[5.918946318076566,51.97766656392721],[5.91894948198897,51.97763265447274],[5.91886970753329,51.977646651349026],[5.91882917321215,51.97765376369794],[5.918698564387838,51.97767652376687],[5.918597269854785,51.97768336767704],[5.918568653776996,51.97768513194014],[5.918502396814754,51.977689216244315],[5.918497987980728,51.97769055744961],[5.9184145688795144,51.97771599649715],[5.91839860147669,51.97772086570266],[5.918395218729624,51.97781498024182],[5.918393356546318,51.97786850721334],[5.918393101262656,51.97787583209129],[5.918264178451844,51.977875110928764],[5.918151659576743,51.97787491240665],[5.918138128905048,51.977874888992616],[5.9180313201799,51.97787532163012],[5.917997463790011,51.97787545823935],[5.917993305987898,51.97773285581758],[5.917991631202468,51.9776754681292],[5.9179932207475305,51.97762592064763],[5.917852957176507,51.977626901376745],[5.917852005379091,51.97766578037736],[5.917855073177641,51.97766919110655],[5.917830445358115,51.977674048072245],[5.917805639310292,51.97768229445277],[5.917689752385289,51.97773877697161],[5.917379782816287,51.97788985070213],[5.91735257155405,51.97786948885471],[5.917256722477767,51.977915950274024],[5.917139092677437,51.977972981198825],[5.91703236693503,51.97797848649004],[5.917031149217992,51.977966582384234],[5.917002281832137,51.97796619108737],[5.9170003557857385,51.97794730620764],[5.916901228408666,51.97795162664373],[5.916896334597198,51.97790821687565],[5.916712669625484,51.97791547052005],[5.916673876582411,51.977917002394626],[5.916568325152665,51.977834559762535],[5.916560022791093,51.97782751788673],[5.916458558458338,51.977741466807046],[5.916035373753292,51.97787376450024],[5.9159649574980415,51.977897812165935],[5.916105341587972,51.97804581718023],[5.916138685467177,51.97808600884383],[5.916167810038069,51.97811807061648],[5.916177816425216,51.9781501302758],[5.916186218415178,51.97820954696135],[5.916190798835062,51.97827135915512],[5.916185625276711,51.978322513662],[5.916137399131536,51.97832273053743],[5.916112458638964,51.978322842688364],[5.9158871134231905,51.97831790996106],[5.915719642572904,51.978322230060044],[5.915499269737391,51.978345490536086],[5.915504489189558,51.97837550981871],[5.915507945960734,51.97839539364324],[5.9155073534293905,51.978443197350686],[5.915502223893073,51.97849815640281],[5.915477380293998,51.97854678270534],[5.915456000619977,51.97859539344558],[5.915386923860161,51.9787141370953],[5.915317776697617,51.97881037144618],[5.915274576359983,51.97891383096876],[5.915242630022633,51.978990336867625],[5.915236685531456,51.97902395578201],[5.915235085004628,51.97904526629848],[5.915240734383013,51.9790999387534],[5.915253989583427,51.97914625383419],[5.915275439958535,51.97919569333058],[5.915284470804863,51.97921651119342],[5.9153156044413056,51.97927677684194],[5.915362779254957,51.97935837445538],[5.915379693938073,51.979388501217585],[5.915471453473406,51.97957691678069],[5.9155237811908785,51.979687267444206],[5.9155454937906,51.979732354442525],[5.915573270491116,51.9798017915486],[5.915586276619657,51.97984335106368],[5.915595291431476,51.97987303779559],[5.915612702277648,51.97996154713267],[5.91562848179967,51.98007503437757],[5.915637647061092,51.980199252883],[5.915635675524406,51.98026972604238],[5.915622790443806,51.980441774527215],[5.915584387629246,51.98064832352885],[5.915715282555663,51.98066996909915],[5.915900253718458,51.98070055759159],[5.917433179719516,51.980981617007494],[5.918097410543559,51.98109760718947],[5.91911601619262,51.98127547202961],[5.919699807164133,51.98137839711525],[5.919731989265319,51.98138413878207],[5.920643716871024,51.981546806849806],[5.92065657988763,51.98154910166133],[5.9206568643182935,51.98154915070607],[5.921182197044887,51.98164094416199],[5.921862854675378,51.981764919505856],[5.922310056021522,51.98184225745647],[5.922823340239771,51.981930291842424],[5.92327823559911,51.98200669943359],[5.9235204244674415,51.9820495915459],[5.923641264174498,51.98188881017903]]]]},"properties":{"buurtcode":"BU02020212","buurtnaam":"Boulevardwijk","gemeentenaam":"Arnhem","aantalInwoners":2045,"crime_violent":9,"crime_property":0,"crime_disorder":0,"crime_count":9}},{"type":"Feature","geometry":{"type":"MultiPolygon","coordinates":[[[[5.926804948313989,51.98343860435676],[5.927350841490323,51.983311211468504],[5.927354899428111,51.98331020231374],[5.927898355201381,51.983174928975274],[5.928500244900374,51.983025107965254],[5.929063435877,51.98288491612768],[5.929454915939922,51.98278746480567],[5.930131228180926,51.98262169024741],[5.930885043169733,51.98242924457127],[5.93126287825824,51.982334748130725],[5.932096853167415,51.98213761029301],[5.932687503251816,51.981988942477535],[5.933212112189911,51.98186268340651],[5.933816910450643,51.98171539942737],[5.934358924959958,51.981583743990015],[5.934955644668855,51.98143791906626],[5.935483238248315,51.98130846571902],[5.935847814612622,51.98121794061664],[5.935854384551892,51.98121633520444],[5.936026368068029,51.98117430039201],[5.9372497684104495,51.98087820922212],[5.93750436821406,51.98081780187497],[5.938531906569131,51.98056827455709],[5.939530569482708,51.980320301155764],[5.939935780365721,51.98021386051923],[5.940343631369774,51.980106723842276],[5.940534768104279,51.98005374231804],[5.940883706501454,51.979961491573455],[5.941354609659363,51.97982464987978],[5.941957656107429,51.97963751584823],[5.9423500130596185,51.97950652897943],[5.942879208028201,51.97932352472803],[5.94375218204555,51.97900618967048],[5.94392239542098,51.978941720100174],[5.9439097356245725,51.9789289823738],[5.943875790472004,51.978894827220145],[5.943751992426958,51.97876384034115],[5.943691795700459,51.97870014681035],[5.943603225104428,51.97860643237644],[5.943360749589071,51.978649309831994],[5.9429851069392186,51.978704433760086],[5.9428515107478255,51.97872290167355],[5.942686135986917,51.97874092452818],[5.94243418862024,51.9787653017753],[5.9422350520941984,51.978778133519356],[5.941972345223428,51.97878888563386],[5.941778867525801,51.97879217660173],[5.941665266343339,51.978792712314466],[5.941272297635958,51.978780295544645],[5.94114899520386,51.978774930654254],[5.940813762957595,51.97875986202452],[5.94052072763606,51.97873151399425],[5.94021234827911,51.978707994049564],[5.939922453482416,51.978684386413356],[5.939672746790358,51.978640611674656],[5.939578953304251,51.97862345395475],[5.939448533246153,51.97860290066699],[5.939347831069648,51.97858767798052],[5.939191236526301,51.97856819819585],[5.939087381946864,51.97855641465647],[5.9390443050166715,51.97855152667314],[5.9389082199392345,51.978540037121654],[5.938743643118598,51.97852915562193],[5.938564770573789,51.97851878134531],[5.938414542325016,51.97851143555775],[5.938177138712734,51.97850888075608],[5.938175795081706,51.97850886637761],[5.938144091120048,51.97850854301366],[5.937998163246227,51.97850705584934],[5.937818296905874,51.978505222257574],[5.9376808471264475,51.97850382174229],[5.937537944540003,51.97850025341766],[5.937437953984762,51.97849775960858],[5.937411733329028,51.97849710568671],[5.937327969486063,51.97849690340729],[5.9371846038274825,51.97850411388906],[5.93714343370543,51.9785127411105],[5.936980937758575,51.97853014823279],[5.936700166299355,51.97855940351472],[5.93653167213453,51.97858171243996],[5.936277135169207,51.97861541296172],[5.935896656288387,51.97867136258145],[5.935590136013486,51.97872095020479],[5.935233727575994,51.97878503856392],[5.934740824419993,51.97888521875536],[5.934253459235108,51.97898864917571],[5.9338537485436005,51.9790750596476],[5.933577277639374,51.97914174383889],[5.933389190286571,51.97919255962744],[5.933267452022666,51.979236526221555],[5.933218296331319,51.97926149495882],[5.933171764716333,51.97928512930312],[5.933081302246348,51.979349603102186],[5.932920693368493,51.979517913399434],[5.93277402209316,51.97966435211306],[5.9326390755494005,51.97981734002265],[5.9325766972665415,51.979913351022006],[5.932420291556392,51.97987780900465],[5.932225317458374,51.97983768887248],[5.931888604041389,51.97978038931633],[5.931435326515563,51.979717682449234],[5.931075659124429,51.97967297164349],[5.930589664392192,51.979611601980956],[5.930253170710402,51.97957213237181],[5.929751782020523,51.9795114244653],[5.929423012329915,51.97947370104477],[5.928709493093726,51.97938661759641],[5.928015288434949,51.97930419765887],[5.927708693921515,51.9792687449052],[5.927252654247645,51.97921554793806],[5.926919045471535,51.979175460528],[5.926331883654567,51.97910680842887],[5.925864272316839,51.979051874940964],[5.925447750557516,51.979002056566834],[5.92515271213789,51.9789665451711],[5.924800796349068,51.97892475220735],[5.924420868527721,51.97887535794984],[5.924095031139605,51.978840578721034],[5.923502163790734,51.978777289343704],[5.923112740110431,51.97873863482794],[5.922381115705372,51.97866527046335],[5.922288580853908,51.97865617912377],[5.921944434735081,51.97861969305446],[5.921650391965128,51.97858654668329],[5.921372682214181,51.97855035204026],[5.921060257661409,51.978509557685896],[5.9208789553804015,51.97848422079303],[5.920589274795681,51.978443831619344],[5.92052792306558,51.9784352769853],[5.920644494324265,51.978498632245035],[5.920838853247787,51.97860426360365],[5.9208208842169965,51.97864862545223],[5.920804545433465,51.978688957604625],[5.920915311980489,51.978704034524924],[5.921072718195229,51.97872545934328],[5.921032194395955,51.97883414192996],[5.9210292786240535,51.97884169551008],[5.921009043074845,51.978894099683096],[5.920968783397373,51.9790044537815],[5.920960629237004,51.97902644938106],[5.9210961157371385,51.979031584255],[5.921134250768192,51.97903302993372],[5.921249306779912,51.97903739000618],[5.9212422212631335,51.97911562191233],[5.9212354520041295,51.97919034511839],[5.921295626438947,51.97918684503434],[5.921303334222191,51.97922172985319],[5.921305487545912,51.979249763792545],[5.921318979012239,51.979309520132084],[5.921329289486222,51.97936066837208],[5.921351622034757,51.97943349678952],[5.921357130482187,51.979450167670315],[5.921367573139246,51.9794788021329],[5.9213960534376175,51.9795578063918],[5.921413850473665,51.97960080591605],[5.9214443188337125,51.979670002009755],[5.921452607053294,51.97968578209456],[5.92148402351504,51.9797456052918],[5.921540103525614,51.97979079301709],[5.921587252106353,51.97983034873768],[5.921658827842102,51.979891004192346],[5.92164757227976,51.979897143165196],[5.921563675652728,51.97994744579813],[5.921477480603768,51.979998980331445],[5.921478083696295,51.97999938746133],[5.921515412240373,51.980024576766525],[5.92157814960164,51.98006663953118],[5.921620895892089,51.98009536807497],[5.9216959353689615,51.980145802370714],[5.921801146672896,51.980217387529905],[5.921806686067272,51.98022112578062],[5.921807007415744,51.980221341838394],[5.921994059009112,51.980262257680074],[5.922035486720714,51.98027656213962],[5.922064712985797,51.98028665439722],[5.922160357975566,51.98031946736309],[5.922255572320919,51.98035155415264],[5.9222770219426275,51.980358757820035],[5.922333173612281,51.980377617005665],[5.9223505516679875,51.98038345317891],[5.922449874294054,51.98041703116408],[5.922548637573207,51.98045129472789],[5.922572462859617,51.9804595993891],[5.922618352085201,51.98047522439945],[5.922703681406144,51.98050420091079],[5.922761290513849,51.98052367165641],[5.922855870048952,51.98055128464386],[5.9228719069624605,51.98055462718269],[5.922929348198594,51.98056661399486],[5.923024287167119,51.98058579681492],[5.923037255062159,51.98058811066259],[5.9231485395163315,51.980607944271384],[5.923204931517221,51.9806179915461],[5.92328696725053,51.9806299029442],[5.923354572370839,51.980637808340035],[5.9234560093455535,51.980649677912425],[5.923565769427338,51.980662516137095],[5.923668616312949,51.98067785759575],[5.923769177604503,51.980688301741935],[5.923792147842245,51.98069068672136],[5.923812958205725,51.98069284785339],[5.923805580982387,51.98071703416441],[5.923792676844867,51.98075934647257],[5.923838737274805,51.980764646184404],[5.92393004199897,51.98077515939494],[5.923889658300066,51.98090558337992],[5.92393260833856,51.980931320624855],[5.924107008559412,51.981035837733984],[5.924083256631579,51.98111419532127],[5.924069059046355,51.98117490376819],[5.924039634307439,51.98124522557072],[5.92403753280968,51.9812502452806],[5.924091785656281,51.98126123129383],[5.9244953333124455,51.98135047655096],[5.924468220552338,51.98140317338893],[5.924625016210286,51.981425916657905],[5.924809983569994,51.98145273750333],[5.924897482042513,51.981463131640865],[5.924918633775179,51.98141567251561],[5.924997079545463,51.98142775463734],[5.92507380001407,51.981436281607095],[5.925160121507252,51.98144587557402],[5.925158594613261,51.98145194701165],[5.925143395635758,51.98151230692666],[5.925236173690117,51.9815241426674],[5.925323415537619,51.98153557222399],[5.925361018358986,51.98154075543913],[5.92541764859486,51.98154856066443],[5.925415331387697,51.98155572870814],[5.925413101144411,51.98156262310738],[5.925405269454953,51.981586844854284],[5.925383118246754,51.98165869139345],[5.925368766337625,51.98170604488345],[5.92535254590205,51.981754170932696],[5.92533211881877,51.98181322810839],[5.92531295414896,51.98187559621251],[5.9252985835466525,51.981921403778024],[5.925284268440971,51.98196698637807],[5.925255554451794,51.98204996355033],[5.925206950764617,51.98220406678634],[5.925189255355603,51.982274877212205],[5.925175148908959,51.98233131858985],[5.925170545845926,51.98234973703955],[5.92518132722502,51.98235053263055],[5.925998447058977,51.98255918730434],[5.926251569991783,51.98285207296817],[5.926229053532517,51.98295280994883],[5.926485023163975,51.983196434783366],[5.926726694749558,51.98345843665414],[5.926804948313989,51.98343860435676]]]]},"properties":{"buurtcode":"BU02020314","buurtnaam":"Statenkwartier","gemeentenaam":"Arnhem","aantalInwoners":2225,"crime_violent":20,"crime_property":0,"crime_disorder":1,"crime_count":21}},{"type":"Feature","geometry":{"type":"MultiPolygon","coordinates":[[[[5.9326390755494005,51.97981734002265],[5.93277402209316,51.97966435211306],[5.932920693368493,51.979517913399434],[5.933081302246348,51.979349603102186],[5.933171764716333,51.97928512930312],[5.933218296331319,51.97926149495882],[5.933267452022666,51.979236526221555],[5.933389190286571,51.97919255962744],[5.933577277639374,51.97914174383889],[5.9338537485436005,51.9790750596476],[5.934253459235108,51.97898864917571],[5.934740824419993,51.97888521875536],[5.935233727575994,51.97878503856392],[5.935590136013486,51.97872095020479],[5.935896656288387,51.97867136258145],[5.936277135169207,51.97861541296172],[5.93653167213453,51.97858171243996],[5.936700166299355,51.97855940351472],[5.936980937758575,51.97853014823279],[5.93714343370543,51.9785127411105],[5.9371846038274825,51.97850411388906],[5.937327969486063,51.97849690340729],[5.937411733329028,51.97849710568671],[5.937437953984762,51.97849775960858],[5.937537944540003,51.97850025341766],[5.937539700673251,51.978474339785265],[5.93752794991426,51.97839543903028],[5.937498006909017,51.978340405758644],[5.93742639164761,51.9782789079605],[5.937266943799281,51.97821496715171],[5.936529124452755,51.978030064238375],[5.936092662254597,51.97794205831347],[5.935943251045493,51.97791136363496],[5.935726845302881,51.97788169493529],[5.935586833509938,51.97786379766486],[5.935399938347807,51.97783827102207],[5.935157906241527,51.97780729427238],[5.934736385504921,51.9777420738577],[5.934455861335985,51.97771246313197],[5.934246649957453,51.97768846495882],[5.93395151183366,51.977644652853634],[5.933663107062272,51.977600212792524],[5.93337492585607,51.97757420256031],[5.932804277345443,51.97751680268913],[5.932343682140732,51.97748385968296],[5.932073373927525,51.977449296362295],[5.931279971645219,51.9773442929043],[5.930781609760848,51.977277155032915],[5.930267845334235,51.977210085281136],[5.9296074671010714,51.97711990903312],[5.928920904481894,51.977029848802026],[5.928029290768708,51.97692455583899],[5.92751859260547,51.976855558057345],[5.926956963384343,51.97677823039906],[5.926543512566563,51.976725904879274],[5.926182502019257,51.976679045202445],[5.9259186673071484,51.976643153653875],[5.925590048268843,51.976599949456244],[5.925088553563255,51.97652709332904],[5.924505425181547,51.97645460896495],[5.923943851649115,51.97638107146989],[5.923508222031947,51.97632712064075],[5.923249314014879,51.97629087077387],[5.923229077912607,51.976350710545695],[5.923219109450562,51.9763790828488],[5.923079572471009,51.976360271510714],[5.9228910540994315,51.97633492027907],[5.922884689352159,51.976334064814736],[5.92263349858494,51.97630024844668],[5.922364665571505,51.976264026542054],[5.922357732271387,51.97626309184233],[5.921811794588043,51.976189532353004],[5.921375407253062,51.9761307314475],[5.921361847529851,51.97612895851075],[5.9213049041579335,51.976281579988395],[5.921245275859236,51.976448323577635],[5.921176224996655,51.97663235141526],[5.921103386291724,51.97682174718156],[5.920990544972596,51.97712844927565],[5.920934362115909,51.9772612881768],[5.92088942632849,51.97736851037806],[5.920847392011188,51.97747690765697],[5.920786422062939,51.97761214652407],[5.920768029665044,51.97766799473694],[5.920708370802884,51.97784912943254],[5.920637262769157,51.97802246378175],[5.920624596244531,51.97809852241808],[5.920611202908597,51.978178947304436],[5.920597730777996,51.978260461037344],[5.9205903340908135,51.97828606021178],[5.92055018832427,51.97838204574589],[5.920543392158343,51.97839829608412],[5.92052792306558,51.9784352769853],[5.920589274795681,51.978443831619344],[5.9208789553804015,51.97848422079303],[5.921060257661409,51.978509557685896],[5.921372682214181,51.97855035204026],[5.921650391965128,51.97858654668329],[5.921944434735081,51.97861969305446],[5.922288580853908,51.97865617912377],[5.922381115705372,51.97866527046335],[5.923112740110431,51.97873863482794],[5.923502163790734,51.978777289343704],[5.924095031139605,51.978840578721034],[5.924420868527721,51.97887535794984],[5.924800796349068,51.97892475220735],[5.92515271213789,51.9789665451711],[5.925447750557516,51.979002056566834],[5.925864272316839,51.979051874940964],[5.926331883654567,51.97910680842887],[5.926919045471535,51.979175460528],[5.927252654247645,51.97921554793806],[5.927708693921515,51.9792687449052],[5.928015288434949,51.97930419765887],[5.928709493093726,51.97938661759641],[5.929423012329915,51.97947370104477],[5.929751782020523,51.9795114244653],[5.930253170710402,51.97957213237181],[5.930589664392192,51.979611601980956],[5.931075659124429,51.97967297164349],[5.931435326515563,51.979717682449234],[5.931888604041389,51.97978038931633],[5.932225317458374,51.97983768887248],[5.932420291556392,51.97987780900465],[5.9325766972665415,51.979913351022006],[5.9326390755494005,51.97981734002265]]]]},"properties":{"buurtcode":"BU02020320","buurtnaam":"Arnhemse Broek","gemeentenaam":"Arnhem","aantalInwoners":2605,"crime_violent":16,"crime_property":0,"crime_disorder":4,"crime_count":20}},{"type":"Feature","geometry":{"type":"MultiPolygon","coordinates":[[[[5.920637262769157,51.97802246378175],[5.920708370802884,51.97784912943254],[5.920768029665044,51.97766799473694],[5.920786422062939,51.97761214652407],[5.920847392011188,51.97747690765697],[5.92088942632849,51.97736851037806],[5.920934362115909,51.9772612881768],[5.920990544972596,51.97712844927565],[5.921103386291724,51.97682174718156],[5.921176224996655,51.97663235141526],[5.921245275859236,51.976448323577635],[5.9213049041579335,51.976281579988395],[5.921361847529851,51.97612895851075],[5.920880677684729,51.97606603845977],[5.920372671213929,51.97599960591427],[5.919949012215456,51.97594420254249],[5.919641737528223,51.97590401750705],[5.919540664535486,51.9758907992608],[5.919430584847987,51.975851784567155],[5.919240863505947,51.97578453798879],[5.918720687396305,51.97561501140525],[5.918455336906327,51.975533167526265],[5.918157215979277,51.975449027946986],[5.918140111393402,51.97544420020329],[5.918121617184353,51.97544333271572],[5.9180831382146994,51.97544588472329],[5.918053919055968,51.975449821381275],[5.918026324095879,51.97546088567337],[5.917938287757705,51.97550599292727],[5.917894971967769,51.975532745424985],[5.917766782664204,51.97560883776771],[5.9176464429252675,51.97567257150817],[5.91791391308566,51.975970006373416],[5.917990961242504,51.97605877842404],[5.918014406564328,51.976085790541994],[5.918032215525209,51.976126377167084],[5.918055246333082,51.976217595099016],[5.9180517570590165,51.9763132138825],[5.9180452654831415,51.97644808585631],[5.918036613946858,51.97666288499612],[5.91802241258749,51.976859851975],[5.91801920184184,51.9769790127353],[5.918003448257354,51.97730727266769],[5.9179932207475305,51.97762592064763],[5.917991631202468,51.9776754681292],[5.917993305987898,51.97773285581758],[5.917997463790011,51.97787545823935],[5.9180313201799,51.97787532163012],[5.918138128905048,51.977874888992616],[5.918151659576743,51.97787491240665],[5.918264178451844,51.977875110928764],[5.918393101262656,51.97787583209129],[5.918393356546318,51.97786850721334],[5.918395218729624,51.97781498024182],[5.91839860147669,51.97772086570266],[5.9184145688795144,51.97771599649715],[5.918497987980728,51.97769055744961],[5.918502396814754,51.977689216244315],[5.918568653776996,51.97768513194014],[5.918597269854785,51.97768336767704],[5.918698564387838,51.97767652376687],[5.91882917321215,51.97765376369794],[5.91886970753329,51.977646651349026],[5.91894948198897,51.97763265447274],[5.918946318076566,51.97766656392721],[5.919415431691544,51.97771464049959],[5.919640522438276,51.977737707834216],[5.9200132386211655,51.9777759030201],[5.92003888090058,51.977778530993724],[5.919933730339503,51.977959948688124],[5.9199206884173545,51.97798244813554],[5.919917516361984,51.97798792024366],[5.919999082517836,51.97799766266191],[5.9200242869881,51.978000672830554],[5.920097597356559,51.97801015596794],[5.92009566303084,51.97801640715738],[5.9200940090042575,51.978021749251084],[5.9202110208311165,51.97803879484924],[5.9202820505958975,51.97804914210337],[5.920487635662242,51.97807909948412],[5.920571903611322,51.978091050280966],[5.920624596244531,51.97809852241808],[5.920637262769157,51.97802246378175]]]]},"properties":{"buurtcode":"BU02020321","buurtnaam":"Van Verschuerbuurt","gemeentenaam":"Arnhem","aantalInwoners":665,"crime_violent":1,"crime_property":0,"crime_disorder":0,"crime_count":1}},{"type":"Feature","geometry":{"type":"MultiPolygon","coordinates":[[[[5.944316798705989,51.97879233388696],[5.944735240545756,51.97862340217342],[5.945330570168298,51.97837158261327],[5.945717454271911,51.97820065162607],[5.946035951085523,51.97805145831502],[5.9462633657794655,51.97794407255448],[5.946418433922195,51.97787198986784],[5.946865467469351,51.977650118528146],[5.946923856059326,51.977619531764695],[5.947153182856564,51.97749939951382],[5.947549699924236,51.9773034504105],[5.947823441084686,51.97714423488558],[5.948018073995683,51.97703779475669],[5.948401580965206,51.976814238527766],[5.948884774654194,51.97652940381641],[5.949173612071027,51.97634633060385],[5.949728411645744,51.975999316282866],[5.9499514758323215,51.97585365535698],[5.95033488077628,51.97559687840297],[5.950692286591494,51.97535544571867],[5.950958123724451,51.97518199068447],[5.951179580310695,51.97503157843632],[5.951647012297991,51.974721123447885],[5.951966270693966,51.97450935906391],[5.952094605858521,51.97442598102951],[5.952609387028645,51.97408485365968],[5.953212208619384,51.973672191955686],[5.9534768973776,51.973500758069946],[5.953655565933544,51.97337792574125],[5.953851970817469,51.97324317712618],[5.9541173088509405,51.97306915627564],[5.954494354098069,51.97281685161459],[5.95477608382186,51.972623572506144],[5.955023538118811,51.97246042288306],[5.955274896294003,51.972286552274255],[5.955579044018403,51.97208531511666],[5.955668355345541,51.972022813019535],[5.955717012334634,51.97199144821946],[5.955734806252643,51.97197971410667],[5.956071187018025,51.971757862179906],[5.9565275388956325,51.97145956896605],[5.956920785255934,51.97119546873494],[5.957191924269907,51.97101876382809],[5.957571816306961,51.970764833582365],[5.958061345237992,51.97042772769808],[5.958927448374189,51.969850137925455],[5.959338750155044,51.969569889257095],[5.959494006846006,51.96946550086112],[5.959308101843204,51.96937710305592],[5.958942976363187,51.96920189735636],[5.958462205335241,51.9689385728181],[5.958128177450796,51.968749074729445],[5.957740233887773,51.96852044113779],[5.957314542256091,51.96826858349842],[5.956863416000689,51.967985576882285],[5.956361522577977,51.96765083433574],[5.955887675337968,51.96731934263093],[5.955457476518645,51.96701781216057],[5.955099028300784,51.96675353209028],[5.954766784248225,51.966488684000616],[5.954354255573809,51.96617134347226],[5.954043705915341,51.965926414870715],[5.9539167289687365,51.96581906719631],[5.953647730615369,51.965591662401266],[5.952955364155691,51.965053255660166],[5.952428827866257,51.96456971293557],[5.951752577526061,51.96385958790448],[5.951242968524818,51.96322384766767],[5.950973269428421,51.9628318263189],[5.9504882456075,51.96205021775027],[5.950109009118992,51.961286697491026],[5.949838032440188,51.96062869389815],[5.949656280542931,51.960076335167706],[5.949492301813273,51.95946161931425],[5.949431966390418,51.95918528913373],[5.949392283083679,51.95900351725144],[5.949323177865453,51.95858451072697],[5.9492655587563235,51.95801847947257],[5.949249374908853,51.95745126131718],[5.949272751925404,51.95699814181514],[5.949305505492894,51.956640883965626],[5.949405279511943,51.95614992628288],[5.949530965080863,51.95566508249205],[5.949740592288164,51.95509583097864],[5.9501094969826385,51.95422868582668],[5.950476363234639,51.953609369204024],[5.950888009674133,51.95299120285676],[5.951329596135511,51.95246324303179],[5.951804046361832,51.95201956997125],[5.952697990885814,51.95115757805763],[5.953423146634988,51.950440503985895],[5.9538064735403555,51.95002266284556],[5.954181458037347,51.94964738495811],[5.95474593782844,51.949145442707305],[5.954826627828973,51.9490813879336],[5.9549212873249315,51.94899939657556],[5.955023916939382,51.94891276450567],[5.955139895073969,51.94881431994086],[5.955219237530006,51.94875766883579],[5.955225451499475,51.94875330637274],[5.954723233097899,51.949061573336856],[5.9543265363848015,51.94930756918315],[5.9538652328659065,51.94958435495987],[5.953211698754179,51.949947715574865],[5.95262350181929,51.950260773517506],[5.952399966132508,51.95036665380096],[5.9519487161885465,51.950587610349224],[5.951716137529759,51.950695285511024],[5.951545139279794,51.950772274656075],[5.951431941509573,51.950822164610216],[5.950607188878117,51.951185667191346],[5.949943449585689,51.951469969078985],[5.948675610063843,51.95198921776409],[5.947356846068951,51.95251696469622],[5.946420452179038,51.952888483918684],[5.946246808884727,51.952964731822846],[5.945109984725495,51.95346295970528],[5.944262277990493,51.953880277071484],[5.943504598990008,51.954250224652895],[5.9430608495014,51.95447851767246],[5.942322916178274,51.95488336509811],[5.941876865502727,51.95513479167474],[5.941432706907804,51.95539493537354],[5.940612173301933,51.95587201479446],[5.940446626600669,51.95596950948868],[5.940327672800763,51.956039558780994],[5.939722629362442,51.95643132428163],[5.939214445295509,51.95678112310236],[5.93891351993047,51.957000441938796],[5.938160266481657,51.95755853287515],[5.93802803931719,51.957666716867735],[5.93778181008766,51.95786747604857],[5.9376169292695415,51.9580250869914],[5.9373298483589085,51.958305745737405],[5.936787846929212,51.95885784141477],[5.936574123448489,51.95908242713451],[5.936138088647673,51.95962217777037],[5.936049649969846,51.95974990256456],[5.935597113759822,51.960415476042996],[5.935532516128192,51.96059430610053],[5.935334812778144,51.9609452008279],[5.935129756581769,51.961312596233135],[5.935097221968057,51.961393966243634],[5.934995969044621,51.96164720198454],[5.93485798181651,51.96199195688629],[5.93475802707271,51.962230669067175],[5.9346191576193785,51.96255826889458],[5.934414184215393,51.96302422908849],[5.934297929210417,51.96329879952009],[5.934254735781371,51.96340673548432],[5.934031637115261,51.96383192697358],[5.9340139211884635,51.96385395904092],[5.93363765423352,51.96456319432432],[5.9334147640509505,51.96493953161453],[5.933254250743646,51.965183206630115],[5.93312237257345,51.96536832387228],[5.93282026023623,51.96576521569871],[5.932608294539311,51.96603100628617],[5.932501239080456,51.96615534495528],[5.932170227615936,51.96648604366673],[5.9317933446265725,51.966849078406135],[5.931525465955127,51.96708893372402],[5.931240694585163,51.967324372375856],[5.930837824435607,51.96762635816863],[5.930411382851703,51.96792659983572],[5.93021337456477,51.96805152726734],[5.929848893164225,51.968266854983376],[5.929606809716596,51.968404307855565],[5.929256187000808,51.9685832027415],[5.928778831456271,51.96881067834343],[5.927683775428961,51.969262988061715],[5.92764769723421,51.969274811826914],[5.927308166467403,51.96939715782431],[5.927074927555811,51.969476239131104],[5.926814235699795,51.96956205242134],[5.926384144853982,51.96968473936323],[5.926068202666185,51.96976999535824],[5.925865029142293,51.969817908549395],[5.925661469179497,51.96986518498168],[5.925457508232893,51.96991182471991],[5.924952006701461,51.9700242200887],[5.924637959916528,51.970091979341774],[5.923052690316308,51.97029894849083],[5.922478220165977,51.970383982097026],[5.92243684438862,51.9703901063626],[5.9227170083566385,51.97089588005534],[5.922970932484106,51.97135427169964],[5.923028168163859,51.971471730895],[5.923067666262765,51.97155478695257],[5.923089538794009,51.971612952687096],[5.923099033139858,51.97166641817435],[5.923088883585713,51.97171926040255],[5.9230710556486565,51.971774039561815],[5.923042883384371,51.971865490825124],[5.923003638044053,51.971996945003845],[5.9229524644010265,51.97216127279842],[5.922893130358324,51.97235179753256],[5.922836057090781,51.9725380307653],[5.922816966117509,51.97259885043131],[5.922738868671373,51.972847636944046],[5.922679521472095,51.97303721063513],[5.92260624790347,51.973285826765704],[5.922557265884046,51.973440631066985],[5.922470617483841,51.97373021231047],[5.922434239714265,51.973844054849046],[5.9223534534427555,51.97410887684983],[5.922323779634093,51.97420366310252],[5.922310297985826,51.97423559184553],[5.922270118363281,51.974306903300864],[5.9222673092675615,51.97431188935175],[5.9221938008407164,51.974412107139216],[5.922122527940111,51.97450613160443],[5.922046707820738,51.97460635981052],[5.921950446701871,51.97473617088443],[5.921865548886818,51.97485023380989],[5.921831904459159,51.974900560789614],[5.921821095716044,51.97491672788569],[5.921791587310895,51.97498523481759],[5.921754766882821,51.975086474693555],[5.921700654484577,51.975231195325286],[5.921670800027679,51.97531099948823],[5.921632899642561,51.97540788486545],[5.921537961545076,51.9756489881343],[5.9214387868909535,51.97592245343353],[5.921361847529851,51.97612895851075],[5.921375407253062,51.9761307314475],[5.921811794588043,51.976189532353004],[5.922357732271387,51.97626309184233],[5.922364665571505,51.976264026542054],[5.92263349858494,51.97630024844668],[5.922884689352159,51.976334064814736],[5.9228910540994315,51.97633492027907],[5.923079572471009,51.976360271510714],[5.923219109450562,51.9763790828488],[5.923229077912607,51.976350710545695],[5.923249314014879,51.97629087077387],[5.923508222031947,51.97632712064075],[5.923943851649115,51.97638107146989],[5.924505425181547,51.97645460896495],[5.925088553563255,51.97652709332904],[5.925590048268843,51.976599949456244],[5.9259186673071484,51.976643153653875],[5.926182502019257,51.976679045202445],[5.926543512566563,51.976725904879274],[5.926956963384343,51.97677823039906],[5.92751859260547,51.976855558057345],[5.928029290768708,51.97692455583899],[5.928920904481894,51.977029848802026],[5.9296074671010714,51.97711990903312],[5.930267845334235,51.977210085281136],[5.930781609760848,51.977277155032915],[5.931279971645219,51.9773442929043],[5.932073373927525,51.977449296362295],[5.932343682140732,51.97748385968296],[5.932804277345443,51.97751680268913],[5.93337492585607,51.97757420256031],[5.933663107062272,51.977600212792524],[5.93395151183366,51.977644652853634],[5.934246649957453,51.97768846495882],[5.934455861335985,51.97771246313197],[5.934736385504921,51.9777420738577],[5.935157906241527,51.97780729427238],[5.935399938347807,51.97783827102207],[5.935586833509938,51.97786379766486],[5.935726845302881,51.97788169493529],[5.935943251045493,51.97791136363496],[5.936092662254597,51.97794205831347],[5.936529124452755,51.978030064238375],[5.937266943799281,51.97821496715171],[5.93742639164761,51.9782789079605],[5.937498006909017,51.978340405758644],[5.93752794991426,51.97839543903028],[5.937539700673251,51.978474339785265],[5.937537944540003,51.97850025341766],[5.9376808471264475,51.97850382174229],[5.937818296905874,51.978505222257574],[5.937998163246227,51.97850705584934],[5.938144091120048,51.97850854301366],[5.938175795081706,51.97850886637761],[5.938177138712734,51.97850888075608],[5.938414542325016,51.97851143555775],[5.938564770573789,51.97851878134531],[5.938743643118598,51.97852915562193],[5.9389082199392345,51.978540037121654],[5.9390443050166715,51.97855152667314],[5.939087381946864,51.97855641465647],[5.939191236526301,51.97856819819585],[5.939347831069648,51.97858767798052],[5.939448533246153,51.97860290066699],[5.939578953304251,51.97862345395475],[5.939672746790358,51.978640611674656],[5.939922453482416,51.978684386413356],[5.94021234827911,51.978707994049564],[5.94052072763606,51.97873151399425],[5.940813762957595,51.97875986202452],[5.94114899520386,51.978774930654254],[5.941272297635958,51.978780295544645],[5.941665266343339,51.978792712314466],[5.941778867525801,51.97879217660173],[5.941972345223428,51.97878888563386],[5.9422350520941984,51.978778133519356],[5.94243418862024,51.9787653017753],[5.942686135986917,51.97874092452818],[5.9428515107478255,51.97872290167355],[5.9429851069392186,51.978704433760086],[5.943360749589071,51.978649309831994],[5.943603225104428,51.97860643237644],[5.943691795700459,51.97870014681035],[5.943751992426958,51.97876384034115],[5.943875790472004,51.978894827220145],[5.9439097356245725,51.9789289823738],[5.94392239542098,51.978941720100174],[5.944316798705989,51.97879233388696]]]]},"properties":{"buurtcode":"BU02020322","buurtnaam":"Industrieterrein","gemeentenaam":"Arnhem","aantalInwoners":70,"crime_violent":14,"crime_property":0,"crime_disorder":23,"crime_count":37}},{"type":"Feature","geometry":{"type":"MultiPolygon","coordinates":[[[[5.915719642572904,51.978322230060044],[5.9158871134231905,51.97831790996106],[5.916112458638964,51.978322842688364],[5.916137399131536,51.97832273053743],[5.916185625276711,51.978322513662],[5.916190798835062,51.97827135915512],[5.916186218415178,51.97820954696135],[5.916177816425216,51.9781501302758],[5.916167810038069,51.97811807061648],[5.916138685467177,51.97808600884383],[5.916105341587972,51.97804581718023],[5.9159649574980415,51.977897812165935],[5.916035373753292,51.97787376450024],[5.916458558458338,51.977741466807046],[5.916560022791093,51.97782751788673],[5.916568325152665,51.977834559762535],[5.916673876582411,51.977917002394626],[5.916712669625484,51.97791547052005],[5.916896334597198,51.97790821687565],[5.916901228408666,51.97795162664373],[5.9170003557857385,51.97794730620764],[5.917002281832137,51.97796619108737],[5.917031149217992,51.977966582384234],[5.91703236693503,51.97797848649004],[5.917139092677437,51.977972981198825],[5.917256722477767,51.977915950274024],[5.91735257155405,51.97786948885471],[5.917379782816287,51.97788985070213],[5.917689752385289,51.97773877697161],[5.917805639310292,51.97768229445277],[5.917830445358115,51.977674048072245],[5.917855073177641,51.97766919110655],[5.917852005379091,51.97766578037736],[5.917852957176507,51.977626901376745],[5.9179932207475305,51.97762592064763],[5.918003448257354,51.97730727266769],[5.91801920184184,51.9769790127353],[5.91802241258749,51.976859851975],[5.918036613946858,51.97666288499612],[5.9180452654831415,51.97644808585631],[5.9180517570590165,51.9763132138825],[5.918055246333082,51.976217595099016],[5.918032215525209,51.976126377167084],[5.918014406564328,51.976085790541994],[5.917990961242504,51.97605877842404],[5.91791391308566,51.975970006373416],[5.9176464429252675,51.97567257150817],[5.9176041816186755,51.97562557492716],[5.917257239632056,51.975195298808075],[5.91643421732795,51.975463589393165],[5.914733007403952,51.975996393590535],[5.913237947074948,51.97648056614472],[5.913440574067458,51.97668453438179],[5.913495453620764,51.976745279423035],[5.9136044184763135,51.97684767269628],[5.913907624205668,51.977149568563405],[5.914037698241408,51.97727907739882],[5.914198835547114,51.97745362156495],[5.914424674448408,51.977709550130875],[5.914559132245515,51.97786192043031],[5.914617677169503,51.977928264445495],[5.914769031743929,51.977946380362],[5.914837326848224,51.977957489251594],[5.914955413457477,51.977978363481675],[5.9149889275410885,51.97798734978283],[5.915036541997353,51.978000116226546],[5.915097993821226,51.97802386995186],[5.91522713911335,51.97809698411677],[5.915349170007891,51.97815709964626],[5.915392326523768,51.97819186522293],[5.9154414866402485,51.97824586679644],[5.915483756619571,51.978303466778975],[5.915499269737391,51.978345490536086],[5.915719642572904,51.978322230060044]]]]},"properties":{"buurtcode":"BU02020338","buurtnaam":"Bij de John Frostbrug","gemeentenaam":"Arnhem","aantalInwoners":165,"crime_violent":5,"crime_property":0,"crime_disorder":0,"crime_count":5}},{"type":"Feature","geometry":{"type":"MultiPolygon","coordinates":[[[[5.914733007403952,51.975996393590535],[5.91643421732795,51.975463589393165],[5.917257239632056,51.975195298808075],[5.9176041816186755,51.97562557492716],[5.9176464429252675,51.97567257150817],[5.917766782664204,51.97560883776771],[5.917894971967769,51.975532745424985],[5.917938287757705,51.97550599292727],[5.918026324095879,51.97546088567337],[5.918053919055968,51.975449821381275],[5.9180831382146994,51.97544588472329],[5.918121617184353,51.97544333271572],[5.918140111393402,51.97544420020329],[5.918157215979277,51.975449027946986],[5.918455336906327,51.975533167526265],[5.918720687396305,51.97561501140525],[5.919240863505947,51.97578453798879],[5.919430584847987,51.975851784567155],[5.919540664535486,51.9758907992608],[5.919641737528223,51.97590401750705],[5.919949012215456,51.97594420254249],[5.920372671213929,51.97599960591427],[5.920880677684729,51.97606603845977],[5.921361847529851,51.97612895851075],[5.9214387868909535,51.97592245343353],[5.921537961545076,51.9756489881343],[5.921632899642561,51.97540788486545],[5.921670800027679,51.97531099948823],[5.921700654484577,51.975231195325286],[5.921754766882821,51.975086474693555],[5.921791587310895,51.97498523481759],[5.921821095716044,51.97491672788569],[5.921831904459159,51.974900560789614],[5.921865548886818,51.97485023380989],[5.921950446701871,51.97473617088443],[5.922046707820738,51.97460635981052],[5.922122527940111,51.97450613160443],[5.9221938008407164,51.974412107139216],[5.9222673092675615,51.97431188935175],[5.922270118363281,51.974306903300864],[5.922310297985826,51.97423559184553],[5.922323779634093,51.97420366310252],[5.9223534534427555,51.97410887684983],[5.922434239714265,51.973844054849046],[5.922470617483841,51.97373021231047],[5.922557265884046,51.973440631066985],[5.92260624790347,51.973285826765704],[5.922679521472095,51.97303721063513],[5.922738868671373,51.972847636944046],[5.922816966117509,51.97259885043131],[5.922836057090781,51.9725380307653],[5.922893130358324,51.97235179753256],[5.9229524644010265,51.97216127279842],[5.923003638044053,51.971996945003845],[5.923042883384371,51.971865490825124],[5.9230710556486565,51.971774039561815],[5.923088883585713,51.97171926040255],[5.923099033139858,51.97166641817435],[5.923089538794009,51.971612952687096],[5.923067666262765,51.97155478695257],[5.923028168163859,51.971471730895],[5.922970932484106,51.97135427169964],[5.9227170083566385,51.97089588005534],[5.92243684438862,51.9703901063626],[5.920822923140727,51.9706289838894],[5.919775531409591,51.970856955118585],[5.917400740153058,51.97163732153698],[5.915978298313013,51.972480845522654],[5.914525781946478,51.973391074579865],[5.912705339817026,51.974455134382296],[5.91179139698051,51.974961736138795],[5.912428168768113,51.975631218239265],[5.912428700204513,51.97563173269749],[5.912506618637541,51.97571364809755],[5.91272496173827,51.975943307151766],[5.912944760102727,51.97617449720471],[5.913186886318253,51.97642916709127],[5.913237947074948,51.97648056614472],[5.914733007403952,51.975996393590535]]]]},"properties":{"buurtcode":"BU02020339","buurtnaam":"Nieuwe Kadekwartier","gemeentenaam":"Arnhem","aantalInwoners":820,"crime_violent":19,"crime_property":0,"crime_disorder":0,"crime_count":19}},{"type":"Feature","geometry":{"type":"MultiPolygon","coordinates":[[[[5.942283182794808,51.98721316356884],[5.9423754965528195,51.98710927703273],[5.942463204187354,51.98700683952284],[5.942510118405793,51.98694366703433],[5.942620054042968,51.98679562978743],[5.942747195418615,51.986611671810124],[5.942993776136763,51.98627518282741],[5.943224513727282,51.98596588074529],[5.9434017287891505,51.98572032791911],[5.943622141091616,51.9854174942452],[5.9438994620267245,51.9850451856459],[5.944124642603731,51.984749745617094],[5.94443969533729,51.98431586097078],[5.9449643232540526,51.98361085385361],[5.945099933803455,51.98342804218894],[5.945303611306399,51.98316735469871],[5.94528023029329,51.983162337788706],[5.945129735527225,51.983122400143706],[5.9446543356702275,51.982988503180586],[5.944519039709545,51.982948715619784],[5.943642462082126,51.98270137627347],[5.943427043448674,51.98267389144018],[5.943165787918859,51.982640558466976],[5.943014898681416,51.98261676851255],[5.942884318813046,51.98259683818413],[5.94269916617015,51.98256467975501],[5.942573713918293,51.98254208497361],[5.942247304098668,51.98250319722784],[5.942066028972182,51.98248235205122],[5.9416764823263035,51.98243781479898],[5.9412030367668685,51.98238267246311],[5.940735365860201,51.98232720442676],[5.940354002858981,51.982282326765805],[5.9399644486383,51.98223689224234],[5.939742683599662,51.98221177467484],[5.939347838945422,51.98216665949642],[5.938958730588071,51.98212096671998],[5.938694082070893,51.98209005834808],[5.93827800348926,51.98204058074075],[5.938013712028654,51.982002281620176],[5.937875310833986,51.98198330898562],[5.937650368527004,51.98194936213863],[5.937481050687661,51.98190697160181],[5.937259826419556,51.98184736367261],[5.936935986897659,51.981742453614025],[5.936775428555762,51.98168315533034],[5.936549955555504,51.98159238794016],[5.936423077320481,51.98154154362026],[5.936311346965587,51.98147765102262],[5.936113572403543,51.981364553082734],[5.935847814612622,51.98121794061664],[5.935483238248315,51.98130846571902],[5.934955644668855,51.98143791906626],[5.934358924959958,51.981583743990015],[5.933816910450643,51.98171539942737],[5.933212112189911,51.98186268340651],[5.932687503251816,51.981988942477535],[5.932096853167415,51.98213761029301],[5.93126287825824,51.982334748130725],[5.930885043169733,51.98242924457127],[5.930131228180926,51.98262169024741],[5.929454915939922,51.98278746480567],[5.929063435877,51.98288491612768],[5.928500244900374,51.983025107965254],[5.927898355201381,51.983174928975274],[5.927354899428111,51.98331020231374],[5.927350841490323,51.983311211468504],[5.926804948313989,51.98343860435676],[5.926726694749558,51.98345843665414],[5.926408035785003,51.983539193384374],[5.9264682017442265,51.983530904404454],[5.926469013023995,51.98353082158703],[5.926831272277853,51.983480880819215],[5.927244996790639,51.98342285758418],[5.927645073398383,51.983382968519244],[5.928174496658501,51.983337727475835],[5.928491705452679,51.98332485279093],[5.929087815590784,51.98331640020122],[5.929412934055903,51.983320609434394],[5.929957082909189,51.983346637668376],[5.930350248371258,51.983372409766645],[5.9307357357202015,51.983400117974895],[5.9311967365471014,51.983445393095444],[5.931404851025722,51.983472412026714],[5.931666434614525,51.98350949004622],[5.931835425599419,51.983533679117386],[5.932033798876218,51.983567006042286],[5.9321893329633975,51.98359315888204],[5.93244901683842,51.98364149471267],[5.932527034356191,51.98365761228689],[5.9326333110716,51.98367956883873],[5.932871605802254,51.98373339954658],[5.933001763479096,51.983762998338435],[5.933182971620584,51.98380995834891],[5.933273380079024,51.98383308276898],[5.933443055807997,51.98388176146872],[5.933522837802894,51.983904997069715],[5.933594961905283,51.983926003122946],[5.933711545532428,51.98396152191294],[5.933801788015577,51.983989015048316],[5.933927426921417,51.98402695795077],[5.93406746017499,51.98407672361097],[5.934164153137825,51.98410980690602],[5.934366108464591,51.98418378024156],[5.934472939963251,51.98422704128958],[5.934630440241457,51.98428766565219],[5.934688886099266,51.9843111750432],[5.934919201380383,51.98440499207408],[5.935118974126777,51.98448920035678],[5.935400791519878,51.98460536878645],[5.935600541344138,51.984687674421245],[5.935776960834715,51.98476283761576],[5.9359815272850796,51.984849991838395],[5.936344666654275,51.9850014516033],[5.936534394824055,51.985082850579225],[5.93678753845122,51.98518440509008],[5.9369602571897575,51.985260650728044],[5.937306153175618,51.98540160252562],[5.937306908381418,51.98540193156327],[5.937576614663334,51.985518892084215],[5.937703255341207,51.985571535751355],[5.937748577357136,51.98559037626923],[5.937990073875477,51.985689612484805],[5.938228185495887,51.98578980784341],[5.938489112068771,51.98589726805123],[5.938742679714812,51.98600119470523],[5.938938537418397,51.98607923088189],[5.939078312480524,51.986138267809174],[5.9392269223907475,51.98619536026784],[5.939405748146799,51.98626634153357],[5.939555128983497,51.986323429912595],[5.939687863727359,51.98637369947672],[5.939836099726204,51.98643150650499],[5.939963790818056,51.98647870745961],[5.940102333503085,51.986531327582576],[5.940249350162106,51.98658390769486],[5.940402611331612,51.98664311683724],[5.940451369198353,51.98666143677753],[5.940656856451899,51.986738950091386],[5.940853442337768,51.98681293746842],[5.940885166492569,51.98682420334753],[5.941104969885592,51.986906879712556],[5.941243116197325,51.98695831120368],[5.9413899677158,51.987010617426854],[5.941507359693405,51.98705243087558],[5.941862294289615,51.98718387612543],[5.942115260541846,51.98727691868358],[5.94216817044593,51.98729736474695],[5.942194607863882,51.98730758111127],[5.942283182794808,51.98721316356884]]]]},"properties":{"buurtcode":"BU02020423","buurtnaam":"Presikhaaf I","gemeentenaam":"Arnhem","aantalInwoners":2255,"crime_violent":9,"crime_property":2,"crime_disorder":8,"crime_count":19}},{"type":"Feature","geometry":{"type":"MultiPolygon","coordinates":[[[[5.945450665843696,51.98299126553623],[5.945572970921385,51.982853484431324],[5.945618355282443,51.98280235514405],[5.945728818009383,51.98266496626939],[5.945856397920346,51.98254901864971],[5.946030857379932,51.982409066659876],[5.946102438455611,51.98235819019905],[5.946377493074774,51.98217792393064],[5.946674267575279,51.981963665674094],[5.946742965347055,51.98191339666537],[5.947109337496278,51.981644107304014],[5.947201312055423,51.98157851255431],[5.947276346682698,51.98152499790565],[5.947379362290086,51.98144721610952],[5.94740986574781,51.98142269430092],[5.947437300716837,51.98139595888263],[5.947464399846253,51.98137345319345],[5.947489140546607,51.98135290472015],[5.9475560766250455,51.98128504526255],[5.947627967130583,51.98119969053258],[5.947726282291548,51.981078791074054],[5.947858249791272,51.98091416258981],[5.947974527577205,51.98077605439871],[5.948079774038704,51.98064294501214],[5.948200866934806,51.980495871076],[5.948303457428081,51.9803720969044],[5.948377257190278,51.98028670112655],[5.948465520728745,51.980175361399006],[5.94852291928332,51.980108878970334],[5.94861422766608,51.97999467077892],[5.948691919768505,51.97990031366624],[5.948772650189433,51.97980067839084],[5.948830234641504,51.9797338884139],[5.948898872664387,51.97964723789999],[5.948944412198827,51.979593368679716],[5.948991573805404,51.97954675790404],[5.949032748135816,51.979512659686414],[5.94911956266057,51.97943961510248],[5.949393700622068,51.97923285002117],[5.9495371266763195,51.97915368391155],[5.949147249150221,51.97892724265863],[5.9486119833480595,51.978623013124356],[5.947650866440948,51.97798548900186],[5.947550486357602,51.97781117109625],[5.947222791523714,51.977554023026286],[5.947153182856564,51.97749939951382],[5.946923856059326,51.977619531764695],[5.946865467469351,51.977650118528146],[5.946418433922195,51.97787198986784],[5.9462633657794655,51.97794407255448],[5.946035951085523,51.97805145831502],[5.945717454271911,51.97820065162607],[5.945330570168298,51.97837158261327],[5.944735240545756,51.97862340217342],[5.944316798705989,51.97879233388696],[5.94392239542098,51.978941720100174],[5.94375218204555,51.97900618967048],[5.942879208028201,51.97932352472803],[5.9423500130596185,51.97950652897943],[5.941957656107429,51.97963751584823],[5.941354609659363,51.97982464987978],[5.940883706501454,51.979961491573455],[5.940534768104279,51.98005374231804],[5.940343631369774,51.980106723842276],[5.939935780365721,51.98021386051923],[5.939530569482708,51.980320301155764],[5.938531906569131,51.98056827455709],[5.93750436821406,51.98081780187497],[5.9372497684104495,51.98087820922212],[5.936026368068029,51.98117430039201],[5.935854384551892,51.98121633520444],[5.935847814612622,51.98121794061664],[5.936113572403543,51.981364553082734],[5.936311346965587,51.98147765102262],[5.936423077320481,51.98154154362026],[5.936549955555504,51.98159238794016],[5.936775428555762,51.98168315533034],[5.936935986897659,51.981742453614025],[5.937259826419556,51.98184736367261],[5.937481050687661,51.98190697160181],[5.937650368527004,51.98194936213863],[5.937875310833986,51.98198330898562],[5.938013712028654,51.982002281620176],[5.93827800348926,51.98204058074075],[5.938694082070893,51.98209005834808],[5.938958730588071,51.98212096671998],[5.939347838945422,51.98216665949642],[5.939742683599662,51.98221177467484],[5.9399644486383,51.98223689224234],[5.940354002858981,51.982282326765805],[5.940735365860201,51.98232720442676],[5.9412030367668685,51.98238267246311],[5.9416764823263035,51.98243781479898],[5.942066028972182,51.98248235205122],[5.942247304098668,51.98250319722784],[5.942573713918293,51.98254208497361],[5.94269916617015,51.98256467975501],[5.942884318813046,51.98259683818413],[5.943014898681416,51.98261676851255],[5.943165787918859,51.982640558466976],[5.943427043448674,51.98267389144018],[5.943642462082126,51.98270137627347],[5.944519039709545,51.982948715619784],[5.9446543356702275,51.982988503180586],[5.945129735527225,51.983122400143706],[5.94528023029329,51.983162337788706],[5.945303611306399,51.98316735469871],[5.945450665843696,51.98299126553623]]]]},"properties":{"buurtcode":"BU02020424","buurtnaam":"Presikhaaf II","gemeentenaam":"Arnhem","aantalInwoners":2225,"crime_violent":21,"crime_property":0,"crime_disorder":0,"crime_count":21}},{"type":"Feature","geometry":{"type":"MultiPolygon","coordinates":[[[[5.95619671792686,51.983439371361364],[5.956760842523038,51.98285351077712],[5.957315553805652,51.98225532590281],[5.958047573450913,51.98154878377655],[5.958816576602244,51.980844910995806],[5.959450748811499,51.98025847274822],[5.959823945588778,51.97992419857706],[5.9607201525603015,51.97913369481084],[5.961070702907073,51.978816837769166],[5.961673921603541,51.97827158346455],[5.962418307844409,51.97757874613143],[5.963112888755283,51.97695715716957],[5.963644851907362,51.97648108182175],[5.963600838583721,51.976465567898764],[5.963387524337018,51.97639037833293],[5.9627156397811465,51.97612826314085],[5.962261745024077,51.97592786300868],[5.961755229031834,51.975707740671446],[5.961065838384446,51.97540004056596],[5.960571486293639,51.975166536566825],[5.960377583635711,51.97505998793795],[5.960081419829079,51.97490637428974],[5.959721283121471,51.974688383713335],[5.959606457182469,51.97462235403781],[5.959094318991032,51.97432138962665],[5.958701666041582,51.974089284831706],[5.958543318475313,51.9739920735879],[5.958024766359289,51.97367020691585],[5.95772660668143,51.97347949630911],[5.957400931028865,51.97325920991446],[5.957224786463426,51.97314006608516],[5.9569514631775,51.97294875762634],[5.956683192026805,51.9727491763054],[5.956412020342031,51.97254149008878],[5.956125040641792,51.97232028028275],[5.955781340717783,51.972044051902536],[5.955717012334634,51.97199144821946],[5.955668355345541,51.972022813019535],[5.955579044018403,51.97208531511666],[5.955274896294003,51.972286552274255],[5.955023538118811,51.97246042288306],[5.95477608382186,51.972623572506144],[5.954494354098069,51.97281685161459],[5.9541173088509405,51.97306915627564],[5.953851970817469,51.97324317712618],[5.953655565933544,51.97337792574125],[5.9534768973776,51.973500758069946],[5.953212208619384,51.973672191955686],[5.952609387028645,51.97408485365968],[5.952094605858521,51.97442598102951],[5.951966270693966,51.97450935906391],[5.951647012297991,51.974721123447885],[5.951179580310695,51.97503157843632],[5.950958123724451,51.97518199068447],[5.950692286591494,51.97535544571867],[5.95033488077628,51.97559687840297],[5.9499514758323215,51.97585365535698],[5.949728411645744,51.975999316282866],[5.949173612071027,51.97634633060385],[5.948884774654194,51.97652940381641],[5.948401580965206,51.976814238527766],[5.948018073995683,51.97703779475669],[5.947823441084686,51.97714423488558],[5.947549699924236,51.9773034504105],[5.947153182856564,51.97749939951382],[5.947222791523714,51.977554023026286],[5.947550486357602,51.97781117109625],[5.947650866440948,51.97798548900186],[5.9486119833480595,51.978623013124356],[5.949147249150221,51.97892724265863],[5.9495371266763195,51.97915368391155],[5.949393700622068,51.97923285002117],[5.94911956266057,51.97943961510248],[5.949032748135816,51.979512659686414],[5.948991573805404,51.97954675790404],[5.948944412198827,51.979593368679716],[5.948898872664387,51.97964723789999],[5.948830234641504,51.9797338884139],[5.948772650189433,51.97980067839084],[5.948691919768505,51.97990031366624],[5.94861422766608,51.97999467077892],[5.94852291928332,51.980108878970334],[5.948465520728745,51.980175361399006],[5.948377257190278,51.98028670112655],[5.948303457428081,51.9803720969044],[5.948200866934806,51.980495871076],[5.948079774038704,51.98064294501214],[5.947974527577205,51.98077605439871],[5.947858249791272,51.98091416258981],[5.947726282291548,51.981078791074054],[5.947627967130583,51.98119969053258],[5.9475560766250455,51.98128504526255],[5.947489140546607,51.98135290472015],[5.947464399846253,51.98137345319345],[5.947437300716837,51.98139595888263],[5.947940911311101,51.98153687203024],[5.948422209147371,51.981682352251354],[5.9485351381084985,51.981719863772334],[5.948723896040667,51.981784600272185],[5.949039400803259,51.981882977620664],[5.949429959152611,51.98199289953267],[5.94945979744806,51.98200129763402],[5.9501619428002614,51.982202856477045],[5.950202202729674,51.982214412453864],[5.950202825068326,51.98221459014096],[5.950203032514597,51.98221464936995],[5.951217769214457,51.98249706013541],[5.951764307184622,51.98265139724044],[5.952440722411588,51.98284268356755],[5.953256458506648,51.98307865896467],[5.953609697350862,51.983182192347],[5.9540967991892035,51.98332550920601],[5.954317420985174,51.98340094561946],[5.954550651070564,51.98347084237211],[5.9545831826602145,51.98348060230654],[5.954959185421951,51.983594426774246],[5.955347820158955,51.983712073797804],[5.955493143319513,51.983752087211855],[5.955634640892051,51.98379104662414],[5.955781468614031,51.983834872474844],[5.955828182865959,51.983848815899044],[5.95619671792686,51.983439371361364]]]]},"properties":{"buurtcode":"BU02020425","buurtnaam":"Presikhaaf III","gemeentenaam":"Arnhem","aantalInwoners":4410,"crime_violent":50,"crime_property":0,"crime_disorder":0,"crime_count":50}},{"type":"Feature","geometry":{"type":"MultiPolygon","coordinates":[[[[5.961097595209346,51.988410057174164],[5.961098000177455,51.98840984846497],[5.961232280481985,51.98834101617951],[5.961262596234426,51.98832548008007],[5.961327465431613,51.988292229956166],[5.9613533841523525,51.98827894441928],[5.961353903621972,51.988278582347704],[5.96147907472512,51.988214701909094],[5.96158442782329,51.98815281468548],[5.961750726817853,51.988058334347365],[5.961877960808748,51.98799079411598],[5.962006834957114,51.987921762644596],[5.962163874891574,51.9878399107107],[5.9623238692307625,51.98776030019981],[5.962478952375684,51.98768261004379],[5.9625730915787685,51.987636497466],[5.962703506679303,51.98757539442617],[5.96287899870124,51.98748405835807],[5.96303278364957,51.987405187351506],[5.9630612362981035,51.987390909291555],[5.9631147236476565,51.98736714272276],[5.963277588459602,51.98729592098202],[5.963336596144515,51.987270122857815],[5.963476653428057,51.987208414430555],[5.963479187430196,51.98720735037137],[5.963619465916823,51.987148157436415],[5.963829348468254,51.987054597508404],[5.963923284719161,51.98701272285734],[5.964299645034596,51.98684566090665],[5.964520447263814,51.98674732274574],[5.964820643485604,51.98663057249126],[5.965177853187831,51.9864871962845],[5.965644529191223,51.98631058079749],[5.96568297796279,51.98629715176276],[5.966073970867591,51.986160536654936],[5.966457420053271,51.986022761941875],[5.966895692478244,51.98587606888698],[5.967233304536738,51.985768323083335],[5.967631915177343,51.98564623536426],[5.967992974563947,51.98553724807849],[5.9681035719153925,51.98550490084894],[5.968356814763516,51.98543740510569],[5.968723607635021,51.98533749246873],[5.969009072083807,51.98526048803556],[5.969265113703911,51.98518900360847],[5.96945034098635,51.98514733323115],[5.969773159516329,51.985071607077955],[5.969872988888658,51.98504539666386],[5.969961859591287,51.985029514208584],[5.969999867794553,51.98502269240542],[5.970226749389162,51.984990503836016],[5.9704024391820125,51.98496557068815],[5.970631724841037,51.984940299464355],[5.97087698882413,51.98490901614316],[5.971098407328736,51.984779346898364],[5.971238836262031,51.98469952467159],[5.971241188408777,51.98469737644773],[5.971893735534957,51.98398314789668],[5.972161942133899,51.98368958142549],[5.972794534160868,51.98346645076959],[5.97375342865611,51.98316142577282],[5.974108253751159,51.983051447558225],[5.974528251905037,51.982918550415135],[5.975017259219859,51.98276152529835],[5.975417980572869,51.982627531254145],[5.9756076794181405,51.9825552367231],[5.975856555441708,51.98244340588644],[5.9759425526131835,51.982393033088805],[5.976064666784636,51.98230680709398],[5.976138990459454,51.9822521044719],[5.976209256557075,51.98217242897746],[5.976311662766965,51.98205205562796],[5.976382540251803,51.98193564495922],[5.976426001660534,51.98184315314496],[5.976452120371065,51.98175896811636],[5.976479208124644,51.98167165745095],[5.976493917590854,51.98149266778441],[5.976491312908822,51.981207494996305],[5.976464945985271,51.98105530246541],[5.976429482317894,51.98093561982613],[5.976336372567961,51.980766759235735],[5.976296641755011,51.980725538831855],[5.976255159371166,51.980682503442196],[5.976183249937455,51.98060295585558],[5.976057065211881,51.98049609373765],[5.975892558769868,51.980403693341714],[5.975788601600167,51.98034713650517],[5.975602704888125,51.980268159995944],[5.975506737888764,51.98023344339816],[5.975336582436076,51.980180072073836],[5.974836952068774,51.98002370726664],[5.974337398441306,51.97987304759814],[5.974276329213995,51.97985444721737],[5.974103854388129,51.97980191622518],[5.973782358539767,51.97971980881537],[5.973190353376929,51.97956675165161],[5.972425308309041,51.97937459944799],[5.971870478026784,51.97923657069332],[5.971425314667033,51.97912082502008],[5.971007869120256,51.97900398907453],[5.970579568065919,51.97888149877661],[5.970137307270701,51.97875146475609],[5.969854249299046,51.97866249656611],[5.969289736850163,51.97848930687405],[5.96861533568331,51.97827575260354],[5.968050686486987,51.97809114239323],[5.967507482380211,51.97789691121745],[5.96722119395671,51.97779558641622],[5.96652621053779,51.97753741163936],[5.965958289446732,51.97733663651207],[5.965336094759709,51.977107586461976],[5.964873291981254,51.976934826468344],[5.9643996118896565,51.97675450847982],[5.963967793618094,51.976594910939426],[5.963644851907362,51.97648108182175],[5.963112888755283,51.97695715716957],[5.962418307844409,51.97757874613143],[5.961673921603541,51.97827158346455],[5.961070702907073,51.978816837769166],[5.9607201525603015,51.97913369481084],[5.959823945588778,51.97992419857706],[5.959450748811499,51.98025847274822],[5.958816576602244,51.980844910995806],[5.958047573450913,51.98154878377655],[5.957315553805652,51.98225532590281],[5.956760842523038,51.98285351077712],[5.95619671792686,51.983439371361364],[5.955828182865959,51.983848815899044],[5.955623973051897,51.98407568936289],[5.955156102177433,51.98460019844931],[5.954472298934367,51.985380905121694],[5.9542239988051415,51.98566438363994],[5.954230633430537,51.98566628145659],[5.954870371370316,51.98584929065407],[5.955547096668497,51.986060058928],[5.956036425377095,51.986234918863495],[5.956591541248865,51.98640443826328],[5.957517396984081,51.98669861891064],[5.958035966490943,51.98686657397803],[5.958311465732893,51.986964644351566],[5.9584724980391774,51.98702712248286],[5.958831720632961,51.98717685193184],[5.959065524346177,51.987291684299585],[5.959255966461727,51.987396155893116],[5.959502869362438,51.98754055656877],[5.959725811694247,51.98768501575105],[5.959988413724326,51.987858294944544],[5.960304638285674,51.98806793719953],[5.960407192077105,51.98813545335017],[5.960938912858345,51.98849185815383],[5.961097595209346,51.988410057174164]]]]},"properties":{"buurtcode":"BU02020526","buurtnaam":"Over het Lange Water","gemeentenaam":"Arnhem","aantalInwoners":5295,"crime_violent":25,"crime_property":0,"crime_disorder":0,"crime_count":25}},{"type":"Feature","geometry":{"type":"MultiPolygon","coordinates":[[[[5.955437976701806,51.99308301111812],[5.955724482202274,51.992760966320674],[5.955797028807583,51.992677868648634],[5.956000553168009,51.99247176085316],[5.956170238004813,51.992298866656526],[5.95638171051633,51.992086032378026],[5.956579290168619,51.99189146642591],[5.95674895093685,51.99173077769816],[5.95696279005708,51.99153045168953],[5.957180674744582,51.991325539579165],[5.957392426041188,51.99112620261743],[5.957566872956822,51.99096795228662],[5.957744482917136,51.99080779878625],[5.957974983440233,51.990597170270604],[5.9580853282789805,51.99049771760161],[5.958250350370746,51.990369173626554],[5.958716584408372,51.99000869505318],[5.958872048037221,51.989890101829076],[5.9589692325072265,51.98981498989269],[5.959082285961266,51.98972618331557],[5.95919652676443,51.98963690345694],[5.959287680682863,51.98957532112862],[5.959360071024422,51.9895265305951],[5.959450228447458,51.989449645773725],[5.959567109353383,51.98935972347219],[5.959673983181388,51.989281975079436],[5.959770005317596,51.989227775052875],[5.959903459244932,51.98913948848317],[5.960028734988814,51.98905951989617],[5.960113188711302,51.9890104004411],[5.960508498922103,51.98875624190776],[5.960816004274422,51.98856030565658],[5.960818863584015,51.98855848504423],[5.960819022453875,51.98855838539714],[5.960821348878291,51.988557016803284],[5.960867616678877,51.98852975404931],[5.960883121146806,51.98852061812319],[5.960938912858345,51.98849185815383],[5.960407192077105,51.98813545335017],[5.960304638285674,51.98806793719953],[5.959988413724326,51.987858294944544],[5.959725811694247,51.98768501575105],[5.959502869362438,51.98754055656877],[5.959255966461727,51.987396155893116],[5.959065524346177,51.987291684299585],[5.958831720632961,51.98717685193184],[5.9584724980391774,51.98702712248286],[5.958311465732893,51.986964644351566],[5.958035966490943,51.98686657397803],[5.957517396984081,51.98669861891064],[5.956591541248865,51.98640443826328],[5.956036425377095,51.986234918863495],[5.955547096668497,51.986060058928],[5.954870371370316,51.98584929065407],[5.954230633430537,51.98566628145659],[5.9542239988051415,51.98566438363994],[5.954159437430121,51.98573809224193],[5.954043557955178,51.985894896787805],[5.953821286189507,51.986182420467095],[5.953649629184278,51.986406201505346],[5.953471772472229,51.986642497890514],[5.95326716870986,51.98691138516993],[5.953102962102595,51.98713084923776],[5.952876869477188,51.987436937843285],[5.952730290082004,51.987634199770106],[5.952673965339869,51.98770367573051],[5.952484502081966,51.98793681570241],[5.952332784769477,51.988093434786585],[5.952252288676543,51.98817051759881],[5.952063064888185,51.98833123994878],[5.951986485524279,51.98839294442188],[5.95189604417446,51.98846581515124],[5.951805034351077,51.98853402986251],[5.95164692845953,51.98864252077824],[5.951401502742924,51.98879607747645],[5.951183468163495,51.988912645466534],[5.950955680941539,51.98903221787179],[5.950813435594221,51.98911346425302],[5.950691139030923,51.989185047654566],[5.950570748863241,51.98926053713141],[5.950500275894702,51.989307962993884],[5.950393908370305,51.989395870875],[5.9503189726627514,51.9894561596892],[5.950235585381749,51.98953361177041],[5.950116752489722,51.98964119889524],[5.9500329208933405,51.98972935451413],[5.94995831692129,51.989816039462795],[5.949919013628481,51.98986117478759],[5.94987867667006,51.989915946986166],[5.949836319505383,51.98998005517207],[5.949812955912005,51.99006608680935],[5.949805870568363,51.99010000957076],[5.949784357898778,51.99018144647798],[5.949773442502568,51.99027852818822],[5.949766328206349,51.99035632873038],[5.949756775145069,51.99042379621698],[5.949736071468903,51.990523778547676],[5.949705623728979,51.99063018562702],[5.949690336011968,51.99070093342476],[5.949680871475038,51.9907295167751],[5.949642242823961,51.990828515193364],[5.949612403664197,51.990891084834686],[5.949594375293551,51.99092791371554],[5.949636231197965,51.9909480470585],[5.949875654501589,51.99107175664653],[5.950386458238999,51.991332694456105],[5.950593845577784,51.99143574700594],[5.951103678902208,51.99169549809826],[5.951409036948453,51.99185396555385],[5.951859648060169,51.99207535195713],[5.952120413373003,51.992210250216836],[5.952527546909135,51.99241995217628],[5.952818289467795,51.992564218094756],[5.953111877368731,51.99270490122281],[5.953474202869757,51.9928737916754],[5.953659658269423,51.99295530312826],[5.953852872814176,51.99304022484731],[5.954122940858962,51.993148319074606],[5.954524525174352,51.993298586405885],[5.955193186420403,51.99336403754282],[5.955437976701806,51.99308301111812]]]]},"properties":{"buurtcode":"BU02020527","buurtnaam":"Elsweide","gemeentenaam":"Arnhem","aantalInwoners":620,"crime_violent":1,"crime_property":0,"crime_disorder":0,"crime_count":1}},{"type":"Feature","geometry":{"type":"MultiPolygon","coordinates":[[[[5.949612403664197,51.990891084834686],[5.949642242823961,51.990828515193364],[5.949680871475038,51.9907295167751],[5.949690336011968,51.99070093342476],[5.949705623728979,51.99063018562702],[5.949736071468903,51.990523778547676],[5.949756775145069,51.99042379621698],[5.949766328206349,51.99035632873038],[5.949773442502568,51.99027852818822],[5.949784357898778,51.99018144647798],[5.949805870568363,51.99010000957076],[5.949812955912005,51.99006608680935],[5.949836319505383,51.98998005517207],[5.94987867667006,51.989915946986166],[5.949919013628481,51.98986117478759],[5.94995831692129,51.989816039462795],[5.9500329208933405,51.98972935451413],[5.950116752489722,51.98964119889524],[5.950235585381749,51.98953361177041],[5.9503189726627514,51.9894561596892],[5.950393908370305,51.989395870875],[5.950500275894702,51.989307962993884],[5.950570748863241,51.98926053713141],[5.950691139030923,51.989185047654566],[5.950813435594221,51.98911346425302],[5.950955680941539,51.98903221787179],[5.951183468163495,51.988912645466534],[5.951401502742924,51.98879607747645],[5.95164692845953,51.98864252077824],[5.951805034351077,51.98853402986251],[5.95189604417446,51.98846581515124],[5.951986485524279,51.98839294442188],[5.952063064888185,51.98833123994878],[5.952252288676543,51.98817051759881],[5.952332784769477,51.988093434786585],[5.952484502081966,51.98793681570241],[5.952673965339869,51.98770367573051],[5.952730290082004,51.987634199770106],[5.952876869477188,51.987436937843285],[5.953102962102595,51.98713084923776],[5.95326716870986,51.98691138516993],[5.953471772472229,51.986642497890514],[5.953649629184278,51.986406201505346],[5.953821286189507,51.986182420467095],[5.954043557955178,51.985894896787805],[5.954159437430121,51.98573809224193],[5.9542239988051415,51.98566438363994],[5.954472298934367,51.985380905121694],[5.955156102177433,51.98460019844931],[5.955623973051897,51.98407568936289],[5.955828182865959,51.983848815899044],[5.955781468614031,51.983834872474844],[5.955634640892051,51.98379104662414],[5.955493143319513,51.983752087211855],[5.955347820158955,51.983712073797804],[5.954959185421951,51.983594426774246],[5.9545831826602145,51.98348060230654],[5.954550651070564,51.98347084237211],[5.954317420985174,51.98340094561946],[5.9540967991892035,51.98332550920601],[5.953609697350862,51.983182192347],[5.953256458506648,51.98307865896467],[5.952440722411588,51.98284268356755],[5.951764307184622,51.98265139724044],[5.951217769214457,51.98249706013541],[5.950203032514597,51.98221464936995],[5.950202825068326,51.98221459014096],[5.950202202729674,51.982214412453864],[5.9501619428002614,51.982202856477045],[5.94945979744806,51.98200129763402],[5.949429959152611,51.98199289953267],[5.949039400803259,51.981882977620664],[5.948723896040667,51.981784600272185],[5.9485351381084985,51.981719863772334],[5.948422209147371,51.981682352251354],[5.947940911311101,51.98153687203024],[5.947437300716837,51.98139595888263],[5.94740986574781,51.98142269430092],[5.947379362290086,51.98144721610952],[5.947276346682698,51.98152499790565],[5.947201312055423,51.98157851255431],[5.947109337496278,51.981644107304014],[5.946742965347055,51.98191339666537],[5.946674267575279,51.981963665674094],[5.946377493074774,51.98217792393064],[5.946102438455611,51.98235819019905],[5.946030857379932,51.982409066659876],[5.945856397920346,51.98254901864971],[5.945728818009383,51.98266496626939],[5.945618355282443,51.98280235514405],[5.945572970921385,51.982853484431324],[5.945450665843696,51.98299126553623],[5.945303611306399,51.98316735469871],[5.945099933803455,51.98342804218894],[5.9449643232540526,51.98361085385361],[5.94443969533729,51.98431586097078],[5.944124642603731,51.984749745617094],[5.9438994620267245,51.9850451856459],[5.943622141091616,51.9854174942452],[5.9434017287891505,51.98572032791911],[5.943224513727282,51.98596588074529],[5.942993776136763,51.98627518282741],[5.942747195418615,51.986611671810124],[5.942620054042968,51.98679562978743],[5.942510118405793,51.98694366703433],[5.942463204187354,51.98700683952284],[5.9423754965528195,51.98710927703273],[5.942283182794808,51.98721316356884],[5.942194607863882,51.98730758111127],[5.942313616621216,51.98735357021617],[5.942531357930469,51.98744023730556],[5.942760741220117,51.98753398396848],[5.942985312785828,51.98762775292531],[5.943061274364524,51.987657418680115],[5.9432777020707634,51.98775449554261],[5.9434672288998,51.987840937471475],[5.943635361954672,51.98791838408578],[5.943791103290908,51.987990419682056],[5.94394305224704,51.98806722877446],[5.944109699950654,51.988148962907026],[5.9442996239206405,51.98824390372138],[5.944489930066801,51.988338605126074],[5.944706269578713,51.988451256638726],[5.944909203214966,51.98855583415396],[5.945063249383182,51.988632396363776],[5.945220000319326,51.98871030188458],[5.945796024170548,51.989002936106736],[5.94616713148597,51.98919151607693],[5.9462098467812385,51.98921322221191],[5.946292938787519,51.98925577188282],[5.946526773533099,51.98937551230643],[5.946770513796641,51.9894992076605],[5.94705690871446,51.98964529174489],[5.947279872249558,51.98975549542816],[5.947539131127756,51.989890055040384],[5.947872436960622,51.99005729068195],[5.948129248356674,51.990185974180484],[5.948315324678893,51.99027991569382],[5.948543626790993,51.99040041107129],[5.948889134500811,51.99057504415551],[5.949577135104418,51.99091928731908],[5.949594375293551,51.99092791371554],[5.949612403664197,51.990891084834686]]]]},"properties":{"buurtcode":"BU02020528","buurtnaam":"Winkelcentrum","gemeentenaam":"Arnhem","aantalInwoners":1610,"crime_violent":24,"crime_property":1,"crime_disorder":49,"crime_count":74}},{"type":"Feature","geometry":{"type":"MultiPolygon","coordinates":[[[[5.971242073133864,51.98469768395083],[5.9712457725327726,51.98469558925752],[5.971723151079875,51.984557061043716],[5.972023198615905,51.98446606272714],[5.9723578426688455,51.98436576826211],[5.972708900604316,51.9842595037116],[5.973027098448926,51.98416304636832],[5.973260592748388,51.984094883366645],[5.973469917456272,51.984037545585274],[5.973509037069621,51.984026762206774],[5.973653853664456,51.983986859628494],[5.973659974741536,51.98398517523557],[5.973674189480686,51.98398125730669],[5.973729409326354,51.983966034181286],[5.974257918096487,51.98382133519294],[5.97460909998622,51.9837263088025],[5.974800053410795,51.98372475252937],[5.975028293397695,51.98372032202526],[5.975031603147067,51.98357414512576],[5.975238244662153,51.98357785781017],[5.975491798515678,51.98358452632258],[5.975511780447965,51.98358859696962],[5.975511369577703,51.983450761921056],[5.976281278986787,51.98321635498515],[5.9769266061017055,51.98299101694286],[5.9773148454425895,51.98286341135754],[5.978400449701745,51.98244748487081],[5.978744352827596,51.982310857353966],[5.979513338921861,51.98199165511636],[5.979519992971923,51.98195321414613],[5.979600025158933,51.98195767367738],[5.980135148047644,51.98170098203934],[5.9802651310807216,51.98164002327834],[5.980394510450759,51.98157857305542],[5.980523271720011,51.98151664043366],[5.980651429322682,51.98145421635386],[5.9807789543848155,51.98139131894073],[5.9809058612219665,51.98132793014693],[5.980927745652624,51.981316865471605],[5.981032150190407,51.981264076938146],[5.9811577919392365,51.98119974148752],[5.981282786587195,51.98113493278504],[5.98140714868774,51.981069650759295],[5.981530863804095,51.981003904473575],[5.9821802045630355,51.98066193725858],[5.982618959226145,51.9803992591297],[5.983295834255586,51.97999026348735],[5.983546358778552,51.979838401303944],[5.983549029069802,51.97983670692777],[5.983943378556467,51.97958758779354],[5.98399969960216,51.979550773034234],[5.984455850120941,51.97925268418251],[5.984873504272102,51.978994589909576],[5.9849242810528285,51.97895799163958],[5.984927337623659,51.97895580090526],[5.9850085514834,51.9788974846613],[5.984990397571359,51.97888413928763],[5.985677045255321,51.97838183424307],[5.985967656956375,51.9781834185028],[5.9860127195621144,51.97815067791715],[5.985877629055879,51.978141712304286],[5.9860187684477095,51.978040116596176],[5.986267395730603,51.97784687552196],[5.986485711326282,51.977681517671854],[5.9866897426851,51.97752673969766],[5.986735523572503,51.97734094044859],[5.986737939445111,51.977331121769375],[5.9867591728323735,51.977244931448396],[5.986759766813798,51.977242546489514],[5.98680114089745,51.97720401788646],[5.987068305836312,51.97699247899151],[5.987402494724887,51.9767364642217],[5.989543201957536,51.97503837253353],[5.989661833179296,51.97494406941414],[5.989704617797524,51.97491012561723],[5.989851274403408,51.97479376491279],[5.989890732220603,51.974762462717855],[5.989891913019523,51.97476152186921],[5.990340114969176,51.97440592458356],[5.990163079315634,51.974369090280696],[5.989363656618308,51.974245569879606],[5.9885236865745,51.9741423405668],[5.987768425834998,51.97407075224881],[5.986502967946926,51.97397862470608],[5.986336077867137,51.97397422606917],[5.985938837476435,51.973967207409956],[5.985614502327329,51.97395944782406],[5.985249124071009,51.973948318738856],[5.984767002736605,51.97393232597891],[5.984388353912599,51.97391698318256],[5.983936177262533,51.973891648744996],[5.983413606139595,51.973856611535666],[5.982947486423191,51.97382567231489],[5.982575144271155,51.973795227136165],[5.982186840560428,51.97376065497906],[5.9818420348329955,51.973731272570916],[5.981458828909729,51.97369801150364],[5.981112470498127,51.97366670229736],[5.980780727240961,51.97363009601196],[5.9804291243367995,51.97359171941196],[5.980006927140086,51.97355044393249],[5.979609676787211,51.97350152691928],[5.979171260914865,51.97345085631298],[5.978855034735945,51.97340538472371],[5.978345670976934,51.97333148241951],[5.97796707280268,51.97327189562557],[5.977497441385878,51.97319562379529],[5.9769936986298555,51.97310280276221],[5.97643852466436,51.97298774833072],[5.9761768973608955,51.972935811876496],[5.97551458851818,51.972845459598126],[5.974860272087819,51.97275398503903],[5.974285686389069,51.9726650569393],[5.97386842667762,51.9726118250744],[5.973773004261044,51.97259992414068],[5.973233837762877,51.97253266503538],[5.972862494292257,51.97249486753522],[5.972289487362172,51.97243380390337],[5.9717252079823835,51.972374509753415],[5.971312789858257,51.9723405878355],[5.970635762834489,51.972295412087824],[5.9696035357687744,51.97223352135556],[5.9684126340717425,51.97208266578768],[5.9669679691972695,51.971843444365184],[5.966276702760716,51.971730325429434],[5.965629071414473,51.9716252121618],[5.965171657305112,51.97153746975932],[5.96463376913451,51.97142391964064],[5.963628896833227,51.971143109213706],[5.9623852548521485,51.97071596780458],[5.962041863786828,51.970585140175416],[5.961519783053867,51.97036574991477],[5.960794544591851,51.970054669217845],[5.960432008135651,51.96990303226012],[5.959836562792245,51.96962838095575],[5.95981404448926,51.96961767757884],[5.959494006846006,51.96946550086112],[5.959338750155044,51.969569889257095],[5.958927448374189,51.969850137925455],[5.958061345237992,51.97042772769808],[5.957571816306961,51.970764833582365],[5.957191924269907,51.97101876382809],[5.956920785255934,51.97119546873494],[5.9565275388956325,51.97145956896605],[5.956071187018025,51.971757862179906],[5.955734806252643,51.97197971410667],[5.955717012334634,51.97199144821946],[5.955781340717783,51.972044051902536],[5.956125040641792,51.97232028028275],[5.956412020342031,51.97254149008878],[5.956683192026805,51.9727491763054],[5.9569514631775,51.97294875762634],[5.957224786463426,51.97314006608516],[5.957400931028865,51.97325920991446],[5.95772660668143,51.97347949630911],[5.958024766359289,51.97367020691585],[5.958543318475313,51.9739920735879],[5.958701666041582,51.974089284831706],[5.959094318991032,51.97432138962665],[5.959606457182469,51.97462235403781],[5.959721283121471,51.974688383713335],[5.960081419829079,51.97490637428974],[5.960377583635711,51.97505998793795],[5.960571486293639,51.975166536566825],[5.961065838384446,51.97540004056596],[5.961755229031834,51.975707740671446],[5.962261745024077,51.97592786300868],[5.9627156397811465,51.97612826314085],[5.963387524337018,51.97639037833293],[5.963600838583721,51.976465567898764],[5.963644851907362,51.97648108182175],[5.963967793618094,51.976594910939426],[5.9643996118896565,51.97675450847982],[5.964873291981254,51.976934826468344],[5.965336094759709,51.977107586461976],[5.965958289446732,51.97733663651207],[5.96652621053779,51.97753741163936],[5.96722119395671,51.97779558641622],[5.967507482380211,51.97789691121745],[5.968050686486987,51.97809114239323],[5.96861533568331,51.97827575260354],[5.969289736850163,51.97848930687405],[5.969854249299046,51.97866249656611],[5.970137307270701,51.97875146475609],[5.970579568065919,51.97888149877661],[5.971007869120256,51.97900398907453],[5.971425314667033,51.97912082502008],[5.971870478026784,51.97923657069332],[5.972425308309041,51.97937459944799],[5.973190353376929,51.97956675165161],[5.973782358539767,51.97971980881537],[5.974103854388129,51.97980191622518],[5.974276329213995,51.97985444721737],[5.974337398441306,51.97987304759814],[5.974836952068774,51.98002370726664],[5.975336582436076,51.980180072073836],[5.975506737888764,51.98023344339816],[5.975602704888125,51.980268159995944],[5.975788601600167,51.98034713650517],[5.975892558769868,51.980403693341714],[5.976057065211881,51.98049609373765],[5.976183249937455,51.98060295585558],[5.976255159371166,51.980682503442196],[5.976296641755011,51.980725538831855],[5.976336372567961,51.980766759235735],[5.976429482317894,51.98093561982613],[5.976464945985271,51.98105530246541],[5.976491312908822,51.981207494996305],[5.976493917590854,51.98149266778441],[5.976479208124644,51.98167165745095],[5.976452120371065,51.98175896811636],[5.976426001660534,51.98184315314496],[5.976382540251803,51.98193564495922],[5.976311662766965,51.98205205562796],[5.976209256557075,51.98217242897746],[5.976138990459454,51.9822521044719],[5.976064666784636,51.98230680709398],[5.9759425526131835,51.982393033088805],[5.975856555441708,51.98244340588644],[5.9756076794181405,51.9825552367231],[5.975417980572869,51.982627531254145],[5.975017259219859,51.98276152529835],[5.974528251905037,51.982918550415135],[5.974108253751159,51.983051447558225],[5.97375342865611,51.98316142577282],[5.972794534160868,51.98346645076959],[5.972161942133899,51.98368958142549],[5.971893735534957,51.98398314789668],[5.971241188408777,51.98469737644773],[5.971238836262031,51.98469952467159],[5.971242073133864,51.98469768395083]]]]},"properties":{"buurtcode":"BU02020529","buurtnaam":"Ijsseloord","gemeentenaam":"Arnhem","aantalInwoners":10,"crime_violent":9,"crime_property":0,"crime_disorder":0,"crime_count":9}},{"type":"Feature","geometry":{"type":"MultiPolygon","coordinates":[[[[5.9151071780520725,51.98908191817249],[5.915113119242135,51.98906965925765],[5.915118086758773,51.98905940462117],[5.915123810424362,51.98904758980773],[5.91513530890591,51.98902385388796],[5.915140098926151,51.989013981153185],[5.915145855174205,51.98900209069028],[5.915168582146928,51.98895518632293],[5.915410177463056,51.98899548419681],[5.915445614417975,51.989001141444454],[5.9154769716449405,51.989006147369196],[5.915536773270603,51.989015694095166],[5.91553710874888,51.98901574741742],[5.915532414154039,51.98901048424644],[5.9154781121863325,51.98894960908022],[5.915351759912733,51.988818187785824],[5.915223029384077,51.988681069422974],[5.915067009038761,51.98848342982901],[5.915000077407115,51.98839312210905],[5.914903587481358,51.988245869978364],[5.914877296904264,51.98820014369122],[5.914832804154681,51.98812276025035],[5.9147264822740215,51.98792561095691],[5.914634581156164,51.987733276688864],[5.914554695945313,51.98756608824138],[5.9144565668112685,51.98737746247955],[5.914368710990218,51.98717808995517],[5.91434119573702,51.98709830674893],[5.914294059167398,51.9869222948993],[5.9142682940042866,51.98679470284158],[5.9142400397402675,51.98665213833351],[5.91422829985667,51.98653803877016],[5.914228614500385,51.986320706051295],[5.914228679820213,51.98627548622697],[5.914218954749861,51.98583219428899],[5.914218714670349,51.98582130596769],[5.9141748348648875,51.98582166433446],[5.914017465077136,51.98581991267927],[5.913965369557949,51.98581933252366],[5.91371781567428,51.98581241508274],[5.913540568625715,51.98580666834372],[5.913383532098696,51.985799938394365],[5.913181705633783,51.985791923634416],[5.913032832168197,51.9857833734276],[5.912855052665436,51.98577316891184],[5.912679658592592,51.98576117018173],[5.9126353246267485,51.98575780073333],[5.912469167999586,51.98574522472297],[5.912267897549321,51.98572709760645],[5.912094012600287,51.98571241543387],[5.9118765125668045,51.98568984251534],[5.911753867300918,51.985676120451856],[5.911528260362214,51.98565191749701],[5.911414097165338,51.98563887004974],[5.911209296258246,51.98561528744133],[5.911100513988666,51.9856012656514],[5.910914203329211,51.9855778374734],[5.910777644782555,51.98555989607876],[5.910710488359543,51.98555108616039],[5.910346950705341,51.98593318417747],[5.910152215534323,51.98614523236415],[5.910012341940468,51.9863056670568],[5.909761476658654,51.98659311387283],[5.909528817241732,51.98685669794192],[5.909344859584228,51.98706869602492],[5.909147398286596,51.98731214645558],[5.909047110049886,51.98743245110014],[5.9088695091654175,51.98766154302881],[5.908754263941794,51.987824544607776],[5.908884841873164,51.98792278538783],[5.9089302851383145,51.98795589290096],[5.908963351346132,51.98793774257332],[5.909077501723717,51.98787508265469],[5.909118916052073,51.98785234893818],[5.909148944191437,51.98786124451402],[5.909189541732136,51.98787327146636],[5.909207510413234,51.987878593735616],[5.909317056757797,51.987911050808606],[5.909340881406891,51.98791879819144],[5.909355811875312,51.987910626223304],[5.909438064619445,51.987865606958515],[5.909541694124076,51.9878809034554],[5.909567871323295,51.98788476906205],[5.909632633173748,51.9878166104044],[5.909753739853715,51.98783502895216],[5.909822770911436,51.98784589482168],[5.90982920493149,51.987847079665706],[5.909861681163974,51.98785303847428],[5.9098293478366,51.987883068405345],[5.909779068918462,51.98792975257368],[5.909728041071936,51.9879771411382],[5.909676707829687,51.988027065752625],[5.90971329960403,51.98804887077015],[5.9097649034837705,51.98807962441248],[5.909723397777582,51.988105875006106],[5.909656687737874,51.988148048040145],[5.9096834679521235,51.98816616647395],[5.909798557118087,51.988244033716335],[5.909911727854677,51.988234863446344],[5.910003004437859,51.988227466697424],[5.910073873361845,51.98822172366008],[5.910199898420835,51.98829199707899],[5.910220982253337,51.98830375359046],[5.910240230820557,51.98830769479377],[5.910244281807244,51.98830002859144],[5.910266852669784,51.988257304557884],[5.910321555415026,51.98825226603093],[5.910423058275668,51.988242913455814],[5.9104617987796075,51.988239341748695],[5.9105550397206725,51.98825506107378],[5.910554973747558,51.98826562268458],[5.910554911553763,51.988271519322105],[5.9105543667743,51.9882884558067],[5.910612730792517,51.98829587219885],[5.910621989194019,51.988297053421604],[5.9106972966599685,51.988306740343745],[5.910791179419319,51.988318807353906],[5.910871473458563,51.98832913710877],[5.910954756483125,51.98833984898898],[5.91103572130191,51.98835026552908],[5.911122809847664,51.988361463692854],[5.911151253263247,51.98836512290879],[5.911313473936591,51.988386174581265],[5.911349654957365,51.98839093270789],[5.911437811102075,51.988402530358066],[5.911445393202182,51.98840353023059],[5.911506122698813,51.98841151988175],[5.911525675717417,51.98841409328817],[5.9115971659792725,51.98842350003283],[5.911685001350437,51.98843504499781],[5.911769045867029,51.9884461034533],[5.911857304236777,51.98845770932208],[5.911820770631031,51.988529329676126],[5.911891650489348,51.9885437814317],[5.911923770496552,51.98855033449262],[5.9119327890621305,51.98853350401785],[5.911981523409514,51.98854330415117],[5.912041983162504,51.98855546262997],[5.912088597188882,51.98856483444558],[5.912173980137347,51.98858199872217],[5.9122586481356425,51.98859902231446],[5.912295276380424,51.98860639106958],[5.912341039708649,51.988615588613094],[5.912433558772955,51.98863418594834],[5.912530815474951,51.98865329776059],[5.912507316292571,51.98869925409437],[5.912470876948878,51.98876356399956],[5.912439228739218,51.98883197456103],[5.912667945306058,51.98886420379426],[5.912773978120241,51.988798455792114],[5.912774369212094,51.98879754082793],[5.9128031310383395,51.988730094937566],[5.91289782217148,51.98874827682895],[5.912935646568912,51.98875557802028],[5.912964323476782,51.98876111252377],[5.912967492732621,51.988753278490165],[5.913049511826789,51.98877031335283],[5.913061436417335,51.98874210672227],[5.913089003141348,51.98868166443624],[5.913324980524149,51.98873976167884],[5.913330829623549,51.98874120421698],[5.913361771533562,51.988748817387815],[5.913472973835571,51.98877617668217],[5.913649115548737,51.98881933264124],[5.913731318079431,51.988840797467965],[5.913794255927945,51.98885711365477],[5.913840610512867,51.988869128515475],[5.913884811163884,51.98888058493711],[5.913891294919664,51.98888226369639],[5.913961087732282,51.988895784285226],[5.914051002796711,51.988913205547604],[5.914131036553057,51.98892724643794],[5.9141434807323225,51.98892942879856],[5.914216468188604,51.98894223383477],[5.914290214282058,51.988955170251884],[5.914295349544399,51.98895607304403],[5.914367934380198,51.98896880249044],[5.914381926451772,51.98897125652853],[5.914431382322324,51.98897992976974],[5.9144637927113894,51.98898598557861],[5.914488998210727,51.98899069575736],[5.914514104499748,51.98899538749995],[5.914656879040797,51.98902117320755],[5.914719162649846,51.98903256621473],[5.914737168276704,51.989035859702504],[5.914823672991145,51.9890516867526],[5.91483695000159,51.989054116978735],[5.914903830045154,51.98906626586657],[5.914914431057053,51.989068191257196],[5.914991427885289,51.98908218676198],[5.915068696120948,51.98909623043454],[5.915097686345894,51.9891015023508],[5.9151071780520725,51.98908191817249]]]]},"properties":{"buurtcode":"BU02020630","buurtnaam":"St. Marten","gemeentenaam":"Arnhem","aantalInwoners":1630,"crime_violent":4,"crime_property":0,"crime_disorder":1,"crime_count":5}},{"type":"Feature","geometry":{"type":"MultiPolygon","coordinates":[[[[5.918750424239831,51.9927225872067],[5.918726770302054,51.99267703324297],[5.918655109489376,51.99257890036036],[5.918624129595611,51.99253976479579],[5.91858588780749,51.99249145794997],[5.918447283182825,51.99230301929654],[5.918288900161097,51.99210325455586],[5.918213867718889,51.99201298525196],[5.918110720768038,51.991890736378146],[5.918021727401855,51.99179268222115],[5.917746404135951,51.99157418048822],[5.917440834877895,51.99133869252137],[5.917293871216128,51.991224489040064],[5.917242544440966,51.9911840533914],[5.9171350158218035,51.99108180001814],[5.917021498635995,51.990961737924366],[5.9168942277119845,51.99078756303565],[5.91685470087906,51.990733471110616],[5.916583405945467,51.99036583799526],[5.916440035423837,51.99018038276122],[5.916366299216922,51.990085001053515],[5.916133844387903,51.98977640836007],[5.915981257244007,51.989576613528435],[5.915852187580015,51.98941095935283],[5.915775679720285,51.98931489852097],[5.91568987125352,51.98920715950312],[5.915685128785701,51.98920117299057],[5.91556355559032,51.98904770448829],[5.915547204628776,51.98902706515585],[5.91553710874888,51.98901574741742],[5.915536773270603,51.989015694095166],[5.9154769716449405,51.989006147369196],[5.915445614417975,51.989001141444454],[5.915410177463056,51.98899548419681],[5.915168582146928,51.98895518632293],[5.915145855174205,51.98900209069028],[5.915140098926151,51.989013981153185],[5.91513530890591,51.98902385388796],[5.915123810424362,51.98904758980773],[5.915118086758773,51.98905940462117],[5.915113119242135,51.98906965925765],[5.9151071780520725,51.98908191817249],[5.915097686345894,51.9891015023508],[5.915068696120948,51.98909623043454],[5.914991427885289,51.98908218676198],[5.914914431057053,51.989068191257196],[5.914903830045154,51.98906626586657],[5.91483695000159,51.989054116978735],[5.914823672991145,51.9890516867526],[5.914737168276704,51.989035859702504],[5.914719162649846,51.98903256621473],[5.914656879040797,51.98902117320755],[5.914514104499748,51.98899538749995],[5.914488998210727,51.98899069575736],[5.9144637927113894,51.98898598557861],[5.914431382322324,51.98897992976974],[5.914381926451772,51.98897125652853],[5.914367934380198,51.98896880249044],[5.914295349544399,51.98895607304403],[5.914290214282058,51.988955170251884],[5.914216468188604,51.98894223383477],[5.9141434807323225,51.98892942879856],[5.914131036553057,51.98892724643794],[5.914051002796711,51.988913205547604],[5.913961087732282,51.988895784285226],[5.913891294919664,51.98888226369639],[5.913884811163884,51.98888058493711],[5.913840610512867,51.988869128515475],[5.913794255927945,51.98885711365477],[5.913731318079431,51.988840797467965],[5.913649115548737,51.98881933264124],[5.913472973835571,51.98877617668217],[5.913361771533562,51.988748817387815],[5.913330829623549,51.98874120421698],[5.913324980524149,51.98873976167884],[5.913089003141348,51.98868166443624],[5.913061436417335,51.98874210672227],[5.913049511826789,51.98877031335283],[5.912967492732621,51.988753278490165],[5.912964323476782,51.98876111252377],[5.912935646568912,51.98875557802028],[5.91289782217148,51.98874827682895],[5.9128031310383395,51.988730094937566],[5.912774369212094,51.98879754082793],[5.912773978120241,51.988798455792114],[5.912667945306058,51.98886420379426],[5.912439228739218,51.98883197456103],[5.912470876948878,51.98876356399956],[5.912507316292571,51.98869925409437],[5.912530815474951,51.98865329776059],[5.912433558772955,51.98863418594834],[5.912341039708649,51.988615588613094],[5.912295276380424,51.98860639106958],[5.9122586481356425,51.98859902231446],[5.912173980137347,51.98858199872217],[5.912088597188882,51.98856483444558],[5.912041983162504,51.98855546262997],[5.911981523409514,51.98854330415117],[5.9119327890621305,51.98853350401785],[5.911923770496552,51.98855033449262],[5.911891650489348,51.9885437814317],[5.911820770631031,51.988529329676126],[5.911857304236777,51.98845770932208],[5.911769045867029,51.9884461034533],[5.911685001350437,51.98843504499781],[5.9115971659792725,51.98842350003283],[5.911525675717417,51.98841409328817],[5.911506122698813,51.98841151988175],[5.911445393202182,51.98840353023059],[5.911437811102075,51.988402530358066],[5.911349654957365,51.98839093270789],[5.911313473936591,51.988386174581265],[5.911151253263247,51.98836512290879],[5.911122809847664,51.988361463692854],[5.91103572130191,51.98835026552908],[5.910954756483125,51.98833984898898],[5.910871473458563,51.98832913710877],[5.910791179419319,51.988318807353906],[5.9106972966599685,51.988306740343745],[5.910621989194019,51.988297053421604],[5.910612730792517,51.98829587219885],[5.9105543667743,51.9882884558067],[5.910554911553763,51.988271519322105],[5.910554973747558,51.98826562268458],[5.9105550397206725,51.98825506107378],[5.9104617987796075,51.988239341748695],[5.910423058275668,51.988242913455814],[5.910321555415026,51.98825226603093],[5.910266852669784,51.988257304557884],[5.910244281807244,51.98830002859144],[5.910240230820557,51.98830769479377],[5.910220982253337,51.98830375359046],[5.910199898420835,51.98829199707899],[5.910073873361845,51.98822172366008],[5.910003004437859,51.988227466697424],[5.909911727854677,51.988234863446344],[5.909798557118087,51.988244033716335],[5.9096834679521235,51.98816616647395],[5.909656687737874,51.988148048040145],[5.909723397777582,51.988105875006106],[5.9097649034837705,51.98807962441248],[5.90971329960403,51.98804887077015],[5.909676707829687,51.988027065752625],[5.909728041071936,51.9879771411382],[5.909779068918462,51.98792975257368],[5.9098293478366,51.987883068405345],[5.909861681163974,51.98785303847428],[5.90982920493149,51.987847079665706],[5.909822770911436,51.98784589482168],[5.909753739853715,51.98783502895216],[5.909632633173748,51.9878166104044],[5.909567871323295,51.98788476906205],[5.909541694124076,51.9878809034554],[5.909438064619445,51.987865606958515],[5.909355811875312,51.987910626223304],[5.909340881406891,51.98791879819144],[5.909317056757797,51.987911050808606],[5.909207510413234,51.987878593735616],[5.909189541732136,51.98787327146636],[5.909148944191437,51.98786124451402],[5.909118916052073,51.98785234893818],[5.909077501723717,51.98787508265469],[5.908963351346132,51.98793774257332],[5.9089302851383145,51.98795589290096],[5.908884841873164,51.98792278538783],[5.908754263941794,51.987824544607776],[5.908753164431571,51.98782601548306],[5.908720578670286,51.98787207785643],[5.908686512724899,51.98791517613074],[5.908674456766299,51.98793042798211],[5.908557128108755,51.98807613601149],[5.908510444440977,51.98813591591041],[5.908444536863584,51.988231810787504],[5.908406972615851,51.98828084870181],[5.90830728281788,51.988413039831954],[5.908280649451918,51.9884483561996],[5.908185651737065,51.98857684121337],[5.908140288734285,51.988650884121036],[5.9080603669991865,51.9888293629001],[5.907950359705857,51.98904198313158],[5.907906982132851,51.989154424384466],[5.9078873619379575,51.98926416103857],[5.907886726233389,51.98926771515031],[5.907881392378572,51.98933908380576],[5.907884114694548,51.989440857656504],[5.907907331522164,51.98958249401971],[5.907919055275663,51.98966330044374],[5.907941675697076,51.98975357100499],[5.907994962115691,51.989963565478924],[5.908039838970768,51.990112715455716],[5.908093572390498,51.99022853244628],[5.908151828885579,51.9903357679772],[5.908223811067385,51.99045870646035],[5.908225715360664,51.99046195989916],[5.908302674313976,51.99060694628809],[5.908312360086232,51.99062519377976],[5.908384794218838,51.990759002468536],[5.908390531985829,51.99077027091179],[5.90841666368499,51.99076507761935],[5.909475550130666,51.990554628230235],[5.9095816302409085,51.99053418062944],[5.909558790406266,51.990481625584316],[5.909547517384192,51.990459644289245],[5.909439513303436,51.990249050322824],[5.909372571793355,51.9901185229054],[5.909467520052027,51.99011927890042],[5.9095642082375885,51.99012004506975],[5.909657634899924,51.990120785196844],[5.909743541270729,51.99012147775821],[5.909751622268546,51.99012154073571],[5.909831209457643,51.99012218490088],[5.909854782771111,51.99012237678892],[5.909920552163795,51.99012291150301],[5.9099424510662555,51.99012309283655],[5.910006575060549,51.990123607848716],[5.910092533646726,51.99012378309309],[5.910125627133628,51.990123851716405],[5.910174007863529,51.990123942256325],[5.910215982530696,51.990124025303196],[5.910264232340913,51.990124125376475],[5.910306439940985,51.990124207355365],[5.910357252218654,51.99012431397283],[5.9104459916476175,51.990124494569265],[5.910501535681436,51.99012460704368],[5.910540904207699,51.990124683590665],[5.910638888879625,51.99012488583144],[5.910686119611789,51.99012499026588],[5.910734515006167,51.990125089498385],[5.9107784989274,51.99012518137972],[5.9108161786936755,51.99012526535052],[5.910865549598227,51.99012536917553],[5.910870682336236,51.99012729680055],[5.910894810692906,51.99013636650208],[5.910930203390506,51.99014967349609],[5.910948425459229,51.99015652508879],[5.91096661096981,51.99016336246017],[5.911002335653414,51.99017679379137],[5.911049861364809,51.990194662246],[5.9111121127651565,51.990218064846495],[5.911169450839264,51.99023962421445],[5.9112237033998705,51.990260019824376],[5.911242070284223,51.99026692196033],[5.911300783060329,51.9902889964653],[5.911323156814967,51.99029740875788],[5.911377892042066,51.990317981913535],[5.911403322076111,51.9903275400705],[5.911475620155079,51.99035472225604],[5.911502995216466,51.99036501775679],[5.911532354637211,51.99037605493447],[5.911597358714683,51.990400495748595],[5.911624545145674,51.99041071655979],[5.911628361544538,51.99041212420109],[5.9116893120877,51.99043454177942],[5.9117408124577935,51.99045348431995],[5.911783443123378,51.99046916496744],[5.9118282451325666,51.9904856385764],[5.911880679898897,51.990504918446334],[5.91203352685543,51.99056254410461],[5.91208603890608,51.99058219206104],[5.912245096148159,51.99064170425579],[5.912290684218387,51.99065875842376],[5.912381092773738,51.99069258250619],[5.912406976124975,51.99070227324833],[5.912454779719375,51.99072015337864],[5.912487916224293,51.99073255316653],[5.912530177680166,51.99074836372604],[5.912568856432836,51.990762833028725],[5.91259889280309,51.99077406915565],[5.912672112036839,51.99080146221423],[5.912693549923962,51.99080948293934],[5.912748226798199,51.9908299388711],[5.9128124382325185,51.99085396549691],[5.912819925384533,51.99085676337634],[5.912891507061466,51.990883543418796],[5.912928548219319,51.99089739972462],[5.912960953791812,51.99090952400713],[5.913036103733258,51.99093763626769],[5.9130462231522385,51.99094142007447],[5.913104951094347,51.99096339474156],[5.913128407178013,51.99097217037569],[5.9131761236786895,51.990990023637835],[5.913207739742491,51.991001854766665],[5.913253701474092,51.991019050705205],[5.9132886663622335,51.991032134195564],[5.913336163662273,51.99104990747813],[5.913369593091293,51.99106241356845],[5.913408930474538,51.99107713132371],[5.913448340993039,51.991091875703816],[5.913491928271873,51.99110708675662],[5.913530525463545,51.99112261673447],[5.913573153306498,51.99113856909466],[5.913650687727557,51.99116757811833],[5.913655455049793,51.99116936344359],[5.913691516923691,51.99118285536977],[5.913726145740943,51.99119581439748],[5.913773701832464,51.99121360521717],[5.913797962491617,51.991222682720995],[5.913866459734865,51.99124830749209],[5.913893074826193,51.99125826428292],[5.913945237511057,51.9912777781503],[5.914011380416927,51.99130251454326],[5.914021850992493,51.99130643151918],[5.914093565657729,51.99133325517804],[5.914100511974882,51.991335857654896],[5.914175765675264,51.99136400467777],[5.914286248157688,51.99140533253699],[5.914438894951291,51.99146026845696],[5.914535429968859,51.99149640130164],[5.914588647693095,51.9915163182264],[5.914637004476052,51.9915344152069],[5.914645237734187,51.99153749725283],[5.914705698838538,51.99156013028801],[5.914712054387973,51.991562508871255],[5.914726005612066,51.99156773146538],[5.914788069502254,51.99159095769337],[5.914806758933894,51.99159795669949],[5.91486564948166,51.99161999267894],[5.914925666190279,51.991642455018216],[5.914930945392147,51.991644426751265],[5.914940260906194,51.99164791738604],[5.915017811858928,51.99167694341342],[5.915040018357196,51.99168525238506],[5.91510315745824,51.99170888259309],[5.9151230388743645,51.99171633011222],[5.915184700955599,51.99173940063838],[5.915203193014405,51.991746319572265],[5.915264899224978,51.99176942131772],[5.915285153532306,51.99177700196103],[5.915340841927311,51.991797843143594],[5.915366053829888,51.99180728008254],[5.915413041040987,51.991824870557295],[5.915442333154712,51.99183583965112],[5.915488472147236,51.99185310582966],[5.915524388949302,51.99186654841092],[5.915539100864113,51.99187205961414],[5.915556079412594,51.99187841003521],[5.915577184945796,51.99188630948737],[5.915622736191483,51.99190335893722],[5.9156441605187196,51.991911374692855],[5.915689744045962,51.9919284410497],[5.915756898199919,51.991953576396924],[5.915765585002792,51.991956831599765],[5.915879478151012,51.99199945943635],[5.916214800648898,51.99208156532634],[5.916229395218494,51.99208513908238],[5.916179675807456,51.99214070124226],[5.916197846847901,51.99214666959717],[5.916240191884588,51.99216057831356],[5.916267198521778,51.992169447913604],[5.916292631306261,51.992177827529815],[5.916317225754175,51.992185491842704],[5.9163736427662785,51.9922066726155],[5.916452664988858,51.99223634004061],[5.916469394007929,51.992242620444905],[5.916476250596452,51.992244998476565],[5.916558806867611,51.992273578519416],[5.916588846961313,51.992283726022684],[5.916599079739473,51.992287194422246],[5.916656514283064,51.99230661056148],[5.91670096797239,51.992321637660794],[5.916738200346318,51.992334224551804],[5.916744661534858,51.9923364066039],[5.916800020449701,51.99235512283498],[5.916844825020709,51.992370264250354],[5.916914509827435,51.992393823571895],[5.916928470176759,51.99239854251672],[5.916970643580769,51.99241279599751],[5.91700097043865,51.99242304547058],[5.91701607686439,51.992428151135925],[5.91704858186434,51.99243913771967],[5.917088817009495,51.99245273924384],[5.917119017279463,51.99246286791387],[5.91713581306645,51.99246849986263],[5.917188453960852,51.992475513634375],[5.917219328622158,51.99247962783034],[5.917239759096672,51.99248235003839],[5.917275323496761,51.99244238308367],[5.917306775504422,51.992407040280064],[5.9173531483471296,51.99242279373326],[5.917393923816142,51.992436647987525],[5.9174167579936485,51.99244440808999],[5.917501567522113,51.99247322449747],[5.917506742256832,51.992474962888835],[5.917529487758378,51.9924826083182],[5.917542011395861,51.99248279454843],[5.917551492813735,51.99247996991116],[5.917562133887047,51.99246686635778],[5.917574676146789,51.99247108827117],[5.917591362918891,51.99247119280932],[5.9175916413243215,51.992454113683266],[5.917611825302594,51.992447199625985],[5.917627139838956,51.99244195418616],[5.917669454918484,51.99239433185436],[5.917772091848192,51.992429080889686],[5.9178308196707174,51.99244896161419],[5.918076347364594,51.99253207659672],[5.918021914778354,51.99259497552574],[5.917991572088148,51.99263506565785],[5.9179767146085585,51.99268174449102],[5.9179807696687154,51.99269884900841],[5.918004079343683,51.992715391168986],[5.918070522244508,51.99273078772987],[5.918126088203616,51.992738622003046],[5.918243276031616,51.99274522804269],[5.918449901210386,51.9927571377364],[5.918580259793808,51.992769866154774],[5.918645882044164,51.99278098494529],[5.918789143474313,51.99281124864804],[5.918750424239831,51.9927225872067]]]]},"properties":{"buurtcode":"BU02020631","buurtnaam":"Graaf Ottoplein e.o.","gemeentenaam":"Arnhem","aantalInwoners":3030,"crime_violent":5,"crime_property":0,"crime_disorder":0,"crime_count":5}},{"type":"Feature","geometry":{"type":"MultiPolygon","coordinates":[[[[5.9186291361339824,51.99594872088764],[5.918896223319584,51.995859997293486],[5.9191057449063536,51.99579008351636],[5.919250000408227,51.99573948927439],[5.9193880923183855,51.995688923634134],[5.919513818641704,51.99563429260285],[5.91959878318709,51.995635692277965],[5.919686712151812,51.99563548393944],[5.919764054222775,51.99563530009639],[5.919904481318435,51.995635377927876],[5.920038564219094,51.995636554841596],[5.920194039826877,51.99563870428806],[5.920223510832928,51.995638570751744],[5.920221702054773,51.995583439913275],[5.920222576271575,51.99555556847074],[5.920227772510222,51.99538984828046],[5.920230407898413,51.995304123427545],[5.920232337302577,51.99524107039302],[5.92023352925937,51.99518457320722],[5.920235396315182,51.99509668564051],[5.92025830907491,51.99509620430144],[5.920258753735398,51.99508829253763],[5.9202499053593565,51.9949723469528],[5.920245571509843,51.9949156024576],[5.920240261219777,51.99484629307618],[5.920237632071834,51.99481204858562],[5.92023659840716,51.994798590516915],[5.920518302387105,51.99479375428029],[5.9208036616222515,51.994780406795655],[5.920802228801421,51.99477624270001],[5.920990965660834,51.99476914848353],[5.921506997986107,51.99475867123697],[5.92175403073705,51.99474876728633],[5.92192014986306,51.99474492028134],[5.922065180851281,51.99474070153578],[5.922172339941508,51.994609604490414],[5.922223394309661,51.99453684527334],[5.922250267043765,51.99447291472863],[5.922259221772098,51.994442421457904],[5.9222632382080596,51.99440807666897],[5.922276596349061,51.994390299863056],[5.922277852231413,51.99437353087213],[5.922273490806692,51.99434115668689],[5.922254267800005,51.99427988962782],[5.9222330479437915,51.99423674317933],[5.921987442437851,51.993991345461104],[5.922247583234726,51.993694220944406],[5.9223408165567015,51.99357529437167],[5.922162048599305,51.993552875316325],[5.921995044099741,51.993531931427675],[5.92164764013889,51.99347879914815],[5.921396194831964,51.99343404228546],[5.921150492296766,51.99337594077502],[5.920954593180836,51.99332688875686],[5.92006567519836,51.9930885381085],[5.919534324855587,51.99294592046635],[5.919360403022713,51.992898192705006],[5.919106617054844,51.99284012333248],[5.91898735736425,51.99282139953219],[5.918789143474313,51.99281124864804],[5.918645882044164,51.99278098494529],[5.918580259793808,51.992769866154774],[5.918449901210386,51.9927571377364],[5.918243276031616,51.99274522804269],[5.918126088203616,51.992738622003046],[5.918070522244508,51.99273078772987],[5.918004079343683,51.992715391168986],[5.9179807696687154,51.99269884900841],[5.9179767146085585,51.99268174449102],[5.917991572088148,51.99263506565785],[5.918021914778354,51.99259497552574],[5.918076347364594,51.99253207659672],[5.9178308196707174,51.99244896161419],[5.917772091848192,51.992429080889686],[5.917669454918484,51.99239433185436],[5.917627139838956,51.99244195418616],[5.917611825302594,51.992447199625985],[5.9175916413243215,51.992454113683266],[5.917591362918891,51.99247119280932],[5.917574676146789,51.99247108827117],[5.917562133887047,51.99246686635778],[5.917551492813735,51.99247996991116],[5.917542011395861,51.99248279454843],[5.917529487758378,51.9924826083182],[5.917506742256832,51.992474962888835],[5.917501567522113,51.99247322449747],[5.9174167579936485,51.99244440808999],[5.917393923816142,51.992436647987525],[5.9173531483471296,51.99242279373326],[5.917306775504422,51.992407040280064],[5.917275323496761,51.99244238308367],[5.917239759096672,51.99248235003839],[5.917219328622158,51.99247962783034],[5.917188453960852,51.992475513634375],[5.91713581306645,51.99246849986263],[5.917119017279463,51.99246286791387],[5.917088817009495,51.99245273924384],[5.91704858186434,51.99243913771967],[5.91701607686439,51.992428151135925],[5.91700097043865,51.99242304547058],[5.916970643580769,51.99241279599751],[5.916928470176759,51.99239854251672],[5.916914509827435,51.992393823571895],[5.916844825020709,51.992370264250354],[5.916800020449701,51.99235512283498],[5.916744661534858,51.9923364066039],[5.916738200346318,51.992334224551804],[5.91670096797239,51.992321637660794],[5.916656514283064,51.99230661056148],[5.916599079739473,51.992287194422246],[5.916588846961313,51.992283726022684],[5.916558806867611,51.992273578519416],[5.916476250596452,51.992244998476565],[5.916469394007929,51.992242620444905],[5.916452664988858,51.99223634004061],[5.9163736427662785,51.9922066726155],[5.916317225754175,51.992185491842704],[5.916292631306261,51.992177827529815],[5.916267198521778,51.992169447913604],[5.916240191884588,51.99216057831356],[5.916197846847901,51.99214666959717],[5.916179675807456,51.99214070124226],[5.916229395218494,51.99208513908238],[5.916214800648898,51.99208156532634],[5.915879478151012,51.99199945943635],[5.915765585002792,51.991956831599765],[5.915756898199919,51.991953576396924],[5.915689744045962,51.9919284410497],[5.9156441605187196,51.991911374692855],[5.915622736191483,51.99190335893722],[5.915577184945796,51.99188630948737],[5.915556079412594,51.99187841003521],[5.915539100864113,51.99187205961414],[5.915524388949302,51.99186654841092],[5.915488472147236,51.99185310582966],[5.915442333154712,51.99183583965112],[5.915413041040987,51.991824870557295],[5.915366053829888,51.99180728008254],[5.915340841927311,51.991797843143594],[5.915285153532306,51.99177700196103],[5.915264899224978,51.99176942131772],[5.915203193014405,51.991746319572265],[5.915184700955599,51.99173940063838],[5.9151230388743645,51.99171633011222],[5.91510315745824,51.99170888259309],[5.915040018357196,51.99168525238506],[5.915017811858928,51.99167694341342],[5.914940260906194,51.99164791738604],[5.914930945392147,51.991644426751265],[5.914925666190279,51.991642455018216],[5.91486564948166,51.99161999267894],[5.914806758933894,51.99159795669949],[5.914788069502254,51.99159095769337],[5.914726005612066,51.99156773146538],[5.914712054387973,51.991562508871255],[5.914705698838538,51.99156013028801],[5.914645237734187,51.99153749725283],[5.914637004476052,51.9915344152069],[5.914588647693095,51.9915163182264],[5.914535429968859,51.99149640130164],[5.914438894951291,51.99146026845696],[5.914286248157688,51.99140533253699],[5.914175765675264,51.99136400467777],[5.914100511974882,51.991335857654896],[5.914093565657729,51.99133325517804],[5.914021850992493,51.99130643151918],[5.914011380416927,51.99130251454326],[5.913945237511057,51.9912777781503],[5.913893074826193,51.99125826428292],[5.913866459734865,51.99124830749209],[5.913797962491617,51.991222682720995],[5.913773701832464,51.99121360521717],[5.913726145740943,51.99119581439748],[5.913691516923691,51.99118285536977],[5.913655455049793,51.99116936344359],[5.913650687727557,51.99116757811833],[5.913573153306498,51.99113856909466],[5.913530525463545,51.99112261673447],[5.913491928271873,51.99110708675662],[5.913448340993039,51.991091875703816],[5.913408930474538,51.99107713132371],[5.913369593091293,51.99106241356845],[5.913336163662273,51.99104990747813],[5.9132886663622335,51.991032134195564],[5.913253701474092,51.991019050705205],[5.913207739742491,51.991001854766665],[5.9131761236786895,51.990990023637835],[5.913128407178013,51.99097217037569],[5.913104951094347,51.99096339474156],[5.9130462231522385,51.99094142007447],[5.913036103733258,51.99093763626769],[5.912960953791812,51.99090952400713],[5.912928548219319,51.99089739972462],[5.912891507061466,51.990883543418796],[5.912819925384533,51.99085676337634],[5.9128124382325185,51.99085396549691],[5.912748226798199,51.9908299388711],[5.912693549923962,51.99080948293934],[5.912672112036839,51.99080146221423],[5.91259889280309,51.99077406915565],[5.912568856432836,51.990762833028725],[5.912530177680166,51.99074836372604],[5.912487916224293,51.99073255316653],[5.912454779719375,51.99072015337864],[5.912406976124975,51.99070227324833],[5.912381092773738,51.99069258250619],[5.912290684218387,51.99065875842376],[5.912245096148159,51.99064170425579],[5.91208603890608,51.99058219206104],[5.91203352685543,51.99056254410461],[5.911880679898897,51.990504918446334],[5.9118282451325666,51.9904856385764],[5.911783443123378,51.99046916496744],[5.9117408124577935,51.99045348431995],[5.9116893120877,51.99043454177942],[5.911628361544538,51.99041212420109],[5.911624545145674,51.99041071655979],[5.911597358714683,51.990400495748595],[5.911532354637211,51.99037605493447],[5.911502995216466,51.99036501775679],[5.911475620155079,51.99035472225604],[5.911403322076111,51.9903275400705],[5.911377892042066,51.990317981913535],[5.911323156814967,51.99029740875788],[5.911300783060329,51.9902889964653],[5.911242070284223,51.99026692196033],[5.9112237033998705,51.990260019824376],[5.911169450839264,51.99023962421445],[5.9111121127651565,51.990218064846495],[5.911049861364809,51.990194662246],[5.911002335653414,51.99017679379137],[5.91096661096981,51.99016336246017],[5.910948425459229,51.99015652508879],[5.910930203390506,51.99014967349609],[5.910894810692906,51.99013636650208],[5.910870682336236,51.99012729680055],[5.910865549598227,51.99012536917553],[5.9108161786936755,51.99012526535052],[5.9107784989274,51.99012518137972],[5.910734515006167,51.990125089498385],[5.910686119611789,51.99012499026588],[5.910638888879625,51.99012488583144],[5.910540904207699,51.990124683590665],[5.910501535681436,51.99012460704368],[5.9104459916476175,51.990124494569265],[5.910357252218654,51.99012431397283],[5.910306439940985,51.990124207355365],[5.910264232340913,51.990124125376475],[5.910215982530696,51.990124025303196],[5.910174007863529,51.990123942256325],[5.910125627133628,51.990123851716405],[5.910092533646726,51.99012378309309],[5.910006575060549,51.990123607848716],[5.9099424510662555,51.99012309283655],[5.909920552163795,51.99012291150301],[5.909854782771111,51.99012237678892],[5.909831209457643,51.99012218490088],[5.909751622268546,51.99012154073571],[5.909743541270729,51.99012147775821],[5.909657634899924,51.990120785196844],[5.9095642082375885,51.99012004506975],[5.909467520052027,51.99011927890042],[5.909372571793355,51.9901185229054],[5.909439513303436,51.990249050322824],[5.909547517384192,51.990459644289245],[5.909558790406266,51.990481625584316],[5.9095816302409085,51.99053418062944],[5.909475550130666,51.990554628230235],[5.90841666368499,51.99076507761935],[5.908390531985829,51.99077027091179],[5.908474675536933,51.9909355399258],[5.908550248013908,51.991074090339424],[5.908605348658712,51.99117468105327],[5.908655760781267,51.99126958402109],[5.908717245903629,51.99138917112366],[5.90877547220272,51.99149355266762],[5.90886207666896,51.99165298243743],[5.908932951629931,51.991784893957856],[5.9090148890272385,51.991940538641366],[5.909121868683578,51.992129366814645],[5.909209993797886,51.99228688673979],[5.909299704188529,51.99244820432961],[5.909398771047982,51.992618992687966],[5.9095054547076735,51.99278213760904],[5.909582341079503,51.99290070489958],[5.909702960272675,51.99306949536122],[5.909828313844827,51.9932477770345],[5.909875360319119,51.99331796117649],[5.909913531610546,51.993371081703906],[5.9099185937263154,51.99336992128759],[5.91005526338171,51.99333858280842],[5.910153692335668,51.99331835657519],[5.910208163462983,51.993307163029236],[5.910235120306113,51.99330581897464],[5.910251143527995,51.99330555808341],[5.910259703019361,51.99330615011139],[5.9102789843408505,51.993307847673286],[5.910293964034656,51.99331224018974],[5.910425133206926,51.99335680986799],[5.9106160723015515,51.99343209453678],[5.910652358866627,51.993446796224184],[5.910863171453666,51.99352017642102],[5.911058892241801,51.993579651054766],[5.9112473260496525,51.99363350954479],[5.911398937778917,51.993668209553746],[5.9114655344761085,51.99368039851705],[5.911610736435218,51.99370234358764],[5.911758811200074,51.99372278989619],[5.911898634667225,51.99373762454077],[5.912022009557581,51.993745992474445],[5.9121747219271645,51.9937512569244],[5.912266686886347,51.99375471510247],[5.912344302275412,51.993757634143485],[5.912424228175118,51.99375668322129],[5.912577337402878,51.99375393496058],[5.912750457997649,51.99374595577267],[5.912803488133541,51.99373953128757],[5.9129034711803214,51.99372422052778],[5.913148483212518,51.99367496767019],[5.913444324214959,51.993607352955905],[5.913715561536796,51.99354490085819],[5.914134307828908,51.99343707949006],[5.9148177597991145,51.99324423813569],[5.915269869813317,51.9931086481643],[5.91534071345296,51.99309682326729],[5.915386933420183,51.99309614028365],[5.9154570994504105,51.99310058098235],[5.9155782523274745,51.99311668424547],[5.915667019332084,51.99313055454751],[5.915747397028148,51.99315159742632],[5.9158309452673405,51.99318023554217],[5.915938711596891,51.99322408001016],[5.916063083500437,51.99326480627751],[5.916141762896835,51.99329341302894],[5.916166462269218,51.99330239279636],[5.916252796950868,51.99333206432895],[5.916320918636265,51.99335915446463],[5.916394914921147,51.993387930417214],[5.91649341690136,51.993430103769505],[5.9165396119260905,51.99345329800109],[5.916594186863466,51.993481590450635],[5.9166453994117685,51.993512181047876],[5.916694178582985,51.99354544582305],[5.916713300008689,51.99355958562544],[5.916719166590994,51.993563924862926],[5.916737394975649,51.99357740444178],[5.916783824796018,51.9936205732324],[5.916826553578449,51.993663378458955],[5.916894996882006,51.99374373807529],[5.916943816291297,51.99380649154768],[5.916994771871929,51.99386752399805],[5.9170238189577296,51.99390011707812],[5.9170632270286765,51.99394883442977],[5.917107405473942,51.99400989735343],[5.917146912697059,51.994066985979956],[5.917240977863245,51.994212018907],[5.917258475230069,51.99424922105645],[5.917274125146378,51.99428250271911],[5.917303536931609,51.9943589473492],[5.917318844507954,51.994415478916274],[5.917334434819477,51.994495791483025],[5.9173421499788565,51.99456186962884],[5.917349832868438,51.994625094117886],[5.917362621215241,51.994794362622756],[5.917368430834279,51.99489469496366],[5.917369606482257,51.994994097218],[5.917369404404775,51.99504213726173],[5.917356806451504,51.99512818647018],[5.91735086772894,51.995168739900954],[5.917322541960261,51.99537957331984],[5.917330297013303,51.99551414339641],[5.917370159729195,51.99556200289861],[5.9174988109888496,51.9956176955422],[5.917929772397953,51.995841055087574],[5.918131215918729,51.995934797100205],[5.918256049710177,51.995935661038295],[5.918326985056178,51.995939621078975],[5.918426505198306,51.99595011147977],[5.918499054339237,51.99596024811402],[5.918560450876255,51.99597477195217],[5.9186291361339824,51.99594872088764]]]]},"properties":{"buurtcode":"BU02020650","buurtnaam":"Sonsbeek-Noord","gemeentenaam":"Arnhem","aantalInwoners":1075,"crime_violent":2,"crime_property":0,"crime_disorder":0,"crime_count":2}},{"type":"Feature","geometry":{"type":"MultiPolygon","coordinates":[[[[5.924856577099666,51.989869886845774],[5.9252354650072485,51.989520806343506],[5.925300601725121,51.98946079330149],[5.925691777017227,51.9891030586082],[5.925869718566637,51.988941206547466],[5.925874748935923,51.988936630904675],[5.925843809960614,51.988913214094254],[5.925807207170751,51.98888551149381],[5.925646570235198,51.98877328392013],[5.925703544355986,51.988724713342926],[5.92582069982763,51.9886237229816],[5.925812955426597,51.9886200291733],[5.9257993339630035,51.98861296107961],[5.925782846996869,51.9886044068465],[5.9257277664479355,51.98857582797168],[5.92574165068589,51.988562595552665],[5.925786392178535,51.98851994854314],[5.925797721461218,51.988509148382626],[5.9253540132498825,51.9881398862302],[5.925481221667832,51.98801837470965],[5.925329669538978,51.98796140782527],[5.9251426832398435,51.987891129254166],[5.925134754669935,51.98789888651925],[5.924969523508264,51.9878314069228],[5.924707812997154,51.987725622791565],[5.924630755396335,51.98769447608761],[5.92443369683281,51.98762175263807],[5.9244834889806,51.987575712413914],[5.924562061026413,51.98750305917213],[5.924506707621647,51.98747461490008],[5.924372099954237,51.98740622786342],[5.924239107040361,51.98733904313408],[5.924083580522371,51.98726071667042],[5.924026655491718,51.98723203306568],[5.923973374765839,51.987280231844856],[5.923360236282088,51.98699648565635],[5.923162787771009,51.986899843827814],[5.923082313484695,51.98686045497122],[5.922880538970142,51.98676169314939],[5.922827067700603,51.98673099332541],[5.922632657079401,51.98661937654356],[5.922238325656867,51.986392974428604],[5.922101258041431,51.98633149726168],[5.922051745609377,51.98637019710801],[5.92200885629301,51.98640371918294],[5.9216461213284965,51.986218443288436],[5.9217267203113995,51.986157494564246],[5.921733055498668,51.98615270283992],[5.921673561373152,51.98612270579209],[5.921555690890903,51.98604556841722],[5.921605695913038,51.986008129404816],[5.921725761920827,51.9859182385892],[5.921747565709365,51.985901694388865],[5.921816194204259,51.985849618484295],[5.921865488802185,51.985812214946435],[5.92197563968078,51.98572742130111],[5.921922707758674,51.985699312658596],[5.9219046407883225,51.98569166300458],[5.9218308630952805,51.98565896794702],[5.921807265661837,51.985645574685165],[5.921759945909641,51.98562540415046],[5.921699512933213,51.98567998648798],[5.921685831341431,51.98569265753759],[5.921659398284693,51.985717137915536],[5.921646584840815,51.98571177885325],[5.921420188994463,51.985617078600065],[5.921324792711361,51.98557757296028],[5.921729246508406,51.98522985882894],[5.921745924373824,51.98521552029659],[5.921566239359375,51.98514203807978],[5.921287612357322,51.98503236205643],[5.920943892471443,51.984892885046975],[5.920934979621456,51.984889268128],[5.92091213067074,51.984879996050665],[5.920726478286997,51.98492713021829],[5.9205538353536475,51.984969973376685],[5.920331289196617,51.98502345461262],[5.920164705779397,51.98506237956706],[5.919967413474886,51.985106840902674],[5.919824560107972,51.98514287508378],[5.919694284568385,51.98517428695722],[5.919556322705159,51.98520706375359],[5.919362411219027,51.985250938816506],[5.91910699917814,51.98530555585953],[5.9189398027808275,51.98534169892664],[5.918788885418799,51.98537339175869],[5.918700069056255,51.98539319895483],[5.91858661271561,51.98541387870474],[5.918405176226899,51.98544456827751],[5.918338764757427,51.98545685413192],[5.918172401408255,51.985485381897234],[5.918032792339206,51.985509413166355],[5.9178892361392945,51.98553414609041],[5.917722890118774,51.98555852680899],[5.917514822963493,51.98558804167728],[5.917274557262493,51.985620896631886],[5.91717763805599,51.9856330343635],[5.917050505679352,51.98565044405287],[5.916967199802564,51.98566066509573],[5.916807033620191,51.98567922278822],[5.916663207230903,51.98569621734912],[5.916535615860291,51.985709553224204],[5.916368542618985,51.98572288141016],[5.916130579878033,51.985743028504196],[5.915906878353218,51.98575830314739],[5.91577122103809,51.98576812853563],[5.91563402542027,51.98577787259162],[5.915538869030972,51.985784630507055],[5.915428109173141,51.98578961040465],[5.915577827649459,51.98590354589789],[5.915672531895752,51.985975616098614],[5.9156963949291494,51.9859937759365],[5.916013965034467,51.98622184317729],[5.916346001478734,51.986451626883586],[5.916726818712538,51.9867066532277],[5.91680898728,51.98676167949295],[5.916961493464619,51.986867888676706],[5.917037158213031,51.98692058372793],[5.917040694303673,51.986922304352724],[5.9171146403929855,51.986958286049],[5.917191081701402,51.98698945217895],[5.91731483263892,51.98703110751697],[5.91743089414595,51.987073985645154],[5.917619427792056,51.98713794089352],[5.917860091496137,51.98721295726731],[5.918060996382021,51.98726437117113],[5.918362423534298,51.98734743552146],[5.918465813992835,51.987377289981204],[5.9193230072810685,51.987633826481044],[5.919758591160365,51.98778567748465],[5.9200318000033825,51.987880920303816],[5.920330516449149,51.987978261609115],[5.920544508788278,51.9880574919134],[5.920947614900234,51.98820673973026],[5.92122632023738,51.988321411045774],[5.921347323472385,51.988374370212114],[5.921756098197395,51.98857525282169],[5.922598929557164,51.98899651850834],[5.9230289926455075,51.98920502799716],[5.923232236458881,51.98928971697971],[5.923457770352928,51.98938619379411],[5.92370749935167,51.98949266723162],[5.923988209811894,51.98961267364903],[5.924222434772094,51.9897108935286],[5.924600934015858,51.989874448209854],[5.924765772296727,51.98994974190235],[5.92477619978037,51.9899545048166],[5.924856577099666,51.989869886845774]]]]},"properties":{"buurtcode":"BU02020732","buurtnaam":"Klarendal-Zuid","gemeentenaam":"Arnhem","aantalInwoners":2215,"crime_violent":15,"crime_property":0,"crime_disorder":0,"crime_count":15}},{"type":"Feature","geometry":{"type":"MultiPolygon","coordinates":[[[[5.923009776647429,51.99162609754848],[5.923144081959902,51.991501821175845],[5.9231935396156015,51.99145266410295],[5.923320153751941,51.99132681724926],[5.923459193607954,51.9911959780994],[5.923613527628425,51.99105555665597],[5.923813399383388,51.9908578511929],[5.923959178370414,51.99072698069101],[5.924043278853734,51.9906498102365],[5.924125877021581,51.99057401730258],[5.924349548826683,51.99035360911993],[5.924371686368078,51.990331404749355],[5.924553187955375,51.99014934522773],[5.924611456044521,51.99009843860413],[5.92477619978037,51.9899545048166],[5.924765772296727,51.98994974190235],[5.924600934015858,51.989874448209854],[5.924222434772094,51.9897108935286],[5.923988209811894,51.98961267364903],[5.92370749935167,51.98949266723162],[5.923457770352928,51.98938619379411],[5.923232236458881,51.98928971697971],[5.9230289926455075,51.98920502799716],[5.922598929557164,51.98899651850834],[5.921756098197395,51.98857525282169],[5.921347323472385,51.988374370212114],[5.92122632023738,51.988321411045774],[5.920947614900234,51.98820673973026],[5.920544508788278,51.9880574919134],[5.920330516449149,51.987978261609115],[5.9200318000033825,51.987880920303816],[5.919758591160365,51.98778567748465],[5.9193230072810685,51.987633826481044],[5.918465813992835,51.987377289981204],[5.918362423534298,51.98734743552146],[5.918060996382021,51.98726437117113],[5.917860091496137,51.98721295726731],[5.917619427792056,51.98713794089352],[5.91743089414595,51.987073985645154],[5.91731483263892,51.98703110751697],[5.917191081701402,51.98698945217895],[5.9171146403929855,51.986958286049],[5.917040694303673,51.986922304352724],[5.917037158213031,51.98692058372793],[5.916961493464619,51.986867888676706],[5.91680898728,51.98676167949295],[5.916726818712538,51.9867066532277],[5.916346001478734,51.986451626883586],[5.916013965034467,51.98622184317729],[5.9156963949291494,51.9859937759365],[5.915672531895752,51.985975616098614],[5.915577827649459,51.98590354589789],[5.915428109173141,51.98578961040465],[5.915399317771415,51.985790904575964],[5.915146206729082,51.98580274323844],[5.915049960845346,51.98580674172703],[5.914861781642422,51.985812937630925],[5.9146572051916335,51.98581682753819],[5.914485667463012,51.98581912367532],[5.914218714670349,51.98582130596769],[5.914218954749861,51.98583219428899],[5.914228679820213,51.98627548622697],[5.914228614500385,51.986320706051295],[5.91422829985667,51.98653803877016],[5.9142400397402675,51.98665213833351],[5.9142682940042866,51.98679470284158],[5.914294059167398,51.9869222948993],[5.91434119573702,51.98709830674893],[5.914368710990218,51.98717808995517],[5.9144565668112685,51.98737746247955],[5.914554695945313,51.98756608824138],[5.914634581156164,51.987733276688864],[5.9147264822740215,51.98792561095691],[5.914832804154681,51.98812276025035],[5.914877296904264,51.98820014369122],[5.914903587481358,51.988245869978364],[5.915000077407115,51.98839312210905],[5.915067009038761,51.98848342982901],[5.915223029384077,51.988681069422974],[5.915351759912733,51.988818187785824],[5.9154781121863325,51.98894960908022],[5.915532414154039,51.98901048424644],[5.91553710874888,51.98901574741742],[5.915547204628776,51.98902706515585],[5.91556355559032,51.98904770448829],[5.915685128785701,51.98920117299057],[5.91568987125352,51.98920715950312],[5.915775679720285,51.98931489852097],[5.915787690802666,51.98931181907245],[5.915921451237587,51.98927751703959],[5.915971595081903,51.9892669469657],[5.916012563353859,51.98926212572238],[5.916044365776722,51.98926412288997],[5.916177512100182,51.98928552237323],[5.916340567318041,51.98931154292185],[5.916472772699438,51.98933473049264],[5.916682162325858,51.989370055376156],[5.9169734775561,51.98942287084683],[5.917232290389332,51.98947281195281],[5.917491427879892,51.98954190521547],[5.9179546005297325,51.98970117994824],[5.918295056265214,51.9898256862833],[5.918519493104739,51.98991147610951],[5.918757087700684,51.98999996098857],[5.918826122704595,51.990025670332784],[5.918985610338609,51.99009153884361],[5.9190522752225165,51.99012582377446],[5.91928273198869,51.99024434209991],[5.9196422602065315,51.990429237229876],[5.919698433274299,51.99045812409411],[5.920083865843306,51.99068135894358],[5.920284172203283,51.990800780243376],[5.920284474266857,51.99080096043927],[5.920454415622567,51.99090155452815],[5.9205358601325155,51.990947797091806],[5.92070677853635,51.991002671605855],[5.920812285997107,51.99103144472394],[5.921028689528571,51.99108872803042],[5.921256620437626,51.99114358028371],[5.9214401991924746,51.99119387690697],[5.922052906644867,51.99137302312401],[5.922983508547499,51.99164438986111],[5.922989928381992,51.99164626165644],[5.923009776647429,51.99162609754848]]]]},"properties":{"buurtcode":"BU02020733","buurtnaam":"Klarendal-Noord","gemeentenaam":"Arnhem","aantalInwoners":2245,"crime_violent":23,"crime_property":0,"crime_disorder":10,"crime_count":33}},{"type":"Feature","geometry":{"type":"MultiPolygon","coordinates":[[[[5.9272333089557225,51.99362777201602],[5.927235570640122,51.993109782393155],[5.927252375878528,51.99288244540599],[5.927258690623,51.99284704093464],[5.927261494672551,51.99283989400113],[5.9271432979217895,51.99282170846756],[5.927019233268823,51.99279611817022],[5.926859560037752,51.99275399613791],[5.926647056402501,51.99269298805837],[5.926422451615407,51.99262850534162],[5.9261442642842255,51.992548637856046],[5.925958263299908,51.99249565594942],[5.925538068288619,51.99237926421835],[5.925302571351776,51.992314031950684],[5.925067660076062,51.99224925763769],[5.924885988367811,51.99219927702861],[5.924652700083584,51.9921350957916],[5.924284981561127,51.992026809100594],[5.924072364679051,51.99196475784617],[5.924034193600357,51.99195393300677],[5.923742444930221,51.991868934568],[5.923738070528534,51.99186766019774],[5.923716805758945,51.99186153994512],[5.923371126754134,51.99176206183387],[5.922989928381992,51.99164626165644],[5.922983508547499,51.99164438986111],[5.922052906644867,51.99137302312401],[5.9214401991924746,51.99119387690697],[5.921256620437626,51.99114358028371],[5.921028689528571,51.99108872803042],[5.920812285997107,51.99103144472394],[5.92070677853635,51.991002671605855],[5.9205358601325155,51.990947797091806],[5.920454415622567,51.99090155452815],[5.920284474266857,51.99080096043927],[5.920284172203283,51.990800780243376],[5.920083865843306,51.99068135894358],[5.919698433274299,51.99045812409411],[5.9196422602065315,51.990429237229876],[5.91928273198869,51.99024434209991],[5.9190522752225165,51.99012582377446],[5.918985610338609,51.99009153884361],[5.918826122704595,51.990025670332784],[5.918757087700684,51.98999996098857],[5.918519493104739,51.98991147610951],[5.918295056265214,51.9898256862833],[5.9179546005297325,51.98970117994824],[5.917491427879892,51.98954190521547],[5.917232290389332,51.98947281195281],[5.9169734775561,51.98942287084683],[5.916682162325858,51.989370055376156],[5.916472772699438,51.98933473049264],[5.916340567318041,51.98931154292185],[5.916177512100182,51.98928552237323],[5.916044365776722,51.98926412288997],[5.916012563353859,51.98926212572238],[5.915971595081903,51.9892669469657],[5.915921451237587,51.98927751703959],[5.915787690802666,51.98931181907245],[5.915775679720285,51.98931489852097],[5.915852187580015,51.98941095935283],[5.915981257244007,51.989576613528435],[5.916133844387903,51.98977640836007],[5.916366299216922,51.990085001053515],[5.916440035423837,51.99018038276122],[5.916583405945467,51.99036583799526],[5.91685470087906,51.990733471110616],[5.9168942277119845,51.99078756303565],[5.917021498635995,51.990961737924366],[5.9171350158218035,51.99108180001814],[5.917242544440966,51.9911840533914],[5.917293871216128,51.991224489040064],[5.917440834877895,51.99133869252137],[5.917746404135951,51.99157418048822],[5.918021727401855,51.99179268222115],[5.918110720768038,51.991890736378146],[5.918213867718889,51.99201298525196],[5.918288900161097,51.99210325455586],[5.918447283182825,51.99230301929654],[5.91858588780749,51.99249145794997],[5.918624129595611,51.99253976479579],[5.918655109489376,51.99257890036036],[5.918726770302054,51.99267703324297],[5.918750424239831,51.9927225872067],[5.918789143474313,51.99281124864804],[5.91898735736425,51.99282139953219],[5.919106617054844,51.99284012333248],[5.919360403022713,51.992898192705006],[5.919534324855587,51.99294592046635],[5.92006567519836,51.9930885381085],[5.920954593180836,51.99332688875686],[5.921150492296766,51.99337594077502],[5.921396194831964,51.99343404228546],[5.92164764013889,51.99347879914815],[5.921995044099741,51.993531931427675],[5.922162048599305,51.993552875316325],[5.9223408165567015,51.99357529437167],[5.922357179013031,51.99357734567768],[5.922729178603793,51.993604793822776],[5.922983953879914,51.993617078423576],[5.923556326970847,51.99363610764165],[5.923959711187384,51.993639261575964],[5.924194325317886,51.99363961812247],[5.924832298076061,51.993640984234794],[5.9252911365923895,51.993642453684316],[5.92595801676471,51.993645108805325],[5.926486194466296,51.99364625599411],[5.926780975097845,51.99364776337416],[5.927090713223087,51.993652758058715],[5.927233194911677,51.993653839672774],[5.9272333089557225,51.99362777201602]]]]},"properties":{"buurtcode":"BU02020734","buurtnaam":"Onder de Linden","gemeentenaam":"Arnhem","aantalInwoners":1400,"crime_violent":11,"crime_property":0,"crime_disorder":0,"crime_count":11}},{"type":"Feature","geometry":{"type":"MultiPolygon","coordinates":[[[[5.92798405983939,51.99365079458201],[5.928076382880611,51.993639668569635],[5.928185135204746,51.993617289006224],[5.928328776991898,51.99358095531364],[5.9285069422636365,51.993532571882966],[5.928957021208383,51.993405905944044],[5.929598071658251,51.993228786152855],[5.930848419614366,51.99288330532736],[5.931734193631765,51.99263854755315],[5.93196467425356,51.99257486026365],[5.931844521051622,51.99243336999852],[5.9318157222234404,51.992402967181384],[5.931782727826524,51.99236973087576],[5.931790879544067,51.9923663494652],[5.931917466230246,51.99231322546384],[5.932094267973833,51.99223640101044],[5.932213214459444,51.99218471516266],[5.932213396173278,51.992112713951],[5.932213416566801,51.99210433131058],[5.9322193848880165,51.99210184084608],[5.932166066753252,51.99205508773691],[5.932114588250425,51.99200994398666],[5.932058591896964,51.99196083929659],[5.932012060290895,51.991980934383356],[5.931982407891015,51.99199373901702],[5.931922300497933,51.99201968275022],[5.931907237432572,51.99202618457616],[5.93185835450684,51.992046775861304],[5.931834766226297,51.99205671205618],[5.931818650707562,51.99206347311426],[5.931699019070515,51.992113661577704],[5.931558178627941,51.99198499789062],[5.931503959851366,51.99193546765203],[5.931371757089858,51.991814704089954],[5.931361175942263,51.99180529189116],[5.931353409157996,51.99179947729671],[5.931363158338018,51.99172175477693],[5.931381287960298,51.99159365416598],[5.931407359588918,51.991456550016125],[5.931418256994893,51.991436609252304],[5.931410517004671,51.991429279099776],[5.9313934889587046,51.99141422597298],[5.931436967935504,51.99139095887803],[5.931447295659145,51.99138561874577],[5.931481991583524,51.991367688214744],[5.931490180819114,51.99136345275627],[5.931566705560604,51.99132390038468],[5.931543061000528,51.99130711168664],[5.931574349028273,51.991290306961375],[5.931604696943518,51.99127401891534],[5.931643499094776,51.99125374134562],[5.931707588307018,51.99122006190946],[5.931693762197088,51.99118573643714],[5.931610614451186,51.99117502965959],[5.931531018666357,51.99116547487346],[5.931487334965582,51.991159984687],[5.931470275911027,51.99115784169911],[5.931453138099794,51.991155687388265],[5.931446940884274,51.99115490710968],[5.931343790418166,51.99114194673035],[5.9313464311045685,51.99113399779059],[5.9312385454159635,51.991119549179594],[5.931235247488787,51.991117730807005],[5.931221427021957,51.99111011417185],[5.931203646116725,51.99110031370287],[5.931120231519414,51.99109038980101],[5.931059882809992,51.9910675777437],[5.9309569727073574,51.99103719646882],[5.930913609886761,51.99102117292263],[5.930688373250161,51.99092672776967],[5.930616053447626,51.990897598048136],[5.930614195974957,51.990899784509445],[5.930587236240966,51.99089099439862],[5.930576820114941,51.99088759817623],[5.930397793562292,51.991000715764095],[5.930381842167782,51.991010795270924],[5.9303664296833505,51.991020532526804],[5.930196903916195,51.99092439821784],[5.9301139055025835,51.99087016714845],[5.930121268579997,51.99084351323072],[5.930130513136654,51.990810041943874],[5.930204310462746,51.99054215640036],[5.930124729604092,51.990534196930106],[5.930076980582264,51.99052896946942],[5.930071215632655,51.99052660517188],[5.929819821210056,51.99038891652698],[5.92981571159763,51.99038666682238],[5.929746825726902,51.99034882898061],[5.92951385826705,51.99023151759378],[5.929490842001332,51.990220220173335],[5.929458685171912,51.9902044374494],[5.929422510954767,51.99018668231347],[5.929416150919004,51.99018205565991],[5.929347395580336,51.99013208269409],[5.929470167966052,51.989888588280806],[5.929107649911522,51.989789867973606],[5.929087601774129,51.98978440912293],[5.929035491236694,51.98977021926373],[5.9290158740588454,51.98976488065746],[5.928984024074405,51.989811074746406],[5.928926759248238,51.98979504259593],[5.92851954234953,51.98967722382741],[5.928518731498923,51.989676989367474],[5.928509389556654,51.98969065781842],[5.928468316334722,51.98975074617733],[5.928421028505933,51.98981993956468],[5.92841367653158,51.98983069830669],[5.928379659765557,51.98981540112868],[5.928102575476955,51.989701028679335],[5.928044659973729,51.98967712259075],[5.927943134786513,51.98976040723762],[5.9278433010341915,51.989718134579704],[5.927799910541939,51.98970082468073],[5.927690542915486,51.9896535199828],[5.92763855718657,51.98963103447222],[5.92726556832912,51.98948357317504],[5.927179865766334,51.98944968952547],[5.927185435906339,51.9894444857589],[5.927200523760193,51.98942966209648],[5.927217937100593,51.98941294199705],[5.9273412433529415,51.989294536598],[5.9271757578579765,51.9892300957296],[5.927019207227037,51.9891691352643],[5.927095862690278,51.98909327220446],[5.927027286899257,51.98906511181823],[5.9269543365252995,51.9890351558174],[5.9269230846618175,51.989022323623196],[5.9268829225084705,51.989005830895984],[5.926811347582879,51.98897643476269],[5.9267362174504274,51.988945580802266],[5.926680137032848,51.98892255817107],[5.926655949495318,51.98891241338367],[5.926615115190486,51.98895015403402],[5.926545746404025,51.988920172367145],[5.926491998128865,51.98896998962962],[5.926421351436008,51.98894027441128],[5.926425239362467,51.9889367061846],[5.926304302649665,51.9888848224338],[5.926277347026093,51.988910832460746],[5.926255257105561,51.98890077684966],[5.926231582678928,51.98892240348436],[5.926050579415209,51.988988927870786],[5.925984114092492,51.98901335440795],[5.925975572814539,51.98900768592193],[5.925888138368115,51.98894606758676],[5.925874748935923,51.988936630904675],[5.925869718566637,51.988941206547466],[5.925691777017227,51.9891030586082],[5.925300601725121,51.98946079330149],[5.9252354650072485,51.989520806343506],[5.924856577099666,51.989869886845774],[5.92477619978037,51.9899545048166],[5.924611456044521,51.99009843860413],[5.924553187955375,51.99014934522773],[5.924371686368078,51.990331404749355],[5.924349548826683,51.99035360911993],[5.924125877021581,51.99057401730258],[5.924043278853734,51.9906498102365],[5.923959178370414,51.99072698069101],[5.923813399383388,51.9908578511929],[5.923613527628425,51.99105555665597],[5.923459193607954,51.9911959780994],[5.923320153751941,51.99132681724926],[5.9231935396156015,51.99145266410295],[5.923144081959902,51.991501821175845],[5.923009776647429,51.99162609754848],[5.922989928381992,51.99164626165644],[5.923371126754134,51.99176206183387],[5.923716805758945,51.99186153994512],[5.923738070528534,51.99186766019774],[5.923742444930221,51.991868934568],[5.924034193600357,51.99195393300677],[5.924072364679051,51.99196475784617],[5.924284981561127,51.992026809100594],[5.924652700083584,51.9921350957916],[5.924885988367811,51.99219927702861],[5.925067660076062,51.99224925763769],[5.925302571351776,51.992314031950684],[5.925538068288619,51.99237926421835],[5.925958263299908,51.99249565594942],[5.9261442642842255,51.992548637856046],[5.926422451615407,51.99262850534162],[5.926647056402501,51.99269298805837],[5.926859560037752,51.99275399613791],[5.927019233268823,51.99279611817022],[5.9271432979217895,51.99282170846756],[5.927261494672551,51.99283989400113],[5.927258690623,51.99284704093464],[5.927252375878528,51.99288244540599],[5.927235570640122,51.993109782393155],[5.9272333089557225,51.99362777201602],[5.927233194911677,51.993653839672774],[5.927442083027035,51.993655425099746],[5.9278327027588595,51.99365434412415],[5.92798405983939,51.99365079458201]]]]},"properties":{"buurtcode":"BU02020735","buurtnaam":"St. Janskerkstraat e.o.","gemeentenaam":"Arnhem","aantalInwoners":1430,"crime_violent":6,"crime_property":0,"crime_disorder":0,"crime_count":6}},{"type":"Feature","geometry":{"type":"MultiPolygon","coordinates":[[[[5.931818650707562,51.99206347311426],[5.931834766226297,51.99205671205618],[5.93185835450684,51.992046775861304],[5.931907237432572,51.99202618457616],[5.931922300497933,51.99201968275022],[5.931982407891015,51.99199373901702],[5.932012060290895,51.991980934383356],[5.932058591896964,51.99196083929659],[5.932053131254622,51.99195598391009],[5.932151511673261,51.99192898194325],[5.932227636104133,51.99190808724417],[5.932283424424578,51.99189277143275],[5.932341694506,51.99187501004459],[5.932367597823096,51.991867968955184],[5.932373176885333,51.99186639709958],[5.932458524880607,51.991843009273886],[5.932488287572817,51.99183486267593],[5.93254607867985,51.99181843368398],[5.932557998436923,51.99181506620947],[5.932585484211187,51.99180825592668],[5.9326011933182645,51.991804128439675],[5.932678089620347,51.99178328559653],[5.932735607964277,51.991766348135776],[5.932747259285546,51.99176305828814],[5.932785826450499,51.991752192247866],[5.932839397597248,51.991735971439724],[5.932898190877123,51.991718166899915],[5.932924606479431,51.99171016605],[5.932942492543631,51.99170475296867],[5.933013362808979,51.99167797138848],[5.93304266741301,51.99166689656887],[5.93304690105626,51.99166543878483],[5.93307665214571,51.99165516184915],[5.933115098232285,51.99164034497807],[5.933177397427962,51.991616340931984],[5.933184158150951,51.991613172612745],[5.933188486799575,51.99161114811574],[5.933256832743564,51.991579155866035],[5.933261986524987,51.99157674103631],[5.9333285086912655,51.991543247166014],[5.933352385578805,51.991531235714],[5.933382094238418,51.9915162939371],[5.933422707519695,51.991494146778834],[5.933468923099703,51.991469357975234],[5.933497704305426,51.991454780010606],[5.933531450090855,51.99143791660931],[5.933540551139461,51.99143336937061],[5.93356344772409,51.991421927796466],[5.933611637552504,51.99139786681187],[5.933633310135964,51.99138658461074],[5.9337334548655996,51.99133441828312],[5.9337388653891665,51.991331570797946],[5.933753887439144,51.9913229395829],[5.933828433322721,51.99128007372883],[5.93378216108627,51.99124286120818],[5.93377452315461,51.99122303241626],[5.9337733202253125,51.99121990106706],[5.933746738147733,51.99115091305573],[5.933745430134716,51.991147521531914],[5.93372857870482,51.99109565607698],[5.933747800013078,51.99107439917122],[5.933764251660516,51.99105621027654],[5.93378270873229,51.99103580272098],[5.9338314962324095,51.99099512837],[5.933884708390677,51.99095076618187],[5.933864675769916,51.99093532739174],[5.933840454320694,51.99091665427719],[5.933943158418199,51.990891800496385],[5.933932965631122,51.99086543107181],[5.933912534551396,51.99086865398535],[5.933847429873092,51.99082090477235],[5.9338366278306305,51.99081298229357],[5.933868065122174,51.99080159174948],[5.933872764480445,51.99079988908508],[5.933889376562111,51.99079439189497],[5.9342200424420675,51.99068495827375],[5.93418668152014,51.99063317864462],[5.9341733228835825,51.99061583030268],[5.934159668390445,51.990604065109146],[5.9341409007299655,51.99059206302699],[5.934117402858288,51.990582572712775],[5.934089844569449,51.990575600037666],[5.934059734277162,51.990573061496214],[5.934041065847055,51.9905739662281],[5.934024343656787,51.99057567985057],[5.9339994660918345,51.99058079303064],[5.933980613172482,51.99058567146764],[5.933864111796761,51.99050220771049],[5.933767269969276,51.99042757164234],[5.933675785695786,51.99035743085252],[5.933506673639815,51.99035978937225],[5.933380118964797,51.990359842274785],[5.933275337400215,51.990359888339384],[5.933272346229078,51.990328272171986],[5.933270790988099,51.99031174979017],[5.933269972319773,51.99030310678431],[5.9332670135571615,51.990271760116904],[5.933263552368249,51.99023502276313],[5.933263300605767,51.99023228248071],[5.933262198324697,51.990220674631196],[5.933256649391049,51.99017150707262],[5.933252357631737,51.99013351520277],[5.9332520031956895,51.990129517026],[5.933250998777911,51.990118173878486],[5.933247111721675,51.99007432061457],[5.933243090736585,51.99002891388376],[5.933241318039774,51.99000887985742],[5.933241032018827,51.99000571728073],[5.933238805149754,51.98998066805753],[5.9332347869621405,51.98993525052678],[5.933233555860967,51.98992143213677],[5.9332317042302165,51.989900893330365],[5.933230583957008,51.98987943880973],[5.93322942964585,51.98986953449586],[5.933228913103883,51.98986537528083],[5.933222227403372,51.98981132332479],[5.933221050382752,51.98979835857791],[5.9332181039044585,51.98976586313719],[5.933214582670237,51.98972693829025],[5.9332112613696575,51.989690323423446],[5.933211008792616,51.98968751573185],[5.933206149030435,51.98963395864609],[5.933205576998353,51.98962763349237],[5.93320519028035,51.98962337480236],[5.93320488707934,51.989619996584466],[5.93320005163206,51.989566641623426],[5.933198774469855,51.98955262570207],[5.933194126103471,51.98949789465186],[5.933191884269934,51.98947137320119],[5.9331905526695525,51.98945563626032],[5.933180469241237,51.98933811704288],[5.933178430411748,51.98931487450361],[5.933177989955716,51.98930978913327],[5.933174209872236,51.98924744989284],[5.933173781134067,51.98923794668616],[5.933170728531745,51.989166602220045],[5.933315990059193,51.98916374369979],[5.933325408162722,51.9891636280651],[5.933330546673232,51.98916356825344],[5.933376516229649,51.989162995271386],[5.933402004751789,51.98916267917036],[5.933489984650768,51.98916159646256],[5.93354878006391,51.989160871263906],[5.93367785161364,51.98915927665735],[5.933685605864768,51.98915917861116],[5.933692466346807,51.98915909190773],[5.933707353157069,51.989075763505426],[5.933749094345771,51.9888421479758],[5.933752447053685,51.988823385361016],[5.933764460334599,51.98882477666594],[5.933778171516111,51.98876947135049],[5.933779568797785,51.988763830050466],[5.9337382570514565,51.98875628932222],[5.933407332433073,51.98870550612554],[5.933057278930661,51.98866551322152],[5.932644606050633,51.988623431353695],[5.932322429380741,51.988579145377926],[5.93193845129939,51.988520874825475],[5.931528445289888,51.988460346053216],[5.931026768111517,51.988384187410254],[5.930737498250715,51.98833736573201],[5.930421898562991,51.988279369268966],[5.9297338992070125,51.988164230843175],[5.929520667414817,51.98813013619434],[5.929053751780488,51.98804896684082],[5.9289208221357805,51.988022944817196],[5.928793402567532,51.98799749050446],[5.928573903832812,51.987954624288946],[5.92840645376938,51.987915798446075],[5.928229553515057,51.987872694228614],[5.928120010450573,51.98784152844535],[5.927567867641532,51.98766555115021],[5.927288227859706,51.98756242758086],[5.927224382405988,51.987538344282946],[5.927029948205295,51.98746551335095],[5.926768685623119,51.98736064585205],[5.926241625874972,51.987156923342],[5.925823195296304,51.986985043908],[5.925320122511111,51.98677839227879],[5.925319967428454,51.98677832827211],[5.924842921566363,51.98657762717033],[5.924654582969337,51.98649515590184],[5.924567510981769,51.986454840048445],[5.924473954023824,51.986413220779504],[5.924350971790286,51.98635898942301],[5.924193562566995,51.98628608000509],[5.92396655477397,51.986183154089325],[5.923844786987197,51.9861260484761],[5.923624750785897,51.98602285729548],[5.923449377182149,51.98593610224346],[5.923307639077248,51.985872180465186],[5.923146678499812,51.985795147595454],[5.922942788970959,51.98570332824849],[5.922767392084409,51.985626717455474],[5.922532866874433,51.985533608643955],[5.922411526714127,51.9854842197115],[5.922085349120733,51.98536013607292],[5.9219675056399055,51.98531322685072],[5.921781053940771,51.985229886728874],[5.921745924373824,51.98521552029659],[5.921729246508406,51.98522985882894],[5.921324792711361,51.98557757296028],[5.921420188994463,51.985617078600065],[5.921646584840815,51.98571177885325],[5.921659398284693,51.985717137915536],[5.921685831341431,51.98569265753759],[5.921699512933213,51.98567998648798],[5.921759945909641,51.98562540415046],[5.921807265661837,51.985645574685165],[5.9218308630952805,51.98565896794702],[5.9219046407883225,51.98569166300458],[5.921922707758674,51.985699312658596],[5.92197563968078,51.98572742130111],[5.921865488802185,51.985812214946435],[5.921816194204259,51.985849618484295],[5.921747565709365,51.985901694388865],[5.921725761920827,51.9859182385892],[5.921605695913038,51.986008129404816],[5.921555690890903,51.98604556841722],[5.921673561373152,51.98612270579209],[5.921733055498668,51.98615270283992],[5.9217267203113995,51.986157494564246],[5.9216461213284965,51.986218443288436],[5.92200885629301,51.98640371918294],[5.922051745609377,51.98637019710801],[5.922101258041431,51.98633149726168],[5.922238325656867,51.986392974428604],[5.922632657079401,51.98661937654356],[5.922827067700603,51.98673099332541],[5.922880538970142,51.98676169314939],[5.923082313484695,51.98686045497122],[5.923162787771009,51.986899843827814],[5.923360236282088,51.98699648565635],[5.923973374765839,51.987280231844856],[5.924026655491718,51.98723203306568],[5.924083580522371,51.98726071667042],[5.924239107040361,51.98733904313408],[5.924372099954237,51.98740622786342],[5.924506707621647,51.98747461490008],[5.924562061026413,51.98750305917213],[5.9244834889806,51.987575712413914],[5.92443369683281,51.98762175263807],[5.924630755396335,51.98769447608761],[5.924707812997154,51.987725622791565],[5.924969523508264,51.9878314069228],[5.925134754669935,51.98789888651925],[5.9251426832398435,51.987891129254166],[5.925329669538978,51.98796140782527],[5.925481221667832,51.98801837470965],[5.9253540132498825,51.9881398862302],[5.925797721461218,51.988509148382626],[5.925786392178535,51.98851994854314],[5.92574165068589,51.988562595552665],[5.9257277664479355,51.98857582797168],[5.925782846996869,51.9886044068465],[5.9257993339630035,51.98861296107961],[5.925812955426597,51.9886200291733],[5.92582069982763,51.9886237229816],[5.925703544355986,51.988724713342926],[5.925646570235198,51.98877328392013],[5.925807207170751,51.98888551149381],[5.925843809960614,51.988913214094254],[5.925874748935923,51.988936630904675],[5.925888138368115,51.98894606758676],[5.925975572814539,51.98900768592193],[5.925984114092492,51.98901335440795],[5.926050579415209,51.988988927870786],[5.926231582678928,51.98892240348436],[5.926255257105561,51.98890077684966],[5.926277347026093,51.988910832460746],[5.926304302649665,51.9888848224338],[5.926425239362467,51.9889367061846],[5.926421351436008,51.98894027441128],[5.926491998128865,51.98896998962962],[5.926545746404025,51.988920172367145],[5.926615115190486,51.98895015403402],[5.926655949495318,51.98891241338367],[5.926680137032848,51.98892255817107],[5.9267362174504274,51.988945580802266],[5.926811347582879,51.98897643476269],[5.9268829225084705,51.989005830895984],[5.9269230846618175,51.989022323623196],[5.9269543365252995,51.9890351558174],[5.927027286899257,51.98906511181823],[5.927095862690278,51.98909327220446],[5.927019207227037,51.9891691352643],[5.9271757578579765,51.9892300957296],[5.9273412433529415,51.989294536598],[5.927217937100593,51.98941294199705],[5.927200523760193,51.98942966209648],[5.927185435906339,51.9894444857589],[5.927179865766334,51.98944968952547],[5.92726556832912,51.98948357317504],[5.92763855718657,51.98963103447222],[5.927690542915486,51.9896535199828],[5.927799910541939,51.98970082468073],[5.9278433010341915,51.989718134579704],[5.927943134786513,51.98976040723762],[5.928044659973729,51.98967712259075],[5.928102575476955,51.989701028679335],[5.928379659765557,51.98981540112868],[5.92841367653158,51.98983069830669],[5.928421028505933,51.98981993956468],[5.928468316334722,51.98975074617733],[5.928509389556654,51.98969065781842],[5.928518731498923,51.989676989367474],[5.92851954234953,51.98967722382741],[5.928926759248238,51.98979504259593],[5.928984024074405,51.989811074746406],[5.9290158740588454,51.98976488065746],[5.929035491236694,51.98977021926373],[5.929087601774129,51.98978440912293],[5.929107649911522,51.989789867973606],[5.929470167966052,51.989888588280806],[5.929347395580336,51.99013208269409],[5.929416150919004,51.99018205565991],[5.929422510954767,51.99018668231347],[5.929458685171912,51.9902044374494],[5.929490842001332,51.990220220173335],[5.92951385826705,51.99023151759378],[5.929746825726902,51.99034882898061],[5.92981571159763,51.99038666682238],[5.929819821210056,51.99038891652698],[5.930071215632655,51.99052660517188],[5.930076980582264,51.99052896946942],[5.930124729604092,51.990534196930106],[5.930204310462746,51.99054215640036],[5.930130513136654,51.990810041943874],[5.930121268579997,51.99084351323072],[5.9301139055025835,51.99087016714845],[5.930196903916195,51.99092439821784],[5.9303664296833505,51.991020532526804],[5.930381842167782,51.991010795270924],[5.930397793562292,51.991000715764095],[5.930576820114941,51.99088759817623],[5.930587236240966,51.99089099439862],[5.930614195974957,51.990899784509445],[5.930616053447626,51.990897598048136],[5.930688373250161,51.99092672776967],[5.930913609886761,51.99102117292263],[5.9309569727073574,51.99103719646882],[5.931059882809992,51.9910675777437],[5.931120231519414,51.99109038980101],[5.931203646116725,51.99110031370287],[5.931221427021957,51.99111011417185],[5.931235247488787,51.991117730807005],[5.9312385454159635,51.991119549179594],[5.9313464311045685,51.99113399779059],[5.931343790418166,51.99114194673035],[5.931446940884274,51.99115490710968],[5.931453138099794,51.991155687388265],[5.931470275911027,51.99115784169911],[5.931487334965582,51.991159984687],[5.931531018666357,51.99116547487346],[5.931610614451186,51.99117502965959],[5.931693762197088,51.99118573643714],[5.931707588307018,51.99122006190946],[5.931643499094776,51.99125374134562],[5.931604696943518,51.99127401891534],[5.931574349028273,51.991290306961375],[5.931543061000528,51.99130711168664],[5.931566705560604,51.99132390038468],[5.931490180819114,51.99136345275627],[5.931481991583524,51.991367688214744],[5.931447295659145,51.99138561874577],[5.931436967935504,51.99139095887803],[5.9313934889587046,51.99141422597298],[5.931410517004671,51.991429279099776],[5.931418256994893,51.991436609252304],[5.931407359588918,51.991456550016125],[5.931381287960298,51.99159365416598],[5.931363158338018,51.99172175477693],[5.931353409157996,51.99179947729671],[5.931361175942263,51.99180529189116],[5.931371757089858,51.991814704089954],[5.931503959851366,51.99193546765203],[5.931558178627941,51.99198499789062],[5.931699019070515,51.992113661577704],[5.931818650707562,51.99206347311426]]]]},"properties":{"buurtcode":"BU02020840","buurtnaam":"Velperweg-Noord","gemeentenaam":"Arnhem","aantalInwoners":1740,"crime_violent":8,"crime_property":0,"crime_disorder":8,"crime_count":16}},{"type":"Feature","geometry":{"type":"MultiPolygon","coordinates":[[[[5.929502062200296,51.98757913899965],[5.929651069197412,51.98744681997136],[5.929759183947672,51.98734911302917],[5.929859738400333,51.987263331575825],[5.9299368268750445,51.98718806414806],[5.929992799715826,51.98711854150531],[5.93003487441129,51.98705604356896],[5.930055233128885,51.987025801727434],[5.930089931934087,51.98694894474005],[5.930132756610406,51.98682745984217],[5.930196914104819,51.98664284911303],[5.930227821754719,51.98654125112293],[5.93028840662301,51.986361510557536],[5.9303717011906825,51.98612301148998],[5.930478879273132,51.985813353482044],[5.930591055748336,51.98547132852067],[5.930695937939605,51.98516310823711],[5.930805916361832,51.98483060647672],[5.930918938698353,51.98449523671386],[5.930993157861593,51.98426325879283],[5.931024234534604,51.98415799970914],[5.9310598461448,51.9840455846769],[5.931116516592529,51.983843109438816],[5.931143747394819,51.98373862492184],[5.931161303694666,51.98364147471016],[5.931170636971888,51.9835898239112],[5.931183499162225,51.983518642135984],[5.9311967365471014,51.983445393095444],[5.9307357357202015,51.983400117974895],[5.930350248371258,51.983372409766645],[5.929957082909189,51.983346637668376],[5.929412934055903,51.983320609434394],[5.929087815590784,51.98331640020122],[5.928491705452679,51.98332485279093],[5.928174496658501,51.983337727475835],[5.927645073398383,51.983382968519244],[5.927244996790639,51.98342285758418],[5.926831272277853,51.983480880819215],[5.926469013023995,51.98353082158703],[5.9264682017442265,51.983530904404454],[5.926408035785003,51.983539193384374],[5.926257829278387,51.983577258250854],[5.9261271353021545,51.98360738397461],[5.925813573533075,51.98367965857499],[5.92560882780545,51.98372555854071],[5.9251655383295,51.98383594174373],[5.924640101329857,51.98396041941213],[5.924272600563621,51.984051636646264],[5.924140668817865,51.98408256037704],[5.923827333259529,51.98416211369803],[5.923609018683828,51.98421626227551],[5.923220773813649,51.98431256475053],[5.922960418573074,51.98437796209397],[5.922593457569123,51.98446667373231],[5.9223313739051635,51.984532791221184],[5.921930424236612,51.98462985999915],[5.921844009043463,51.98465058632558],[5.92155714202734,51.984721808671424],[5.9212299280559595,51.98480106125557],[5.921078417352903,51.984837778043484],[5.920912521086685,51.9848798972047],[5.92091213067074,51.984879996050665],[5.920934979621456,51.984889268128],[5.920943892471443,51.984892885046975],[5.921287612357322,51.98503236205643],[5.921566239359375,51.98514203807978],[5.921745924373824,51.98521552029659],[5.921781053940771,51.985229886728874],[5.9219675056399055,51.98531322685072],[5.922085349120733,51.98536013607292],[5.922411526714127,51.9854842197115],[5.922532866874433,51.985533608643955],[5.922767392084409,51.985626717455474],[5.922942788970959,51.98570332824849],[5.923146678499812,51.985795147595454],[5.923307639077248,51.985872180465186],[5.923449377182149,51.98593610224346],[5.923624750785897,51.98602285729548],[5.923844786987197,51.9861260484761],[5.92396655477397,51.986183154089325],[5.924193562566995,51.98628608000509],[5.924350971790286,51.98635898942301],[5.924473954023824,51.986413220779504],[5.924567510981769,51.986454840048445],[5.924654582969337,51.98649515590184],[5.924842921566363,51.98657762717033],[5.925319967428454,51.98677832827211],[5.925320122511111,51.98677839227879],[5.925823195296304,51.986985043908],[5.926241625874972,51.987156923342],[5.926768685623119,51.98736064585205],[5.927029948205295,51.98746551335095],[5.927224382405988,51.987538344282946],[5.927288227859706,51.98756242758086],[5.927567867641532,51.98766555115021],[5.928120010450573,51.98784152844535],[5.928229553515057,51.987872694228614],[5.92840645376938,51.987915798446075],[5.928573903832812,51.987954624288946],[5.928793402567532,51.98799749050446],[5.9289208221357805,51.988022944817196],[5.929053751780488,51.98804896684082],[5.929502062200296,51.98757913899965]]]]},"properties":{"buurtcode":"BU02020841","buurtnaam":"Molenbeke","gemeentenaam":"Arnhem","aantalInwoners":1175,"crime_violent":3,"crime_property":0,"crime_disorder":0,"crime_count":3}},{"type":"Feature","geometry":{"type":"MultiPolygon","coordinates":[[[[5.933779828514076,51.98876089144544],[5.933798976621197,51.98868128867658],[5.933802011140755,51.98866867198584],[5.933849816512823,51.98847159290048],[5.933854237711677,51.98847097732304],[5.93393883889423,51.988459287525956],[5.9339895961043085,51.98845203616215],[5.934116094572594,51.98843313604187],[5.934289083292164,51.98840450716839],[5.934413997759617,51.98838204661147],[5.934442774873326,51.98837626623584],[5.934429599892694,51.98831463497283],[5.934422918363108,51.98828165987341],[5.9344151477242155,51.98824330490928],[5.934411617224436,51.988225883002116],[5.934402878486243,51.988182757919844],[5.934394342645129,51.988140629601645],[5.93438734208596,51.988106083019176],[5.934378654440396,51.98806320397828],[5.934692711424606,51.98803485835174],[5.934685088869483,51.98800196943967],[5.9347066372544806,51.98799974788323],[5.934683633983404,51.987900704267304],[5.934666869505096,51.98782852480561],[5.934663146235387,51.98781248980845],[5.934658141438031,51.987790937423505],[5.934649367365053,51.9877531579036],[5.934636198516078,51.98769644866001],[5.93463039326247,51.987671456555034],[5.934614146491872,51.98760148221785],[5.934608539302738,51.987577328703416],[5.934600092207607,51.987540925574095],[5.934591794354287,51.987505178799076],[5.934577330294245,51.987442891101466],[5.934626759649135,51.98743847247958],[5.934625960637939,51.98743503365307],[5.934624091629031,51.987427066073295],[5.934621617413874,51.98741650906454],[5.934619187830346,51.98740614959207],[5.93460857521794,51.98736086165109],[5.93457172970456,51.98720354791184],[5.934549811230755,51.98710994975908],[5.934538923439055,51.9870634550541],[5.934660274058083,51.98705394596704],[5.934725503120539,51.98704883446318],[5.934729768316649,51.98704821238776],[5.934721733552694,51.98701732081067],[5.934927997493308,51.98699750287215],[5.934913666808903,51.986940795467994],[5.935160472952115,51.98691656918235],[5.9355223247295115,51.98686708180363],[5.935757649074857,51.98683387897048],[5.935837990166018,51.9868206616634],[5.935873736966568,51.986814208450824],[5.935903261761509,51.98680883319635],[5.935923406127701,51.98680244825963],[5.9359508471099,51.98678548951439],[5.936095820783224,51.986695897398],[5.936450114311733,51.98647694782028],[5.9367423037320775,51.986296374671056],[5.93701169576507,51.98612988876553],[5.9372221410386254,51.985994092754375],[5.93726564926344,51.98596320298677],[5.93732454805615,51.98591156706491],[5.937408533158144,51.9858344773408],[5.937492488795516,51.98575501026858],[5.9376229722103995,51.98563786906005],[5.937702299872956,51.985572325807254],[5.937703255341207,51.985571535751355],[5.937576614663334,51.985518892084215],[5.937306908381418,51.98540193156327],[5.937306153175618,51.98540160252562],[5.9369602571897575,51.985260650728044],[5.93678753845122,51.98518440509008],[5.936534394824055,51.985082850579225],[5.936344666654275,51.9850014516033],[5.9359815272850796,51.984849991838395],[5.935776960834715,51.98476283761576],[5.935600541344138,51.984687674421245],[5.935400791519878,51.98460536878645],[5.935118974126777,51.98448920035678],[5.934919201380383,51.98440499207408],[5.934688886099266,51.9843111750432],[5.934630440241457,51.98428766565219],[5.934472939963251,51.98422704128958],[5.934366108464591,51.98418378024156],[5.934164153137825,51.98410980690602],[5.93406746017499,51.98407672361097],[5.933927426921417,51.98402695795077],[5.933801788015577,51.983989015048316],[5.933711545532428,51.98396152191294],[5.933594961905283,51.983926003122946],[5.933522837802894,51.983904997069715],[5.933443055807997,51.98388176146872],[5.933273380079024,51.98383308276898],[5.933182971620584,51.98380995834891],[5.933001763479096,51.983762998338435],[5.932871605802254,51.98373339954658],[5.9326333110716,51.98367956883873],[5.932527034356191,51.98365761228689],[5.93244901683842,51.98364149471267],[5.9321893329633975,51.98359315888204],[5.932033798876218,51.983567006042286],[5.931835425599419,51.983533679117386],[5.931666434614525,51.98350949004622],[5.931404851025722,51.983472412026714],[5.9311967365471014,51.983445393095444],[5.931183499162225,51.983518642135984],[5.931170636971888,51.9835898239112],[5.931161303694666,51.98364147471016],[5.931143747394819,51.98373862492184],[5.931116516592529,51.983843109438816],[5.9310598461448,51.9840455846769],[5.931024234534604,51.98415799970914],[5.930993157861593,51.98426325879283],[5.930918938698353,51.98449523671386],[5.930805916361832,51.98483060647672],[5.930695937939605,51.98516310823711],[5.930591055748336,51.98547132852067],[5.930478879273132,51.985813353482044],[5.9303717011906825,51.98612301148998],[5.93028840662301,51.986361510557536],[5.930227821754719,51.98654125112293],[5.930196914104819,51.98664284911303],[5.930132756610406,51.98682745984217],[5.930089931934087,51.98694894474005],[5.930055233128885,51.987025801727434],[5.93003487441129,51.98705604356896],[5.929992799715826,51.98711854150531],[5.9299368268750445,51.98718806414806],[5.929859738400333,51.987263331575825],[5.929759183947672,51.98734911302917],[5.929651069197412,51.98744681997136],[5.929502062200296,51.98757913899965],[5.929053751780488,51.98804896684082],[5.929520667414817,51.98813013619434],[5.9297338992070125,51.988164230843175],[5.930421898562991,51.988279369268966],[5.930737498250715,51.98833736573201],[5.931026768111517,51.988384187410254],[5.931528445289888,51.988460346053216],[5.93193845129939,51.988520874825475],[5.932322429380741,51.988579145377926],[5.932644606050633,51.988623431353695],[5.933057278930661,51.98866551322152],[5.933407332433073,51.98870550612554],[5.9337382570514565,51.98875628932222],[5.933779568797785,51.988763830050466],[5.933779828514076,51.98876089144544]]]]},"properties":{"buurtcode":"BU02020842","buurtnaam":"Terrein ENKA","gemeentenaam":"Arnhem","aantalInwoners":185,"crime_violent":0,"crime_property":0,"crime_disorder":0,"crime_count":0}},{"type":"Feature","geometry":{"type":"MultiPolygon","coordinates":[[[[5.943834264702889,51.99123896692516],[5.943916522071261,51.99116247576034],[5.943968775774102,51.99108509561101],[5.943986121681733,51.99105940922519],[5.944070798856198,51.99092963512261],[5.944142888951152,51.990778992939966],[5.944205166739218,51.99058273625952],[5.944237457147961,51.99045321011723],[5.944266663937535,51.990323699467794],[5.9443240073512795,51.99022639838129],[5.94442724184814,51.9901022437057],[5.944552258012805,51.989995108561175],[5.944678993787989,51.98991707486876],[5.944723520819038,51.98988965779534],[5.944904262390594,51.989803185716724],[5.945001058447199,51.989755965562814],[5.945097236371655,51.98970904577582],[5.945321212585553,51.98962997930465],[5.945535991035581,51.989554760847845],[5.945595938650951,51.98953488068625],[5.945704784055233,51.98949878517212],[5.945731057263091,51.98948466460688],[5.945833351491038,51.98942968315539],[5.9459740076661225,51.98934149787285],[5.94616713148597,51.98919151607693],[5.945796024170548,51.989002936106736],[5.945220000319326,51.98871030188458],[5.945063249383182,51.988632396363776],[5.944909203214966,51.98855583415396],[5.944706269578713,51.988451256638726],[5.944489930066801,51.988338605126074],[5.9442996239206405,51.98824390372138],[5.944109699950654,51.988148962907026],[5.94394305224704,51.98806722877446],[5.943791103290908,51.987990419682056],[5.943635361954672,51.98791838408578],[5.9434672288998,51.987840937471475],[5.9432777020707634,51.98775449554261],[5.943061274364524,51.987657418680115],[5.942985312785828,51.98762775292531],[5.942760741220117,51.98753398396848],[5.942531357930469,51.98744023730556],[5.942313616621216,51.98735357021617],[5.942194607863882,51.98730758111127],[5.94216817044593,51.98729736474695],[5.942115260541846,51.98727691868358],[5.941862294289615,51.98718387612543],[5.941507359693405,51.98705243087558],[5.9413899677158,51.987010617426854],[5.941243116197325,51.98695831120368],[5.941104969885592,51.986906879712556],[5.940885166492569,51.98682420334753],[5.940853442337768,51.98681293746842],[5.940656856451899,51.986738950091386],[5.940451369198353,51.98666143677753],[5.940402611331612,51.98664311683724],[5.940249350162106,51.98658390769486],[5.940102333503085,51.986531327582576],[5.939963790818056,51.98647870745961],[5.939836099726204,51.98643150650499],[5.939687863727359,51.98637369947672],[5.939555128983497,51.986323429912595],[5.939405748146799,51.98626634153357],[5.9392269223907475,51.98619536026784],[5.939078312480524,51.986138267809174],[5.938938537418397,51.98607923088189],[5.938742679714812,51.98600119470523],[5.938489112068771,51.98589726805123],[5.938228185495887,51.98578980784341],[5.937990073875477,51.985689612484805],[5.937748577357136,51.98559037626923],[5.937703255341207,51.985571535751355],[5.937702299872956,51.985572325807254],[5.9376229722103995,51.98563786906005],[5.937492488795516,51.98575501026858],[5.937408533158144,51.9858344773408],[5.93732454805615,51.98591156706491],[5.93726564926344,51.98596320298677],[5.9372221410386254,51.985994092754375],[5.93701169576507,51.98612988876553],[5.9367423037320775,51.986296374671056],[5.936450114311733,51.98647694782028],[5.936095820783224,51.986695897398],[5.9359508471099,51.98678548951439],[5.935923406127701,51.98680244825963],[5.935903261761509,51.98680883319635],[5.935873736966568,51.986814208450824],[5.935837990166018,51.9868206616634],[5.935757649074857,51.98683387897048],[5.9355223247295115,51.98686708180363],[5.935160472952115,51.98691656918235],[5.934913666808903,51.986940795467994],[5.934927997493308,51.98699750287215],[5.934721733552694,51.98701732081067],[5.934729768316649,51.98704821238776],[5.934725503120539,51.98704883446318],[5.934660274058083,51.98705394596704],[5.934538923439055,51.9870634550541],[5.934549811230755,51.98710994975908],[5.93457172970456,51.98720354791184],[5.93460857521794,51.98736086165109],[5.934619187830346,51.98740614959207],[5.934621617413874,51.98741650906454],[5.934624091629031,51.987427066073295],[5.934625960637939,51.98743503365307],[5.934626759649135,51.98743847247958],[5.934577330294245,51.987442891101466],[5.934591794354287,51.987505178799076],[5.934600092207607,51.987540925574095],[5.934608539302738,51.987577328703416],[5.934614146491872,51.98760148221785],[5.93463039326247,51.987671456555034],[5.934636198516078,51.98769644866001],[5.934649367365053,51.9877531579036],[5.934658141438031,51.987790937423505],[5.934663146235387,51.98781248980845],[5.934666869505096,51.98782852480561],[5.934683633983404,51.987900704267304],[5.9347066372544806,51.98799974788323],[5.934685088869483,51.98800196943967],[5.934692711424606,51.98803485835174],[5.934378654440396,51.98806320397828],[5.93438734208596,51.988106083019176],[5.934394342645129,51.988140629601645],[5.934402878486243,51.988182757919844],[5.934411617224436,51.988225883002116],[5.9344151477242155,51.98824330490928],[5.934422918363108,51.98828165987341],[5.934429599892694,51.98831463497283],[5.934442774873326,51.98837626623584],[5.934413997759617,51.98838204661147],[5.934289083292164,51.98840450716839],[5.934116094572594,51.98843313604187],[5.9339895961043085,51.98845203616215],[5.93393883889423,51.988459287525956],[5.933854237711677,51.98847097732304],[5.933849816512823,51.98847159290048],[5.933802011140755,51.98866867198584],[5.933798976621197,51.98868128867658],[5.933779828514076,51.98876089144544],[5.933779568797785,51.988763830050466],[5.933868915012641,51.988780184430986],[5.934087639651115,51.98882006474317],[5.934285571725549,51.988862546419114],[5.934538580302329,51.988920229680275],[5.9347945155548585,51.988980870327715],[5.935112253767243,51.98905549247741],[5.935423223640762,51.98912776699546],[5.935842380163192,51.989226885023704],[5.936262522663104,51.989327781150806],[5.936806245984898,51.98945425815133],[5.937149122581897,51.989536485548705],[5.937560546097042,51.989632661173175],[5.937927542532473,51.98971834183127],[5.9384326769173335,51.98983845116892],[5.9388344318300765,51.98993110107566],[5.939209173905848,51.99001971297479],[5.9398106381514095,51.9901634493207],[5.940196324529688,51.9902582443459],[5.940507369687532,51.99033526155024],[5.940840660382408,51.990419902315175],[5.9411119482244565,51.990482083712656],[5.941375712510489,51.99054402039903],[5.94153903680158,51.99059021942576],[5.941727509254216,51.99064521791585],[5.941936372998782,51.99071379483064],[5.942172392407141,51.99079770143515],[5.942637200587851,51.99094998491495],[5.9429895014959815,51.991065406674714],[5.9435177350105,51.99123977427375],[5.943755948008061,51.991318483743676],[5.943758216943916,51.99131923342268],[5.943834264702889,51.99123896692516]]]]},"properties":{"buurtcode":"BU02020843","buurtnaam":"Plattenburg","gemeentenaam":"Arnhem","aantalInwoners":1940,"crime_violent":10,"crime_property":0,"crime_disorder":2,"crime_count":12}},{"type":"Feature","geometry":{"type":"MultiPolygon","coordinates":[[[[5.938952447394459,51.99793404014504],[5.939128030331015,51.997829782057465],[5.939464552981331,51.99762995905875],[5.939747226962448,51.997462108676764],[5.940137255610445,51.99723050727773],[5.940219546114991,51.99717950065763],[5.940923375540915,51.99674323532829],[5.941432903155265,51.99642253158856],[5.942169255047822,51.99596257390373],[5.942270429975767,51.99590620414785],[5.942315694326662,51.99587788032233],[5.9423505663140705,51.99585659757774],[5.94239319294331,51.995839273545975],[5.942434388373931,51.99583089787752],[5.942496836107037,51.99582128123778],[5.942522686209249,51.99581811483419],[5.942595033147011,51.995811494863545],[5.942660081100206,51.99581289997256],[5.942704169489463,51.99581402383015],[5.942770870174588,51.99582436269526],[5.9428101496874195,51.99583540181952],[5.942965958089206,51.99589840128585],[5.943032846488097,51.99592750412041],[5.943241348979486,51.99601822058593],[5.94341329429402,51.996093238813465],[5.943565288362447,51.9961595524578],[5.9437044139971595,51.996220250642],[5.943820662940416,51.99627096838746],[5.943884976586992,51.996290924681354],[5.943944843212019,51.99629691969317],[5.943977805035995,51.99629562214378],[5.944058166473283,51.996288963337],[5.94417048330264,51.9962745436115],[5.944266513679746,51.99626400479023],[5.9443727237929735,51.996254179881944],[5.944446674347046,51.99624720872138],[5.944582942552569,51.99623092419133],[5.944657738324839,51.99622295927366],[5.944738970585846,51.99621210999307],[5.944780802208131,51.996205253116436],[5.944835207614052,51.9961933894178],[5.944870248580275,51.99618377561445],[5.944901841704637,51.996173477955324],[5.944953271652208,51.9961493978443],[5.9450028415513705,51.99612024181435],[5.945036690672533,51.99609372560258],[5.945068186952371,51.9960640710179],[5.945100713682701,51.996033446186566],[5.945126605048693,51.99599990643536],[5.945153893663741,51.995963396586376],[5.945175258108377,51.99592694539526],[5.945194109564248,51.995862090308115],[5.945202122825681,51.995794742928595],[5.9452128621199085,51.99573396659173],[5.945206440857131,51.99568227171657],[5.945125382193615,51.99528183721535],[5.945116489417998,51.99522622344412],[5.945110180797871,51.99517677871272],[5.945109386027395,51.9951129192517],[5.94512748193518,51.99505090357981],[5.9451359112371716,51.99502201723491],[5.94513036486427,51.99502153210679],[5.945054712686705,51.9950149186711],[5.944960503408512,51.9950054153435],[5.9449680507433,51.99497655386641],[5.944975124283488,51.994949402424744],[5.944982322702585,51.99492175603027],[5.944989951888089,51.99489245373319],[5.945013817116179,51.9947988705429],[5.945015538644471,51.994792121104446],[5.945029127258945,51.99473975336039],[5.945044118482218,51.994681923024146],[5.945066529305389,51.99459551044503],[5.9450885511640434,51.99451060975066],[5.94510376489847,51.994451951419364],[5.945118867597691,51.994393734041985],[5.945141181139711,51.99430771739372],[5.945154073738112,51.99425852942097],[5.945169068149295,51.99420133182956],[5.945178086837712,51.994166937307234],[5.945193650663448,51.99410834920673],[5.945216558399848,51.994022131976806],[5.945239375671289,51.99393567248433],[5.945244242234997,51.99391723223136],[5.94525441575731,51.99387713179995],[5.9452693494130635,51.99381823208351],[5.945282385223797,51.99376688620485],[5.945304039661646,51.99368154227674],[5.945313527313229,51.99364413351373],[5.945328739245581,51.99358420779308],[5.945343273662826,51.99352600206283],[5.9453584045504835,51.99346542057071],[5.945365448612796,51.99343827822659],[5.945389650067671,51.99334492703766],[5.945413907645079,51.99325141378524],[5.945438206561338,51.99315772056253],[5.945462088859722,51.993065656205395],[5.945486892780801,51.992971610026274],[5.945511274724239,51.99287700856457],[5.945521204881806,51.99283739642747],[5.945526344174687,51.99281690731431],[5.945542200376389,51.99275369414888],[5.945564768313808,51.9926683593034],[5.9455862521697656,51.99258717323677],[5.945608097577752,51.99250462820494],[5.945629873245807,51.99242233517321],[5.945656015343674,51.992323563700225],[5.945709280142318,51.9921247046718],[5.945718474351228,51.992093128913105],[5.945744999109915,51.99199273139879],[5.945747300168663,51.99198401703307],[5.945666042614351,51.99195515115138],[5.94517398801353,51.99179053929913],[5.944880395748347,51.991693474989866],[5.944431333357615,51.99154720547565],[5.944206189814719,51.99147121827192],[5.943758216943916,51.99131923342268],[5.943755948008061,51.991318483743676],[5.9435177350105,51.99123977427375],[5.9429895014959815,51.991065406674714],[5.942637200587851,51.99094998491495],[5.942172392407141,51.99079770143515],[5.941936372998782,51.99071379483064],[5.941727509254216,51.99064521791585],[5.94153903680158,51.99059021942576],[5.941375712510489,51.99054402039903],[5.9411119482244565,51.990482083712656],[5.940840660382408,51.990419902315175],[5.940507369687532,51.99033526155024],[5.940196324529688,51.9902582443459],[5.9398106381514095,51.9901634493207],[5.939209173905848,51.99001971297479],[5.9388344318300765,51.98993110107566],[5.9384326769173335,51.98983845116892],[5.937927542532473,51.98971834183127],[5.937560546097042,51.989632661173175],[5.937149122581897,51.989536485548705],[5.936806245984898,51.98945425815133],[5.936262522663104,51.989327781150806],[5.935842380163192,51.989226885023704],[5.935423223640762,51.98912776699546],[5.935112253767243,51.98905549247741],[5.9347945155548585,51.988980870327715],[5.934538580302329,51.988920229680275],[5.934285571725549,51.988862546419114],[5.934087639651115,51.98882006474317],[5.933868915012641,51.988780184430986],[5.933779568797785,51.988763830050466],[5.933778171516111,51.98876947135049],[5.933764460334599,51.98882477666594],[5.933752447053685,51.988823385361016],[5.933749094345771,51.9888421479758],[5.933707353157069,51.989075763505426],[5.933692466346807,51.98915909190773],[5.933685605864768,51.98915917861116],[5.93367785161364,51.98915927665735],[5.93354878006391,51.989160871263906],[5.933489984650768,51.98916159646256],[5.933402004751789,51.98916267917036],[5.933376516229649,51.989162995271386],[5.933330546673232,51.98916356825344],[5.933325408162722,51.9891636280651],[5.933315990059193,51.98916374369979],[5.933170728531745,51.989166602220045],[5.933173781134067,51.98923794668616],[5.933174209872236,51.98924744989284],[5.933177989955716,51.98930978913327],[5.933178430411748,51.98931487450361],[5.933180469241237,51.98933811704288],[5.9331905526695525,51.98945563626032],[5.933191884269934,51.98947137320119],[5.933194126103471,51.98949789465186],[5.933198774469855,51.98955262570207],[5.93320005163206,51.989566641623426],[5.93320488707934,51.989619996584466],[5.93320519028035,51.98962337480236],[5.933205576998353,51.98962763349237],[5.933206149030435,51.98963395864609],[5.933211008792616,51.98968751573185],[5.9332112613696575,51.989690323423446],[5.933214582670237,51.98972693829025],[5.9332181039044585,51.98976586313719],[5.933221050382752,51.98979835857791],[5.933222227403372,51.98981132332479],[5.933228913103883,51.98986537528083],[5.93322942964585,51.98986953449586],[5.933230583957008,51.98987943880973],[5.9332317042302165,51.989900893330365],[5.933233555860967,51.98992143213677],[5.9332347869621405,51.98993525052678],[5.933238805149754,51.98998066805753],[5.933241032018827,51.99000571728073],[5.933241318039774,51.99000887985742],[5.933243090736585,51.99002891388376],[5.933247111721675,51.99007432061457],[5.933250998777911,51.990118173878486],[5.9332520031956895,51.990129517026],[5.933252357631737,51.99013351520277],[5.933256649391049,51.99017150707262],[5.933262198324697,51.990220674631196],[5.933263300605767,51.99023228248071],[5.933263552368249,51.99023502276313],[5.9332670135571615,51.990271760116904],[5.933269972319773,51.99030310678431],[5.933270790988099,51.99031174979017],[5.933272346229078,51.990328272171986],[5.933275337400215,51.990359888339384],[5.933380118964797,51.990359842274785],[5.933506673639815,51.99035978937225],[5.933675785695786,51.99035743085252],[5.933767269969276,51.99042757164234],[5.933864111796761,51.99050220771049],[5.933980613172482,51.99058567146764],[5.9339994660918345,51.99058079303064],[5.934024343656787,51.99057567985057],[5.934041065847055,51.9905739662281],[5.934059734277162,51.990573061496214],[5.934089844569449,51.990575600037666],[5.934117402858288,51.990582572712775],[5.9341409007299655,51.99059206302699],[5.934159668390445,51.990604065109146],[5.9341733228835825,51.99061583030268],[5.93418668152014,51.99063317864462],[5.9342200424420675,51.99068495827375],[5.933889376562111,51.99079439189497],[5.933872764480445,51.99079988908508],[5.933868065122174,51.99080159174948],[5.9338366278306305,51.99081298229357],[5.933847429873092,51.99082090477235],[5.933912534551396,51.99086865398535],[5.933932965631122,51.99086543107181],[5.933943158418199,51.990891800496385],[5.933840454320694,51.99091665427719],[5.933864675769916,51.99093532739174],[5.933884708390677,51.99095076618187],[5.9338314962324095,51.99099512837],[5.93378270873229,51.99103580272098],[5.933764251660516,51.99105621027654],[5.933747800013078,51.99107439917122],[5.93372857870482,51.99109565607698],[5.933745430134716,51.991147521531914],[5.933746738147733,51.99115091305573],[5.9337733202253125,51.99121990106706],[5.93377452315461,51.99122303241626],[5.93378216108627,51.99124286120818],[5.933828433322721,51.99128007372883],[5.933753887439144,51.9913229395829],[5.9337388653891665,51.991331570797946],[5.9337334548655996,51.99133441828312],[5.933633310135964,51.99138658461074],[5.933611637552504,51.99139786681187],[5.93356344772409,51.991421927796466],[5.933540551139461,51.99143336937061],[5.933531450090855,51.99143791660931],[5.933497704305426,51.991454780010606],[5.933468923099703,51.991469357975234],[5.933422707519695,51.991494146778834],[5.933382094238418,51.9915162939371],[5.933352385578805,51.991531235714],[5.9333285086912655,51.991543247166014],[5.933261986524987,51.99157674103631],[5.933256832743564,51.991579155866035],[5.933188486799575,51.99161114811574],[5.933184158150951,51.991613172612745],[5.933177397427962,51.991616340931984],[5.933115098232285,51.99164034497807],[5.93307665214571,51.99165516184915],[5.93304690105626,51.99166543878483],[5.93304266741301,51.99166689656887],[5.933013362808979,51.99167797138848],[5.932942492543631,51.99170475296867],[5.932924606479431,51.99171016605],[5.932898190877123,51.991718166899915],[5.932839397597248,51.991735971439724],[5.932785826450499,51.991752192247866],[5.932747259285546,51.99176305828814],[5.932735607964277,51.991766348135776],[5.932678089620347,51.99178328559653],[5.9326011933182645,51.991804128439675],[5.932585484211187,51.99180825592668],[5.932557998436923,51.99181506620947],[5.93254607867985,51.99181843368398],[5.932488287572817,51.99183486267593],[5.932458524880607,51.991843009273886],[5.932373176885333,51.99186639709958],[5.932367597823096,51.991867968955184],[5.932341694506,51.99187501004459],[5.932283424424578,51.99189277143275],[5.932227636104133,51.99190808724417],[5.932151511673261,51.99192898194325],[5.932053131254622,51.99195598391009],[5.932058591896964,51.99196083929659],[5.932114588250425,51.99200994398666],[5.932166066753252,51.99205508773691],[5.9322193848880165,51.99210184084608],[5.932213416566801,51.99210433131058],[5.932213396173278,51.992112713951],[5.932213214459444,51.99218471516266],[5.932094267973833,51.99223640101044],[5.931917466230246,51.99231322546384],[5.931790879544067,51.9923663494652],[5.931782727826524,51.99236973087576],[5.9318157222234404,51.992402967181384],[5.931844521051622,51.99243336999852],[5.93196467425356,51.99257486026365],[5.9320938840044,51.99280244031595],[5.932180727016184,51.992974455426065],[5.932311694180724,51.99321107117798],[5.932512637335137,51.993578756943634],[5.932614173793532,51.99377091842675],[5.932719194606283,51.99393274232912],[5.93281712778317,51.9940660600722],[5.93292078234269,51.994194595449265],[5.933027108958185,51.994305281836176],[5.933129460536459,51.99440587916514],[5.93326667178736,51.99452177276553],[5.933355842171759,51.99459543185363],[5.933422845549753,51.99465078025653],[5.933634076255281,51.99482526546694],[5.933864074862233,51.99501782046435],[5.934276568385452,51.995355981837534],[5.934697793807189,51.99569885686547],[5.935028629138903,51.995974373759914],[5.935347679459406,51.996230919882045],[5.935708583767879,51.99652294208545],[5.9358532937427695,51.99662096120839],[5.936048298774888,51.99673598787083],[5.936242268084419,51.99684507324653],[5.936448691851423,51.99694874938433],[5.936717028031507,51.99707413407033],[5.936982482732142,51.99720012574349],[5.937284726603151,51.99734140297134],[5.937626701695073,51.997502114213745],[5.937901873703558,51.99763459828002],[5.938295334421164,51.99781842369662],[5.938295687489493,51.997818597315586],[5.9386264012381895,51.99797971255816],[5.938788733576854,51.99804758840854],[5.938952447394459,51.99793404014504]]]]},"properties":{"buurtcode":"BU02020844","buurtnaam":"Angerenstein","gemeentenaam":"Arnhem","aantalInwoners":2145,"crime_violent":6,"crime_property":0,"crime_disorder":2,"crime_count":8}},{"type":"Feature","geometry":{"type":"MultiPolygon","coordinates":[[[[5.949827745603373,52.00409159730569],[5.949845862009832,52.004031216744615],[5.949854487141557,52.003982773177505],[5.949893787303663,52.00376183109565],[5.949941352534426,52.00347773319284],[5.949955277948673,52.0034095258199],[5.9499763782232264,52.00330613963176],[5.950024779048568,52.00314780280993],[5.950220116546956,52.002586695421456],[5.950313890547783,52.0023249009613],[5.950334612305842,52.002281900312475],[5.950540921958373,52.00199765322605],[5.950766077501846,52.00168246740928],[5.95093265380113,52.001464159828465],[5.950941935931867,52.0014333481779],[5.950965914434889,52.00135376803987],[5.951004911931296,52.001224336556824],[5.951005247169209,52.00122320241626],[5.951031583418131,52.001135772209196],[5.951037636079998,52.001115663193126],[5.951051489130913,52.001069675241034],[5.951184925031974,52.000648290234516],[5.951291040101036,52.00032762485392],[5.951302632478117,52.00029528305577],[5.951326618283892,52.000205158541924],[5.951364028100178,52.00011600329973],[5.951422857318944,51.999973507217234],[5.9514895672840495,51.99978035082207],[5.951502812236149,51.99972892776178],[5.95152374911397,51.99964768035373],[5.9515263179131,51.999637735885756],[5.951546320465317,51.999533177134545],[5.951587418256195,51.999399295984084],[5.951756440921381,51.99894842840171],[5.951799667813782,51.998825287067156],[5.951934620802699,51.99846067337705],[5.952099503549686,51.99813248942625],[5.952191028255173,51.99795031407575],[5.9522614043284765,51.99776316182074],[5.9523386258024,51.99757155435093],[5.95255370980578,51.997115197067686],[5.952588164299725,51.99700801596099],[5.952588548589314,51.99700731302107],[5.9531264853135735,51.996002549964025],[5.9531576480773065,51.99594967425089],[5.953241511754119,51.995794553898584],[5.953405830575656,51.995479736350816],[5.953547885836717,51.99515240608484],[5.953551182668573,51.99514482200274],[5.95361336611934,51.995001499620045],[5.953678861084543,51.99492207755223],[5.9537228874713275,51.99486868131461],[5.953848426760827,51.99471643377209],[5.953968607616633,51.99457115093298],[5.9544384274582125,51.99472496012768],[5.954471683237891,51.994678887140395],[5.954954818514599,51.99411562765824],[5.955233028692045,51.9937770226546],[5.955321252958475,51.99366930233268],[5.9553365815796795,51.99365065831146],[5.955368476424995,51.993611878506286],[5.955452872858921,51.99350926668785],[5.955497611182403,51.99345487760401],[5.955256059611474,51.993390663062634],[5.955260827231145,51.993385426779646],[5.955193186420403,51.99336403754282],[5.954524525174352,51.993298586405885],[5.954122940858962,51.993148319074606],[5.953852872814176,51.99304022484731],[5.953659658269423,51.99295530312826],[5.953474202869757,51.9928737916754],[5.953111877368731,51.99270490122281],[5.952818289467795,51.992564218094756],[5.952527546909135,51.99241995217628],[5.952120413373003,51.992210250216836],[5.951859648060169,51.99207535195713],[5.951409036948453,51.99185396555385],[5.951103678902208,51.99169549809826],[5.950593845577784,51.99143574700594],[5.950386458238999,51.991332694456105],[5.949875654501589,51.99107175664653],[5.949636231197965,51.9909480470585],[5.949594375293551,51.99092791371554],[5.949577135104418,51.99091928731908],[5.948889134500811,51.99057504415551],[5.948543626790993,51.99040041107129],[5.948315324678893,51.99027991569382],[5.948129248356674,51.990185974180484],[5.947872436960622,51.99005729068195],[5.947539131127756,51.989890055040384],[5.947279872249558,51.98975549542816],[5.94705690871446,51.98964529174489],[5.946770513796641,51.9894992076605],[5.946526773533099,51.98937551230643],[5.946292938787519,51.98925577188282],[5.9462098467812385,51.98921322221191],[5.94616713148597,51.98919151607693],[5.9459740076661225,51.98934149787285],[5.945833351491038,51.98942968315539],[5.945731057263091,51.98948466460688],[5.945704784055233,51.98949878517212],[5.945595938650951,51.98953488068625],[5.945535991035581,51.989554760847845],[5.945321212585553,51.98962997930465],[5.945097236371655,51.98970904577582],[5.945001058447199,51.989755965562814],[5.944904262390594,51.989803185716724],[5.944723520819038,51.98988965779534],[5.944678993787989,51.98991707486876],[5.944552258012805,51.989995108561175],[5.94442724184814,51.9901022437057],[5.9443240073512795,51.99022639838129],[5.944266663937535,51.990323699467794],[5.944237457147961,51.99045321011723],[5.944205166739218,51.99058273625952],[5.944142888951152,51.990778992939966],[5.944070798856198,51.99092963512261],[5.943986121681733,51.99105940922519],[5.943968775774102,51.99108509561101],[5.943916522071261,51.99116247576034],[5.943834264702889,51.99123896692516],[5.943758216943916,51.99131923342268],[5.944206189814719,51.99147121827192],[5.944431333357615,51.99154720547565],[5.944880395748347,51.991693474989866],[5.94517398801353,51.99179053929913],[5.945666042614351,51.99195515115138],[5.945747300168663,51.99198401703307],[5.945744999109915,51.99199273139879],[5.945718474351228,51.992093128913105],[5.945709280142318,51.9921247046718],[5.945656015343674,51.992323563700225],[5.945629873245807,51.99242233517321],[5.945608097577752,51.99250462820494],[5.9455862521697656,51.99258717323677],[5.945564768313808,51.9926683593034],[5.945542200376389,51.99275369414888],[5.945526344174687,51.99281690731431],[5.945521204881806,51.99283739642747],[5.945511274724239,51.99287700856457],[5.945486892780801,51.992971610026274],[5.945462088859722,51.993065656205395],[5.945438206561338,51.99315772056253],[5.945413907645079,51.99325141378524],[5.945389650067671,51.99334492703766],[5.945365448612796,51.99343827822659],[5.9453584045504835,51.99346542057071],[5.945343273662826,51.99352600206283],[5.945328739245581,51.99358420779308],[5.945313527313229,51.99364413351373],[5.945304039661646,51.99368154227674],[5.945282385223797,51.99376688620485],[5.9452693494130635,51.99381823208351],[5.94525441575731,51.99387713179995],[5.945244242234997,51.99391723223136],[5.945239375671289,51.99393567248433],[5.945216558399848,51.994022131976806],[5.945193650663448,51.99410834920673],[5.945178086837712,51.994166937307234],[5.945169068149295,51.99420133182956],[5.945154073738112,51.99425852942097],[5.945141181139711,51.99430771739372],[5.945118867597691,51.994393734041985],[5.94510376489847,51.994451951419364],[5.9450885511640434,51.99451060975066],[5.945066529305389,51.99459551044503],[5.945044118482218,51.994681923024146],[5.945029127258945,51.99473975336039],[5.945015538644471,51.994792121104446],[5.945013817116179,51.9947988705429],[5.944989951888089,51.99489245373319],[5.944982322702585,51.99492175603027],[5.944975124283488,51.994949402424744],[5.9449680507433,51.99497655386641],[5.944960503408512,51.9950054153435],[5.945054712686705,51.9950149186711],[5.94513036486427,51.99502153210679],[5.9451359112371716,51.99502201723491],[5.94512748193518,51.99505090357981],[5.945109386027395,51.9951129192517],[5.945110180797871,51.99517677871272],[5.945116489417998,51.99522622344412],[5.945125382193615,51.99528183721535],[5.945206440857131,51.99568227171657],[5.9452128621199085,51.99573396659173],[5.945202122825681,51.995794742928595],[5.945194109564248,51.995862090308115],[5.945175258108377,51.99592694539526],[5.945153893663741,51.995963396586376],[5.945126605048693,51.99599990643536],[5.945100713682701,51.996033446186566],[5.945068186952371,51.9960640710179],[5.945036690672533,51.99609372560258],[5.9450028415513705,51.99612024181435],[5.944953271652208,51.9961493978443],[5.944901841704637,51.996173477955324],[5.944870248580275,51.99618377561445],[5.944835207614052,51.9961933894178],[5.944780802208131,51.996205253116436],[5.944738970585846,51.99621210999307],[5.944657738324839,51.99622295927366],[5.944582942552569,51.99623092419133],[5.944446674347046,51.99624720872138],[5.9443727237929735,51.996254179881944],[5.944266513679746,51.99626400479023],[5.94417048330264,51.9962745436115],[5.944058166473283,51.996288963337],[5.943977805035995,51.99629562214378],[5.943944843212019,51.99629691969317],[5.943884976586992,51.996290924681354],[5.943820662940416,51.99627096838746],[5.9437044139971595,51.996220250642],[5.943565288362447,51.9961595524578],[5.94341329429402,51.996093238813465],[5.943241348979486,51.99601822058593],[5.943032846488097,51.99592750412041],[5.942965958089206,51.99589840128585],[5.9428101496874195,51.99583540181952],[5.942770870174588,51.99582436269526],[5.942704169489463,51.99581402383015],[5.942660081100206,51.99581289997256],[5.942595033147011,51.995811494863545],[5.942522686209249,51.99581811483419],[5.942496836107037,51.99582128123778],[5.942434388373931,51.99583089787752],[5.94239319294331,51.995839273545975],[5.9423505663140705,51.99585659757774],[5.942315694326662,51.99587788032233],[5.942270429975767,51.99590620414785],[5.942169255047822,51.99596257390373],[5.941432903155265,51.99642253158856],[5.940923375540915,51.99674323532829],[5.940219546114991,51.99717950065763],[5.940137255610445,51.99723050727773],[5.940739840801078,51.997593944120965],[5.94135714784856,51.997966251047146],[5.941977374440635,51.99834030808559],[5.942040475474295,51.99837200361215],[5.942202042514952,51.99844774129331],[5.942852468744731,51.998773913161784],[5.943358665718191,51.99905613090525],[5.943527534369519,51.99915027908866],[5.9438675594920785,51.99935271787608],[5.944281607791655,51.99962820947969],[5.944639852436794,51.99986667049208],[5.944957496284112,52.00008098425913],[5.945271636096035,52.00029210315258],[5.945610133822382,52.000522097084655],[5.945610233669906,52.00052216312457],[5.945951812854016,52.00075047770134],[5.946273471445084,52.000961201371474],[5.946312057412899,52.00098473825311],[5.946128577072904,52.001091921870916],[5.945773858964829,52.001311383127735],[5.945616716394395,52.00140915858406],[5.945536644935869,52.00145933599196],[5.945704303186946,52.00156592489343],[5.945981995871115,52.00174246503243],[5.945982188179479,52.00174258815823],[5.946219739890957,52.00189200009507],[5.946219910133576,52.0018921053487],[5.946588822481955,52.00210193932972],[5.947000585364687,52.002353256249286],[5.947098440753115,52.002413790912804],[5.947331461392679,52.002560365677255],[5.9476838858415615,52.00278021407272],[5.9480619360095535,52.00301527876824],[5.948404417244785,52.00322518365633],[5.948670702515324,52.003396568527144],[5.949016118976575,52.003609668270556],[5.949817038183236,52.004112227365134],[5.949817168807243,52.004112307635495],[5.949827745603373,52.00409159730569]]]]},"properties":{"buurtcode":"BU02020845","buurtnaam":"Paasberg","gemeentenaam":"Arnhem","aantalInwoners":2180,"crime_violent":5,"crime_property":0,"crime_disorder":0,"crime_count":5}},{"type":"Feature","geometry":{"type":"MultiPolygon","coordinates":[[[[5.911737429232829,51.99972800486743],[5.912248713262608,51.99971180858419],[5.912474074951414,51.99970901938917],[5.912562707704422,51.99971040694416],[5.912681332476662,51.999722957036646],[5.912741036246028,51.99972150121187],[5.912807334075146,51.999707531087935],[5.912889861143079,51.9996810018059],[5.912944406635296,51.999642525257656],[5.9130358595435215,51.99956381908981],[5.913069158951016,51.99952859234415],[5.913089241152471,51.999520120951814],[5.9131325549293265,51.99951344584745],[5.913173970236271,51.999513260710074],[5.913272269822695,51.999517576960294],[5.913345464066405,51.9995166555363],[5.913416710897811,51.99951395858986],[5.913501324278125,51.99950109441486],[5.9136041530262915,51.99948101463271],[5.913726223880593,51.99945906536323],[5.913829087354729,51.99944195767464],[5.914011846231616,51.99942033058186],[5.914168738278509,51.99941070974585],[5.914352646694347,51.999405129261824],[5.914525097161405,51.99940792395222],[5.914642617797613,51.999408586332684],[5.914723116741538,51.99941291016032],[5.9148011535538485,51.9994175065348],[5.914892473974138,51.99942470742656],[5.91497765302411,51.99943383773057],[5.91509588816917,51.99944928857534],[5.915185435615548,51.99946296610784],[5.915312680364957,51.99948446411081],[5.9154384482221,51.99951148655326],[5.9155323449821005,51.99953771270025],[5.915632053146559,51.9995667422031],[5.915732000107844,51.999599587001015],[5.9158080453965285,51.99961827100102],[5.915859013111763,51.99962755526731],[5.9159451959339995,51.999643338928934],[5.916072022865292,51.99965551617568],[5.916133678943957,51.9996563805316],[5.916251384054499,51.99965299751905],[5.916312065291498,51.99964949063782],[5.916387718042268,51.999641190315295],[5.9164490216961365,51.99963194150428],[5.916522525149872,51.99961810315521],[5.9165900628488854,51.99959542100345],[5.916641892017738,51.99957801285478],[5.916782810361652,51.99952089677556],[5.916898617030305,51.99945794869128],[5.91691504924284,51.99944528922676],[5.916969252200403,51.99940352710392],[5.917091519017008,51.99931676747013],[5.917245119640366,51.99919181617763],[5.917322207506253,51.99911298890456],[5.917390965413838,51.99902687631073],[5.917531232289751,51.99870656917171],[5.917620467044881,51.99851472415099],[5.917723564444721,51.99835492201815],[5.917769204270584,51.99830477426804],[5.917860877789716,51.998237772464954],[5.917901682224178,51.99821167501552],[5.917996623070201,51.998150951107824],[5.918177474045623,51.99805025206563],[5.918416814894591,51.99792729059154],[5.918767024535914,51.99773188773478],[5.91883700957641,51.997704222673946],[5.918875322776009,51.997686213067844],[5.918930846438521,51.997657424142446],[5.918979542326271,51.99762153110162],[5.91901078824909,51.997573290528294],[5.919097429972703,51.99735556781779],[5.919196579777853,51.99714539171987],[5.919283277341957,51.99695165400876],[5.919370946704767,51.9967425732143],[5.919390800349533,51.9966745836284],[5.9194114285285995,51.99659898549281],[5.91942572488798,51.996537564555965],[5.919434483626667,51.99649650121138],[5.91944245253845,51.99643760585864],[5.919452011537959,51.99636657353451],[5.919465994864978,51.99623024151079],[5.9194775228622865,51.99613030632727],[5.919490792447068,51.9959825614189],[5.919499464031395,51.99588549294763],[5.91951400732279,51.99569885955967],[5.919513915811,51.99566724345357],[5.919513818641704,51.99563429260285],[5.9193880923183855,51.995688923634134],[5.919250000408227,51.99573948927439],[5.9191057449063536,51.99579008351636],[5.918896223319584,51.995859997293486],[5.9186291361339824,51.99594872088764],[5.918560450876255,51.99597477195217],[5.918499054339237,51.99596024811402],[5.918426505198306,51.99595011147977],[5.918326985056178,51.995939621078975],[5.918256049710177,51.995935661038295],[5.918131215918729,51.995934797100205],[5.917929772397953,51.995841055087574],[5.9174988109888496,51.9956176955422],[5.917370159729195,51.99556200289861],[5.917330297013303,51.99551414339641],[5.917322541960261,51.99537957331984],[5.91735086772894,51.995168739900954],[5.917356806451504,51.99512818647018],[5.917369404404775,51.99504213726173],[5.917369606482257,51.994994097218],[5.917368430834279,51.99489469496366],[5.917362621215241,51.994794362622756],[5.917349832868438,51.994625094117886],[5.9173421499788565,51.99456186962884],[5.917334434819477,51.994495791483025],[5.917318844507954,51.994415478916274],[5.917303536931609,51.9943589473492],[5.917274125146378,51.99428250271911],[5.917258475230069,51.99424922105645],[5.917240977863245,51.994212018907],[5.917146912697059,51.994066985979956],[5.917107405473942,51.99400989735343],[5.9170632270286765,51.99394883442977],[5.9170238189577296,51.99390011707812],[5.916994771871929,51.99386752399805],[5.916943816291297,51.99380649154768],[5.916894996882006,51.99374373807529],[5.916826553578449,51.993663378458955],[5.916783824796018,51.9936205732324],[5.916737394975649,51.99357740444178],[5.916719166590994,51.993563924862926],[5.916713300008689,51.99355958562544],[5.916694178582985,51.99354544582305],[5.9166453994117685,51.993512181047876],[5.916594186863466,51.993481590450635],[5.9165396119260905,51.99345329800109],[5.91649341690136,51.993430103769505],[5.916394914921147,51.993387930417214],[5.916320918636265,51.99335915446463],[5.916252796950868,51.99333206432895],[5.916166462269218,51.99330239279636],[5.916141762896835,51.99329341302894],[5.916063083500437,51.99326480627751],[5.915938711596891,51.99322408001016],[5.9158309452673405,51.99318023554217],[5.915747397028148,51.99315159742632],[5.915667019332084,51.99313055454751],[5.9155782523274745,51.99311668424547],[5.9154570994504105,51.99310058098235],[5.915386933420183,51.99309614028365],[5.91534071345296,51.99309682326729],[5.915269869813317,51.9931086481643],[5.9148177597991145,51.99324423813569],[5.914134307828908,51.99343707949006],[5.913715561536796,51.99354490085819],[5.913444324214959,51.993607352955905],[5.913148483212518,51.99367496767019],[5.9129034711803214,51.99372422052778],[5.912803488133541,51.99373953128757],[5.912750457997649,51.99374595577267],[5.912577337402878,51.99375393496058],[5.912424228175118,51.99375668322129],[5.912344302275412,51.993757634143485],[5.912266686886347,51.99375471510247],[5.9121747219271645,51.9937512569244],[5.912022009557581,51.993745992474445],[5.911898634667225,51.99373762454077],[5.911758811200074,51.99372278989619],[5.911610736435218,51.99370234358764],[5.9114655344761085,51.99368039851705],[5.911398937778917,51.993668209553746],[5.9112473260496525,51.99363350954479],[5.911058892241801,51.993579651054766],[5.910863171453666,51.99352017642102],[5.910652358866627,51.993446796224184],[5.9106160723015515,51.99343209453678],[5.910425133206926,51.99335680986799],[5.910293964034656,51.99331224018974],[5.9102789843408505,51.993307847673286],[5.910259703019361,51.99330615011139],[5.910251143527995,51.99330555808341],[5.910235120306113,51.99330581897464],[5.910208163462983,51.993307163029236],[5.910153692335668,51.99331835657519],[5.91005526338171,51.99333858280842],[5.9099185937263154,51.99336992128759],[5.909913531610546,51.993371081703906],[5.9099848097786625,51.99347027319344],[5.910029000048096,51.99354320511916],[5.910066434138542,51.9936149787953],[5.910132276242014,51.99372764901111],[5.910174506111358,51.993797617147905],[5.910314033949497,51.994034814124916],[5.910460024500679,51.994252495451256],[5.9104845828830195,51.99428911440589],[5.9106291872891585,51.99448645386369],[5.910706435412336,51.99458599405997],[5.910757264964898,51.994649977924865],[5.9105546683042105,51.994703199605674],[5.910343653497081,51.99477786141968],[5.910235415984677,51.99482887874196],[5.910136927455822,51.99488996002642],[5.910031128836483,51.99498496247451],[5.909930227913466,51.9950870771145],[5.909804369565903,51.99519643837729],[5.909669877693926,51.995308809390075],[5.909491625214246,51.99546774899128],[5.909359071904714,51.995581301091505],[5.909230211263402,51.995681160887436],[5.909081152289662,51.99578348935294],[5.908956897895009,51.995865492839314],[5.908849983744631,51.995940873097894],[5.90879736129942,51.99597797389921],[5.908684594581822,51.99605398127211],[5.90853557460656,51.996159875436966],[5.908340630648841,51.996292133414485],[5.908191553787429,51.996393270756705],[5.908017739317123,51.996520677990084],[5.907872423882149,51.99661407009283],[5.907792158691735,51.99666912294355],[5.907708177243926,51.99673608375723],[5.907664433383509,51.996784435019954],[5.907644819207984,51.996812128581965],[5.907609917317265,51.99686140426024],[5.907577538965441,51.99693226595509],[5.907552453314789,51.99701145094909],[5.907543808473992,51.997096509012934],[5.907555210245893,51.99716602026382],[5.9075772477451185,51.997239051045796],[5.907617529884027,51.99730724539063],[5.907642646838007,51.99733985634586],[5.907658602017482,51.997360572205615],[5.907681327939266,51.997381511581814],[5.9077491467324075,51.997444002298806],[5.907887043272939,51.9975408976339],[5.908006434700122,51.997620037359994],[5.908186958701059,51.9977381466797],[5.908312261686159,51.997828556466025],[5.908423116493322,51.9979190310262],[5.90854294552421,51.998035624485695],[5.908617055841964,51.99811377597272],[5.908797111368642,51.998356739883974],[5.908898884495888,51.998494222831575],[5.909175742173208,51.99884641284113],[5.909287064959472,51.99899132239203],[5.9093819398748595,51.9991151607033],[5.9094267924608515,51.99916193022185],[5.909491567300496,51.99921706482453],[5.909563929399076,51.9992754734167],[5.909637788593063,51.99933162733164],[5.909713518980018,51.999383016258655],[5.909831711933897,51.999441350572795],[5.909966307150109,51.99950199110607],[5.910087195511386,51.99954366587576],[5.910212845498054,51.99958056362204],[5.910344238945419,51.999614463251554],[5.910483779027313,51.99964727306815],[5.910636838845657,51.99967796693863],[5.910784468279196,51.99969990316396],[5.910948437398016,51.99971879312486],[5.9110736654342695,51.999727835155475],[5.911191332062516,51.99973257475109],[5.911382262697688,51.99973709300961],[5.911737429232829,51.99972800486743]]]]},"properties":{"buurtcode":"BU02020951","buurtnaam":"Hazegrietje","gemeentenaam":"Arnhem","aantalInwoners":210,"crime_violent":14,"crime_property":0,"crime_disorder":0,"crime_count":14}},{"type":"Feature","geometry":{"type":"MultiPolygon","coordinates":[[[[5.914331322625299,52.007989775871714],[5.914316764980137,52.00793157600313],[5.914302173805195,52.007870522486044],[5.914296075900158,52.007843438286926],[5.914283324963456,52.00780782339915],[5.91426635829375,52.007774129324986],[5.914206266258642,52.007677844883936],[5.914190963622452,52.00765460756557],[5.914188508230601,52.00764248970274],[5.913794771823334,52.00697848193741],[5.913668916938704,52.00676215566326],[5.913655691863077,52.006686114187126],[5.913651850280362,52.006621445014645],[5.913663486968279,52.00656241418265],[5.913690561538864,52.00650521710458],[5.913760254295252,52.006402168557855],[5.9146190606505185,52.00517927258414],[5.91521663755311,52.00433864642443],[5.915313607481528,52.004196590937646],[5.915628312990837,52.00372977069883],[5.916926731359785,52.00192603534353],[5.917086065827146,52.00171484950408],[5.9172165849643985,52.00151092819477],[5.917341155984206,52.00129276453473],[5.917356889961956,52.00115713770877],[5.917347522330031,52.001049211013964],[5.917215143114297,52.00080247690967],[5.9170672633603525,52.00054820382336],[5.916891195814757,52.00025600528607],[5.916718124788343,51.99995618345809],[5.916614254285687,51.99977400768027],[5.916530505172529,51.999631664825046],[5.916522525149872,51.99961810315521],[5.9164490216961365,51.99963194150428],[5.916387718042268,51.999641190315295],[5.916312065291498,51.99964949063782],[5.916251384054499,51.99965299751905],[5.916133678943957,51.9996563805316],[5.916072022865292,51.99965551617568],[5.9159451959339995,51.999643338928934],[5.915859013111763,51.99962755526731],[5.9158080453965285,51.99961827100102],[5.915732000107844,51.999599587001015],[5.915632053146559,51.9995667422031],[5.9155323449821005,51.99953771270025],[5.9154384482221,51.99951148655326],[5.915312680364957,51.99948446411081],[5.915185435615548,51.99946296610784],[5.91509588816917,51.99944928857534],[5.91497765302411,51.99943383773057],[5.914892473974138,51.99942470742656],[5.9148011535538485,51.9994175065348],[5.914723116741538,51.99941291016032],[5.914642617797613,51.999408586332684],[5.914525097161405,51.99940792395222],[5.914352646694347,51.999405129261824],[5.914168738278509,51.99941070974585],[5.914011846231616,51.99942033058186],[5.913829087354729,51.99944195767464],[5.913726223880593,51.99945906536323],[5.9136041530262915,51.99948101463271],[5.913501324278125,51.99950109441486],[5.913416710897811,51.99951395858986],[5.913345464066405,51.9995166555363],[5.913272269822695,51.999517576960294],[5.913173970236271,51.999513260710074],[5.9131325549293265,51.99951344584745],[5.913089241152471,51.999520120951814],[5.913069158951016,51.99952859234415],[5.9130358595435215,51.99956381908981],[5.912944406635296,51.999642525257656],[5.912889861143079,51.9996810018059],[5.912807334075146,51.999707531087935],[5.912741036246028,51.99972150121187],[5.912681332476662,51.999722957036646],[5.912562707704422,51.99971040694416],[5.912474074951414,51.99970901938917],[5.912248713262608,51.99971180858419],[5.911737429232829,51.99972800486743],[5.911382262697688,51.99973709300961],[5.911191332062516,51.99973257475109],[5.9110736654342695,51.999727835155475],[5.910948437398016,51.99971879312486],[5.910784468279196,51.99969990316396],[5.910636838845657,51.99967796693863],[5.910483779027313,51.99964727306815],[5.910344238945419,51.999614463251554],[5.910212845498054,51.99958056362204],[5.910087195511386,51.99954366587576],[5.909966307150109,51.99950199110607],[5.909831711933897,51.999441350572795],[5.909713518980018,51.999383016258655],[5.909637788593063,51.99933162733164],[5.909563929399076,51.9992754734167],[5.909491567300496,51.99921706482453],[5.9094267924608515,51.99916193022185],[5.9093819398748595,51.9991151607033],[5.909287064959472,51.99899132239203],[5.909175742173208,51.99884641284113],[5.908898884495888,51.998494222831575],[5.908797111368642,51.998356739883974],[5.908617055841964,51.99811377597272],[5.90854294552421,51.998035624485695],[5.908423116493322,51.9979190310262],[5.908312261686159,51.997828556466025],[5.908186958701059,51.9977381466797],[5.908006434700122,51.997620037359994],[5.907887043272939,51.9975408976339],[5.9077491467324075,51.997444002298806],[5.907681327939266,51.997381511581814],[5.907660521265679,51.99738967066273],[5.907585177098361,51.997419216048876],[5.907565466239263,51.99742694511744],[5.907504308290501,51.99745453655933],[5.9074762364530145,51.99747570690178],[5.907457972121492,51.99749540741944],[5.9074544022528075,51.99750725096387],[5.907451295035027,51.997517554557064],[5.907450709708229,51.99753349077843],[5.907443186047163,51.99779809497535],[5.907442438318979,51.99800440587536],[5.907441809396155,51.99817741983478],[5.907461014635879,51.998504332535],[5.907504497006519,51.999034899028],[5.907504527436466,51.99903538785941],[5.9075201454437885,51.99928490980811],[5.9074014871864975,51.99926573385203],[5.907258634054842,51.99924264783423],[5.906075532815508,51.99901956750568],[5.904055284907332,51.99863463479376],[5.901242034389751,51.99843958351474],[5.901189594467768,51.99843600695575],[5.901188897522467,51.99846373722352],[5.901190563504456,51.998786779769546],[5.901182443835953,51.99895236242811],[5.901156675755502,51.99910658006076],[5.9011234191219,51.99924144257978],[5.901068046891308,51.99941351453614],[5.9008927997042875,52.00000491259934],[5.900804228323696,52.00026761496095],[5.900754122162649,52.00026277324263],[5.900642785385219,52.00067291437498],[5.900638847845157,52.00068741806265],[5.901083263768707,52.000980708819725],[5.901072092344373,52.00103680259609],[5.901055456964273,52.00112032657534],[5.900991376902081,52.00144205903625],[5.9009765560122585,52.001510744318566],[5.900914346214949,52.00180237200232],[5.9008888214257675,52.00194093708875],[5.900836539893442,52.00218418838294],[5.900807593000681,52.002318871039336],[5.900788723564607,52.00240666428747],[5.900753416409606,52.00250268799131],[5.900708511879805,52.002589801187035],[5.900698126147176,52.00260231333527],[5.900655448651297,52.00267676301065],[5.900613155420442,52.00275209724252],[5.900547843739373,52.00283609417746],[5.900433121158433,52.002962755825564],[5.900278898335127,52.00312276645529],[5.900067601148489,52.00334604647896],[5.900045271188149,52.003369713919575],[5.899846792531593,52.00358006906338],[5.899643128203855,52.00379736926108],[5.899372836481084,52.00408511570954],[5.8992644355946755,52.0042092516419],[5.89912746294044,52.00436205062406],[5.898954413443614,52.00456137984064],[5.8988191617218595,52.00469633452122],[5.898724000383986,52.00479900936075],[5.898543147095528,52.004990048678366],[5.898493706994015,52.005047340302625],[5.898427280549354,52.00513562106589],[5.89839342868277,52.005208302159204],[5.898369535795329,52.00530947793451],[5.898362834075901,52.005397499211654],[5.898348546049789,52.00549625494606],[5.8983363624602605,52.00561045966789],[5.898311404840797,52.00582989502053],[5.898306593178587,52.00587218803695],[5.8982837710948814,52.006067296172354],[5.898257203808569,52.006271934708955],[5.898237068951076,52.00638331385023],[5.898228161158063,52.006432585209915],[5.898519745241363,52.00645435033862],[5.899030982074485,52.00651276228684],[5.899329978533054,52.00656151298933],[5.899777951269529,52.006626645060805],[5.900114764201729,52.00667868577148],[5.900697405199951,52.00679316091907],[5.901067212134804,52.00686478340243],[5.901293699487453,52.00690983499897],[5.901467029667101,52.00694332401233],[5.901575175642078,52.00696492035073],[5.901684546541554,52.00698575082129],[5.901798262640299,52.00700903487703],[5.901835953698578,52.00701609934782],[5.901889411534477,52.007026900500385],[5.902250129915321,52.00709676855148],[5.902250296334955,52.00709680197866],[5.90227709158612,52.007101946455684],[5.902457913343403,52.00713666228061],[5.902593238612552,52.007162514183584],[5.90261425648843,52.00716717874523],[5.902710027850723,52.0071848329335],[5.902839782712505,52.00720880792606],[5.902927224446915,52.00722592768075],[5.903031320033155,52.00724373567549],[5.903174337818524,52.00726822201651],[5.903204297283652,52.007273036917056],[5.903223755438518,52.0072761864855],[5.903308693084157,52.00729008293739],[5.903402584689836,52.00730508156555],[5.903510988607381,52.00732210892435],[5.90356163551453,52.00732968675234],[5.90357430035328,52.007331914209935],[5.9037679423131575,52.00736207580033],[5.903891160974725,52.007380560393464],[5.903945494077023,52.00738698035184],[5.904074248558003,52.00740429892422],[5.904251426045963,52.007423497068615],[5.904302976784217,52.00742935832934],[5.904441257621184,52.00744397139275],[5.904567472097718,52.00745483168962],[5.904634441751331,52.007461005215404],[5.904813451740452,52.00747867273169],[5.904931978957712,52.007491278730996],[5.904983224764897,52.00749733158828],[5.905046515843956,52.007505424795596],[5.905089098850536,52.00750885158991],[5.905151435817708,52.007514284798695],[5.905196383729011,52.007517927650085],[5.905233825258653,52.007520961765024],[5.905284731593545,52.00752435274319],[5.905362161120877,52.00752857786926],[5.905456873100537,52.00753443910312],[5.905532460380341,52.007539432644045],[5.905577190841075,52.00754189973545],[5.905645364263327,52.00754559469336],[5.905710462570244,52.007549873921576],[5.905793448387294,52.00755483469239],[5.905847742343865,52.00755783029043],[5.905899566959687,52.00756064529735],[5.905983475431476,52.0075654122132],[5.9060602809737786,52.0075690688722],[5.906596402049382,52.00758658577739],[5.90676798831582,52.007595340600695],[5.9070562436548535,52.007612498007184],[5.907756348048017,52.0076578238864],[5.908192532257816,52.007683871391116],[5.908681529596105,52.007714998932755],[5.909111846245686,52.00773687328246],[5.909802896208719,52.00777851587289],[5.910512488179658,52.00782387670744],[5.911016903190033,52.007854925982215],[5.911598431969269,52.00788943601483],[5.912195395584326,52.00792577534403],[5.91238356489192,52.00793539985981],[5.9134587235307245,52.00800099014917],[5.914012504104468,52.00803362413934],[5.914022278788702,52.008034261692266],[5.914340700123818,52.00805223065305],[5.914331322625299,52.007989775871714]]]]},"properties":{"buurtcode":"BU02020952","buurtnaam":"Alteveer/Cranevelt","gemeentenaam":"Arnhem","aantalInwoners":3250,"crime_violent":11,"crime_property":0,"crime_disorder":0,"crime_count":11}},{"type":"Feature","geometry":{"type":"MultiPolygon","coordinates":[[[[5.942075301584999,52.00790965737482],[5.942165318721265,52.00746044714466],[5.942229986974692,52.00713773442011],[5.942304703959851,52.006756480732925],[5.942401521782487,52.00626289860278],[5.942401547827422,52.00626276724989],[5.942494144422815,52.005774601531556],[5.942551874469497,52.00548894880793],[5.942586503446714,52.005251562011495],[5.94262942666974,52.00503054606972],[5.942672160812187,52.004794191472406],[5.942732935851177,52.0044746354415],[5.942797354305932,52.00416933026768],[5.942846032091082,52.0038997723799],[5.942865846555368,52.003555556904516],[5.94290689024726,52.00301218768114],[5.942956316525139,52.002983416140594],[5.943271440569505,52.002797610741716],[5.943271553341659,52.00279754459361],[5.94328315927229,52.00279077902111],[5.9436555292157305,52.00257373075971],[5.943930797508768,52.00241327770617],[5.943759791158843,52.002297920510124],[5.9426883739475445,52.001575144680515],[5.943240991306448,52.00125868268363],[5.944296311343045,52.00065432301485],[5.945522376053496,52.001450077398225],[5.945526695331067,52.00145288014051],[5.9455365142937175,52.00145925302037],[5.945536644935869,52.00145933599196],[5.945616716394395,52.00140915858406],[5.945773858964829,52.001311383127735],[5.946128577072904,52.001091921870916],[5.946312057412899,52.00098473825311],[5.946273471445084,52.000961201371474],[5.945951812854016,52.00075047770134],[5.945610233669906,52.00052216312457],[5.945610133822382,52.000522097084655],[5.945271636096035,52.00029210315258],[5.944957496284112,52.00008098425913],[5.944639852436794,51.99986667049208],[5.944281607791655,51.99962820947969],[5.9438675594920785,51.99935271787608],[5.943527534369519,51.99915027908866],[5.943358665718191,51.99905613090525],[5.942852468744731,51.998773913161784],[5.942202042514952,51.99844774129331],[5.942040475474295,51.99837200361215],[5.941977374440635,51.99834030808559],[5.94135714784856,51.997966251047146],[5.940739840801078,51.997593944120965],[5.940137255610445,51.99723050727773],[5.939747226962448,51.997462108676764],[5.939464552981331,51.99762995905875],[5.939128030331015,51.997829782057465],[5.938952447394459,51.99793404014504],[5.938788733576854,51.99804758840854],[5.938848881292296,51.99807226883426],[5.9391217502086615,51.99818423324615],[5.939271707077502,51.99824576408663],[5.938943575943007,51.99867608680812],[5.93882690385252,51.998827330046524],[5.938297909398591,51.999513063905134],[5.938297574002225,51.999513499614004],[5.937857157490071,52.000085658443766],[5.937680220869911,52.00031553952146],[5.937678393426827,52.000317921897675],[5.937308215274129,52.00080049550328],[5.937075788140176,52.001103501901156],[5.937075660580133,52.00110366878198],[5.936599262951243,52.00172261345628],[5.936599132497258,52.00172278214773],[5.936033802406577,52.00245847598026],[5.935316982943376,52.00339033985273],[5.934782311826861,52.00408652544981],[5.934781665303006,52.004087367970904],[5.934342908985038,52.00465825681739],[5.934155437964882,52.004901790596485],[5.933966505438061,52.00514722020584],[5.933852320276067,52.00529554893201],[5.933752009344443,52.005419621848304],[5.933748161315274,52.00542438107842],[5.933836729631761,52.005453043303795],[5.933976733710688,52.00550078777781],[5.934087028037349,52.00553951556152],[5.9342912455871595,52.005607889620734],[5.93460362350417,52.005707211251796],[5.935045419174649,52.005833279227424],[5.935357151597151,52.00591802186955],[5.93661582410274,52.006343901522435],[5.938130195764085,52.00681007614993],[5.939153495160715,52.007138224472406],[5.9399776659514885,52.007410817488406],[5.9406217828707195,52.00761290582627],[5.941482401556391,52.007871047653154],[5.941652120089226,52.00792286475066],[5.941750959700382,52.00793012793759],[5.941864241989609,52.00793798988041],[5.9420668064876025,52.00795204964731],[5.942075301584999,52.00790965737482]]]]},"properties":{"buurtcode":"BU02021053","buurtnaam":"Geitenkamp","gemeentenaam":"Arnhem","aantalInwoners":3805,"crime_violent":33,"crime_property":0,"crime_disorder":1,"crime_count":34}},{"type":"Feature","geometry":{"type":"MultiPolygon","coordinates":[[[[5.933752009344443,52.005419621848304],[5.933852320276067,52.00529554893201],[5.933966505438061,52.00514722020584],[5.934155437964882,52.004901790596485],[5.934342908985038,52.00465825681739],[5.934781665303006,52.004087367970904],[5.934782311826861,52.00408652544981],[5.935316982943376,52.00339033985273],[5.936033802406577,52.00245847598026],[5.936599132497258,52.00172278214773],[5.936599262951243,52.00172261345628],[5.937075660580133,52.00110366878198],[5.937075788140176,52.001103501901156],[5.937308215274129,52.00080049550328],[5.937678393426827,52.000317921897675],[5.937680220869911,52.00031553952146],[5.937857157490071,52.000085658443766],[5.938297574002225,51.999513499614004],[5.938297909398591,51.999513063905134],[5.93882690385252,51.998827330046524],[5.938943575943007,51.99867608680812],[5.939271707077502,51.99824576408663],[5.9391217502086615,51.99818423324615],[5.938848881292296,51.99807226883426],[5.938788733576854,51.99804758840854],[5.9386264012381895,51.99797971255816],[5.938295687489493,51.997818597315586],[5.938295334421164,51.99781842369662],[5.937901873703558,51.99763459828002],[5.937626701695073,51.997502114213745],[5.937284726603151,51.99734140297134],[5.936982482732142,51.99720012574349],[5.936717028031507,51.99707413407033],[5.936448691851423,51.99694874938433],[5.936242268084419,51.99684507324653],[5.936048298774888,51.99673598787083],[5.9358532937427695,51.99662096120839],[5.935708583767879,51.99652294208545],[5.935347679459406,51.996230919882045],[5.935028629138903,51.995974373759914],[5.934697793807189,51.99569885686547],[5.934276568385452,51.995355981837534],[5.933864074862233,51.99501782046435],[5.933634076255281,51.99482526546694],[5.933422845549753,51.99465078025653],[5.933416174745827,51.99465419445035],[5.933336093117379,51.99469517568037],[5.933270923366562,51.994734289960874],[5.933212784709869,51.99476861492955],[5.933133228869368,51.994815977111365],[5.9330472719908816,51.99486907654886],[5.932978097200871,51.99490839980233],[5.932894591031327,51.994960345335635],[5.9328235923369785,51.99500176944787],[5.932741914088295,51.99505199500927],[5.93267123535872,51.99509436941126],[5.932579439932803,51.995149017304314],[5.932518552867425,51.99518563771005],[5.932396762249308,51.99525754732631],[5.932336206696704,51.995296068935005],[5.932247789897254,51.9953497499399],[5.932165472213168,51.995398265775954],[5.932090840979465,51.99544522332143],[5.932004545244603,51.995496040512585],[5.931928048384372,51.99554167541813],[5.931841136390683,51.9955924953413],[5.93174170771308,51.99565326572646],[5.93169493401738,51.995684684419196],[5.9316139014960205,51.995737569446746],[5.931557455517915,51.99578463303834],[5.931509529164939,51.99582271556425],[5.931438516253697,51.99588849104688],[5.931382967554095,51.99595876103292],[5.931347512134023,51.99600858211721],[5.931321613677263,51.99605917782373],[5.931315296894369,51.99607151479755],[5.931282059904995,51.996151765564726],[5.9312641040262495,51.99622129084991],[5.931253202120172,51.99631342427597],[5.93125549302681,51.99637524637458],[5.931266128230454,51.99643893181623],[5.931277081467967,51.99648934807452],[5.931287021497328,51.99653510406145],[5.931304631512688,51.99661473853336],[5.9313209598426235,51.99669038450533],[5.931331451181763,51.99674208463303],[5.9313336867953605,51.9967993408982],[5.931331059221885,51.99686213670999],[5.931330977636697,51.996906276200626],[5.931321679328224,51.996952741365156],[5.931311403289502,51.99699483462107],[5.931289397064479,51.99706095497093],[5.931272725026597,51.99710935617078],[5.9312405126659495,51.997172479357964],[5.931226017876906,51.99719727964653],[5.9311836001948,51.99725759531117],[5.931147700944196,51.99729638337256],[5.931065299559182,51.997389037009455],[5.931004071581664,51.9974486791555],[5.930943229138656,51.99751478840459],[5.930915017844254,51.997543965563736],[5.930859519808477,51.99760136012608],[5.930813908018758,51.997652559144846],[5.9307591977295475,51.997715976708704],[5.930729447447183,51.99775359380594],[5.93068213320275,51.997815609132154],[5.930666158218335,51.99783654759929],[5.9306342363198254,51.99788302553486],[5.930592774955247,51.997946191259636],[5.930564928108276,51.99798817594963],[5.930537545252055,51.998043095425636],[5.930516483879366,51.9980854289701],[5.930488534257958,51.99814453692701],[5.930474102454232,51.998174473669884],[5.930439059292671,51.99825853727646],[5.930419853341434,51.99831953194027],[5.930396070327149,51.99840321546011],[5.930384858807774,51.998465783914355],[5.930366299843628,51.99858763211515],[5.930355556903736,51.99869308182742],[5.930339558937084,51.99882271918529],[5.930315073421997,51.99906489843666],[5.930295515788599,51.999224663252434],[5.930283356160984,51.99933195854586],[5.930278592331093,51.99937601808102],[5.930266121750755,51.99948794290909],[5.930263596566217,51.999509567063605],[5.930248043135681,51.99964276806991],[5.93023604516014,51.99974551539684],[5.93022362754707,51.99985185280855],[5.9302224218377955,51.99986219318319],[5.930219620792668,51.99988689352455],[5.930203470461533,52.00002926359492],[5.930191504164149,52.00016240937535],[5.930172161517356,52.00030525527224],[5.930159766558092,52.00044317943286],[5.9301530698707445,52.00050104769403],[5.930134547266061,52.000680114650585],[5.930117175406347,52.00082038795311],[5.930105505751104,52.00090676953817],[5.930098378782983,52.00098635293984],[5.930089940021646,52.001053098937504],[5.930084773988399,52.001103778432416],[5.9300761666830235,52.00115661303473],[5.930069051733001,52.00118946503631],[5.930045263309437,52.00127732898404],[5.930031393950561,52.00132519483317],[5.930018676444256,52.00137269762905],[5.930006351262144,52.00140485999106],[5.929994565289503,52.00143380922473],[5.929976338078109,52.001462507739014],[5.929861383810696,52.001643490890835],[5.929653977602994,52.00194514101829],[5.929457961287129,52.00222464759259],[5.929277964492849,52.00249088151652],[5.929107645590633,52.00274494169168],[5.928928162394954,52.003006177858154],[5.928821357109667,52.003159705247725],[5.9284631863392585,52.00372405571193],[5.929423995787652,52.004032113028494],[5.930480481787883,52.00437083210424],[5.931523754890805,52.00470530102985],[5.93255907949585,52.00503720713457],[5.933748161315274,52.00542438107842],[5.933752009344443,52.005419621848304]]]]},"properties":{"buurtcode":"BU02021154","buurtnaam":"Monnikenhuizen","gemeentenaam":"Arnhem","aantalInwoners":2165,"crime_violent":5,"crime_property":0,"crime_disorder":0,"crime_count":5}},{"type":"Feature","geometry":{"type":"MultiPolygon","coordinates":[[[[5.943584772046427,52.00998720630853],[5.944100488915202,52.00963054428506],[5.944517857518991,52.00934570442637],[5.9447704635982115,52.00917478044382],[5.9450160770595835,52.00898518431157],[5.945438694493088,52.00864677263688],[5.946023278512932,52.00816903469362],[5.946208928006299,52.00801880220132],[5.946602855752215,52.00775557531619],[5.947190771391177,52.00723633435249],[5.9473487866810455,52.00711310674109],[5.947689102471521,52.006882489489456],[5.948125744517353,52.00658674974099],[5.948268484841737,52.00628035710442],[5.948539714370196,52.00579883330057],[5.948750326375482,52.005396641812595],[5.948766427496878,52.00536588768947],[5.948972264432667,52.005151224675956],[5.949288546682526,52.00482582735224],[5.949555754599354,52.004561586855026],[5.94959449403863,52.004523273036796],[5.949742850227905,52.004257191376176],[5.949746724326723,52.004250242825016],[5.949817168807243,52.004112307635495],[5.949817038183236,52.004112227365134],[5.949016118976575,52.003609668270556],[5.948670702515324,52.003396568527144],[5.948404417244785,52.00322518365633],[5.9480619360095535,52.00301527876824],[5.9476838858415615,52.00278021407272],[5.947331461392679,52.002560365677255],[5.947098440753115,52.002413790912804],[5.947000585364687,52.002353256249286],[5.946588822481955,52.00210193932972],[5.946219910133576,52.0018921053487],[5.946219739890957,52.00189200009507],[5.945982188179479,52.00174258815823],[5.945981995871115,52.00174246503243],[5.945704303186946,52.00156592489343],[5.945536644935869,52.00145933599196],[5.9455365142937175,52.00145925302037],[5.945526695331067,52.00145288014051],[5.945522376053496,52.001450077398225],[5.944296311343045,52.00065432301485],[5.943240991306448,52.00125868268363],[5.9426883739475445,52.001575144680515],[5.943759791158843,52.002297920510124],[5.943930797508768,52.00241327770617],[5.9436555292157305,52.00257373075971],[5.94328315927229,52.00279077902111],[5.943271553341659,52.00279754459361],[5.943271440569505,52.002797610741716],[5.942956316525139,52.002983416140594],[5.94290689024726,52.00301218768114],[5.942865846555368,52.003555556904516],[5.942846032091082,52.0038997723799],[5.942797354305932,52.00416933026768],[5.942732935851177,52.0044746354415],[5.942672160812187,52.004794191472406],[5.94262942666974,52.00503054606972],[5.942586503446714,52.005251562011495],[5.942551874469497,52.00548894880793],[5.942494144422815,52.005774601531556],[5.942401547827422,52.00626276724989],[5.942401521782487,52.00626289860278],[5.942304703959851,52.006756480732925],[5.942229986974692,52.00713773442011],[5.942165318721265,52.00746044714466],[5.942075301584999,52.00790965737482],[5.9420668064876025,52.00795204964731],[5.942065607533666,52.00795802716172],[5.941969293881659,52.00850197989585],[5.9418943803625,52.008916411972535],[5.941717431229418,52.00992958934508],[5.942109542244357,52.00994113485093],[5.942206654367359,52.00995908486851],[5.943310317693246,52.01013422310831],[5.943584772046427,52.00998720630853]]]]},"properties":{"buurtcode":"BU02021155","buurtnaam":"Arnhemse Allee","gemeentenaam":"Arnhem","aantalInwoners":1015,"crime_violent":4,"crime_property":0,"crime_disorder":0,"crime_count":4}},{"type":"Feature","geometry":{"type":"MultiPolygon","coordinates":[[[[5.945401532669258,52.01054976356067],[5.946048195450239,52.01050389989649],[5.946031705158686,52.0104155697382],[5.946031190331526,52.01041283073755],[5.94580947618471,52.01040033829198],[5.945643471391336,52.01039099656306],[5.944911630778774,52.01035092876798],[5.944552258593711,52.010331509303036],[5.94400636073757,52.01024422885065],[5.943310317693246,52.01013422310831],[5.942206654367359,52.00995908486851],[5.942109542244357,52.00994113485093],[5.941717431229418,52.00992958934508],[5.9418943803625,52.008916411972535],[5.941969293881659,52.00850197989585],[5.942065607533666,52.00795802716172],[5.9420668064876025,52.00795204964731],[5.941864241989609,52.00793798988041],[5.941750959700382,52.00793012793759],[5.941652120089226,52.00792286475066],[5.941482401556391,52.007871047653154],[5.9406217828707195,52.00761290582627],[5.9399776659514885,52.007410817488406],[5.939153495160715,52.007138224472406],[5.938130195764085,52.00681007614993],[5.93661582410274,52.006343901522435],[5.935357151597151,52.00591802186955],[5.935045419174649,52.005833279227424],[5.93460362350417,52.005707211251796],[5.9342912455871595,52.005607889620734],[5.934087028037349,52.00553951556152],[5.933976733710688,52.00550078777781],[5.933836729631761,52.005453043303795],[5.933748161315274,52.00542438107842],[5.93255907949585,52.00503720713457],[5.931523754890805,52.00470530102985],[5.930480481787883,52.00437083210424],[5.929423995787652,52.004032113028494],[5.9284631863392585,52.00372405571193],[5.928821357109667,52.003159705247725],[5.928928162394954,52.003006177858154],[5.929107645590633,52.00274494169168],[5.929277964492849,52.00249088151652],[5.929457961287129,52.00222464759259],[5.929653977602994,52.00194514101829],[5.929861383810696,52.001643490890835],[5.929976338078109,52.001462507739014],[5.929994565289503,52.00143380922473],[5.930006351262144,52.00140485999106],[5.930018676444256,52.00137269762905],[5.930031393950561,52.00132519483317],[5.930045263309437,52.00127732898404],[5.930069051733001,52.00118946503631],[5.9300761666830235,52.00115661303473],[5.930084773988399,52.001103778432416],[5.930089940021646,52.001053098937504],[5.930098378782983,52.00098635293984],[5.930105505751104,52.00090676953817],[5.930117175406347,52.00082038795311],[5.930134547266061,52.000680114650585],[5.9301530698707445,52.00050104769403],[5.930159766558092,52.00044317943286],[5.930172161517356,52.00030525527224],[5.930191504164149,52.00016240937535],[5.930203470461533,52.00002926359492],[5.930219620792668,51.99988689352455],[5.9302224218377955,51.99986219318319],[5.93022362754707,51.99985185280855],[5.93023604516014,51.99974551539684],[5.930248043135681,51.99964276806991],[5.930263596566217,51.999509567063605],[5.930266121750755,51.99948794290909],[5.930278592331093,51.99937601808102],[5.930283356160984,51.99933195854586],[5.930295515788599,51.999224663252434],[5.930315073421997,51.99906489843666],[5.930339558937084,51.99882271918529],[5.930355556903736,51.99869308182742],[5.930366299843628,51.99858763211515],[5.930384858807774,51.998465783914355],[5.930396070327149,51.99840321546011],[5.930419853341434,51.99831953194027],[5.930439059292671,51.99825853727646],[5.930474102454232,51.998174473669884],[5.930488534257958,51.99814453692701],[5.930516483879366,51.9980854289701],[5.930537545252055,51.998043095425636],[5.930564928108276,51.99798817594963],[5.930592774955247,51.997946191259636],[5.9306342363198254,51.99788302553486],[5.930666158218335,51.99783654759929],[5.93068213320275,51.997815609132154],[5.930729447447183,51.99775359380594],[5.9307591977295475,51.997715976708704],[5.930813908018758,51.997652559144846],[5.930859519808477,51.99760136012608],[5.930915017844254,51.997543965563736],[5.930943229138656,51.99751478840459],[5.931004071581664,51.9974486791555],[5.931065299559182,51.997389037009455],[5.931147700944196,51.99729638337256],[5.9311836001948,51.99725759531117],[5.931226017876906,51.99719727964653],[5.9312405126659495,51.997172479357964],[5.931272725026597,51.99710935617078],[5.931289397064479,51.99706095497093],[5.931311403289502,51.99699483462107],[5.931321679328224,51.996952741365156],[5.931330977636697,51.996906276200626],[5.931331059221885,51.99686213670999],[5.9313336867953605,51.9967993408982],[5.931331451181763,51.99674208463303],[5.9313209598426235,51.99669038450533],[5.931304631512688,51.99661473853336],[5.931287021497328,51.99653510406145],[5.931277081467967,51.99648934807452],[5.931266128230454,51.99643893181623],[5.93125549302681,51.99637524637458],[5.931253202120172,51.99631342427597],[5.9312641040262495,51.99622129084991],[5.931282059904995,51.996151765564726],[5.931315296894369,51.99607151479755],[5.931321613677263,51.99605917782373],[5.931347512134023,51.99600858211721],[5.931382967554095,51.99595876103292],[5.931438516253697,51.99588849104688],[5.931509529164939,51.99582271556425],[5.931557455517915,51.99578463303834],[5.9316139014960205,51.995737569446746],[5.93169493401738,51.995684684419196],[5.93174170771308,51.99565326572646],[5.931841136390683,51.9955924953413],[5.931928048384372,51.99554167541813],[5.932004545244603,51.995496040512585],[5.932090840979465,51.99544522332143],[5.932165472213168,51.995398265775954],[5.932247789897254,51.9953497499399],[5.932336206696704,51.995296068935005],[5.932396762249308,51.99525754732631],[5.932518552867425,51.99518563771005],[5.932579439932803,51.995149017304314],[5.93267123535872,51.99509436941126],[5.932741914088295,51.99505199500927],[5.9328235923369785,51.99500176944787],[5.932894591031327,51.994960345335635],[5.932978097200871,51.99490839980233],[5.9330472719908816,51.99486907654886],[5.933133228869368,51.994815977111365],[5.933212784709869,51.99476861492955],[5.933270923366562,51.994734289960874],[5.933336093117379,51.99469517568037],[5.933416174745827,51.99465419445035],[5.933422845549753,51.99465078025653],[5.933355842171759,51.99459543185363],[5.93326667178736,51.99452177276553],[5.933129460536459,51.99440587916514],[5.933027108958185,51.994305281836176],[5.93292078234269,51.994194595449265],[5.93281712778317,51.9940660600722],[5.932719194606283,51.99393274232912],[5.932614173793532,51.99377091842675],[5.932512637335137,51.993578756943634],[5.932311694180724,51.99321107117798],[5.932180727016184,51.992974455426065],[5.9320938840044,51.99280244031595],[5.93196467425356,51.99257486026365],[5.931734193631765,51.99263854755315],[5.930848419614366,51.99288330532736],[5.929598071658251,51.993228786152855],[5.928957021208383,51.993405905944044],[5.9285069422636365,51.993532571882966],[5.928328776991898,51.99358095531364],[5.928185135204746,51.993617289006224],[5.928076382880611,51.993639668569635],[5.92798405983939,51.99365079458201],[5.9278327027588595,51.99365434412415],[5.927442083027035,51.993655425099746],[5.927233194911677,51.993653839672774],[5.927090713223087,51.993652758058715],[5.926780975097845,51.99364776337416],[5.926486194466296,51.99364625599411],[5.92595801676471,51.993645108805325],[5.9252911365923895,51.993642453684316],[5.924832298076061,51.993640984234794],[5.924194325317886,51.99363961812247],[5.923959711187384,51.993639261575964],[5.923556326970847,51.99363610764165],[5.922983953879914,51.993617078423576],[5.922729178603793,51.993604793822776],[5.922357179013031,51.99357734567768],[5.9223408165567015,51.99357529437167],[5.922247583234726,51.993694220944406],[5.921987442437851,51.993991345461104],[5.9222330479437915,51.99423674317933],[5.922254267800005,51.99427988962782],[5.922273490806692,51.99434115668689],[5.922277852231413,51.99437353087213],[5.922276596349061,51.994390299863056],[5.9222632382080596,51.99440807666897],[5.922259221772098,51.994442421457904],[5.922250267043765,51.99447291472863],[5.922223394309661,51.99453684527334],[5.922172339941508,51.994609604490414],[5.922065180851281,51.99474070153578],[5.92192014986306,51.99474492028134],[5.92175403073705,51.99474876728633],[5.921506997986107,51.99475867123697],[5.920990965660834,51.99476914848353],[5.920802228801421,51.99477624270001],[5.9208036616222515,51.994780406795655],[5.920518302387105,51.99479375428029],[5.92023659840716,51.994798590516915],[5.920237632071834,51.99481204858562],[5.920240261219777,51.99484629307618],[5.920245571509843,51.9949156024576],[5.9202499053593565,51.9949723469528],[5.920258753735398,51.99508829253763],[5.92025830907491,51.99509620430144],[5.920235396315182,51.99509668564051],[5.92023352925937,51.99518457320722],[5.920232337302577,51.99524107039302],[5.920230407898413,51.995304123427545],[5.920227772510222,51.99538984828046],[5.920222576271575,51.99555556847074],[5.920221702054773,51.995583439913275],[5.920223510832928,51.995638570751744],[5.920194039826877,51.99563870428806],[5.920038564219094,51.995636554841596],[5.919904481318435,51.995635377927876],[5.919764054222775,51.99563530009639],[5.919686712151812,51.99563548393944],[5.91959878318709,51.995635692277965],[5.919513818641704,51.99563429260285],[5.919513915811,51.99566724345357],[5.91951400732279,51.99569885955967],[5.919499464031395,51.99588549294763],[5.919490792447068,51.9959825614189],[5.9194775228622865,51.99613030632727],[5.919465994864978,51.99623024151079],[5.919452011537959,51.99636657353451],[5.91944245253845,51.99643760585864],[5.919434483626667,51.99649650121138],[5.91942572488798,51.996537564555965],[5.9194114285285995,51.99659898549281],[5.919390800349533,51.9966745836284],[5.919370946704767,51.9967425732143],[5.919283277341957,51.99695165400876],[5.919196579777853,51.99714539171987],[5.919097429972703,51.99735556781779],[5.91901078824909,51.997573290528294],[5.918979542326271,51.99762153110162],[5.918930846438521,51.997657424142446],[5.918875322776009,51.997686213067844],[5.91883700957641,51.997704222673946],[5.918767024535914,51.99773188773478],[5.918416814894591,51.99792729059154],[5.918177474045623,51.99805025206563],[5.917996623070201,51.998150951107824],[5.917901682224178,51.99821167501552],[5.917860877789716,51.998237772464954],[5.917769204270584,51.99830477426804],[5.917723564444721,51.99835492201815],[5.917620467044881,51.99851472415099],[5.917531232289751,51.99870656917171],[5.917390965413838,51.99902687631073],[5.917322207506253,51.99911298890456],[5.917245119640366,51.99919181617763],[5.917091519017008,51.99931676747013],[5.916969252200403,51.99940352710392],[5.91691504924284,51.99944528922676],[5.916898617030305,51.99945794869128],[5.916782810361652,51.99952089677556],[5.916641892017738,51.99957801285478],[5.9165900628488854,51.99959542100345],[5.916522525149872,51.99961810315521],[5.916530505172529,51.999631664825046],[5.916614254285687,51.99977400768027],[5.916718124788343,51.99995618345809],[5.916891195814757,52.00025600528607],[5.9170672633603525,52.00054820382336],[5.917215143114297,52.00080247690967],[5.917347522330031,52.001049211013964],[5.917356889961956,52.00115713770877],[5.917341155984206,52.00129276453473],[5.9172165849643985,52.00151092819477],[5.917086065827146,52.00171484950408],[5.916926731359785,52.00192603534353],[5.915628312990837,52.00372977069883],[5.915313607481528,52.004196590937646],[5.91521663755311,52.00433864642443],[5.9146190606505185,52.00517927258414],[5.913760254295252,52.006402168557855],[5.913690561538864,52.00650521710458],[5.913663486968279,52.00656241418265],[5.913651850280362,52.006621445014645],[5.913655691863077,52.006686114187126],[5.913668916938704,52.00676215566326],[5.913794771823334,52.00697848193741],[5.914188508230601,52.00764248970274],[5.914190963622452,52.00765460756557],[5.914206266258642,52.007677844883936],[5.91426635829375,52.007774129324986],[5.914283324963456,52.00780782339915],[5.914296075900158,52.007843438286926],[5.914302173805195,52.007870522486044],[5.914316764980137,52.00793157600313],[5.914331322625299,52.007989775871714],[5.914340700123818,52.00805223065305],[5.914444775416149,52.00805810383176],[5.914512249688261,52.008061910940896],[5.914994954911436,52.008092166797894],[5.915135456727262,52.00810097245206],[5.915753983171643,52.00813529506317],[5.916334745782273,52.008172374688016],[5.916352507260476,52.00817357295739],[5.917083612558662,52.00821112410803],[5.917247133876293,52.00822180281046],[5.917879513380113,52.00825414902327],[5.917915646461378,52.008256274489],[5.918225041983816,52.008274469600885],[5.918880667680565,52.00831716974845],[5.9190998712438585,52.008343766081786],[5.919157058369247,52.00835204828045],[5.919660386591884,52.008424942001504],[5.920089874444217,52.008505757596325],[5.920632406734176,52.008629817963346],[5.921087294902537,52.00873637959796],[5.922331430016905,52.00902781799656],[5.922684126853987,52.009115394660256],[5.922973815690507,52.00917055764106],[5.923287519351949,52.00921966470403],[5.923586593448533,52.009253973615614],[5.924001275014086,52.00928775526017],[5.924571995906577,52.00931844454209],[5.925194483519071,52.00932749042697],[5.925577981113528,52.009331681079054],[5.9267206522645255,52.00933477084404],[5.92703806818265,52.009337941157916],[5.927454878030999,52.00934210317277],[5.928299619271675,52.00932937486395],[5.928657318788314,52.009335338767144],[5.929243353432058,52.009357373534215],[5.929663100687637,52.009395392151525],[5.930175680561616,52.009461518870005],[5.930503545308895,52.00951609436473],[5.930731742673763,52.00955407854171],[5.931182737549019,52.009626192966834],[5.931778975117317,52.00972617146924],[5.931982835864712,52.00975757135003],[5.932745643497526,52.009864383100464],[5.93343411830081,52.009942997952734],[5.933454287393393,52.009944452105245],[5.933606955869934,52.0099554585981],[5.934153098034395,52.00999483182199],[5.93495823724299,52.01003294218318],[5.935291279318218,52.010039000732114],[5.935796916138779,52.01004044983643],[5.936385441258623,52.010033832054745],[5.937242664513125,52.010024186563065],[5.937944340104527,52.01001591020493],[5.938429979554809,52.01002076998557],[5.938875301884435,52.010037708391884],[5.939361161438913,52.01006039977056],[5.939797027520747,52.010091647875264],[5.940088281825913,52.01011525081976],[5.940526235955075,52.01015956527998],[5.940939188039476,52.010207564173555],[5.940994619942657,52.01021472132304],[5.941365716201483,52.01026263171892],[5.941823089404257,52.010318741463436],[5.942803438793512,52.01043778076239],[5.943121139976397,52.01048208179597],[5.943707746066239,52.01054827498543],[5.9442649501994955,52.01057417579899],[5.944810282644546,52.01057515971976],[5.945401532669258,52.01054976356067]]]]},"properties":{"buurtcode":"BU02021159","buurtnaam":"Klarenbeek","gemeentenaam":"Arnhem","aantalInwoners":1275,"crime_violent":8,"crime_property":0,"crime_disorder":0,"crime_count":8}},{"type":"Feature","geometry":{"type":"MultiPolygon","coordinates":[[[[5.908185651737065,51.98857684121337],[5.908280649451918,51.9884483561996],[5.90830728281788,51.988413039831954],[5.908406972615851,51.98828084870181],[5.908444536863584,51.988231810787504],[5.908510444440977,51.98813591591041],[5.908557128108755,51.98807613601149],[5.908674456766299,51.98793042798211],[5.908686512724899,51.98791517613074],[5.908720578670286,51.98787207785643],[5.908753164431571,51.98782601548306],[5.908754263941794,51.987824544607776],[5.9088695091654175,51.98766154302881],[5.909047110049886,51.98743245110014],[5.909147398286596,51.98731214645558],[5.909344859584228,51.98706869602492],[5.909528817241732,51.98685669794192],[5.909761476658654,51.98659311387283],[5.910012341940468,51.9863056670568],[5.910152215534323,51.98614523236415],[5.910346950705341,51.98593318417747],[5.910710488359543,51.98555108616039],[5.910541500276706,51.98552891687048],[5.910488828532887,51.985522088135056],[5.910172748817958,51.985481107357735],[5.910084300369189,51.98546963950328],[5.909794276492297,51.985432035665326],[5.909739986639671,51.98542499626544],[5.909446761681687,51.98538697704679],[5.909194180477962,51.98535422729285],[5.9088866641770466,51.985314352879186],[5.90861758368484,51.985275785887524],[5.908351986975354,51.985240576177624],[5.908058053292121,51.98520299527466],[5.907779727308965,51.98516605734622],[5.907554065718451,51.985136734446044],[5.90730121731702,51.98510467661632],[5.906968800805772,51.98506565421842],[5.906525981586043,51.98500902477187],[5.905788314100184,51.98491712113738],[5.905331194553905,51.9848799525056],[5.905288545591346,51.98487601649117],[5.90515181278309,51.98486339853949],[5.905001222820873,51.98502383849655],[5.904870517275264,51.9851457008196],[5.904806801172625,51.98523159527128],[5.904755234330048,51.98530221625435],[5.904700893075133,51.98539948460906],[5.904674128576127,51.985483314485606],[5.904644479895161,51.98558427895675],[5.904612102131793,51.98571569628012],[5.904596213991418,51.98577725908468],[5.904588505337155,51.98580712263851],[5.9045806632439515,51.985815583710945],[5.904571025238634,51.98582598068308],[5.905080921626394,51.98613758336983],[5.905359708536195,51.9863095585913],[5.905513475595121,51.98640441210488],[5.905740386787527,51.986541345583404],[5.905940201863222,51.98666650834092],[5.906000935195965,51.98670833387791],[5.906161518229866,51.986818923876534],[5.906412081550882,51.98700212715827],[5.906583197446644,51.98712888508468],[5.906724837357962,51.98723380719936],[5.907016355829318,51.9874608236164],[5.90730995639964,51.98770091085697],[5.907508393192697,51.98787245066205],[5.907704441193247,51.988059679985966],[5.907712885510102,51.98806774562442],[5.907796607749371,51.98814585516901],[5.907858773687258,51.988222088915286],[5.907884527450164,51.98825367235949],[5.907946592630189,51.98835366901561],[5.907961072670495,51.98837699890546],[5.908022653836598,51.9885384420481],[5.908101824462302,51.98862251642165],[5.908125090385468,51.988639674633774],[5.908140288734285,51.988650884121036],[5.908185651737065,51.98857684121337]]]]},"properties":{"buurtcode":"BU02021260","buurtnaam":"Transvaalbuurt","gemeentenaam":"Arnhem","aantalInwoners":755,"crime_violent":0,"crime_property":0,"crime_disorder":0,"crime_count":0}},{"type":"Feature","geometry":{"type":"MultiPolygon","coordinates":[[[[5.89745947115383,51.992845339552225],[5.897541374361055,51.9928083262799],[5.897697565651622,51.99272203385255],[5.897918126271131,51.99260502191006],[5.898040438471771,51.99252077980242],[5.898187037296221,51.9924040884383],[5.898357288778053,51.992199777324956],[5.898527301472218,51.99197453943077],[5.8986577284668025,51.99179132938683],[5.898729426657528,51.99167225200188],[5.898746618815353,51.99164369588839],[5.898748462058625,51.99164063453385],[5.898844966921614,51.99145566891395],[5.898946788147495,51.99119648039255],[5.899075408198604,51.990855366853495],[5.899105049710168,51.990752501095535],[5.899117312391856,51.99071662558699],[5.8991617094644955,51.99058673416728],[5.899230695383692,51.99042091266731],[5.899296966781197,51.990287446604796],[5.899357033246378,51.990150202743706],[5.899403643936199,51.99007463434639],[5.8994629290758915,51.989978513719855],[5.899550575821687,51.98982783159749],[5.900033304090871,51.989092775159705],[5.900052310930194,51.989063417248566],[5.900209311497823,51.9888208966719],[5.900311430621187,51.9886563572974],[5.900448176030558,51.988488099287714],[5.9006642521205395,51.988183939773286],[5.900835650096824,51.98798104623321],[5.900920924443045,51.987893157900615],[5.900987973437726,51.98782817861804],[5.901048816430599,51.98775942163496],[5.901134351621994,51.987694361517256],[5.901253521923252,51.98760632395098],[5.901660327183034,51.98734199494906],[5.901945076603725,51.98718283925983],[5.9021165599905006,51.98708886428586],[5.902226918497634,51.987038914681285],[5.902447678518039,51.986942821537816],[5.902647088304503,51.986865846275954],[5.902766733267422,51.98681966113914],[5.902907881751452,51.98676767400888],[5.903012185969717,51.98672726347584],[5.903107266619362,51.98668879523613],[5.903189980679309,51.986646576392666],[5.903367773304249,51.98656588994646],[5.903576248294105,51.98647365335327],[5.903711079284537,51.98640837495188],[5.90383351719232,51.98633744321843],[5.903937431715244,51.98627272817365],[5.904381156200627,51.98599638536543],[5.904491114377006,51.985912189759915],[5.904571025238634,51.98582598068308],[5.9045806632439515,51.985815583710945],[5.904588505337155,51.98580712263851],[5.904596213991418,51.98577725908468],[5.904612102131793,51.98571569628012],[5.904644479895161,51.98558427895675],[5.904674128576127,51.985483314485606],[5.904700893075133,51.98539948460906],[5.904755234330048,51.98530221625435],[5.904806801172625,51.98523159527128],[5.904870517275264,51.9851457008196],[5.905001222820873,51.98502383849655],[5.90515181278309,51.98486339853949],[5.905128608420116,51.984861257213836],[5.905045869574009,51.98485362183578],[5.904768281216749,51.984830111136986],[5.90434112522194,51.98479584129364],[5.903464594640643,51.98475306161668],[5.903482389967791,51.98501644116719],[5.903485385631166,51.985060793636315],[5.903361536048547,51.98506752111887],[5.903216530389715,51.98507641758566],[5.903090507901186,51.98508534747268],[5.902969194711698,51.985094912726616],[5.90284784059116,51.98510472072022],[5.902727044132701,51.985116188989934],[5.902566108600127,51.98513235413571],[5.902455080972486,51.98514390516449],[5.902193992972741,51.98517425162872],[5.90203457680288,51.98519472380399],[5.901875862707712,51.985216765652865],[5.901558920053878,51.98526387565843],[5.901123667395655,51.98532996381402],[5.900846274629581,51.98537188360277],[5.900370147722813,51.98544097876178],[5.9002993018646555,51.98545036603149],[5.900210955213689,51.98546206768074],[5.8998911602292585,51.98550192303319],[5.899730978580591,51.985520570780764],[5.8996747695640215,51.985526730001396],[5.899570057248366,51.98553819685947],[5.899409312622793,51.98555473431148],[5.899240153953157,51.9855712991274],[5.899198387286128,51.985575029496786],[5.8990337516876075,51.98558957082831],[5.899037273593386,51.9856115419117],[5.898958252063048,51.985616370851105],[5.898958039637752,51.98559776049591],[5.8987818692036305,51.98560994187099],[5.898622546757741,51.985622049746354],[5.898511646767049,51.985629664922584],[5.898358103214212,51.98563944630667],[5.8981959381495646,51.985648932367184],[5.898033517766371,51.98565773619795],[5.897708415933176,51.98567416684522],[5.897546112020173,51.98568298747376],[5.89730278170331,51.98569830724366],[5.89722193588879,51.98570404176036],[5.897011925733952,51.98572175119453],[5.896938859239829,51.98572798211945],[5.89694387272515,51.98570031223433],[5.896959090631351,51.985616268147865],[5.896966830035663,51.98557355792957],[5.896969469817135,51.98556566370887],[5.896982534123051,51.98552587859565],[5.896981125632728,51.98548138337802],[5.896957728457211,51.985478536576416],[5.896962941640752,51.98543476049851],[5.89670095908878,51.98546652942523],[5.895907090471793,51.985565091068004],[5.895368623371751,51.98563305550044],[5.894516508286497,51.985758495380296],[5.894382698026315,51.98577396329179],[5.8947062141567335,51.98614803308578],[5.894712862385219,51.98615662423344],[5.894787276646514,51.98625276166784],[5.894887711030834,51.98638251105812],[5.894995709010182,51.98652204748699],[5.894998382434533,51.9865254425321],[5.895063814505403,51.98650054281859],[5.895209101284049,51.9864452556409],[5.895256051163353,51.98650185926678],[5.895286367087754,51.986538400811874],[5.895309608821607,51.986566029500224],[5.895373853262101,51.98664237501805],[5.895403358679153,51.986677520555176],[5.895430481594166,51.98671233212297],[5.895439330444846,51.98672368213743],[5.895469839567242,51.986760546388744],[5.895511226800465,51.98681054055558],[5.895552717351836,51.986860651109886],[5.895600717334545,51.98691863428071],[5.895607403605539,51.98692670389118],[5.895621248611386,51.986943425312134],[5.895925350409827,51.98723851960268],[5.895950562497865,51.987258184055484],[5.896162706240496,51.987423647171184],[5.896186960871782,51.987442565187905],[5.896244977818564,51.987493323967115],[5.89620596701975,51.98751775050228],[5.896136905828525,51.987554160851616],[5.896116369211454,51.98756498806557],[5.895889935677889,51.98766521034662],[5.895813592814237,51.987698999525115],[5.895642670999794,51.987778638009466],[5.895453356667275,51.987861320055046],[5.8952271419428035,51.98795361957136],[5.894875235153404,51.988090124666556],[5.894631790492252,51.98817117475285],[5.894293362298438,51.98828176767836],[5.893954426816764,51.98838343368448],[5.893699927799678,51.98847055972501],[5.893497954264824,51.98852707768487],[5.89333511167134,51.98856963435094],[5.893196861927339,51.98860685291154],[5.892695917086659,51.98872648750879],[5.892168044400875,51.98884956572116],[5.8919774933296996,51.988894617734836],[5.891884462511838,51.98891118775695],[5.891555428062552,51.98898383491185],[5.891344324953583,51.989204062460836],[5.891106649606325,51.98947761891987],[5.890686210531069,51.98992823651088],[5.890354536399884,51.990283707992255],[5.890050611602831,51.99061040148557],[5.889874446271605,51.990799762026576],[5.889694627368263,51.99097841660466],[5.889584229712637,51.991082831913495],[5.889526911469989,51.99113704353893],[5.889397040976731,51.99123557893623],[5.889366056943481,51.99126194185482],[5.889398996363302,51.99127054422628],[5.889848426930343,51.99138791477064],[5.890570726334519,51.99156081140161],[5.890842437596405,51.99159678129854],[5.891388611447204,51.991669084034044],[5.891664088624597,51.99170785554131],[5.892438077792988,51.99181678546347],[5.892521525967822,51.99182944671872],[5.893352622325383,51.991955544765936],[5.894066682920354,51.99207200143277],[5.894332899296078,51.99211541761342],[5.8945722117221155,51.99215719288724],[5.895189781771257,51.99226392353529],[5.896041292543215,51.992432138118616],[5.896108682128834,51.992445450522034],[5.896606979793995,51.99256458113684],[5.8970127755223904,51.99267935384878],[5.89729134462741,51.99278516352665],[5.897327343013705,51.992801971159714],[5.89743952911547,51.99285435145669],[5.89745947115383,51.992845339552225]]]]},"properties":{"buurtcode":"BU02021261","buurtnaam":"Burgemeesterswijk","gemeentenaam":"Arnhem","aantalInwoners":2920,"crime_violent":7,"crime_property":1,"crime_disorder":13,"crime_count":21}},{"type":"Feature","geometry":{"type":"MultiPolygon","coordinates":[[[[5.889796506284476,51.996802250148654],[5.8900159014486615,51.9967954110974],[5.890686112320784,51.9967594412189],[5.8908401010871785,51.99674895257574],[5.890914358580537,51.996743894268356],[5.891012631755508,51.99673611388896],[5.891126998118707,51.99672705917159],[5.891344992677539,51.99670979896804],[5.8920116817088095,51.99665701045848],[5.8924124104247975,51.9966252785365],[5.892517864699166,51.99661879544069],[5.892593220620279,51.99661136472686],[5.8925308399322915,51.9965777088645],[5.892431348001526,51.99650108358859],[5.892355154669529,51.99644052912325],[5.892292743062272,51.99637230592527],[5.892227682789607,51.99629256292577],[5.892216175026152,51.996278459282664],[5.892173647312633,51.99619683266161],[5.892171269017381,51.99619032722332],[5.892155247493143,51.99614650503487],[5.89214343575138,51.99611420220705],[5.892125468172649,51.99602390877934],[5.8921288373086425,51.99591259624632],[5.892131296726698,51.995857411687716],[5.892148748687765,51.995765064330335],[5.892170812688843,51.99567174531133],[5.892197681606188,51.99559457658216],[5.892241254756724,51.99549545853726],[5.892280526460553,51.99542489601026],[5.892344366734649,51.99534661757236],[5.89241917508844,51.99528446382232],[5.892500276612982,51.995233699086064],[5.8926167446960385,51.99517612292648],[5.893755855303629,51.994691174428624],[5.893779233260419,51.994681220765365],[5.894503088188124,51.99437274488471],[5.894877420364566,51.99422558668385],[5.895088150744496,51.994139226020145],[5.895116700528713,51.99412752490257],[5.895186198501606,51.99410338241079],[5.895288612828188,51.99406780389535],[5.895687356145621,51.99389960923343],[5.89613826047912,51.99371121101632],[5.896371296504339,51.99360651510845],[5.896489996309788,51.99354702259069],[5.896520236555305,51.993530007096005],[5.896569155762232,51.99349554885206],[5.896636326040572,51.993440084911185],[5.896782563860301,51.99329105413983],[5.896861906125539,51.993222304713875],[5.896925998275352,51.99316676764855],[5.897189035549505,51.992990594261414],[5.897354343349944,51.992892848483976],[5.89743952911547,51.99285435145669],[5.897327343013705,51.992801971159714],[5.89729134462741,51.99278516352665],[5.8970127755223904,51.99267935384878],[5.896606979793995,51.99256458113684],[5.896108682128834,51.992445450522034],[5.896041292543215,51.992432138118616],[5.895189781771257,51.99226392353529],[5.8945722117221155,51.99215719288724],[5.894332899296078,51.99211541761342],[5.894066682920354,51.99207200143277],[5.893352622325383,51.991955544765936],[5.892521525967822,51.99182944671872],[5.892438077792988,51.99181678546347],[5.891664088624597,51.99170785554131],[5.891388611447204,51.991669084034044],[5.890842437596405,51.99159678129854],[5.890570726334519,51.99156081140161],[5.889848426930343,51.99138791477064],[5.889398996363302,51.99127054422628],[5.889366056943481,51.99126194185482],[5.889213882143945,51.991391416629206],[5.888995093592026,51.9916682182757],[5.8888871769329745,51.9918009041445],[5.888671189832873,51.99205296000327],[5.888511488611795,51.99224008926763],[5.888351647805433,51.99241485184569],[5.888290757408579,51.99248075212076],[5.887903666860703,51.99286670901062],[5.887629425446643,51.99314659688418],[5.887330738014733,51.99344561362461],[5.887187497468236,51.99358986410639],[5.886905605902274,51.9938754903446],[5.886577982017452,51.9942060197708],[5.886346371176969,51.99444101384706],[5.886008058998723,51.99478110023467],[5.8857718406085855,51.99501801550983],[5.885506690032464,51.99528644458383],[5.885310076744107,51.99548228706128],[5.88512418447847,51.99567237624154],[5.884974337239068,51.995822843970195],[5.884967210534857,51.99582999917041],[5.884897512561979,51.995913966388905],[5.884776463208179,51.99604575293639],[5.884634690045137,51.99618476190508],[5.884778960547993,51.996240541120564],[5.884971968399663,51.996311514603406],[5.884990346598422,51.996318267988805],[5.8851196197743025,51.99636811861001],[5.8852626616345,51.99642263867317],[5.885274652971114,51.996427252860194],[5.8854087763082035,51.996478475825654],[5.8855659147980095,51.99653568626407],[5.885685803793617,51.996580618944144],[5.885767158007453,51.99661110874299],[5.885861358716759,51.9966423035586],[5.8859158740963835,51.99658577049895],[5.886034803831384,51.99646243810778],[5.886111242116526,51.99649252336143],[5.886279312191039,51.99655728433652],[5.886350970504938,51.996584895446176],[5.886529500853107,51.99665125385967],[5.886736981866401,51.996734827595844],[5.886782182051995,51.99666972195697],[5.886810858536748,51.9966284246477],[5.886873284468289,51.99653851892666],[5.886862600895703,51.996528452418815],[5.886963935850376,51.9964452664816],[5.886985838240843,51.99645071925597],[5.887090793901956,51.996476788999296],[5.887273532479993,51.996522212556336],[5.88730478675234,51.99652994451681],[5.8879529758098785,51.99664158235109],[5.887956944581552,51.996639704876195],[5.887993670813567,51.99664779986525],[5.888679151212063,51.99679884163255],[5.888780081483577,51.99681115689975],[5.888812745679419,51.99681146707489],[5.889480630351074,51.99681209650196],[5.889796506284476,51.996802250148654]]]]},"properties":{"buurtcode":"BU02021262","buurtnaam":"Gulden Bodem","gemeentenaam":"Arnhem","aantalInwoners":1170,"crime_violent":0,"crime_property":0,"crime_disorder":0,"crime_count":0}},{"type":"Feature","geometry":{"type":"MultiPolygon","coordinates":[[[[5.884974337239068,51.995822843970195],[5.88512418447847,51.99567237624154],[5.885310076744107,51.99548228706128],[5.885506690032464,51.99528644458383],[5.8857718406085855,51.99501801550983],[5.886008058998723,51.99478110023467],[5.886346371176969,51.99444101384706],[5.886577982017452,51.9942060197708],[5.886905605902274,51.9938754903446],[5.887187497468236,51.99358986410639],[5.887330738014733,51.99344561362461],[5.887629425446643,51.99314659688418],[5.887903666860703,51.99286670901062],[5.888290757408579,51.99248075212076],[5.888351647805433,51.99241485184569],[5.888511488611795,51.99224008926763],[5.888671189832873,51.99205296000327],[5.8888871769329745,51.9918009041445],[5.888995093592026,51.9916682182757],[5.889213882143945,51.991391416629206],[5.889366056943481,51.99126194185482],[5.889397040976731,51.99123557893623],[5.889526911469989,51.99113704353893],[5.889584229712637,51.991082831913495],[5.889694627368263,51.99097841660466],[5.889874446271605,51.990799762026576],[5.890050611602831,51.99061040148557],[5.890354536399884,51.990283707992255],[5.890686210531069,51.98992823651088],[5.891106649606325,51.98947761891987],[5.891344324953583,51.989204062460836],[5.891555428062552,51.98898383491185],[5.891472380702751,51.989002170265955],[5.8913639942452445,51.98902609973007],[5.891122904093734,51.98908630373764],[5.891121572804761,51.989086636615205],[5.8907134917218515,51.98918826758786],[5.89063626533067,51.98921136912506],[5.890521536338461,51.98924568940869],[5.890459814698865,51.98926761444072],[5.890312818801619,51.98931982990489],[5.890222903386621,51.989355720114084],[5.890124911822193,51.9893948320426],[5.889907307325815,51.98950087707578],[5.889585643945273,51.98967110151397],[5.8893735197653365,51.98978520806284],[5.88909778725126,51.989929550017074],[5.88895688577977,51.99000577709894],[5.888831109433995,51.99006979717385],[5.888612927148805,51.990180849657136],[5.888310536351731,51.99031840749463],[5.887976926140397,51.990454670078755],[5.887757118348387,51.99053693822046],[5.887582179358407,51.990601179572735],[5.887390113563295,51.99066721743764],[5.8873300616188615,51.99068786546218],[5.887050345596031,51.99078679692368],[5.886792471351268,51.99087564713185],[5.886519590416948,51.99096598690676],[5.886190250834012,51.991071547262706],[5.885805496749357,51.991182336354264],[5.885488674782018,51.991270719801435],[5.8853240169682355,51.99131278044889],[5.885099143094927,51.99137022217075],[5.8846925396163225,51.99146245645087],[5.8837581831038985,51.991644749106094],[5.883361546862669,51.991727042343726],[5.882901388940481,51.99181316934318],[5.882459782111404,51.991904924048015],[5.88197216386775,51.992005930823595],[5.881765021615021,51.9920505605059],[5.8815436871954425,51.99210095614517],[5.88136650031631,51.99213737335714],[5.881234279742512,51.992164325543094],[5.881082469580748,51.99219635462739],[5.880878403625286,51.99224073163982],[5.880710837136516,51.9922763938221],[5.8806020616984584,51.992298491227984],[5.880390355567569,51.99234884521341],[5.8802751279112755,51.99237976804277],[5.880063109878455,51.99243678130314],[5.8798380801840695,51.992501696374624],[5.879647310153134,51.99256432751021],[5.879472313617959,51.99262522769427],[5.879322312563567,51.992681980062784],[5.879234852500306,51.99271587767427],[5.879026191524925,51.99279832089848],[5.878768844051898,51.99290237106021],[5.87856411194155,51.99299193198622],[5.878454521758082,51.99304542250708],[5.8782739921387,51.99312893610126],[5.878131738098504,51.993189934855536],[5.877934617094627,51.99327113972658],[5.877836084954136,51.99331435752411],[5.877582300959649,51.99342790256507],[5.877501444180194,51.99346700346923],[5.8772292396224275,51.9935870457553],[5.877080571605711,51.99366067427578],[5.876953013600597,51.99372708071204],[5.876962717241599,51.99373501117981],[5.8770116630595055,51.99377501676557],[5.877086179414848,51.99383592341461],[5.877265034237545,51.99398643077147],[5.877381382590189,51.99405729106977],[5.8774572291416876,51.99408836685857],[5.877553745565739,51.99411291902688],[5.877689018840419,51.99414733067221],[5.878017970433803,51.994213499240544],[5.8785910932189385,51.994343332980336],[5.878672747010591,51.994361856698774],[5.87867730925429,51.994362829956714],[5.878690164450124,51.99436573702332],[5.879578229429282,51.99456656035596],[5.881183377258419,51.994935582604235],[5.882255500295621,51.995177455024994],[5.882997094540254,51.995350316946016],[5.883307633279761,51.99542225577412],[5.883785134556017,51.995543938988675],[5.883808934814928,51.99554952096658],[5.884200775953329,51.99564203462313],[5.884706049647733,51.995764515405966],[5.884900779646697,51.995815060230996],[5.884967210534857,51.99582999917041],[5.884974337239068,51.995822843970195]]]]},"properties":{"buurtcode":"BU02021263","buurtnaam":"Sterrenberg","gemeentenaam":"Arnhem","aantalInwoners":1115,"crime_violent":0,"crime_property":0,"crime_disorder":0,"crime_count":0}},{"type":"Feature","geometry":{"type":"MultiPolygon","coordinates":[[[[5.88825732702918,52.00373048719583],[5.8883400636915875,52.003686376100376],[5.88845217864119,52.003650702093616],[5.888740046969291,52.003619034772576],[5.889001490026135,52.003567502870546],[5.889176773148619,52.003529655960556],[5.88920497040419,52.0035228672335],[5.889418105272152,52.00347155036141],[5.889452653309028,52.003460454228254],[5.889616217899276,52.0034079212081],[5.889798662318941,52.00332152828108],[5.890025331838388,52.003193090146716],[5.890181274754231,52.0030801738379],[5.890219870402543,52.0030484067906],[5.890370643539644,52.00292430747172],[5.890386209680778,52.00291026225907],[5.89049881118892,52.002808656598845],[5.890515474952903,52.0027851140975],[5.890609565163848,52.002652175081536],[5.890628741071908,52.00262410697746],[5.890683865870046,52.002543412983336],[5.890765571842739,52.0024079831243],[5.890854994364899,52.002273472042155],[5.890937929935781,52.00211044980371],[5.891001247362006,52.00198461173599],[5.8910615579502545,52.0018654450627],[5.8911081568164585,52.00176060605171],[5.891139676040448,52.00168532142132],[5.891141006375484,52.00168059684935],[5.891164870585595,52.00159579399081],[5.891171828024748,52.00152917592556],[5.891169376660353,52.00144832827721],[5.891117438648125,52.00135247261117],[5.8910577412231735,52.001251894418665],[5.891027381237813,52.00121214227615],[5.8909795305254,52.00114949172567],[5.890887234762621,52.00102812546187],[5.890816558476561,52.00091047046277],[5.890783254251126,52.000826901044164],[5.890764790874332,52.000748137986434],[5.890763493756709,52.00074260043174],[5.890758972427714,52.00072331733252],[5.890773228790858,52.00062051966506],[5.890795607992216,52.00055478658175],[5.890845524004754,52.00047086099592],[5.8909473680014095,52.0003448580204],[5.891048374763665,52.000241323083294],[5.891139343923372,52.00014807504943],[5.891541291340982,51.99971067219923],[5.8917299451823695,51.99949297403206],[5.8917922944453185,51.999418507970816],[5.89218586015826,51.99892216096861],[5.892276338292098,51.9988108557216],[5.892296823806062,51.99878565348944],[5.892380392492077,51.99867970430349],[5.892512597573745,51.99851361559558],[5.8925853555487215,51.99840580985136],[5.892641450951863,51.99832376069565],[5.89271865973853,51.99820071490228],[5.892806173394558,51.99803481873532],[5.892892208809384,51.99787463644298],[5.8929734595456065,51.99770020476857],[5.893044320302126,51.997561015118116],[5.8930848539206275,51.99746571461812],[5.893117595957417,51.99736283628054],[5.8931380108323985,51.99726001183447],[5.893132475164903,51.997179178370004],[5.89311776871145,51.997105042893594],[5.893096984712504,51.997038543069195],[5.89308964808238,51.997021454529246],[5.893070078797863,51.99697587522104],[5.893034055856761,51.99692466174519],[5.892949865778544,51.996838457872464],[5.892867506283082,51.99677793114045],[5.892792981147645,51.996728784976035],[5.892773037886707,51.996716494626895],[5.892667282048439,51.996651321537556],[5.892593220620279,51.99661136472686],[5.892517864699166,51.99661879544069],[5.8924124104247975,51.9966252785365],[5.8920116817088095,51.99665701045848],[5.891344992677539,51.99670979896804],[5.891126998118707,51.99672705917159],[5.891012631755508,51.99673611388896],[5.890914358580537,51.996743894268356],[5.8908401010871785,51.99674895257574],[5.890686112320784,51.9967594412189],[5.8900159014486615,51.9967954110974],[5.889796506284476,51.996802250148654],[5.889480630351074,51.99681209650196],[5.888812745679419,51.99681146707489],[5.888780081483577,51.99681115689975],[5.888679151212063,51.99679884163255],[5.887993670813567,51.99664779986525],[5.887956944581552,51.996639704876195],[5.8879529758098785,51.99664158235109],[5.88730478675234,51.99652994451681],[5.887273532479993,51.996522212556336],[5.887090793901956,51.996476788999296],[5.886985838240843,51.99645071925597],[5.886963935850376,51.9964452664816],[5.886862600895703,51.996528452418815],[5.886873284468289,51.99653851892666],[5.886810858536748,51.9966284246477],[5.886782182051995,51.99666972195697],[5.886736981866401,51.996734827595844],[5.886529500853107,51.99665125385967],[5.886350970504938,51.996584895446176],[5.886279312191039,51.99655728433652],[5.886111242116526,51.99649252336143],[5.886034803831384,51.99646243810778],[5.8859158740963835,51.99658577049895],[5.885861358716759,51.9966423035586],[5.885767158007453,51.99661110874299],[5.885685803793617,51.996580618944144],[5.8855659147980095,51.99653568626407],[5.8854087763082035,51.996478475825654],[5.885274652971114,51.996427252860194],[5.8852626616345,51.99642263867317],[5.8851196197743025,51.99636811861001],[5.884990346598422,51.996318267988805],[5.884971968399663,51.996311514603406],[5.884778960547993,51.996240541120564],[5.884634690045137,51.99618476190508],[5.884776463208179,51.99604575293639],[5.884897512561979,51.995913966388905],[5.884967210534857,51.99582999917041],[5.884900779646697,51.995815060230996],[5.884706049647733,51.995764515405966],[5.884200775953329,51.99564203462313],[5.883808934814928,51.99554952096658],[5.883785134556017,51.995543938988675],[5.883307633279761,51.99542225577412],[5.882997094540254,51.995350316946016],[5.882255500295621,51.995177455024994],[5.881183377258419,51.994935582604235],[5.879578229429282,51.99456656035596],[5.878690164450124,51.99436573702332],[5.87867730925429,51.994362829956714],[5.878672747010591,51.994361856698774],[5.8785910932189385,51.994343332980336],[5.878017970433803,51.994213499240544],[5.877689018840419,51.99414733067221],[5.877553745565739,51.99411291902688],[5.8774572291416876,51.99408836685857],[5.877381382590189,51.99405729106977],[5.877265034237545,51.99398643077147],[5.877086179414848,51.99383592341461],[5.8770116630595055,51.99377501676557],[5.876962717241599,51.99373501117981],[5.876953013600597,51.99372708071204],[5.876825009638402,51.993788018565105],[5.876726506469231,51.99383408999875],[5.876654816185759,51.99386993615791],[5.876039034072695,51.99413959034393],[5.8752875220942755,51.994468672493305],[5.874580790886223,51.99477813606929],[5.873819222156673,51.995114836561484],[5.87301742801513,51.99547126214754],[5.872434688905683,51.99573030207283],[5.871901786294277,51.995953509494576],[5.8715080335269425,51.9961351218746],[5.870966976781016,51.9963828086307],[5.870948347718555,51.99639133603466],[5.871178276411507,51.99647102402282],[5.871200524910439,51.996479850738055],[5.8713391041306044,51.99651505514252],[5.871440044714813,51.99654069698792],[5.871497450721165,51.996551113720955],[5.871600242352317,51.99656976478088],[5.871646535991648,51.99657551999513],[5.871825791637844,51.99658548343504],[5.87196450552609,51.996587290422866],[5.872107613692938,51.99657830573228],[5.872309080802835,51.99656565576006],[5.872399537416801,51.996558148806756],[5.872530417107658,51.99654809676993],[5.8727346608749444,51.996553199146305],[5.872896671225467,51.99657155619512],[5.872990230947716,51.99658395231512],[5.873110872367937,51.996606641429445],[5.873180730767753,51.99662612188623],[5.873219072508111,51.996636813351664],[5.87328768956843,51.996658231362055],[5.8733682032873045,51.996690939858524],[5.873434737986893,51.99671796970914],[5.873482191194516,51.99674185246156],[5.873702458672812,51.99684766227007],[5.874048148901298,51.9970171636698],[5.874331374559126,51.997155113848],[5.874712415588505,51.99734200588543],[5.875077961333117,51.997520934355336],[5.875439624825027,51.99769690535866],[5.875797412414494,51.99787051213468],[5.876195886160454,51.99806505605964],[5.876468485045701,51.998198883663456],[5.876572096686284,51.99824928633201],[5.876916347840391,51.9984172986351],[5.8773617903283455,51.99863423531659],[5.877741895831095,51.99882141897095],[5.878187341263002,51.999037758396994],[5.878657490197831,51.99926677540114],[5.878720504991697,51.99929778623002],[5.87904922721185,51.999459553737786],[5.879460350242697,51.99966324870461],[5.879736322671064,51.99979617823576],[5.879922508470685,51.999885858235686],[5.880174036290943,52.00000777051453],[5.880203848345167,52.000021035532846],[5.880415443896158,52.000115185151316],[5.88060023530111,52.000197406913756],[5.880743305158571,52.00027885421483],[5.880969942663631,52.00039134155651],[5.8812779373303234,52.00054415459358],[5.88203101638509,52.00091198354147],[5.8824772749375,52.001128421879656],[5.882791059425247,52.001281206591464],[5.883199014293791,52.001482820860396],[5.883508172356756,52.00163490948909],[5.883834726945912,52.0017919169044],[5.884220603338039,52.0019822065335],[5.884370542272056,52.00205648547904],[5.884604124448708,52.00216822281413],[5.88485285343471,52.00229059803457],[5.885040004581318,52.002384695312664],[5.88543977768228,52.002576348603625],[5.885585017712687,52.00264351096259],[5.886215456197659,52.0029328277911],[5.886689763401002,52.00313987774129],[5.886690528778695,52.00314021155495],[5.887048238215754,52.00329545812179],[5.887048383067076,52.00329551862719],[5.887607207637393,52.00351104587617],[5.887702456481292,52.00354926455124],[5.888082660570877,52.003701819169144],[5.88822286529668,52.003758074395265],[5.88825732702918,52.00373048719583]]]]},"properties":{"buurtcode":"BU02021264","buurtnaam":"Hoogkamp","gemeentenaam":"Arnhem","aantalInwoners":1845,"crime_violent":3,"crime_property":0,"crime_disorder":0,"crime_count":3}},{"type":"Feature","geometry":{"type":"MultiPolygon","coordinates":[[[[5.898237068951076,52.00638331385023],[5.898257203808569,52.006271934708955],[5.8982837710948814,52.006067296172354],[5.898306593178587,52.00587218803695],[5.898311404840797,52.00582989502053],[5.8983363624602605,52.00561045966789],[5.898348546049789,52.00549625494606],[5.898362834075901,52.005397499211654],[5.898369535795329,52.00530947793451],[5.89839342868277,52.005208302159204],[5.898427280549354,52.00513562106589],[5.898493706994015,52.005047340302625],[5.898543147095528,52.004990048678366],[5.898724000383986,52.00479900936075],[5.8988191617218595,52.00469633452122],[5.898954413443614,52.00456137984064],[5.89912746294044,52.00436205062406],[5.8992644355946755,52.0042092516419],[5.899372836481084,52.00408511570954],[5.899643128203855,52.00379736926108],[5.899846792531593,52.00358006906338],[5.900045271188149,52.003369713919575],[5.900067601148489,52.00334604647896],[5.900278898335127,52.00312276645529],[5.900433121158433,52.002962755825564],[5.900547843739373,52.00283609417746],[5.900613155420442,52.00275209724252],[5.900655448651297,52.00267676301065],[5.900698126147176,52.00260231333527],[5.900708511879805,52.002589801187035],[5.900753416409606,52.00250268799131],[5.900788723564607,52.00240666428747],[5.900807593000681,52.002318871039336],[5.900836539893442,52.00218418838294],[5.9008888214257675,52.00194093708875],[5.900914346214949,52.00180237200232],[5.9009765560122585,52.001510744318566],[5.900991376902081,52.00144205903625],[5.901055456964273,52.00112032657534],[5.901072092344373,52.00103680259609],[5.901083263768707,52.000980708819725],[5.900638847845157,52.00068741806265],[5.900642785385219,52.00067291437498],[5.900754122162649,52.00026277324263],[5.900804228323696,52.00026761496095],[5.9008927997042875,52.00000491259934],[5.901068046891308,51.99941351453614],[5.9011234191219,51.99924144257978],[5.901156675755502,51.99910658006076],[5.901182443835953,51.99895236242811],[5.901190563504456,51.998786779769546],[5.901188897522467,51.99846373722352],[5.901189594467768,51.99843600695575],[5.901242034389751,51.99843958351474],[5.904055284907332,51.99863463479376],[5.906075532815508,51.99901956750568],[5.907258634054842,51.99924264783423],[5.9074014871864975,51.99926573385203],[5.9075201454437885,51.99928490980811],[5.907504527436466,51.99903538785941],[5.907504497006519,51.999034899028],[5.907461014635879,51.998504332535],[5.907441809396155,51.99817741983478],[5.907442438318979,51.99800440587536],[5.907443186047163,51.99779809497535],[5.907450709708229,51.99753349077843],[5.907451295035027,51.997517554557064],[5.9074544022528075,51.99750725096387],[5.907457972121492,51.99749540741944],[5.9074762364530145,51.99747570690178],[5.907504308290501,51.99745453655933],[5.907565466239263,51.99742694511744],[5.907585177098361,51.997419216048876],[5.907660521265679,51.99738967066273],[5.907681327939266,51.997381511581814],[5.907658602017482,51.997360572205615],[5.907642646838007,51.99733985634586],[5.907617529884027,51.99730724539063],[5.9075772477451185,51.997239051045796],[5.907555210245893,51.99716602026382],[5.907543808473992,51.997096509012934],[5.907552453314789,51.99701145094909],[5.907577538965441,51.99693226595509],[5.907609917317265,51.99686140426024],[5.907644819207984,51.996812128581965],[5.907664433383509,51.996784435019954],[5.907708177243926,51.99673608375723],[5.907792158691735,51.99666912294355],[5.907872423882149,51.99661407009283],[5.908017739317123,51.996520677990084],[5.908191553787429,51.996393270756705],[5.908340630648841,51.996292133414485],[5.90853557460656,51.996159875436966],[5.908684594581822,51.99605398127211],[5.90879736129942,51.99597797389921],[5.908849983744631,51.995940873097894],[5.908956897895009,51.995865492839314],[5.909081152289662,51.99578348935294],[5.909230211263402,51.995681160887436],[5.909359071904714,51.995581301091505],[5.909491625214246,51.99546774899128],[5.909669877693926,51.995308809390075],[5.909804369565903,51.99519643837729],[5.909930227913466,51.9950870771145],[5.910031128836483,51.99498496247451],[5.910136927455822,51.99488996002642],[5.910235415984677,51.99482887874196],[5.910343653497081,51.99477786141968],[5.9105546683042105,51.994703199605674],[5.910757264964898,51.994649977924865],[5.910706435412336,51.99458599405997],[5.9106291872891585,51.99448645386369],[5.9104845828830195,51.99428911440589],[5.910460024500679,51.994252495451256],[5.910314033949497,51.994034814124916],[5.910174506111358,51.993797617147905],[5.910132276242014,51.99372764901111],[5.910066434138542,51.9936149787953],[5.910029000048096,51.99354320511916],[5.9099848097786625,51.99347027319344],[5.909913531610546,51.993371081703906],[5.909875360319119,51.99331796117649],[5.909828313844827,51.9932477770345],[5.909702960272675,51.99306949536122],[5.909582341079503,51.99290070489958],[5.9095054547076735,51.99278213760904],[5.909398771047982,51.992618992687966],[5.909299704188529,51.99244820432961],[5.909209993797886,51.99228688673979],[5.909121868683578,51.992129366814645],[5.9090148890272385,51.991940538641366],[5.908932951629931,51.991784893957856],[5.90886207666896,51.99165298243743],[5.90877547220272,51.99149355266762],[5.908717245903629,51.99138917112366],[5.908655760781267,51.99126958402109],[5.908605348658712,51.99117468105327],[5.908550248013908,51.991074090339424],[5.908474675536933,51.9909355399258],[5.908390531985829,51.99077027091179],[5.908384794218838,51.990759002468536],[5.908312360086232,51.99062519377976],[5.908302674313976,51.99060694628809],[5.908225715360664,51.99046195989916],[5.908223811067385,51.99045870646035],[5.908151828885579,51.9903357679772],[5.908093572390498,51.99022853244628],[5.908039838970768,51.990112715455716],[5.907994962115691,51.989963565478924],[5.907941675697076,51.98975357100499],[5.907919055275663,51.98966330044374],[5.907907331522164,51.98958249401971],[5.907884114694548,51.989440857656504],[5.907881392378572,51.98933908380576],[5.907886726233389,51.98926771515031],[5.9078873619379575,51.98926416103857],[5.907906982132851,51.989154424384466],[5.907950359705857,51.98904198313158],[5.9080603669991865,51.9888293629001],[5.908140288734285,51.988650884121036],[5.908125090385468,51.988639674633774],[5.908101824462302,51.98862251642165],[5.908022653836598,51.9885384420481],[5.907961072670495,51.98837699890546],[5.907946592630189,51.98835366901561],[5.907884527450164,51.98825367235949],[5.907858773687258,51.988222088915286],[5.907796607749371,51.98814585516901],[5.907712885510102,51.98806774562442],[5.907704441193247,51.988059679985966],[5.907508393192697,51.98787245066205],[5.90730995639964,51.98770091085697],[5.907016355829318,51.9874608236164],[5.906724837357962,51.98723380719936],[5.906583197446644,51.98712888508468],[5.906412081550882,51.98700212715827],[5.906161518229866,51.986818923876534],[5.906000935195965,51.98670833387791],[5.905940201863222,51.98666650834092],[5.905740386787527,51.986541345583404],[5.905513475595121,51.98640441210488],[5.905359708536195,51.9863095585913],[5.905080921626394,51.98613758336983],[5.904571025238634,51.98582598068308],[5.904491114377006,51.985912189759915],[5.904381156200627,51.98599638536543],[5.903937431715244,51.98627272817365],[5.90383351719232,51.98633744321843],[5.903711079284537,51.98640837495188],[5.903576248294105,51.98647365335327],[5.903367773304249,51.98656588994646],[5.903189980679309,51.986646576392666],[5.903107266619362,51.98668879523613],[5.903012185969717,51.98672726347584],[5.902907881751452,51.98676767400888],[5.902766733267422,51.98681966113914],[5.902647088304503,51.986865846275954],[5.902447678518039,51.986942821537816],[5.902226918497634,51.987038914681285],[5.9021165599905006,51.98708886428586],[5.901945076603725,51.98718283925983],[5.901660327183034,51.98734199494906],[5.901253521923252,51.98760632395098],[5.901134351621994,51.987694361517256],[5.901048816430599,51.98775942163496],[5.900987973437726,51.98782817861804],[5.900920924443045,51.987893157900615],[5.900835650096824,51.98798104623321],[5.9006642521205395,51.988183939773286],[5.900448176030558,51.988488099287714],[5.900311430621187,51.9886563572974],[5.900209311497823,51.9888208966719],[5.900052310930194,51.989063417248566],[5.900033304090871,51.989092775159705],[5.899550575821687,51.98982783159749],[5.8994629290758915,51.989978513719855],[5.899403643936199,51.99007463434639],[5.899357033246378,51.990150202743706],[5.899296966781197,51.990287446604796],[5.899230695383692,51.99042091266731],[5.8991617094644955,51.99058673416728],[5.899117312391856,51.99071662558699],[5.899105049710168,51.990752501095535],[5.899075408198604,51.990855366853495],[5.898946788147495,51.99119648039255],[5.898844966921614,51.99145566891395],[5.898748462058625,51.99164063453385],[5.898746618815353,51.99164369588839],[5.898729426657528,51.99167225200188],[5.8986577284668025,51.99179132938683],[5.898527301472218,51.99197453943077],[5.898357288778053,51.992199777324956],[5.898187037296221,51.9924040884383],[5.898040438471771,51.99252077980242],[5.897918126271131,51.99260502191006],[5.897697565651622,51.99272203385255],[5.897541374361055,51.9928083262799],[5.89745947115383,51.992845339552225],[5.89743952911547,51.99285435145669],[5.897354343349944,51.992892848483976],[5.897189035549505,51.992990594261414],[5.896925998275352,51.99316676764855],[5.896861906125539,51.993222304713875],[5.896782563860301,51.99329105413983],[5.896636326040572,51.993440084911185],[5.896569155762232,51.99349554885206],[5.896520236555305,51.993530007096005],[5.896489996309788,51.99354702259069],[5.896371296504339,51.99360651510845],[5.89613826047912,51.99371121101632],[5.895687356145621,51.99389960923343],[5.895288612828188,51.99406780389535],[5.895186198501606,51.99410338241079],[5.895116700528713,51.99412752490257],[5.895088150744496,51.994139226020145],[5.894877420364566,51.99422558668385],[5.894503088188124,51.99437274488471],[5.893779233260419,51.994681220765365],[5.893755855303629,51.994691174428624],[5.8926167446960385,51.99517612292648],[5.892500276612982,51.995233699086064],[5.89241917508844,51.99528446382232],[5.892344366734649,51.99534661757236],[5.892280526460553,51.99542489601026],[5.892241254756724,51.99549545853726],[5.892197681606188,51.99559457658216],[5.892170812688843,51.99567174531133],[5.892148748687765,51.995765064330335],[5.892131296726698,51.995857411687716],[5.8921288373086425,51.99591259624632],[5.892125468172649,51.99602390877934],[5.89214343575138,51.99611420220705],[5.892155247493143,51.99614650503487],[5.892171269017381,51.99619032722332],[5.892173647312633,51.99619683266161],[5.892216175026152,51.996278459282664],[5.892227682789607,51.99629256292577],[5.892292743062272,51.99637230592527],[5.892355154669529,51.99644052912325],[5.892431348001526,51.99650108358859],[5.8925308399322915,51.9965777088645],[5.892593220620279,51.99661136472686],[5.892667282048439,51.996651321537556],[5.892773037886707,51.996716494626895],[5.892792981147645,51.996728784976035],[5.892867506283082,51.99677793114045],[5.892949865778544,51.996838457872464],[5.893034055856761,51.99692466174519],[5.893070078797863,51.99697587522104],[5.89308964808238,51.997021454529246],[5.893096984712504,51.997038543069195],[5.89311776871145,51.997105042893594],[5.893132475164903,51.997179178370004],[5.8931380108323985,51.99726001183447],[5.893117595957417,51.99736283628054],[5.8930848539206275,51.99746571461812],[5.893044320302126,51.997561015118116],[5.8929734595456065,51.99770020476857],[5.892892208809384,51.99787463644298],[5.892806173394558,51.99803481873532],[5.89271865973853,51.99820071490228],[5.892641450951863,51.99832376069565],[5.8925853555487215,51.99840580985136],[5.892512597573745,51.99851361559558],[5.892380392492077,51.99867970430349],[5.892296823806062,51.99878565348944],[5.892276338292098,51.9988108557216],[5.89218586015826,51.99892216096861],[5.8917922944453185,51.999418507970816],[5.8917299451823695,51.99949297403206],[5.891541291340982,51.99971067219923],[5.891139343923372,52.00014807504943],[5.891048374763665,52.000241323083294],[5.8909473680014095,52.0003448580204],[5.890845524004754,52.00047086099592],[5.890795607992216,52.00055478658175],[5.890773228790858,52.00062051966506],[5.890758972427714,52.00072331733252],[5.890763493756709,52.00074260043174],[5.890764790874332,52.000748137986434],[5.890783254251126,52.000826901044164],[5.890816558476561,52.00091047046277],[5.890887234762621,52.00102812546187],[5.8909795305254,52.00114949172567],[5.891027381237813,52.00121214227615],[5.8910577412231735,52.001251894418665],[5.891117438648125,52.00135247261117],[5.891169376660353,52.00144832827721],[5.891171828024748,52.00152917592556],[5.891164870585595,52.00159579399081],[5.891141006375484,52.00168059684935],[5.891139676040448,52.00168532142132],[5.8911081568164585,52.00176060605171],[5.8910615579502545,52.0018654450627],[5.891001247362006,52.00198461173599],[5.890937929935781,52.00211044980371],[5.890854994364899,52.002273472042155],[5.890765571842739,52.0024079831243],[5.890683865870046,52.002543412983336],[5.890628741071908,52.00262410697746],[5.890609565163848,52.002652175081536],[5.890515474952903,52.0027851140975],[5.89049881118892,52.002808656598845],[5.890386209680778,52.00291026225907],[5.890370643539644,52.00292430747172],[5.890219870402543,52.0030484067906],[5.890181274754231,52.0030801738379],[5.890025331838388,52.003193090146716],[5.889798662318941,52.00332152828108],[5.889616217899276,52.0034079212081],[5.889452653309028,52.003460454228254],[5.889418105272152,52.00347155036141],[5.88920497040419,52.0035228672335],[5.889176773148619,52.003529655960556],[5.889001490026135,52.003567502870546],[5.888740046969291,52.003619034772576],[5.88845217864119,52.003650702093616],[5.8883400636915875,52.003686376100376],[5.88825732702918,52.00373048719583],[5.88822286529668,52.003758074395265],[5.8883584900075565,52.003812491971026],[5.8892269963293336,52.00413426639202],[5.8898511840961305,52.004354429740516],[5.890431493751023,52.004560634294194],[5.890852219296987,52.00471049444994],[5.890983031843362,52.00475708908225],[5.891158793078639,52.004816266196336],[5.8912822777591005,52.0048594951885],[5.891392446723012,52.004897264066855],[5.891558931488952,52.00495381708715],[5.891715534471324,52.00500889051427],[5.891830029936018,52.00504759140006],[5.892011988013839,52.00510940391044],[5.892122772089425,52.00514697981374],[5.89222952711461,52.005182670074966],[5.89235548942145,52.00522664862133],[5.8924170606124235,52.00524674106807],[5.892567150849136,52.00529803566563],[5.892640177521337,52.00532245521742],[5.89268073160531,52.005337500964764],[5.892698683870538,52.00534389275114],[5.893246729634093,52.00552069267654],[5.8938794936812835,52.00572819977289],[5.894385454911682,52.00589915071877],[5.894719507423624,52.005997593322775],[5.894830093083213,52.0060308863966],[5.8949420459482305,52.006062461191235],[5.894988047139427,52.006074303470655],[5.89506633526189,52.00609445812284],[5.895160916730496,52.006116309499966],[5.895248993777227,52.006134166605364],[5.895300577922888,52.006144625624664],[5.895464881707328,52.006171121978404],[5.895568951741583,52.006187033904915],[5.895696794180423,52.00620607792077],[5.895821855897271,52.006224563057465],[5.89592467537462,52.00623895835072],[5.896044473545324,52.0062553726233],[5.896144501527136,52.006268258070804],[5.89634824744436,52.00629306088249],[5.897586408653716,52.00638467879392],[5.898228161158063,52.006432585209915],[5.898237068951076,52.00638331385023]]]]},"properties":{"buurtcode":"BU02021269","buurtnaam":"Sonsbeek/Zijpendaal","gemeentenaam":"Arnhem","aantalInwoners":25,"crime_violent":8,"crime_property":0,"crime_disorder":0,"crime_count":8}},{"type":"Feature","geometry":{"type":"MultiPolygon","coordinates":[[[[5.8780666183431025,52.01296784009117],[5.8785484631323115,52.01192181570943],[5.884610134366206,52.00631480022943],[5.887686651463993,52.003563401203486],[5.887702456481292,52.00354926455124],[5.887607207637393,52.00351104587617],[5.887048383067076,52.00329551862719],[5.887048238215754,52.00329545812179],[5.886690528778695,52.00314021155495],[5.886689763401002,52.00313987774129],[5.886215456197659,52.0029328277911],[5.885585017712687,52.00264351096259],[5.88543977768228,52.002576348603625],[5.885040004581318,52.002384695312664],[5.88485285343471,52.00229059803457],[5.884604124448708,52.00216822281413],[5.884370542272056,52.00205648547904],[5.884220603338039,52.0019822065335],[5.883834726945912,52.0017919169044],[5.883508172356756,52.00163490948909],[5.883199014293791,52.001482820860396],[5.882791059425247,52.001281206591464],[5.8824772749375,52.001128421879656],[5.88203101638509,52.00091198354147],[5.8812779373303234,52.00054415459358],[5.880969942663631,52.00039134155651],[5.880743305158571,52.00027885421483],[5.88060023530111,52.000197406913756],[5.880415443896158,52.000115185151316],[5.880203848345167,52.000021035532846],[5.880174036290943,52.00000777051453],[5.879922508470685,51.999885858235686],[5.879736322671064,51.99979617823576],[5.879460350242697,51.99966324870461],[5.87904922721185,51.999459553737786],[5.878720504991697,51.99929778623002],[5.878708568849419,51.99930817086477],[5.876839145219216,52.00093440758398],[5.8766343499073805,52.00111255333139],[5.8759022865476265,52.00174933821749],[5.874964070976985,52.002565412862126],[5.8743735406889135,52.00307904464046],[5.873986028792784,52.00341608875248],[5.872692016239561,52.0045415262765],[5.872274365088634,52.004904753286816],[5.870990356702278,52.00602139739981],[5.8709153145292925,52.006086655436945],[5.870860017884507,52.00613474279239],[5.870847023349546,52.00614604237704],[5.870840734956099,52.00614513702845],[5.870535834892649,52.0061012331505],[5.870512335510739,52.0060978493768],[5.87038756081155,52.006114952340326],[5.869661744213089,52.00621444108969],[5.869605503046047,52.006222149906314],[5.869566930271129,52.006302153030845],[5.869357729721001,52.00662834331387],[5.868813668964279,52.00763700981053],[5.870877940156897,52.00809276243845],[5.870888731202425,52.00808412526118],[5.871023499825062,52.00797625892477],[5.871603687659532,52.00751187206966],[5.871697369598426,52.00754804015067],[5.871727561439921,52.007559695949624],[5.871774948769258,52.00757799162269],[5.871904820948036,52.00762813207633],[5.871980561143976,52.00810057234949],[5.871829547051061,52.008104999021675],[5.87193193952392,52.00883064635377],[5.871989857707289,52.00955336945992],[5.872030999838083,52.01015011934295],[5.87209778601365,52.01097982238403],[5.872124726328715,52.01168840397459],[5.872143288738116,52.012335187911994],[5.87213034525908,52.012563545377],[5.87209630019479,52.012694009032195],[5.872093806935261,52.01281422814361],[5.872093261194724,52.01284051582298],[5.872160384631847,52.012859101258236],[5.872184882949466,52.0128687094956],[5.872210494507246,52.01287875446672],[5.872646273049212,52.013049663958505],[5.872651243850919,52.01305161369579],[5.872742330364851,52.01308733505928],[5.872775430581361,52.01310031785608],[5.872788768980347,52.01310554975572],[5.872951150616337,52.0131406747956],[5.873207952544355,52.01319622312012],[5.873947716793918,52.01336954303828],[5.873948078955415,52.01336962692959],[5.874224983875369,52.013433218035836],[5.875050110340022,52.01362270371159],[5.875699303806503,52.01377178157991],[5.8757000398152845,52.01377195110098],[5.876456978763837,52.01394475704065],[5.8766874076823585,52.01399468903772],[5.877502408034865,52.01417128793704],[5.8780666183431025,52.01296784009117]]]]},"properties":{"buurtcode":"BU02021365","buurtnaam":"Bakenberg","gemeentenaam":"Arnhem","aantalInwoners":1110,"crime_violent":4,"crime_property":0,"crime_disorder":0,"crime_count":4}},{"type":"Feature","geometry":{"type":"MultiPolygon","coordinates":[[[[5.875491711701526,52.03234957503196],[5.875556792375559,52.032070400047395],[5.8756572162943135,52.03163961119246],[5.875698792081371,52.03148379732917],[5.875981274593454,52.030250609596415],[5.875999411672503,52.03017139231831],[5.876013334836948,52.03011062753508],[5.876040402275792,52.029995712989034],[5.876152820707168,52.02951844199291],[5.876301424230278,52.028887525507905],[5.876399425828652,52.0287201875671],[5.87692408790421,52.02779823317411],[5.877628659610612,52.02659376152952],[5.877656320203394,52.02654634084237],[5.877780649845477,52.02633325835666],[5.8777896175229385,52.02629263878804],[5.877790627053727,52.026243810109186],[5.877758347856274,52.026184828548615],[5.8777192104749485,52.02610630801686],[5.877671425060176,52.02604969205013],[5.877609756272971,52.02597732347438],[5.877536629282136,52.02591373023853],[5.877476625897295,52.025867007278315],[5.876798619230862,52.02564110374728],[5.876985959077818,52.02530214931518],[5.877110648317985,52.025076544391176],[5.876931683879179,52.02480237722917],[5.874633480213794,52.02545639727307],[5.87413880257264,52.02559197572227],[5.87378516056554,52.02568666204242],[5.8732197187110255,52.02583150122581],[5.877502408034865,52.01417128793704],[5.8766874076823585,52.01399468903772],[5.876456978763837,52.01394475704065],[5.8757000398152845,52.01377195110098],[5.875699303806503,52.01377178157991],[5.875050110340022,52.01362270371159],[5.874224983875369,52.013433218035836],[5.873948078955415,52.01336962692959],[5.873947716793918,52.01336954303828],[5.873207952544355,52.01319622312012],[5.872951150616337,52.0131406747956],[5.872788768980347,52.01310554975572],[5.872214799568019,52.01481482419252],[5.872246165013701,52.01481910820493],[5.872232981434216,52.01485808192902],[5.872189077659453,52.015002156744266],[5.872153844693614,52.014997214527625],[5.871941300765507,52.015657194009556],[5.871902482614052,52.01576711374029],[5.871786161054646,52.01613525058785],[5.871773232767706,52.01617648465945],[5.8715615770834395,52.01682668038166],[5.87153499599047,52.016899882699484],[5.871504028196488,52.016999601496885],[5.871418122097862,52.017276228609],[5.871387448019834,52.01737500059066],[5.871339561450221,52.01751955790224],[5.871185327433116,52.01798514032717],[5.871108904857575,52.01822662882783],[5.871067784306011,52.01835657106604],[5.871029855070958,52.018465038786296],[5.871002199438009,52.01854413002463],[5.870964764686863,52.01865120070257],[5.870946435851116,52.0187036230351],[5.870831533194771,52.019064948770996],[5.870817542355193,52.019063118709916],[5.870704546304348,52.0193920632814],[5.870696310250265,52.01941604016294],[5.870670717785813,52.01949054059694],[5.87063034637053,52.01961520164298],[5.870623261797637,52.01963707861514],[5.870611062213235,52.01967475017195],[5.870582207767953,52.01976384930397],[5.87052684311785,52.01993480233075],[5.870508497678246,52.019991451851766],[5.8704684792601425,52.020115021100565],[5.870433290963597,52.02022367598336],[5.870350641909366,52.02047887684923],[5.870327208970688,52.02055122911422],[5.870275468795931,52.02071099016602],[5.870250567884757,52.02078787584621],[5.8702264180345685,52.02088186048518],[5.870163248895785,52.02112968185123],[5.870103106722823,52.02136563068848],[5.870081585176105,52.02145426994768],[5.870007372947313,52.021562940943724],[5.8698481864565055,52.022042271231875],[5.869558172852331,52.022921886762546],[5.86934120566622,52.023654378391655],[5.869118358097124,52.02429735231399],[5.869055775651311,52.02449738255927],[5.868914863034233,52.02495609313615],[5.868842248357764,52.025177645444415],[5.868781937071744,52.025361069319636],[5.871025262547009,52.025943331315844],[5.87178673263108,52.02619989369404],[5.869734366671809,52.02667682170605],[5.86823724813937,52.0269974900977],[5.868173248140175,52.02742207308447],[5.867109425400931,52.03048074621447],[5.8670537203727395,52.030634763024814],[5.86686272316,52.031184249841125],[5.866657489702797,52.03181727754661],[5.866637500364398,52.03187890180207],[5.866628797524843,52.03191359161022],[5.867355539177061,52.03188474431688],[5.867764081077833,52.031869997529114],[5.868447224039184,52.03184461387497],[5.869146733102236,52.031817375977816],[5.869785555839314,52.03179395016583],[5.870185387928119,52.03177625824765],[5.870408910118855,52.03176642279882],[5.870694106431515,52.03175514449163],[5.87103311813023,52.031817962248],[5.8715391450968015,52.03190446736695],[5.872105956141139,52.031996071588125],[5.87246514264191,52.0320522613401],[5.873140072377758,52.03215827790845],[5.873463526919311,52.03220807312187],[5.873894166737035,52.032275259843956],[5.874359585887962,52.03234943598385],[5.87489837840462,52.03243400780657],[5.8752334416298435,52.03248731752394],[5.875414411826174,52.03251631212499],[5.875461326278954,52.03252382861478],[5.875491711701526,52.03234957503196]]]]},"properties":{"buurtcode":"BU02021366","buurtnaam":"Schaarsbergen","gemeentenaam":"Arnhem","aantalInwoners":245,"crime_violent":1,"crime_property":0,"crime_disorder":0,"crime_count":1}},{"type":"Feature","geometry":{"type":"MultiPolygon","coordinates":[[[[5.824506585976566,52.03480244849326],[5.824814656262006,52.03476135100749],[5.825125792448828,52.03471833849332],[5.825503664216344,52.03465866774927],[5.825940120299895,52.034583857863396],[5.826405108744056,52.034494405882604],[5.8267512396945715,52.034427817992295],[5.827090403619909,52.03436256919797],[5.828076606324356,52.03417937658047],[5.828788611406257,52.03404472090991],[5.829491000308725,52.03391306947288],[5.829958600911008,52.03382391540086],[5.830455048275444,52.03372751597813],[5.830934206797875,52.03363771948878],[5.831304653473997,52.03356973403262],[5.831687581236349,52.03349694459281],[5.8320609005133,52.03342716263367],[5.832363982704992,52.033370724811085],[5.832496747224707,52.0333446583064],[5.832719954399735,52.033301601369445],[5.833009527554626,52.033244023847715],[5.833309702844402,52.0331864063416],[5.833410730221859,52.03316759214822],[5.833581136012689,52.03314275517229],[5.83364944058388,52.03313279874069],[5.833900841520116,52.03311400887656],[5.834009744879427,52.033111812384746],[5.8342612939795195,52.033107885111214],[5.834780871840608,52.03309675119914],[5.835145959558635,52.033082748648894],[5.8354966239655415,52.03306929963152],[5.835856579175656,52.03305549238658],[5.836072227635449,52.033047220074295],[5.8363919927986885,52.033034953092255],[5.836700446284287,52.03302311851789],[5.836876066473446,52.033016380837225],[5.836911183801694,52.03301503329519],[5.8371776337548615,52.033004809501],[5.837522803608434,52.03299156509816],[5.837765724248583,52.032982242502456],[5.8379111971929465,52.03297666038022],[5.8383962383121695,52.03295804491283],[5.838778437320903,52.0329433749921],[5.839046277573615,52.03293309309867],[5.83923935585487,52.03292568177944],[5.8400180772836325,52.032898903687176],[5.840294146479463,52.03288922001312],[5.840739798408015,52.032872641077944],[5.841246639808642,52.03285404031758],[5.841665793129722,52.0328384517037],[5.842134565393929,52.03282058818957],[5.8425305967303265,52.032806274988694],[5.8428774758431565,52.032792744829294],[5.843025379202855,52.032786821567285],[5.843374672856215,52.03277387471982],[5.843571715890421,52.032765977088026],[5.844058788864856,52.03274684671832],[5.844447592663776,52.03273285172625],[5.844589724046347,52.03272813806498],[5.84500309576681,52.032712856640345],[5.845124987805063,52.03270851854295],[5.845337459543182,52.032701152069976],[5.845992239130098,52.03267491368776],[5.8463675158376445,52.03266168233066],[5.846566494913158,52.03265466646889],[5.846905176272541,52.03264272487984],[5.847251570926849,52.03263050949275],[5.847596376072707,52.03261834873733],[5.8477864948150104,52.032611643198784],[5.847917570065486,52.03260702000431],[5.848152590031463,52.032598730592575],[5.8484131044243215,52.03258954088466],[5.848584407591538,52.03258349829454],[5.849014488407549,52.03256832515448],[5.8494872500704025,52.032551644506476],[5.85045471377061,52.03251750358165],[5.852026713620335,52.03246115210361],[5.852027357484237,52.03246112798961],[5.853760628569519,52.0323962841299],[5.855820104440596,52.03231920321045],[5.857858220913056,52.03224288531242],[5.858725219971962,52.03221041004767],[5.86041106933203,52.03214724337757],[5.862208792807405,52.032079858211624],[5.862615353817642,52.032064615070134],[5.8628377008000685,52.03205635641877],[5.862848544366539,52.03205595397405],[5.86454540365992,52.031992912529915],[5.865878406397587,52.031943372782955],[5.865878968672332,52.03194335162116],[5.866628797524843,52.03191359161022],[5.866637500364398,52.03187890180207],[5.866657489702797,52.03181727754661],[5.86686272316,52.031184249841125],[5.8670537203727395,52.030634763024814],[5.867109425400931,52.03048074621447],[5.868173248140175,52.02742207308447],[5.86823724813937,52.0269974900977],[5.869734366671809,52.02667682170605],[5.87178673263108,52.02619989369404],[5.871025262547009,52.025943331315844],[5.868781937071744,52.025361069319636],[5.868842248357764,52.025177645444415],[5.868914863034233,52.02495609313615],[5.869055775651311,52.02449738255927],[5.869118358097124,52.02429735231399],[5.86934120566622,52.023654378391655],[5.869558172852331,52.022921886762546],[5.8698481864565055,52.022042271231875],[5.870007372947313,52.021562940943724],[5.870081585176105,52.02145426994768],[5.870103106722823,52.02136563068848],[5.870163248895785,52.02112968185123],[5.8702264180345685,52.02088186048518],[5.870250567884757,52.02078787584621],[5.870275468795931,52.02071099016602],[5.870327208970688,52.02055122911422],[5.870350641909366,52.02047887684923],[5.870433290963597,52.02022367598336],[5.8704684792601425,52.020115021100565],[5.870508497678246,52.019991451851766],[5.87052684311785,52.01993480233075],[5.870582207767953,52.01976384930397],[5.870611062213235,52.01967475017195],[5.870623261797637,52.01963707861514],[5.87063034637053,52.01961520164298],[5.870670717785813,52.01949054059694],[5.870696310250265,52.01941604016294],[5.870704546304348,52.0193920632814],[5.870817542355193,52.019063118709916],[5.870831533194771,52.019064948770996],[5.870946435851116,52.0187036230351],[5.870964764686863,52.01865120070257],[5.871002199438009,52.01854413002463],[5.871029855070958,52.018465038786296],[5.871067784306011,52.01835657106604],[5.871108904857575,52.01822662882783],[5.871185327433116,52.01798514032717],[5.871339561450221,52.01751955790224],[5.871387448019834,52.01737500059066],[5.871418122097862,52.017276228609],[5.871504028196488,52.016999601496885],[5.87153499599047,52.016899882699484],[5.8715615770834395,52.01682668038166],[5.871773232767706,52.01617648465945],[5.871786161054646,52.01613525058785],[5.871902482614052,52.01576711374029],[5.871941300765507,52.015657194009556],[5.872153844693614,52.014997214527625],[5.872189077659453,52.015002156744266],[5.872232981434216,52.01485808192902],[5.872246165013701,52.01481910820493],[5.872214799568019,52.01481482419252],[5.872788768980347,52.01310554975572],[5.872775430581361,52.01310031785608],[5.872742330364851,52.01308733505928],[5.872651243850919,52.01305161369579],[5.872646273049212,52.013049663958505],[5.872210494507246,52.01287875446672],[5.872184882949466,52.0128687094956],[5.872160384631847,52.012859101258236],[5.872093261194724,52.01284051582298],[5.872093806935261,52.01281422814361],[5.87209630019479,52.012694009032195],[5.87213034525908,52.012563545377],[5.872143288738116,52.012335187911994],[5.872124726328715,52.01168840397459],[5.87209778601365,52.01097982238403],[5.872030999838083,52.01015011934295],[5.871989857707289,52.00955336945992],[5.87193193952392,52.00883064635377],[5.871829547051061,52.008104999021675],[5.871980561143976,52.00810057234949],[5.871904820948036,52.00762813207633],[5.871774948769258,52.00757799162269],[5.871727561439921,52.007559695949624],[5.871697369598426,52.00754804015067],[5.871603687659532,52.00751187206966],[5.871023499825062,52.00797625892477],[5.870888731202425,52.00808412526118],[5.870877940156897,52.00809276243845],[5.868813668964279,52.00763700981053],[5.869357729721001,52.00662834331387],[5.869566930271129,52.006302153030845],[5.869605503046047,52.006222149906314],[5.869661744213089,52.00621444108969],[5.87038756081155,52.006114952340326],[5.870512335510739,52.0060978493768],[5.870535834892649,52.0061012331505],[5.870840734956099,52.00614513702845],[5.870847023349546,52.00614604237704],[5.870860017884507,52.00613474279239],[5.8709153145292925,52.006086655436945],[5.870990356702278,52.00602139739981],[5.872274365088634,52.004904753286816],[5.872692016239561,52.0045415262765],[5.873986028792784,52.00341608875248],[5.8743735406889135,52.00307904464046],[5.874964070976985,52.002565412862126],[5.8759022865476265,52.00174933821749],[5.8766343499073805,52.00111255333139],[5.876839145219216,52.00093440758398],[5.878708568849419,51.99930817086477],[5.878720504991697,51.99929778623002],[5.878657490197831,51.99926677540114],[5.878187341263002,51.999037758396994],[5.877741895831095,51.99882141897095],[5.8773617903283455,51.99863423531659],[5.876916347840391,51.9984172986351],[5.876572096686284,51.99824928633201],[5.876468485045701,51.998198883663456],[5.876195886160454,51.99806505605964],[5.875797412414494,51.99787051213468],[5.875439624825027,51.99769690535866],[5.875077961333117,51.997520934355336],[5.874712415588505,51.99734200588543],[5.874331374559126,51.997155113848],[5.874048148901298,51.9970171636698],[5.873702458672812,51.99684766227007],[5.873482191194516,51.99674185246156],[5.873434737986893,51.99671796970914],[5.8733682032873045,51.996690939858524],[5.87328768956843,51.996658231362055],[5.873219072508111,51.996636813351664],[5.873180730767753,51.99662612188623],[5.873110872367937,51.996606641429445],[5.872990230947716,51.99658395231512],[5.872896671225467,51.99657155619512],[5.8727346608749444,51.996553199146305],[5.872530417107658,51.99654809676993],[5.872399537416801,51.996558148806756],[5.872309080802835,51.99656565576006],[5.872107613692938,51.99657830573228],[5.87196450552609,51.996587290422866],[5.871825791637844,51.99658548343504],[5.871646535991648,51.99657551999513],[5.871600242352317,51.99656976478088],[5.871497450721165,51.996551113720955],[5.871440044714813,51.99654069698792],[5.8713391041306044,51.99651505514252],[5.871200524910439,51.996479850738055],[5.871178276411507,51.99647102402282],[5.870948347718555,51.99639133603466],[5.870875587901253,51.99636611904415],[5.870710360769004,51.99630885387856],[5.870562638736367,51.99627557203954],[5.870496974687151,51.99625978857979],[5.870378263299841,51.996237088865],[5.870175702644785,51.9962093824377],[5.870062948428063,51.99620330523483],[5.869963684957817,51.99619776760864],[5.869865396744652,51.99619341415544],[5.869794911555644,51.99619071281243],[5.869529119793929,51.99618052394325],[5.869214036124628,51.996168140094],[5.869022270150127,51.99615881802991],[5.8685703687751,51.99614164270276],[5.868354127556013,51.9961329967137],[5.868044264592393,51.99612060636422],[5.867688733255332,51.996108383694995],[5.867474822199522,51.9960997445533],[5.86725146530366,51.99608999394873],[5.866976642177918,51.99607799534843],[5.8666683027752,51.9960655771888],[5.866423566017156,51.99605646669947],[5.866129673621767,51.99604398919533],[5.865962011067351,51.9960369423595],[5.865695073288565,51.996023164053014],[5.865456970503823,51.99600391720925],[5.865151374957895,51.99597780998771],[5.86494595526962,51.99595248448831],[5.864865897682272,51.99594151294425],[5.864762668745009,51.99592528463125],[5.864639201608246,51.99590795008103],[5.8644468133418926,51.9958814221333],[5.8643334377478205,51.995865788273626],[5.864010255410924,51.99581596808829],[5.863877100377332,51.99579332034396],[5.863713777007394,51.9957686257289],[5.863732572154548,51.995838199243686],[5.8637339798350405,51.995859666648755],[5.863739528244496,51.995889862925225],[5.8633850154814775,51.99589674489275],[5.863358743913147,51.99589775901646],[5.8609194111079645,51.99599175243615],[5.860493347854305,51.99600166411717],[5.859215316972093,51.996031371197745],[5.85917925845632,51.99603220791147],[5.856579170437064,51.996092608478655],[5.8565504342396855,51.99609328035819],[5.856436377243405,51.99609592831312],[5.8564280941257,51.99609612312759],[5.8563414922944625,51.9960981312137],[5.856212877884899,51.99610111561807],[5.856194870888178,51.996105753443565],[5.856186695162769,51.99610786232525],[5.855924199798736,51.9961755294792],[5.855814342435876,51.996203848721606],[5.854679136605006,51.99649646592429],[5.854481012820646,51.996547533374],[5.853436120398968,51.996814316008724],[5.853376864853372,51.996829111808545],[5.853328966545657,51.99684106723116],[5.852774547365217,51.9969794976697],[5.852464906924145,51.997061167592314],[5.852456542586745,51.99706337583065],[5.852416657171091,51.997074382395496],[5.852346453728716,51.99709786770923],[5.852271389093524,51.997122981098975],[5.852139487040594,51.99716868651292],[5.852061761747629,51.99719561693033],[5.852052388840282,51.99719886277988],[5.85184086279156,51.99727522687736],[5.851265954570053,51.99747495946557],[5.850697176655092,51.99767236407542],[5.849672841935949,51.998039485559254],[5.8490449008145875,51.99811397469897],[5.848125853753224,51.998222120612176],[5.847397290536709,51.99831824333624],[5.847307282658421,51.99833076541536],[5.847122061089271,51.99835653079821],[5.846767271685646,51.99836836110892],[5.846669145191595,51.998371629473624],[5.846262920054934,51.99840441306324],[5.846262425254811,51.998404441958016],[5.845052659645468,51.99846588857388],[5.844189395998436,51.99850973597372],[5.8441399701287455,51.99851224685875],[5.8440375465027055,51.998516850992395],[5.844000603694971,51.99851829768596],[5.842640131851002,51.998586793866195],[5.840755809377509,51.99868376476423],[5.840537729855891,51.99869498645459],[5.840290329496703,51.99869246064822],[5.840279407073459,51.99869234989406],[5.840011938632698,51.998689622116764],[5.839177143358283,51.99865496306598],[5.839058200833714,51.998650395284805],[5.838789545530313,51.99864256387987],[5.837436175771621,51.99860016452409],[5.83711614917041,51.9985997613833],[5.83706241879692,51.99859709049819],[5.8365104008234185,51.99856965448689],[5.836294678430507,51.998558936796464],[5.835465088906403,51.9986103304524],[5.834391940800601,51.9986751196405],[5.834349362789629,51.998678085753156],[5.834202763333935,51.99869202617913],[5.83380744457097,51.998717175067505],[5.833525841086056,51.99874701480713],[5.832483014362948,51.998862608302694],[5.831775129033304,51.9989410735663],[5.831709956239702,51.99894900471204],[5.831403431902871,51.99898150413009],[5.830307849095777,51.99910570850843],[5.829395797033082,51.99920910650966],[5.827625189695109,51.9994093713156],[5.826925211844099,51.99948514427535],[5.826275868321424,51.999555439066896],[5.825180910202407,51.99976429019064],[5.825054406599554,51.99979231001158],[5.82504580442836,51.9997942115791],[5.823889769355138,52.00005022376985],[5.822190274733278,52.000412947992565],[5.82037363794604,52.000797848423154],[5.820339140031628,52.00080512287492],[5.8200274811273545,52.00087083949913],[5.818826656093785,52.001124045312025],[5.817247676675119,52.001430959966385],[5.8165890005816205,52.001551542845384],[5.815381161792001,52.00177265974794],[5.815167097859744,52.00181161156839],[5.8140475337906015,52.00201532497111],[5.813501827773268,52.00209855686013],[5.813478092829075,52.00210340661791],[5.813228171911263,52.002142349928135],[5.813006141464085,52.002184679276574],[5.812803974533706,52.002220896247245],[5.812784639635803,52.00222444462825],[5.812625140648508,52.002249828912404],[5.8099117152958675,52.002666684641376],[5.8070042974332905,52.00310785384532],[5.8063216731884175,52.00326755461052],[5.805815572581218,52.00338596071204],[5.80296059041026,52.004053824647805],[5.802983323658982,52.004094596143204],[5.802989306778393,52.00410531601959],[5.803008056235577,52.004138946900504],[5.803053981742448,52.00422127921589],[5.805446302685707,52.00851032098842],[5.805447694984727,52.00851280579752],[5.807225921992866,52.01170029165662],[5.80738501465447,52.01274259997856],[5.807391656893316,52.01278607962106],[5.808160763473917,52.017823993257984],[5.808174052018752,52.01791106023816],[5.80830178478894,52.01857118869909],[5.808338274041491,52.018759767282376],[5.809260961685077,52.01973302256086],[5.810021457235843,52.020535698186336],[5.8107463720407715,52.021299730375944],[5.811566413979807,52.02216458733869],[5.811629753611197,52.022231393642144],[5.812756284807805,52.02341943422967],[5.812928683319229,52.02360123715892],[5.813373652699195,52.02407046057429],[5.8141044718059565,52.02484112945704],[5.814321588848055,52.02507242862841],[5.818462083828707,52.029397042004526],[5.818598420409015,52.02953958210688],[5.818650601504442,52.02959413315159],[5.818691819183173,52.02963722114557],[5.8188483386586975,52.02980086338504],[5.8203849624833435,52.031407250537775],[5.82103147768121,52.03208073500014],[5.821458110763856,52.032450953510555],[5.8215119625667295,52.032498105144064],[5.821943545381631,52.03287598860215],[5.822804582033603,52.033606906014455],[5.823432076656818,52.03416994561192],[5.823801956167257,52.034499720813514],[5.824103297973836,52.0347588945838],[5.8242019182126255,52.0348437132081],[5.824506585976566,52.03480244849326]]]]},"properties":{"buurtcode":"BU02021367","buurtnaam":"West van Schaarsbergen","gemeentenaam":"Arnhem","aantalInwoners":640,"crime_violent":10,"crime_property":0,"crime_disorder":0,"crime_count":10}},{"type":"Feature","geometry":{"type":"MultiPolygon","coordinates":[[[[5.946380931072345,52.07777321872634],[5.946803848132948,52.07759441931665],[5.9469740732748475,52.07752245007096],[5.947230969857261,52.07741383667261],[5.947650612342542,52.077236182284686],[5.950306892696921,52.07604909243937],[5.950522006911828,52.07595294957156],[5.9519135113728705,52.075321805688255],[5.953254356403635,52.074683365521466],[5.953588778665522,52.07452412088395],[5.955930987203363,52.073338781403066],[5.954720575045435,52.07232686021259],[5.954152620684765,52.07182674673328],[5.953173348149812,52.0709644120394],[5.950946524578531,52.06904637074884],[5.948698064958775,52.06709619456104],[5.9466938665696825,52.06538111709229],[5.9451864624349575,52.06408810604205],[5.9432870556441575,52.06245577744426],[5.943248837686671,52.062304720963944],[5.943230060664568,52.06223008099113],[5.943201097003276,52.062114906985826],[5.943088927404982,52.06166899719556],[5.943049699392535,52.06159261115709],[5.943028180002276,52.061550701481515],[5.942826573134542,52.06115810980175],[5.942485807276698,52.06057239564525],[5.942175720190272,52.060066945126565],[5.942127913977338,52.05997705385957],[5.941633724554035,52.05904786257268],[5.941286339903845,52.05846908802452],[5.941176175254893,52.05833580674531],[5.941091601901599,52.058213172928234],[5.940937933727081,52.05799317030493],[5.9409109618253355,52.05795455762276],[5.940581293589856,52.057082076921546],[5.940501866763858,52.05687184549503],[5.940056950396523,52.05583140126329],[5.939631392247463,52.054836165427396],[5.939288182302396,52.05396828337595],[5.938991252592418,52.05324036479952],[5.938758218275713,52.052619978726064],[5.938696247694361,52.05246201202735],[5.938496581395531,52.0519530678251],[5.938084532174516,52.05094559236291],[5.937762009555007,52.050166440044315],[5.937667175715614,52.04992825303916],[5.937550229619618,52.049634540712276],[5.937448893778226,52.04936060147147],[5.9373915708909495,52.04922893006815],[5.937098831567901,52.04853316505115],[5.937109984159742,52.04842643076385],[5.938127267134081,52.03868335935469],[5.938128934122048,52.03866604005],[5.938133404449095,52.03862780978222],[5.938135187278431,52.03861161347492],[5.938133894590681,52.03861079260076],[5.938071540244387,52.0385714459758],[5.938506598456637,52.03554784141233],[5.939097073187472,52.03142189680809],[5.93940076747801,52.02779811321093],[5.939444911657765,52.02731193399318],[5.939613125707161,52.02545899068868],[5.939650171666906,52.025028491286825],[5.939756065369264,52.02379762592774],[5.939812312085678,52.0231439370225],[5.939997476733992,52.02111795072118],[5.940012842580214,52.02092870103746],[5.9401925637882895,52.01871457741789],[5.940288179067038,52.01819330767488],[5.940310593280376,52.01803116052525],[5.940331357782267,52.01785576332238],[5.940373169279624,52.01758097296461],[5.940387683970999,52.017423294177334],[5.940418324916684,52.01726205208065],[5.940444718193943,52.017106043183496],[5.94044753877765,52.0170843590308],[5.940452859966452,52.017043392116655],[5.940464380038355,52.01695467695058],[5.940610484577747,52.01607529852114],[5.940631800421465,52.015956489217935],[5.940645669386453,52.01585749828167],[5.940676472918014,52.015683635677355],[5.940688733561864,52.01558064349711],[5.940699660521507,52.01548879414507],[5.940712353814629,52.015359518008616],[5.940740879143259,52.015173450933055],[5.94074849821706,52.01512514768109],[5.940798332219193,52.014866947736216],[5.940824585841219,52.01471635931983],[5.9408499708722236,52.01456622439853],[5.9408517827881795,52.01455489055801],[5.940851773695774,52.01455297608346],[5.9408978285934975,52.01433444144351],[5.940931358247072,52.01415619756203],[5.940974439887612,52.01393877344949],[5.94100451252265,52.01376844656322],[5.94103417566477,52.01358386607597],[5.941065950685987,52.0133898558467],[5.941402079259074,52.011485970119445],[5.94154657201654,52.01139750018418],[5.941707573423726,52.01129892126408],[5.941907425732367,52.011177157763115],[5.942131225417905,52.01104027940967],[5.942396220794239,52.01083091295091],[5.942888498886022,52.01082250357126],[5.943248182024685,52.01079864776779],[5.9436523001965895,52.0107708864824],[5.944056994874747,52.01074267166176],[5.944460560017324,52.010715027064315],[5.9448722816716195,52.01068739634657],[5.945262629267085,52.01066165426287],[5.945624816222292,52.010635541212345],[5.9459364809262985,52.010613469081335],[5.946067135396665,52.01060528028166],[5.9460632342185695,52.01058445483554],[5.946048195450239,52.01050389989649],[5.945401532669258,52.01054976356067],[5.944810282644546,52.01057515971976],[5.9442649501994955,52.01057417579899],[5.943707746066239,52.01054827498543],[5.943121139976397,52.01048208179597],[5.942803438793512,52.01043778076239],[5.941823089404257,52.010318741463436],[5.941365716201483,52.01026263171892],[5.940994619942657,52.01021472132304],[5.940939188039476,52.010207564173555],[5.940526235955075,52.01015956527998],[5.940088281825913,52.01011525081976],[5.939797027520747,52.010091647875264],[5.939361161438913,52.01006039977056],[5.938875301884435,52.010037708391884],[5.938429979554809,52.01002076998557],[5.937944340104527,52.01001591020493],[5.937242664513125,52.010024186563065],[5.936385441258623,52.010033832054745],[5.935796916138779,52.01004044983643],[5.935291279318218,52.010039000732114],[5.93495823724299,52.01003294218318],[5.934153098034395,52.00999483182199],[5.933606955869934,52.0099554585981],[5.933454287393393,52.009944452105245],[5.93343411830081,52.009942997952734],[5.932745643497526,52.009864383100464],[5.931982835864712,52.00975757135003],[5.931778975117317,52.00972617146924],[5.931182737549019,52.009626192966834],[5.930731742673763,52.00955407854171],[5.930503545308895,52.00951609436473],[5.930175680561616,52.009461518870005],[5.929663100687637,52.009395392151525],[5.929243353432058,52.009357373534215],[5.928657318788314,52.009335338767144],[5.928299619271675,52.00932937486395],[5.927454878030999,52.00934210317277],[5.92703806818265,52.009337941157916],[5.9267206522645255,52.00933477084404],[5.925577981113528,52.009331681079054],[5.925194483519071,52.00932749042697],[5.924571995906577,52.00931844454209],[5.924001275014086,52.00928775526017],[5.923586593448533,52.009253973615614],[5.923287519351949,52.00921966470403],[5.922973815690507,52.00917055764106],[5.922684126853987,52.009115394660256],[5.922331430016905,52.00902781799656],[5.921087294902537,52.00873637959796],[5.920632406734176,52.008629817963346],[5.920089874444217,52.008505757596325],[5.919660386591884,52.008424942001504],[5.919157058369247,52.00835204828045],[5.9190998712438585,52.008343766081786],[5.918880667680565,52.00831716974845],[5.918225041983816,52.008274469600885],[5.917915646461378,52.008256274489],[5.917879513380113,52.00825414902327],[5.917247133876293,52.00822180281046],[5.917083612558662,52.00821112410803],[5.916352507260476,52.00817357295739],[5.916334745782273,52.008172374688016],[5.915753983171643,52.00813529506317],[5.915135456727262,52.00810097245206],[5.914994954911436,52.008092166797894],[5.914512249688261,52.008061910940896],[5.914444775416149,52.00805810383176],[5.914340700123818,52.00805223065305],[5.914022278788702,52.008034261692266],[5.914012504104468,52.00803362413934],[5.9134587235307245,52.00800099014917],[5.91238356489192,52.00793539985981],[5.912195395584326,52.00792577534403],[5.911598431969269,52.00788943601483],[5.911016903190033,52.007854925982215],[5.910512488179658,52.00782387670744],[5.909802896208719,52.00777851587289],[5.909111846245686,52.00773687328246],[5.908681529596105,52.007714998932755],[5.908192532257816,52.007683871391116],[5.907756348048017,52.0076578238864],[5.9070562436548535,52.007612498007184],[5.90676798831582,52.007595340600695],[5.906596402049382,52.00758658577739],[5.9060602809737786,52.0075690688722],[5.905983475431476,52.0075654122132],[5.905899566959687,52.00756064529735],[5.905847742343865,52.00755783029043],[5.905793448387294,52.00755483469239],[5.905710462570244,52.007549873921576],[5.905645364263327,52.00754559469336],[5.905577190841075,52.00754189973545],[5.905532460380341,52.007539432644045],[5.905456873100537,52.00753443910312],[5.905362161120877,52.00752857786926],[5.905284731593545,52.00752435274319],[5.905233825258653,52.007520961765024],[5.905196383729011,52.007517927650085],[5.905151435817708,52.007514284798695],[5.905089098850536,52.00750885158991],[5.905046515843956,52.007505424795596],[5.904983224764897,52.00749733158828],[5.904931978957712,52.007491278730996],[5.904813451740452,52.00747867273169],[5.904634441751331,52.007461005215404],[5.904567472097718,52.00745483168962],[5.904441257621184,52.00744397139275],[5.904302976784217,52.00742935832934],[5.904251426045963,52.007423497068615],[5.904074248558003,52.00740429892422],[5.903945494077023,52.00738698035184],[5.903891160974725,52.007380560393464],[5.9037679423131575,52.00736207580033],[5.90357430035328,52.007331914209935],[5.90356163551453,52.00732968675234],[5.903510988607381,52.00732210892435],[5.903402584689836,52.00730508156555],[5.903308693084157,52.00729008293739],[5.903223755438518,52.0072761864855],[5.903204297283652,52.007273036917056],[5.903174337818524,52.00726822201651],[5.903031320033155,52.00724373567549],[5.902927224446915,52.00722592768075],[5.902839782712505,52.00720880792606],[5.902710027850723,52.0071848329335],[5.90261425648843,52.00716717874523],[5.902593238612552,52.007162514183584],[5.902457913343403,52.00713666228061],[5.90227709158612,52.007101946455684],[5.902250296334955,52.00709680197866],[5.902250129915321,52.00709676855148],[5.901889411534477,52.007026900500385],[5.901835953698578,52.00701609934782],[5.901798262640299,52.00700903487703],[5.901684546541554,52.00698575082129],[5.901575175642078,52.00696492035073],[5.901467029667101,52.00694332401233],[5.901293699487453,52.00690983499897],[5.901067212134804,52.00686478340243],[5.900697405199951,52.00679316091907],[5.900114764201729,52.00667868577148],[5.899777951269529,52.006626645060805],[5.899329978533054,52.00656151298933],[5.899030982074485,52.00651276228684],[5.898519745241363,52.00645435033862],[5.898228161158063,52.006432585209915],[5.897586408653716,52.00638467879392],[5.89634824744436,52.00629306088249],[5.896144501527136,52.006268258070804],[5.896044473545324,52.0062553726233],[5.89592467537462,52.00623895835072],[5.895821855897271,52.006224563057465],[5.895696794180423,52.00620607792077],[5.895568951741583,52.006187033904915],[5.895464881707328,52.006171121978404],[5.895300577922888,52.006144625624664],[5.895248993777227,52.006134166605364],[5.895160916730496,52.006116309499966],[5.89506633526189,52.00609445812284],[5.894988047139427,52.006074303470655],[5.8949420459482305,52.006062461191235],[5.894830093083213,52.0060308863966],[5.894719507423624,52.005997593322775],[5.894385454911682,52.00589915071877],[5.8938794936812835,52.00572819977289],[5.893246729634093,52.00552069267654],[5.892698683870538,52.00534389275114],[5.89268073160531,52.005337500964764],[5.892640177521337,52.00532245521742],[5.892567150849136,52.00529803566563],[5.8924170606124235,52.00524674106807],[5.89235548942145,52.00522664862133],[5.89222952711461,52.005182670074966],[5.892122772089425,52.00514697981374],[5.892011988013839,52.00510940391044],[5.891830029936018,52.00504759140006],[5.891715534471324,52.00500889051427],[5.891558931488952,52.00495381708715],[5.891392446723012,52.004897264066855],[5.8912822777591005,52.0048594951885],[5.891158793078639,52.004816266196336],[5.890983031843362,52.00475708908225],[5.890852219296987,52.00471049444994],[5.890431493751023,52.004560634294194],[5.8898511840961305,52.004354429740516],[5.8892269963293336,52.00413426639202],[5.8883584900075565,52.003812491971026],[5.88822286529668,52.003758074395265],[5.888082660570877,52.003701819169144],[5.887702456481292,52.00354926455124],[5.887686651463993,52.003563401203486],[5.884610134366206,52.00631480022943],[5.8785484631323115,52.01192181570943],[5.8780666183431025,52.01296784009117],[5.877502408034865,52.01417128793704],[5.8732197187110255,52.02583150122581],[5.87378516056554,52.02568666204242],[5.87413880257264,52.02559197572227],[5.874633480213794,52.02545639727307],[5.876931683879179,52.02480237722917],[5.877110648317985,52.025076544391176],[5.876985959077818,52.02530214931518],[5.876798619230862,52.02564110374728],[5.877476625897295,52.025867007278315],[5.877536629282136,52.02591373023853],[5.877609756272971,52.02597732347438],[5.877671425060176,52.02604969205013],[5.8777192104749485,52.02610630801686],[5.877758347856274,52.026184828548615],[5.877790627053727,52.026243810109186],[5.8777896175229385,52.02629263878804],[5.877780649845477,52.02633325835666],[5.877656320203394,52.02654634084237],[5.877628659610612,52.02659376152952],[5.87692408790421,52.02779823317411],[5.876399425828652,52.0287201875671],[5.876301424230278,52.028887525507905],[5.876152820707168,52.02951844199291],[5.876040402275792,52.029995712989034],[5.876013334836948,52.03011062753508],[5.875999411672503,52.03017139231831],[5.875981274593454,52.030250609596415],[5.875698792081371,52.03148379732917],[5.8756572162943135,52.03163961119246],[5.875556792375559,52.032070400047395],[5.875491711701526,52.03234957503196],[5.875461326278954,52.03252382861478],[5.875414411826174,52.03251631212499],[5.8752334416298435,52.03248731752394],[5.87489837840462,52.03243400780657],[5.874359585887962,52.03234943598385],[5.873894166737035,52.032275259843956],[5.873463526919311,52.03220807312187],[5.873140072377758,52.03215827790845],[5.87246514264191,52.0320522613401],[5.872105956141139,52.031996071588125],[5.8715391450968015,52.03190446736695],[5.87103311813023,52.031817962248],[5.870694106431515,52.03175514449163],[5.870408910118855,52.03176642279882],[5.870185387928119,52.03177625824765],[5.869785555839314,52.03179395016583],[5.869146733102236,52.031817375977816],[5.868447224039184,52.03184461387497],[5.867764081077833,52.031869997529114],[5.867355539177061,52.03188474431688],[5.866628797524843,52.03191359161022],[5.865878968672332,52.03194335162116],[5.865878406397587,52.031943372782955],[5.86454540365992,52.031992912529915],[5.862848544366539,52.03205595397405],[5.8628377008000685,52.03205635641877],[5.862615353817642,52.032064615070134],[5.862208792807405,52.032079858211624],[5.86041106933203,52.03214724337757],[5.858725219971962,52.03221041004767],[5.857858220913056,52.03224288531242],[5.855820104440596,52.03231920321045],[5.853760628569519,52.0323962841299],[5.852027357484237,52.03246112798961],[5.852026713620335,52.03246115210361],[5.85045471377061,52.03251750358165],[5.8494872500704025,52.032551644506476],[5.849014488407549,52.03256832515448],[5.848584407591538,52.03258349829454],[5.8484131044243215,52.03258954088466],[5.848152590031463,52.032598730592575],[5.847917570065486,52.03260702000431],[5.8477864948150104,52.032611643198784],[5.847596376072707,52.03261834873733],[5.847251570926849,52.03263050949275],[5.846905176272541,52.03264272487984],[5.846566494913158,52.03265466646889],[5.8463675158376445,52.03266168233066],[5.845992239130098,52.03267491368776],[5.845337459543182,52.032701152069976],[5.845124987805063,52.03270851854295],[5.84500309576681,52.032712856640345],[5.844589724046347,52.03272813806498],[5.844447592663776,52.03273285172625],[5.844058788864856,52.03274684671832],[5.843571715890421,52.032765977088026],[5.843374672856215,52.03277387471982],[5.843025379202855,52.032786821567285],[5.8428774758431565,52.032792744829294],[5.8425305967303265,52.032806274988694],[5.842134565393929,52.03282058818957],[5.841665793129722,52.0328384517037],[5.841246639808642,52.03285404031758],[5.840739798408015,52.032872641077944],[5.840294146479463,52.03288922001312],[5.8400180772836325,52.032898903687176],[5.83923935585487,52.03292568177944],[5.839046277573615,52.03293309309867],[5.838778437320903,52.0329433749921],[5.8383962383121695,52.03295804491283],[5.8379111971929465,52.03297666038022],[5.837765724248583,52.032982242502456],[5.837522803608434,52.03299156509816],[5.8371776337548615,52.033004809501],[5.836911183801694,52.03301503329519],[5.836876066473446,52.033016380837225],[5.836700446284287,52.03302311851789],[5.8363919927986885,52.033034953092255],[5.836072227635449,52.033047220074295],[5.835856579175656,52.03305549238658],[5.8354966239655415,52.03306929963152],[5.835145959558635,52.033082748648894],[5.834780871840608,52.03309675119914],[5.8342612939795195,52.033107885111214],[5.834009744879427,52.033111812384746],[5.833900841520116,52.03311400887656],[5.83364944058388,52.03313279874069],[5.833581136012689,52.03314275517229],[5.833410730221859,52.03316759214822],[5.833309702844402,52.0331864063416],[5.833009527554626,52.033244023847715],[5.832719954399735,52.033301601369445],[5.832496747224707,52.0333446583064],[5.832363982704992,52.033370724811085],[5.8320609005133,52.03342716263367],[5.831687581236349,52.03349694459281],[5.831304653473997,52.03356973403262],[5.830934206797875,52.03363771948878],[5.830455048275444,52.03372751597813],[5.829958600911008,52.03382391540086],[5.829491000308725,52.03391306947288],[5.828788611406257,52.03404472090991],[5.828076606324356,52.03417937658047],[5.827090403619909,52.03436256919797],[5.8267512396945715,52.034427817992295],[5.826405108744056,52.034494405882604],[5.825940120299895,52.034583857863396],[5.825503664216344,52.03465866774927],[5.825125792448828,52.03471833849332],[5.824814656262006,52.03476135100749],[5.824506585976566,52.03480244849326],[5.8242019182126255,52.0348437132081],[5.8242773382585655,52.03490857760843],[5.824306643992088,52.03493378879808],[5.824442458647519,52.03505059054391],[5.824767261200928,52.035337044782516],[5.824814772794073,52.03537894233506],[5.825910834750403,52.03635808219116],[5.825937763631031,52.03641419453277],[5.825977323222783,52.03649060925759],[5.826035679193166,52.036593343523414],[5.82609105491056,52.03666410858318],[5.826153528801489,52.03673194394032],[5.826203584108294,52.03677435278157],[5.826264690346092,52.03680673441511],[5.826328064085349,52.03684294555569],[5.826403227347724,52.03686716726312],[5.8264776777317016,52.036891508429605],[5.826526818939515,52.03690904098558],[5.826585087884487,52.03694185548791],[5.827666675867882,52.03787444702314],[5.828704677135777,52.038764695399195],[5.828967417412467,52.03898630462013],[5.830648157348724,52.040427881259326],[5.831015512168137,52.04074084415343],[5.8314727332081615,52.04113487365895],[5.831930448092499,52.04152205044303],[5.832143698406232,52.04170909075726],[5.833001445653872,52.042437321122755],[5.833458942526615,52.042824816317804],[5.837918095404842,52.046631919047584],[5.844156684564407,52.04919182984152],[5.849986943865944,52.051577968613984],[5.850027469959523,52.051594554465865],[5.850045287971145,52.0516018458176],[5.8533255339660375,52.05174286637559],[5.857069254441036,52.05191857425109],[5.857639321022987,52.05193762725454],[5.858201353068081,52.05195926230454],[5.858563906590325,52.05197320844158],[5.858966073267301,52.05198868455479],[5.859346405528192,52.052003231172066],[5.85966792371635,52.05201756311111],[5.860707954891638,52.05189519852868],[5.861683155332617,52.051781813627194],[5.882063165811084,52.04941091877144],[5.884232695461862,52.04947973509259],[5.899401339735871,52.04995832387022],[5.899296072054332,52.05083364736787],[5.898689642193022,52.055875894723144],[5.898346044901626,52.05872811664612],[5.898097519956687,52.06074122846244],[5.898066453498229,52.06100872828128],[5.89806625428332,52.061010436916625],[5.8980273940527566,52.061451003667166],[5.89817609528358,52.06158175794219],[5.898204789799243,52.0616069893149],[5.898449258361725,52.06181592995776],[5.898124413994734,52.06336220665239],[5.899002499113594,52.06326362119971],[5.899847665760192,52.063168722761134],[5.901443266748995,52.06299096992392],[5.901502004985512,52.06298454742512],[5.9024515285069885,52.062880689327486],[5.902737553921093,52.06284659421379],[5.902760548333791,52.0628438509822],[5.903106702448568,52.06280764908009],[5.9035271568150804,52.062760271528745],[5.90398052784148,52.06270697754045],[5.9052534919243875,52.06256748542526],[5.905648511039072,52.06252147055091],[5.906513209200886,52.06242313934544],[5.906548903869505,52.062419080999994],[5.906791032071135,52.062390194078766],[5.907059510005491,52.062360003872186],[5.907333167916049,52.062333879832586],[5.908048699974881,52.062254783914916],[5.908383232409876,52.06221687416044],[5.9087425146161845,52.06217429677566],[5.909342139547165,52.06210885617155],[5.909576472206534,52.06208327880069],[5.909639008883281,52.06208015205607],[5.90967520134236,52.062081303749665],[5.909706833353027,52.06208652938004],[5.9097433744170305,52.062096299257455],[5.909752013837429,52.062099361869244],[5.9097918582038975,52.0621135303124],[5.9099481003331285,52.06218264864943],[5.910201581731182,52.06230063556514],[5.910723459564047,52.06252480276874],[5.911246134450035,52.062758051262385],[5.911968613335714,52.06308206951666],[5.912804079720827,52.0634597423693],[5.9132577476342165,52.063657624524836],[5.913677584680988,52.06384540059274],[5.914126225734455,52.064054123768784],[5.914314899462405,52.06413807464344],[5.914704097661175,52.06431152209215],[5.915035379858961,52.0644607258688],[5.915450244793251,52.064644823749305],[5.915810515127746,52.064813049307176],[5.916262975842024,52.065011374760736],[5.916708882617217,52.06521008748554],[5.91719047164827,52.06542907725694],[5.917335567590956,52.065493418283054],[5.9176143400579155,52.06561703691484],[5.918145349879445,52.065855888952406],[5.918696131741254,52.066101327646436],[5.920047803474063,52.06670152245243],[5.920144983099367,52.06674614082269],[5.92033767101547,52.066834593923616],[5.920685524248035,52.066990708554975],[5.921160955040551,52.06720001150827],[5.921698375007718,52.06743997778266],[5.922131396238125,52.0676315377456],[5.922135472590786,52.067633370809645],[5.923121368080447,52.06807749217258],[5.923574062249109,52.068280057823905],[5.9235821142911655,52.06828382318221],[5.923592906312603,52.068288645662186],[5.923982905879079,52.06846327216861],[5.924112647361567,52.06852136504892],[5.92412299961017,52.0685259917439],[5.924150111752613,52.06853809215752],[5.924189233095295,52.06855555772407],[5.924315864242322,52.06861207364236],[5.924481837224685,52.06868615275983],[5.92469059832477,52.06877933414997],[5.924850589803877,52.06885073458462],[5.92500049349283,52.06891764180186],[5.925169577397525,52.068993107915524],[5.925382955312664,52.06908792982006],[5.926358792991068,52.069524753714404],[5.927806603550918,52.070174843462844],[5.928010119373075,52.07026611059757],[5.928547566806764,52.07051428786851],[5.92891403219413,52.070676602495716],[5.929026526137128,52.07072577207323],[5.929351604821801,52.07086908581885],[5.929761183587694,52.0710512701191],[5.929975770028999,52.07114670734867],[5.93040331758734,52.07133683312299],[5.931506788264954,52.07182859118261],[5.932729654303311,52.07237181897701],[5.932965085029487,52.07247586384942],[5.933368642098431,52.072654621059954],[5.934046498639059,52.07295798412399],[5.934413173035186,52.07312217726918],[5.935820378809162,52.07374748706984],[5.936530832070018,52.074065631514564],[5.936908813000972,52.074232056156546],[5.937223120922058,52.07437547941667],[5.93828101908969,52.0748428490724],[5.939405823022705,52.07534944394577],[5.939706205519261,52.075486076733064],[5.940963483103404,52.076051986289315],[5.942188012069747,52.0765906226251],[5.945059109793553,52.077832006791766],[5.945539940199968,52.07781513989418],[5.945801367690434,52.077783861212374],[5.945884786045018,52.07777387497413],[5.946067779607628,52.077731247101816],[5.94606867238254,52.07773498198533],[5.9461028299007745,52.077890793332585],[5.946380931072345,52.07777321872634]]]]},"properties":{"buurtcode":"BU02021368","buurtnaam":"N.O. van Schaarsbergen","gemeentenaam":"Arnhem","aantalInwoners":355,"crime_violent":5,"crime_property":2,"crime_disorder":1,"crime_count":8}},{"type":"Feature","geometry":{"type":"MultiPolygon","coordinates":[[[[5.878729792992472,51.98686024869166],[5.880195819559914,51.986793234450495],[5.88206225256279,51.98669572756345],[5.883262019914255,51.98664629785978],[5.884335139382602,51.98657803382284],[5.885111993373266,51.98652417490264],[5.885465150637914,51.98649968852136],[5.885740723153825,51.98648044738206],[5.886322710844672,51.986444685224896],[5.887158670750239,51.98638691366317],[5.887615886619557,51.98635357807751],[5.888647395466129,51.98628545076922],[5.889164673593081,51.98624995031958],[5.889242091549666,51.986245124021245],[5.890389057163269,51.98617361332844],[5.891125988387931,51.98611338324163],[5.892243832059404,51.98601703022457],[5.892468550233708,51.9859958433848],[5.892592156180703,51.98598418850509],[5.892626554302247,51.985748116398184],[5.892675394910397,51.985412909058574],[5.892549750305978,51.98547409229156],[5.892456609036855,51.98551444553016],[5.892307035142834,51.98557145101268],[5.892110032255868,51.9856236650328],[5.891910540588078,51.985660193047565],[5.891767449335531,51.98567721682753],[5.891568734301018,51.98568020900346],[5.891368760582474,51.98567393116236],[5.891109618717706,51.98564650336558],[5.890830256059083,51.98560203875894],[5.8906480278613,51.98556381734452],[5.890484114816171,51.98551029553729],[5.890278415446342,51.98543983028685],[5.8899644568648,51.98533272795533],[5.889811266595209,51.985273452689384],[5.889668945627949,51.98522174033811],[5.8894479379461595,51.98515990041773],[5.889102026546191,51.98508812875844],[5.88758142916468,51.98481493345351],[5.886502160792627,51.98460358094048],[5.885630995791332,51.98440180042107],[5.885586192198527,51.98439057502661],[5.883631401878993,51.983961996176404],[5.882958191896865,51.98384014679877],[5.882932608448618,51.98377093378889],[5.882714436351139,51.983754215957994],[5.882503051182049,51.9837251407362],[5.882343347531811,51.98370250710194],[5.882209518637759,51.98368023986898],[5.881898078848809,51.98362399837186],[5.8817290816578405,51.98359664635081],[5.881427736344484,51.9835474952279],[5.881241282140721,51.98352427947124],[5.8811893856067945,51.9835178181496],[5.880945712501245,51.98349680162377],[5.880852828713979,51.983488789994446],[5.8806142801883325,51.98347599718694],[5.880386194670551,51.98346910582472],[5.880178262474483,51.98346320997363],[5.879826500429582,51.983447812299836],[5.879570341745252,51.98344351858475],[5.879486506196676,51.98344101561297],[5.879232509446884,51.98343142416716],[5.879140964581801,51.98342838239494],[5.878894360411681,51.98341856875779],[5.878758102302441,51.98341228897401],[5.878612596274722,51.98340547689719],[5.878506554992766,51.983401163102954],[5.87827011232418,51.983390734967145],[5.878188117261376,51.9833874620434],[5.878008070452699,51.983377939551545],[5.877864129670663,51.98337340305938],[5.8777029132613015,51.98336703647779],[5.877656067219419,51.98336589968795],[5.877504736777579,51.98336196431894],[5.8773599154577525,51.98336142619772],[5.877285981291806,51.983362875695306],[5.877098098514287,51.98336917516989],[5.876911223164332,51.98337695412673],[5.876919360424308,51.98344918742877],[5.876944985226202,51.98358462137552],[5.87696782674787,51.98373643197392],[5.876985289605984,51.983836538846056],[5.877005871100888,51.98395774005463],[5.877032363583429,51.98413510097445],[5.87703531861315,51.98418532720859],[5.877045549471832,51.984328569560965],[5.877047430134857,51.984368396261324],[5.8770519388055655,51.984516715677024],[5.87705533923363,51.984656198771475],[5.877061629757677,51.984780535263106],[5.877038072976476,51.98496624795576],[5.877018539933774,51.98511734237402],[5.877012628325614,51.985193171047534],[5.877002975399951,51.98527912268211],[5.876996468256562,51.98534454982853],[5.8769941160311285,51.98539360898986],[5.876991165062006,51.98543196912603],[5.876993381293224,51.98547759370082],[5.876999396838023,51.985512140510686],[5.877047165283503,51.9856342675634],[5.877136471432211,51.98586259055188],[5.877257894223407,51.98603990840921],[5.877304340951543,51.98613103648051],[5.877311760968175,51.986159529168795],[5.877326856456344,51.986217507589835],[5.877364953770862,51.98659083056384],[5.877385863114745,51.98679573338102],[5.877386006608195,51.98679714035753],[5.8773988657512355,51.986920841869896],[5.878729792992472,51.98686024869166]]]]},"properties":{"buurtcode":"BU02021471","buurtnaam":"Lombok","gemeentenaam":"Arnhem","aantalInwoners":1605,"crime_violent":2,"crime_property":0,"crime_disorder":0,"crime_count":2}},{"type":"Feature","geometry":{"type":"MultiPolygon","coordinates":[[[[5.8907134917218515,51.98918826758786],[5.891121572804761,51.989086636615205],[5.891122904093734,51.98908630373764],[5.8913639942452445,51.98902609973007],[5.891472380702751,51.989002170265955],[5.891555428062552,51.98898383491185],[5.891884462511838,51.98891118775695],[5.8919774933296996,51.988894617734836],[5.892168044400875,51.98884956572116],[5.892695917086659,51.98872648750879],[5.893196861927339,51.98860685291154],[5.89333511167134,51.98856963435094],[5.893497954264824,51.98852707768487],[5.893699927799678,51.98847055972501],[5.893954426816764,51.98838343368448],[5.894293362298438,51.98828176767836],[5.894631790492252,51.98817117475285],[5.894875235153404,51.988090124666556],[5.8952271419428035,51.98795361957136],[5.895453356667275,51.987861320055046],[5.895642670999794,51.987778638009466],[5.895813592814237,51.987698999525115],[5.895889935677889,51.98766521034662],[5.896116369211454,51.98756498806557],[5.896136905828525,51.987554160851616],[5.89620596701975,51.98751775050228],[5.896244977818564,51.987493323967115],[5.896186960871782,51.987442565187905],[5.896162706240496,51.987423647171184],[5.895950562497865,51.987258184055484],[5.895925350409827,51.98723851960268],[5.895621248611386,51.986943425312134],[5.895607403605539,51.98692670389118],[5.895600717334545,51.98691863428071],[5.895552717351836,51.986860651109886],[5.895511226800465,51.98681054055558],[5.895469839567242,51.986760546388744],[5.895439330444846,51.98672368213743],[5.895430481594166,51.98671233212297],[5.895403358679153,51.986677520555176],[5.895373853262101,51.98664237501805],[5.895309608821607,51.986566029500224],[5.895286367087754,51.986538400811874],[5.895256051163353,51.98650185926678],[5.895209101284049,51.9864452556409],[5.895063814505403,51.98650054281859],[5.894998382434533,51.9865254425321],[5.894995709010182,51.98652204748699],[5.894887711030834,51.98638251105812],[5.894787276646514,51.98625276166784],[5.894712862385219,51.98615662423344],[5.8947062141567335,51.98614803308578],[5.894382698026315,51.98577396329179],[5.894350720385772,51.985777659625995],[5.894208772747952,51.985794067542656],[5.893799035149582,51.98584078777067],[5.893413264095146,51.98588477256317],[5.89291149679843,51.98594862282934],[5.892745948788659,51.9859696884091],[5.892592156180703,51.98598418850509],[5.892468550233708,51.9859958433848],[5.892243832059404,51.98601703022457],[5.891125988387931,51.98611338324163],[5.890389057163269,51.98617361332844],[5.889242091549666,51.986245124021245],[5.8892705699715036,51.98638023663934],[5.8893125261882435,51.98657930044317],[5.889421990027913,51.987098651812815],[5.889438928911154,51.98717901891686],[5.889482161997543,51.98720708922449],[5.889533680721302,51.9872405387204],[5.889606806107198,51.987304080596594],[5.8896704167766,51.98736089124204],[5.889694974894639,51.98737700043663],[5.889720706308797,51.987393879410334],[5.889755620130323,51.98744003105315],[5.889836319497562,51.987505407313826],[5.889878277552365,51.987501120381715],[5.889880500996536,51.987509856543106],[5.88989335447565,51.987560370062425],[5.889903192468054,51.98759902285911],[5.889913136915528,51.987638079675364],[5.889922822312288,51.987676103937865],[5.889928625629463,51.9877043133341],[5.889927286412931,51.987704455679335],[5.889834663525979,51.98771427659045],[5.889763892717058,51.987721778574745],[5.889688090718368,51.987729814339936],[5.8895817963771915,51.98774109022886],[5.889476854223066,51.98775221643535],[5.889395628397544,51.98776083244372],[5.889313559108613,51.98776953289071],[5.889304716447206,51.987773564150025],[5.88930374456769,51.987774008726525],[5.889299639763724,51.98777588413527],[5.889193803016505,51.98782414476273],[5.889168020863478,51.98783589467118],[5.889158758149732,51.98784011916326],[5.88908095558726,51.98787559909758],[5.8890572882192265,51.987886396184145],[5.889017007183727,51.98790476040692],[5.888951566707495,51.98793459318186],[5.888847250017802,51.98798215490978],[5.888781531277554,51.98801212000555],[5.888754027253182,51.988025094184934],[5.888742046319888,51.98803113149586],[5.8887209102091065,51.98804177391027],[5.888714253811162,51.98804538863366],[5.888681767248528,51.98806299145985],[5.888644679173236,51.98808310366036],[5.888623608017809,51.98809695461949],[5.888619055528343,51.98809994017509],[5.888587317236685,51.98812080165638],[5.888549643509966,51.98814557228491],[5.888530579794091,51.98815811226194],[5.888508193366822,51.98817282269717],[5.88845135312639,51.98821019572154],[5.888435079837497,51.988220880285034],[5.8884230845705625,51.98822876922325],[5.888396679968779,51.98824608539803],[5.888331152743739,51.98828907713059],[5.888284673554586,51.98831955682313],[5.888238523268535,51.9883078258303],[5.88821472546796,51.98830177914339],[5.888190626821648,51.988382933258684],[5.888014088314625,51.988349059045134],[5.887950817144793,51.98833691814092],[5.887883822871747,51.9884436135661],[5.8878292571112905,51.98853051406886],[5.887793166374216,51.988587990794514],[5.88755716322299,51.98861725493487],[5.887528723028937,51.988621157275375],[5.887417266150758,51.988636445776855],[5.88742627645945,51.98867676603159],[5.887430287443556,51.9886877354311],[5.887469735300277,51.988795631867156],[5.8874819619872865,51.98882541219184],[5.887501889759248,51.988879940631925],[5.887509375851204,51.988878902104545],[5.887625393263037,51.988862980216744],[5.887670234927026,51.98885682571857],[5.887680539885288,51.98888398510643],[5.887690714369164,51.98891080169361],[5.887701446826472,51.98893908550051],[5.887719044827828,51.98898546599358],[5.888253437752926,51.988905406313386],[5.888362921530436,51.98888900457939],[5.888644508884991,51.98884610159052],[5.888693834929613,51.988848320006475],[5.8888160503269535,51.98885381581556],[5.888836387843732,51.98866508173647],[5.888840138484488,51.9886118996877],[5.8888961006127465,51.98861117570326],[5.888961431403403,51.98861047465694],[5.8890280140642846,51.98860975924664],[5.889091838618921,51.98860910949407],[5.8891543416639065,51.98861005628179],[5.889164547135614,51.988611352005286],[5.889198645662306,51.98861807361889],[5.889186221198621,51.988527820729786],[5.889201776640523,51.988527143153156],[5.889269018829789,51.988524231635985],[5.889254035787984,51.98846552078453],[5.889546250555082,51.98842758307774],[5.8895641758205315,51.98842519384117],[5.889568252167495,51.9884366248912],[5.889573252916605,51.98845064872687],[5.889808036111362,51.98841937325753],[5.88981793117257,51.988448821747525],[5.890236861813976,51.98839268782419],[5.890293551197086,51.98861001192916],[5.890326770330238,51.98873735697236],[5.890328489406452,51.988743947066396],[5.890366274567493,51.988767802339375],[5.8905368628208015,51.98886943195576],[5.89057881745432,51.98893267422751],[5.890608632436497,51.989094642474114],[5.89063626533067,51.98921136912506],[5.8907134917218515,51.98918826758786]]]]},"properties":{"buurtcode":"BU02021473","buurtnaam":"Brouwerijweg e.o.","gemeentenaam":"Arnhem","aantalInwoners":1125,"crime_violent":4,"crime_property":1,"crime_disorder":17,"crime_count":22}},{"type":"Feature","geometry":{"type":"MultiPolygon","coordinates":[[[[5.887582179358407,51.990601179572735],[5.887757118348387,51.99053693822046],[5.887976926140397,51.990454670078755],[5.888310536351731,51.99031840749463],[5.888612927148805,51.990180849657136],[5.888831109433995,51.99006979717385],[5.88895688577977,51.99000577709894],[5.88909778725126,51.989929550017074],[5.8893735197653365,51.98978520806284],[5.889585643945273,51.98967110151397],[5.889907307325815,51.98950087707578],[5.890124911822193,51.9893948320426],[5.890222903386621,51.989355720114084],[5.890312818801619,51.98931982990489],[5.890459814698865,51.98926761444072],[5.890521536338461,51.98924568940869],[5.89063626533067,51.98921136912506],[5.890608632436497,51.989094642474114],[5.89057881745432,51.98893267422751],[5.8905368628208015,51.98886943195576],[5.890366274567493,51.988767802339375],[5.890328489406452,51.988743947066396],[5.890326770330238,51.98873735697236],[5.890293551197086,51.98861001192916],[5.890236861813976,51.98839268782419],[5.88981793117257,51.988448821747525],[5.889808036111362,51.98841937325753],[5.889573252916605,51.98845064872687],[5.889568252167495,51.9884366248912],[5.8895641758205315,51.98842519384117],[5.889546250555082,51.98842758307774],[5.889254035787984,51.98846552078453],[5.889269018829789,51.988524231635985],[5.889201776640523,51.988527143153156],[5.889186221198621,51.988527820729786],[5.889198645662306,51.98861807361889],[5.889164547135614,51.988611352005286],[5.8891543416639065,51.98861005628179],[5.889091838618921,51.98860910949407],[5.8890280140642846,51.98860975924664],[5.888961431403403,51.98861047465694],[5.8888961006127465,51.98861117570326],[5.888840138484488,51.9886118996877],[5.888836387843732,51.98866508173647],[5.8888160503269535,51.98885381581556],[5.888693834929613,51.988848320006475],[5.888644508884991,51.98884610159052],[5.888362921530436,51.98888900457939],[5.888253437752926,51.988905406313386],[5.887719044827828,51.98898546599358],[5.887701446826472,51.98893908550051],[5.887690714369164,51.98891080169361],[5.887680539885288,51.98888398510643],[5.887670234927026,51.98885682571857],[5.887625393263037,51.988862980216744],[5.887509375851204,51.988878902104545],[5.887501889759248,51.988879940631925],[5.8874819619872865,51.98882541219184],[5.887469735300277,51.988795631867156],[5.887430287443556,51.9886877354311],[5.88742627645945,51.98867676603159],[5.887417266150758,51.988636445776855],[5.887528723028937,51.988621157275375],[5.88755716322299,51.98861725493487],[5.887793166374216,51.988587990794514],[5.8878292571112905,51.98853051406886],[5.887883822871747,51.9884436135661],[5.887950817144793,51.98833691814092],[5.888014088314625,51.988349059045134],[5.888190626821648,51.988382933258684],[5.88821472546796,51.98830177914339],[5.888238523268535,51.9883078258303],[5.888284673554586,51.98831955682313],[5.888331152743739,51.98828907713059],[5.888396679968779,51.98824608539803],[5.8884230845705625,51.98822876922325],[5.888435079837497,51.988220880285034],[5.88845135312639,51.98821019572154],[5.888508193366822,51.98817282269717],[5.888530579794091,51.98815811226194],[5.888549643509966,51.98814557228491],[5.888587317236685,51.98812080165638],[5.888619055528343,51.98809994017509],[5.888623608017809,51.98809695461949],[5.888644679173236,51.98808310366036],[5.888681767248528,51.98806299145985],[5.888714253811162,51.98804538863366],[5.8887209102091065,51.98804177391027],[5.888742046319888,51.98803113149586],[5.888754027253182,51.988025094184934],[5.888781531277554,51.98801212000555],[5.888847250017802,51.98798215490978],[5.888951566707495,51.98793459318186],[5.889017007183727,51.98790476040692],[5.8890572882192265,51.987886396184145],[5.88908095558726,51.98787559909758],[5.889158758149732,51.98784011916326],[5.889168020863478,51.98783589467118],[5.889193803016505,51.98782414476273],[5.889299639763724,51.98777588413527],[5.88930374456769,51.987774008726525],[5.889304716447206,51.987773564150025],[5.889313559108613,51.98776953289071],[5.889395628397544,51.98776083244372],[5.889476854223066,51.98775221643535],[5.8895817963771915,51.98774109022886],[5.889688090718368,51.987729814339936],[5.889763892717058,51.987721778574745],[5.889834663525979,51.98771427659045],[5.889927286412931,51.987704455679335],[5.889928625629463,51.9877043133341],[5.889922822312288,51.987676103937865],[5.889913136915528,51.987638079675364],[5.889903192468054,51.98759902285911],[5.88989335447565,51.987560370062425],[5.889880500996536,51.987509856543106],[5.889878277552365,51.987501120381715],[5.889836319497562,51.987505407313826],[5.889755620130323,51.98744003105315],[5.889720706308797,51.987393879410334],[5.889694974894639,51.98737700043663],[5.8896704167766,51.98736089124204],[5.889606806107198,51.987304080596594],[5.889533680721302,51.9872405387204],[5.889482161997543,51.98720708922449],[5.889438928911154,51.98717901891686],[5.889421990027913,51.987098651812815],[5.8893125261882435,51.98657930044317],[5.8892705699715036,51.98638023663934],[5.889242091549666,51.986245124021245],[5.889164673593081,51.98624995031958],[5.888647395466129,51.98628545076922],[5.887615886619557,51.98635357807751],[5.887158670750239,51.98638691366317],[5.886322710844672,51.986444685224896],[5.885740723153825,51.98648044738206],[5.885465150637914,51.98649968852136],[5.885111993373266,51.98652417490264],[5.884335139382602,51.98657803382284],[5.883262019914255,51.98664629785978],[5.88206225256279,51.98669572756345],[5.880195819559914,51.986793234450495],[5.878729792992472,51.98686024869166],[5.8773988657512355,51.986920841869896],[5.877431915305664,51.987238771021346],[5.877437071433537,51.98731395948363],[5.877412042077784,51.98731465789009],[5.87739331646783,51.987319492531256],[5.877371332761965,51.98733444723236],[5.877319356959322,51.987380741569474],[5.877282876383681,51.987434996137736],[5.877217103017349,51.98754050465869],[5.877198400487276,51.987591416102724],[5.877175570262818,51.98766107193878],[5.87716482344165,51.98773513746978],[5.8771641850302805,51.98780886339436],[5.877167501688598,51.98785164846487],[5.877170911593207,51.98789563848328],[5.877180367228971,51.98796783660148],[5.877213718785526,51.98805680452595],[5.877267824840209,51.98816121875339],[5.877317759226204,51.988236517324154],[5.877395892938715,51.98833666980651],[5.87743584165406,51.988379310345366],[5.877520495054068,51.98845922080558],[5.877605168262661,51.98854091440872],[5.877699450827239,51.988620784608244],[5.877847907707612,51.988723021942775],[5.877962491574249,51.988809942222694],[5.878124514956857,51.98891985080005],[5.878186815815093,51.988957223239474],[5.878212803364247,51.988972812935785],[5.878252469830678,51.988996607624564],[5.878356351766483,51.98898547164889],[5.878578506312828,51.988958384496904],[5.878690084185114,51.9889466228578],[5.878851769545894,51.98893762330732],[5.879006863072553,51.98894232594547],[5.879235206142926,51.988952667896],[5.879336400309031,51.98895997378251],[5.879370525223223,51.988965366074574],[5.879391386061992,51.988968662030295],[5.879431043479212,51.988984548419644],[5.879450648197617,51.98901597772987],[5.879501844737429,51.98911802478232],[5.87952543422633,51.989163368425466],[5.879549065404037,51.98920879188539],[5.879658639271099,51.98918990272077],[5.879822114195964,51.98916840947182],[5.879938506619856,51.9891566255423],[5.880074231134145,51.98915130043167],[5.880385173029282,51.98914167426077],[5.8808791309377355,51.98912507933362],[5.88111885968176,51.98913086749489],[5.881377075108394,51.989142863069084],[5.881669039830402,51.989158877847686],[5.882063157073816,51.989181597240545],[5.882456279589169,51.989201347056735],[5.882655631124145,51.98921339254126],[5.88286100973701,51.98922580239175],[5.883256083860164,51.98924791873157],[5.883468118212082,51.98926367188707],[5.883583917725786,51.989285181464254],[5.8836458360118185,51.98931107988965],[5.883689623854943,51.989351918810556],[5.883707187155496,51.98937265360446],[5.88372212620717,51.98938253975651],[5.883755716478572,51.98938953204502],[5.883815079643282,51.98939332445257],[5.883894469198009,51.989396794098816],[5.8841992972475134,51.989408824888784],[5.884418266706085,51.989424547039064],[5.884580349615918,51.989451448985896],[5.8847131962101775,51.98948180362044],[5.884841463013098,51.98951598224098],[5.884937933447471,51.98953126961477],[5.884971975673277,51.98953029327755],[5.885015719712006,51.989529038589644],[5.885089458435592,51.98950922546792],[5.885116106822617,51.98949126274975],[5.885139162756885,51.98947572050934],[5.885155607972589,51.98943046561747],[5.885147313599029,51.98937722951566],[5.885119875147613,51.98933453865888],[5.88506549877069,51.98928451134938],[5.885080037166778,51.989277698685825],[5.8850898047343945,51.9892731209366],[5.885360918946507,51.98929160029505],[5.885607308450213,51.9893083932902],[5.885754372950828,51.98931841601192],[5.886007597414998,51.98933567176824],[5.8861233705224745,51.98934356162223],[5.886158021594171,51.98934589636127],[5.886199215798726,51.989456306132794],[5.8862399845920965,51.98957177183781],[5.886260478475202,51.98963946330294],[5.886294540238366,51.989757929879794],[5.8863107050646715,51.98982593631349],[5.886335918536917,51.98992809061678],[5.886599325332092,51.98988684173466],[5.886758092266415,51.98986283220861],[5.88681371551731,51.98985442023193],[5.886932944656576,51.98983786160639],[5.88694718140475,51.989858459043795],[5.886970191428569,51.98989799719932],[5.887138256895187,51.99018677521737],[5.887293323551947,51.990451568020745],[5.887318965754739,51.990492085433495],[5.887350937490855,51.99053513851087],[5.88736358208803,51.99056971683888],[5.887384321701814,51.99064592890513],[5.887390113563295,51.99066721743764],[5.887582179358407,51.990601179572735]]]]},"properties":{"buurtcode":"BU02021474","buurtnaam":"Heijenoord","gemeentenaam":"Arnhem","aantalInwoners":1195,"crime_violent":4,"crime_property":0,"crime_disorder":0,"crime_count":4}},{"type":"Feature","geometry":{"type":"MultiPolygon","coordinates":[[[[5.864089746164287,51.9875009649529],[5.864639979410147,51.987446414360896],[5.865213295931506,51.98738938910735],[5.866094617062608,51.98731921634746],[5.867095362270444,51.98725092829427],[5.868030805254941,51.98719954678447],[5.868951068519105,51.987169622111075],[5.870914896940991,51.987114002772714],[5.874184011992656,51.987014903606],[5.877318476243508,51.986923195526295],[5.8773988657512355,51.986920841869896],[5.877386006608195,51.98679714035753],[5.877385863114745,51.98679573338102],[5.877364953770862,51.98659083056384],[5.877326856456344,51.986217507589835],[5.877311760968175,51.986159529168795],[5.877304340951543,51.98613103648051],[5.877257894223407,51.98603990840921],[5.877136471432211,51.98586259055188],[5.877047165283503,51.9856342675634],[5.876999396838023,51.985512140510686],[5.876993381293224,51.98547759370082],[5.876991165062006,51.98543196912603],[5.8769941160311285,51.98539360898986],[5.876996468256562,51.98534454982853],[5.877002975399951,51.98527912268211],[5.877012628325614,51.985193171047534],[5.877018539933774,51.98511734237402],[5.877038072976476,51.98496624795576],[5.877061629757677,51.984780535263106],[5.87705533923363,51.984656198771475],[5.8770519388055655,51.984516715677024],[5.877047430134857,51.984368396261324],[5.877045549471832,51.984328569560965],[5.87703531861315,51.98418532720859],[5.877032363583429,51.98413510097445],[5.877005871100888,51.98395774005463],[5.876985289605984,51.983836538846056],[5.87696782674787,51.98373643197392],[5.876944985226202,51.98358462137552],[5.876919360424308,51.98344918742877],[5.876911223164332,51.98337695412673],[5.877098098514287,51.98336917516989],[5.877285981291806,51.983362875695306],[5.8773599154577525,51.98336142619772],[5.877504736777579,51.98336196431894],[5.877656067219419,51.98336589968795],[5.8777029132613015,51.98336703647779],[5.877864129670663,51.98337340305938],[5.878008070452699,51.983377939551545],[5.878188117261376,51.9833874620434],[5.87827011232418,51.983390734967145],[5.878506554992766,51.983401163102954],[5.878612596274722,51.98340547689719],[5.878758102302441,51.98341228897401],[5.878894360411681,51.98341856875779],[5.879140964581801,51.98342838239494],[5.879232509446884,51.98343142416716],[5.879486506196676,51.98344101561297],[5.879570341745252,51.98344351858475],[5.879826500429582,51.983447812299836],[5.880178262474483,51.98346320997363],[5.880386194670551,51.98346910582472],[5.8806142801883325,51.98347599718694],[5.880852828713979,51.983488789994446],[5.880945712501245,51.98349680162377],[5.8811893856067945,51.9835178181496],[5.881241282140721,51.98352427947124],[5.881427736344484,51.9835474952279],[5.8817290816578405,51.98359664635081],[5.881898078848809,51.98362399837186],[5.882209518637759,51.98368023986898],[5.882343347531811,51.98370250710194],[5.882503051182049,51.9837251407362],[5.882714436351139,51.983754215957994],[5.882932608448618,51.98377093378889],[5.882938013653439,51.98377134784655],[5.883156881533611,51.98378041414733],[5.883385203267892,51.98380846490117],[5.883629014465408,51.98384406028653],[5.883864273790988,51.983872556321586],[5.884043989563783,51.98389367693227],[5.884299214162571,51.98391638018236],[5.884605269057486,51.983942617025654],[5.884948957036246,51.98396399655267],[5.885347510790863,51.98398878665338],[5.885484562076876,51.98400082591302],[5.885486142853714,51.98399740993819],[5.885538878673498,51.98388334557366],[5.8856219650089185,51.9837035053199],[5.885653887022324,51.983623382782056],[5.885843837488956,51.98314659004827],[5.8859356624476025,51.982916096427104],[5.885912131787967,51.982912449833414],[5.885414723815163,51.98283535109367],[5.884818169241219,51.98274288072978],[5.884402852144114,51.982656029554825],[5.884119570049075,51.98259462258793],[5.8840718302987405,51.98258384765248],[5.883851091997805,51.982533937128096],[5.883601142722684,51.98247329691693],[5.883229133373647,51.982383042835274],[5.882924008004906,51.98230870906508],[5.882810041974032,51.98227850570497],[5.882658664164973,51.98223838655676],[5.882393779564928,51.98216818465864],[5.882138563788857,51.9820945205244],[5.881800416450724,51.981989549362766],[5.881534429055936,51.9819034318085],[5.8812776211646804,51.98182028619989],[5.880703126596909,51.98163427928657],[5.880311392758321,51.98150744336261],[5.879916819054797,51.981363188728494],[5.879866387668488,51.98134304222599],[5.879529255645559,51.98120836819641],[5.879324898741598,51.98112673170966],[5.879268066898374,51.981103603302756],[5.8789850091094795,51.98098252998931],[5.878780359027649,51.980892686510906],[5.878604375944385,51.980815427977625],[5.878565268728399,51.980797393501135],[5.878374471551968,51.98070899161926],[5.878108467489703,51.980585743533204],[5.877979727008459,51.98052609285709],[5.877955678831563,51.98051421979135],[5.877819109283611,51.980446199289524],[5.877560560119796,51.98031742340638],[5.877393697660474,51.98022857772582],[5.877207521511364,51.9801294468872],[5.8770835480259365,51.980063436797955],[5.8769665576905545,51.979997864004616],[5.876821832195784,51.979916595118716],[5.8766968214512785,51.97984639677481],[5.8765329173389995,51.979754357491835],[5.87599414912525,51.9794416166138],[5.875873121286985,51.97937069077059],[5.87554696269027,51.97917553998381],[5.875451217621654,51.97911825194531],[5.875388372879308,51.97907678522817],[5.874931087244335,51.97877505004982],[5.874758501663918,51.97865507704872],[5.874554949951856,51.97851668371822],[5.874399424911467,51.97840259160301],[5.874259691335161,51.97829665375268],[5.874050394771085,51.97813665737005],[5.87382440176389,51.97796348175067],[5.8736814170046605,51.97784995072232],[5.873406047607912,51.977630988680524],[5.8733071487248765,51.977547385963106],[5.8731269793855185,51.97739508295623],[5.87295001174382,51.97723188426162],[5.872733096532578,51.97702106092028],[5.872494854658903,51.97677954724948],[5.872268804006172,51.97654804978095],[5.872060877891024,51.97633475948307],[5.8718389131551385,51.97610706619285],[5.871608096646704,51.97587028935113],[5.871454667383229,51.97571488594964],[5.871272628494418,51.97553050208639],[5.871002461531207,51.975256853062085],[5.8709268282061675,51.97518024447139],[5.870860216798021,51.97511277135249],[5.870281732543093,51.97538689292256],[5.870075243031841,51.97548473390233],[5.869524667753794,51.97574563214245],[5.869501093448438,51.975756802433615],[5.869276138160412,51.97593924411655],[5.869253878299024,51.97595220664096],[5.869186852479162,51.97599121204551],[5.869139999853818,51.97599508920778],[5.868659258573422,51.97584646680045],[5.868629774264152,51.97583723957699],[5.868222881062381,51.97570996609984],[5.868217229797867,51.975708218501545],[5.868183716806023,51.97569788409514],[5.868176853540881,51.975695763939335],[5.867996394395848,51.975640081717685],[5.867992860559247,51.97563899059296],[5.867546197698434,51.97550117218202],[5.867184702305872,51.97538858547256],[5.866964936163337,51.975322150181285],[5.866866861387886,51.97530229035758],[5.866762098364872,51.97534701202342],[5.866597047819992,51.975425415925464],[5.8662740745756325,51.975547975367334],[5.8658997950572065,51.975685474588055],[5.865601996285835,51.975810689155665],[5.8655390306153485,51.9758390067977],[5.865482271465442,51.975867928358234],[5.865323407127203,51.97596042599672],[5.865155947497913,51.976044023922036],[5.865102982867836,51.97607942845499],[5.865036977172081,51.976148960747345],[5.8650189572864395,51.97616794541283],[5.864998461898439,51.97618954674903],[5.86490487450464,51.976216667119374],[5.864874824829027,51.976225364011675],[5.864829685280345,51.976238454541544],[5.864737258449731,51.97626523749727],[5.864716640199152,51.9762712175395],[5.864650616223976,51.97638559253511],[5.8646323411149375,51.976417539368335],[5.864344567462395,51.976915312834585],[5.864128534903743,51.97728780284763],[5.863921442544151,51.977640418937156],[5.863796987190852,51.97786673728449],[5.8637368362761055,51.97796444152753],[5.863807117803691,51.9779763180638],[5.864143876665304,51.97804736345084],[5.864873902542345,51.978389122653006],[5.865474805733169,51.97865043532824],[5.865538325534885,51.978937022044434],[5.865605991608,51.97916331604066],[5.865697873645301,51.97938913399837],[5.865732936955063,51.979464062015296],[5.8657522964285205,51.97948048586708],[5.865759776940678,51.979503573453265],[5.865780022630279,51.97955256744348],[5.865788230228968,51.97957967884689],[5.865796442305086,51.979609936150645],[5.865801945718827,51.979653704960114],[5.86580083299014,51.979709005758906],[5.865876282576844,51.97975473709828],[5.8658821814014575,51.97976054653188],[5.865896832758247,51.979774967138276],[5.865887247103826,51.979812388647495],[5.8658577324390215,51.97986731962754],[5.866132819163948,51.97995992159125],[5.86642859000898,51.98003611583886],[5.86643901504767,51.980037772171855],[5.866567498789942,51.980058236529835],[5.866637243005321,51.98009435512683],[5.866670034313102,51.980109070238555],[5.86668728271278,51.98011450081087],[5.866735762130645,51.980116685139855],[5.866778245909673,51.980112188585906],[5.867072068095279,51.980113552236766],[5.867153244713427,51.98012708114066],[5.867238744975944,51.98013250284122],[5.867283781903398,51.98013535713902],[5.867302385486887,51.98015043556981],[5.867313384527487,51.98016763032472],[5.867324344874349,51.98021111613379],[5.867328399329683,51.980226811208276],[5.86733635934901,51.98023885905496],[5.867357889593489,51.98026897201618],[5.867369713067763,51.9802897497492],[5.8673670259923325,51.98031203382417],[5.867318787755711,51.98037589509829],[5.867277324125633,51.980460734461175],[5.867228966096875,51.98055965970125],[5.867227250714849,51.98056394514999],[5.867223565364023,51.98057320918821],[5.867201051765262,51.98069326841738],[5.8671999671539075,51.980858451569006],[5.867146206752583,51.98109865955548],[5.8671313248404235,51.981182446644524],[5.867097394093996,51.98133335545161],[5.8670884184605985,51.98137330927586],[5.867074714643678,51.9814366251004],[5.867063756154034,51.98150620358664],[5.867055371148025,51.98157686815287],[5.867044896246618,51.981661715851246],[5.867013708364565,51.98179558952231],[5.866957051083597,51.981918987762796],[5.866862656163656,51.98209341382007],[5.866780173605556,51.98224117677181],[5.8667314740925764,51.982315259399776],[5.866713287371056,51.982516159950535],[5.8667106980960595,51.98255035315079],[5.866637454644716,51.982995951828705],[5.866606470220313,51.98318444665331],[5.866525366549054,51.98336477750837],[5.866435090661111,51.98347286146034],[5.866409076621819,51.98351498788462],[5.866393211124537,51.98354372529254],[5.866368793834646,51.98357862757027],[5.86633245915478,51.983652111368706],[5.866325345908011,51.98368119063622],[5.866295944092706,51.98375504167736],[5.866218478671348,51.98400633837063],[5.866237048503208,51.984112145359376],[5.866178253629573,51.98415447708929],[5.8661754816649045,51.98414709097333],[5.866128104918024,51.98414633105974],[5.866126787118561,51.98415106428794],[5.866078950387637,51.984171293989185],[5.8655874943170465,51.98437909006992],[5.865558408929272,51.98439270879867],[5.865544943873434,51.98440501464013],[5.865522107242461,51.98442035169293],[5.865509481036918,51.984436240465435],[5.865503375642284,51.98445069156098],[5.865505479508241,51.9844555007559],[5.865486351302847,51.984463677000775],[5.865452224784047,51.98447825996942],[5.865374711853179,51.98451138242251],[5.865266138520677,51.9845577800608],[5.8650829614512165,51.98463605843551],[5.865072585792666,51.98464049587043],[5.8650548050603355,51.984648091318576],[5.865018359649285,51.98466366330605],[5.864824466809864,51.984746514010915],[5.864597188585131,51.98484121165118],[5.864198239086897,51.98500742398842],[5.864144078425412,51.98502998853343],[5.863816089139078,51.9851657290867],[5.863153770572748,51.98529034575008],[5.863161724813484,51.98532531683627],[5.863186158641698,51.985432733727514],[5.86318957617131,51.985444746290696],[5.863192252361304,51.985454119283176],[5.863192585113118,51.98545529540858],[5.86324889690087,51.98565303560273],[5.863251092321392,51.98565277504731],[5.86329165725096,51.98578508994132],[5.863326710953609,51.98592069887322],[5.863685500347951,51.98729195378506],[5.86370075957584,51.987329157629496],[5.86370275195022,51.98733580991746],[5.863712081304367,51.987367087495734],[5.863715115502142,51.9873772500033],[5.8637390575006005,51.98745748179142],[5.8637628957651655,51.987537396705854],[5.8637639283232215,51.98754085662803],[5.864089746164287,51.9875009649529]]]]},"properties":{"buurtcode":"BU02021572","buurtnaam":"Klingelbeek","gemeentenaam":"Arnhem","aantalInwoners":1110,"crime_violent":3,"crime_property":0,"crime_disorder":0,"crime_count":3}},{"type":"Feature","geometry":{"type":"MultiPolygon","coordinates":[[[[5.870966976781016,51.9963828086307],[5.8715080335269425,51.9961351218746],[5.871901786294277,51.995953509494576],[5.872434688905683,51.99573030207283],[5.87301742801513,51.99547126214754],[5.873819222156673,51.995114836561484],[5.874580790886223,51.99477813606929],[5.8752875220942755,51.994468672493305],[5.876039034072695,51.99413959034393],[5.876654816185759,51.99386993615791],[5.876726506469231,51.99383408999875],[5.876825009638402,51.993788018565105],[5.876953013600597,51.99372708071204],[5.877080571605711,51.99366067427578],[5.8772292396224275,51.9935870457553],[5.877501444180194,51.99346700346923],[5.877582300959649,51.99342790256507],[5.877836084954136,51.99331435752411],[5.877934617094627,51.99327113972658],[5.878131738098504,51.993189934855536],[5.8782739921387,51.99312893610126],[5.878454521758082,51.99304542250708],[5.87856411194155,51.99299193198622],[5.878768844051898,51.99290237106021],[5.879026191524925,51.99279832089848],[5.879234852500306,51.99271587767427],[5.879322312563567,51.992681980062784],[5.879472313617959,51.99262522769427],[5.879647310153134,51.99256432751021],[5.8798380801840695,51.992501696374624],[5.880063109878455,51.99243678130314],[5.8802751279112755,51.99237976804277],[5.880390355567569,51.99234884521341],[5.8806020616984584,51.992298491227984],[5.880710837136516,51.9922763938221],[5.880878403625286,51.99224073163982],[5.881082469580748,51.99219635462739],[5.881234279742512,51.992164325543094],[5.88136650031631,51.99213737335714],[5.8815436871954425,51.99210095614517],[5.881765021615021,51.9920505605059],[5.88197216386775,51.992005930823595],[5.882459782111404,51.991904924048015],[5.882901388940481,51.99181316934318],[5.883361546862669,51.991727042343726],[5.8837581831038985,51.991644749106094],[5.8846925396163225,51.99146245645087],[5.885099143094927,51.99137022217075],[5.8853240169682355,51.99131278044889],[5.885488674782018,51.991270719801435],[5.885805496749357,51.991182336354264],[5.886190250834012,51.991071547262706],[5.886519590416948,51.99096598690676],[5.886792471351268,51.99087564713185],[5.887050345596031,51.99078679692368],[5.8873300616188615,51.99068786546218],[5.887390113563295,51.99066721743764],[5.887384321701814,51.99064592890513],[5.88736358208803,51.99056971683888],[5.887350937490855,51.99053513851087],[5.887318965754739,51.990492085433495],[5.887293323551947,51.990451568020745],[5.887138256895187,51.99018677521737],[5.886970191428569,51.98989799719932],[5.88694718140475,51.989858459043795],[5.886932944656576,51.98983786160639],[5.88681371551731,51.98985442023193],[5.886758092266415,51.98986283220861],[5.886599325332092,51.98988684173466],[5.886335918536917,51.98992809061678],[5.8863107050646715,51.98982593631349],[5.886294540238366,51.989757929879794],[5.886260478475202,51.98963946330294],[5.8862399845920965,51.98957177183781],[5.886199215798726,51.989456306132794],[5.886158021594171,51.98934589636127],[5.8861233705224745,51.98934356162223],[5.886007597414998,51.98933567176824],[5.885754372950828,51.98931841601192],[5.885607308450213,51.9893083932902],[5.885360918946507,51.98929160029505],[5.8850898047343945,51.9892731209366],[5.885080037166778,51.989277698685825],[5.88506549877069,51.98928451134938],[5.885119875147613,51.98933453865888],[5.885147313599029,51.98937722951566],[5.885155607972589,51.98943046561747],[5.885139162756885,51.98947572050934],[5.885116106822617,51.98949126274975],[5.885089458435592,51.98950922546792],[5.885015719712006,51.989529038589644],[5.884971975673277,51.98953029327755],[5.884937933447471,51.98953126961477],[5.884841463013098,51.98951598224098],[5.8847131962101775,51.98948180362044],[5.884580349615918,51.989451448985896],[5.884418266706085,51.989424547039064],[5.8841992972475134,51.989408824888784],[5.883894469198009,51.989396794098816],[5.883815079643282,51.98939332445257],[5.883755716478572,51.98938953204502],[5.88372212620717,51.98938253975651],[5.883707187155496,51.98937265360446],[5.883689623854943,51.989351918810556],[5.8836458360118185,51.98931107988965],[5.883583917725786,51.989285181464254],[5.883468118212082,51.98926367188707],[5.883256083860164,51.98924791873157],[5.88286100973701,51.98922580239175],[5.882655631124145,51.98921339254126],[5.882456279589169,51.989201347056735],[5.882063157073816,51.989181597240545],[5.881669039830402,51.989158877847686],[5.881377075108394,51.989142863069084],[5.88111885968176,51.98913086749489],[5.8808791309377355,51.98912507933362],[5.880385173029282,51.98914167426077],[5.880074231134145,51.98915130043167],[5.879938506619856,51.9891566255423],[5.879822114195964,51.98916840947182],[5.879658639271099,51.98918990272077],[5.879549065404037,51.98920879188539],[5.87952543422633,51.989163368425466],[5.879501844737429,51.98911802478232],[5.879450648197617,51.98901597772987],[5.879431043479212,51.988984548419644],[5.879391386061992,51.988968662030295],[5.879370525223223,51.988965366074574],[5.879336400309031,51.98895997378251],[5.879235206142926,51.988952667896],[5.879006863072553,51.98894232594547],[5.878851769545894,51.98893762330732],[5.878690084185114,51.9889466228578],[5.878578506312828,51.988958384496904],[5.878356351766483,51.98898547164889],[5.878252469830678,51.988996607624564],[5.878212803364247,51.988972812935785],[5.878186815815093,51.988957223239474],[5.878124514956857,51.98891985080005],[5.877962491574249,51.988809942222694],[5.877847907707612,51.988723021942775],[5.877699450827239,51.988620784608244],[5.877605168262661,51.98854091440872],[5.877520495054068,51.98845922080558],[5.87743584165406,51.988379310345366],[5.877395892938715,51.98833666980651],[5.877317759226204,51.988236517324154],[5.877267824840209,51.98816121875339],[5.877213718785526,51.98805680452595],[5.877180367228971,51.98796783660148],[5.877170911593207,51.98789563848328],[5.877167501688598,51.98785164846487],[5.8771641850302805,51.98780886339436],[5.87716482344165,51.98773513746978],[5.877175570262818,51.98766107193878],[5.877198400487276,51.987591416102724],[5.877217103017349,51.98754050465869],[5.877282876383681,51.987434996137736],[5.877319356959322,51.987380741569474],[5.877371332761965,51.98733444723236],[5.87739331646783,51.987319492531256],[5.877412042077784,51.98731465789009],[5.877437071433537,51.98731395948363],[5.877431915305664,51.987238771021346],[5.8773988657512355,51.986920841869896],[5.877318476243508,51.986923195526295],[5.874184011992656,51.987014903606],[5.870914896940991,51.987114002772714],[5.868951068519105,51.987169622111075],[5.868030805254941,51.98719954678447],[5.867095362270444,51.98725092829427],[5.866094617062608,51.98731921634746],[5.865213295931506,51.98738938910735],[5.864639979410147,51.987446414360896],[5.864089746164287,51.9875009649529],[5.8637639283232215,51.98754085662803],[5.863788814350594,51.98762428352941],[5.863810582731149,51.98769722557686],[5.863813586903148,51.98770729831963],[5.863821648184883,51.987734311565475],[5.86383261490729,51.98777169456795],[5.863833132322462,51.987773804730615],[5.863955102544679,51.98826537695676],[5.8640519375952485,51.98865337945419],[5.864052362329783,51.98865498664468],[5.864057610747965,51.98867483858037],[5.86407370415258,51.98873564235312],[5.864094151183007,51.98881292207009],[5.864186731325155,51.98917845286703],[5.864232645534037,51.98935320665749],[5.864277915720666,51.98953444362518],[5.864299982018923,51.98961879953962],[5.864353813283107,51.98982464776704],[5.864369946190233,51.98988635016391],[5.864374944867092,51.98990186173097],[5.864426290310273,51.99008885349066],[5.8647001041241165,51.991052711946615],[5.8647023740121265,51.99108128562638],[5.864588145326887,51.99109118684203],[5.8645533806436605,51.991094195150865],[5.862930957045857,51.99119766866133],[5.862926621222275,51.991197937863404],[5.862890116036097,51.99120021567369],[5.862560012077073,51.991220784665025],[5.862591501235187,51.99135781037065],[5.8626303470235195,51.99152677782913],[5.862709844700991,51.991842737923974],[5.862789147847928,51.99215397986718],[5.862834090755447,51.99232660781448],[5.862891106955848,51.99255164281716],[5.862949365440732,51.992779809689985],[5.863012419379552,51.993018015075734],[5.863042517999719,51.99318564251803],[5.8631505218156725,51.99355291818438],[5.863182008157756,51.993681126156254],[5.8632286676843535,51.993871148377295],[5.863328466857783,51.994260748087086],[5.863382029347488,51.99446448545375],[5.863453880934913,51.994746392145075],[5.863533159149144,51.995065273654866],[5.8636118038728515,51.99537787482491],[5.863667004982178,51.99559305652556],[5.86367264022253,51.99561499218487],[5.863672276314684,51.995615002646566],[5.863713777007394,51.9957686257289],[5.863877100377332,51.99579332034396],[5.864010255410924,51.99581596808829],[5.8643334377478205,51.995865788273626],[5.8644468133418926,51.9958814221333],[5.864639201608246,51.99590795008103],[5.864762668745009,51.99592528463125],[5.864865897682272,51.99594151294425],[5.86494595526962,51.99595248448831],[5.865151374957895,51.99597780998771],[5.865456970503823,51.99600391720925],[5.865695073288565,51.996023164053014],[5.865962011067351,51.9960369423595],[5.866129673621767,51.99604398919533],[5.866423566017156,51.99605646669947],[5.8666683027752,51.9960655771888],[5.866976642177918,51.99607799534843],[5.86725146530366,51.99608999394873],[5.867474822199522,51.9960997445533],[5.867688733255332,51.996108383694995],[5.868044264592393,51.99612060636422],[5.868354127556013,51.9961329967137],[5.8685703687751,51.99614164270276],[5.869022270150127,51.99615881802991],[5.869214036124628,51.996168140094],[5.869529119793929,51.99618052394325],[5.869794911555644,51.99619071281243],[5.869865396744652,51.99619341415544],[5.869963684957817,51.99619776760864],[5.870062948428063,51.99620330523483],[5.870175702644785,51.9962093824377],[5.870378263299841,51.996237088865],[5.870496974687151,51.99625978857979],[5.870562638736367,51.99627557203954],[5.870710360769004,51.99630885387856],[5.870875587901253,51.99636611904415],[5.870948347718555,51.99639133603466],[5.870966976781016,51.9963828086307]]]]},"properties":{"buurtcode":"BU02021579","buurtnaam":"Het Dorp/Mariëndaal","gemeentenaam":"Arnhem","aantalInwoners":240,"crime_violent":1,"crime_property":0,"crime_disorder":0,"crime_count":1}},{"type":"Feature","geometry":{"type":"MultiPolygon","coordinates":[[[[5.889204775635264,51.983135479683604],[5.889635763834034,51.98312178423109],[5.889939248364517,51.983108002939034],[5.890459731766067,51.98307363529143],[5.890969318729479,51.98302566768252],[5.891483092777415,51.9829695634353],[5.891962622646645,51.98289873713694],[5.892312742294356,51.9828395292263],[5.892587527466528,51.982782639329685],[5.893020736258204,51.98268164593031],[5.893187792282364,51.98264269920018],[5.89400614519765,51.982440156607325],[5.894400170159135,51.98233285438596],[5.89492268969256,51.98217600085529],[5.895195769411285,51.98208742825585],[5.895585309750747,51.98194843948459],[5.89601056492465,51.98178344444848],[5.8965875949757764,51.98153771354405],[5.896875187662649,51.98140434452837],[5.897074139054518,51.98131002511627],[5.8973648756969625,51.98115834456855],[5.897458871613456,51.98110652352281],[5.897724458150582,51.98095403434374],[5.898066986230622,51.98075008648998],[5.898105180029519,51.98072801690121],[5.898234380878835,51.98065066820287],[5.898312003518672,51.98060419645145],[5.8989774978346645,51.980207935897],[5.8992310853791725,51.980056938098784],[5.899643690969209,51.97981130795558],[5.90039261735222,51.97934607802591],[5.900536834151001,51.97925648913471],[5.902046139320724,51.978450047994876],[5.903301457887273,51.97776914494941],[5.903822759796627,51.977557576781166],[5.904865460126238,51.97714394631549],[5.9060313636496575,51.97672976224337],[5.9073513832899485,51.976324398377],[5.907672043940463,51.97623025229504],[5.9076729650179765,51.97622998216359],[5.908190680860549,51.976077977169574],[5.908272457130603,51.9760539665226],[5.9103298755229705,51.97548358393],[5.911742259167417,51.97498897253554],[5.91179139698051,51.974961736138795],[5.911443810620337,51.97460870093046],[5.911407272756802,51.97457159080019],[5.910916985322554,51.974069442769654],[5.910281015613753,51.973423505481215],[5.909543723828179,51.972672423833224],[5.908903146485653,51.97204033534793],[5.908786737293665,51.97192146714686],[5.908776866583743,51.97191138911065],[5.908579235790948,51.97194249597788],[5.908296908366998,51.97198099772004],[5.908094621305172,51.97200558176231],[5.907830309060968,51.972042130314875],[5.907705357686235,51.972058617053406],[5.907430731022313,51.97208626152666],[5.9073198456323155,51.97208698744059],[5.907026065955189,51.97208683013309],[5.906651737776916,51.97208206269184],[5.905794380729611,51.97206230202366],[5.905141323142626,51.972048449685595],[5.90501438500997,51.97204634446837],[5.9047791891141514,51.97203253992148],[5.904723082706186,51.97202879148274],[5.904473353197063,51.97201010397307],[5.904172614543175,51.97199174621985],[5.903903893427307,51.97199034742096],[5.903758467384832,51.971987752206445],[5.903546498966059,51.97198468765058],[5.903468612167888,51.97198217575554],[5.9033285838526925,51.971980078540454],[5.903233604191259,51.97197792732832],[5.903118524372578,51.97197557838174],[5.903057047841583,51.97197370790509],[5.902875184992001,51.971970081346115],[5.902857852520194,51.97196972949247],[5.902691241186696,51.9719664645256],[5.902598818637556,51.971965585132864],[5.90249364940887,51.97196119492874],[5.902396842968991,51.97196090534577],[5.902284983670122,51.97195739995336],[5.902226287439578,51.97195608762793],[5.902031496013632,51.97195337296996],[5.901913516374163,51.97195093936256],[5.901843161510666,51.97194948821275],[5.901706833140176,51.97194780162284],[5.901557368853567,51.971948883215724],[5.901463346136758,51.971949580197396],[5.901270015222847,51.971953279184824],[5.901033749713405,51.971960162159625],[5.9007725717678845,51.971970577115904],[5.900525428189864,51.97197967096863],[5.900525268164616,51.97197967616125],[5.9002989867789415,51.971989945842935],[5.900072396488448,51.97199955489185],[5.89990836066407,51.97200770166738],[5.899689010045017,51.97201906260878],[5.899398053080146,51.97203994982689],[5.899149949908771,51.97206243389677],[5.898905218763261,51.97208519938998],[5.898760011300234,51.972098316718665],[5.8985128606800545,51.972119902754734],[5.898363337652746,51.972134524129245],[5.898051852128962,51.972170361167],[5.897777200073857,51.972210397763966],[5.897362291884513,51.972278033266456],[5.897125536276788,51.972316626726226],[5.897123963078867,51.972316883422636],[5.896467341452474,51.97242355177312],[5.895346263539827,51.97265826042392],[5.895089083376014,51.972686739799244],[5.894968552744993,51.972652062604155],[5.894892470419428,51.972598168679625],[5.894755882471679,51.97250553347422],[5.894608470048251,51.97240914002824],[5.894479658328587,51.972323130440294],[5.8943595257275465,51.97228465691793],[5.894190996056101,51.97226634694977],[5.8940587154211395,51.97228213791157],[5.893985439888799,51.97230184153372],[5.893937088127213,51.97231484297939],[5.8938456878004475,51.97237627937677],[5.893721913679369,51.97246337847311],[5.893553973163786,51.97257552758591],[5.893513553317416,51.97260251925812],[5.893008415295255,51.97200838268344],[5.892477669256205,51.971380446222014],[5.892038408662377,51.97084010816425],[5.891799892155179,51.97051651044067],[5.891745845141816,51.97043540924494],[5.891553092608111,51.97014086555008],[5.89132230815196,51.96975088336256],[5.89115003205389,51.96942771316728],[5.890963098318821,51.969033261214875],[5.890667815319984,51.968309050889225],[5.890419447423769,51.96768869562937],[5.89017372363143,51.96709758025817],[5.889989329129336,51.966618928049954],[5.889714083543351,51.96591660609374],[5.889594133550586,51.96594099701977],[5.889377152948784,51.96598511725347],[5.888572968075983,51.96613022812185],[5.888081676796259,51.96622800792922],[5.887547289343041,51.9663343623543],[5.886652997322417,51.96651367285184],[5.885830083113519,51.966672697299344],[5.885159113345976,51.96678541187856],[5.884656353564119,51.966860311830665],[5.884317282335305,51.966905978950955],[5.8838673964203885,51.966957821587194],[5.8834080960448,51.966994005832646],[5.882803220294641,51.96702652060976],[5.8823536363292455,51.96702952597869],[5.882225748096343,51.96703037978189],[5.881793677270329,51.96702220867034],[5.881153161533561,51.96696497038356],[5.880789997269758,51.96692083406596],[5.880412723050912,51.9668539253509],[5.8800306576282795,51.96677133912322],[5.879520888997186,51.96662935633797],[5.879115133396383,51.96649264477724],[5.878883170414339,51.9664027638213],[5.878717288775528,51.966533461190075],[5.878513454826772,51.96669406113869],[5.8783953834439355,51.96678708764738],[5.878290226638552,51.96686993922105],[5.878259389814143,51.96689431946094],[5.8781158506315805,51.96700780434935],[5.877996759702815,51.96710195914748],[5.877963993708133,51.96712786459277],[5.877676030157347,51.967355531044184],[5.8776358772180854,51.967387276375355],[5.87748394992937,51.96750739020755],[5.877314759831552,51.96764114999045],[5.877240083763478,51.967700187468225],[5.8771110004310625,51.96778444544304],[5.876964999689695,51.967868792587396],[5.876826687072114,51.96794856123398],[5.8767538043605345,51.96799095797044],[5.876575737446039,51.96807945407186],[5.876445220204724,51.9681327919168],[5.876264991224881,51.968212752199214],[5.876176131253018,51.96824235625116],[5.876041461869229,51.96828572303797],[5.8759198573238764,51.96832151213302],[5.87577018478016,51.96835355808052],[5.87562035545944,51.96838378794027],[5.875498738419674,51.96840605366275],[5.875325192041875,51.96843281501285],[5.87519543567076,51.96845011936412],[5.874997335018307,51.96846587427587],[5.874890164109472,51.96847243162695],[5.8748110495631645,51.968473116438716],[5.874650994357761,51.96846593205824],[5.874442355855928,51.968452170585266],[5.874147580702844,51.9684305607702],[5.873745283657816,51.968399763070245],[5.873553396687064,51.968386287571455],[5.873419299654784,51.968376140384905],[5.873203151065844,51.968362050920014],[5.87298924292653,51.968351525577056],[5.872898227913648,51.96834803641644],[5.872610888883611,51.968342704121866],[5.872404115378273,51.96833886617218],[5.872038660603715,51.96833208305808],[5.871802340857074,51.968327695295166],[5.871501983304422,51.96832230246776],[5.871289298662131,51.968319780319796],[5.871018744239431,51.968316878319186],[5.870919672026677,51.968315814366385],[5.870813995263331,51.968316961653905],[5.870671402020629,51.96832218579533],[5.870606752353686,51.96832530529303],[5.870522459491716,51.96832779179065],[5.870456662123724,51.968331629596904],[5.87039031011404,51.96833760977222],[5.870291083883926,51.968347648339694],[5.870257056701484,51.968352069231486],[5.870134473654996,51.968372565356034],[5.870001738256887,51.9684036661372],[5.869902104946603,51.968427011509384],[5.869665432785882,51.96849147979029],[5.869338630858829,51.96858912723283],[5.868904485011268,51.96872896788466],[5.868558258865648,51.96883722433927],[5.868426968474217,51.96887343448994],[5.86831064523869,51.96890494528916],[5.868188456916543,51.9689282753849],[5.868084718255356,51.968948676130246],[5.868026737012155,51.96895602742495],[5.867966253278512,51.96896369632048],[5.86794226032208,51.9689667380627],[5.867856267426966,51.968972440232406],[5.867773683343501,51.96897277764614],[5.867684723150187,51.9689710009189],[5.867589399771941,51.96896817959752],[5.867333940384677,51.96895067239686],[5.866899823086308,51.96891463039111],[5.8667946133425914,51.96890542836089],[5.866302657427613,51.968861415380765],[5.866238485303307,51.96885525544743],[5.865951066170166,51.968819326128916],[5.865880514344428,51.96881069500049],[5.865704065220787,51.96878251802935],[5.865416510047258,51.96873374540261],[5.864839223780234,51.96864869349891],[5.864455175981399,51.96859567319718],[5.864241728813882,51.96856613769037],[5.863901662235791,51.96851908075609],[5.863668859237664,51.96848876695775],[5.863633316368929,51.96848413900233],[5.863253393254911,51.968438588970486],[5.862931886878274,51.96840100694367],[5.862553242982459,51.968366864686224],[5.862397757193225,51.96835465124531],[5.861922677141454,51.968321610167564],[5.861911120227945,51.96832094313162],[5.86171114106392,51.968306410468],[5.861482467017452,51.96829998560443],[5.861461404018229,51.968299381119984],[5.861281907104485,51.96829422898066],[5.861186561477074,51.96828926243899],[5.8609572364070965,51.96828483549048],[5.860697320134373,51.96828231452426],[5.860576056692626,51.96828387308733],[5.860371604857271,51.968283268314366],[5.859989952770321,51.96829229466443],[5.859859492859751,51.9682981697028],[5.859654985344522,51.9683066502298],[5.859516588757542,51.96831238868175],[5.858912205126059,51.96834564291716],[5.858308510962623,51.968396545294645],[5.857833005873266,51.96843269424206],[5.856828178989349,51.96851376262124],[5.856511163611885,51.968536907218066],[5.856212648045706,51.96856188003539],[5.8560372149920985,51.96857494551751],[5.855846360779395,51.968586170240016],[5.855639230258371,51.968591839953405],[5.855358292695374,51.968599528817315],[5.855119519352978,51.96859381935603],[5.854946977889513,51.968588797943326],[5.854743693595496,51.96858960606752],[5.854594371468619,51.968595907049064],[5.854497459121935,51.968606756293276],[5.854268069845047,51.96864262925667],[5.853928090212858,51.96872096380189],[5.853722882819318,51.96876596179425],[5.853688451170385,51.96877351102521],[5.853846681125051,51.96902578670684],[5.854301925387961,51.9698357280879],[5.854358118817418,51.96982546946604],[5.854694331859694,51.96976409171341],[5.855371618071739,51.969673905708284],[5.855860686786066,51.969621776401226],[5.856437200500542,51.96956420888482],[5.857068764170356,51.96953026475191],[5.857285292804061,51.96952241575549],[5.857593538590882,51.96951123349817],[5.858030300731704,51.96950609762831],[5.858585558054745,51.969513042098015],[5.859120757055481,51.96953606367321],[5.859467560303947,51.969554733911295],[5.86043529134156,51.96965425574496],[5.861004267658444,51.96972533731939],[5.8614116248147035,51.969792088230335],[5.862064731562405,51.969909861536834],[5.862810919503509,51.970085283709174],[5.863041919398927,51.970146414083544],[5.863477947745754,51.97027991519454],[5.864182196273177,51.97050360413429],[5.86465179227593,51.97065782675661],[5.86498957139521,51.97078048556896],[5.865320872467452,51.970915061330636],[5.865628851901968,51.9710650651379],[5.8661300044191655,51.97134146699887],[5.866689467693156,51.97166600437377],[5.867136107669172,51.971953715766006],[5.867775539654772,51.9724139154447],[5.8681946714403415,51.97274483433724],[5.868727235992502,51.97317711650158],[5.86927243872474,51.9736509335629],[5.870058944918526,51.97437118027599],[5.870860216798021,51.97511277135249],[5.8709268282061675,51.97518024447139],[5.871002461531207,51.975256853062085],[5.871272628494418,51.97553050208639],[5.871454667383229,51.97571488594964],[5.871608096646704,51.97587028935113],[5.8718389131551385,51.97610706619285],[5.872060877891024,51.97633475948307],[5.872268804006172,51.97654804978095],[5.872494854658903,51.97677954724948],[5.872733096532578,51.97702106092028],[5.87295001174382,51.97723188426162],[5.8731269793855185,51.97739508295623],[5.8733071487248765,51.977547385963106],[5.873406047607912,51.977630988680524],[5.8736814170046605,51.97784995072232],[5.87382440176389,51.97796348175067],[5.874050394771085,51.97813665737005],[5.874259691335161,51.97829665375268],[5.874399424911467,51.97840259160301],[5.874554949951856,51.97851668371822],[5.874758501663918,51.97865507704872],[5.874931087244335,51.97877505004982],[5.875388372879308,51.97907678522817],[5.875451217621654,51.97911825194531],[5.87554696269027,51.97917553998381],[5.875873121286985,51.97937069077059],[5.87599414912525,51.9794416166138],[5.8765329173389995,51.979754357491835],[5.8766968214512785,51.97984639677481],[5.876821832195784,51.979916595118716],[5.8769665576905545,51.979997864004616],[5.8770835480259365,51.980063436797955],[5.877207521511364,51.9801294468872],[5.877393697660474,51.98022857772582],[5.877560560119796,51.98031742340638],[5.877819109283611,51.980446199289524],[5.877955678831563,51.98051421979135],[5.877979727008459,51.98052609285709],[5.878108467489703,51.980585743533204],[5.878374471551968,51.98070899161926],[5.878565268728399,51.980797393501135],[5.878604375944385,51.980815427977625],[5.878780359027649,51.980892686510906],[5.8789850091094795,51.98098252998931],[5.879268066898374,51.981103603302756],[5.879324898741598,51.98112673170966],[5.879529255645559,51.98120836819641],[5.879866387668488,51.98134304222599],[5.879916819054797,51.981363188728494],[5.880311392758321,51.98150744336261],[5.880703126596909,51.98163427928657],[5.8812776211646804,51.98182028619989],[5.881534429055936,51.9819034318085],[5.881800416450724,51.981989549362766],[5.882138563788857,51.9820945205244],[5.882393779564928,51.98216818465864],[5.882658664164973,51.98223838655676],[5.882810041974032,51.98227850570497],[5.882924008004906,51.98230870906508],[5.883229133373647,51.982383042835274],[5.883601142722684,51.98247329691693],[5.883851091997805,51.982533937128096],[5.8840718302987405,51.98258384765248],[5.884119570049075,51.98259462258793],[5.884402852144114,51.982656029554825],[5.884818169241219,51.98274288072978],[5.885414723815163,51.98283535109367],[5.885912131787967,51.982912449833414],[5.8859356624476025,51.982916096427104],[5.886138081460396,51.9829474712655],[5.886233917658508,51.982962325206714],[5.886390376519038,51.982986575343375],[5.886480332025504,51.98300051834934],[5.88667110008737,51.98302152242373],[5.886844045059427,51.983040564225774],[5.8869412678291315,51.983051268973384],[5.887230908388614,51.98307552654844],[5.88731101899819,51.98308223559374],[5.887581187061007,51.983099808653044],[5.887810207048982,51.983114705985756],[5.88789624599166,51.98312030181661],[5.887976548316815,51.9831236973869],[5.888348781384603,51.98313943470779],[5.888815502084904,51.98314224545518],[5.889204775635264,51.983135479683604]]]]},"properties":{"buurtcode":"BU02021681","buurtnaam":"Meinerswijk/De Praets","gemeentenaam":"Arnhem","aantalInwoners":135,"crime_violent":3,"crime_property":1,"crime_disorder":0,"crime_count":4}},{"type":"Feature","geometry":{"type":"MultiPolygon","coordinates":[[[[5.895346263539827,51.97265826042392],[5.896467341452474,51.97242355177312],[5.897123963078867,51.972316883422636],[5.897125536276788,51.972316626726226],[5.897362291884513,51.972278033266456],[5.897777200073857,51.972210397763966],[5.898051852128962,51.972170361167],[5.898363337652746,51.972134524129245],[5.8985128606800545,51.972119902754734],[5.898760011300234,51.972098316718665],[5.898905218763261,51.97208519938998],[5.899149949908771,51.97206243389677],[5.899398053080146,51.97203994982689],[5.899689010045017,51.97201906260878],[5.89990836066407,51.97200770166738],[5.900072396488448,51.97199955489185],[5.9002989867789415,51.971989945842935],[5.900525268164616,51.97197967616125],[5.900525428189864,51.97197967096863],[5.9007725717678845,51.971970577115904],[5.901033749713405,51.971960162159625],[5.901270015222847,51.971953279184824],[5.901463346136758,51.971949580197396],[5.901557368853567,51.971948883215724],[5.901706833140176,51.97194780162284],[5.901843161510666,51.97194948821275],[5.901913516374163,51.97195093936256],[5.902031496013632,51.97195337296996],[5.902226287439578,51.97195608762793],[5.902284983670122,51.97195739995336],[5.902396842968991,51.97196090534577],[5.90249364940887,51.97196119492874],[5.902598818637556,51.971965585132864],[5.902691241186696,51.9719664645256],[5.902857852520194,51.97196972949247],[5.902875184992001,51.971970081346115],[5.903057047841583,51.97197370790509],[5.903118524372578,51.97197557838174],[5.903233604191259,51.97197792732832],[5.9033285838526925,51.971980078540454],[5.903468612167888,51.97198217575554],[5.903546498966059,51.97198468765058],[5.903758467384832,51.971987752206445],[5.903903893427307,51.97199034742096],[5.904172614543175,51.97199174621985],[5.904473353197063,51.97201010397307],[5.904723082706186,51.97202879148274],[5.9047791891141514,51.97203253992148],[5.90501438500997,51.97204634446837],[5.905141323142626,51.972048449685595],[5.905794380729611,51.97206230202366],[5.906651737776916,51.97208206269184],[5.907026065955189,51.97208683013309],[5.9073198456323155,51.97208698744059],[5.907430731022313,51.97208626152666],[5.907705357686235,51.972058617053406],[5.907830309060968,51.972042130314875],[5.908094621305172,51.97200558176231],[5.908296908366998,51.97198099772004],[5.908579235790948,51.97194249597788],[5.908776866583743,51.97191138911065],[5.907872603443578,51.97098798052773],[5.906178091828488,51.96934688223277],[5.905527606271213,51.96873290728572],[5.904658384255325,51.967912439597434],[5.904658096430837,51.96791221345779],[5.903889192510055,51.96730269362917],[5.90387514560415,51.96729155762027],[5.903707645146306,51.96715877551214],[5.901848329381283,51.96562474298359],[5.901679009648775,51.96550443373446],[5.901462008683354,51.96535023983404],[5.901188966841997,51.9651562220816],[5.9007305957171114,51.964830510025934],[5.900600655003923,51.96473817437568],[5.900223352461345,51.96447006168051],[5.898923342240619,51.963843842329915],[5.898341898621091,51.96353380607681],[5.898335277246692,51.963530275454495],[5.897371592873537,51.963016215690786],[5.897366284756849,51.96301338400653],[5.8973661779081175,51.96301345637694],[5.8972831381426465,51.963068853300804],[5.89676730389573,51.96337600124661],[5.896396551034482,51.963596758046144],[5.89558870684225,51.96401873008581],[5.8953132278494795,51.96416974599633],[5.895148661655845,51.96425607112953],[5.894953485375155,51.964359175553305],[5.894719838747313,51.964464823983405],[5.894425026631788,51.964608786235516],[5.894313948764719,51.96465920733137],[5.894076422244184,51.96476249287328],[5.893727602098903,51.96489717370163],[5.8934093889059875,51.96501507439044],[5.89306425387474,51.96513546832857],[5.892880082801064,51.96519095815614],[5.892220065592739,51.96538404820798],[5.892062626968015,51.965420397168714],[5.891797794791977,51.96549287886354],[5.890987134301208,51.965657733900436],[5.889781509900332,51.96590289566368],[5.889714083543351,51.96591660609374],[5.889989329129336,51.966618928049954],[5.89017372363143,51.96709758025817],[5.890419447423769,51.96768869562937],[5.890667815319984,51.968309050889225],[5.890963098318821,51.969033261214875],[5.89115003205389,51.96942771316728],[5.89132230815196,51.96975088336256],[5.891553092608111,51.97014086555008],[5.891745845141816,51.97043540924494],[5.891799892155179,51.97051651044067],[5.892038408662377,51.97084010816425],[5.892477669256205,51.971380446222014],[5.893008415295255,51.97200838268344],[5.893513553317416,51.97260251925812],[5.893553973163786,51.97257552758591],[5.893721913679369,51.97246337847311],[5.8938456878004475,51.97237627937677],[5.893937088127213,51.97231484297939],[5.893985439888799,51.97230184153372],[5.8940587154211395,51.97228213791157],[5.894190996056101,51.97226634694977],[5.8943595257275465,51.97228465691793],[5.894479658328587,51.972323130440294],[5.894608470048251,51.97240914002824],[5.894755882471679,51.97250553347422],[5.894892470419428,51.972598168679625],[5.894968552744993,51.972652062604155],[5.895089083376014,51.972686739799244],[5.895346263539827,51.97265826042392]]]]},"properties":{"buurtcode":"BU02021682","buurtnaam":"Malburgen-West","gemeentenaam":"Arnhem","aantalInwoners":4510,"crime_violent":29,"crime_property":0,"crime_disorder":18,"crime_count":47}},{"type":"Feature","geometry":{"type":"MultiPolygon","coordinates":[[[[5.912705339817026,51.974455134382296],[5.914525781946478,51.973391074579865],[5.915978298313013,51.972480845522654],[5.917400740153058,51.97163732153698],[5.919775531409591,51.970856955118585],[5.919255922312818,51.97016025352003],[5.918690009695409,51.96940143948911],[5.918530026948178,51.96918691840557],[5.918341658650659,51.96894424334628],[5.91831510034051,51.96891002765376],[5.918096187924748,51.96864446997794],[5.917809949882723,51.9682984154707],[5.917764326094084,51.96823747780892],[5.917662644269826,51.96814247443522],[5.917164884386118,51.96767740064968],[5.916510728092214,51.96705631175096],[5.916096522649443,51.966670055829574],[5.915290049396947,51.96592788207659],[5.914658434641793,51.96535319566231],[5.914540913879078,51.96541042234856],[5.913837547697732,51.965707516959924],[5.912465135914533,51.9662758576417],[5.911722639989865,51.96658738330777],[5.9112536661245585,51.966782106791946],[5.910658258525409,51.96703018717991],[5.909894998594532,51.96734607478304],[5.908737783810373,51.96775502704499],[5.9083282393745025,51.96789739292106],[5.907935869288912,51.96802683961817],[5.90751698198138,51.968160682584625],[5.907300601794377,51.96822727734214],[5.907033468464072,51.968299803664934],[5.9066246311610735,51.96840434812808],[5.906484083209588,51.96843636070396],[5.906190324713864,51.96850400871689],[5.905949851806319,51.96858497634243],[5.9055423257863735,51.9687277504959],[5.905527606271213,51.96873290728572],[5.906178091828488,51.96934688223277],[5.907872603443578,51.97098798052773],[5.908776866583743,51.97191138911065],[5.908786737293665,51.97192146714686],[5.908903146485653,51.97204033534793],[5.909543723828179,51.972672423833224],[5.910281015613753,51.973423505481215],[5.910916985322554,51.974069442769654],[5.911407272756802,51.97457159080019],[5.911443810620337,51.97460870093046],[5.91179139698051,51.974961736138795],[5.912705339817026,51.974455134382296]]]]},"properties":{"buurtcode":"BU02021780","buurtnaam":"Groene Weide","gemeentenaam":"Arnhem","aantalInwoners":2530,"crime_violent":6,"crime_property":0,"crime_disorder":0,"crime_count":6}},{"type":"Feature","geometry":{"type":"MultiPolygon","coordinates":[[[[5.920822923140727,51.9706289838894],[5.92243684438862,51.9703901063626],[5.922478220165977,51.970383982097026],[5.923052690316308,51.97029894849083],[5.924637959916528,51.970091979341774],[5.924952006701461,51.9700242200887],[5.924943655472002,51.97000811513385],[5.924880768259915,51.96981072736828],[5.924454529552513,51.96847281955816],[5.924380824984321,51.96825725605955],[5.924362252435562,51.96819796539633],[5.92435714743263,51.968181666699195],[5.924315832569701,51.96804977013074],[5.924309250902506,51.96802875837259],[5.924249456267784,51.96783785740814],[5.924241735433517,51.967813214145735],[5.924208990910967,51.96770867680494],[5.9241988761715865,51.96767636029691],[5.9241932614884325,51.96765844061595],[5.9241842047590225,51.967629533964526],[5.9242352725217176,51.96762222597988],[5.924272680653354,51.967616872419676],[5.924301398972721,51.96760366134015],[5.924339655841633,51.96758327169699],[5.924366150022796,51.9675451001125],[5.924367761864591,51.96751893293603],[5.924353759425405,51.96747499962695],[5.92421725389463,51.96700712120851],[5.924051336260236,51.96649419135285],[5.92391748599804,51.966086944203504],[5.923849493312966,51.96587440670536],[5.923646042573687,51.96524990201378],[5.923523717784629,51.965264590684875],[5.923441294135506,51.965274488015986],[5.923271798740393,51.96473582244982],[5.923351847959278,51.964713121307526],[5.923347751864245,51.964707639087884],[5.923317363070266,51.964666898435034],[5.923301918803372,51.96464619487665],[5.92328806864508,51.964627626881246],[5.92327579485272,51.964611171160655],[5.923286995978415,51.964600572211715],[5.92327712409624,51.9645848111291],[5.923268520807278,51.96455770540276],[5.923260265388,51.96453170366243],[5.9232552034188215,51.96451601502735],[5.92324934538201,51.96451675361485],[5.923241967631926,51.9645176842913],[5.923232552153808,51.96448836213161],[5.923230530066714,51.96448206868806],[5.92322819960602,51.96447480949895],[5.923222940236124,51.96445842965585],[5.923214627628466,51.96443250906824],[5.92320690449191,51.964408428413655],[5.923201246651115,51.96439036056798],[5.9231959971261245,51.96437358518928],[5.923187850290124,51.96434814022881],[5.923179990434896,51.96432357482221],[5.923172086401666,51.96429896467441],[5.923169671323669,51.96429144161097],[5.923160766753801,51.964263709859516],[5.923156897670366,51.96425164709364],[5.923200498411145,51.96423274349569],[5.9231955342107865,51.96421549043108],[5.92319114430104,51.96420221750599],[5.923187246523066,51.96419043261315],[5.923181802831921,51.96417323566406],[5.9231737206829225,51.96414832971081],[5.923168810084468,51.96413312575466],[5.923158409369925,51.9641345933302],[5.923122508896121,51.96410087791041],[5.923114747835676,51.964093589540724],[5.923090349275269,51.96407068146481],[5.923073227802815,51.96405462083471],[5.923053022112722,51.96403616536836],[5.923046205633281,51.96402987040105],[5.923038822719121,51.96402305309249],[5.923025850377266,51.96401107315375],[5.923020227119132,51.9640058801174],[5.922780105868195,51.96379695668378],[5.923102170022607,51.963668094910226],[5.923119195632849,51.9636612823055],[5.923092216723375,51.963636481349475],[5.923066111766399,51.963612486258555],[5.923008097117991,51.96355920317945],[5.923001344397476,51.96355300139808],[5.922961769679714,51.96351665648799],[5.922960269924355,51.96351425263423],[5.92291696122934,51.9634731213248],[5.922870060782562,51.963430461257744],[5.922864392940695,51.963425304370524],[5.922822576920237,51.96338804202216],[5.922784463762488,51.963353803566115],[5.922775416089973,51.96334549455958],[5.922728838961017,51.96330271521568],[5.922724057674072,51.963298323690466],[5.922682471591285,51.96325982613833],[5.922650247779027,51.96323051522073],[5.9226498506077085,51.96323015389819],[5.922635575998116,51.96321716955101],[5.92261561821835,51.96319871377895],[5.9225890785788975,51.96317434125148],[5.922566864040135,51.963153930883806],[5.922542501698051,51.96313155284408],[5.92251616808321,51.963107368118386],[5.922508112020723,51.96309996599999],[5.922495910249176,51.96308875549635],[5.922467840757034,51.96306297872827],[5.922433563004859,51.963031495618345],[5.922419778312154,51.96301883079928],[5.922370686242131,51.962973743755626],[5.922324801320502,51.96293159927707],[5.922307319763187,51.9629155428705],[5.922278195630336,51.96288879291959],[5.92227182562043,51.9628829434975],[5.922231590029266,51.96284598654316],[5.922191998917426,51.962809626168685],[5.922184999280706,51.96280319805754],[5.922148412163979,51.96276958613412],[5.922138423170542,51.96276040948701],[5.922091832492705,51.96271761197568],[5.9220452272471045,51.96267480552398],[5.9220358914772335,51.96266622901814],[5.921981462932993,51.962616237749096],[5.9219762757521455,51.96261147232472],[5.92195279676174,51.96258991258342],[5.9219323672826265,51.96257114244919],[5.921905632640787,51.962546582796996],[5.921857877275139,51.962503080406584],[5.921875492310683,51.9624956909413],[5.922276747721202,51.96232735373894],[5.922257896825006,51.962310162928624],[5.922188028672248,51.96224644122954],[5.9221701928111,51.962230174287946],[5.922031178042822,51.96209887683307],[5.921859457374944,51.961936816847505],[5.921723127967621,51.961803366680186],[5.921523641498478,51.96162886844917],[5.921517750565614,51.96163182453879],[5.921209034144318,51.961786707543176],[5.920537514353014,51.96216270295339],[5.9194601210312,51.962765930863924],[5.919234806286778,51.96287934582621],[5.917963661650123,51.96355291757524],[5.917849453797238,51.963613433194766],[5.917361502978367,51.96387925544027],[5.916564838651862,51.96431324347724],[5.9157666858717395,51.96474644175498],[5.914825235386068,51.96526742805594],[5.914756815210028,51.96530528939096],[5.914658434641793,51.96535319566231],[5.915290049396947,51.96592788207659],[5.916096522649443,51.966670055829574],[5.916510728092214,51.96705631175096],[5.917164884386118,51.96767740064968],[5.917662644269826,51.96814247443522],[5.917764326094084,51.96823747780892],[5.917809949882723,51.9682984154707],[5.918096187924748,51.96864446997794],[5.91831510034051,51.96891002765376],[5.918341658650659,51.96894424334628],[5.918530026948178,51.96918691840557],[5.918690009695409,51.96940143948911],[5.919255922312818,51.97016025352003],[5.919775531409591,51.970856955118585],[5.920822923140727,51.9706289838894]]]]},"properties":{"buurtcode":"BU02021783","buurtnaam":"Kamillehof","gemeentenaam":"Arnhem","aantalInwoners":2295,"crime_violent":17,"crime_property":0,"crime_disorder":4,"crime_count":21}},{"type":"Feature","geometry":{"type":"MultiPolygon","coordinates":[[[[5.925457508232893,51.96991182471991],[5.925661469179497,51.96986518498168],[5.925865029142293,51.969817908549395],[5.926068202666185,51.96976999535824],[5.926384144853982,51.96968473936323],[5.926814235699795,51.96956205242134],[5.927074927555811,51.969476239131104],[5.927308166467403,51.96939715782431],[5.92764769723421,51.969274811826914],[5.927683775428961,51.969262988061715],[5.928778831456271,51.96881067834343],[5.929256187000808,51.9685832027415],[5.929606809716596,51.968404307855565],[5.929848893164225,51.968266854983376],[5.93021337456477,51.96805152726734],[5.930411382851703,51.96792659983572],[5.930837824435607,51.96762635816863],[5.931240694585163,51.967324372375856],[5.931525465955127,51.96708893372402],[5.9317933446265725,51.966849078406135],[5.932170227615936,51.96648604366673],[5.932501239080456,51.96615534495528],[5.932608294539311,51.96603100628617],[5.93282026023623,51.96576521569871],[5.93312237257345,51.96536832387228],[5.933254250743646,51.965183206630115],[5.9334147640509505,51.96493953161453],[5.93363765423352,51.96456319432432],[5.9340139211884635,51.96385395904092],[5.934031637115261,51.96383192697358],[5.934254735781371,51.96340673548432],[5.934297929210417,51.96329879952009],[5.934414184215393,51.96302422908849],[5.9346191576193785,51.96255826889458],[5.93475802707271,51.962230669067175],[5.93485798181651,51.96199195688629],[5.934995969044621,51.96164720198454],[5.935097221968057,51.961393966243634],[5.935129756581769,51.961312596233135],[5.935334812778144,51.9609452008279],[5.935532516128192,51.96059430610053],[5.935597113759822,51.960415476042996],[5.934929100469038,51.96024225524251],[5.934674685163775,51.9601762787612],[5.934594916782483,51.960155284712116],[5.934156345377314,51.96003986519515],[5.933748126918298,51.95993407335929],[5.9335875197469194,51.959892448465574],[5.933340727715209,51.95982849202758],[5.933154676212073,51.95981448927834],[5.932925461353724,51.959797235039446],[5.932805124770763,51.9597876725792],[5.9328004319862,51.9597870202254],[5.932742748189782,51.959778964624675],[5.93262815186524,51.959768845032116],[5.932456381295271,51.959750685200554],[5.932391231725668,51.95973886195245],[5.932334396987399,51.959726433846164],[5.932282929228825,51.9597078776984],[5.932230928646675,51.959681387229836],[5.9321643840540155,51.959639746770215],[5.932100947047111,51.95960599268546],[5.932021651951137,51.95956628082817],[5.931982364807566,51.95954914220444],[5.93183062832229,51.959482944437674],[5.931825975031483,51.95934891280607],[5.93182729816681,51.959245773627934],[5.931789974590066,51.959198595556956],[5.931758447471339,51.95886901962707],[5.931739321770793,51.95865495926012],[5.9317339996425265,51.95863360946243],[5.931723490022245,51.958611591582375],[5.9317115459032275,51.95857806618723],[5.931701207688578,51.95852101966299],[5.931694362036813,51.95842088448357],[5.931689150419876,51.958316328423706],[5.93168497828215,51.95817034893578],[5.931679460612976,51.958080130810146],[5.931672555616452,51.958007464492944],[5.931622443944266,51.957763571215935],[5.931619361673135,51.957539531273746],[5.9316135120376705,51.95750106996859],[5.93162019324243,51.957485767713194],[5.931631916069418,51.9574723117013],[5.931648244991729,51.957453585123396],[5.931752014290457,51.957362078850274],[5.931791308379062,51.957324819628056],[5.931805009335438,51.95730893655152],[5.931807283577015,51.95729494004235],[5.93179665320243,51.95727134076397],[5.931789217063625,51.95726519117958],[5.931778929785232,51.95725667287133],[5.9317532173642435,51.9572382488686],[5.9317039059386865,51.95720411454806],[5.931676647188191,51.95718174278755],[5.931666437923397,51.957173655552104],[5.931648773288659,51.95715063712966],[5.931645682503507,51.95714530333571],[5.931634923988288,51.95712672017188],[5.931617924866617,51.957075816598056],[5.931580867533525,51.956976072966015],[5.9315680767454735,51.95692068265547],[5.93156598300336,51.95690879168775],[5.931569189326159,51.95687089066943],[5.931617405098916,51.95673383585341],[5.931260444661696,51.95666120532678],[5.930534024328107,51.95652805675869],[5.930071272513747,51.95645813523431],[5.929474491545249,51.9563816960752],[5.928912577992079,51.95632364262988],[5.928864787709658,51.956319925899564],[5.928808859028264,51.956442858347835],[5.9283927800867975,51.957224603796504],[5.928284869750061,51.95742734606799],[5.927991741171049,51.9579780647329],[5.9279657862638455,51.95805530469066],[5.927905191314337,51.958157934428876],[5.927844136422864,51.95819404661025],[5.9276451799859595,51.95842231691609],[5.9274245779475585,51.95862890022296],[5.9271396451174985,51.95883191533914],[5.926902202257696,51.95900109241112],[5.926696469367561,51.9591457675977],[5.926482718114212,51.95925578393649],[5.926373513382014,51.95931199135648],[5.92586446473936,51.95956705629035],[5.925687552249954,51.95965463899047],[5.925535920614938,51.95972192219843],[5.92534541833302,51.9597579920158],[5.925185413801299,51.95976918767581],[5.924974655861377,51.95978537283833],[5.9248899724138155,51.95978576014872],[5.924794430242648,51.95977953753861],[5.924646344813654,51.95975738400427],[5.924626762118797,51.959793622197076],[5.924522229715849,51.959936791834714],[5.9244493259089515,51.960020836723096],[5.924360899849199,51.96009448907824],[5.92425412064254,51.96017868860483],[5.924105929323323,51.96027639617108],[5.923674478172141,51.96050857398586],[5.922647938521853,51.961000911293816],[5.922059707889597,51.96130818502617],[5.921539677052295,51.96162082286654],[5.921523641498478,51.96162886844917],[5.921723127967621,51.961803366680186],[5.921859457374944,51.961936816847505],[5.922031178042822,51.96209887683307],[5.9221701928111,51.962230174287946],[5.922188028672248,51.96224644122954],[5.922257896825006,51.962310162928624],[5.922276747721202,51.96232735373894],[5.921875492310683,51.9624956909413],[5.921857877275139,51.962503080406584],[5.921905632640787,51.962546582796996],[5.9219323672826265,51.96257114244919],[5.92195279676174,51.96258991258342],[5.9219762757521455,51.96261147232472],[5.921981462932993,51.962616237749096],[5.9220358914772335,51.96266622901814],[5.9220452272471045,51.96267480552398],[5.922091832492705,51.96271761197568],[5.922138423170542,51.96276040948701],[5.922148412163979,51.96276958613412],[5.922184999280706,51.96280319805754],[5.922191998917426,51.962809626168685],[5.922231590029266,51.96284598654316],[5.92227182562043,51.9628829434975],[5.922278195630336,51.96288879291959],[5.922307319763187,51.9629155428705],[5.922324801320502,51.96293159927707],[5.922370686242131,51.962973743755626],[5.922419778312154,51.96301883079928],[5.922433563004859,51.963031495618345],[5.922467840757034,51.96306297872827],[5.922495910249176,51.96308875549635],[5.922508112020723,51.96309996599999],[5.92251616808321,51.963107368118386],[5.922542501698051,51.96313155284408],[5.922566864040135,51.963153930883806],[5.9225890785788975,51.96317434125148],[5.92261561821835,51.96319871377895],[5.922635575998116,51.96321716955101],[5.9226498506077085,51.96323015389819],[5.922650247779027,51.96323051522073],[5.922682471591285,51.96325982613833],[5.922724057674072,51.963298323690466],[5.922728838961017,51.96330271521568],[5.922775416089973,51.96334549455958],[5.922784463762488,51.963353803566115],[5.922822576920237,51.96338804202216],[5.922864392940695,51.963425304370524],[5.922870060782562,51.963430461257744],[5.92291696122934,51.9634731213248],[5.922960269924355,51.96351425263423],[5.922961769679714,51.96351665648799],[5.923001344397476,51.96355300139808],[5.923008097117991,51.96355920317945],[5.923066111766399,51.963612486258555],[5.923092216723375,51.963636481349475],[5.923119195632849,51.9636612823055],[5.923102170022607,51.963668094910226],[5.922780105868195,51.96379695668378],[5.923020227119132,51.9640058801174],[5.923025850377266,51.96401107315375],[5.923038822719121,51.96402305309249],[5.923046205633281,51.96402987040105],[5.923053022112722,51.96403616536836],[5.923073227802815,51.96405462083471],[5.923090349275269,51.96407068146481],[5.923114747835676,51.964093589540724],[5.923122508896121,51.96410087791041],[5.923158409369925,51.9641345933302],[5.923168810084468,51.96413312575466],[5.9231737206829225,51.96414832971081],[5.923181802831921,51.96417323566406],[5.923187246523066,51.96419043261315],[5.92319114430104,51.96420221750599],[5.9231955342107865,51.96421549043108],[5.923200498411145,51.96423274349569],[5.923156897670366,51.96425164709364],[5.923160766753801,51.964263709859516],[5.923169671323669,51.96429144161097],[5.923172086401666,51.96429896467441],[5.923179990434896,51.96432357482221],[5.923187850290124,51.96434814022881],[5.9231959971261245,51.96437358518928],[5.923201246651115,51.96439036056798],[5.92320690449191,51.964408428413655],[5.923214627628466,51.96443250906824],[5.923222940236124,51.96445842965585],[5.92322819960602,51.96447480949895],[5.923230530066714,51.96448206868806],[5.923232552153808,51.96448836213161],[5.923241967631926,51.9645176842913],[5.92324934538201,51.96451675361485],[5.9232552034188215,51.96451601502735],[5.923260265388,51.96453170366243],[5.923268520807278,51.96455770540276],[5.92327712409624,51.9645848111291],[5.923286995978415,51.964600572211715],[5.92327579485272,51.964611171160655],[5.92328806864508,51.964627626881246],[5.923301918803372,51.96464619487665],[5.923317363070266,51.964666898435034],[5.923347751864245,51.964707639087884],[5.923351847959278,51.964713121307526],[5.923271798740393,51.96473582244982],[5.923441294135506,51.965274488015986],[5.923523717784629,51.965264590684875],[5.923646042573687,51.96524990201378],[5.923849493312966,51.96587440670536],[5.92391748599804,51.966086944203504],[5.924051336260236,51.96649419135285],[5.92421725389463,51.96700712120851],[5.924353759425405,51.96747499962695],[5.924367761864591,51.96751893293603],[5.924366150022796,51.9675451001125],[5.924339655841633,51.96758327169699],[5.924301398972721,51.96760366134015],[5.924272680653354,51.967616872419676],[5.9242352725217176,51.96762222597988],[5.9241842047590225,51.967629533964526],[5.9241932614884325,51.96765844061595],[5.9241988761715865,51.96767636029691],[5.924208990910967,51.96770867680494],[5.924241735433517,51.967813214145735],[5.924249456267784,51.96783785740814],[5.924309250902506,51.96802875837259],[5.924315832569701,51.96804977013074],[5.92435714743263,51.968181666699195],[5.924362252435562,51.96819796539633],[5.924380824984321,51.96825725605955],[5.924454529552513,51.96847281955816],[5.924880768259915,51.96981072736828],[5.924943655472002,51.97000811513385],[5.924952006701461,51.9700242200887],[5.925457508232893,51.96991182471991]]]]},"properties":{"buurtcode":"BU02021798","buurtnaam":"Bakenhof","gemeentenaam":"Arnhem","aantalInwoners":1600,"crime_violent":12,"crime_property":0,"crime_disorder":0,"crime_count":12}},{"type":"Feature","geometry":{"type":"MultiPolygon","coordinates":[[[[5.931658096786268,51.956618165144725],[5.931784246613056,51.95630792093648],[5.931790165125029,51.95629212783813],[5.931791320474248,51.95628903047106],[5.931795654960318,51.95627697490274],[5.93179841398034,51.956260971729044],[5.9317950655691725,51.95623081312513],[5.931791377513987,51.95620503345303],[5.931728871608624,51.95595868082044],[5.931707974287177,51.95587903237322],[5.931668832996765,51.95572977222794],[5.931662251225199,51.95569929602133],[5.931660123181099,51.9556965644093],[5.931653481942051,51.95569355708073],[5.931632559263104,51.95568853057595],[5.931550497891337,51.95566482160837],[5.931523113756005,51.9556500186388],[5.93151478063062,51.95564305524369],[5.931494455099324,51.955626089331595],[5.93146670331254,51.95559656502352],[5.931457008375741,51.95558647097127],[5.9314490926383225,51.955574337299446],[5.9314518663954345,51.95555834305273],[5.931511490661151,51.95542342052077],[5.931539179693975,51.955348248021586],[5.931545386417042,51.95531664297215],[5.931551238919342,51.95528941692188],[5.931551331886143,51.95527189806528],[5.931544041697332,51.95525976150298],[5.9315339155850815,51.95524290117462],[5.93150432232286,51.955205466604745],[5.931487559991518,51.95518600339063],[5.931464248558904,51.95516512335823],[5.931441218083995,51.95514821490113],[5.9314251629349295,51.955139076096344],[5.931395243810754,51.95512513873172],[5.931356584668834,51.95510546226136],[5.9313327006511525,51.955094939510595],[5.931307323809477,51.95508127771777],[5.931272698355574,51.95505472438837],[5.931246440006907,51.95502834805086],[5.931232751379832,51.955006812228575],[5.9312083068016195,51.95496924589737],[5.931209025737133,51.95494215147908],[5.93121457226871,51.95492927237548],[5.931239529217789,51.95490831274534],[5.931272407030573,51.954890327573025],[5.93130459111589,51.954881118298104],[5.931322406384854,51.95487825842312],[5.931381334714226,51.95487431839349],[5.931411899515279,51.95486953888616],[5.9314271406406975,51.954866744841844],[5.931439662368368,51.954861635384106],[5.931453871337877,51.954852904770064],[5.931464672518185,51.954841475428566],[5.931461697297713,51.954816869924876],[5.931444000298022,51.95478390143848],[5.9314105680465605,51.95474656551174],[5.931297586490018,51.954592595526435],[5.931244284669573,51.954513438514866],[5.931234359226358,51.954498707486486],[5.931164505599376,51.95439339882745],[5.931065234281749,51.95424582785154],[5.931060080442456,51.95423829243397],[5.9310575118641005,51.95423281239274],[5.9310189439954,51.95416177556522],[5.930941085343802,51.9539768214681],[5.930937895119674,51.953969258986284],[5.93090826804849,51.953871296407016],[5.930907173544244,51.95386740948353],[5.930915189740657,51.953778620758996],[5.930914457607406,51.95377222439068],[5.930943886823575,51.953684595005264],[5.930950934875247,51.953673183067416],[5.930956488767923,51.953664519508145],[5.930963759305712,51.953654661537],[5.930972794701022,51.953643986444305],[5.93099280615262,51.95362072173523],[5.9310164995757715,51.95359518389719],[5.931045375962777,51.95356759069475],[5.931066480321143,51.953550486972595],[5.931097933589385,51.95352426605202],[5.931150471716315,51.953484141352924],[5.9312333586513555,51.95342030855204],[5.931037027534586,51.953127223710595],[5.9308723143829205,51.95288736555947],[5.930717296756423,51.95286894601484],[5.9306712309215825,51.95283808601555],[5.930567080126723,51.95272201460941],[5.930520721478203,51.95266695008897],[5.930386054638339,51.95250542129779],[5.930327923608822,51.95243436676509],[5.930312459860162,51.95242110838008],[5.93021050594381,51.952312118372035],[5.930170737372405,51.9522714406997],[5.930038991041312,51.95199759669245],[5.930038259676915,51.95199485860129],[5.929921787943683,51.95166921556035],[5.929919210541506,51.951664184954964],[5.929916268863336,51.95166030654933],[5.929747751783224,51.95146221559042],[5.929567826089321,51.9512504157526],[5.9295648788199244,51.95124606996597],[5.929564899938129,51.951240595919884],[5.929537339206223,51.95094129178391],[5.92952207416137,51.950745810100564],[5.929522022921825,51.95074518114748],[5.929494480646003,51.95069050579695],[5.929446237060843,51.95059232309475],[5.929044211667589,51.95066732460933],[5.9283818026528,51.95080353943362],[5.928378827977934,51.950804146363744],[5.928301342902354,51.95082008897154],[5.928289807181817,51.950822461081955],[5.928284612460047,51.95082352764926],[5.926836224094747,51.95112135625747],[5.926640152573388,51.951144313735675],[5.926485474459755,51.95114502342052],[5.9262771068860625,51.95113495032795],[5.925758971673917,51.95109321004388],[5.924897383348491,51.95103210490289],[5.924319941654451,51.95098764538233],[5.922007041279388,51.950838826718446],[5.921982270610608,51.95096896494631],[5.921977651164241,51.950993417376374],[5.92197689732228,51.95099729481338],[5.922186173859932,51.952379047700596],[5.922347150199286,51.95344327225563],[5.922350751005456,51.95346952899794],[5.922021875726912,51.95345914294237],[5.921998111528685,51.953694713328254],[5.921902417348046,51.954651832112084],[5.92182731288559,51.955494652994155],[5.921825115026199,51.95551922022651],[5.92182863834495,51.955542037464305],[5.921967145725159,51.95643920320274],[5.921986887233055,51.956438201080125],[5.923424413087464,51.95636506169502],[5.923425497704939,51.95636500551419],[5.924043971158048,51.95633289604781],[5.924044276479285,51.95633288027218],[5.924901101046768,51.95628551192471],[5.9251138086969215,51.956273750096734],[5.925620638443413,51.956250296483695],[5.926050047432662,51.95623691383176],[5.926581110217331,51.95622662987825],[5.927106546350077,51.95622849922942],[5.927376787268722,51.95623082537047],[5.927911710857494,51.956257246124615],[5.928315008521875,51.95627716590733],[5.928864787709658,51.956319925899564],[5.928912577992079,51.95632364262988],[5.929474491545249,51.9563816960752],[5.930071272513747,51.95645813523431],[5.930534024328107,51.95652805675869],[5.931260444661696,51.95666120532678],[5.931617405098916,51.95673383585341],[5.931658096786268,51.956618165144725]]]]},"properties":{"buurtcode":"BU02021815","buurtnaam":"'t Duifje","gemeentenaam":"Arnhem","aantalInwoners":1665,"crime_violent":14,"crime_property":0,"crime_disorder":0,"crime_count":14}},{"type":"Feature","geometry":{"type":"MultiPolygon","coordinates":[[[[5.914756815210028,51.96530528939096],[5.914825235386068,51.96526742805594],[5.9157666858717395,51.96474644175498],[5.916564838651862,51.96431324347724],[5.917361502978367,51.96387925544027],[5.917849453797238,51.963613433194766],[5.917963661650123,51.96355291757524],[5.919234806286778,51.96287934582621],[5.9194601210312,51.962765930863924],[5.920537514353014,51.96216270295339],[5.92052828655778,51.962153996405746],[5.92033290877624,51.96196966939871],[5.920016451611747,51.96174160859181],[5.919342888541657,51.96126545502012],[5.918766531815014,51.96086971557819],[5.918393909410926,51.96061098830414],[5.9175283214203915,51.96000726843661],[5.917085561171563,51.95970823384548],[5.916970747177935,51.959630688686886],[5.916784234446485,51.959524833788365],[5.916696710176269,51.95946729588326],[5.916725983821488,51.95927310355354],[5.916845281101344,51.95886243713314],[5.91618849792165,51.95900418351925],[5.915508699765816,51.95913566150254],[5.913907592178871,51.95948530306597],[5.910623535102589,51.96016447304807],[5.910428621611204,51.96021956299102],[5.910190762097018,51.96028911269945],[5.909862866289799,51.960428505595274],[5.909780549367466,51.96046416437942],[5.909853351003972,51.960535032518955],[5.910092138857194,51.9608016130339],[5.91037083631347,51.96113070328254],[5.910714999045357,51.96152727934056],[5.910769700198115,51.96156342171144],[5.910796643899304,51.96159612105503],[5.911097859150808,51.96197362395268],[5.911220934211219,51.962128608876824],[5.912324336303954,51.96336655636815],[5.912324415892243,51.96336664320019],[5.912397114510499,51.96340746379583],[5.912929627700378,51.96369402331604],[5.9135449881662145,51.96402582573098],[5.913715789121385,51.96414587227801],[5.913591656197432,51.964221874717154],[5.9135753167975595,51.964231878225206],[5.91357920323844,51.96423497530601],[5.913925125795123,51.9645106993443],[5.914239668220921,51.96477604389471],[5.914593940901646,51.96507489881456],[5.914672772858052,51.96514266645279],[5.914664539865497,51.96526356663687],[5.914658434641793,51.96535319566231],[5.914756815210028,51.96530528939096]]]]},"properties":{"buurtcode":"BU02021884","buurtnaam":"Immerloo I","gemeentenaam":"Arnhem","aantalInwoners":1610,"crime_violent":15,"crime_property":0,"crime_disorder":0,"crime_count":15}},{"type":"Feature","geometry":{"type":"MultiPolygon","coordinates":[[[[5.9055423257863735,51.9687277504959],[5.905949851806319,51.96858497634243],[5.906190324713864,51.96850400871689],[5.906484083209588,51.96843636070396],[5.9066246311610735,51.96840434812808],[5.907033468464072,51.968299803664934],[5.907300601794377,51.96822727734214],[5.90751698198138,51.968160682584625],[5.907935869288912,51.96802683961817],[5.9083282393745025,51.96789739292106],[5.908737783810373,51.96775502704499],[5.909894998594532,51.96734607478304],[5.910658258525409,51.96703018717991],[5.9112536661245585,51.966782106791946],[5.911722639989865,51.96658738330777],[5.912465135914533,51.9662758576417],[5.913837547697732,51.965707516959924],[5.914540913879078,51.96541042234856],[5.914658434641793,51.96535319566231],[5.914664539865497,51.96526356663687],[5.914672772858052,51.96514266645279],[5.914593940901646,51.96507489881456],[5.914239668220921,51.96477604389471],[5.913925125795123,51.9645106993443],[5.91357920323844,51.96423497530601],[5.9135753167975595,51.964231878225206],[5.913591656197432,51.964221874717154],[5.913715789121385,51.96414587227801],[5.9135449881662145,51.96402582573098],[5.912929627700378,51.96369402331604],[5.912397114510499,51.96340746379583],[5.912324415892243,51.96336664320019],[5.911989196083345,51.96349713917732],[5.911795727011675,51.96357245320762],[5.911517844167823,51.96368211761901],[5.911301007848385,51.96376971966865],[5.911094046098735,51.96385333232138],[5.910902893736372,51.96392518840123],[5.910586799739768,51.96405531473325],[5.910255807119273,51.96419543594521],[5.9079944784517116,51.9651971731453],[5.908099148269407,51.965305104086205],[5.908188530086409,51.965397270523574],[5.908105560220553,51.96543210941094],[5.907707701849756,51.965599166487074],[5.907333204926589,51.965757783955674],[5.9070583115451045,51.96587374602942],[5.9068781494630045,51.96594172595739],[5.9066971199907385,51.96601803357936],[5.906542997568671,51.966090653711724],[5.906096879413242,51.96629893058269],[5.905661309793667,51.96650418588316],[5.905229502466577,51.966702288902816],[5.90483499611964,51.96688001127921],[5.9043582847547675,51.96709305683663],[5.903889192510055,51.96730269362917],[5.904658096430837,51.96791221345779],[5.904658384255325,51.967912439597434],[5.905527606271213,51.96873290728572],[5.9055423257863735,51.9687277504959]]]]},"properties":{"buurtcode":"BU02021885","buurtnaam":"Middelgraaflaan e.o.","gemeentenaam":"Arnhem","aantalInwoners":1205,"crime_violent":13,"crime_property":0,"crime_disorder":38,"crime_count":51}},{"type":"Feature","geometry":{"type":"MultiPolygon","coordinates":[[[[5.9043582847547675,51.96709305683663],[5.90483499611964,51.96688001127921],[5.905229502466577,51.966702288902816],[5.905661309793667,51.96650418588316],[5.906096879413242,51.96629893058269],[5.906542997568671,51.966090653711724],[5.9066971199907385,51.96601803357936],[5.9068781494630045,51.96594172595739],[5.9070583115451045,51.96587374602942],[5.907333204926589,51.965757783955674],[5.907707701849756,51.965599166487074],[5.908105560220553,51.96543210941094],[5.908188530086409,51.965397270523574],[5.908099148269407,51.965305104086205],[5.9079944784517116,51.9651971731453],[5.910255807119273,51.96419543594521],[5.910586799739768,51.96405531473325],[5.910902893736372,51.96392518840123],[5.911094046098735,51.96385333232138],[5.911301007848385,51.96376971966865],[5.911517844167823,51.96368211761901],[5.911795727011675,51.96357245320762],[5.911989196083345,51.96349713917732],[5.912324415892243,51.96336664320019],[5.912324336303954,51.96336655636815],[5.911220934211219,51.962128608876824],[5.911097859150808,51.96197362395268],[5.910796643899304,51.96159612105503],[5.910769700198115,51.96156342171144],[5.910714999045357,51.96152727934056],[5.91037083631347,51.96113070328254],[5.910092138857194,51.9608016130339],[5.909853351003972,51.960535032518955],[5.909780549367466,51.96046416437942],[5.9088986306330975,51.96082787860342],[5.909197420689649,51.961158794291414],[5.909402372863721,51.96138577879194],[5.909401599035371,51.96138604738591],[5.9088278211153735,51.96158479081247],[5.908714698449684,51.9616238806018],[5.9085266698443535,51.96168885277568],[5.908332591875822,51.96175591518913],[5.9081494038388565,51.961819213238144],[5.907920072934503,51.961898403665195],[5.9077576310185185,51.96195447784491],[5.907566581699433,51.96202042719694],[5.907421201700164,51.96207061081933],[5.907262468475517,51.96212540323726],[5.907093331061307,51.96218378735571],[5.906929077020219,51.96224048499729],[5.906759306878001,51.96229908625061],[5.906283418018567,51.96246305161088],[5.9058825850715895,51.962600938572145],[5.905717624040876,51.96265791177321],[5.905706743243663,51.96266167015496],[5.905688549628355,51.96266795325786],[5.905793185817387,51.962773086521196],[5.906017250708314,51.963006943140265],[5.906383650912463,51.96348096266791],[5.906569674141964,51.96375363173526],[5.905730590763086,51.9640189351551],[5.905111448411478,51.96416138164862],[5.904376776386193,51.964301359642],[5.903867790980624,51.964398724594844],[5.903339690534469,51.96450806196381],[5.902855238804779,51.96464693194333],[5.902606134341477,51.96474612405002],[5.902362012641828,51.96486015788233],[5.902084579961682,51.96500703588041],[5.901462008683354,51.96535023983404],[5.901679009648775,51.96550443373446],[5.901848329381283,51.96562474298359],[5.903707645146306,51.96715877551214],[5.90387514560415,51.96729155762027],[5.903889192510055,51.96730269362917],[5.9043582847547675,51.96709305683663]]]]},"properties":{"buurtcode":"BU02021886","buurtnaam":"Zeegsingel e.o.","gemeentenaam":"Arnhem","aantalInwoners":1720,"crime_violent":4,"crime_property":0,"crime_disorder":0,"crime_count":4}},{"type":"Feature","geometry":{"type":"MultiPolygon","coordinates":[[[[5.902084579961682,51.96500703588041],[5.902362012641828,51.96486015788233],[5.902606134341477,51.96474612405002],[5.902855238804779,51.96464693194333],[5.903339690534469,51.96450806196381],[5.903867790980624,51.964398724594844],[5.904376776386193,51.964301359642],[5.905111448411478,51.96416138164862],[5.905730590763086,51.9640189351551],[5.906569674141964,51.96375363173526],[5.906383650912463,51.96348096266791],[5.906017250708314,51.963006943140265],[5.905793185817387,51.962773086521196],[5.905688549628355,51.96266795325786],[5.905706743243663,51.96266167015496],[5.905717624040876,51.96265791177321],[5.9058825850715895,51.962600938572145],[5.906283418018567,51.96246305161088],[5.906759306878001,51.96229908625061],[5.906929077020219,51.96224048499729],[5.907093331061307,51.96218378735571],[5.907262468475517,51.96212540323726],[5.907421201700164,51.96207061081933],[5.907566581699433,51.96202042719694],[5.9077576310185185,51.96195447784491],[5.907920072934503,51.961898403665195],[5.9081494038388565,51.961819213238144],[5.908332591875822,51.96175591518913],[5.9085266698443535,51.96168885277568],[5.908714698449684,51.9616238806018],[5.9088278211153735,51.96158479081247],[5.909401599035371,51.96138604738591],[5.909402372863721,51.96138577879194],[5.909197420689649,51.961158794291414],[5.9088986306330975,51.96082787860342],[5.909780549367466,51.96046416437942],[5.909862866289799,51.960428505595274],[5.910190762097018,51.96028911269945],[5.910428621611204,51.96021956299102],[5.910623535102589,51.96016447304807],[5.913907592178871,51.95948530306597],[5.915508699765816,51.95913566150254],[5.91618849792165,51.95900418351925],[5.916845281101344,51.95886243713314],[5.917077393574632,51.95806340181686],[5.9172409084169155,51.957126109001585],[5.917172217577974,51.95669041441782],[5.917056822886659,51.95669634638426],[5.917055294800621,51.95669642517741],[5.916309048780013,51.95673478368138],[5.9163085907899085,51.956734807314476],[5.91587994811633,51.95675569279548],[5.915879661669063,51.95675570576824],[5.914668930866905,51.956826376536625],[5.913999515512984,51.956857759326866],[5.913310969585504,51.956896076659326],[5.912487755488177,51.95694078106776],[5.912186762744769,51.956958772731554],[5.911792908269625,51.95698885568596],[5.9116563489386085,51.95699928558056],[5.91149023457879,51.95701481229377],[5.911242045545133,51.95704127674174],[5.911095641930635,51.95705638877075],[5.910803486738052,51.9570896528498],[5.910734616665243,51.957098901168],[5.910280180966137,51.957158951832085],[5.909650715756426,51.95726612094392],[5.9095004535198425,51.95729380402225],[5.9091773174161,51.957357678626586],[5.90890044074413,51.95741385527492],[5.908667041359426,51.95746526966112],[5.908559746756645,51.957492078752956],[5.9082782291935985,51.957558544650986],[5.908085577067714,51.957606812027144],[5.908014695667644,51.957625512665956],[5.907453488995582,51.957773575824994],[5.906265960068694,51.95816771235512],[5.905018214817673,51.95865664372377],[5.904436488615864,51.95892404525346],[5.902951811748335,51.959723541398716],[5.902590625332213,51.95991537960257],[5.902402017388837,51.96002581774139],[5.901471009878894,51.960570951943666],[5.900139917290655,51.9613187590222],[5.898870197499214,51.962051062275954],[5.898191188061918,51.96246306126686],[5.897682219238655,51.96280261534034],[5.897366284756849,51.96301338400653],[5.897371592873537,51.963016215690786],[5.898335277246692,51.963530275454495],[5.898341898621091,51.96353380607681],[5.898923342240619,51.963843842329915],[5.900223352461345,51.96447006168051],[5.900600655003923,51.96473817437568],[5.9007305957171114,51.964830510025934],[5.901188966841997,51.9651562220816],[5.901462008683354,51.96535023983404],[5.902084579961682,51.96500703588041]]]]},"properties":{"buurtcode":"BU02021887","buurtnaam":"Eimersweide","gemeentenaam":"Arnhem","aantalInwoners":1145,"crime_violent":11,"crime_property":0,"crime_disorder":1,"crime_count":12}},{"type":"Feature","geometry":{"type":"MultiPolygon","coordinates":[[[[5.921209034144318,51.961786707543176],[5.921517750565614,51.96163182453879],[5.921523641498478,51.96162886844917],[5.921539677052295,51.96162082286654],[5.922059707889597,51.96130818502617],[5.922647938521853,51.961000911293816],[5.923674478172141,51.96050857398586],[5.924105929323323,51.96027639617108],[5.92425412064254,51.96017868860483],[5.924360899849199,51.96009448907824],[5.9244493259089515,51.960020836723096],[5.924522229715849,51.959936791834714],[5.924626762118797,51.959793622197076],[5.924646344813654,51.95975738400427],[5.924794430242648,51.95977953753861],[5.9248899724138155,51.95978576014872],[5.924974655861377,51.95978537283833],[5.925185413801299,51.95976918767581],[5.92534541833302,51.9597579920158],[5.925535920614938,51.95972192219843],[5.925687552249954,51.95965463899047],[5.92586446473936,51.95956705629035],[5.926373513382014,51.95931199135648],[5.926482718114212,51.95925578393649],[5.926696469367561,51.9591457675977],[5.926902202257696,51.95900109241112],[5.9271396451174985,51.95883191533914],[5.9274245779475585,51.95862890022296],[5.9276451799859595,51.95842231691609],[5.927844136422864,51.95819404661025],[5.927905191314337,51.958157934428876],[5.9279657862638455,51.95805530469066],[5.927991741171049,51.9579780647329],[5.928284869750061,51.95742734606799],[5.9283927800867975,51.957224603796504],[5.928808859028264,51.956442858347835],[5.928864787709658,51.956319925899564],[5.928315008521875,51.95627716590733],[5.927911710857494,51.956257246124615],[5.927376787268722,51.95623082537047],[5.927106546350077,51.95622849922942],[5.926581110217331,51.95622662987825],[5.926050047432662,51.95623691383176],[5.925620638443413,51.956250296483695],[5.9251138086969215,51.956273750096734],[5.924901101046768,51.95628551192471],[5.924044276479285,51.95633288027218],[5.924043971158048,51.95633289604781],[5.923425497704939,51.95636500551419],[5.923424413087464,51.95636506169502],[5.921986887233055,51.956438201080125],[5.921967145725159,51.95643920320274],[5.921853906165847,51.95644495668158],[5.921229515976762,51.956477074303734],[5.920495936132695,51.95651489903261],[5.920407105734577,51.956519481556434],[5.919548928890124,51.95656410605341],[5.918639796093018,51.95661197505212],[5.917693146291301,51.956663191730435],[5.917692793001747,51.956663211301134],[5.917172217577974,51.95669041441782],[5.9172409084169155,51.957126109001585],[5.917077393574632,51.95806340181686],[5.916845281101344,51.95886243713314],[5.916725983821488,51.95927310355354],[5.916696710176269,51.95946729588326],[5.916784234446485,51.959524833788365],[5.916970747177935,51.959630688686886],[5.917085561171563,51.95970823384548],[5.9175283214203915,51.96000726843661],[5.918393909410926,51.96061098830414],[5.918766531815014,51.96086971557819],[5.919342888541657,51.96126545502012],[5.920016451611747,51.96174160859181],[5.92033290877624,51.96196966939871],[5.92052828655778,51.962153996405746],[5.920537514353014,51.96216270295339],[5.921209034144318,51.961786707543176]]]]},"properties":{"buurtcode":"BU02021888","buurtnaam":"Immerloo II","gemeentenaam":"Arnhem","aantalInwoners":1900,"crime_violent":14,"crime_property":0,"crime_disorder":0,"crime_count":14}},{"type":"Feature","geometry":{"type":"MultiPolygon","coordinates":[[[[5.9082782291935985,51.957558544650986],[5.908559746756645,51.957492078752956],[5.908667041359426,51.95746526966112],[5.90890044074413,51.95741385527492],[5.9091773174161,51.957357678626586],[5.9095004535198425,51.95729380402225],[5.909650715756426,51.95726612094392],[5.910280180966137,51.957158951832085],[5.910734616665243,51.957098901168],[5.910803486738052,51.9570896528498],[5.911095641930635,51.95705638877075],[5.911242045545133,51.95704127674174],[5.91149023457879,51.95701481229377],[5.9116563489386085,51.95699928558056],[5.911792908269625,51.95698885568596],[5.912186762744769,51.956958772731554],[5.912487755488177,51.95694078106776],[5.913310969585504,51.956896076659326],[5.913999515512984,51.956857759326866],[5.914668930866905,51.956826376536625],[5.915879661669063,51.95675570576824],[5.91587994811633,51.95675569279548],[5.9163085907899085,51.956734807314476],[5.916309048780013,51.95673478368138],[5.917055294800621,51.95669642517741],[5.917056822886659,51.95669634638426],[5.917172217577974,51.95669041441782],[5.917692793001747,51.956663211301134],[5.917693146291301,51.956663191730435],[5.918639796093018,51.95661197505212],[5.919548928890124,51.95656410605341],[5.920407105734577,51.956519481556434],[5.920495936132695,51.95651489903261],[5.921229515976762,51.956477074303734],[5.921853906165847,51.95644495668158],[5.921967145725159,51.95643920320274],[5.92182863834495,51.955542037464305],[5.921825115026199,51.95551922022651],[5.92182731288559,51.955494652994155],[5.921902417348046,51.954651832112084],[5.921998111528685,51.953694713328254],[5.922021875726912,51.95345914294237],[5.922350751005456,51.95346952899794],[5.922347150199286,51.95344327225563],[5.922186173859932,51.952379047700596],[5.92197689732228,51.95099729481338],[5.921977651164241,51.950993417376374],[5.921982270610608,51.95096896494631],[5.922007041279388,51.950838826718446],[5.920533027383954,51.95075015538721],[5.919357753165279,51.950666154642576],[5.916899853077229,51.95052034327295],[5.916763916545373,51.95050289791334],[5.916695188661016,51.950494515661234],[5.916551894150082,51.95045506360405],[5.916426545852556,51.95042020456756],[5.91630439654987,51.950366724985535],[5.916186279511022,51.95031594163576],[5.915426216716389,51.950055378224306],[5.915181752467867,51.949971032457285],[5.915172733523689,51.94996728883707],[5.91516581269339,51.94996384140032],[5.915060543008349,51.94990076600118],[5.915054647085029,51.949896648813834],[5.914975448573831,51.94982529480478],[5.914971383250945,51.94982098962733],[5.914902395209099,51.9497433607636],[5.914780765321016,51.94957785467969],[5.914425291997759,51.94905408551457],[5.914387348949479,51.94895437634459],[5.91430147823929,51.94881629474443],[5.914239387478085,51.94875476872347],[5.914237621403039,51.94875301491006],[5.914228011178145,51.9487434853227],[5.9142052146443564,51.94872089174934],[5.914173190425744,51.94868913539033],[5.913957252365983,51.94856450788997],[5.913789544783802,51.94848666443078],[5.913614815301259,51.94840907688571],[5.913125160063675,51.94821343320587],[5.912288339479958,51.94790341491532],[5.912263451033727,51.947887140183],[5.912235633566646,51.94791142529047],[5.912017609137029,51.94782153482524],[5.912041767863902,51.947790354007694],[5.911934128575643,51.947753946012504],[5.911756589461759,51.94760844277143],[5.911579047612617,51.94746260670457],[5.911409729501579,51.94731342596389],[5.911396196876636,51.94730173843888],[5.911371066633465,51.947277159296576],[5.9113665203417805,51.94727272131012],[5.911512228853572,51.94715529400723],[5.911527400708202,51.94714544694072],[5.911559566087503,51.94714223842878],[5.91159340647204,51.94713673937778],[5.91162465135772,51.94711948605209],[5.911651208903132,51.94710315247042],[5.911657774821773,51.947078782535876],[5.91165086922204,51.947037996922695],[5.911622336921809,51.94695380382518],[5.911621674284875,51.946951865282045],[5.911582739801917,51.94686993871578],[5.911547279143638,51.94681019804265],[5.9114660354646045,51.946674898133466],[5.911401043317063,51.94657857140636],[5.911336890053424,51.946473099678656],[5.9112339250017625,51.946328467594306],[5.91113523922825,51.94618529044944],[5.911014019641381,51.9459906290752],[5.910994083358985,51.945958620249534],[5.910964823301658,51.94590661776872],[5.91013961599085,51.94616732788436],[5.909989378579276,51.94620791185864],[5.9096240232077655,51.94630660375851],[5.909267176306475,51.94639665750996],[5.909052965769723,51.94644184328966],[5.907803867025909,51.94664714896553],[5.907151523209805,51.94674278563199],[5.907151886304411,51.94677412214405],[5.907152101859891,51.94679272541741],[5.907016179491126,51.946793401994945],[5.906937472351387,51.94679379312555],[5.906576434797742,51.94682178678037],[5.90629796048634,51.94685119809739],[5.906076114726289,51.94688570963486],[5.905667207806949,51.94696742069905],[5.9054760250030744,51.94700786125123],[5.905171322965941,51.947071198135],[5.905179844903715,51.947099799477655],[5.9052876835426735,51.947461730913226],[5.905401417779645,51.94784344402219],[5.905664237298494,51.948717855721526],[5.905824766336812,51.94928791269219],[5.9060703162228565,51.950261684910956],[5.9063428069412724,51.95116381502897],[5.906527596259596,51.951639215442746],[5.906661004959831,51.951992500493255],[5.9066800509271316,51.95204188223091],[5.90672031930269,51.952062632907094],[5.906788319789428,51.95208516296484],[5.907134000690902,51.953219456302605],[5.907204274057785,51.95343793944411],[5.907406134904255,51.95408391310719],[5.907482060998992,51.95432496250662],[5.907725970324687,51.955111062943885],[5.907953057668538,51.95577357130917],[5.9080146064484245,51.95593620447848],[5.908076198534697,51.95610240401924],[5.9081067641176155,51.9562485278656],[5.9081137789374125,51.956355514480116],[5.908100026259527,51.95649707799093],[5.908056798203619,51.956586451489954],[5.907983501212765,51.95670485405863],[5.908085577067714,51.957606812027144],[5.9082782291935985,51.957558544650986]]]]},"properties":{"buurtcode":"BU02021989","buurtnaam":"Holthuizen","gemeentenaam":"Arnhem","aantalInwoners":825,"crime_violent":1,"crime_property":0,"crime_disorder":0,"crime_count":1}},{"type":"Feature","geometry":{"type":"MultiPolygon","coordinates":[[[[5.897682219238655,51.96280261534034],[5.898191188061918,51.96246306126686],[5.898870197499214,51.962051062275954],[5.900139917290655,51.9613187590222],[5.901471009878894,51.960570951943666],[5.902402017388837,51.96002581774139],[5.902370780642064,51.960004073254325],[5.901732764617481,51.959559944997736],[5.901655113499429,51.95950225748676],[5.901355411214211,51.959281921751895],[5.900817377811788,51.95895608350146],[5.900649992357188,51.95886073578932],[5.899982049738439,51.9584840922531],[5.899455156525346,51.95823734379063],[5.8994550117000335,51.95823727431201],[5.89877080085611,51.95790931446176],[5.8984403843683735,51.95775093413825],[5.8977705269151635,51.95742984154408],[5.897387709337863,51.95724633581198],[5.896771718083555,51.956951051315585],[5.8963013819015115,51.9567255850437],[5.896276997336893,51.956713887949576],[5.895660240197851,51.95641802212618],[5.895550789160941,51.95636551593864],[5.895143975850619,51.95617035794306],[5.8946711105555405,51.955943509201866],[5.894397918537956,51.95581244790602],[5.894109675341851,51.95567416576901],[5.893771794123486,51.955512066305346],[5.893181491204152,51.955243249990914],[5.892915479190017,51.95512013426912],[5.892846738708224,51.955082973446274],[5.892398807645537,51.9548696734498],[5.892326259033626,51.95483609617687],[5.892214894535883,51.954773552391714],[5.891927358272262,51.95461842124965],[5.891503515962116,51.9544073927948],[5.8914618147222635,51.95437843845403],[5.8911956574796935,51.954241644548176],[5.890940134178729,51.95410896701393],[5.890829277738149,51.95405739636995],[5.890655344690424,51.95424258024561],[5.890548239462591,51.95435681109856],[5.890512628524637,51.95439387254953],[5.890399026276308,51.95454395699318],[5.890351878121785,51.95461221163359],[5.890334292090783,51.95463664002108],[5.89030862010956,51.954681269351425],[5.890275090819247,51.95473925038689],[5.890264205173228,51.954757180255555],[5.890250502134662,51.95478734908158],[5.890218227780535,51.954858402837175],[5.890202063513322,51.95489975655024],[5.89016916009,51.95498608245658],[5.8901584634861806,51.95502075507687],[5.8901435994831015,51.95506819195388],[5.890128006453667,51.95513313503596],[5.890125026414161,51.95514189977509],[5.890109800634489,51.955184582437504],[5.890083500123622,51.955283246301605],[5.890053501739216,51.955381545761824],[5.890021679885458,51.95548213695905],[5.889996710613325,51.955562150492504],[5.889974152260916,51.95561520023261],[5.889956508039996,51.95565668876721],[5.889905335460142,51.95576154764932],[5.889818576153418,51.95593333783918],[5.88963096740274,51.956286286581424],[5.889559562633119,51.95645895204139],[5.889533789835405,51.95653137909964],[5.889530091025061,51.95654483163852],[5.88951997359335,51.9565866115296],[5.889505164485971,51.95667686964824],[5.889496192291307,51.95673154477657],[5.88949207714467,51.956783699487914],[5.889481583293481,51.956836306594035],[5.889478264738671,51.95689646205954],[5.889478200336174,51.95698115180624],[5.889476025833308,51.957062019714535],[5.889471302996101,51.9571214944629],[5.889469926115418,51.957204736390715],[5.889465181963509,51.957262309286214],[5.889455780174898,51.95731657187664],[5.889437243191089,51.95737991040286],[5.889409562461289,51.957457283789005],[5.8893842417394415,51.957528059502074],[5.8893258035300144,51.95767195151794],[5.889302604704674,51.95773150514032],[5.889296680821955,51.957752458089054],[5.889322701738349,51.95780752129072],[5.889360196271333,51.957855876000025],[5.889309006884784,51.95789081580143],[5.8891931606259,51.957978931831924],[5.888693762125715,51.958358777774066],[5.8888717248550595,51.95844515932805],[5.889709426222111,51.95885176145031],[5.890598075704348,51.95929165994725],[5.891298608436786,51.95963842515028],[5.891627735466956,51.95980943180325],[5.892135932715976,51.96007182314867],[5.89308959305859,51.96057903440596],[5.893767561539736,51.960959597470584],[5.894886171931183,51.961582019393425],[5.8959809548933935,51.962222370108655],[5.897366284756849,51.96301338400653],[5.897682219238655,51.96280261534034]]]]},"properties":{"buurtcode":"BU02021990","buurtnaam":"Kronenburg","gemeentenaam":"Arnhem","aantalInwoners":2915,"crime_violent":27,"crime_property":4,"crime_disorder":42,"crime_count":73}},{"type":"Feature","geometry":{"type":"MultiPolygon","coordinates":[[[[5.902590625332213,51.95991537960257],[5.902951811748335,51.959723541398716],[5.904436488615864,51.95892404525346],[5.905018214817673,51.95865664372377],[5.906265960068694,51.95816771235512],[5.907453488995582,51.957773575824994],[5.908014695667644,51.957625512665956],[5.908085577067714,51.957606812027144],[5.907983501212765,51.95670485405863],[5.908056798203619,51.956586451489954],[5.908100026259527,51.95649707799093],[5.9081137789374125,51.956355514480116],[5.9081067641176155,51.9562485278656],[5.908076198534697,51.95610240401924],[5.9080146064484245,51.95593620447848],[5.907953057668538,51.95577357130917],[5.907725970324687,51.955111062943885],[5.907482060998992,51.95432496250662],[5.907406134904255,51.95408391310719],[5.907204274057785,51.95343793944411],[5.907134000690902,51.953219456302605],[5.906788319789428,51.95208516296484],[5.90672031930269,51.952062632907094],[5.9066800509271316,51.95204188223091],[5.906661004959831,51.951992500493255],[5.906527596259596,51.951639215442746],[5.9063428069412724,51.95116381502897],[5.9060703162228565,51.950261684910956],[5.905824766336812,51.94928791269219],[5.905664237298494,51.948717855721526],[5.905401417779645,51.94784344402219],[5.9052876835426735,51.947461730913226],[5.905179844903715,51.947099799477655],[5.905171322965941,51.947071198135],[5.905083277549254,51.94708949903429],[5.904863838076731,51.94713255914017],[5.9044664746838516,51.947214572017856],[5.904301161818363,51.94724597851673],[5.903797225961184,51.947347364060896],[5.903679724433043,51.94736999721708],[5.903048499158991,51.94749655344461],[5.902808882131693,51.94754219610994],[5.902467888293723,51.94760718887559],[5.902405140717567,51.947622445758526],[5.901986463009417,51.94770918163784],[5.901836725790294,51.94773980187351],[5.901355240423843,51.947836798339104],[5.901058835149466,51.94791091476782],[5.9008450630670195,51.9479742707551],[5.900663015373675,51.948028224343815],[5.900483193262769,51.9480847709755],[5.900277630571881,51.948149410478536],[5.9001460078947785,51.94819957029263],[5.899882763101993,51.94829988857294],[5.899695907327471,51.94836634112657],[5.899424124209946,51.948477398059126],[5.899251783917161,51.94855127841698],[5.899189185993186,51.94857973237006],[5.8989171764807615,51.94870355254839],[5.898684377764778,51.948809522224416],[5.898297003942559,51.94901061722495],[5.898063438622637,51.94913270244858],[5.897944647729579,51.94919479355837],[5.89760170729486,51.949394979421825],[5.897408928556256,51.94949962403106],[5.897218102774668,51.94962387972993],[5.896858069199104,51.94984447198746],[5.896553764027564,51.950041634352104],[5.896501008400082,51.95007289801811],[5.896396642000648,51.95014211757646],[5.896205585494821,51.95026883182561],[5.895727628816642,51.95059144415633],[5.895237244490009,51.95092615894478],[5.894710177879898,51.95128590356637],[5.894676568852778,51.95130884229695],[5.894206648346433,51.951624960864486],[5.8941787313797755,51.95164343823439],[5.893909128907668,51.95182187306551],[5.893508766312555,51.95209201089662],[5.893256175307087,51.952261676476354],[5.892695680602058,51.95264531026832],[5.89238744183104,51.95285532026304],[5.892057290995559,51.953067920487314],[5.891762240034552,51.953270381262136],[5.8915112178809075,51.95343519603596],[5.891347357777227,51.953547198329176],[5.891268009437953,51.95361186571476],[5.891139302601399,51.9537339449072],[5.8910131844123645,51.95386975072001],[5.890850435963709,51.954035807317645],[5.890829277738149,51.95405739636995],[5.890940134178729,51.95410896701393],[5.8911956574796935,51.954241644548176],[5.8914618147222635,51.95437843845403],[5.891503515962116,51.9544073927948],[5.891927358272262,51.95461842124965],[5.892214894535883,51.954773552391714],[5.892326259033626,51.95483609617687],[5.892398807645537,51.9548696734498],[5.892846738708224,51.955082973446274],[5.892915479190017,51.95512013426912],[5.893181491204152,51.955243249990914],[5.893771794123486,51.955512066305346],[5.894109675341851,51.95567416576901],[5.894397918537956,51.95581244790602],[5.8946711105555405,51.955943509201866],[5.895143975850619,51.95617035794306],[5.895550789160941,51.95636551593864],[5.895660240197851,51.95641802212618],[5.896276997336893,51.956713887949576],[5.8963013819015115,51.9567255850437],[5.896771718083555,51.956951051315585],[5.897387709337863,51.95724633581198],[5.8977705269151635,51.95742984154408],[5.8984403843683735,51.95775093413825],[5.89877080085611,51.95790931446176],[5.8994550117000335,51.95823727431201],[5.899455156525346,51.95823734379063],[5.899982049738439,51.9584840922531],[5.900649992357188,51.95886073578932],[5.900817377811788,51.95895608350146],[5.901355411214211,51.959281921751895],[5.901655113499429,51.95950225748676],[5.901732764617481,51.959559944997736],[5.902370780642064,51.960004073254325],[5.902402017388837,51.96002581774139],[5.902590625332213,51.95991537960257]]]]},"properties":{"buurtcode":"BU02021993","buurtnaam":"Vredenburg","gemeentenaam":"Arnhem","aantalInwoners":4775,"crime_violent":32,"crime_property":0,"crime_disorder":5,"crime_count":37}},{"type":"Feature","geometry":{"type":"MultiPolygon","coordinates":[[[[5.8823536363292455,51.96702952597869],[5.882803220294641,51.96702652060976],[5.8834080960448,51.966994005832646],[5.8838673964203885,51.966957821587194],[5.884317282335305,51.966905978950955],[5.884656353564119,51.966860311830665],[5.885159113345976,51.96678541187856],[5.885830083113519,51.966672697299344],[5.886652997322417,51.96651367285184],[5.887547289343041,51.9663343623543],[5.888081676796259,51.96622800792922],[5.888572968075983,51.96613022812185],[5.889377152948784,51.96598511725347],[5.889594133550586,51.96594099701977],[5.889714083543351,51.96591660609374],[5.889781509900332,51.96590289566368],[5.890987134301208,51.965657733900436],[5.891797794791977,51.96549287886354],[5.892062626968015,51.965420397168714],[5.892220065592739,51.96538404820798],[5.892880082801064,51.96519095815614],[5.89306425387474,51.96513546832857],[5.8934093889059875,51.96501507439044],[5.893727602098903,51.96489717370163],[5.894076422244184,51.96476249287328],[5.894313948764719,51.96465920733137],[5.894425026631788,51.964608786235516],[5.894719838747313,51.964464823983405],[5.894953485375155,51.964359175553305],[5.895148661655845,51.96425607112953],[5.8953132278494795,51.96416974599633],[5.89558870684225,51.96401873008581],[5.896396551034482,51.963596758046144],[5.89676730389573,51.96337600124661],[5.8972831381426465,51.963068853300804],[5.8973661779081175,51.96301345637694],[5.897366284756849,51.96301338400653],[5.8959809548933935,51.962222370108655],[5.894886171931183,51.961582019393425],[5.893767561539736,51.960959597470584],[5.89308959305859,51.96057903440596],[5.892135932715976,51.96007182314867],[5.891627735466956,51.95980943180325],[5.891298608436786,51.95963842515028],[5.890598075704348,51.95929165994725],[5.889709426222111,51.95885176145031],[5.8888717248550595,51.95844515932805],[5.888693762125715,51.958358777774066],[5.888676919352703,51.95835060275431],[5.888161270624475,51.95810030777391],[5.888160030164661,51.958099704544416],[5.886292638879744,51.95714619311908],[5.885568183910295,51.95677625837657],[5.885567971743272,51.95677614871855],[5.883174649651754,51.95557288481216],[5.882574439512057,51.955251961496344],[5.882470522912224,51.95518295675502],[5.882317076472353,51.95509037810929],[5.882161998606116,51.95498924469622],[5.881913878447147,51.954827858820565],[5.8817969462903035,51.95474773118812],[5.881747449242512,51.95470941245476],[5.881646179300782,51.954635996044445],[5.881462788086791,51.95449764301649],[5.881377120631858,51.954425230412475],[5.881356175147728,51.95441069343442],[5.88125716154106,51.954332272364496],[5.88117557901342,51.95426376677989],[5.8811190405616625,51.9542151326318],[5.881035187710839,51.954150203975544],[5.880934317120488,51.954060375186586],[5.880894628335787,51.95402130213486],[5.880726593196151,51.953861480353865],[5.880588184772858,51.95371794322288],[5.880554903913721,51.95368634577409],[5.880460996268409,51.95359718936006],[5.88030966016688,51.9534330157689],[5.880142307626702,51.95322966943733],[5.880047953988298,51.95310200023748],[5.879995446164827,51.95303467978409],[5.8798990277905965,51.952911656224444],[5.87981885727309,51.95279617498413],[5.87978446711701,51.95274875521786],[5.879703303563903,51.9526233279168],[5.879605447107226,51.95246388560966],[5.879524195536909,51.95231987057289],[5.879488518031986,51.952260327182536],[5.879425135533175,51.9521312190891],[5.87935389656216,51.951987637487456],[5.879291977013784,51.95185138911651],[5.8792216168206455,51.951681609803245],[5.879165296694722,51.95151043693314],[5.879093927467898,51.95128779836921],[5.879032439361102,51.95106719924131],[5.878977833576408,51.950800666708496],[5.878281374318347,51.95084180580741],[5.877501477161752,51.950892469438706],[5.877264680570359,51.95092464622556],[5.877052623277721,51.950960488309505],[5.8768544126120466,51.95099556047276],[5.876679897430518,51.95102928338541],[5.876401601596615,51.95108305946966],[5.876265667088858,51.95111144934054],[5.876058445149133,51.95116748438798],[5.875986300577871,51.95118680999843],[5.875815982676419,51.95123888643109],[5.875571959780548,51.95130839161054],[5.875417719011287,51.95136326618735],[5.875285182980733,51.95141041753928],[5.874906369748593,51.95154326456497],[5.87479289709144,51.95158464035406],[5.8745536735624775,51.951671246370076],[5.874363527275867,51.951740525723004],[5.873613521459349,51.951986205251785],[5.873410971238903,51.95204768570359],[5.8729799350583285,51.952182984980965],[5.872700455480048,51.95227603725893],[5.87235396342977,51.95239139946653],[5.871512672498428,51.952683359188306],[5.870840896189823,51.952919423565355],[5.870276047093034,51.95311366418624],[5.869600633243206,51.953334753632994],[5.867832131670305,51.95388847909597],[5.867810190917083,51.953895348696854],[5.867788500464904,51.953902227157855],[5.867823201474892,51.95394867028397],[5.867995592519265,51.954158688133575],[5.868113250135281,51.95430202730924],[5.868194858375924,51.954410614660745],[5.868291380519202,51.95454601348449],[5.868359865028243,51.95465108692247],[5.868453016404779,51.954795060829355],[5.868621374843965,51.95502469880247],[5.868784394384133,51.95524103942601],[5.868891835913471,51.95538923562595],[5.869035417173438,51.955587225757405],[5.869171242368228,51.955779895822765],[5.8693314656494655,51.95600397714526],[5.869536559555762,51.95628435535942],[5.869771152205994,51.95662287839686],[5.870005631769187,51.95695069897406],[5.870248858227333,51.95728621225625],[5.87047646967321,51.957600980222146],[5.870608273998673,51.957778092790015],[5.870704961176818,51.95790801502788],[5.870740155202305,51.95795900158141],[5.870894522407355,51.958174186580415],[5.871066309655965,51.958398217969716],[5.871215313303329,51.958609664777136],[5.871418464324681,51.95886959106088],[5.87172930146999,51.95926729116406],[5.872032972644598,51.959655815894266],[5.8722705481839395,51.9599597712351],[5.872564712161265,51.96035879626127],[5.872765957999548,51.960635618119575],[5.872988166818667,51.96089273234088],[5.873314359774193,51.96126678114223],[5.873916023344725,51.961991956986715],[5.873916123585989,51.961992077016035],[5.874285936558194,51.96243095719368],[5.874286251984055,51.96243133070227],[5.874809402912192,51.963048745518975],[5.875238369029836,51.96352307474789],[5.875667144162858,51.964017780725726],[5.876271822729971,51.96462146225773],[5.876488492567966,51.96483776858818],[5.877124797415791,51.96535879470155],[5.877336850829041,51.96552771316804],[5.877524193469538,51.965654275927],[5.877851156549049,51.965875160618964],[5.878408874763683,51.966178191010975],[5.878622511334691,51.96628003567649],[5.878883170414339,51.9664027638213],[5.879115133396383,51.96649264477724],[5.879520888997186,51.96662935633797],[5.8800306576282795,51.96677133912322],[5.880412723050912,51.9668539253509],[5.880789997269758,51.96692083406596],[5.881153161533561,51.96696497038356],[5.881793677270329,51.96702220867034],[5.882225748096343,51.96703037978189],[5.8823536363292455,51.96702952597869]]]]},"properties":{"buurtcode":"BU02022092","buurtnaam":"Elden","gemeentenaam":"Arnhem","aantalInwoners":2910,"crime_violent":20,"crime_property":5,"crime_disorder":0,"crime_count":25}},{"type":"Feature","geometry":{"type":"MultiPolygon","coordinates":[[[[5.85326073985954,51.9621312996935],[5.85341732259354,51.96210033177476],[5.853417934975908,51.96210017564666],[5.853545415381782,51.96207499815218],[5.853691675221179,51.96203541590927],[5.853807700000828,51.9620008484879],[5.8540685672734085,51.96192312829356],[5.854419166675096,51.96181914937364],[5.854655754734843,51.961751123870286],[5.85491210541275,51.96167741596425],[5.855111348622075,51.96162012721237],[5.855384977615006,51.96153964332026],[5.855623278984351,51.961468357952526],[5.855843948144238,51.96140234750957],[5.856062355896916,51.96133858825869],[5.856395518753244,51.961242973660475],[5.856395990204421,51.96124283875206],[5.856571514546566,51.96119202385807],[5.85672530471834,51.96114597120568],[5.856873890502507,51.96110147614194],[5.8570176664563105,51.96105842205935],[5.857073350411533,51.96104174733399],[5.857218660502002,51.96099823296308],[5.8573750571537975,51.96095139783758],[5.857587255984928,51.960887852004504],[5.857801662356047,51.96082564790299],[5.858022880547794,51.960765002585276],[5.858228020749867,51.960708765310926],[5.858334826162152,51.96067948490619],[5.858267965749211,51.96056435926945],[5.858221864172183,51.96048160562598],[5.858196803537604,51.9604320614849],[5.858166375224153,51.960375403873144],[5.858148700442815,51.96033228198995],[5.858124893249594,51.960274201064514],[5.858116938184171,51.960249856488105],[5.858096557257968,51.96017859299472],[5.8580714074175315,51.96009307867186],[5.858048163225259,51.95994750998519],[5.858032676440562,51.95985042220715],[5.858023924013742,51.95975009862387],[5.858022355660131,51.95967400316446],[5.858022875674203,51.95965021968297],[5.8580261432824,51.95954818872826],[5.858494662082654,51.95956118259648],[5.859098976414048,51.95957943631274],[5.85910002429073,51.95957946896056],[5.859577464482576,51.959594044219074],[5.859727026565627,51.95961342006054],[5.859774818780511,51.95961893564853],[5.859831532454707,51.95963107394377],[5.859972393862704,51.95966475435834],[5.860063474234828,51.95968698045091],[5.860151465705111,51.95970822028742],[5.860338563088249,51.9597500204746],[5.860338761403012,51.959750062821016],[5.860431426967113,51.95976460709145],[5.86050512006522,51.95977455908554],[5.860550830235184,51.95978073259609],[5.860631213824215,51.95978813545041],[5.860664490966371,51.95979119955407],[5.860699149617674,51.95979254670258],[5.860799260115139,51.95979481946257],[5.860899342366568,51.95979441641605],[5.86096377772427,51.959790291884815],[5.861092129170081,51.95977847822658],[5.86118851865853,51.959770212412856],[5.8612407982418695,51.959763343134526],[5.861270023701216,51.959760371533335],[5.861443406360932,51.95999368453192],[5.861510589749023,51.96008568723293],[5.861538485934726,51.96010269755921],[5.861575611913777,51.960118718785196],[5.861623473866751,51.96013089281973],[5.861650612766672,51.960136823524806],[5.861679034977343,51.960143034876495],[5.86169878054858,51.960147921287195],[5.861722088472839,51.96017790410663],[5.861726644763582,51.96018376680868],[5.861803996640272,51.9603027751941],[5.861903285908894,51.96027407733889],[5.862363478388783,51.96014106628806],[5.864031377803615,51.95965896296236],[5.8640501684353366,51.95965353151242],[5.864293960330994,51.95958306278175],[5.8653477692509615,51.959289995250884],[5.866037922054346,51.959098054254575],[5.866954793340955,51.95884305069771],[5.86870995512937,51.9583548726787],[5.8704149762166375,51.957836932246124],[5.870573637048281,51.95778863649643],[5.870608273998673,51.957778092790015],[5.87047646967321,51.957600980222146],[5.870248858227333,51.95728621225625],[5.870005631769187,51.95695069897406],[5.869771152205994,51.95662287839686],[5.869536559555762,51.95628435535942],[5.8693314656494655,51.95600397714526],[5.869171242368228,51.955779895822765],[5.869035417173438,51.955587225757405],[5.868891835913471,51.95538923562595],[5.868784394384133,51.95524103942601],[5.868621374843965,51.95502469880247],[5.868453016404779,51.954795060829355],[5.868359865028243,51.95465108692247],[5.868291380519202,51.95454601348449],[5.868194858375924,51.954410614660745],[5.868113250135281,51.95430202730924],[5.867995592519265,51.954158688133575],[5.867823201474892,51.95394867028397],[5.867788500464904,51.953902227157855],[5.867502740005386,51.95397803676636],[5.866765997989103,51.95417348363852],[5.866410788277849,51.95426771320043],[5.865680632880769,51.954443679148255],[5.865104675063824,51.95457444247993],[5.86446901629811,51.954701878693726],[5.863727358982339,51.95481547107912],[5.863175853485336,51.95489380633545],[5.862391636632184,51.954987348572864],[5.861657164601213,51.95505333597992],[5.861118670904192,51.95508880196702],[5.860384032274449,51.9551393229876],[5.858261341075612,51.95514606136335],[5.857723018255033,51.95512491046917],[5.857431852101028,51.95510800034964],[5.856659934414858,51.95505400820374],[5.856151625565856,51.95503177933706],[5.855687254868348,51.95501507996047],[5.854963956540338,51.95497229822276],[5.854039567526977,51.95491318764321],[5.853672086754664,51.954886107790465],[5.853126877923372,51.954868292477855],[5.85191727454687,51.954840184767185],[5.851904869254835,51.95494180584955],[5.851899603131292,51.95498493123673],[5.8518009507548,51.956162992883215],[5.851760830801589,51.956749132976675],[5.851624837903989,51.9581879904756],[5.851554562007375,51.959133829411314],[5.8515331207566215,51.95929372699915],[5.851509260849574,51.95966624374688],[5.851467721277836,51.960115882014435],[5.851449017858114,51.960317149332965],[5.851425009056765,51.960675396684636],[5.851389790554744,51.96106650742069],[5.851331273382004,51.961773055592225],[5.851338802823639,51.96250074706059],[5.851346628145228,51.96261116143904],[5.85326073985954,51.9621312996935]]]]},"properties":{"buurtcode":"BU02022191","buurtnaam":"Elderveld-Zuid","gemeentenaam":"Arnhem","aantalInwoners":3685,"crime_violent":14,"crime_property":1,"crime_disorder":0,"crime_count":15}},{"type":"Feature","geometry":{"type":"MultiPolygon","coordinates":[[[[5.853722882819318,51.96876596179425],[5.853928090212858,51.96872096380189],[5.854268069845047,51.96864262925667],[5.854497459121935,51.968606756293276],[5.854594371468619,51.968595907049064],[5.854743693595496,51.96858960606752],[5.854946977889513,51.968588797943326],[5.855119519352978,51.96859381935603],[5.855358292695374,51.968599528817315],[5.855639230258371,51.968591839953405],[5.855846360779395,51.968586170240016],[5.8560372149920985,51.96857494551751],[5.856212648045706,51.96856188003539],[5.856511163611885,51.968536907218066],[5.856828178989349,51.96851376262124],[5.857833005873266,51.96843269424206],[5.858308510962623,51.968396545294645],[5.858912205126059,51.96834564291716],[5.859516588757542,51.96831238868175],[5.859654985344522,51.9683066502298],[5.859859492859751,51.9682981697028],[5.859989952770321,51.96829229466443],[5.860371604857271,51.968283268314366],[5.860576056692626,51.96828387308733],[5.860697320134373,51.96828231452426],[5.8609572364070965,51.96828483549048],[5.861186561477074,51.96828926243899],[5.861281907104485,51.96829422898066],[5.861461404018229,51.968299381119984],[5.861482467017452,51.96829998560443],[5.86171114106392,51.968306410468],[5.861911120227945,51.96832094313162],[5.861922677141454,51.968321610167564],[5.862397757193225,51.96835465124531],[5.862553242982459,51.968366864686224],[5.862931886878274,51.96840100694367],[5.863253393254911,51.968438588970486],[5.863633316368929,51.96848413900233],[5.863668859237664,51.96848876695775],[5.863709701572255,51.96832831673853],[5.863733958464296,51.96823302194212],[5.863939246061202,51.96742652184798],[5.864235419749205,51.96626290943629],[5.864067104307936,51.96578869937057],[5.86391336319615,51.965378374039155],[5.863829452947516,51.96516277602364],[5.863684997371887,51.964756217516005],[5.863631296388127,51.964629915835424],[5.863614675540572,51.964514880060676],[5.863619015981829,51.96434363338723],[5.863624156022164,51.96424753512313],[5.863730875356535,51.964146267833414],[5.864145856292806,51.963781200963716],[5.864287152153795,51.963600837411214],[5.864406038274365,51.96319606596469],[5.86450251464912,51.96285607093464],[5.864624832770581,51.96248457906802],[5.864745994214694,51.962088405212924],[5.864761736241144,51.96203692697737],[5.864886247358454,51.96158266554363],[5.865029185236716,51.960973624953425],[5.865053110920904,51.96092367829134],[5.865073832747074,51.960876189475734],[5.865096347225775,51.96081397043386],[5.865143613038237,51.96075201034479],[5.865204155436968,51.960685304353284],[5.865241723723733,51.96064859599285],[5.8652964759461685,51.96060789884368],[5.865350889482045,51.960581845089116],[5.865443264172174,51.96055050460384],[5.865455747695217,51.96054369459389],[5.865461708228718,51.96053915819821],[5.865467853469106,51.96053284135516],[5.865473082597356,51.96052520694765],[5.8655248247922405,51.96033598023196],[5.86552473757607,51.960327801175616],[5.865523336626667,51.9603233126912],[5.865518743571731,51.96031827991003],[5.865510792166187,51.960313485495284],[5.86549888430411,51.96031014530788],[5.865236641711879,51.96027821518133],[5.865215817339443,51.960272349521674],[5.865194982190304,51.96025727981804],[5.865184845306448,51.96024263402846],[5.865179895528382,51.96023142767796],[5.865176426643535,51.96020354189443],[5.8651739445993245,51.9601631313097],[5.865173716865354,51.96012810458172],[5.865184139762095,51.960061728098744],[5.865190268467062,51.960048400413065],[5.86520789454735,51.960029938585976],[5.8653102617505,51.95996840162531],[5.86531500464459,51.95996429263944],[5.865324022824392,51.95995178911806],[5.865335737623159,51.95989744278684],[5.86534839657419,51.95976378827723],[5.865360263390415,51.9596732092266],[5.865365661778327,51.959640514574154],[5.865376831034029,51.95960051588378],[5.865387467804836,51.959585632847705],[5.865421121494239,51.9595653171364],[5.865442349192725,51.959555820003665],[5.8654667244592575,51.959549518913974],[5.8654943773533015,51.95954496620979],[5.8653477692509615,51.959289995250884],[5.864293960330994,51.95958306278175],[5.8640501684353366,51.95965353151242],[5.864031377803615,51.95965896296236],[5.862363478388783,51.96014106628806],[5.861903285908894,51.96027407733889],[5.861803996640272,51.9603027751941],[5.861726644763582,51.96018376680868],[5.861722088472839,51.96017790410663],[5.86169878054858,51.960147921287195],[5.861679034977343,51.960143034876495],[5.861650612766672,51.960136823524806],[5.861623473866751,51.96013089281973],[5.861575611913777,51.960118718785196],[5.861538485934726,51.96010269755921],[5.861510589749023,51.96008568723293],[5.861443406360932,51.95999368453192],[5.861270023701216,51.959760371533335],[5.8612407982418695,51.959763343134526],[5.86118851865853,51.959770212412856],[5.861092129170081,51.95977847822658],[5.86096377772427,51.959790291884815],[5.860899342366568,51.95979441641605],[5.860799260115139,51.95979481946257],[5.860699149617674,51.95979254670258],[5.860664490966371,51.95979119955407],[5.860631213824215,51.95978813545041],[5.860550830235184,51.95978073259609],[5.86050512006522,51.95977455908554],[5.860431426967113,51.95976460709145],[5.860338761403012,51.959750062821016],[5.860338563088249,51.9597500204746],[5.860151465705111,51.95970822028742],[5.860063474234828,51.95968698045091],[5.859972393862704,51.95966475435834],[5.859831532454707,51.95963107394377],[5.859774818780511,51.95961893564853],[5.859727026565627,51.95961342006054],[5.859577464482576,51.959594044219074],[5.85910002429073,51.95957946896056],[5.859098976414048,51.95957943631274],[5.858494662082654,51.95956118259648],[5.8580261432824,51.95954818872826],[5.858022875674203,51.95965021968297],[5.858022355660131,51.95967400316446],[5.858023924013742,51.95975009862387],[5.858032676440562,51.95985042220715],[5.858048163225259,51.95994750998519],[5.8580714074175315,51.96009307867186],[5.858096557257968,51.96017859299472],[5.858116938184171,51.960249856488105],[5.858124893249594,51.960274201064514],[5.858148700442815,51.96033228198995],[5.858166375224153,51.960375403873144],[5.858196803537604,51.9604320614849],[5.858221864172183,51.96048160562598],[5.858267965749211,51.96056435926945],[5.858334826162152,51.96067948490619],[5.858228020749867,51.960708765310926],[5.858022880547794,51.960765002585276],[5.857801662356047,51.96082564790299],[5.857587255984928,51.960887852004504],[5.8573750571537975,51.96095139783758],[5.857218660502002,51.96099823296308],[5.857073350411533,51.96104174733399],[5.8570176664563105,51.96105842205935],[5.856873890502507,51.96110147614194],[5.85672530471834,51.96114597120568],[5.856571514546566,51.96119202385807],[5.856395990204421,51.96124283875206],[5.856395518753244,51.961242973660475],[5.856062355896916,51.96133858825869],[5.855843948144238,51.96140234750957],[5.855623278984351,51.961468357952526],[5.855384977615006,51.96153964332026],[5.855111348622075,51.96162012721237],[5.85491210541275,51.96167741596425],[5.854655754734843,51.961751123870286],[5.854419166675096,51.96181914937364],[5.8540685672734085,51.96192312829356],[5.853807700000828,51.9620008484879],[5.853691675221179,51.96203541590927],[5.853545415381782,51.96207499815218],[5.853417934975908,51.96210017564666],[5.85341732259354,51.96210033177476],[5.85326073985954,51.9621312996935],[5.851346628145228,51.96261116143904],[5.8513489058833645,51.96264328490539],[5.851365849595296,51.96288233692639],[5.851393978837686,51.963230833683134],[5.8513991962608065,51.96329224666605],[5.851410670483599,51.96341342815407],[5.851499020914997,51.96391534930288],[5.851625336507246,51.9645141496868],[5.851829615340486,51.965205867314026],[5.852398681593298,51.96662100768303],[5.853167018128318,51.9679421324584],[5.853685827587099,51.968769328366434],[5.853688451170385,51.96877351102521],[5.853722882819318,51.96876596179425]]]]},"properties":{"buurtcode":"BU02022194","buurtnaam":"Elderveld-Noord","gemeentenaam":"Arnhem","aantalInwoners":2305,"crime_violent":19,"crime_property":0,"crime_disorder":13,"crime_count":32}},{"type":"Feature","geometry":{"type":"MultiPolygon","coordinates":[[[[5.86794226032208,51.9689667380627],[5.867966253278512,51.96896369632048],[5.868026737012155,51.96895602742495],[5.868084718255356,51.968948676130246],[5.868188456916543,51.9689282753849],[5.86831064523869,51.96890494528916],[5.868426968474217,51.96887343448994],[5.868558258865648,51.96883722433927],[5.868904485011268,51.96872896788466],[5.869338630858829,51.96858912723283],[5.869665432785882,51.96849147979029],[5.869902104946603,51.968427011509384],[5.870001738256887,51.9684036661372],[5.870134473654996,51.968372565356034],[5.870257056701484,51.968352069231486],[5.870291083883926,51.968347648339694],[5.87039031011404,51.96833760977222],[5.870456662123724,51.968331629596904],[5.870522459491716,51.96832779179065],[5.870606752353686,51.96832530529303],[5.870671402020629,51.96832218579533],[5.870813995263331,51.968316961653905],[5.870919672026677,51.968315814366385],[5.871018744239431,51.968316878319186],[5.871289298662131,51.968319780319796],[5.871501983304422,51.96832230246776],[5.871802340857074,51.968327695295166],[5.872038660603715,51.96833208305808],[5.872404115378273,51.96833886617218],[5.872610888883611,51.968342704121866],[5.872898227913648,51.96834803641644],[5.87298924292653,51.968351525577056],[5.873203151065844,51.968362050920014],[5.873419299654784,51.968376140384905],[5.873553396687064,51.968386287571455],[5.873745283657816,51.968399763070245],[5.874147580702844,51.9684305607702],[5.874442355855928,51.968452170585266],[5.874650994357761,51.96846593205824],[5.8748110495631645,51.968473116438716],[5.874890164109472,51.96847243162695],[5.874997335018307,51.96846587427587],[5.87519543567076,51.96845011936412],[5.875325192041875,51.96843281501285],[5.875498738419674,51.96840605366275],[5.87562035545944,51.96838378794027],[5.87577018478016,51.96835355808052],[5.8759198573238764,51.96832151213302],[5.876041461869229,51.96828572303797],[5.876176131253018,51.96824235625116],[5.876264991224881,51.968212752199214],[5.876445220204724,51.9681327919168],[5.876575737446039,51.96807945407186],[5.8767538043605345,51.96799095797044],[5.876826687072114,51.96794856123398],[5.876964999689695,51.967868792587396],[5.8771110004310625,51.96778444544304],[5.877240083763478,51.967700187468225],[5.877314759831552,51.96764114999045],[5.87748394992937,51.96750739020755],[5.8776358772180854,51.967387276375355],[5.877676030157347,51.967355531044184],[5.877963993708133,51.96712786459277],[5.877996759702815,51.96710195914748],[5.8781158506315805,51.96700780434935],[5.878259389814143,51.96689431946094],[5.878290226638552,51.96686993922105],[5.8783953834439355,51.96678708764738],[5.878513454826772,51.96669406113869],[5.878717288775528,51.966533461190075],[5.878883170414339,51.9664027638213],[5.878622511334691,51.96628003567649],[5.878408874763683,51.966178191010975],[5.877851156549049,51.965875160618964],[5.877524193469538,51.965654275927],[5.877336850829041,51.96552771316804],[5.877124797415791,51.96535879470155],[5.876488492567966,51.96483776858818],[5.876271822729971,51.96462146225773],[5.875667144162858,51.964017780725726],[5.875238369029836,51.96352307474789],[5.874809402912192,51.963048745518975],[5.874286251984055,51.96243133070227],[5.874285936558194,51.96243095719368],[5.873916123585989,51.961992077016035],[5.873916023344725,51.961991956986715],[5.873314359774193,51.96126678114223],[5.872988166818667,51.96089273234088],[5.872765957999548,51.960635618119575],[5.872564712161265,51.96035879626127],[5.8722705481839395,51.9599597712351],[5.872032972644598,51.959655815894266],[5.87172930146999,51.95926729116406],[5.871418464324681,51.95886959106088],[5.871215313303329,51.958609664777136],[5.871066309655965,51.958398217969716],[5.870894522407355,51.958174186580415],[5.870740155202305,51.95795900158141],[5.870704961176818,51.95790801502788],[5.870608273998673,51.957778092790015],[5.870573637048281,51.95778863649643],[5.8704149762166375,51.957836932246124],[5.86870995512937,51.9583548726787],[5.866954793340955,51.95884305069771],[5.866037922054346,51.959098054254575],[5.8653477692509615,51.959289995250884],[5.8654943773533015,51.95954496620979],[5.8654667244592575,51.959549518913974],[5.865442349192725,51.959555820003665],[5.865421121494239,51.9595653171364],[5.865387467804836,51.959585632847705],[5.865376831034029,51.95960051588378],[5.865365661778327,51.959640514574154],[5.865360263390415,51.9596732092266],[5.86534839657419,51.95976378827723],[5.865335737623159,51.95989744278684],[5.865324022824392,51.95995178911806],[5.86531500464459,51.95996429263944],[5.8653102617505,51.95996840162531],[5.86520789454735,51.960029938585976],[5.865190268467062,51.960048400413065],[5.865184139762095,51.960061728098744],[5.865173716865354,51.96012810458172],[5.8651739445993245,51.9601631313097],[5.865176426643535,51.96020354189443],[5.865179895528382,51.96023142767796],[5.865184845306448,51.96024263402846],[5.865194982190304,51.96025727981804],[5.865215817339443,51.960272349521674],[5.865236641711879,51.96027821518133],[5.86549888430411,51.96031014530788],[5.865510792166187,51.960313485495284],[5.865518743571731,51.96031827991003],[5.865523336626667,51.9603233126912],[5.86552473757607,51.960327801175616],[5.8655248247922405,51.96033598023196],[5.865473082597356,51.96052520694765],[5.865467853469106,51.96053284135516],[5.865461708228718,51.96053915819821],[5.865455747695217,51.96054369459389],[5.865443264172174,51.96055050460384],[5.865350889482045,51.960581845089116],[5.8652964759461685,51.96060789884368],[5.865241723723733,51.96064859599285],[5.865204155436968,51.960685304353284],[5.865143613038237,51.96075201034479],[5.865096347225775,51.96081397043386],[5.865073832747074,51.960876189475734],[5.865053110920904,51.96092367829134],[5.865029185236716,51.960973624953425],[5.864886247358454,51.96158266554363],[5.864761736241144,51.96203692697737],[5.864745994214694,51.962088405212924],[5.864624832770581,51.96248457906802],[5.86450251464912,51.96285607093464],[5.864406038274365,51.96319606596469],[5.864287152153795,51.963600837411214],[5.864145856292806,51.963781200963716],[5.863730875356535,51.964146267833414],[5.863624156022164,51.96424753512313],[5.863619015981829,51.96434363338723],[5.863614675540572,51.964514880060676],[5.863631296388127,51.964629915835424],[5.863684997371887,51.964756217516005],[5.863829452947516,51.96516277602364],[5.86391336319615,51.965378374039155],[5.864067104307936,51.96578869937057],[5.864235419749205,51.96626290943629],[5.863939246061202,51.96742652184798],[5.863733958464296,51.96823302194212],[5.863709701572255,51.96832831673853],[5.863668859237664,51.96848876695775],[5.863901662235791,51.96851908075609],[5.864241728813882,51.96856613769037],[5.864455175981399,51.96859567319718],[5.864839223780234,51.96864869349891],[5.865416510047258,51.96873374540261],[5.865704065220787,51.96878251802935],[5.865880514344428,51.96881069500049],[5.865951066170166,51.968819326128916],[5.866238485303307,51.96885525544743],[5.866302657427613,51.968861415380765],[5.8667946133425914,51.96890542836089],[5.866899823086308,51.96891463039111],[5.867333940384677,51.96895067239686],[5.867589399771941,51.96896817959752],[5.867684723150187,51.9689710009189],[5.867773683343501,51.96897277764614],[5.867856267426966,51.968972440232406],[5.86794226032208,51.9689667380627]]]]},"properties":{"buurtcode":"BU02022197","buurtnaam":"Elderhof","gemeentenaam":"Arnhem","aantalInwoners":2820,"crime_violent":5,"crime_property":0,"crime_disorder":0,"crime_count":5}},{"type":"Feature","geometry":{"type":"MultiPolygon","coordinates":[[[[5.861118670904192,51.95508880196702],[5.861657164601213,51.95505333597992],[5.862391636632184,51.954987348572864],[5.863175853485336,51.95489380633545],[5.863727358982339,51.95481547107912],[5.86446901629811,51.954701878693726],[5.865104675063824,51.95457444247993],[5.865680632880769,51.954443679148255],[5.866410788277849,51.95426771320043],[5.866765997989103,51.95417348363852],[5.867502740005386,51.95397803676636],[5.867788500464904,51.953902227157855],[5.8677692157086465,51.95387538578771],[5.867545604207926,51.953571832589226],[5.867485654205333,51.953490453125845],[5.867278433219222,51.95320914521491],[5.867263747079303,51.95318920963146],[5.867036245471776,51.952880366403136],[5.866918970905454,51.95272116100386],[5.866841624281154,51.95261615792326],[5.8668196258916545,51.95258629298973],[5.866771832696281,51.952521411176086],[5.866541072772992,51.95220813372554],[5.866513099636364,51.95217015771046],[5.866263799672513,51.95183170603735],[5.8660999644369065,51.951609279202366],[5.865975301609245,51.95144003237168],[5.865959515485204,51.95141859914596],[5.865935739695391,51.951386322511],[5.865867777762659,51.951294053062504],[5.865853702447938,51.951274942645384],[5.865849391473326,51.951269269652364],[5.865846410911708,51.95126504196778],[5.865838930479836,51.9512548876875],[5.865828273649765,51.95124041933147],[5.865816219057257,51.95122405472325],[5.8658041629807665,51.95120768652461],[5.865782208779051,51.951177879640916],[5.8657792316688955,51.95117383799985],[5.865762719547172,51.951151419879835],[5.865741251009809,51.95112227255642],[5.865736264722566,51.95111451700427],[5.865713263579275,51.95107873709836],[5.86570745634688,51.95106970314324],[5.865695007642905,51.95105033800891],[5.865680965915911,51.9510284976648],[5.865669594935379,51.951014299154885],[5.8656066853959015,51.95093574862816],[5.865533199184041,51.95082974295352],[5.865453934034678,51.95072304795812],[5.865380793433953,51.950613235103845],[5.865338626405863,51.95055680586533],[5.865287399318147,51.95048091316569],[5.865265482376082,51.950446755659655],[5.865194340529007,51.95034383224246],[5.865095808578908,51.95019868844431],[5.865010542072487,51.95007037532612],[5.864991717466767,51.95003739526439],[5.864910739954918,51.949914296780136],[5.86476447616948,51.94969276833395],[5.864533331897836,51.94930963082386],[5.864460821131513,51.94918626036379],[5.86433466724352,51.94896804914974],[5.86430802856111,51.948921971355404],[5.864140764930411,51.94863264976396],[5.864077910510434,51.948512330984286],[5.863991516692591,51.948349775952714],[5.86392172023688,51.94822805878152],[5.8638351972416585,51.94805337523864],[5.8637597541673685,51.94790718572795],[5.863690634989112,51.9477766651506],[5.863634466546904,51.947669637117684],[5.863570036696457,51.947545756958],[5.863495220176979,51.94739635858149],[5.8634113588812475,51.947235614803034],[5.863411297970859,51.947235494605394],[5.863317209311791,51.94704871599089],[5.8632434856398294,51.94690236188439],[5.863223965339199,51.94686361021283],[5.863168243987495,51.946752993779825],[5.8630846335092235,51.94658701211874],[5.862923932007676,51.94627961354767],[5.862821666726454,51.94607122359125],[5.862783535086476,51.94595912733901],[5.862695572470968,51.945737520427144],[5.86261204404079,51.945551482316006],[5.862529374823554,51.94535998921705],[5.862529295789233,51.94535980527478],[5.862457030367135,51.94519133245178],[5.862317638501842,51.944917465239726],[5.862234015727716,51.944724694935715],[5.86215576193271,51.944530000041205],[5.862064800076298,51.94427688699306],[5.861977066248613,51.94400752242323],[5.861928652010495,51.94380239988954],[5.861870451599067,51.94358971266997],[5.8618508633822,51.943521328137535],[5.861780779154526,51.9432766596399],[5.861763083459063,51.94320443390639],[5.861678723465113,51.942941271838826],[5.861610618677017,51.94275985368663],[5.861506349595126,51.94257533299338],[5.861391939219105,51.94258616350017],[5.861361927620522,51.94259364602839],[5.861331853770619,51.94259936707673],[5.860810131852314,51.94269858040496],[5.860354161385083,51.942780044407314],[5.860047681015726,51.94283227750534],[5.8592407755504015,51.942972440014],[5.859168417517977,51.94298320197552],[5.857571129143825,51.94325673794283],[5.8564581729077965,51.94344931214763],[5.855823984443568,51.94355754500204],[5.855313000371712,51.94365101039769],[5.8546877267804875,51.94375972292528],[5.8539357036614605,51.94389401292003],[5.853558905368586,51.94395768971305],[5.8532671152265605,51.944007303093855],[5.852954343365322,51.944054688854905],[5.852821912676911,51.944078240713495],[5.852801473042311,51.944388353150536],[5.852765781267281,51.94474997811132],[5.852741886664945,51.94513593189828],[5.852736508984842,51.945174003669926],[5.852704369153482,51.94559982473901],[5.852689925644044,51.9456914419757],[5.852658333188766,51.94607742706469],[5.85265311712716,51.94613095638833],[5.852621406887409,51.94650564532266],[5.852606513361892,51.9466466104729],[5.852577991042093,51.94695767065666],[5.852564596008207,51.9470576069387],[5.85253696717937,51.94745487191],[5.852531051643092,51.94753396960488],[5.852497464494387,51.94791342249671],[5.852470396705106,51.94827203968904],[5.8524467749098585,51.94859199773127],[5.85243430380845,51.9487811120061],[5.852328834364424,51.950053275340004],[5.852259970836844,51.950761293433565],[5.8521772175723745,51.951689109366434],[5.852093511211903,51.95274820391418],[5.852062198587674,51.953069381221006],[5.851990067783548,51.953908686755234],[5.8519294063031255,51.954740811852815],[5.85191727454687,51.954840184767185],[5.853126877923372,51.954868292477855],[5.853672086754664,51.954886107790465],[5.854039567526977,51.95491318764321],[5.854963956540338,51.95497229822276],[5.855687254868348,51.95501507996047],[5.856151625565856,51.95503177933706],[5.856659934414858,51.95505400820374],[5.857431852101028,51.95510800034964],[5.857723018255033,51.95512491046917],[5.858261341075612,51.95514606136335],[5.860384032274449,51.9551393229876],[5.861118670904192,51.95508880196702]]]]},"properties":{"buurtcode":"BU02022295","buurtnaam":"De Laar-West","gemeentenaam":"Arnhem","aantalInwoners":5880,"crime_violent":8,"crime_property":0,"crime_disorder":0,"crime_count":8}},{"type":"Feature","geometry":{"type":"MultiPolygon","coordinates":[[[[5.867810190917083,51.953895348696854],[5.867832131670305,51.95388847909597],[5.869600633243206,51.953334753632994],[5.870276047093034,51.95311366418624],[5.870840896189823,51.952919423565355],[5.871512672498428,51.952683359188306],[5.87235396342977,51.95239139946653],[5.872700455480048,51.95227603725893],[5.8729799350583285,51.952182984980965],[5.873410971238903,51.95204768570359],[5.873613521459349,51.951986205251785],[5.874363527275867,51.951740525723004],[5.8745536735624775,51.951671246370076],[5.87479289709144,51.95158464035406],[5.874906369748593,51.95154326456497],[5.875285182980733,51.95141041753928],[5.875417719011287,51.95136326618735],[5.875571959780548,51.95130839161054],[5.875815982676419,51.95123888643109],[5.875986300577871,51.95118680999843],[5.876058445149133,51.95116748438798],[5.876265667088858,51.95111144934054],[5.876401601596615,51.95108305946966],[5.876679897430518,51.95102928338541],[5.8768544126120466,51.95099556047276],[5.877052623277721,51.950960488309505],[5.877264680570359,51.95092464622556],[5.877501477161752,51.950892469438706],[5.878281374318347,51.95084180580741],[5.878977833576408,51.950800666708496],[5.878977314858448,51.95079673825656],[5.878943081639651,51.9505361786704],[5.878926789963579,51.95041924047824],[5.878922088608896,51.95035897323187],[5.878914990383442,51.95023807226179],[5.878901168003169,51.94999880347566],[5.878895984230777,51.94983397184085],[5.878893271214569,51.94974766860164],[5.878888388159081,51.94964213479195],[5.87888433099529,51.94937182869704],[5.878880863137393,51.949266013919534],[5.8788779337749375,51.9491040715962],[5.878875981761539,51.94906650470079],[5.878875721659236,51.94893737048185],[5.878875445432698,51.9489121627947],[5.878863615051069,51.94864026758015],[5.878853916715934,51.948369789898024],[5.878847827243144,51.94816529079048],[5.878843842368309,51.947959714157435],[5.878837301485996,51.94778423145701],[5.87882760303138,51.947531233470364],[5.8788236466727835,51.94738094880051],[5.878818603066686,51.94720165413968],[5.878808904854514,51.9469486561311],[5.87881029594378,51.946864938707755],[5.878798725594571,51.94658150752039],[5.878795976501275,51.94647117119563],[5.878790387477918,51.94624193747485],[5.878781190144592,51.94610499279442],[5.878778826390856,51.94595945719576],[5.878771026951065,51.945739270531405],[5.87876085205192,51.94537259642764],[5.878752923449791,51.94509837744211],[5.878739986959178,51.94463411524736],[5.878739527458733,51.94459216562533],[5.878727222187532,51.94424167229313],[5.878719478983952,51.94395632305575],[5.878710700868802,51.94364672024586],[5.878709040746917,51.9435653929727],[5.878702916205589,51.943357565470386],[5.878699924197704,51.943224875066505],[5.878690361561793,51.94298424258782],[5.878689080168764,51.94286724146646],[5.8786761419121465,51.94252911693495],[5.87866596485926,51.94216196808863],[5.878659938145241,51.94189278262346],[5.878647832225056,51.94156036309918],[5.87863229365154,51.94112521958969],[5.878618943486492,51.94067912802145],[5.878605919372568,51.94040331314211],[5.878587472526199,51.94019458518169],[5.878576240050317,51.94008238137271],[5.878554004395301,51.93987890228306],[5.8785420638406976,51.93977240906156],[5.878500438683849,51.939484822915986],[5.87848881219339,51.93940686655048],[5.878457193146362,51.939221070875334],[5.878441767650816,51.939130432461354],[5.87842345861974,51.939039543632035],[5.87838457857035,51.938826858002656],[5.87837295984354,51.938772167171194],[5.8781633795402755,51.938797140546924],[5.878150700562835,51.938798649619294],[5.877861292414484,51.938833186897604],[5.87751851675839,51.93896521855261],[5.87747214110038,51.938993186132215],[5.877203976770103,51.9391688319918],[5.876299535415496,51.940113576024075],[5.87626562082367,51.940144196779926],[5.876189778917213,51.940198811185475],[5.87607575148848,51.940267156822564],[5.875812718996462,51.940379715471195],[5.875196601959292,51.940619712088875],[5.874971488777502,51.9407024137581],[5.874755382924944,51.94078567087153],[5.874740333698541,51.94077655612801],[5.874633605523163,51.940808961425994],[5.874605304151041,51.94081559535157],[5.874444069112465,51.94085341274762],[5.874057059559229,51.940964216105804],[5.873753787730818,51.94103347783113],[5.873467012445761,51.94111936198975],[5.873282606692782,51.94116644178152],[5.872631931995846,51.94133579307747],[5.872419130629163,51.94139043113956],[5.872097245933659,51.94147387716071],[5.871892877388926,51.94152169324453],[5.871235927558806,51.941642812934006],[5.870451760840545,51.94179201932248],[5.8697118053221935,51.94193217645938],[5.869726844329884,51.941963394339794],[5.869130282549554,51.942071104321776],[5.868780958674798,51.9421329287411],[5.868500179719133,51.94218414386738],[5.868113619881984,51.94221583683977],[5.867783203163812,51.94224128582304],[5.867278515214145,51.942279310299135],[5.866783974201351,51.94233196925254],[5.866153718445569,51.94240022563879],[5.865242910331697,51.942513015651066],[5.86425269423381,51.94263581030073],[5.863237804307684,51.942763855824175],[5.86224308137326,51.94288921343255],[5.862237149968033,51.94288669368571],[5.862081291009195,51.94264258760232],[5.862022668454106,51.94255074736529],[5.862011429234785,51.94253315754631],[5.8619756548368,51.94251004906834],[5.8619345756926755,51.94250377926687],[5.861796673751585,51.9425257823083],[5.861753670282847,51.942535582454155],[5.861696158064512,51.94254867695887],[5.861630956389374,51.94256353722348],[5.861506349595126,51.94257533299338],[5.861610618677017,51.94275985368663],[5.861678723465113,51.942941271838826],[5.861763083459063,51.94320443390639],[5.861780779154526,51.9432766596399],[5.8618508633822,51.943521328137535],[5.861870451599067,51.94358971266997],[5.861928652010495,51.94380239988954],[5.861977066248613,51.94400752242323],[5.862064800076298,51.94427688699306],[5.86215576193271,51.944530000041205],[5.862234015727716,51.944724694935715],[5.862317638501842,51.944917465239726],[5.862457030367135,51.94519133245178],[5.862529295789233,51.94535980527478],[5.862529374823554,51.94535998921705],[5.86261204404079,51.945551482316006],[5.862695572470968,51.945737520427144],[5.862783535086476,51.94595912733901],[5.862821666726454,51.94607122359125],[5.862923932007676,51.94627961354767],[5.8630846335092235,51.94658701211874],[5.863168243987495,51.946752993779825],[5.863223965339199,51.94686361021283],[5.8632434856398294,51.94690236188439],[5.863317209311791,51.94704871599089],[5.863411297970859,51.947235494605394],[5.8634113588812475,51.947235614803034],[5.863495220176979,51.94739635858149],[5.863570036696457,51.947545756958],[5.863634466546904,51.947669637117684],[5.863690634989112,51.9477766651506],[5.8637597541673685,51.94790718572795],[5.8638351972416585,51.94805337523864],[5.86392172023688,51.94822805878152],[5.863991516692591,51.948349775952714],[5.864077910510434,51.948512330984286],[5.864140764930411,51.94863264976396],[5.86430802856111,51.948921971355404],[5.86433466724352,51.94896804914974],[5.864460821131513,51.94918626036379],[5.864533331897836,51.94930963082386],[5.86476447616948,51.94969276833395],[5.864910739954918,51.949914296780136],[5.864991717466767,51.95003739526439],[5.865010542072487,51.95007037532612],[5.865095808578908,51.95019868844431],[5.865194340529007,51.95034383224246],[5.865265482376082,51.950446755659655],[5.865287399318147,51.95048091316569],[5.865338626405863,51.95055680586533],[5.865380793433953,51.950613235103845],[5.865453934034678,51.95072304795812],[5.865533199184041,51.95082974295352],[5.8656066853959015,51.95093574862816],[5.865669594935379,51.951014299154885],[5.865680965915911,51.9510284976648],[5.865695007642905,51.95105033800891],[5.86570745634688,51.95106970314324],[5.865713263579275,51.95107873709836],[5.865736264722566,51.95111451700427],[5.865741251009809,51.95112227255642],[5.865762719547172,51.951151419879835],[5.8657792316688955,51.95117383799985],[5.865782208779051,51.951177879640916],[5.8658041629807665,51.95120768652461],[5.865816219057257,51.95122405472325],[5.865828273649765,51.95124041933147],[5.865838930479836,51.9512548876875],[5.865846410911708,51.95126504196778],[5.865849391473326,51.951269269652364],[5.865853702447938,51.951274942645384],[5.865867777762659,51.951294053062504],[5.865935739695391,51.951386322511],[5.865959515485204,51.95141859914596],[5.865975301609245,51.95144003237168],[5.8660999644369065,51.951609279202366],[5.866263799672513,51.95183170603735],[5.866513099636364,51.95217015771046],[5.866541072772992,51.95220813372554],[5.866771832696281,51.952521411176086],[5.8668196258916545,51.95258629298973],[5.866841624281154,51.95261615792326],[5.866918970905454,51.95272116100386],[5.867036245471776,51.952880366403136],[5.867263747079303,51.95318920963146],[5.867278433219222,51.95320914521491],[5.867485654205333,51.953490453125845],[5.867545604207926,51.953571832589226],[5.8677692157086465,51.95387538578771],[5.867788500464904,51.953902227157855],[5.867810190917083,51.953895348696854]]]]},"properties":{"buurtcode":"BU02022296","buurtnaam":"De Laar-Oost","gemeentenaam":"Arnhem","aantalInwoners":6240,"crime_violent":14,"crime_property":1,"crime_disorder":8,"crime_count":23}},{"type":"Feature","geometry":{"type":"MultiPolygon","coordinates":[[[[5.894710177879898,51.95128590356637],[5.895237244490009,51.95092615894478],[5.895727628816642,51.95059144415633],[5.896205585494821,51.95026883182561],[5.896396642000648,51.95014211757646],[5.896501008400082,51.95007289801811],[5.896553764027564,51.950041634352104],[5.896858069199104,51.94984447198746],[5.897218102774668,51.94962387972993],[5.897408928556256,51.94949962403106],[5.89760170729486,51.949394979421825],[5.897944647729579,51.94919479355837],[5.898063438622637,51.94913270244858],[5.898297003942559,51.94901061722495],[5.898684377764778,51.948809522224416],[5.8989171764807615,51.94870355254839],[5.899189185993186,51.94857973237006],[5.899251783917161,51.94855127841698],[5.899424124209946,51.948477398059126],[5.899695907327471,51.94836634112657],[5.899882763101993,51.94829988857294],[5.9001460078947785,51.94819957029263],[5.900277630571881,51.948149410478536],[5.900483193262769,51.9480847709755],[5.900663015373675,51.948028224343815],[5.9008450630670195,51.9479742707551],[5.901058835149466,51.94791091476782],[5.901355240423843,51.947836798339104],[5.901836725790294,51.94773980187351],[5.901986463009417,51.94770918163784],[5.902405140717567,51.947622445758526],[5.902467888293723,51.94760718887559],[5.902808882131693,51.94754219610994],[5.903048499158991,51.94749655344461],[5.903679724433043,51.94736999721708],[5.903797225961184,51.947347364060896],[5.904301161818363,51.94724597851673],[5.9044664746838516,51.947214572017856],[5.904863838076731,51.94713255914017],[5.905083277549254,51.94708949903429],[5.905171322965941,51.947071198135],[5.9054760250030744,51.94700786125123],[5.905667207806949,51.94696742069905],[5.906076114726289,51.94688570963486],[5.90629796048634,51.94685119809739],[5.906576434797742,51.94682178678037],[5.906937472351387,51.94679379312555],[5.907016179491126,51.946793401994945],[5.907152101859891,51.94679272541741],[5.907151886304411,51.94677412214405],[5.907151523209805,51.94674278563199],[5.907803867025909,51.94664714896553],[5.909052965769723,51.94644184328966],[5.909267176306475,51.94639665750996],[5.9096240232077655,51.94630660375851],[5.909989378579276,51.94620791185864],[5.91013961599085,51.94616732788436],[5.910964823301658,51.94590661776872],[5.911910940418754,51.9455843074498],[5.912021373920543,51.94554668331791],[5.912766994581261,51.94529266513562],[5.912559395854605,51.94506861280484],[5.912524646373756,51.94503109760689],[5.912468847069744,51.9449708638341],[5.912463308490567,51.94496489330235],[5.9124170253968975,51.94491494468449],[5.911873007487684,51.944327796245226],[5.910411765324326,51.94279450195411],[5.90991620106991,51.94226486148468],[5.909909117226302,51.94225727079947],[5.909874081179067,51.94221974710746],[5.909864980079919,51.94221002614355],[5.909741834815426,51.94207840780794],[5.909699753774167,51.94203160337163],[5.909327363212664,51.941617345587204],[5.909296939264163,51.94158364828428],[5.907006727160848,51.93904669387681],[5.906083733857971,51.93800415952067],[5.90584661794137,51.93774562023876],[5.905775570631991,51.93766928939003],[5.904705251351127,51.936519290318735],[5.904684711215028,51.93649721527793],[5.903368638636589,51.93502584322054],[5.9024269856652705,51.93399001316275],[5.901879314729612,51.933478543996735],[5.90187844759752,51.93347773883503],[5.901863558899118,51.933463871961294],[5.901546932202631,51.93354476973452],[5.900848453588139,51.93374157009642],[5.900807974977619,51.93377486038138],[5.9007862523905485,51.93380039257161],[5.899891636622106,51.93408604087063],[5.899805064796855,51.93411572076729],[5.898990121989823,51.93437083129058],[5.898266868097312,51.93457761106769],[5.898157352505334,51.93460891749645],[5.898035239768836,51.93447757002614],[5.898027544986641,51.934469675672815],[5.897918274211441,51.93435763334772],[5.897507095110951,51.93446977913089],[5.89744787874985,51.93448592774516],[5.897051266000989,51.93459410770974],[5.896828897679654,51.93465240922557],[5.896256490201455,51.93480248858289],[5.895588921417428,51.934966666127075],[5.894983151864954,51.9351156431253],[5.895266702123088,51.93545798065197],[5.895341699101049,51.93555754034329],[5.89545983504407,51.93571220666101],[5.895710265854672,51.93599769611594],[5.89578143400924,51.93608181379848],[5.89603388030127,51.93637502209677],[5.8962492079033515,51.93661785495322],[5.896430881092214,51.93681226511559],[5.896458442350472,51.9368408727085],[5.896523785791273,51.93690867239725],[5.896546530801064,51.93693227091727],[5.896491405906257,51.93695342671805],[5.8964715786780255,51.936960648527034],[5.896406643050613,51.93698430063035],[5.896427161886353,51.93700560957851],[5.896497597517666,51.9370787434215],[5.896514581817095,51.9370963797192],[5.896545505851407,51.93712848899162],[5.89662316270657,51.93720912466518],[5.89665740958857,51.937244681847815],[5.896728774191667,51.93731875171579],[5.896773390792775,51.937365042830066],[5.896798895256506,51.93739150203842],[5.896822931177502,51.93741643867755],[5.896840006786366,51.93743415363072],[5.896890988017415,51.93748704966226],[5.896962240111009,51.93756062012093],[5.896973499498892,51.93757223017408],[5.89702927711294,51.93762974516843],[5.897108731934341,51.937711685933536],[5.897118362538369,51.93772161860816],[5.897185341656566,51.937791878156844],[5.897197305444327,51.937804423523865],[5.89728257962912,51.9378931863034],[5.897318273512006,51.93793019224083],[5.8974423888975505,51.93805887829695],[5.8974479749327084,51.938064669558244],[5.897519767986115,51.938139101120115],[5.897620608565238,51.93824364535929],[5.89763030474897,51.938253698152295],[5.897638885495443,51.93826259538284],[5.897667641459447,51.93829240465081],[5.897685044267394,51.938310444340644],[5.897718293370906,51.93834583746544],[5.897760365712776,51.938389703394876],[5.897826193962017,51.93845769081226],[5.897844552151308,51.93847660989039],[5.89788267382326,51.938515894462],[5.897904520941113,51.938538408123534],[5.897906136143375,51.93854105269022],[5.8979497628704705,51.93858614770706],[5.89797306914129,51.93861023787698],[5.898088229415948,51.93872927354697],[5.8981202115483935,51.938762410578384],[5.898172762392916,51.93881687220876],[5.898219771286168,51.93886558913935],[5.898273016969194,51.93892077037371],[5.898285526181702,51.93893378065716],[5.898311675649285,51.93896104479383],[5.898338296195613,51.93898880843037],[5.8983822335393405,51.93903441337804],[5.898404287385647,51.9390572855852],[5.898418796168443,51.93907233022691],[5.8984570453408764,51.93911199516787],[5.898489171193301,51.93914531753479],[5.898493068085249,51.939149358857314],[5.898530546377845,51.939188235247435],[5.898532878919953,51.93919065377257],[5.898553511561787,51.93921207331318],[5.898563573193534,51.93922251004319],[5.898579715660819,51.939239253560636],[5.8985965822,51.93925674895338],[5.898613142605567,51.93927392299118],[5.898619592840887,51.93928061377371],[5.898625233660719,51.93928646406458],[5.898636658050768,51.939298312333506],[5.898662060164182,51.93932465743235],[5.898681761153373,51.93934509137882],[5.898714181649125,51.93937871711015],[5.898726680415439,51.93939168155136],[5.898791492260649,51.93945891153501],[5.898827995375702,51.93949677728217],[5.898840826809535,51.93951008721653],[5.898856157139223,51.939525989319506],[5.898920939776261,51.9395931744171],[5.898985678571263,51.93966032371662],[5.899007394560158,51.93968284583481],[5.899030716173778,51.93970703370317],[5.899036304124653,51.93971282937527],[5.899098356732277,51.939775217457694],[5.899123336886671,51.939800348161675],[5.899127237089469,51.939804542252006],[5.8991396591796175,51.93981790337281],[5.899142605325508,51.939821072443344],[5.899156965009639,51.93983651672957],[5.899180222041689,51.93986153088557],[5.899198124187979,51.93988078431132],[5.899207819548059,51.93989121269438],[5.8992099173258365,51.93989407985198],[5.899211514883999,51.939900265915114],[5.899210968781975,51.939903387275194],[5.899218808091794,51.93991212313243],[5.899260467536006,51.93995854573406],[5.89928979506126,51.93999122661451],[5.8993352903686525,51.940041923551846],[5.899359420508736,51.94006505528909],[5.8994204539447574,51.940123562847795],[5.899414772905697,51.940125547975306],[5.899409189546924,51.9401276818848],[5.899397500104296,51.94013214882679],[5.899401778464127,51.94013226411343],[5.899413806683227,51.94013263326227],[5.899418173975658,51.94013276793521],[5.899427344744236,51.94013481239053],[5.899433309399155,51.94013627038906],[5.899440099190563,51.94013905148247],[5.899447141047473,51.940142638637056],[5.899453633015853,51.94014710276083],[5.899466572043072,51.94016037800234],[5.8995455234136855,51.940241382707484],[5.900031509258683,51.94074231923334],[5.90029914402472,51.941020226444884],[5.900564855080623,51.941295967152584],[5.900795194259946,51.9415348493022],[5.901132195364517,51.9418854869297],[5.901346872488567,51.94210655851201],[5.90165944815576,51.94243111370696],[5.901833578966718,51.94261240562963],[5.901937413276486,51.94272082682017],[5.901968354603714,51.942753131431594],[5.901885572409748,51.94278334983953],[5.901862831102932,51.94279165043911],[5.901927411537154,51.942857771416435],[5.902041765181611,51.94297485712922],[5.902103320321433,51.94303787317785],[5.902231715077211,51.94316886430637],[5.902277907515942,51.943215989533286],[5.90241232073372,51.94335311745302],[5.902506938931062,51.94344964551001],[5.902529669725656,51.94347283485683],[5.902569329595462,51.94351488857847],[5.902568129609654,51.94351525876917],[5.901990487510383,51.943671243633574],[5.901755044895967,51.94374680998542],[5.9013895065537865,51.943864129001234],[5.9009870264265984,51.94400144576824],[5.9007042759977955,51.94409305254219],[5.9004587278248,51.94415714715678],[5.89996362638683,51.944271677332836],[5.899574501291833,51.944360695543686],[5.899076057603834,51.94447471861689],[5.898390147675065,51.94464595977022],[5.898065018193117,51.944734176783],[5.898018036598529,51.944748054991486],[5.897853850738479,51.94479347839737],[5.897722889155631,51.94483105963074],[5.897654403786157,51.944850713541136],[5.897506852889245,51.94489305491292],[5.897424877911904,51.944917484357525],[5.897242919186547,51.94497021341216],[5.897222975581889,51.94497619812591],[5.89718768509339,51.94498605420258],[5.896957951773409,51.94506106018256],[5.896857127584909,51.945099277381004],[5.896826447268832,51.94511090565268],[5.896761475427704,51.94513687165015],[5.896726853916721,51.9451514813551],[5.8966634523855594,51.94518010465717],[5.896587547020518,51.94521924550876],[5.89654868300757,51.945239770837944],[5.8965226562238975,51.945252249845886],[5.89643634968964,51.94529714419602],[5.89635189434803,51.9453424097759],[5.896338136354854,51.94535084026199],[5.896272960602691,51.94538593909389],[5.89616132160985,51.94545034890149],[5.89607380834837,51.945497530362225],[5.895963387706024,51.94556079227815],[5.8959138359789796,51.945589163784106],[5.8958242243076615,51.94564130135611],[5.895773120732975,51.945668538886],[5.895739489560803,51.94568923186184],[5.895658765736071,51.94573790537898],[5.895581331690593,51.94579145341045],[5.8955494075503845,51.9458135294566],[5.8954314539267925,51.94589128218877],[5.895407949091496,51.94590907837313],[5.895334944887112,51.945959810796474],[5.895249375936214,51.94601573524265],[5.895230762547888,51.94603046498105],[5.8951462066322105,51.946094186013006],[5.895067719383482,51.94615026938428],[5.895037492058766,51.946172469189264],[5.894958067380857,51.94622722535144],[5.894889356507647,51.9462766077667],[5.894821556122175,51.94632484468207],[5.894737137221833,51.94638290482037],[5.894611378731793,51.94646939477679],[5.894567370785739,51.94649812288697],[5.8944132940279985,51.94659219250727],[5.894227579147811,51.946697263548636],[5.894140437468982,51.94675043541047],[5.894105420706946,51.946767709300254],[5.894011880365032,51.9468166274738],[5.893855813351903,51.94690041769769],[5.893792168213751,51.94693850526795],[5.893678075730425,51.947007845294564],[5.8935571267556695,51.94708327921458],[5.8934918172918325,51.947127438264175],[5.893368620956908,51.947208589301255],[5.89329425791466,51.94726883960781],[5.893226702618365,51.94731871491213],[5.893170684523224,51.94736782774819],[5.893107323681756,51.94743124124454],[5.893058806260708,51.94747996581044],[5.893031412650408,51.94750790817145],[5.89299725631227,51.94755050555078],[5.892957505549921,51.94760882343549],[5.892912675952572,51.94767750790572],[5.892876985546762,51.947737591596535],[5.892860546229321,51.947764417182725],[5.89282253796086,51.9478237971448],[5.8927121151921655,51.94801405131653],[5.892623026617243,51.94816103607507],[5.892546059838966,51.94828801890061],[5.892429944932341,51.948485669538],[5.892264444083096,51.94874084674968],[5.892138928438892,51.948895033589594],[5.892060204510735,51.94899173719764],[5.892065285846805,51.94899656731902],[5.892136277969648,51.949069769609146],[5.8921584750998965,51.94909953374154],[5.892568061450201,51.94946201537134],[5.8926254877082105,51.94951283522022],[5.892810258488112,51.94967632627421],[5.893199270323671,51.95002053178729],[5.893512912503072,51.95029804309377],[5.893874423928372,51.95061790556928],[5.894226417452295,51.95092879261753],[5.894491670208996,51.95115273868265],[5.894676568852778,51.95130884229695],[5.894710177879898,51.95128590356637]]]]},"properties":{"buurtcode":"BU02022316","buurtnaam":"Rijkerswoerd-Oost","gemeentenaam":"Arnhem","aantalInwoners":3095,"crime_violent":8,"crime_property":0,"crime_disorder":0,"crime_count":8}},{"type":"Feature","geometry":{"type":"MultiPolygon","coordinates":[[[[5.888171371083134,51.9450631301603],[5.888275610203612,51.94502451579054],[5.888383112189822,51.944985055990884],[5.888454971238027,51.944958588893996],[5.888514186462164,51.94493717052264],[5.888570132094409,51.94491588561006],[5.888605198708112,51.94490301297854],[5.888704848832115,51.94486691477381],[5.888741830309769,51.94485308206113],[5.8888161850081,51.94482624815414],[5.8888755918611455,51.94480482878125],[5.888972173435593,51.94476957666635],[5.889091850966933,51.9447307914097],[5.8893504800871685,51.94463039844069],[5.889561234460198,51.944550422597544],[5.889627293169931,51.94452160212763],[5.889705796407379,51.94448737763297],[5.8897621559574835,51.94445146444367],[5.889820391449488,51.944411380676044],[5.889845819064956,51.94438553995796],[5.889900292318311,51.94433018025903],[5.889951480869698,51.94426218339818],[5.889970327423925,51.944227024648995],[5.890001193579024,51.9441484121745],[5.890029274140689,51.944078729901534],[5.890063046942513,51.9440018891753],[5.890116414037228,51.943870860703406],[5.8901464183274275,51.94380117016917],[5.890206318558692,51.94365227710651],[5.890231604964876,51.94359093089652],[5.890241908185063,51.94356591611685],[5.890257760756217,51.94352125679619],[5.890280421572334,51.943483109204024],[5.890300270285224,51.943451512707405],[5.890326899127824,51.94342404972346],[5.890348770383836,51.943401363759754],[5.890385974103039,51.94337326047125],[5.89042414720482,51.94334574805389],[5.890489174155476,51.94331098566949],[5.8905169241268345,51.94329778693946],[5.890600208738727,51.943261163027074],[5.890661508837395,51.943237119001466],[5.890866508875869,51.943159543740734],[5.891035154448605,51.943099961421844],[5.891712497269083,51.94285091445873],[5.892017149844783,51.94273842634709],[5.892350499258119,51.94261154503463],[5.892757715630224,51.94246650853734],[5.892964640701151,51.94238951633421],[5.89301255733121,51.94237325778008],[5.893068248949795,51.94236409985334],[5.893121083512113,51.9423573325287],[5.893214324737273,51.9423509854031],[5.89329993167453,51.94235002276903],[5.893360594897357,51.94235511240421],[5.8934665575309815,51.94236773607755],[5.893782864072163,51.942412103872336],[5.894072644385811,51.94245549579323],[5.894138150736999,51.94246353661488],[5.894167797047978,51.94246501410533],[5.894160930187762,51.94256613459054],[5.89415839371688,51.942603465415054],[5.894152721541324,51.94271443204517],[5.8941529633142595,51.9427358351077],[5.894155159467852,51.94274910152185],[5.894157919175054,51.942765778405615],[5.894164989602961,51.942778590559186],[5.894178543920664,51.94280314597585],[5.8942026057549075,51.94283835857888],[5.894227145685109,51.94286465081298],[5.894245251528152,51.94288347895065],[5.8943714506857035,51.94301813469103],[5.894471905800386,51.943122223032525],[5.8945928293874,51.9432497662984],[5.894681017471625,51.94334070792179],[5.894772146315384,51.94343663164344],[5.894813991494094,51.94348159077856],[5.894832331730793,51.943501295981996],[5.894855668177121,51.94352668994663],[5.895252422916132,51.94339227295726],[5.8953400367554405,51.94331341378482],[5.8954279181496645,51.94325833582849],[5.895573598799784,51.94321014198789],[5.8957387068208105,51.94317851137066],[5.895892728562452,51.943187358371006],[5.896012309063725,51.94321300077409],[5.896132563910802,51.94329809489255],[5.897071587881912,51.94420229003417],[5.897093407437104,51.94423586599758],[5.897099746229258,51.9442356497494],[5.897106049356728,51.944236134751684],[5.897112112803265,51.944237285935685],[5.897117761843896,51.944239086082426],[5.897122806698994,51.94424147309624],[5.897127101015226,51.94424436671625],[5.897130498337066,51.94424767769362],[5.897139722225272,51.944245372606154],[5.897207215923821,51.944347251124256],[5.897310090941077,51.944502550628],[5.897313957604518,51.944506459989626],[5.8974370655102915,51.944475857739576],[5.8974637224903494,51.94446923443705],[5.897587235745441,51.944638106513075],[5.8976739269517795,51.944756634251796],[5.897722889155631,51.94483105963074],[5.897853850738479,51.94479347839737],[5.898018036598529,51.944748054991486],[5.898065018193117,51.944734176783],[5.898390147675065,51.94464595977022],[5.899076057603834,51.94447471861689],[5.899574501291833,51.944360695543686],[5.89996362638683,51.944271677332836],[5.9004587278248,51.94415714715678],[5.9007042759977955,51.94409305254219],[5.9009870264265984,51.94400144576824],[5.9013895065537865,51.943864129001234],[5.901755044895967,51.94374680998542],[5.901990487510383,51.943671243633574],[5.902568129609654,51.94351525876917],[5.902569329595462,51.94351488857847],[5.902529669725656,51.94347283485683],[5.902506938931062,51.94344964551001],[5.90241232073372,51.94335311745302],[5.902277907515942,51.943215989533286],[5.902231715077211,51.94316886430637],[5.902103320321433,51.94303787317785],[5.902041765181611,51.94297485712922],[5.901927411537154,51.942857771416435],[5.901862831102932,51.94279165043911],[5.901885572409748,51.94278334983953],[5.901968354603714,51.942753131431594],[5.901937413276486,51.94272082682017],[5.901833578966718,51.94261240562963],[5.90165944815576,51.94243111370696],[5.901346872488567,51.94210655851201],[5.901132195364517,51.9418854869297],[5.900795194259946,51.9415348493022],[5.900564855080623,51.941295967152584],[5.90029914402472,51.941020226444884],[5.900031509258683,51.94074231923334],[5.8995455234136855,51.940241382707484],[5.899466572043072,51.94016037800234],[5.899453633015853,51.94014710276083],[5.899447141047473,51.940142638637056],[5.899440099190563,51.94013905148247],[5.899433309399155,51.94013627038906],[5.899427344744236,51.94013481239053],[5.899418173975658,51.94013276793521],[5.899413806683227,51.94013263326227],[5.899401778464127,51.94013226411343],[5.899397500104296,51.94013214882679],[5.899409189546924,51.9401276818848],[5.899414772905697,51.940125547975306],[5.8994204539447574,51.940123562847795],[5.899359420508736,51.94006505528909],[5.8993352903686525,51.940041923551846],[5.89928979506126,51.93999122661451],[5.899260467536006,51.93995854573406],[5.899218808091794,51.93991212313243],[5.899210968781975,51.939903387275194],[5.899211514883999,51.939900265915114],[5.8992099173258365,51.93989407985198],[5.899207819548059,51.93989121269438],[5.899198124187979,51.93988078431132],[5.899180222041689,51.93986153088557],[5.899156965009639,51.93983651672957],[5.899142605325508,51.939821072443344],[5.8991396591796175,51.93981790337281],[5.899127237089469,51.939804542252006],[5.899123336886671,51.939800348161675],[5.899098356732277,51.939775217457694],[5.899036304124653,51.93971282937527],[5.899030716173778,51.93970703370317],[5.899007394560158,51.93968284583481],[5.898985678571263,51.93966032371662],[5.898920939776261,51.9395931744171],[5.898856157139223,51.939525989319506],[5.898840826809535,51.93951008721653],[5.898827995375702,51.93949677728217],[5.898791492260649,51.93945891153501],[5.898726680415439,51.93939168155136],[5.898714181649125,51.93937871711015],[5.898681761153373,51.93934509137882],[5.898662060164182,51.93932465743235],[5.898636658050768,51.939298312333506],[5.898625233660719,51.93928646406458],[5.898619592840887,51.93928061377371],[5.898613142605567,51.93927392299118],[5.8985965822,51.93925674895338],[5.898579715660819,51.939239253560636],[5.898563573193534,51.93922251004319],[5.898553511561787,51.93921207331318],[5.898532878919953,51.93919065377257],[5.898530546377845,51.939188235247435],[5.898493068085249,51.939149358857314],[5.898489171193301,51.93914531753479],[5.8984570453408764,51.93911199516787],[5.898418796168443,51.93907233022691],[5.898404287385647,51.9390572855852],[5.8983822335393405,51.93903441337804],[5.898338296195613,51.93898880843037],[5.898311675649285,51.93896104479383],[5.898285526181702,51.93893378065716],[5.898273016969194,51.93892077037371],[5.898219771286168,51.93886558913935],[5.898172762392916,51.93881687220876],[5.8981202115483935,51.938762410578384],[5.898088229415948,51.93872927354697],[5.89797306914129,51.93861023787698],[5.8979497628704705,51.93858614770706],[5.897906136143375,51.93854105269022],[5.897904520941113,51.938538408123534],[5.89788267382326,51.938515894462],[5.897844552151308,51.93847660989039],[5.897826193962017,51.93845769081226],[5.897760365712776,51.938389703394876],[5.897718293370906,51.93834583746544],[5.897685044267394,51.938310444340644],[5.897667641459447,51.93829240465081],[5.897638885495443,51.93826259538284],[5.89763030474897,51.938253698152295],[5.897620608565238,51.93824364535929],[5.897519767986115,51.938139101120115],[5.8974479749327084,51.938064669558244],[5.8974423888975505,51.93805887829695],[5.897318273512006,51.93793019224083],[5.89728257962912,51.9378931863034],[5.897197305444327,51.937804423523865],[5.897185341656566,51.937791878156844],[5.897118362538369,51.93772161860816],[5.897108731934341,51.937711685933536],[5.89702927711294,51.93762974516843],[5.896973499498892,51.93757223017408],[5.896962240111009,51.93756062012093],[5.896890988017415,51.93748704966226],[5.896840006786366,51.93743415363072],[5.896822931177502,51.93741643867755],[5.896798895256506,51.93739150203842],[5.896773390792775,51.937365042830066],[5.896728774191667,51.93731875171579],[5.89665740958857,51.937244681847815],[5.89662316270657,51.93720912466518],[5.896545505851407,51.93712848899162],[5.896514581817095,51.9370963797192],[5.896497597517666,51.9370787434215],[5.896427161886353,51.93700560957851],[5.896406643050613,51.93698430063035],[5.8964715786780255,51.936960648527034],[5.896491405906257,51.93695342671805],[5.896546530801064,51.93693227091727],[5.896523785791273,51.93690867239725],[5.896458442350472,51.9368408727085],[5.896430881092214,51.93681226511559],[5.8962492079033515,51.93661785495322],[5.89603388030127,51.93637502209677],[5.89578143400924,51.93608181379848],[5.895710265854672,51.93599769611594],[5.89545983504407,51.93571220666101],[5.895341699101049,51.93555754034329],[5.895266702123088,51.93545798065197],[5.894983151864954,51.9351156431253],[5.894931701386167,51.93512829636982],[5.894423272730233,51.93526378977352],[5.893190272730897,51.935607787703944],[5.89302805517591,51.935652169616525],[5.892826496869746,51.93570247312628],[5.892673415613747,51.93573180457943],[5.892523115806161,51.935749888347026],[5.8924115616449,51.93576088431408],[5.890551077285655,51.93593079234924],[5.89054127185113,51.935931688237204],[5.889957252381984,51.93597532759721],[5.889728502905975,51.93599242199506],[5.888331084161542,51.93611244190189],[5.88829377735626,51.93611564801784],[5.888252795029147,51.93611916640711],[5.888122144176564,51.93610003861007],[5.887972896243166,51.936095371365376],[5.8877807315686645,51.93616719836635],[5.887768594623205,51.93613507151778],[5.8876537172056285,51.93618859232424],[5.887144801870585,51.93642571512749],[5.88703497178226,51.936474270224174],[5.886922855351212,51.936421984907994],[5.886480147186554,51.936655677335864],[5.8862624705282425,51.936770574776254],[5.885651959575966,51.9370659896473],[5.885364976607528,51.93720485473999],[5.885337957526726,51.93721793053031],[5.885022607995768,51.93737050545768],[5.8848937498839335,51.93741489656572],[5.884822113662222,51.93743957641238],[5.884640612978602,51.93749049994286],[5.884489628696538,51.937526373336745],[5.884355384645835,51.93755067057271],[5.883903385598366,51.937613253102256],[5.883770179333677,51.93762888045556],[5.883752344868725,51.93763096919609],[5.883650867355986,51.93764998404113],[5.883838611236285,51.93788951049828],[5.884318928856608,51.938527213183754],[5.884811712223206,51.93907330071874],[5.885396047005284,51.93972007109568],[5.886364362584284,51.940812307471944],[5.886374398129785,51.94083605088296],[5.885049583836746,51.941266171434826],[5.884388146245831,51.94147587296244],[5.884227108254544,51.94152768445541],[5.884016389966246,51.94161062310216],[5.883983908845473,51.941630974386854],[5.884318423171918,51.941955372032005],[5.884946312928816,51.94253656070591],[5.8857842064683465,51.94331516409077],[5.886272634422546,51.943769029402],[5.887336947881166,51.94475799397414],[5.887811431138013,51.945200740566534],[5.888171371083134,51.9450631301603]]]]},"properties":{"buurtcode":"BU02022317","buurtnaam":"Rijkerswoerd-Midden","gemeentenaam":"Arnhem","aantalInwoners":4110,"crime_violent":6,"crime_property":1,"crime_disorder":4,"crime_count":11}},{"type":"Feature","geometry":{"type":"MultiPolygon","coordinates":[[[[5.890850435963709,51.954035807317645],[5.8910131844123645,51.95386975072001],[5.891139302601399,51.9537339449072],[5.891268009437953,51.95361186571476],[5.891347357777227,51.953547198329176],[5.8915112178809075,51.95343519603596],[5.891762240034552,51.953270381262136],[5.892057290995559,51.953067920487314],[5.89238744183104,51.95285532026304],[5.892695680602058,51.95264531026832],[5.893256175307087,51.952261676476354],[5.893508766312555,51.95209201089662],[5.893909128907668,51.95182187306551],[5.8941787313797755,51.95164343823439],[5.894206648346433,51.951624960864486],[5.894676568852778,51.95130884229695],[5.894491670208996,51.95115273868265],[5.894226417452295,51.95092879261753],[5.893874423928372,51.95061790556928],[5.893512912503072,51.95029804309377],[5.893199270323671,51.95002053178729],[5.892810258488112,51.94967632627421],[5.8926254877082105,51.94951283522022],[5.892568061450201,51.94946201537134],[5.8921584750998965,51.94909953374154],[5.892136277969648,51.949069769609146],[5.892065285846805,51.94899656731902],[5.892060204510735,51.94899173719764],[5.892138928438892,51.948895033589594],[5.892264444083096,51.94874084674968],[5.892429944932341,51.948485669538],[5.892546059838966,51.94828801890061],[5.892623026617243,51.94816103607507],[5.8927121151921655,51.94801405131653],[5.89282253796086,51.9478237971448],[5.892860546229321,51.947764417182725],[5.892876985546762,51.947737591596535],[5.892912675952572,51.94767750790572],[5.892957505549921,51.94760882343549],[5.89299725631227,51.94755050555078],[5.893031412650408,51.94750790817145],[5.893058806260708,51.94747996581044],[5.893107323681756,51.94743124124454],[5.893170684523224,51.94736782774819],[5.893226702618365,51.94731871491213],[5.89329425791466,51.94726883960781],[5.893368620956908,51.947208589301255],[5.8934918172918325,51.947127438264175],[5.8935571267556695,51.94708327921458],[5.893678075730425,51.947007845294564],[5.893792168213751,51.94693850526795],[5.893855813351903,51.94690041769769],[5.894011880365032,51.9468166274738],[5.894105420706946,51.946767709300254],[5.894140437468982,51.94675043541047],[5.894227579147811,51.946697263548636],[5.8944132940279985,51.94659219250727],[5.894567370785739,51.94649812288697],[5.894611378731793,51.94646939477679],[5.894737137221833,51.94638290482037],[5.894821556122175,51.94632484468207],[5.894889356507647,51.9462766077667],[5.894958067380857,51.94622722535144],[5.895037492058766,51.946172469189264],[5.895067719383482,51.94615026938428],[5.8951462066322105,51.946094186013006],[5.895230762547888,51.94603046498105],[5.895249375936214,51.94601573524265],[5.895334944887112,51.945959810796474],[5.895407949091496,51.94590907837313],[5.8954314539267925,51.94589128218877],[5.8955494075503845,51.9458135294566],[5.895581331690593,51.94579145341045],[5.895658765736071,51.94573790537898],[5.895739489560803,51.94568923186184],[5.895773120732975,51.945668538886],[5.8958242243076615,51.94564130135611],[5.8959138359789796,51.945589163784106],[5.895963387706024,51.94556079227815],[5.89607380834837,51.945497530362225],[5.89616132160985,51.94545034890149],[5.896272960602691,51.94538593909389],[5.896338136354854,51.94535084026199],[5.89635189434803,51.9453424097759],[5.89643634968964,51.94529714419602],[5.8965226562238975,51.945252249845886],[5.89654868300757,51.945239770837944],[5.896587547020518,51.94521924550876],[5.8966634523855594,51.94518010465717],[5.896726853916721,51.9451514813551],[5.896761475427704,51.94513687165015],[5.896826447268832,51.94511090565268],[5.896857127584909,51.945099277381004],[5.896957951773409,51.94506106018256],[5.89718768509339,51.94498605420258],[5.897222975581889,51.94497619812591],[5.897242919186547,51.94497021341216],[5.897424877911904,51.944917484357525],[5.897506852889245,51.94489305491292],[5.897654403786157,51.944850713541136],[5.897722889155631,51.94483105963074],[5.8976739269517795,51.944756634251796],[5.897587235745441,51.944638106513075],[5.8974637224903494,51.94446923443705],[5.8974370655102915,51.944475857739576],[5.897313957604518,51.944506459989626],[5.897310090941077,51.944502550628],[5.897207215923821,51.944347251124256],[5.897139722225272,51.944245372606154],[5.897130498337066,51.94424767769362],[5.897127101015226,51.94424436671625],[5.897122806698994,51.94424147309624],[5.897117761843896,51.944239086082426],[5.897112112803265,51.944237285935685],[5.897106049356728,51.944236134751684],[5.897099746229258,51.9442356497494],[5.897093407437104,51.94423586599758],[5.897071587881912,51.94420229003417],[5.896132563910802,51.94329809489255],[5.896012309063725,51.94321300077409],[5.895892728562452,51.943187358371006],[5.8957387068208105,51.94317851137066],[5.895573598799784,51.94321014198789],[5.8954279181496645,51.94325833582849],[5.8953400367554405,51.94331341378482],[5.895252422916132,51.94339227295726],[5.894855668177121,51.94352668994663],[5.894832331730793,51.943501295981996],[5.894813991494094,51.94348159077856],[5.894772146315384,51.94343663164344],[5.894681017471625,51.94334070792179],[5.8945928293874,51.9432497662984],[5.894471905800386,51.943122223032525],[5.8943714506857035,51.94301813469103],[5.894245251528152,51.94288347895065],[5.894227145685109,51.94286465081298],[5.8942026057549075,51.94283835857888],[5.894178543920664,51.94280314597585],[5.894164989602961,51.942778590559186],[5.894157919175054,51.942765778405615],[5.894155159467852,51.94274910152185],[5.8941529633142595,51.9427358351077],[5.894152721541324,51.94271443204517],[5.89415839371688,51.942603465415054],[5.894160930187762,51.94256613459054],[5.894167797047978,51.94246501410533],[5.894138150736999,51.94246353661488],[5.894072644385811,51.94245549579323],[5.893782864072163,51.942412103872336],[5.8934665575309815,51.94236773607755],[5.893360594897357,51.94235511240421],[5.89329993167453,51.94235002276903],[5.893214324737273,51.9423509854031],[5.893121083512113,51.9423573325287],[5.893068248949795,51.94236409985334],[5.89301255733121,51.94237325778008],[5.892964640701151,51.94238951633421],[5.892757715630224,51.94246650853734],[5.892350499258119,51.94261154503463],[5.892017149844783,51.94273842634709],[5.891712497269083,51.94285091445873],[5.891035154448605,51.943099961421844],[5.890866508875869,51.943159543740734],[5.890661508837395,51.943237119001466],[5.890600208738727,51.943261163027074],[5.8905169241268345,51.94329778693946],[5.890489174155476,51.94331098566949],[5.89042414720482,51.94334574805389],[5.890385974103039,51.94337326047125],[5.890348770383836,51.943401363759754],[5.890326899127824,51.94342404972346],[5.890300270285224,51.943451512707405],[5.890280421572334,51.943483109204024],[5.890257760756217,51.94352125679619],[5.890241908185063,51.94356591611685],[5.890231604964876,51.94359093089652],[5.890206318558692,51.94365227710651],[5.8901464183274275,51.94380117016917],[5.890116414037228,51.943870860703406],[5.890063046942513,51.9440018891753],[5.890029274140689,51.944078729901534],[5.890001193579024,51.9441484121745],[5.889970327423925,51.944227024648995],[5.889951480869698,51.94426218339818],[5.889900292318311,51.94433018025903],[5.889845819064956,51.94438553995796],[5.889820391449488,51.944411380676044],[5.8897621559574835,51.94445146444367],[5.889705796407379,51.94448737763297],[5.889627293169931,51.94452160212763],[5.889561234460198,51.944550422597544],[5.8893504800871685,51.94463039844069],[5.889091850966933,51.9447307914097],[5.888972173435593,51.94476957666635],[5.8888755918611455,51.94480482878125],[5.8888161850081,51.94482624815414],[5.888741830309769,51.94485308206113],[5.888704848832115,51.94486691477381],[5.888605198708112,51.94490301297854],[5.888570132094409,51.94491588561006],[5.888514186462164,51.94493717052264],[5.888454971238027,51.944958588893996],[5.888383112189822,51.944985055990884],[5.888275610203612,51.94502451579054],[5.888171371083134,51.9450631301603],[5.887811431138013,51.945200740566534],[5.887336947881166,51.94475799397414],[5.886272634422546,51.943769029402],[5.8857842064683465,51.94331516409077],[5.884946312928816,51.94253656070591],[5.884318423171918,51.941955372032005],[5.883983908845473,51.941630974386854],[5.884016389966246,51.94161062310216],[5.884227108254544,51.94152768445541],[5.884388146245831,51.94147587296244],[5.885049583836746,51.941266171434826],[5.886374398129785,51.94083605088296],[5.886364362584284,51.940812307471944],[5.885396047005284,51.93972007109568],[5.884811712223206,51.93907330071874],[5.884318928856608,51.938527213183754],[5.883838611236285,51.93788951049828],[5.883650867355986,51.93764998404113],[5.883569784834577,51.93766517709748],[5.882830865258285,51.9377668977732],[5.882637746731482,51.937819574975386],[5.882339420740546,51.93789246954755],[5.881851583067002,51.938081661999725],[5.881649320483488,51.93815331461617],[5.88159736043897,51.938171716706776],[5.881396195488065,51.938246716942515],[5.88134220028037,51.938257280596225],[5.879769942684034,51.93856481100665],[5.879669413358038,51.93859411194472],[5.87954106612936,51.93863151999892],[5.879485242207971,51.93864779809035],[5.8792130897416115,51.938694868187774],[5.878824522518837,51.93873505406211],[5.878722917518586,51.93873925405734],[5.878610555590406,51.93874385846677],[5.8785927789085,51.93874597314221],[5.87837295984354,51.938772167171194],[5.87838457857035,51.938826858002656],[5.87842345861974,51.939039543632035],[5.878441767650816,51.939130432461354],[5.878457193146362,51.939221070875334],[5.87848881219339,51.93940686655048],[5.878500438683849,51.939484822915986],[5.8785420638406976,51.93977240906156],[5.878554004395301,51.93987890228306],[5.878576240050317,51.94008238137271],[5.878587472526199,51.94019458518169],[5.878605919372568,51.94040331314211],[5.878618943486492,51.94067912802145],[5.87863229365154,51.94112521958969],[5.878647832225056,51.94156036309918],[5.878659938145241,51.94189278262346],[5.87866596485926,51.94216196808863],[5.8786761419121465,51.94252911693495],[5.878689080168764,51.94286724146646],[5.878690361561793,51.94298424258782],[5.878699924197704,51.943224875066505],[5.878702916205589,51.943357565470386],[5.878709040746917,51.9435653929727],[5.878710700868802,51.94364672024586],[5.878719478983952,51.94395632305575],[5.878727222187532,51.94424167229313],[5.878739527458733,51.94459216562533],[5.878739986959178,51.94463411524736],[5.878752923449791,51.94509837744211],[5.87876085205192,51.94537259642764],[5.878771026951065,51.945739270531405],[5.878778826390856,51.94595945719576],[5.878781190144592,51.94610499279442],[5.878790387477918,51.94624193747485],[5.878795976501275,51.94647117119563],[5.878798725594571,51.94658150752039],[5.87881029594378,51.946864938707755],[5.878808904854514,51.9469486561311],[5.878818603066686,51.94720165413968],[5.8788236466727835,51.94738094880051],[5.87882760303138,51.947531233470364],[5.878837301485996,51.94778423145701],[5.878843842368309,51.947959714157435],[5.878847827243144,51.94816529079048],[5.878853916715934,51.948369789898024],[5.878863615051069,51.94864026758015],[5.878875445432698,51.9489121627947],[5.878875721659236,51.94893737048185],[5.878875981761539,51.94906650470079],[5.8788779337749375,51.9491040715962],[5.878880863137393,51.949266013919534],[5.87888433099529,51.94937182869704],[5.878888388159081,51.94964213479195],[5.878893271214569,51.94974766860164],[5.878895984230777,51.94983397184085],[5.878901168003169,51.94999880347566],[5.878914990383442,51.95023807226179],[5.878922088608896,51.95035897323187],[5.878926789963579,51.95041924047824],[5.878943081639651,51.9505361786704],[5.878977314858448,51.95079673825656],[5.878977833576408,51.950800666708496],[5.879437528458681,51.95077837473917],[5.880325002254116,51.95073533293063],[5.880325598316094,51.95073530256693],[5.881824993416726,51.950658970924216],[5.882521854533593,51.95068189527195],[5.882748272929898,51.95069235652511],[5.882982473020705,51.950710395001224],[5.883312274647188,51.950742297857666],[5.883659320896773,51.95078336435049],[5.884272466197173,51.95087805710418],[5.884819684141408,51.95099319114491],[5.885344186343609,51.95114500792371],[5.885657660605918,51.95123574128018],[5.885997866568591,51.95136258182763],[5.886552997286335,51.95162849137031],[5.886808890027667,51.95175106307837],[5.887207124889216,51.951982433041245],[5.8876509878922985,51.95224729327072],[5.888434490236999,51.952707678861834],[5.888606645905644,51.95280978647488],[5.8894186969542375,51.953293374973185],[5.890613054665811,51.953948451733254],[5.890759752208461,51.9540216659513],[5.890829277738149,51.95405739636995],[5.890850435963709,51.954035807317645]]]]},"properties":{"buurtcode":"BU02022318","buurtnaam":"Rijkerswoerd-West","gemeentenaam":"Arnhem","aantalInwoners":4450,"crime_violent":6,"crime_property":1,"crime_disorder":2,"crime_count":9}},{"type":"Feature","geometry":{"type":"MultiPolygon","coordinates":[[[[5.8891931606259,51.957978931831924],[5.889309006884784,51.95789081580143],[5.889360196271333,51.957855876000025],[5.889322701738349,51.95780752129072],[5.889296680821955,51.957752458089054],[5.889302604704674,51.95773150514032],[5.8893258035300144,51.95767195151794],[5.8893842417394415,51.957528059502074],[5.889409562461289,51.957457283789005],[5.889437243191089,51.95737991040286],[5.889455780174898,51.95731657187664],[5.889465181963509,51.957262309286214],[5.889469926115418,51.957204736390715],[5.889471302996101,51.9571214944629],[5.889476025833308,51.957062019714535],[5.889478200336174,51.95698115180624],[5.889478264738671,51.95689646205954],[5.889481583293481,51.956836306594035],[5.88949207714467,51.956783699487914],[5.889496192291307,51.95673154477657],[5.889505164485971,51.95667686964824],[5.88951997359335,51.9565866115296],[5.889530091025061,51.95654483163852],[5.889533789835405,51.95653137909964],[5.889559562633119,51.95645895204139],[5.88963096740274,51.956286286581424],[5.889818576153418,51.95593333783918],[5.889905335460142,51.95576154764932],[5.889956508039996,51.95565668876721],[5.889974152260916,51.95561520023261],[5.889996710613325,51.955562150492504],[5.890021679885458,51.95548213695905],[5.890053501739216,51.955381545761824],[5.890083500123622,51.955283246301605],[5.890109800634489,51.955184582437504],[5.890125026414161,51.95514189977509],[5.890128006453667,51.95513313503596],[5.8901435994831015,51.95506819195388],[5.8901584634861806,51.95502075507687],[5.89016916009,51.95498608245658],[5.890202063513322,51.95489975655024],[5.890218227780535,51.954858402837175],[5.890250502134662,51.95478734908158],[5.890264205173228,51.954757180255555],[5.890275090819247,51.95473925038689],[5.89030862010956,51.954681269351425],[5.890334292090783,51.95463664002108],[5.890351878121785,51.95461221163359],[5.890399026276308,51.95454395699318],[5.890512628524637,51.95439387254953],[5.890548239462591,51.95435681109856],[5.890655344690424,51.95424258024561],[5.890829277738149,51.95405739636995],[5.890759752208461,51.9540216659513],[5.890613054665811,51.953948451733254],[5.8894186969542375,51.953293374973185],[5.888606645905644,51.95280978647488],[5.888434490236999,51.952707678861834],[5.8876509878922985,51.95224729327072],[5.887207124889216,51.951982433041245],[5.886808890027667,51.95175106307837],[5.886552997286335,51.95162849137031],[5.885997866568591,51.95136258182763],[5.885657660605918,51.95123574128018],[5.885344186343609,51.95114500792371],[5.884819684141408,51.95099319114491],[5.884272466197173,51.95087805710418],[5.883659320896773,51.95078336435049],[5.883312274647188,51.950742297857666],[5.882982473020705,51.950710395001224],[5.882748272929898,51.95069235652511],[5.882521854533593,51.95068189527195],[5.881824993416726,51.950658970924216],[5.880325598316094,51.95073530256693],[5.880325002254116,51.95073533293063],[5.879437528458681,51.95077837473917],[5.878977833576408,51.950800666708496],[5.879032439361102,51.95106719924131],[5.879093927467898,51.95128779836921],[5.879165296694722,51.95151043693314],[5.8792216168206455,51.951681609803245],[5.879291977013784,51.95185138911651],[5.87935389656216,51.951987637487456],[5.879425135533175,51.9521312190891],[5.879488518031986,51.952260327182536],[5.879524195536909,51.95231987057289],[5.879605447107226,51.95246388560966],[5.879703303563903,51.9526233279168],[5.87978446711701,51.95274875521786],[5.87981885727309,51.95279617498413],[5.8798990277905965,51.952911656224444],[5.879995446164827,51.95303467978409],[5.880047953988298,51.95310200023748],[5.880142307626702,51.95322966943733],[5.88030966016688,51.9534330157689],[5.880460996268409,51.95359718936006],[5.880554903913721,51.95368634577409],[5.880588184772858,51.95371794322288],[5.880726593196151,51.953861480353865],[5.880894628335787,51.95402130213486],[5.880934317120488,51.954060375186586],[5.881035187710839,51.954150203975544],[5.8811190405616625,51.9542151326318],[5.88117557901342,51.95426376677989],[5.88125716154106,51.954332272364496],[5.881356175147728,51.95441069343442],[5.881377120631858,51.954425230412475],[5.881462788086791,51.95449764301649],[5.881646179300782,51.954635996044445],[5.881747449242512,51.95470941245476],[5.8817969462903035,51.95474773118812],[5.881913878447147,51.954827858820565],[5.882161998606116,51.95498924469622],[5.882317076472353,51.95509037810929],[5.882470522912224,51.95518295675502],[5.882574439512057,51.955251961496344],[5.883174649651754,51.95557288481216],[5.885567971743272,51.95677614871855],[5.885568183910295,51.95677625837657],[5.886292638879744,51.95714619311908],[5.888160030164661,51.958099704544416],[5.888161270624475,51.95810030777391],[5.888676919352703,51.95835060275431],[5.888693762125715,51.958358777774066],[5.8891931606259,51.957978931831924]]]]},"properties":{"buurtcode":"BU02022319","buurtnaam":"De Overmaat","gemeentenaam":"Arnhem","aantalInwoners":710,"crime_violent":6,"crime_property":0,"crime_disorder":2,"crime_count":8}},{"type":"Feature","geometry":{"type":"MultiPolygon","coordinates":[[[[5.835903777732021,51.973544526726286],[5.836740707308141,51.97349345092396],[5.837113294817771,51.97346318310936],[5.8390559655281855,51.97327882055315],[5.839852714052815,51.97317388401748],[5.840319829598504,51.97311559420783],[5.841698213458724,51.97292157629355],[5.842420956249766,51.97280761427762],[5.844031766566279,51.97250357797106],[5.844871846402521,51.97233184452751],[5.845696337143959,51.97215193249892],[5.84711234135084,51.97178287218393],[5.8483517280784145,51.971449685506585],[5.849334022888993,51.9711717315334],[5.850101076650711,51.97095779547067],[5.852949965651019,51.97016315422466],[5.853620629065152,51.96998936803224],[5.854158353720737,51.96986193731843],[5.854301925387961,51.9698357280879],[5.853846681125051,51.96902578670684],[5.853688451170385,51.96877351102521],[5.853685827587099,51.968769328366434],[5.853167018128318,51.9679421324584],[5.852398681593298,51.96662100768303],[5.851829615340486,51.965205867314026],[5.851625336507246,51.9645141496868],[5.851499020914997,51.96391534930288],[5.851410670483599,51.96341342815407],[5.8513991962608065,51.96329224666605],[5.851393978837686,51.963230833683134],[5.851229675109273,51.96323932880805],[5.851012870065211,51.963250538486214],[5.850614436318718,51.96325210890381],[5.85046434420239,51.962884083436016],[5.850202235825629,51.962292951296796],[5.849896501226291,51.961577134789984],[5.849539570625577,51.96074855589057],[5.849249793768542,51.96008499617375],[5.848999190974339,51.959486680258955],[5.848618721401487,51.95861181727477],[5.848382022348649,51.95805387505145],[5.848273550927048,51.95779808374281],[5.848020396245322,51.95781145378575],[5.847784380781982,51.95774035283348],[5.847845011150988,51.957600483109395],[5.847792970215943,51.957405677412275],[5.847619557706235,51.957011578943835],[5.84702818027882,51.95564644306315],[5.846925151225826,51.95539557998537],[5.845358136084264,51.95590336124201],[5.844961267478836,51.95613048915314],[5.844682165488397,51.955933934786444],[5.844676884751477,51.95593680193957],[5.844610489780986,51.955891581824034],[5.843929336755818,51.95543973575755],[5.843881055625208,51.95540770809778],[5.843333204914674,51.955044278838656],[5.842741593107717,51.95465180981075],[5.842672580591221,51.95460602079649],[5.842658643958218,51.954588808146454],[5.842647181755086,51.95455166772189],[5.839186985081305,51.95443444641836],[5.838808057607773,51.9544159256361],[5.838506240283553,51.95441042486564],[5.836850458790099,51.95433947693683],[5.836082293947328,51.954310307088264],[5.834838606951852,51.954263916781],[5.833546717364509,51.954208183932444],[5.832886729607725,51.954185344508396],[5.832872979540977,51.95411872017677],[5.832668586860836,51.954110162928224],[5.832628440068086,51.95410848138175],[5.832425939374102,51.95409999923801],[5.831977623204188,51.95408121850904],[5.831752485091703,51.95407178626733],[5.83140407052119,51.954057189027544],[5.831393398136989,51.954041562657245],[5.8312957604082065,51.95390817587789],[5.831188595450123,51.95376823293713],[5.8311700201701715,51.95374397701371],[5.831163814169241,51.95373587318313],[5.831135498796755,51.95369110127859],[5.830978189153641,51.95370420322364],[5.830759168885078,51.95372244358264],[5.830666087246313,51.95356229967483],[5.830632698316593,51.95350485614092],[5.830569052083255,51.95339535383871],[5.830558408883378,51.95337704156593],[5.83056429912432,51.95337543740929],[5.830547563295789,51.95334354784282],[5.830506923199997,51.953266102883276],[5.829912198419425,51.95343120321042],[5.82999198614978,51.953531140807435],[5.8300765017826635,51.953631051556215],[5.830107000752942,51.95368640375577],[5.830104626735195,51.95370969250686],[5.830097035330844,51.9537246507374],[5.830072693077514,51.953744786421694],[5.830080472714275,51.95383436191691],[5.830080715370086,51.95385304776868],[5.830166622582802,51.95384777161773],[5.83029881229091,51.95390515852767],[5.830357251809374,51.953951156372725],[5.830429269732385,51.954030126184435],[5.830507000858148,51.95412192774559],[5.830700432696406,51.954387945453405],[5.830880979824001,51.954685057192656],[5.831042301274671,51.9549987258371],[5.831135936438981,51.95519349133765],[5.831210593948429,51.95536831137791],[5.831256755022492,51.955466909974035],[5.831282236991895,51.95554716952968],[5.831304041221924,51.95568354819883],[5.831330619052958,51.95604051869221],[5.831345386941922,51.956362488224705],[5.831344030465029,51.95647380496373],[5.831315177272104,51.95690096797401],[5.831286281203228,51.95737087965545],[5.831295880976005,51.95764252496038],[5.831317907664221,51.95803049535373],[5.831338225053088,51.958306037050626],[5.8313444677271615,51.958535386887135],[5.831338111688193,51.95861637784248],[5.831295363007927,51.95865706768905],[5.831270841109578,51.95866515091533],[5.831190834219291,51.95867657155642],[5.831090818726239,51.95869199556698],[5.831017572336454,51.95869707177168],[5.830937799948173,51.95869250110191],[5.830875007792974,51.95868664390786],[5.830710804724108,51.95867133591173],[5.830704848821551,51.95867078311823],[5.830197401487478,51.95862347549024],[5.829550248046569,51.9603011933257],[5.829374885984121,51.96075579058677],[5.829371069712702,51.96076568311308],[5.8293394186458425,51.96084772177568],[5.829805522356409,51.96099786252433],[5.829777708316379,51.96102192109992],[5.830560842105995,51.961272811168605],[5.83106476592695,51.96144470895338],[5.831226265409667,51.96149011065517],[5.831949393641285,51.96172738505965],[5.832371538004473,51.96188994204982],[5.832654668775059,51.96202684107288],[5.832713480070282,51.962057691005896],[5.832761000187749,51.96208262441582],[5.8329392628887575,51.962176119802116],[5.8333508391564655,51.96239006372062],[5.834006518843649,51.96271439075152],[5.834223708122361,51.96286482125884],[5.834227831930529,51.9628683559794],[5.834420521467367,51.96303350326266],[5.834600595211858,51.963246570107216],[5.8346707275253,51.96335743512939],[5.834814490971949,51.96357973597417],[5.8350754755374,51.96396102548102],[5.83510978784999,51.964025368167476],[5.835142334420556,51.96408918725616],[5.835181158963645,51.96416823563358],[5.835295340945064,51.96441768546179],[5.835442155617927,51.96479904948814],[5.835568668154497,51.96540249362023],[5.835603530916988,51.96547368316993],[5.835695492452662,51.965614782008316],[5.835839305030813,51.96581603070709],[5.835900266426411,51.966004355481545],[5.835953386621398,51.966163731743386],[5.835978697982811,51.966330198015065],[5.835969345200009,51.966615595350056],[5.835931210077284,51.96698393896099],[5.835924417291589,51.96721545941442],[5.835897196792688,51.9674661669782],[5.835875102189115,51.96766491139713],[5.8358642081261145,51.96776288083826],[5.835844706893661,51.96790378441715],[5.835843852298891,51.96790999861465],[5.835816371754473,51.96810861074795],[5.835862088767004,51.96811104300584],[5.835846068591119,51.968396285917756],[5.8358148892121156,51.96844628108392],[5.835782029253696,51.9684752050112],[5.8357174856657625,51.96851391219341],[5.835529737041524,51.96857073305828],[5.8354436302361785,51.96861121207425],[5.835358694213541,51.9686567380085],[5.835278192109213,51.96872659638115],[5.83517675778649,51.968859938100756],[5.835251965521189,51.969426806360154],[5.835354034615948,51.97054514104394],[5.835358299059975,51.97059179220298],[5.835368138018454,51.97069968657512],[5.835372174060915,51.97074386681241],[5.83538171800189,51.97084844561193],[5.836198219119817,51.970886984035744],[5.836195960016083,51.97091571037011],[5.836195405096139,51.97092278630321],[5.8361610905118155,51.971358932115606],[5.8361591804509665,51.971383279799106],[5.836155578377843,51.971429044138354],[5.836195935973837,51.97143074171145],[5.836007677923822,51.97169809882918],[5.8356606735543926,51.97215469890592],[5.835475563090561,51.97238523592376],[5.8354725908942005,51.97253048063292],[5.835437903822418,51.97277003485137],[5.8354075658965,51.97302104158473],[5.83534261447369,51.97355842236707],[5.835903777732021,51.973544526726286]]]]},"properties":{"buurtcode":"BU02022447","buurtnaam":"Schuytgraaf-Noord","gemeentenaam":"Arnhem","aantalInwoners":6470,"crime_violent":13,"crime_property":0,"crime_disorder":0,"crime_count":13}},{"type":"Feature","geometry":{"type":"MultiPolygon","coordinates":[[[[5.851229675109273,51.96323932880805],[5.851393978837686,51.963230833683134],[5.851365849595296,51.96288233692639],[5.8513489058833645,51.96264328490539],[5.851346628145228,51.96261116143904],[5.851338802823639,51.96250074706059],[5.851331273382004,51.961773055592225],[5.851389790554744,51.96106650742069],[5.851425009056765,51.960675396684636],[5.851449017858114,51.960317149332965],[5.851467721277836,51.960115882014435],[5.851509260849574,51.95966624374688],[5.8515331207566215,51.95929372699915],[5.851554562007375,51.959133829411314],[5.851624837903989,51.9581879904756],[5.851760830801589,51.956749132976675],[5.8518009507548,51.956162992883215],[5.851899603131292,51.95498493123673],[5.851904869254835,51.95494180584955],[5.85191727454687,51.954840184767185],[5.8519294063031255,51.954740811852815],[5.851990067783548,51.953908686755234],[5.852062198587674,51.953069381221006],[5.852093511211903,51.95274820391418],[5.8521772175723745,51.951689109366434],[5.852259970836844,51.950761293433565],[5.852328834364424,51.950053275340004],[5.85243430380845,51.9487811120061],[5.8524467749098585,51.94859199773127],[5.8524330530459805,51.9485942775435],[5.8446097642127866,51.94989354827114],[5.844673658215338,51.95002632924201],[5.8449654888515745,51.95080999060674],[5.845651634283308,51.95242209870787],[5.846396779046908,51.95415288014552],[5.8467439775369545,51.954981506930416],[5.846881973536553,51.955296897528335],[5.846925151225826,51.95539557998537],[5.84702818027882,51.95564644306315],[5.847619557706235,51.957011578943835],[5.847792970215943,51.957405677412275],[5.847845011150988,51.957600483109395],[5.847784380781982,51.95774035283348],[5.848020396245322,51.95781145378575],[5.848273550927048,51.95779808374281],[5.848382022348649,51.95805387505145],[5.848618721401487,51.95861181727477],[5.848999190974339,51.959486680258955],[5.849249793768542,51.96008499617375],[5.849539570625577,51.96074855589057],[5.849896501226291,51.961577134789984],[5.850202235825629,51.962292951296796],[5.85046434420239,51.962884083436016],[5.850614436318718,51.96325210890381],[5.851012870065211,51.963250538486214],[5.851229675109273,51.96323932880805]]]]},"properties":{"buurtcode":"BU02022448","buurtnaam":"Schuytgraaf-Centrum","gemeentenaam":"Arnhem","aantalInwoners":3215,"crime_violent":11,"crime_property":0,"crime_disorder":10,"crime_count":21}},{"type":"Feature","geometry":{"type":"MultiPolygon","coordinates":[[[[5.845358136084264,51.95590336124201],[5.846925151225826,51.95539557998537],[5.846881973536553,51.955296897528335],[5.8467439775369545,51.954981506930416],[5.846396779046908,51.95415288014552],[5.845651634283308,51.95242209870787],[5.8449654888515745,51.95080999060674],[5.844673658215338,51.95002632924201],[5.8446097642127866,51.94989354827114],[5.8524330530459805,51.9485942775435],[5.8524467749098585,51.94859199773127],[5.852470396705106,51.94827203968904],[5.852497464494387,51.94791342249671],[5.852531051643092,51.94753396960488],[5.85253696717937,51.94745487191],[5.852564596008207,51.9470576069387],[5.852577991042093,51.94695767065666],[5.852606513361892,51.9466466104729],[5.852621406887409,51.94650564532266],[5.85265311712716,51.94613095638833],[5.852658333188766,51.94607742706469],[5.852689925644044,51.9456914419757],[5.852704369153482,51.94559982473901],[5.852736508984842,51.945174003669926],[5.852741886664945,51.94513593189828],[5.852765781267281,51.94474997811132],[5.852801473042311,51.944388353150536],[5.852821912676911,51.944078240713495],[5.852689316352213,51.944101821840846],[5.852372505580105,51.94415816547029],[5.8516943130765195,51.9442787562523],[5.85039408551849,51.944509943427676],[5.850380605021612,51.944481952815835],[5.850091118330187,51.9438602346906],[5.849781369416218,51.943183856369686],[5.849679605530793,51.94294383572701],[5.8478229684251835,51.943222348618534],[5.845995983179091,51.943480034132975],[5.845507934954759,51.94355119301682],[5.844008639528133,51.94376004818895],[5.843022639155281,51.94388086761307],[5.842243513504447,51.94397072228379],[5.842239751530604,51.94396260237359],[5.840515724827472,51.944138656957165],[5.839466259921668,51.94424303572209],[5.838958844687127,51.94429634612774],[5.838952640932609,51.944296999151696],[5.838899472695896,51.94430471771306],[5.8388290033578185,51.94426538572254],[5.838761976994148,51.94422709210422],[5.838715558100017,51.94419875930535],[5.838670840762507,51.94417041096556],[5.838651807606362,51.944147779453516],[5.838641292743327,51.94412036038572],[5.838595058140068,51.94412189515766],[5.838252048876605,51.944131759591116],[5.83740266009967,51.9441561829057],[5.8373072059768045,51.94415893031515],[5.837306664818177,51.94433986807945],[5.837304155058347,51.945177107435924],[5.837234254659181,51.94517709638727],[5.837171993101407,51.945177388630235],[5.8360719667589525,51.94518261833313],[5.835966709340721,51.94518409876019],[5.8356736159312845,51.94516567646882],[5.834734698481634,51.94515930420081],[5.834562035374953,51.945167367741305],[5.834153291666852,51.94517143011022],[5.8335969924444955,51.94517521549158],[5.832878393658683,51.94516887251641],[5.832488866364572,51.94517034849942],[5.832488258870175,51.94518387827431],[5.832286615971417,51.945183913767394],[5.831908449327399,51.945184086447675],[5.831873096770156,51.94518310560989],[5.831549316707869,51.94518086028264],[5.831439078022854,51.945181636413864],[5.831319409862925,51.94518487491806],[5.83115266946181,51.945193324539126],[5.83113233299033,51.945195918069615],[5.831110420702692,51.94520094440208],[5.831085817102232,51.94521326145809],[5.83103174993503,51.9452318018209],[5.830991229490647,51.94523770732918],[5.8308934027001165,51.945243469573356],[5.830557838703167,51.94524096038097],[5.829934493929691,51.94523642433071],[5.829931366646584,51.94523640015387],[5.829927499401046,51.94523655853043],[5.829927104810603,51.945236956402724],[5.829724096720558,51.94544161157777],[5.829656468169768,51.94550978209659],[5.829521249335138,51.94602629417611],[5.829483631425512,51.946176244540794],[5.829445889116435,51.94632540438221],[5.829433714508573,51.94637108403244],[5.82941789315285,51.94643487993545],[5.829364244156309,51.94663776002194],[5.829230780748815,51.94662448273251],[5.82920608795192,51.946722368814136],[5.829148456051215,51.94695072775617],[5.829113401408066,51.94709826844976],[5.829104566391416,51.947121266889276],[5.829083620208137,51.947175770069265],[5.829061736386034,51.947244361511586],[5.829034707160549,51.947319228176],[5.829017896584783,51.947369805868796],[5.828983362365689,51.947437330275136],[5.828964725133326,51.947473758173274],[5.828863180150792,51.94768596807508],[5.828862766938514,51.94768684149709],[5.828862367739977,51.947687660936275],[5.82880433374513,51.9478089699496],[5.828791007631453,51.94784416444195],[5.828770302753891,51.9479129131827],[5.828759582314224,51.94795127975993],[5.828746614303584,51.94801843546639],[5.828720766103355,51.948067087588846],[5.828690534054548,51.94812403443424],[5.8286649967738375,51.948223514481334],[5.828654930859033,51.94825893939947],[5.828649149207743,51.94829664924805],[5.828645949981376,51.94833072709655],[5.828635554830299,51.948462786970325],[5.828633983307836,51.94848342112736],[5.828692075987673,51.94850393013936],[5.82869666518886,51.94858893368362],[5.8286989324189715,51.94864195641844],[5.828708021443036,51.94890042714724],[5.828710603596431,51.948988404377225],[5.828717797484365,51.9492331480497],[5.828759167193733,51.94989991909381],[5.82876828385552,51.94999857690778],[5.828770521800021,51.95003974412084],[5.829226653680756,51.95088428312676],[5.829445214255884,51.95125800569664],[5.829763167709938,51.951831596177904],[5.83046493236184,51.95318282237486],[5.830506923199997,51.953266102883276],[5.830547563295789,51.95334354784282],[5.83056429912432,51.95337543740929],[5.830558408883378,51.95337704156593],[5.830569052083255,51.95339535383871],[5.830632698316593,51.95350485614092],[5.830666087246313,51.95356229967483],[5.830759168885078,51.95372244358264],[5.830978189153641,51.95370420322364],[5.831135498796755,51.95369110127859],[5.831163814169241,51.95373587318313],[5.8311700201701715,51.95374397701371],[5.831188595450123,51.95376823293713],[5.8312957604082065,51.95390817587789],[5.831393398136989,51.954041562657245],[5.83140407052119,51.954057189027544],[5.831752485091703,51.95407178626733],[5.831977623204188,51.95408121850904],[5.832425939374102,51.95409999923801],[5.832628440068086,51.95410848138175],[5.832668586860836,51.954110162928224],[5.832872979540977,51.95411872017677],[5.832886729607725,51.954185344508396],[5.833546717364509,51.954208183932444],[5.834838606951852,51.954263916781],[5.836082293947328,51.954310307088264],[5.836850458790099,51.95433947693683],[5.838506240283553,51.95441042486564],[5.838808057607773,51.9544159256361],[5.839186985081305,51.95443444641836],[5.842647181755086,51.95455166772189],[5.842658643958218,51.954588808146454],[5.842672580591221,51.95460602079649],[5.842741593107717,51.95465180981075],[5.843333204914674,51.955044278838656],[5.843881055625208,51.95540770809778],[5.843929336755818,51.95543973575755],[5.844610489780986,51.955891581824034],[5.844676884751477,51.95593680193957],[5.844682165488397,51.955933934786444],[5.844961267478836,51.95613048915314],[5.845358136084264,51.95590336124201]]]]},"properties":{"buurtcode":"BU02022449","buurtnaam":"Schuytgraaf-Zuid","gemeentenaam":"Arnhem","aantalInwoners":6025,"crime_violent":10,"crime_property":0,"crime_disorder":1,"crime_count":11}},{"type":"Feature","geometry":{"type":"MultiPolygon","coordinates":[[[[5.983506975289692,51.94308689384481],[5.9839424442171465,51.943066886342535],[5.984306382355785,51.94302692672466],[5.984363893540792,51.9430206131361],[5.989961621098026,51.9413509198227],[5.9904268530506615,51.94121213262589],[5.994612148796408,51.93853036250713],[5.996479403575983,51.93835300112335],[5.999695500585829,51.93991079454414],[6.0021414417829115,51.938884399810156],[6.004440834688419,51.93764340428776],[6.001398639731163,51.934292912756085],[6.00606760204225,51.93036944487665],[6.00332057526756,51.928388583390245],[5.998422684662726,51.928404919379894],[5.9974344618238495,51.92325557140133],[5.994583146326805,51.921842835736975],[5.9924380937908595,51.9220193875677],[5.992946104073845,51.91996939244228],[5.995615782405873,51.918276714005806],[5.997278949087299,51.91307196662881],[5.996522462470995,51.913064441926615],[5.996414034101488,51.913045984491674],[5.99619666473514,51.913007687746386],[5.996124404948176,51.91298333484418],[5.996038669870832,51.91295453050034],[5.99583297632965,51.912885431813336],[5.995488796065541,51.91276649838481],[5.99522777228857,51.912670503793514],[5.994998413974185,51.91260526534642],[5.994801023343389,51.91255556408841],[5.99469017560102,51.91253754003959],[5.994578372516027,51.91252194772757],[5.994548234509304,51.91251805869271],[5.99451793001058,51.91251475476514],[5.994487473429899,51.91251202688157],[5.994456893953908,51.91250988387957],[5.9944262061142926,51.91250832568406],[5.994395468042052,51.91250735199436],[5.994364694268577,51.91250696273534],[5.994333928513577,51.91250716666978],[5.994303170654024,51.91250795480946],[5.994103840466405,51.91250178485323],[5.993982504184336,51.912498088099],[5.99393935782578,51.91249631547581],[5.993896290535071,51.912493940197095],[5.9938533166041355,51.912490944212315],[5.993810465343692,51.91248734534696],[5.993767765699687,51.91248313446359],[5.993725232328526,51.91247832047496],[5.9936828942976925,51.91247290323126],[5.993640766141838,51.91246688265769],[5.993598862516819,51.9124602676673],[5.993414547669206,51.912427278174],[5.993232355418086,51.91238892926963],[5.993143455571067,51.912373100599055],[5.993008994234961,51.91234667562959],[5.992943946941365,51.912337474195674],[5.992844280545456,51.91233371846967],[5.992755402843411,51.91233352942806],[5.992707352116825,51.912342046528465],[5.99267123533529,51.912347446008724],[5.992635011980984,51.91235572235554],[5.992606535901651,51.91236728452461],[5.992578380722279,51.912370305932946],[5.992448298841746,51.91241108294487],[5.992348155298097,51.91244635743679],[5.992251577493153,51.91248524484382],[5.991981542427507,51.91261852384443],[5.991607778176775,51.9127962538307],[5.991419780346853,51.91287843215453],[5.991259759992804,51.91295952253701],[5.991110693137455,51.91300242707394],[5.990963611231148,51.913041644913484],[5.990923457448869,51.91305060607894],[5.9908829459152635,51.91305890391791],[5.990842076269563,51.91306651146642],[5.990800892354687,51.91307344647593],[5.99075940834308,51.91307968190766],[5.990717682611029,51.91308523543853],[5.990684005766345,51.91308948022909],[5.990650191717054,51.91309324932287],[5.990616240343124,51.91309653373188],[5.990582166178909,51.91309933338149],[5.990548012825115,51.9131016480473],[5.990370442119736,51.91311416400012],[5.990017487391029,51.91314187144894],[5.989994039529947,51.913145892774985],[5.989970934854196,51.913150577486356],[5.989948173121111,51.9131559076077],[5.989925841409167,51.91316187370358],[5.989903983196428,51.91316846656302],[5.989882612774099,51.91317566813563],[5.989861817099802,51.91318345999875],[5.9898416107065025,51.91319184207805],[5.989822036710706,51.91320077819876],[5.98980315312472,51.91321025907476],[5.9897872372132195,51.913217774217074],[5.989771879226598,51.913225708956396],[5.989757093577371,51.913234054230365],[5.98974290909093,51.91324279191455],[5.989729339938518,51.91325189497058],[5.989716444253528,51.913261363100936],[5.989704221674128,51.91327116934164],[5.9896850540822175,51.91328765371521],[5.989667465110634,51.913304804129666],[5.989626499732413,51.913341067158804],[5.989589284859118,51.91337521661755],[5.989552873600004,51.9134096855309],[5.989517266076943,51.913444482887684],[5.98948247658308,51.913479590638296],[5.989448519652868,51.91351500870871],[5.989415380634186,51.91355072818643],[5.989383088474061,51.913586739935226],[5.989365077413713,51.91360603173512],[5.989230187280166,51.9137505034311],[5.989220705177093,51.913760924774465],[5.989210960142877,51.91377124859038],[5.989191815086937,51.913790528196465],[5.989171764244144,51.913809461887936],[5.989150836319127,51.913828022551556],[5.989129045603951,51.913846192136795],[5.989106391977908,51.91386396165511],[5.989082904266187,51.913881312981374],[5.989058625948835,51.91389823690393],[5.989033542250812,51.913914715520704],[5.989007696531953,51.913930730632075],[5.988981103205331,51.9139462731754],[5.988920989977446,51.91396481877526],[5.9887822635368115,51.91397714235686],[5.988738718889462,51.91397610691961],[5.98866064397317,51.913974259505316],[5.98856339146249,51.91395780497827],[5.9884369498834795,51.91392911356309],[5.988343224779115,51.91390253770372],[5.9882475245471944,51.91386194977911],[5.98819945207748,51.913839697427285],[5.98783429587894,51.91367066600462],[5.987062530698787,51.913313405199474],[5.98656041201186,51.913720523220825],[5.985469988943512,51.91467901690469],[5.9844865173576185,51.91562371648351],[5.983509902242565,51.916616083858386],[5.9826674311043435,51.91758495923548],[5.981840364180134,51.91856175916315],[5.981045474147395,51.919441844820845],[5.9801624378208125,51.92032672023722],[5.979998167406661,51.92049131979814],[5.978644695846311,51.92168110052886],[5.977099434883795,51.922857161963435],[5.977088288633184,51.922865646447086],[5.975880172853492,51.923720193608304],[5.9756603136344575,51.92386941651712],[5.974975524074663,51.9243341789905],[5.973950108134235,51.924993469045226],[5.972954671141548,51.92560610307634],[5.971626239498896,51.926368848267444],[5.9701916501791,51.92719470086609],[5.96861293573832,51.92821210156843],[5.96977852706692,51.928336122037564],[5.969849970587948,51.92834160132286],[5.970507880563296,51.92839206131626],[5.970676335602328,51.928419287004004],[5.970878725038393,51.92842413332818],[5.971310889618148,51.92843447079575],[5.97149975364095,51.928438996781445],[5.971294123940908,51.928664542651966],[5.971266279415875,51.92873592383892],[5.971238894016797,51.92883366597875],[5.971212501901675,51.92904466713842],[5.972057217847358,51.928955039045256],[5.972489150125861,51.928991754571754],[5.9725556050296875,51.92900257825119],[5.972706797154369,51.929029167954006],[5.972764340929637,51.92905012999443],[5.972823012520758,51.92908287029758],[5.972862610161308,51.929115732608274],[5.972883191963239,51.9291509458021],[5.9728874326044155,51.92918624044543],[5.972696196179785,51.929847398121886],[5.972671863693526,51.92991147246934],[5.972637776778712,51.92998906016871],[5.972598595662291,51.93008855122005],[5.972567085692794,51.93031697088726],[5.972543084724963,51.93034739963608],[5.972515514530719,51.93038175615175],[5.972481076718476,51.93043916638887],[5.97242388921505,51.93054716927543],[5.972330956591979,51.930741738500714],[5.972155848146227,51.93090988611993],[5.972101549776767,51.9309741364726],[5.972050863998186,51.93103667898269],[5.9718691298588995,51.93118971353749],[5.971662940164584,51.931346258107084],[5.971258115611323,51.93150273813283],[5.9710499587904495,51.931583203846806],[5.970937026096275,51.93162686471572],[5.970909310128113,51.93165351843428],[5.970836945697035,51.93170512124497],[5.970817684202893,51.931718870424255],[5.970777349327388,51.931747923791214],[5.9705799565419255,51.93188705698724],[5.970509472420269,51.93193459645028],[5.970455133253391,51.93197135943554],[5.970402615226015,51.93200281014994],[5.970346569692813,51.93204254775361],[5.97028566750875,51.93208115890335],[5.970283403271693,51.93208259031973],[5.970241104581401,51.93211722610535],[5.970200249260811,51.93215104575051],[5.970147253627691,51.9322017340779],[5.970101106575909,51.932253556911064],[5.970065285453424,51.93229436255412],[5.970001832499471,51.93236838286201],[5.969962683170711,51.932432844696],[5.969940016889668,51.932467742542904],[5.9699201399121185,51.93250469390457],[5.969900425796246,51.932542992727825],[5.969879175714496,51.932597388552004],[5.969862108971456,51.932638011246766],[5.969841076102553,51.932686743240446],[5.969806149341598,51.932740487784145],[5.969782777198454,51.932788242631425],[5.969731733780038,51.93286621012445],[5.969696986785455,51.93291926162916],[5.969655723670321,51.93298113615982],[5.96955057452946,51.93311405768505],[5.9695434690677684,51.933126766661175],[5.969535159128603,51.93315871696218],[5.9693830880772545,51.93335119484802],[5.969288206107843,51.933446223742926],[5.96918471584968,51.93352781246847],[5.969083749907491,51.933579816490465],[5.9689508183311855,51.93364492209784],[5.968710049609184,51.933748043226714],[5.968472534358556,51.93384422663246],[5.968317693503533,51.93392436077302],[5.968174475949204,51.93401504365045],[5.968059467829157,51.934094531078756],[5.967931538298836,51.93419808149807],[5.967814393331153,51.93431479155722],[5.967626006822398,51.93453351313381],[5.967545352076861,51.93463060957353],[5.967455676283184,51.93473855465576],[5.967454759881789,51.93473965577555],[5.96741753654601,51.934787065054984],[5.967188100798958,51.93507929862962],[5.967157446086069,51.935123062033284],[5.966821155356863,51.935603249968125],[5.966781651107802,51.93569710477291],[5.966770553982979,51.93572736079614],[5.96673089194654,51.93591038207464],[5.9666924764930025,51.936068337307475],[5.9666771762261535,51.93613122424877],[5.966593089053793,51.93646636981837],[5.966529332084756,51.93667548639986],[5.966503515547356,51.93675737280564],[5.966405121789875,51.937007287887795],[5.966290468820804,51.93732369880866],[5.966263650249448,51.93740800798864],[5.966260793081767,51.93742438108371],[5.966253494524033,51.93746621343437],[5.966250873879116,51.93747386654753],[5.966239945881561,51.93750151499831],[5.966234749812225,51.93751469073324],[5.966118440842602,51.93780888113163],[5.966003043887421,51.93814347007636],[5.965922212629378,51.93837655267087],[5.9658496586743635,51.938581703224415],[5.96577547088436,51.938767329827876],[5.9660279803460705,51.93876800089949],[5.966071722398371,51.93876674277611],[5.966097749808781,51.93875856988538],[5.966114516980911,51.93875178188948],[5.966141613480969,51.938740808308545],[5.966190634984429,51.93872719195255],[5.966232005745812,51.93871910522784],[5.966255964925573,51.9387140704797],[5.966360572491115,51.93869858019297],[5.966427305775143,51.93868828307613],[5.966497250296265,51.938680037439234],[5.966549233699273,51.93867508020488],[5.966590540055712,51.938675532716694],[5.9666479340783605,51.93867965408134],[5.966777333010898,51.9386875640025],[5.9669301372322625,51.938698225642085],[5.9670133414591895,51.93870664182537],[5.967139396830298,51.93871801042895],[5.96729759570472,51.938733112237855],[5.967531121024086,51.93876030887926],[5.967579889164482,51.93878336614913],[5.967674132414363,51.93882334878134],[5.968189090946779,51.93906001413778],[5.968576396787195,51.939244807186455],[5.968796784723675,51.93935325915708],[5.968884028385543,51.93939607986598],[5.96895463131097,51.93943073147478],[5.969020082271778,51.93946619953377],[5.969068099656485,51.93949180364188],[5.969099384021382,51.93950437641056],[5.96913211104644,51.93951605216847],[5.9691622725594335,51.93952726423312],[5.969189557678609,51.93953646812968],[5.969213925595355,51.93954500334391],[5.969233558324166,51.93955173734615],[5.969259936590131,51.93955750942597],[5.9692735625282705,51.939560491723896],[5.969324822790185,51.93957372950837],[5.969469364573799,51.93959627558656],[5.969526552200502,51.93959446418222],[5.969529461323967,51.939517157917805],[5.969527089701798,51.939256989426625],[5.9695180131410455,51.939129038591545],[5.969580244147131,51.939134896298505],[5.9697319337449475,51.93914914622496],[5.96977114481656,51.9391528348676],[5.969786083804249,51.939154243906316],[5.969875394222031,51.93918146762907],[5.9699681504683255,51.93920974382426],[5.9700909486002045,51.93925008627151],[5.970231917541347,51.93928983508786],[5.97035219996423,51.939325677531926],[5.970357097242333,51.93932763968215],[5.9704406294300565,51.93936115661369],[5.970459750904751,51.93936882774992],[5.970689651267723,51.93946245192689],[5.970957163514478,51.93957199616669],[5.971263131980266,51.93969748298214],[5.971457189700288,51.93977896959153],[5.9714993616969725,51.9397966829291],[5.971770660676883,51.93991528485077],[5.972025237806581,51.94003061666595],[5.972045440836606,51.94003977424879],[5.972154645714248,51.94009129194428],[5.972307179005141,51.940168840153646],[5.972355568858016,51.94019715558728],[5.972528190122746,51.94029615783711],[5.972679896749901,51.94038269815201],[5.972836249912523,51.940474212705915],[5.9729767119876485,51.94055710542402],[5.973099161982559,51.94062710842587],[5.9732420378116124,51.940721035623646],[5.973365446921947,51.94080205343031],[5.9734837398497005,51.9408832674125],[5.9736124512588376,51.94097600643845],[5.97381128873608,51.94110977821899],[5.973920461373692,51.941175163649284],[5.9740688134592554,51.941258312294465],[5.974262931159594,51.94135014870539],[5.974466057819771,51.94144131957353],[5.974669155616109,51.94152911057145],[5.97491019335564,51.9416198844214],[5.9750726120248485,51.94167414442285],[5.975241146820579,51.9417223153687],[5.975379076593036,51.94175782169418],[5.975564802521423,51.94179934455319],[5.975770400891715,51.94184241248565],[5.976088530343343,51.94191156704311],[5.9765060215115575,51.9420050486929],[5.976967035925168,51.942112359434795],[5.977743775223843,51.942281253258436],[5.978324320798489,51.942395616166074],[5.978719345850586,51.942474345032885],[5.978860808238103,51.942503834193126],[5.978955340443351,51.9425367953484],[5.9796941563561,51.94282295110433],[5.979982611687452,51.94293699836619],[5.980308942094522,51.94300051834634],[5.980453304947403,51.943007160249884],[5.980811399603318,51.94300903734631],[5.981094701544344,51.943017987742515],[5.981873255121387,51.943042589242744],[5.9827434283839125,51.943087439780484],[5.983179129348903,51.94309583750329],[5.983506975289692,51.94308689384481]]]]},"properties":{"buurtcode":"BU02260601","buurtnaam":"Loo Gld","gemeentenaam":"Duiven","aantalInwoners":1180,"crime_violent":1,"crime_property":0,"crime_disorder":0,"crime_count":1}},{"type":"Feature","geometry":{"type":"MultiPolygon","coordinates":[[[[5.854842669165681,51.97959102085405],[5.854883536561086,51.97959057978055],[5.8549445901715,51.97958991463345],[5.85553395970936,51.97958300411509],[5.856333081721834,51.979555353434925],[5.85677342529988,51.97954011527404],[5.856824600949404,51.97953440117459],[5.856894109635108,51.979526636435565],[5.856955302296962,51.979519803691005],[5.8572218512584335,51.979490023261846],[5.858214537288951,51.97937910851513],[5.858685567755408,51.979329305120615],[5.859030951730058,51.97930413744972],[5.859373586826347,51.97929855639438],[5.85978871481048,51.97930465560087],[5.859889754704129,51.979304258692046],[5.859963292739737,51.979293436978146],[5.860083585865831,51.97926647390446],[5.860163145608171,51.97924863583382],[5.860143184347239,51.97921621514329],[5.860140638687987,51.97921208355003],[5.860136401821151,51.97920520472794],[5.860108945856525,51.979160625072524],[5.859547473022111,51.97824895529429],[5.8594172385302405,51.97803380287183],[5.859371274560126,51.97795786509343],[5.85924710333537,51.97775440893123],[5.859077253001048,51.97748251886107],[5.858992398403804,51.97734698241895],[5.85811499544027,51.97592281646554],[5.858104127232679,51.97590517091038],[5.858056479083145,51.97582781919144],[5.858016337881017,51.975762634591526],[5.856967427207958,51.974059186253974],[5.8567337158291215,51.973679615812465],[5.856333472138501,51.97302957579905],[5.855937670241605,51.97238456366062],[5.854358118817418,51.96982546946604],[5.854301925387961,51.9698357280879],[5.854158353720737,51.96986193731843],[5.853620629065152,51.96998936803224],[5.852949965651019,51.97016315422466],[5.850101076650711,51.97095779547067],[5.849334022888993,51.9711717315334],[5.8483517280784145,51.971449685506585],[5.84711234135084,51.97178287218393],[5.845696337143959,51.97215193249892],[5.844871846402521,51.97233184452751],[5.844031766566279,51.97250357797106],[5.842420956249766,51.97280761427762],[5.841698213458724,51.97292157629355],[5.840319829598504,51.97311559420783],[5.839852714052815,51.97317388401748],[5.8390559655281855,51.97327882055315],[5.837113294817771,51.97346318310936],[5.836740707308141,51.97349345092396],[5.835903777732021,51.973544526726286],[5.83534261447369,51.97355842236707],[5.83450474917963,51.973612260171784],[5.833508131791653,51.973642767427314],[5.832988230896589,51.97364836085626],[5.832142456274037,51.973647697607944],[5.832123070712013,51.973647681038614],[5.831459551653976,51.97364121811774],[5.830358285669895,51.97361667180721],[5.828704209336618,51.97353067058215],[5.825429829434704,51.973230982317816],[5.824420443967424,51.973108478978396],[5.823617423627905,51.97297325618317],[5.823192744829868,51.97290174677482],[5.822045096401355,51.97270513238408],[5.820883413816002,51.972484397969865],[5.820210641404345,51.97234056431332],[5.819816339358767,51.972253228353736],[5.819063132549566,51.972078494590896],[5.818659262932062,51.97197187412482],[5.818391285979162,51.97189936554377],[5.818131837645647,51.97231913305399],[5.818014930032496,51.97253733641245],[5.817880140615581,51.97274670038978],[5.817825645826637,51.97281231862672],[5.817784647309603,51.97286168600399],[5.817738775804487,51.9729169189973],[5.817683161282158,51.972983884116765],[5.817595421626503,51.97308953200047],[5.817540262111836,51.97315739781097],[5.817537407984258,51.97318815996442],[5.817533038653546,51.97323528009666],[5.817604776913234,51.97323451520338],[5.817668678274256,51.97323861555447],[5.8177533075266945,51.973251292158814],[5.817827564162618,51.97326725954304],[5.817927591512259,51.97328876819743],[5.8179968114019855,51.973306865271525],[5.818099615040682,51.973323002085024],[5.819053267576463,51.97484705857892],[5.819304280763258,51.97594511147973],[5.8193879510330175,51.97599029400705],[5.820408076714836,51.97642982809554],[5.820404060539988,51.97643413570313],[5.820159454623109,51.97669653766354],[5.8200435919855495,51.97682082835452],[5.8199340253767335,51.97693836621894],[5.819972132409083,51.976927964097726],[5.82009679369401,51.9768888377608],[5.820271864781652,51.976833895071046],[5.8203018091054535,51.97682843320462],[5.820312907834099,51.97682640952635],[5.820366868696569,51.97681657540068],[5.820409961827049,51.976808722741715],[5.820699752383916,51.97674332599968],[5.82082070645644,51.97672883244813],[5.820868891969645,51.97672458044751],[5.820939865059331,51.97671831732805],[5.821082912252921,51.97671684792317],[5.821145952091233,51.97671620017348],[5.82115723079791,51.976716086667714],[5.821230302074247,51.97671533176413],[5.821417185648115,51.97671260186125],[5.821654695334653,51.976719429865405],[5.822065511264962,51.97673123915983],[5.822323633282302,51.97673865745975],[5.822701724594381,51.97674952403249],[5.82279698195246,51.976752263383055],[5.822881316339775,51.97675427909788],[5.822976315870091,51.97675444859902],[5.823542194082889,51.97675546129456],[5.823684632231541,51.976766626762554],[5.823837781243864,51.976780637559806],[5.824298602145279,51.976812746840544],[5.824445043996569,51.97682295004505],[5.824588406976552,51.97683293890636],[5.824733487473046,51.97684785040026],[5.824884141415443,51.976876070659785],[5.825024610411077,51.97690759138749],[5.825109582566,51.97693761073546],[5.8255846764305215,51.9770982928026],[5.826113787690138,51.97727724066108],[5.826541124981995,51.9774148298598],[5.82657880878588,51.97743130854295],[5.826669507604193,51.97745882460673],[5.82672994441879,51.97740693758438],[5.826730208550633,51.97740671099085],[5.826730529752593,51.97740651564326],[5.826775659007826,51.97737896233267],[5.8269282584727735,51.97726850360985],[5.827119822921776,51.97712983836388],[5.827124703392052,51.97712630568233],[5.827346121546431,51.97696602926846],[5.8274568582214705,51.9768858714736],[5.827603906255777,51.97677942703817],[5.827689256972618,51.97668797044402],[5.827769237947747,51.976602268442235],[5.827782690185582,51.97658784574268],[5.82782021529235,51.97661086003216],[5.827830425720256,51.97661712170824],[5.827975269900245,51.97665873619154],[5.828021557562702,51.976672034470894],[5.828133346961869,51.976692315680666],[5.8281483852796265,51.976695624548945],[5.82817732712384,51.976701993062434],[5.828275440944735,51.97672358285935],[5.82834471797903,51.9767388270853],[5.828778599384933,51.97683430031197],[5.829163732302875,51.97691904504647],[5.82941833158681,51.976971183313154],[5.829480178531751,51.976983848185114],[5.82953518433071,51.976996021915994],[5.829584123609858,51.97700685220625],[5.830168988599643,51.97713628656301],[5.830297785641496,51.977164789820016],[5.830466322037175,51.97719671518647],[5.830485048318134,51.97720026243438],[5.830594472444409,51.97721940061688],[5.830692048975691,51.97723646750516],[5.830758262545369,51.977248048333635],[5.830808392449014,51.977257942437255],[5.831087904083451,51.97731311020708],[5.831502189695027,51.97739487723456],[5.831647606072437,51.97742357691941],[5.831749941902964,51.97744377446256],[5.83182077693215,51.97745767509579],[5.8318304703948085,51.97745957724562],[5.831999424230984,51.97749491890087],[5.8320369966201095,51.97751756225317],[5.832342912228637,51.977547927306325],[5.832427821679447,51.97755635526531],[5.832534110059006,51.977566905283744],[5.832546444383311,51.977568130445384],[5.832575897549634,51.97757105341648],[5.832689438909735,51.97758689872465],[5.8328509207793395,51.97760943482159],[5.832942821630028,51.97762010637843],[5.833021572265617,51.97761980800764],[5.833037740909566,51.977602057720254],[5.833138198899164,51.977592562853694],[5.83316406044826,51.97759011887968],[5.833206724415015,51.97758609218112],[5.83323444724781,51.97758347395315],[5.833252340220632,51.97758178462681],[5.833268684542042,51.97758024048809],[5.8333368973614315,51.97757379699107],[5.833569759090867,51.977556078658864],[5.833680111602646,51.977549979330256],[5.833743960053694,51.977545217694974],[5.83382551733595,51.977539134932805],[5.8338564874560905,51.97753682511435],[5.833906392064839,51.97753948944673],[5.833924576398338,51.977540460354476],[5.833964081849629,51.977542569118555],[5.833993390568657,51.97754413414761],[5.8340099569899095,51.97754501770756],[5.834072188851117,51.97754833804257],[5.834188697154077,51.97756113527922],[5.834203935691175,51.97756445160309],[5.834266710247444,51.97757811173965],[5.8343069938662335,51.977586877780446],[5.834391895921475,51.97760137776206],[5.834450096711918,51.97761131694077],[5.834467676949559,51.97761431962477],[5.83455362900625,51.97761865689394],[5.834554997849602,51.97761872539358],[5.834556353988512,51.97761883349026],[5.834565722947869,51.97761985219773],[5.834668554368465,51.97763192257358],[5.834714533297554,51.97763731956279],[5.834812971340874,51.977648873515285],[5.834867779473222,51.977655307364266],[5.834940812793407,51.977663879366624],[5.83516083773346,51.977707426214906],[5.835179176430625,51.97770999806091],[5.835280778254832,51.97772424506251],[5.835296259415904,51.97772488180034],[5.835500458738509,51.97773327742061],[5.8356204138298,51.9777500778903],[5.835812258916915,51.97777154773267],[5.8358575957470755,51.977774421004696],[5.8359221033966335,51.977778507376726],[5.835916867942559,51.97780075547218],[5.835936246113285,51.97780276236449],[5.835974110750446,51.977806681568175],[5.836467891672852,51.977857787813136],[5.836475369829424,51.97785849540188],[5.836628292528601,51.977872960523264],[5.836959361211811,51.97790427722922],[5.837173065350829,51.97792449191464],[5.837239280659145,51.97793075519781],[5.837253154508625,51.97793597827735],[5.83737654516039,51.97798243428269],[5.837423334404444,51.978075708675206],[5.837453539632038,51.97813592003769],[5.83749442133485,51.97824876481837],[5.8375073555423285,51.978284470877014],[5.8375413805899505,51.978282543884205],[5.838120111982375,51.97824982097782],[5.838231549838528,51.97824587941082],[5.838371098173915,51.97824094909373],[5.838442742977061,51.978235622905316],[5.838582033022348,51.978225282355794],[5.838728842352557,51.97821438247404],[5.838800644021763,51.978210187994385],[5.839947199817056,51.97814320492936],[5.840073154024892,51.978139789998174],[5.84012690565393,51.978138324727375],[5.840213190065604,51.978135925228095],[5.8402146684308995,51.978135882683816],[5.840222166814472,51.978136708602854],[5.840327971038087,51.97813704720699],[5.840402702889943,51.97814859700258],[5.840428952142319,51.97811093366924],[5.840533265155789,51.97810385976547],[5.8408162557087175,51.97808467017565],[5.84085926839709,51.97808175301066],[5.8409937472300255,51.97808092342284],[5.841049971347337,51.97808057712791],[5.841055908767945,51.978081193295125],[5.841176179880597,51.97809368058142],[5.841382814949022,51.97811220082878],[5.841465768257242,51.97811963571437],[5.841527503682739,51.97813185696547],[5.841540755005249,51.978134480722446],[5.841675840941335,51.97816122240543],[5.8416986844158565,51.97816574607776],[5.841728846327922,51.978171719155014],[5.841747146779063,51.978175342659824],[5.842033010663692,51.97818300515684],[5.842428768423645,51.9782308025568],[5.842636474391036,51.97823985894168],[5.842784328195796,51.978251618518875],[5.842936371109036,51.97826080720128],[5.843167858151485,51.978274796806744],[5.843359598221849,51.978283922776455],[5.843531243934223,51.97828078539383],[5.8437349875700235,51.97829232699856],[5.84387876398862,51.97829670362688],[5.843914448179254,51.97830050200556],[5.844210025097901,51.97834535656717],[5.8445252071131115,51.97839764753146],[5.844555070977818,51.978402601767385],[5.844925896246583,51.97847380252062],[5.845007023827748,51.97847678649946],[5.845127613528324,51.97849673871285],[5.845281795301939,51.97852224963642],[5.845300324803132,51.97852517060806],[5.84536944251398,51.97853608296344],[5.845583283410062,51.978569846145845],[5.845789402051783,51.9785971045227],[5.8458530945660305,51.978605529995534],[5.845906890704759,51.978612645766816],[5.8459219754554805,51.978614609330684],[5.846070062364164,51.97863812959926],[5.846072049475387,51.9786384454295],[5.8462262841238015,51.97867101075101],[5.846232286619617,51.97867228165269],[5.846558140094115,51.97871540329055],[5.846689990196346,51.978724757642375],[5.846849976814054,51.97875125952652],[5.846997844090228,51.97876547656491],[5.847153651464288,51.97877473677315],[5.8472169047299865,51.97877448948646],[5.847279418616147,51.978774245056904],[5.847423588100385,51.978793189500976],[5.847432659550666,51.97879438182363],[5.847495803688976,51.97883567798173],[5.847498242245215,51.97884636455589],[5.84750616642833,51.978881127384945],[5.847470720997339,51.97896432721586],[5.847465543257308,51.979014340567105],[5.84749854293303,51.97910264766052],[5.847545470843423,51.97917366153095],[5.8475794528473095,51.97921840640777],[5.847570242727878,51.97925134872329],[5.847550054541728,51.9792995692109],[5.847596006813375,51.97935931551075],[5.847636329184958,51.979335581334375],[5.8477049891875295,51.979281769143704],[5.847741793234682,51.979277717864804],[5.847783643764138,51.97927311111563],[5.848615314714282,51.97927188394296],[5.848644793385426,51.97927240381092],[5.850450929013098,51.97930422424292],[5.850530374060326,51.979305623702764],[5.850728082139471,51.97931982853772],[5.851004652742487,51.979362260154666],[5.85156739269061,51.9794827492635],[5.851627601242491,51.97949606603036],[5.851697059409114,51.979508636172916],[5.852143603802596,51.979572765937114],[5.852451017719013,51.97958125816803],[5.852497577865609,51.97957970153317],[5.853255814128122,51.979554344801755],[5.853457664211701,51.9795475939195],[5.853622731772405,51.97954693968356],[5.853739651592151,51.97954647613834],[5.853821130135542,51.9795461530364],[5.853994654102572,51.97954546474157],[5.8548058619447545,51.97959138285911],[5.854842669165681,51.97959102085405]]]]},"properties":{"buurtcode":"BU02741101","buurtnaam":"Oosterbeekse Waarden","gemeentenaam":"Renkum","aantalInwoners":40,"crime_violent":0,"crime_property":0,"crime_disorder":0,"crime_count":0}},{"type":"Feature","geometry":{"type":"MultiPolygon","coordinates":[[[[5.845124403671958,51.987082390324964],[5.847067324565507,51.98683109509834],[5.847117862125792,51.98682455093211],[5.84714596486041,51.986818041404014],[5.847193450859784,51.98681232886796],[5.847647351771072,51.986757807487],[5.847916725637569,51.986725449504526],[5.84794657616008,51.98672187212495],[5.847988475440658,51.986716377986],[5.848325719856653,51.98667221855878],[5.848347483687209,51.9866693738554],[5.84837192429356,51.98666634787943],[5.84856776900724,51.986642111669255],[5.848612263466423,51.98663601929608],[5.848943704417369,51.9865906350673],[5.848988246757527,51.98658453697068],[5.849036350698418,51.98657794849772],[5.849090371358827,51.986570554796636],[5.84910708929171,51.98656826905793],[5.849172292467403,51.98656108309709],[5.849517459016343,51.986523055144694],[5.850300781309559,51.986419827143905],[5.850350632109121,51.98641326721572],[5.85039891208973,51.98640543710765],[5.850438806314728,51.98639897026324],[5.850513101134135,51.98638693003123],[5.8505367034121,51.98638310694658],[5.850583206762606,51.986378043173325],[5.851020857603595,51.98633031671779],[5.851065005098511,51.98632550472411],[5.851124106858737,51.98631821589928],[5.851829547034211,51.986231283932675],[5.85202802064775,51.986206824855834],[5.852130724859351,51.98619415904058],[5.8522649799526985,51.986177710197694],[5.852442977516243,51.98615589660982],[5.853929391293771,51.985973727791745],[5.854437681372974,51.98591064037101],[5.855468683992864,51.98578266858486],[5.855559521865211,51.98577139523919],[5.855525192685449,51.98574329054732],[5.855493814936997,51.98571760993654],[5.8554646247958075,51.98569370030073],[5.854301416467178,51.98474152588612],[5.854111568583623,51.98458611524393],[5.854003301151648,51.98449748844437],[5.853952480298023,51.98445536400669],[5.8539374733623335,51.984442920768586],[5.8536775408417805,51.98419930809492],[5.853275413130667,51.9838224201501],[5.853213202078827,51.98376410758761],[5.853165426711156,51.98371932818046],[5.853141245088415,51.983696665489504],[5.852928840316683,51.983506426198524],[5.85266445506708,51.98326962947934],[5.852428061145199,51.98312742073155],[5.852311932320833,51.983057559629984],[5.852175891729779,51.982996392412396],[5.852059829092737,51.982944215337696],[5.851914337861533,51.982888271419995],[5.851905276792329,51.98288480175725],[5.851573224904781,51.98275149267489],[5.850707901353395,51.982404082854764],[5.850543638544268,51.982296294605604],[5.850456734859494,51.98223554311271],[5.850341239906307,51.982154797205574],[5.850267883659627,51.9820879161389],[5.8502609605707905,51.98208001567829],[5.850187881098686,51.98199663899062],[5.850150800161019,51.98195433481139],[5.849950603397904,51.98172592801552],[5.849936683833474,51.98171004645012],[5.8499110542378645,51.981680809334435],[5.849874802161548,51.9816392190771],[5.849619533497284,51.98134630509379],[5.849529415736713,51.9812428970504],[5.8491694330710535,51.980810992587166],[5.849142933794886,51.98077918805548],[5.849120880641901,51.980752255714776],[5.849057241780019,51.980674504805876],[5.8489746726234975,51.98056207028549],[5.8489690538410875,51.9805544172018],[5.848903310098912,51.980464870994844],[5.848892656624451,51.98044663053512],[5.8488658669166185,51.980400716301176],[5.848823851385314,51.980356307120765],[5.848755584206829,51.980284147869085],[5.848620633265736,51.98015487489455],[5.848536555956326,51.980074334776624],[5.848492163111915,51.98003180886554],[5.84845898398854,51.9800000303673],[5.848433755003973,51.97997587156199],[5.848428201153111,51.97997055246711],[5.848346730771853,51.97989249355958],[5.848280404334181,51.9798383543194],[5.848204776096805,51.9797766221927],[5.848182276423806,51.979758255505914],[5.8481421373028715,51.97972549210058],[5.848073152502521,51.97966884732432],[5.848016348884344,51.979622205552005],[5.8480035491351,51.97961388934328],[5.847804812971746,51.979484769946275],[5.84766798057318,51.979395868039596],[5.847596006813375,51.97935931551075],[5.847518628083004,51.979329363541694],[5.847378211521081,51.9792953257093],[5.847260285171619,51.97927565300882],[5.8470517752321,51.979258311686124],[5.8466823849675045,51.9792257007085],[5.845915745099104,51.97915801413142],[5.845617215838082,51.979126900522324],[5.845530374580293,51.979117846029524],[5.84551314377135,51.97915941226634],[5.845494793975281,51.97954576618116],[5.8455409474441575,51.97996702217452],[5.845548532055711,51.98000415037923],[5.845552116274154,51.980025852218446],[5.845624534953006,51.98032948344569],[5.845709953381648,51.9805579979415],[5.8458035453547375,51.98080837967491],[5.8459017088245995,51.98107098291181],[5.845928431495023,51.98112340651762],[5.845935980159308,51.98114416708891],[5.845943903201493,51.98116595086946],[5.84595287456452,51.981190606826786],[5.845976972629991,51.98125680178285],[5.846123184722875,51.98163469410142],[5.8461424868428065,51.98175561967016],[5.846148132231245,51.98179093076228],[5.846139513677796,51.98182778056366],[5.846126640271966,51.98188268653028],[5.84591298425912,51.982463544410486],[5.845804232324821,51.982759199750205],[5.845527752832226,51.983563051210375],[5.845495714876453,51.9836814003172],[5.845480775909155,51.98373658299032],[5.845476273400048,51.98375323791297],[5.845460057451508,51.983813091394836],[5.8454486113762245,51.98385539007929],[5.845442790340451,51.98387692180638],[5.84542086510409,51.98395785715677],[5.845369722515593,51.98410844892449],[5.845315552319113,51.98433175000767],[5.84530874977021,51.984359811069844],[5.845293164727175,51.984411644482115],[5.845262585613333,51.984513322579375],[5.845234094158853,51.98469595665137],[5.8451275722365805,51.98537875833181],[5.8450783523798835,51.985649293393124],[5.845062141329244,51.985738392979414],[5.845051968269874,51.985794241045326],[5.845044124782133,51.9858372986541],[5.845008093562762,51.98603531671427],[5.845001257033325,51.98607292347872],[5.844997629329404,51.98611255810768],[5.844953409732402,51.98659649054692],[5.8449528720824935,51.986602290109],[5.844967474918938,51.98664233921608],[5.844967819536594,51.986646148925914],[5.844978131134808,51.98675209825802],[5.844990577247585,51.98688031325488],[5.84499517326223,51.986891297984954],[5.845042598710547,51.98700491467176],[5.845054746116742,51.987034016550176],[5.845065222167298,51.987059116137004],[5.845077473983373,51.98708846029155],[5.845124403671958,51.987082390324964]]]]},"properties":{"buurtcode":"BU02741103","buurtnaam":"Nieuwland","gemeentenaam":"Renkum","aantalInwoners":1815,"crime_violent":1,"crime_property":0,"crime_disorder":5,"crime_count":6}},{"type":"Feature","geometry":{"type":"MultiPolygon","coordinates":[[[[5.855673992192774,51.98575787054249],[5.856304982196835,51.98568330903989],[5.8569585324962175,51.98560607803037],[5.857323734469762,51.98556838759235],[5.857526112172345,51.98555612055801],[5.858064632311454,51.98552347669471],[5.858633002492921,51.98551055790807],[5.859192596274698,51.985497835165276],[5.860204704628089,51.985468837364266],[5.860261476112156,51.98546720695407],[5.860299470962072,51.98546581380379],[5.860518199543097,51.985457788429464],[5.86054549888973,51.98545679775586],[5.860608333622653,51.9854544866386],[5.861001494750557,51.98544005983041],[5.861319424088958,51.98542741614766],[5.861871911888908,51.98540544308935],[5.861972175486556,51.9853983530526],[5.8627364999813665,51.98534430091875],[5.863002711739773,51.985333328581966],[5.8630619491121925,51.985330886886665],[5.86311255772999,51.985328803642055],[5.863161724813484,51.98532531683627],[5.863153770572748,51.98529034575008],[5.863816089139078,51.9851657290867],[5.864144078425412,51.98502998853343],[5.864198239086897,51.98500742398842],[5.864597188585131,51.98484121165118],[5.864824466809864,51.984746514010915],[5.865018359649285,51.98466366330605],[5.8650548050603355,51.984648091318576],[5.865072585792666,51.98464049587043],[5.8650829614512165,51.98463605843551],[5.865266138520677,51.9845577800608],[5.865259159612184,51.98455421218345],[5.8652003511501904,51.98452413974505],[5.864928314430793,51.98437021287947],[5.8647177954181675,51.984249824687794],[5.8644942239906905,51.98411259459466],[5.864270548188167,51.9839654269983],[5.863980385189363,51.98377132257704],[5.863725754205418,51.98358850221074],[5.863359850676311,51.98330923740472],[5.863090275959463,51.983082749688315],[5.862874224178242,51.98289480268579],[5.862662902295814,51.98269739482566],[5.862462852351236,51.98250043900917],[5.862260185472045,51.982284113667795],[5.8620663561137585,51.98206626204225],[5.861883830092753,51.98185184208102],[5.86183788860351,51.98179350796019],[5.861722329423333,51.98164677838821],[5.861580307851605,51.981457537201706],[5.861431594972415,51.98124397430791],[5.861399700993204,51.98119565662193],[5.861261493987503,51.980986272988524],[5.861076454555609,51.980699218153],[5.86023862760427,51.97937118228499],[5.860224530782213,51.979348295329885],[5.86018922584161,51.97929097482136],[5.860187033893862,51.979287397286456],[5.8601661533747516,51.97925352328585],[5.860163145608171,51.97924863583382],[5.860083585865831,51.97926647390446],[5.859963292739737,51.979293436978146],[5.859889754704129,51.979304258692046],[5.85978871481048,51.97930465560087],[5.859373586826347,51.97929855639438],[5.859030951730058,51.97930413744972],[5.858685567755408,51.979329305120615],[5.858214537288951,51.97937910851513],[5.8572218512584335,51.979490023261846],[5.856955302296962,51.979519803691005],[5.856894109635108,51.979526636435565],[5.856824600949404,51.97953440117459],[5.85677342529988,51.97954011527404],[5.856333081721834,51.979555353434925],[5.85553395970936,51.97958300411509],[5.8549445901715,51.97958991463345],[5.854883536561086,51.97959057978055],[5.854842669165681,51.97959102085405],[5.8548058619447545,51.97959138285911],[5.853994654102572,51.97954546474157],[5.853821130135542,51.9795461530364],[5.853739651592151,51.97954647613834],[5.853622731772405,51.97954693968356],[5.853457664211701,51.9795475939195],[5.853255814128122,51.979554344801755],[5.852497577865609,51.97957970153317],[5.852451017719013,51.97958125816803],[5.852143603802596,51.979572765937114],[5.851697059409114,51.979508636172916],[5.851627601242491,51.97949606603036],[5.85156739269061,51.9794827492635],[5.851004652742487,51.979362260154666],[5.850728082139471,51.97931982853772],[5.850530374060326,51.979305623702764],[5.850450929013098,51.97930422424292],[5.848644793385426,51.97927240381092],[5.848615314714282,51.97927188394296],[5.847783643764138,51.97927311111563],[5.847741793234682,51.979277717864804],[5.8477049891875295,51.979281769143704],[5.847636329184958,51.979335581334375],[5.847596006813375,51.97935931551075],[5.84766798057318,51.979395868039596],[5.847804812971746,51.979484769946275],[5.8480035491351,51.97961388934328],[5.848016348884344,51.979622205552005],[5.848073152502521,51.97966884732432],[5.8481421373028715,51.97972549210058],[5.848182276423806,51.979758255505914],[5.848204776096805,51.9797766221927],[5.848280404334181,51.9798383543194],[5.848346730771853,51.97989249355958],[5.848428201153111,51.97997055246711],[5.848433755003973,51.97997587156199],[5.84845898398854,51.9800000303673],[5.848492163111915,51.98003180886554],[5.848536555956326,51.980074334776624],[5.848620633265736,51.98015487489455],[5.848755584206829,51.980284147869085],[5.848823851385314,51.980356307120765],[5.8488658669166185,51.980400716301176],[5.848892656624451,51.98044663053512],[5.848903310098912,51.980464870994844],[5.8489690538410875,51.9805544172018],[5.8489746726234975,51.98056207028549],[5.849057241780019,51.980674504805876],[5.849120880641901,51.980752255714776],[5.849142933794886,51.98077918805548],[5.8491694330710535,51.980810992587166],[5.849529415736713,51.9812428970504],[5.849619533497284,51.98134630509379],[5.849874802161548,51.9816392190771],[5.8499110542378645,51.981680809334435],[5.849936683833474,51.98171004645012],[5.849950603397904,51.98172592801552],[5.850150800161019,51.98195433481139],[5.850187881098686,51.98199663899062],[5.8502609605707905,51.98208001567829],[5.850267883659627,51.9820879161389],[5.850341239906307,51.982154797205574],[5.850456734859494,51.98223554311271],[5.850543638544268,51.982296294605604],[5.850707901353395,51.982404082854764],[5.851573224904781,51.98275149267489],[5.851905276792329,51.98288480175725],[5.851914337861533,51.982888271419995],[5.852059829092737,51.982944215337696],[5.852175891729779,51.982996392412396],[5.852311932320833,51.983057559629984],[5.852428061145199,51.98312742073155],[5.85266445506708,51.98326962947934],[5.852928840316683,51.983506426198524],[5.853141245088415,51.983696665489504],[5.853165426711156,51.98371932818046],[5.853213202078827,51.98376410758761],[5.853275413130667,51.9838224201501],[5.8536775408417805,51.98419930809492],[5.8539374733623335,51.984442920768586],[5.853952480298023,51.98445536400669],[5.854003301151648,51.98449748844437],[5.854111568583623,51.98458611524393],[5.854301416467178,51.98474152588612],[5.8554646247958075,51.98569370030073],[5.855493814936997,51.98571760993654],[5.855525192685449,51.98574329054732],[5.855559521865211,51.98577139523919],[5.855673992192774,51.98575787054249]]]]},"properties":{"buurtcode":"BU02741104","buurtnaam":"Stenenkruis","gemeentenaam":"Renkum","aantalInwoners":1260,"crime_violent":3,"crime_property":0,"crime_disorder":0,"crime_count":3}},{"type":"Feature","geometry":{"type":"MultiPolygon","coordinates":[[[[5.865374711853179,51.98451138242251],[5.865452224784047,51.98447825996942],[5.865486351302847,51.984463677000775],[5.865505479508241,51.9844555007559],[5.865503375642284,51.98445069156098],[5.865509481036918,51.984436240465435],[5.865522107242461,51.98442035169293],[5.865544943873434,51.98440501464013],[5.865558408929272,51.98439270879867],[5.8655874943170465,51.98437909006992],[5.866078950387637,51.984171293989185],[5.866126787118561,51.98415106428794],[5.866128104918024,51.98414633105974],[5.8661754816649045,51.98414709097333],[5.866178253629573,51.98415447708929],[5.866237048503208,51.984112145359376],[5.866218478671348,51.98400633837063],[5.866295944092706,51.98375504167736],[5.866325345908011,51.98368119063622],[5.86633245915478,51.983652111368706],[5.866368793834646,51.98357862757027],[5.866393211124537,51.98354372529254],[5.866409076621819,51.98351498788462],[5.866435090661111,51.98347286146034],[5.866525366549054,51.98336477750837],[5.866606470220313,51.98318444665331],[5.866637454644716,51.982995951828705],[5.8667106980960595,51.98255035315079],[5.866713287371056,51.982516159950535],[5.8667314740925764,51.982315259399776],[5.866780173605556,51.98224117677181],[5.866862656163656,51.98209341382007],[5.866957051083597,51.981918987762796],[5.867013708364565,51.98179558952231],[5.867044896246618,51.981661715851246],[5.867055371148025,51.98157686815287],[5.867063756154034,51.98150620358664],[5.867074714643678,51.9814366251004],[5.8670884184605985,51.98137330927586],[5.867097394093996,51.98133335545161],[5.8671313248404235,51.981182446644524],[5.867146206752583,51.98109865955548],[5.8671999671539075,51.980858451569006],[5.867201051765262,51.98069326841738],[5.867223565364023,51.98057320918821],[5.867227250714849,51.98056394514999],[5.867228966096875,51.98055965970125],[5.867277324125633,51.980460734461175],[5.867318787755711,51.98037589509829],[5.8673670259923325,51.98031203382417],[5.867369713067763,51.9802897497492],[5.867357889593489,51.98026897201618],[5.86733635934901,51.98023885905496],[5.867328399329683,51.980226811208276],[5.867324344874349,51.98021111613379],[5.867313384527487,51.98016763032472],[5.867302385486887,51.98015043556981],[5.867283781903398,51.98013535713902],[5.867238744975944,51.98013250284122],[5.867153244713427,51.98012708114066],[5.867072068095279,51.980113552236766],[5.866778245909673,51.980112188585906],[5.866735762130645,51.980116685139855],[5.86668728271278,51.98011450081087],[5.866670034313102,51.980109070238555],[5.866637243005321,51.98009435512683],[5.866567498789942,51.980058236529835],[5.86643901504767,51.980037772171855],[5.86642859000898,51.98003611583886],[5.866132819163948,51.97995992159125],[5.8658577324390215,51.97986731962754],[5.865887247103826,51.979812388647495],[5.865896832758247,51.979774967138276],[5.8658821814014575,51.97976054653188],[5.865876282576844,51.97975473709828],[5.86580083299014,51.979709005758906],[5.865801945718827,51.979653704960114],[5.865796442305086,51.979609936150645],[5.865788230228968,51.97957967884689],[5.865780022630279,51.97955256744348],[5.865759776940678,51.979503573453265],[5.8657522964285205,51.97948048586708],[5.865732936955063,51.979464062015296],[5.865697873645301,51.97938913399837],[5.865605991608,51.97916331604066],[5.865538325534885,51.978937022044434],[5.865474805733169,51.97865043532824],[5.864873902542345,51.978389122653006],[5.864143876665304,51.97804736345084],[5.863807117803691,51.9779763180638],[5.8637368362761055,51.97796444152753],[5.863796987190852,51.97786673728449],[5.863921442544151,51.977640418937156],[5.864128534903743,51.97728780284763],[5.864344567462395,51.976915312834585],[5.8646323411149375,51.976417539368335],[5.864650616223976,51.97638559253511],[5.864716640199152,51.9762712175395],[5.864737258449731,51.97626523749727],[5.864829685280345,51.976238454541544],[5.864874824829027,51.976225364011675],[5.86490487450464,51.976216667119374],[5.864998461898439,51.97618954674903],[5.8650189572864395,51.97616794541283],[5.865036977172081,51.976148960747345],[5.865102982867836,51.97607942845499],[5.865155947497913,51.976044023922036],[5.865323407127203,51.97596042599672],[5.865482271465442,51.975867928358234],[5.8655390306153485,51.9758390067977],[5.865601996285835,51.975810689155665],[5.8658997950572065,51.975685474588055],[5.8662740745756325,51.975547975367334],[5.866597047819992,51.975425415925464],[5.866762098364872,51.97534701202342],[5.866866861387886,51.97530229035758],[5.866964936163337,51.975322150181285],[5.867184702305872,51.97538858547256],[5.867546197698434,51.97550117218202],[5.867992860559247,51.97563899059296],[5.867996394395848,51.975640081717685],[5.868176853540881,51.975695763939335],[5.868183716806023,51.97569788409514],[5.868217229797867,51.975708218501545],[5.868222881062381,51.97570996609984],[5.868629774264152,51.97583723957699],[5.868659258573422,51.97584646680045],[5.869139999853818,51.97599508920778],[5.869186852479162,51.97599121204551],[5.869253878299024,51.97595220664096],[5.869276138160412,51.97593924411655],[5.869501093448438,51.975756802433615],[5.869524667753794,51.97574563214245],[5.870075243031841,51.97548473390233],[5.870281732543093,51.97538689292256],[5.870860216798021,51.97511277135249],[5.870058944918526,51.97437118027599],[5.86927243872474,51.9736509335629],[5.868727235992502,51.97317711650158],[5.8681946714403415,51.97274483433724],[5.867775539654772,51.9724139154447],[5.867136107669172,51.971953715766006],[5.866689467693156,51.97166600437377],[5.8661300044191655,51.97134146699887],[5.865628851901968,51.9710650651379],[5.865320872467452,51.970915061330636],[5.86498957139521,51.97078048556896],[5.86465179227593,51.97065782675661],[5.864182196273177,51.97050360413429],[5.863477947745754,51.97027991519454],[5.863041919398927,51.970146414083544],[5.862810919503509,51.970085283709174],[5.862064731562405,51.969909861536834],[5.8614116248147035,51.969792088230335],[5.861004267658444,51.96972533731939],[5.86043529134156,51.96965425574496],[5.859467560303947,51.969554733911295],[5.859120757055481,51.96953606367321],[5.858585558054745,51.969513042098015],[5.858030300731704,51.96950609762831],[5.857593538590882,51.96951123349817],[5.857285292804061,51.96952241575549],[5.857068764170356,51.96953026475191],[5.856437200500542,51.96956420888482],[5.855860686786066,51.969621776401226],[5.855371618071739,51.969673905708284],[5.854694331859694,51.96976409171341],[5.854358118817418,51.96982546946604],[5.855937670241605,51.97238456366062],[5.856333472138501,51.97302957579905],[5.8567337158291215,51.973679615812465],[5.856967427207958,51.974059186253974],[5.858016337881017,51.975762634591526],[5.858056479083145,51.97582781919144],[5.858104127232679,51.97590517091038],[5.85811499544027,51.97592281646554],[5.858992398403804,51.97734698241895],[5.859077253001048,51.97748251886107],[5.85924710333537,51.97775440893123],[5.859371274560126,51.97795786509343],[5.8594172385302405,51.97803380287183],[5.859547473022111,51.97824895529429],[5.860108945856525,51.979160625072524],[5.860136401821151,51.97920520472794],[5.860140638687987,51.97921208355003],[5.860143184347239,51.97921621514329],[5.860163145608171,51.97924863583382],[5.8601661533747516,51.97925352328585],[5.860187033893862,51.979287397286456],[5.86018922584161,51.97929097482136],[5.860224530782213,51.979348295329885],[5.86023862760427,51.97937118228499],[5.861076454555609,51.980699218153],[5.861261493987503,51.980986272988524],[5.861399700993204,51.98119565662193],[5.861431594972415,51.98124397430791],[5.861580307851605,51.981457537201706],[5.861722329423333,51.98164677838821],[5.86183788860351,51.98179350796019],[5.861883830092753,51.98185184208102],[5.8620663561137585,51.98206626204225],[5.862260185472045,51.982284113667795],[5.862462852351236,51.98250043900917],[5.862662902295814,51.98269739482566],[5.862874224178242,51.98289480268579],[5.863090275959463,51.983082749688315],[5.863359850676311,51.98330923740472],[5.863725754205418,51.98358850221074],[5.863980385189363,51.98377132257704],[5.864270548188167,51.9839654269983],[5.8644942239906905,51.98411259459466],[5.8647177954181675,51.984249824687794],[5.864928314430793,51.98437021287947],[5.8652003511501904,51.98452413974505],[5.865259159612184,51.98455421218345],[5.865266138520677,51.9845577800608],[5.865374711853179,51.98451138242251]]]]},"properties":{"buurtcode":"BU02741105","buurtnaam":"Klingelbeek","gemeentenaam":"Renkum","aantalInwoners":125,"crime_violent":0,"crime_property":0,"crime_disorder":0,"crime_count":0}},{"type":"Feature","geometry":{"type":"MultiPolygon","coordinates":[[[[5.82037363794604,52.000797848423154],[5.822190274733278,52.000412947992565],[5.823889769355138,52.00005022376985],[5.82504580442836,51.9997942115791],[5.825054406599554,51.99979231001158],[5.825180910202407,51.99976429019064],[5.826275868321424,51.999555439066896],[5.826925211844099,51.99948514427535],[5.827625189695109,51.9994093713156],[5.829395797033082,51.99920910650966],[5.830307849095777,51.99910570850843],[5.831403431902871,51.99898150413009],[5.831709956239702,51.99894900471204],[5.831775129033304,51.9989410735663],[5.832483014362948,51.998862608302694],[5.833525841086056,51.99874701480713],[5.83380744457097,51.998717175067505],[5.834202763333935,51.99869202617913],[5.834349362789629,51.998678085753156],[5.834391940800601,51.9986751196405],[5.835465088906403,51.9986103304524],[5.836294678430507,51.998558936796464],[5.8365104008234185,51.99856965448689],[5.83706241879692,51.99859709049819],[5.83711614917041,51.9985997613833],[5.837436175771621,51.99860016452409],[5.838789545530313,51.99864256387987],[5.839058200833714,51.998650395284805],[5.839177143358283,51.99865496306598],[5.840011938632698,51.998689622116764],[5.840279407073459,51.99869234989406],[5.840290329496703,51.99869246064822],[5.840537729855891,51.99869498645459],[5.840755809377509,51.99868376476423],[5.842640131851002,51.998586793866195],[5.844000603694971,51.99851829768596],[5.8440375465027055,51.998516850992395],[5.8441399701287455,51.99851224685875],[5.844189395998436,51.99850973597372],[5.845052659645468,51.99846588857388],[5.846262425254811,51.998404441958016],[5.846262920054934,51.99840441306324],[5.846669145191595,51.998371629473624],[5.846767271685646,51.99836836110892],[5.847122061089271,51.99835653079821],[5.847307282658421,51.99833076541536],[5.847397290536709,51.99831824333624],[5.848125853753224,51.998222120612176],[5.8490449008145875,51.99811397469897],[5.849672841935949,51.998039485559254],[5.850697176655092,51.99767236407542],[5.851265954570053,51.99747495946557],[5.85184086279156,51.99727522687736],[5.852052388840282,51.99719886277988],[5.852061761747629,51.99719561693033],[5.852139487040594,51.99716868651292],[5.852271389093524,51.997122981098975],[5.852346453728716,51.99709786770923],[5.852416657171091,51.997074382395496],[5.852456542586745,51.99706337583065],[5.852464906924145,51.997061167592314],[5.852774547365217,51.9969794976697],[5.853328966545657,51.99684106723116],[5.853376864853372,51.996829111808545],[5.853436120398968,51.996814316008724],[5.854481012820646,51.996547533374],[5.854679136605006,51.99649646592429],[5.855814342435876,51.996203848721606],[5.855924199798736,51.9961755294792],[5.856186695162769,51.99610786232525],[5.856194870888178,51.996105753443565],[5.856212877884899,51.99610111561807],[5.8563414922944625,51.9960981312137],[5.8564280941257,51.99609612312759],[5.856436377243405,51.99609592831312],[5.8565504342396855,51.99609328035819],[5.856579170437064,51.996092608478655],[5.85917925845632,51.99603220791147],[5.859215316972093,51.996031371197745],[5.860493347854305,51.99600166411717],[5.8609194111079645,51.99599175243615],[5.863358743913147,51.99589775901646],[5.8633850154814775,51.99589674489275],[5.863739528244496,51.995889862925225],[5.8637339798350405,51.995859666648755],[5.863732572154548,51.995838199243686],[5.863713777007394,51.9957686257289],[5.863672276314684,51.995615002646566],[5.86367264022253,51.99561499218487],[5.863667004982178,51.99559305652556],[5.8636118038728515,51.99537787482491],[5.863533159149144,51.995065273654866],[5.863453880934913,51.994746392145075],[5.863382029347488,51.99446448545375],[5.863328466857783,51.994260748087086],[5.8632286676843535,51.993871148377295],[5.863182008157756,51.993681126156254],[5.8631505218156725,51.99355291818438],[5.863042517999719,51.99318564251803],[5.863012419379552,51.993018015075734],[5.862949365440732,51.992779809689985],[5.862891106955848,51.99255164281716],[5.862834090755447,51.99232660781448],[5.862789147847928,51.99215397986718],[5.862709844700991,51.991842737923974],[5.8626303470235195,51.99152677782913],[5.862591501235187,51.99135781037065],[5.862560012077073,51.991220784665025],[5.862890116036097,51.99120021567369],[5.862926621222275,51.991197937863404],[5.862930957045857,51.99119766866133],[5.8645533806436605,51.991094195150865],[5.864588145326887,51.99109118684203],[5.8647023740121265,51.99108128562638],[5.8647001041241165,51.991052711946615],[5.864426290310273,51.99008885349066],[5.864374944867092,51.98990186173097],[5.864369946190233,51.98988635016391],[5.864353813283107,51.98982464776704],[5.864299982018923,51.98961879953962],[5.864277915720666,51.98953444362518],[5.864232645534037,51.98935320665749],[5.864186731325155,51.98917845286703],[5.864094151183007,51.98881292207009],[5.86407370415258,51.98873564235312],[5.864057610747965,51.98867483858037],[5.864052362329783,51.98865498664468],[5.8640519375952485,51.98865337945419],[5.863955102544679,51.98826537695676],[5.863833132322462,51.987773804730615],[5.86383261490729,51.98777169456795],[5.863821648184883,51.987734311565475],[5.863813586903148,51.98770729831963],[5.863810582731149,51.98769722557686],[5.863788814350594,51.98762428352941],[5.8637639283232215,51.98754085662803],[5.8637628957651655,51.987537396705854],[5.863713926838586,51.98754331429976],[5.863681649202907,51.987547213816796],[5.863371632487517,51.9875842639216],[5.86312057784041,51.9876158785895],[5.862351699369356,51.98771898558353],[5.862171822498038,51.987746181541574],[5.861339136019242,51.987872072303304],[5.860863740477983,51.98794892983992],[5.860323893277809,51.98804422801237],[5.8598323869301865,51.988136832586136],[5.859781799270213,51.98814563670132],[5.859679794141416,51.98816339021386],[5.859092678018106,51.98828037969157],[5.858543397093725,51.988395097892514],[5.858051052182123,51.98849837907021],[5.857419078001321,51.98864347802593],[5.857217051139181,51.98869192506296],[5.856217612637444,51.988948242047066],[5.855266926492496,51.98921635601812],[5.854262746706565,51.989516956170846],[5.853904201325202,51.98962428453442],[5.852992728005195,51.98992226349677],[5.851801668732128,51.990339040706196],[5.850906493724418,51.99067896306733],[5.850657424437856,51.99077709452346],[5.849799443568923,51.99111512356982],[5.848574248326092,51.9915978091578],[5.841822337875679,51.9942574174911],[5.841742568355454,51.994288911465716],[5.841695750747902,51.99430739518352],[5.841670251431082,51.9943174625954],[5.8408351206711515,51.99464339474402],[5.840756831250302,51.994673948454505],[5.839868985062725,51.99502190316114],[5.839215224356495,51.995280366142424],[5.8382985614074405,51.995638525897725],[5.8379618243252525,51.99577002071991],[5.837689839961683,51.995875998803974],[5.8375134806782825,51.99594409681337],[5.837451904421026,51.99596787367557],[5.837133364841498,51.99608978326269],[5.836873807552451,51.99618679373658],[5.836552352213684,51.99630633457127],[5.836027731969817,51.99649731732893],[5.835687913830371,51.996617901038526],[5.83513026284678,51.99681206074998],[5.834698294034651,51.99695758335919],[5.834270127698033,51.997098331518444],[5.833643206527296,51.99730166632766],[5.833057516025937,51.99748700520199],[5.831904239179715,51.99783917343172],[5.8315335268315955,51.997947590949636],[5.831026385846939,51.998091004546254],[5.830729128526618,51.998172546117274],[5.830192459041588,51.99831937236703],[5.830057151583328,51.99835625361235],[5.829078187133031,51.998612612090035],[5.828044303901349,51.99886857396147],[5.827451391223224,51.99900932085733],[5.8270804468320625,51.9990963213723],[5.827023940623148,51.999109041565326],[5.82661616653244,51.99920083689114],[5.826505718075353,51.999225700070646],[5.825845393719524,51.9993690482139],[5.8256878552481295,51.99940222501792],[5.823872586203734,51.99976557387761],[5.8212842354519445,52.00024483461014],[5.81963178113313,52.00055037954507],[5.820339140031628,52.00080512287492],[5.82037363794604,52.000797848423154]]]]},"properties":{"buurtcode":"BU02741205","buurtnaam":"De Dreijen","gemeentenaam":"Renkum","aantalInwoners":145,"crime_violent":0,"crime_property":0,"crime_disorder":0,"crime_count":0}},{"type":"Feature","geometry":{"type":"MultiPolygon","coordinates":[[[[5.849799443568923,51.99111512356982],[5.850657424437856,51.99077709452346],[5.850906493724418,51.99067896306733],[5.851801668732128,51.990339040706196],[5.852992728005195,51.98992226349677],[5.853904201325202,51.98962428453442],[5.854262746706565,51.989516956170846],[5.855266926492496,51.98921635601812],[5.856217612637444,51.988948242047066],[5.857217051139181,51.98869192506296],[5.857419078001321,51.98864347802593],[5.858051052182123,51.98849837907021],[5.858543397093725,51.988395097892514],[5.859092678018106,51.98828037969157],[5.859679794141416,51.98816339021386],[5.859781799270213,51.98814563670132],[5.8598323869301865,51.988136832586136],[5.860323893277809,51.98804422801237],[5.860863740477983,51.98794892983992],[5.861339136019242,51.987872072303304],[5.862171822498038,51.987746181541574],[5.862351699369356,51.98771898558353],[5.86312057784041,51.9876158785895],[5.863371632487517,51.9875842639216],[5.863681649202907,51.987547213816796],[5.863713926838586,51.98754331429976],[5.8637628957651655,51.987537396705854],[5.8637390575006005,51.98745748179142],[5.863715115502142,51.9873772500033],[5.863712081304367,51.987367087495734],[5.86370275195022,51.98733580991746],[5.86370075957584,51.987329157629496],[5.863685500347951,51.98729195378506],[5.863326710953609,51.98592069887322],[5.86329165725096,51.98578508994132],[5.863251092321392,51.98565277504731],[5.86324889690087,51.98565303560273],[5.863192585113118,51.98545529540858],[5.863192252361304,51.985454119283176],[5.86318957617131,51.985444746290696],[5.863186158641698,51.985432733727514],[5.863161724813484,51.98532531683627],[5.86311255772999,51.985328803642055],[5.8630619491121925,51.985330886886665],[5.863002711739773,51.985333328581966],[5.8627364999813665,51.98534430091875],[5.861972175486556,51.9853983530526],[5.861871911888908,51.98540544308935],[5.861319424088958,51.98542741614766],[5.861001494750557,51.98544005983041],[5.860608333622653,51.9854544866386],[5.86054549888973,51.98545679775586],[5.860518199543097,51.985457788429464],[5.860299470962072,51.98546581380379],[5.860261476112156,51.98546720695407],[5.860204704628089,51.985468837364266],[5.859192596274698,51.985497835165276],[5.858633002492921,51.98551055790807],[5.858064632311454,51.98552347669471],[5.857526112172345,51.98555612055801],[5.857323734469762,51.98556838759235],[5.8569585324962175,51.98560607803037],[5.856304982196835,51.98568330903989],[5.855673992192774,51.98575787054249],[5.855559521865211,51.98577139523919],[5.855468683992864,51.98578266858486],[5.854437681372974,51.98591064037101],[5.853929391293771,51.985973727791745],[5.852442977516243,51.98615589660982],[5.8522649799526985,51.986177710197694],[5.852130724859351,51.98619415904058],[5.85202802064775,51.986206824855834],[5.851829547034211,51.986231283932675],[5.851124106858737,51.98631821589928],[5.851065005098511,51.98632550472411],[5.851020857603595,51.98633031671779],[5.850583206762606,51.986378043173325],[5.8505367034121,51.98638310694658],[5.850513101134135,51.98638693003123],[5.850438806314728,51.98639897026324],[5.85039891208973,51.98640543710765],[5.850350632109121,51.98641326721572],[5.850300781309559,51.986419827143905],[5.849517459016343,51.986523055144694],[5.849172292467403,51.98656108309709],[5.84910708929171,51.98656826905793],[5.849090371358827,51.986570554796636],[5.849036350698418,51.98657794849772],[5.848988246757527,51.98658453697068],[5.848943704417369,51.9865906350673],[5.848612263466423,51.98663601929608],[5.84856776900724,51.986642111669255],[5.84837192429356,51.98666634787943],[5.848347483687209,51.9866693738554],[5.848325719856653,51.98667221855878],[5.847988475440658,51.986716377986],[5.84794657616008,51.98672187212495],[5.847916725637569,51.986725449504526],[5.847647351771072,51.986757807487],[5.847193450859784,51.98681232886796],[5.84714596486041,51.986818041404014],[5.847117862125792,51.98682455093211],[5.847067324565507,51.98683109509834],[5.845124403671958,51.987082390324964],[5.845077473983373,51.98708846029155],[5.845078836261048,51.987142016424855],[5.845079464003856,51.987166417286815],[5.845066643748756,51.9871955893456],[5.84505399604185,51.98722441018661],[5.845142243293255,51.98721266960415],[5.845165053888466,51.98720964165082],[5.845406709797457,51.987181879775044],[5.845462772567825,51.987204653602326],[5.845580158272358,51.98736739025438],[5.845620901604734,51.987423874172784],[5.845631166398034,51.98743809865763],[5.845671185970093,51.98750209242746],[5.8457943133198755,51.987699391771834],[5.845810456835963,51.98772770500187],[5.845824763043735,51.98775287947639],[5.845911182130352,51.987905125756654],[5.846037049817179,51.98812686420077],[5.8460498145822735,51.988149339171365],[5.846112042516961,51.98823535836888],[5.846117330830747,51.9882426812072],[5.8465260870577564,51.98890475287501],[5.846555427685733,51.98895227646707],[5.846615103963199,51.9890489331484],[5.846941309698574,51.989668356895166],[5.847045297599116,51.98987641588524],[5.847066627678963,51.98991911695314],[5.847095464309392,51.98995145300878],[5.847312997635969,51.990195401466714],[5.8474059113241745,51.99029959751655],[5.847427385766737,51.990323692124804],[5.8474749703134385,51.990378119071444],[5.847543417098071,51.99045640478985],[5.847762557159634,51.990707045122676],[5.8477931707980435,51.9907420516728],[5.8478251826977905,51.99077852682693],[5.848130395724432,51.991126276433505],[5.848208489743087,51.991235079777304],[5.8482293463936665,51.991264138212046],[5.848574248326092,51.9915978091578],[5.849799443568923,51.99111512356982]]]]},"properties":{"buurtcode":"BU02741206","buurtnaam":"Talud","gemeentenaam":"Renkum","aantalInwoners":1675,"crime_violent":3,"crime_property":0,"crime_disorder":0,"crime_count":3}},{"type":"Feature","geometry":{"type":"MultiPolygon","coordinates":[[[[5.980539215073574,52.01350218789873],[5.98236718300146,52.013387620320685],[5.984371418984251,52.01304236438975],[5.98543610246018,52.01281758160734],[5.987642841009161,52.01269229886974],[5.987427330959661,52.01204876434504],[5.98698781347281,52.011094586852494],[5.986936160384249,52.01039825143747],[5.9868004081394455,52.00994783959032],[5.986642228855395,52.00965820902449],[5.985981781321604,52.0092840613153],[5.986234615385168,52.00880639017199],[5.986450353722158,52.00838031014813],[5.986399731045944,52.00796429394795],[5.986258243933697,52.0076287918892],[5.98576520714699,52.00724592625744],[5.985387159231395,52.00674787112513],[5.9850054146102885,52.006415556740656],[5.984915300804512,52.00621096738236],[5.984872519567299,52.00605754017102],[5.984820395746259,52.0058519145734],[5.9846838643802185,52.00566497584612],[5.9844166617577095,52.005405669963736],[5.984112155259101,52.00516452955226],[5.983921627474497,52.00497224622223],[5.983493713966411,52.00465701435724],[5.983358342535837,52.00445377677092],[5.982878634232021,52.00397336331008],[5.9825819440145915,52.00312012560275],[5.982813547035818,52.002585830605945],[5.9828898243336965,52.00240118251106],[5.983014874679255,52.002273869552056],[5.983895861532574,52.0020455350559],[5.984699887039448,52.00207038587131],[5.985449466675143,52.0023631920502],[5.986639020073612,52.00278324032031],[5.988320862403896,52.00331030839033],[5.989451599282015,52.00366771023804],[5.991121874452519,52.00409143123105],[5.991743987870831,52.00336382725123],[5.9929072229921,52.00225114750372],[5.9943828997808755,52.000775060663344],[5.992726237886901,52.00017323438715],[5.989851482952004,51.998866707129494],[5.988035313429189,51.99818642134184],[5.986343934405916,51.99737373634988],[5.984551996300959,51.996642152999215],[5.983708333241519,51.99628156245817],[5.981636380755822,51.99518732516186],[5.979630485979222,51.994349729995385],[5.977511284233337,51.993747490589314],[5.9755908141620635,51.993531561773096],[5.9736754101210785,51.99347540155513],[5.969127621791938,51.99375584680347],[5.966405172015765,51.99390411204914],[5.963840047243118,51.994045363447036],[5.961672655927273,51.99420961608593],[5.9581038889141675,51.994201994425005],[5.9562322684431415,51.99381361006234],[5.955368476424995,51.993611878506286],[5.9553365815796795,51.99365065831146],[5.955321252958475,51.99366930233268],[5.955233028692045,51.9937770226546],[5.954954818514599,51.99411562765824],[5.954471683237891,51.994678887140395],[5.9544384274582125,51.99472496012768],[5.953968607616633,51.99457115093298],[5.953848426760827,51.99471643377209],[5.9537228874713275,51.99486868131461],[5.953678861084543,51.99492207755223],[5.95361336611934,51.995001499620045],[5.953551182668573,51.99514482200274],[5.953547885836717,51.99515240608484],[5.953405830575656,51.995479736350816],[5.953241511754119,51.995794553898584],[5.9531576480773065,51.99594967425089],[5.9531264853135735,51.996002549964025],[5.952588548589314,51.99700731302107],[5.952588164299725,51.99700801596099],[5.95255370980578,51.997115197067686],[5.9523386258024,51.99757155435093],[5.9522614043284765,51.99776316182074],[5.952191028255173,51.99795031407575],[5.952099503549686,51.99813248942625],[5.951934620802699,51.99846067337705],[5.951799667813782,51.998825287067156],[5.951756440921381,51.99894842840171],[5.951587418256195,51.999399295984084],[5.951546320465317,51.999533177134545],[5.9515263179131,51.999637735885756],[5.952265619624392,51.999786314743176],[5.952327549869623,51.99979878968632],[5.95257023471342,51.99984769765492],[5.952598660399953,51.999853484356315],[5.952655832825849,51.99986511012518],[5.952735576584033,51.999881337251175],[5.953617491325634,52.00006073508758],[5.95372897560671,52.00008339716685],[5.953855877336283,52.00010918472778],[5.954132184466792,52.00016341040829],[5.954703808271706,52.000275597158904],[5.955128525610926,52.00035876599868],[5.95538096251914,52.00040796265584],[5.955590626233876,52.00044881752988],[5.956304174822544,52.00058785998148],[5.956662220885639,52.00065762959998],[5.957799222185311,52.000876424328524],[5.957974721237748,52.00085969042707],[5.958264877569815,52.00083201811169],[5.9585353436557025,52.00080424297551],[5.958778307591501,52.00077928838067],[5.959127542655471,52.0007390217679],[5.959448415910284,52.000703835700236],[5.959882862320548,52.00065956570621],[5.960296878262973,52.000614279083415],[5.960809107266132,52.00055795971362],[5.961163770740264,52.00051428077103],[5.961400975728157,52.00048675109503],[5.96150408489028,52.000474787497765],[5.961711582620891,52.00045070996808],[5.96170965019872,52.00045673262699],[5.96170338200623,52.000474416403634],[5.961865973690997,52.00045638240423],[5.961957890555284,52.00044605504652],[5.962066834500246,52.00043373886076],[5.962987865102629,52.00032939073118],[5.963086497655689,52.000318157741255],[5.963202815263801,52.00036294347298],[5.963274460920164,52.000380955820646],[5.963549086202046,52.000448308522806],[5.964871347957311,52.000766211988136],[5.965509291921304,52.00091646356968],[5.966804969183551,52.00122036433164],[5.967956142798943,52.001491671531525],[5.968417793026016,52.001597961708214],[5.968642938105725,52.00164988032059],[5.968725698755418,52.001668957957385],[5.968721524600186,52.001677229921206],[5.968734403889698,52.001678793138794],[5.968741078845431,52.00167021219355],[5.969031544616586,52.00173825580202],[5.969131531667019,52.001761679205494],[5.969248548574932,52.00179227186803],[5.969364435319547,52.00181993081059],[5.96946661195951,52.001844844150725],[5.969497597990916,52.001852393786734],[5.969556240375735,52.0018667724739],[5.969711042416772,52.00190472782204],[5.969728047954432,52.00190890408901],[5.9698468670918805,52.00193804010429],[5.969872029878324,52.00194348824395],[5.969874189789324,52.00193936086915],[5.969880765829367,52.0019411079896],[5.969911264249926,52.00194922620005],[5.969909985803127,52.00195170433641],[5.969918499996708,52.00195354971318],[5.969972571484287,52.00196581160603],[5.970040182903736,52.00198115231066],[5.970154504484981,52.002007083477146],[5.970428813911549,52.002072093743344],[5.970498599137655,52.00208994913905],[5.97057181820243,52.002108686299465],[5.970659330972198,52.002129105242865],[5.970678422803366,52.00213355865145],[5.970825650830356,52.0021679188071],[5.970911367075225,52.00218791503598],[5.970917722068387,52.00218945646304],[5.971090184757632,52.002231376110956],[5.971145130349549,52.00224472970889],[5.971250968248756,52.002269946908264],[5.971331986620431,52.002289256077844],[5.97141744058309,52.002310322858186],[5.971525936360648,52.00234837099479],[5.971598679651899,52.00236517738138],[5.971618064178604,52.00237084261412],[5.971638793965647,52.00237580905441],[5.971888339882476,52.00243553695999],[5.971896885952851,52.00243757977972],[5.972097211352605,52.002487431004035],[5.97212134807653,52.002493441045615],[5.972332675816374,52.002544917981105],[5.97256727725055,52.00260206722526],[5.972608651757137,52.002612144006086],[5.972624620157018,52.00261603738948],[5.972886242231039,52.00267915461346],[5.973035198310019,52.002715094349604],[5.973159654959439,52.00274290462403],[5.973320202922315,52.00277877726301],[5.9734238229829115,52.00280125312282],[5.973458235515905,52.00280790378038],[5.9735150154483305,52.00281887420098],[5.973611490333978,52.00282950288262],[5.973780860016517,52.00283500413836],[5.973785318313189,52.002835152683446],[5.973807119997393,52.00283741688493],[5.974009479507835,52.00283655129885],[5.974395666003362,52.00283865076782],[5.974513649386793,52.002839149294275],[5.974576747187731,52.00286212308986],[5.974624802318375,52.00287962615228],[5.974630450698598,52.00288168324569],[5.974708474518548,52.00291010128706],[5.974765588510104,52.00297206947415],[5.974767907906741,52.002974583620905],[5.974846577177106,52.00305998464108],[5.974881452299003,52.00309855028986],[5.974892358082667,52.00311060314002],[5.974931172386006,52.00315858688488],[5.974970909015457,52.003211374788236],[5.974998226963392,52.00324335373445],[5.975067203996661,52.00334365183613],[5.975186835861971,52.00353630390373],[5.975261313973224,52.003660654243824],[5.975310962381651,52.003741777760254],[5.975346209011443,52.00380414262643],[5.975372226092078,52.003850140864344],[5.975444951405057,52.003972908908295],[5.975484878665097,52.00404122759179],[5.97551846692607,52.00408816766207],[5.975550202770493,52.004126011766175],[5.975589828537652,52.0041702340923],[5.975670018083015,52.00426244013996],[5.975721113834779,52.004321696515426],[5.975755483547707,52.004361567746166],[5.9758124128983745,52.00444703824508],[5.975888421571513,52.00456115444994],[5.975939572922529,52.004639007395355],[5.9759567950834915,52.00466620090431],[5.9759723370618305,52.00469076922763],[5.976069897994896,52.00483911930672],[5.976087419047985,52.00486577199741],[5.976120760882351,52.00491602983707],[5.976131666710052,52.00493245990879],[5.976193590306635,52.00502980851656],[5.976197263557044,52.0050355876234],[5.976199541919583,52.00522445787503],[5.976204488930124,52.0053581800832],[5.976205264542609,52.00541719385111],[5.976204683655185,52.005429510829806],[5.97620793705103,52.00562385909492],[5.976212587293839,52.005789293756436],[5.976218202298597,52.00596275019849],[5.976324160114307,52.00601503523011],[5.9768400869062255,52.006267549069726],[5.976845891737308,52.006270387261296],[5.977031825130558,52.00636259255684],[5.977072046837472,52.00638433147436],[5.97711228964279,52.00640767020267],[5.9771446626952445,52.006427309224996],[5.977215707754322,52.00648260887891],[5.977333951301366,52.0065718095382],[5.977469721577096,52.00668904674194],[5.977698395892773,52.00689773252235],[5.977860222418831,52.007043565302105],[5.977888743682053,52.007069263647175],[5.97794792976371,52.00711974172564],[5.977927485580698,52.00726814352894],[5.977925980317938,52.00729869357209],[5.9780441134285836,52.007510702179566],[5.978151937420375,52.00770737436758],[5.978201708306885,52.00779814953926],[5.978421093088984,52.00820728527731],[5.978468842223253,52.008292668484266],[5.978473019063054,52.008300143789405],[5.978680157055059,52.00868812803583],[5.978883942788474,52.00907125707224],[5.9789216333042114,52.00922975713429],[5.978987152195564,52.00951461049343],[5.979212710827957,52.010345762445],[5.97939226833262,52.011167321190335],[5.97961338475619,52.01206779502596],[5.979712016377718,52.01250975966241],[5.979759569005238,52.01271742107354],[5.979801749257228,52.01291533917035],[5.979829803527219,52.013123413364696],[5.979848667216111,52.013274277953165],[5.979859992599229,52.013492853930835],[5.979863995529967,52.01353888386226],[5.980539215073574,52.01350218789873]]]]},"properties":{"buurtcode":"BU02750200","buurtnaam":"Velp-Noord boven spoorlijn","gemeentenaam":"Rheden","aantalInwoners":7630,"crime_violent":30,"crime_property":2,"crime_disorder":42,"crime_count":74}},{"type":"Feature","geometry":{"type":"MultiPolygon","coordinates":[[[[5.984902740855659,51.99608927042601],[5.987101324738049,51.99085947092766],[5.987218445542077,51.99058472730495],[5.986073619505719,51.9899981720936],[5.985894894066061,51.989969209223275],[5.983080545525106,51.98862894562408],[5.9827416974786845,51.98849982891187],[5.982316954602668,51.98843061499169],[5.981381024756994,51.98831046225562],[5.980194519625192,51.98817967163265],[5.979326100739417,51.98806510788709],[5.978399505728816,51.98792109641121],[5.977369765253969,51.98778241761814],[5.977057408779349,51.98769524418407],[5.976264804165088,51.98753293190735],[5.975211526547607,51.98724945117681],[5.974301276278039,51.98711748796337],[5.973082521263943,51.98687638558268],[5.971841133206976,51.986799983061466],[5.971387003163399,51.9868001384883],[5.970817958815401,51.986860096932425],[5.970324385289847,51.98693754642182],[5.969346114940625,51.98710846826563],[5.968428151891073,51.987246941406745],[5.967614026781029,51.98736346478168],[5.965948288939808,51.987382389642946],[5.965608041207874,51.98695316848888],[5.96546808016548,51.98693738920484],[5.964558737963125,51.98710280613315],[5.964078176725635,51.987091682009925],[5.963829348468254,51.987054597508404],[5.963619465916823,51.987148157436415],[5.963479187430196,51.98720735037137],[5.963476653428057,51.987208414430555],[5.963336596144515,51.987270122857815],[5.963277588459602,51.98729592098202],[5.9631147236476565,51.98736714272276],[5.9630612362981035,51.987390909291555],[5.96303278364957,51.987405187351506],[5.96287899870124,51.98748405835807],[5.962703506679303,51.98757539442617],[5.9625730915787685,51.987636497466],[5.962478952375684,51.98768261004379],[5.9623238692307625,51.98776030019981],[5.962163874891574,51.9878399107107],[5.962006834957114,51.987921762644596],[5.961877960808748,51.98799079411598],[5.961750726817853,51.988058334347365],[5.96158442782329,51.98815281468548],[5.96147907472512,51.988214701909094],[5.961353903621972,51.988278582347704],[5.9613533841523525,51.98827894441928],[5.961327465431613,51.988292229956166],[5.961262596234426,51.98832548008007],[5.961232280481985,51.98834101617951],[5.961098000177455,51.98840984846497],[5.961097595209346,51.988410057174164],[5.960938912858345,51.98849185815383],[5.960883121146806,51.98852061812319],[5.960867616678877,51.98852975404931],[5.960821348878291,51.988557016803284],[5.960819022453875,51.98855838539714],[5.960818863584015,51.98855848504423],[5.960816004274422,51.98856030565658],[5.960508498922103,51.98875624190776],[5.960113188711302,51.9890104004411],[5.960028734988814,51.98905951989617],[5.959903459244932,51.98913948848317],[5.959770005317596,51.989227775052875],[5.959673983181388,51.989281975079436],[5.959567109353383,51.98935972347219],[5.959450228447458,51.989449645773725],[5.959360071024422,51.9895265305951],[5.959287680682863,51.98957532112862],[5.95919652676443,51.98963690345694],[5.959082285961266,51.98972618331557],[5.9589692325072265,51.98981498989269],[5.958872048037221,51.989890101829076],[5.958716584408372,51.99000869505318],[5.958250350370746,51.990369173626554],[5.9580853282789805,51.99049771760161],[5.957974983440233,51.990597170270604],[5.957744482917136,51.99080779878625],[5.957566872956822,51.99096795228662],[5.957392426041188,51.99112620261743],[5.957180674744582,51.991325539579165],[5.95696279005708,51.99153045168953],[5.95674895093685,51.99173077769816],[5.956579290168619,51.99189146642591],[5.95638171051633,51.992086032378026],[5.956170238004813,51.992298866656526],[5.956000553168009,51.99247176085316],[5.955797028807583,51.992677868648634],[5.955724482202274,51.992760966320674],[5.955437976701806,51.99308301111812],[5.955193186420403,51.99336403754282],[5.955260827231145,51.993385426779646],[5.955256059611474,51.993390663062634],[5.955497611182403,51.99345487760401],[5.955452872858921,51.99350926668785],[5.955368476424995,51.993611878506286],[5.9562322684431415,51.99381361006234],[5.9581038889141675,51.994201994425005],[5.961672655927273,51.99420961608593],[5.963840047243118,51.994045363447036],[5.966405172015765,51.99390411204914],[5.969127621791938,51.99375584680347],[5.9736754101210785,51.99347540155513],[5.9755908141620635,51.993531561773096],[5.977511284233337,51.993747490589314],[5.979630485979222,51.994349729995385],[5.981636380755822,51.99518732516186],[5.983708333241519,51.99628156245817],[5.984551996300959,51.996642152999215],[5.984902740855659,51.99608927042601]]]]},"properties":{"buurtcode":"BU02750201","buurtnaam":"Velp-Zuid beneden spoorlijn","gemeentenaam":"Rheden","aantalInwoners":7355,"crime_violent":16,"crime_property":1,"crime_disorder":13,"crime_count":30}},{"type":"Feature","geometry":{"type":"MultiPolygon","coordinates":[[[[5.994031605988075,51.992155037942254],[5.994600515283068,51.991478813128396],[5.9947051752203055,51.99102632585435],[5.995188593787531,51.99082523957564],[5.9960929268753125,51.99051130291204],[5.996370181014379,51.99023937181906],[5.995110374857927,51.989351546035074],[5.991888861421633,51.98731767658217],[5.988881632200729,51.985619126210786],[5.9857747835582735,51.983972127873145],[5.98407474784798,51.98343978020903],[5.982608288240383,51.98295453819126],[5.981432508987923,51.98210658685984],[5.981027268103184,51.981407538573386],[5.980927745652624,51.981316865471605],[5.9809058612219665,51.98132793014693],[5.9807789543848155,51.98139131894073],[5.980651429322682,51.98145421635386],[5.980523271720011,51.98151664043366],[5.980394510450759,51.98157857305542],[5.9802651310807216,51.98164002327834],[5.980135148047644,51.98170098203934],[5.979600025158933,51.98195767367738],[5.979519992971923,51.98195321414613],[5.979513338921861,51.98199165511636],[5.978744352827596,51.982310857353966],[5.978400449701745,51.98244748487081],[5.9773148454425895,51.98286341135754],[5.9769266061017055,51.98299101694286],[5.976281278986787,51.98321635498515],[5.975511369577703,51.983450761921056],[5.975511780447965,51.98358859696962],[5.975491798515678,51.98358452632258],[5.975238244662153,51.98357785781017],[5.975031603147067,51.98357414512576],[5.975028293397695,51.98372032202526],[5.974800053410795,51.98372475252937],[5.97460909998622,51.9837263088025],[5.974257918096487,51.98382133519294],[5.973729409326354,51.983966034181286],[5.973674189480686,51.98398125730669],[5.973659974741536,51.98398517523557],[5.973653853664456,51.983986859628494],[5.973509037069621,51.984026762206774],[5.973469917456272,51.984037545585274],[5.973260592748388,51.984094883366645],[5.973027098448926,51.98416304636832],[5.972708900604316,51.9842595037116],[5.9723578426688455,51.98436576826211],[5.972023198615905,51.98446606272714],[5.971723151079875,51.984557061043716],[5.9712457725327726,51.98469558925752],[5.971242073133864,51.98469768395083],[5.971238836262031,51.98469952467159],[5.971098407328736,51.984779346898364],[5.97087698882413,51.98490901614316],[5.970631724841037,51.984940299464355],[5.9704024391820125,51.98496557068815],[5.970226749389162,51.984990503836016],[5.969999867794553,51.98502269240542],[5.969961859591287,51.985029514208584],[5.969872988888658,51.98504539666386],[5.969773159516329,51.985071607077955],[5.96945034098635,51.98514733323115],[5.969265113703911,51.98518900360847],[5.969009072083807,51.98526048803556],[5.968723607635021,51.98533749246873],[5.968356814763516,51.98543740510569],[5.9681035719153925,51.98550490084894],[5.967992974563947,51.98553724807849],[5.967631915177343,51.98564623536426],[5.967233304536738,51.985768323083335],[5.966895692478244,51.98587606888698],[5.966457420053271,51.986022761941875],[5.966073970867591,51.986160536654936],[5.96568297796279,51.98629715176276],[5.965644529191223,51.98631058079749],[5.965177853187831,51.9864871962845],[5.964820643485604,51.98663057249126],[5.964520447263814,51.98674732274574],[5.964299645034596,51.98684566090665],[5.963923284719161,51.98701272285734],[5.963829348468254,51.987054597508404],[5.964078176725635,51.987091682009925],[5.964558737963125,51.98710280613315],[5.96546808016548,51.98693738920484],[5.965608041207874,51.98695316848888],[5.965948288939808,51.987382389642946],[5.967614026781029,51.98736346478168],[5.968428151891073,51.987246941406745],[5.969346114940625,51.98710846826563],[5.970324385289847,51.98693754642182],[5.970817958815401,51.986860096932425],[5.971387003163399,51.9868001384883],[5.971841133206976,51.986799983061466],[5.973082521263943,51.98687638558268],[5.974301276278039,51.98711748796337],[5.975211526547607,51.98724945117681],[5.976264804165088,51.98753293190735],[5.977057408779349,51.98769524418407],[5.977369765253969,51.98778241761814],[5.978399505728816,51.98792109641121],[5.979326100739417,51.98806510788709],[5.980194519625192,51.98817967163265],[5.981381024756994,51.98831046225562],[5.982316954602668,51.98843061499169],[5.9827416974786845,51.98849982891187],[5.983080545525106,51.98862894562408],[5.985894894066061,51.989969209223275],[5.986073619505719,51.9899981720936],[5.987218445542077,51.99058472730495],[5.989854770995205,51.99163103479302],[5.990481828885393,51.991062392779206],[5.992321506108538,51.99186807599748],[5.993326911200157,51.99236372094156],[5.994031605988075,51.992155037942254]]]]},"properties":{"buurtcode":"BU02750202","buurtnaam":"Velp-Zuid ten zuiden van Waterstraat","gemeentenaam":"Rheden","aantalInwoners":3300,"crime_violent":13,"crime_property":3,"crime_disorder":1,"crime_count":17}},{"type":"Feature","geometry":{"type":"MultiPolygon","coordinates":[[[[5.997069377812044,52.02728754100485],[6.000343967998322,52.02733259724444],[6.002411537010992,52.02582776816454],[6.003182515346389,52.02532150889336],[6.00524484170983,52.02440736243098],[6.001668768289528,52.02150487457499],[6.002763947875619,52.02093990439472],[6.002808193740545,52.0207635565359],[6.0027977084457556,52.02053075777801],[6.002141290669133,52.02015667935501],[6.001604827732745,52.019930278960175],[5.99530609748842,52.01795242036092],[5.995543788451683,52.01753688328279],[5.9955055431346835,52.017184568838836],[5.995281342254282,52.01686664170242],[5.994534271170669,52.016680902160786],[5.991702559412999,52.01291138223003],[5.99448598809638,52.0091390615671],[5.999743687687282,52.00954408442676],[6.002807134643096,52.00817983281395],[6.003902805882894,52.00747665205092],[6.004653530096407,52.006994362371536],[6.002798797356379,52.00662853777327],[6.0034052168639,52.00465493870921],[6.0025565920897765,52.00446894016727],[6.003376037521968,52.002946455190994],[6.00311027824315,52.00289841193336],[6.000473303963758,52.00229199245192],[5.998261997777135,52.00170858300416],[5.995110825068567,52.00097803337639],[5.9943828997808755,52.000775060663344],[5.9929072229921,52.00225114750372],[5.991743987870831,52.00336382725123],[5.991121874452519,52.00409143123105],[5.989451599282015,52.00366771023804],[5.988320862403896,52.00331030839033],[5.986639020073612,52.00278324032031],[5.985449466675143,52.0023631920502],[5.984699887039448,52.00207038587131],[5.983895861532574,52.0020455350559],[5.983014874679255,52.002273869552056],[5.9828898243336965,52.00240118251106],[5.982813547035818,52.002585830605945],[5.9825819440145915,52.00312012560275],[5.982878634232021,52.00397336331008],[5.983358342535837,52.00445377677092],[5.983493713966411,52.00465701435724],[5.983921627474497,52.00497224622223],[5.984112155259101,52.00516452955226],[5.9844166617577095,52.005405669963736],[5.9846838643802185,52.00566497584612],[5.984820395746259,52.0058519145734],[5.984872519567299,52.00605754017102],[5.984915300804512,52.00621096738236],[5.9850054146102885,52.006415556740656],[5.985387159231395,52.00674787112513],[5.98576520714699,52.00724592625744],[5.986258243933697,52.0076287918892],[5.986399731045944,52.00796429394795],[5.986450353722158,52.00838031014813],[5.986234615385168,52.00880639017199],[5.985981781321604,52.0092840613153],[5.986642228855395,52.00965820902449],[5.9868004081394455,52.00994783959032],[5.986936160384249,52.01039825143747],[5.98698781347281,52.011094586852494],[5.987427330959661,52.01204876434504],[5.987642841009161,52.01269229886974],[5.98543610246018,52.01281758160734],[5.984371418984251,52.01304236438975],[5.98236718300146,52.013387620320685],[5.980539215073574,52.01350218789873],[5.979863995529967,52.01353888386226],[5.979889852421546,52.013836265820395],[5.9799103003912855,52.01410684743886],[5.979956365589074,52.01468082807329],[5.980004325553007,52.01518543588576],[5.9800102648568245,52.01524787508889],[5.980009227736831,52.01524876117522],[5.979928261917152,52.0153180649887],[5.979854354060965,52.015381337947126],[5.979841550924437,52.01539246712739],[5.97979159108615,52.01543588094293],[5.979744752006226,52.01547404778906],[5.979729837136211,52.01549182999521],[5.97970580301791,52.01552502823501],[5.979659022940996,52.01561173191398],[5.979597351969813,52.01572907100045],[5.979537214758654,52.01583022327415],[5.979490977488385,52.01591395798731],[5.979442127577756,52.01599842489187],[5.979389196929602,52.01609378823124],[5.979329343876878,52.016216511011166],[5.979249115836165,52.01636279592574],[5.97918767312844,52.016464493858464],[5.97918075353214,52.01648213688057],[5.9793165541728195,52.01673128497826],[5.979916427723695,52.01770919092391],[5.980460960125227,52.01840491356999],[5.980484653257005,52.0184261953665],[5.980881728878197,52.01880335711258],[5.980898112291575,52.01880619564656],[5.980993816365067,52.01883836731907],[5.981946571215345,52.01912528952451],[5.9823881221978885,52.01925523018431],[5.982928228976554,52.0193903777527],[5.983461243900911,52.01952879460488],[5.984026692310641,52.01967378577886],[5.984057929557845,52.01967830124489],[5.984086728188273,52.01967473955087],[5.984095586201144,52.019683503200056],[5.984127341936121,52.01969412810242],[5.984210976123448,52.01971671389995],[5.9843321513909,52.019746749194695],[5.98450512685386,52.019793779018855],[5.984622490926607,52.01982203569425],[5.9847117380913035,52.019850345183016],[5.984772761586435,52.01987070844974],[5.984834749138272,52.0198978080581],[5.9848983943902745,52.01992903385784],[5.985058952098056,52.02000614708759],[5.985151289327316,52.020058529347935],[5.985316247362976,52.02015961878542],[5.985638719194442,52.02036057646755],[5.985929505931545,52.02054515594877],[5.986061302936388,52.020627312845214],[5.986322944609829,52.02079042271064],[5.986478311050127,52.020892907625665],[5.986593483601221,52.020974834020556],[5.986692824428892,52.021038594609],[5.986925923807065,52.02120126433972],[5.987211101068858,52.02139045332292],[5.987506943281493,52.02157077860309],[5.987897221718132,52.021805045501054],[5.988017388675617,52.0218700918283],[5.98815886864292,52.021962102103],[5.988238442237193,52.02201385504443],[5.988539856817662,52.02220709250534],[5.988655553763978,52.02228522111878],[5.989979484421115,52.02290610228261],[5.990858189954502,52.023270541994506],[5.991823917719624,52.023677833883994],[5.992241530709837,52.02385735962857],[5.992902882087543,52.02407714652804],[5.993649842957367,52.02433586655969],[5.994125492212915,52.024500606291795],[5.994881630148698,52.02522094054598],[5.995152905570659,52.02548076786192],[5.995320550124161,52.0256413504304],[5.995772305734407,52.02617150311473],[5.9958048494527425,52.02622026742027],[5.994936312838826,52.02755521447399],[5.994795831139541,52.02777722540491],[5.997069377812044,52.02728754100485]]]]},"properties":{"buurtcode":"BU02750208","buurtnaam":"Verspreide huizen Velp-Noordoost","gemeentenaam":"Rheden","aantalInwoners":15,"crime_violent":0,"crime_property":0,"crime_disorder":0,"crime_count":0}},{"type":"Feature","geometry":{"type":"MultiPolygon","coordinates":[[[[5.970073961393178,52.009759451997795],[5.9689103357349,52.00955061408695],[5.969197872664843,52.009032360934],[5.96805874605083,52.008692782630995],[5.969199179807865,52.00632938502879],[5.97146885659814,52.00670659947897],[5.972535112852692,52.006504397383864],[5.973421814471951,52.00647666757373],[5.975048281981219,52.0064441128058],[5.97565048541644,52.004836677375316],[5.9757684551842605,52.00451447146778],[5.9758124128983745,52.00444703824508],[5.975755483547707,52.004361567746166],[5.975721113834779,52.004321696515426],[5.975670018083015,52.00426244013996],[5.975589828537652,52.0041702340923],[5.975550202770493,52.004126011766175],[5.97551846692607,52.00408816766207],[5.975484878665097,52.00404122759179],[5.975444951405057,52.003972908908295],[5.975372226092078,52.003850140864344],[5.975346209011443,52.00380414262643],[5.975310962381651,52.003741777760254],[5.975261313973224,52.003660654243824],[5.975186835861971,52.00353630390373],[5.975067203996661,52.00334365183613],[5.974998226963392,52.00324335373445],[5.974970909015457,52.003211374788236],[5.974931172386006,52.00315858688488],[5.974892358082667,52.00311060314002],[5.974881452299003,52.00309855028986],[5.974846577177106,52.00305998464108],[5.974767907906741,52.002974583620905],[5.974765588510104,52.00297206947415],[5.974708474518548,52.00291010128706],[5.974630450698598,52.00288168324569],[5.974624802318375,52.00287962615228],[5.974576747187731,52.00286212308986],[5.974513649386793,52.002839149294275],[5.974395666003362,52.00283865076782],[5.974009479507835,52.00283655129885],[5.973807119997393,52.00283741688493],[5.973785318313189,52.002835152683446],[5.973780860016517,52.00283500413836],[5.973611490333978,52.00282950288262],[5.9735150154483305,52.00281887420098],[5.973458235515905,52.00280790378038],[5.9734238229829115,52.00280125312282],[5.973320202922315,52.00277877726301],[5.973159654959439,52.00274290462403],[5.973035198310019,52.002715094349604],[5.972886242231039,52.00267915461346],[5.972624620157018,52.00261603738948],[5.972608651757137,52.002612144006086],[5.97256727725055,52.00260206722526],[5.972332675816374,52.002544917981105],[5.97212134807653,52.002493441045615],[5.972097211352605,52.002487431004035],[5.971896885952851,52.00243757977972],[5.971888339882476,52.00243553695999],[5.971638793965647,52.00237580905441],[5.971618064178604,52.00237084261412],[5.971598679651899,52.00236517738138],[5.971525936360648,52.00234837099479],[5.97141744058309,52.002310322858186],[5.971331986620431,52.002289256077844],[5.971250968248756,52.002269946908264],[5.971145130349549,52.00224472970889],[5.971090184757632,52.002231376110956],[5.970917722068387,52.00218945646304],[5.970911367075225,52.00218791503598],[5.970825650830356,52.0021679188071],[5.970678422803366,52.00213355865145],[5.970659330972198,52.002129105242865],[5.97057181820243,52.002108686299465],[5.970498599137655,52.00208994913905],[5.970428813911549,52.002072093743344],[5.970154504484981,52.002007083477146],[5.970040182903736,52.00198115231066],[5.969972571484287,52.00196581160603],[5.969918499996708,52.00195354971318],[5.969909985803127,52.00195170433641],[5.969911264249926,52.00194922620005],[5.969880765829367,52.0019411079896],[5.969874189789324,52.00193936086915],[5.969872029878324,52.00194348824395],[5.9698468670918805,52.00193804010429],[5.969728047954432,52.00190890408901],[5.969711042416772,52.00190472782204],[5.969556240375735,52.0018667724739],[5.969497597990916,52.001852393786734],[5.96946661195951,52.001844844150725],[5.969364435319547,52.00181993081059],[5.969248548574932,52.00179227186803],[5.969131531667019,52.001761679205494],[5.969031544616586,52.00173825580202],[5.968741078845431,52.00167021219355],[5.968734403889698,52.001678793138794],[5.968721524600186,52.001677229921206],[5.968725698755418,52.001668957957385],[5.968642938105725,52.00164988032059],[5.968417793026016,52.001597961708214],[5.967956142798943,52.001491671531525],[5.966804969183551,52.00122036433164],[5.965509291921304,52.00091646356968],[5.964871347957311,52.000766211988136],[5.963549086202046,52.000448308522806],[5.963274460920164,52.000380955820646],[5.963202815263801,52.00036294347298],[5.963086497655689,52.000318157741255],[5.962987865102629,52.00032939073118],[5.962066834500246,52.00043373886076],[5.961957890555284,52.00044605504652],[5.961865973690997,52.00045638240423],[5.96170338200623,52.000474416403634],[5.96170965019872,52.00045673262699],[5.961711582620891,52.00045070996808],[5.96150408489028,52.000474787497765],[5.961400975728157,52.00048675109503],[5.961163770740264,52.00051428077103],[5.960809107266132,52.00055795971362],[5.960296878262973,52.000614279083415],[5.959882862320548,52.00065956570621],[5.959448415910284,52.000703835700236],[5.959127542655471,52.0007390217679],[5.958778307591501,52.00077928838067],[5.9585353436557025,52.00080424297551],[5.958264877569815,52.00083201811169],[5.957974721237748,52.00085969042707],[5.957799222185311,52.000876424328524],[5.956662220885639,52.00065762959998],[5.956304174822544,52.00058785998148],[5.955590626233876,52.00044881752988],[5.95538096251914,52.00040796265584],[5.955128525610926,52.00035876599868],[5.954703808271706,52.000275597158904],[5.954132184466792,52.00016341040829],[5.953855877336283,52.00010918472778],[5.95372897560671,52.00008339716685],[5.953617491325634,52.00006073508758],[5.952735576584033,51.999881337251175],[5.952655832825849,51.99986511012518],[5.952598660399953,51.999853484356315],[5.95257023471342,51.99984769765492],[5.952327549869623,51.99979878968632],[5.952265619624392,51.999786314743176],[5.9515263179131,51.999637735885756],[5.95152374911397,51.99964768035373],[5.951502812236149,51.99972892776178],[5.9514895672840495,51.99978035082207],[5.951422857318944,51.999973507217234],[5.951364028100178,52.00011600329973],[5.951326618283892,52.000205158541924],[5.951302632478117,52.00029528305577],[5.951291040101036,52.00032762485392],[5.951184925031974,52.000648290234516],[5.951051489130913,52.001069675241034],[5.951037636079998,52.001115663193126],[5.951031583418131,52.001135772209196],[5.951005247169209,52.00122320241626],[5.951004911931296,52.001224336556824],[5.950965914434889,52.00135376803987],[5.951528219599557,52.00182440247682],[5.951825492589859,52.002301887560634],[5.952436798221173,52.00296043940753],[5.953028068731515,52.003544649124535],[5.9535937023903855,52.004043589879146],[5.954250474982992,52.00462270342167],[5.95510128670479,52.00521267302212],[5.956210074867011,52.00583032065013],[5.957496240077466,52.00629233020605],[5.95744319940129,52.0064878028249],[5.958555927058987,52.006588298186735],[5.957760028778868,52.00768958314667],[5.9617069905038775,52.00848044859946],[5.961080061110109,52.009906197937454],[5.966859982260453,52.01070843786223],[5.968917250014533,52.01109994867738],[5.970073961393178,52.009759451997795]]]]},"properties":{"buurtcode":"BU02770000","buurtnaam":"Rozendaal","gemeentenaam":"Rozendaal","aantalInwoners":1820,"crime_violent":3,"crime_property":0,"crime_disorder":0,"crime_count":3}},{"type":"Feature","geometry":{"type":"MultiPolygon","coordinates":[[[[5.993632276499688,52.078272061944],[5.9938309236976615,52.07821760305706],[5.994022231511661,52.078161977230394],[5.994148864348062,52.0781262520796],[5.995096793634052,52.077853896216006],[5.996048621660669,52.07759444668446],[5.997033234717717,52.07730957143306],[5.998393164330513,52.07693789934721],[5.999412324952798,52.07664805192357],[6.000803929676662,52.07624996763143],[6.003761850091544,52.07543402185578],[6.004090893840497,52.07534890436413],[6.005327927076718,52.0750013265242],[6.006879740565098,52.07458253632934],[6.007023622449213,52.07453725067933],[6.007119617027306,52.07451200932921],[6.007782884422691,52.074331255850865],[6.008513608096026,52.07413994084597],[6.008762554653285,52.074071672603544],[6.008848677856027,52.07401431276033],[6.008842744202286,52.07391800729525],[6.0088271653265055,52.07366720760579],[6.008871041126864,52.07334723440911],[6.00890745497848,52.07308544603162],[6.008926194232021,52.07286591519608],[6.0089332325164255,52.072673456055995],[6.008939186804483,52.07263801961121],[6.0089604723245476,52.07241806184175],[6.008964067280908,52.07197064016977],[6.008992652870041,52.0716725622563],[6.008987433118093,52.07166325995068],[6.008593842438842,52.07096134600438],[6.008521884738693,52.070832725440894],[6.007905824982969,52.06973140960106],[6.007662783179314,52.06929646063877],[6.0074237404254545,52.0688624248738],[6.00683097509311,52.067817409202426],[6.006670148290068,52.067533865090844],[6.006514393547295,52.06714778219793],[6.006478422473868,52.06709781659598],[6.006447080107062,52.06705140398491],[6.006420116661101,52.067002092063845],[6.006370863403652,52.06692395497984],[6.006336157714574,52.066871609758714],[6.0063127869918045,52.06683423338929],[6.006278207017917,52.06677937075784],[6.00623646137292,52.06672520195099],[6.0062097567791595,52.066688238581015],[6.006195164552301,52.06666130539846],[6.006185390972116,52.06663374465527],[6.006178170322996,52.06660518176973],[6.006172782948319,52.06656576931995],[6.006166261151907,52.066484432286884],[6.006161983074284,52.066468266806005],[6.006153420531415,52.06644179626702],[6.006147001631102,52.066421633249256],[6.006126055578881,52.06638765965547],[6.006090017457298,52.06635174304105],[6.006084933846632,52.06634902833114],[6.0060879409060695,52.066328150610964],[6.0060897174986865,52.066307935508476],[6.006088977007093,52.06628287994388],[6.006086839393823,52.06624222798826],[6.006084387867053,52.0661873221946],[6.006087519045651,52.066116396810344],[6.006079845780957,52.06601506679178],[6.0060844165802365,52.06591327690473],[6.006098583586593,52.06580095616604],[6.006107754790135,52.06567540390822],[6.006112244359311,52.06561622810881],[6.006117552376082,52.06543388093243],[6.006118341345895,52.065291717369085],[6.006125714442161,52.065142679061275],[6.006130257297823,52.065009376221106],[6.006134499245584,52.064876461458496],[6.006132610044839,52.06481476650815],[6.0061302093258435,52.06472348466421],[6.006130152300898,52.06472147157814],[6.006128773289216,52.06463235953617],[6.006122417575313,52.064578804533],[6.006129878046228,52.06425272259997],[6.00613720864326,52.064192309432954],[6.006151946455868,52.064074916235356],[6.006163465972434,52.06396418233495],[6.006176935427133,52.063876331456434],[6.006182252016292,52.06377788126754],[6.006183808669169,52.06366591442336],[6.006183952293348,52.06365521755334],[6.00617161798746,52.063505797475216],[6.0061878333381795,52.06335820468178],[6.006200059630006,52.06322901400149],[6.006198220067603,52.063106629555094],[6.00619207990477,52.06304229639898],[6.006182863165438,52.06298115230348],[6.0061796051685805,52.06291959935936],[6.006180338342002,52.062871418040245],[6.006181627983081,52.062823404572676],[6.006180194645865,52.06276408911401],[6.006174028399248,52.06271261839533],[6.006165662696658,52.062661330021456],[6.006157984694589,52.062619691499606],[6.006147326501869,52.06256291431998],[6.006135581858824,52.06249612086076],[6.006120910234566,52.06242856979505],[6.006120474216181,52.06242656768958],[6.006110895714624,52.06236771751085],[6.006094444879631,52.06229488166849],[6.006073897519246,52.06223161297416],[6.006059526080223,52.0621836369108],[6.006044563086326,52.06213084620901],[6.006030596668855,52.06208157369193],[6.005965109166011,52.06168752788306],[6.005952137600907,52.06164269036089],[6.005935231457661,52.06157590603234],[6.005934828845655,52.061574209353694],[6.005917644827496,52.06150103578752],[6.0058961921254905,52.06141654141041],[6.005881244112516,52.061321568395684],[6.005855897339788,52.0612074959069],[6.00583089065524,52.06110746139595],[6.00580868673275,52.06098865350057],[6.0057893096974135,52.06088550639031],[6.005764812718632,52.06077485396327],[6.005750625915236,52.06069904004524],[6.005735726054345,52.06061383706598],[6.005717108018375,52.0605181013232],[6.005698730596443,52.06044081735648],[6.005684898092606,52.060370574330676],[6.005677611762137,52.06033610641591],[6.005668953105063,52.06029519208984],[6.005654318744898,52.06022495327297],[6.005633908872411,52.06009556562506],[6.005610325995262,52.05995709845189],[6.005573145222267,52.05979380503741],[6.005538194808619,52.05965365383421],[6.005517763571279,52.0595448315738],[6.005492947752373,52.05942261276193],[6.00546430580013,52.05927675675043],[6.005429404559487,52.05916754309022],[6.0054182030928525,52.059132520466726],[6.005391977700025,52.05903171924136],[6.005376562536884,52.05897561413992],[6.005359290719209,52.05893498770982],[6.005336101435074,52.05888821737188],[6.00530202904428,52.05883472698341],[6.0052659311743914,52.05878132811712],[6.005218092484339,52.0587023921197],[6.005165276774092,52.05862204410236],[6.004981149396556,52.058345891452355],[6.004938889166674,52.05827594135513],[6.004904807544568,52.058223826112965],[6.004866076213344,52.058166548995025],[6.004830395841374,52.05810951651453],[6.004789070312706,52.05804386686901],[6.004744431191023,52.05797266182878],[6.004714895850342,52.05792557411891],[6.004671806383437,52.05786520983926],[6.0046370064954475,52.057812774706484],[6.004597641669866,52.05775391887527],[6.0045463490570645,52.05767283452941],[6.004513739378674,52.05762165522578],[6.00447641063076,52.05756239318645],[6.004436777225254,52.05750306232733],[6.004391558638439,52.057435221826836],[6.0043592094180935,52.057381758076446],[6.0043230408489725,52.057331523180316],[6.004284927053043,52.057284021937846],[6.004242930696252,52.057221422659914],[6.004211805499521,52.05717845082613],[6.00418650539014,52.05713811798126],[6.004171545131838,52.05710532606842],[6.004106636590843,52.056997887201305],[6.004088594692582,52.0569689494505],[6.004069985734761,52.05694118315266],[6.004046508458592,52.056909307734436],[6.004027963564864,52.05687560879274],[6.004008704579366,52.05684299219081],[6.003987921972551,52.056805619752886],[6.003968130656445,52.056776691151754],[6.003958355279814,52.0567635475048],[6.003946886345937,52.05674812969505],[6.0039206353895125,52.05671599913676],[6.003892802999356,52.056685494759854],[6.003794920452603,52.05659756241063],[6.003768939354057,52.056574418740276],[6.003734468617304,52.056548892689186],[6.003677091370889,52.05651171190102],[6.003572698942658,52.056448621274185],[6.003489550345823,52.056403485864585],[6.003268836046602,52.05626855806706],[6.003058279281911,52.05612998136799],[6.002857322801631,52.05598964628727],[6.002631914685182,52.05583119241275],[6.0023564450855735,52.0556371363337],[6.002247317018583,52.055547463812665],[6.002118964448617,52.0554487235392],[6.001981913024524,52.055353534019865],[6.001879655774737,52.05528629610653],[6.001756576405142,52.055221054391154],[6.001588314381486,52.05513573479768],[6.001473215983959,52.0550782709738],[6.001400016751438,52.0550353292439],[6.00109789673199,52.05486405992095],[6.0007988637086775,52.0547050877509],[6.000773748559782,52.05469173619243],[6.000467576177924,52.05451167781464],[6.000398413715164,52.054475905096744],[6.0003237211895435,52.054440880216625],[6.0002476681680825,52.054412963162704],[6.000161119592722,52.05438519061041],[6.000054158075417,52.05435734453319],[6.000018066280601,52.05435050360183],[5.999898749558172,52.05432860009314],[5.999802585978403,52.05431095326201],[5.9995525376236785,52.054265065861145],[5.999356082787051,52.05422961322255],[5.998689623171058,52.05409671581769],[5.998509189745957,52.05406848601722],[5.9984994804105485,52.054067484814],[5.99840878258223,52.05405816757886],[5.998344166429613,52.05405298429877],[5.998284246955656,52.05405434707056],[5.998216004578257,52.05405800909475],[5.998188822230589,52.05406081975115],[5.9981428729609085,52.05406557942142],[5.9980555280171055,52.05407437398293],[5.997919762997025,52.05408636792627],[5.9976886644175345,52.05411473866082],[5.997362736160291,52.05414942506395],[5.996747955769933,52.05422634209448],[5.99642149297977,52.05426471387337],[5.996189099538864,52.05429235131846],[5.996093045074323,52.05430189057907],[5.995847980224613,52.05432624025834],[5.995735595605538,52.05434218247811],[5.995551982315069,52.054369539462584],[5.995389508403285,52.054386063837164],[5.9952559080276835,52.05440296912493],[5.995054161227361,52.054424226056426],[5.994845787372993,52.05443848798106],[5.994768518213941,52.05443779032717],[5.994707352697154,52.05443118505791],[5.994614669247278,52.05442810406616],[5.994545544789306,52.05443988497847],[5.994489990811549,52.0544535552828],[5.994423315930437,52.05446320223642],[5.9943167745414305,52.054473585126054],[5.994151005779854,52.054482664469546],[5.994040717564196,52.05449522363223],[5.993703186506708,52.05453913680351],[5.993491053404055,52.05457408886606],[5.993327686568429,52.05459799441219],[5.9931596592676435,52.05462337084849],[5.992998551614619,52.05464294091707],[5.992877020457098,52.054647889811484],[5.992769446565705,52.05466606949645],[5.992625751947119,52.05469029529401],[5.9925626561106125,52.05470158562159],[5.9924579966578335,52.054716433335535],[5.992315952368332,52.05473226415325],[5.9922291796451574,52.054744736659416],[5.992154249147315,52.05475852344522],[5.992023976178494,52.05477259460739],[5.991909422740531,52.05477927734374],[5.991836958562183,52.054778139612885],[5.991744449717832,52.054785859438326],[5.991657574037656,52.054802601508754],[5.991569697793842,52.05481975312789],[5.991535880921914,52.05482258732729],[5.991511711720904,52.05482185754131],[5.991444895751584,52.0548157469848],[5.9913657624643735,52.0548195688096],[5.991237984723751,52.05482950064787],[5.991012645779125,52.05485849383087],[5.990727265496571,52.05489938944123],[5.990591933248805,52.05490704032814],[5.990459193736407,52.054911262203795],[5.9901485678561075,52.05493761685576],[5.990006874140387,52.05495036009021],[5.989797689678438,52.05498050858958],[5.989512694300232,52.05501980834553],[5.989383655098098,52.05503141645383],[5.989274700741584,52.055045779962036],[5.989132591391758,52.05506451948467],[5.98906935225612,52.05507176392078],[5.989027048168488,52.05507342737754],[5.988966338733067,52.05506820998591],[5.988762063704737,52.055062360245486],[5.988442350838397,52.055059311071545],[5.988240451306112,52.05505554257154],[5.988107988720065,52.05506414668543],[5.98797624181656,52.055063075555076],[5.987423240556712,52.055035777287124],[5.987140675380126,52.055034674342394],[5.98672051944274,52.055010937996215],[5.986220103701645,52.05499728911678],[5.985755910238028,52.054989440121474],[5.985158798015827,52.05497025630124],[5.9849846868452925,52.054967410641815],[5.984614793485657,52.054961352178125],[5.984210403874805,52.05494549050616],[5.98377962034855,52.05493369812976],[5.983564259259493,52.05492954942492],[5.983411267281255,52.05493049535536],[5.983291352685811,52.05492777709737],[5.983038205603921,52.05489778861626],[5.982808189762158,52.05487816291869],[5.982350347276181,52.054828068173684],[5.981976868376883,52.05478578761973],[5.9816587363575735,52.0547566728684],[5.98160094690279,52.054750556078424],[5.981186981165376,52.0547138255528],[5.9809678355221365,52.054701260155326],[5.980413307626282,52.05463511612104],[5.980278578442392,52.05461573320924],[5.980115098651694,52.0545909402079],[5.97803864577171,52.05439762602987],[5.9779592766978675,52.0543902405374],[5.978826527452202,52.05293613943849],[5.980170754605281,52.05062216927459],[5.981272001136921,52.04874289860304],[5.9816498135501535,52.04808803347358],[5.981796225900549,52.04789865568771],[5.982665254046707,52.04677421646937],[5.982668780446129,52.04676973142372],[5.983478909521788,52.04573992548392],[5.984356774249675,52.04462417406428],[5.984681926623877,52.04421479462501],[5.985060200474163,52.04373853179029],[5.98581512257006,52.04277960189041],[5.98651552284677,52.04188889648912],[5.986517931607839,52.0418859090798],[5.987062618462617,52.041209250637095],[5.987119249318503,52.04110080519642],[5.987620309704959,52.04016567291293],[5.987629225183567,52.04014902594745],[5.987655526914726,52.040101792807754],[5.987726361865527,52.0399724036287],[5.987728353439088,52.039968753184795],[5.987777933221549,52.03987817626083],[5.987817028186548,52.039806780031334],[5.987863656164441,52.039724352587534],[5.988146708440395,52.03922608550997],[5.988200042231633,52.039126473909626],[5.9886336283374435,52.03831665552036],[5.989642789442649,52.036272072560486],[5.98971321081787,52.036126891743265],[5.990184706186951,52.035172044189935],[5.991359419286785,52.033232911821436],[5.9924999017611595,52.03141339822474],[5.993713843108776,52.02952227042196],[5.994526245168653,52.02820726233421],[5.994588333589953,52.02810513965189],[5.994795831139541,52.02777722540491],[5.994936312838826,52.02755521447399],[5.9958048494527425,52.02622026742027],[5.995772305734407,52.02617150311473],[5.995320550124161,52.0256413504304],[5.995152905570659,52.02548076786192],[5.994881630148698,52.02522094054598],[5.994125492212915,52.024500606291795],[5.993649842957367,52.02433586655969],[5.992902882087543,52.02407714652804],[5.992241530709837,52.02385735962857],[5.991823917719624,52.023677833883994],[5.990858189954502,52.023270541994506],[5.989979484421115,52.02290610228261],[5.988655553763978,52.02228522111878],[5.988539856817662,52.02220709250534],[5.988238442237193,52.02201385504443],[5.98815886864292,52.021962102103],[5.988017388675617,52.0218700918283],[5.987897221718132,52.021805045501054],[5.987506943281493,52.02157077860309],[5.987211101068858,52.02139045332292],[5.986925923807065,52.02120126433972],[5.986692824428892,52.021038594609],[5.986593483601221,52.020974834020556],[5.986478311050127,52.020892907625665],[5.986322944609829,52.02079042271064],[5.986061302936388,52.020627312845214],[5.985929505931545,52.02054515594877],[5.985638719194442,52.02036057646755],[5.985316247362976,52.02015961878542],[5.985151289327316,52.020058529347935],[5.985058952098056,52.02000614708759],[5.9848983943902745,52.01992903385784],[5.984834749138272,52.0198978080581],[5.984772761586435,52.01987070844974],[5.9847117380913035,52.019850345183016],[5.984622490926607,52.01982203569425],[5.98450512685386,52.019793779018855],[5.9843321513909,52.019746749194695],[5.984210976123448,52.01971671389995],[5.984127341936121,52.01969412810242],[5.984095586201144,52.019683503200056],[5.984086728188273,52.01967473955087],[5.984057929557845,52.01967830124489],[5.984026692310641,52.01967378577886],[5.983461243900911,52.01952879460488],[5.982928228976554,52.0193903777527],[5.9823881221978885,52.01925523018431],[5.981946571215345,52.01912528952451],[5.980993816365067,52.01883836731907],[5.980898112291575,52.01880619564656],[5.980881728878197,52.01880335711258],[5.980484653257005,52.0184261953665],[5.980460960125227,52.01840491356999],[5.979916427723695,52.01770919092391],[5.9793165541728195,52.01673128497826],[5.97918075353214,52.01648213688057],[5.97918767312844,52.016464493858464],[5.979249115836165,52.01636279592574],[5.979329343876878,52.016216511011166],[5.979389196929602,52.01609378823124],[5.979442127577756,52.01599842489187],[5.979490977488385,52.01591395798731],[5.979537214758654,52.01583022327415],[5.979597351969813,52.01572907100045],[5.979659022940996,52.01561173191398],[5.97970580301791,52.01552502823501],[5.979729837136211,52.01549182999521],[5.979744752006226,52.01547404778906],[5.97979159108615,52.01543588094293],[5.979841550924437,52.01539246712739],[5.979854354060965,52.015381337947126],[5.979928261917152,52.0153180649887],[5.980009227736831,52.01524876117522],[5.9800102648568245,52.01524787508889],[5.980004325553007,52.01518543588576],[5.979956365589074,52.01468082807329],[5.9799103003912855,52.01410684743886],[5.979889852421546,52.013836265820395],[5.979863995529967,52.01353888386226],[5.979859992599229,52.013492853930835],[5.979848667216111,52.013274277953165],[5.979829803527219,52.013123413364696],[5.979801749257228,52.01291533917035],[5.979759569005238,52.01271742107354],[5.979712016377718,52.01250975966241],[5.97961338475619,52.01206779502596],[5.97939226833262,52.011167321190335],[5.979212710827957,52.010345762445],[5.978987152195564,52.00951461049343],[5.9789216333042114,52.00922975713429],[5.978883942788474,52.00907125707224],[5.978680157055059,52.00868812803583],[5.978473019063054,52.008300143789405],[5.978468842223253,52.008292668484266],[5.978421093088984,52.00820728527731],[5.978201708306885,52.00779814953926],[5.978151937420375,52.00770737436758],[5.9780441134285836,52.007510702179566],[5.977925980317938,52.00729869357209],[5.977927485580698,52.00726814352894],[5.97794792976371,52.00711974172564],[5.977888743682053,52.007069263647175],[5.977860222418831,52.007043565302105],[5.977698395892773,52.00689773252235],[5.977469721577096,52.00668904674194],[5.977333951301366,52.0065718095382],[5.977215707754322,52.00648260887891],[5.9771446626952445,52.006427309224996],[5.97711228964279,52.00640767020267],[5.977072046837472,52.00638433147436],[5.977031825130558,52.00636259255684],[5.976845891737308,52.006270387261296],[5.9768400869062255,52.006267549069726],[5.976324160114307,52.00601503523011],[5.976218202298597,52.00596275019849],[5.976212587293839,52.005789293756436],[5.97620793705103,52.00562385909492],[5.976204683655185,52.005429510829806],[5.976205264542609,52.00541719385111],[5.976204488930124,52.0053581800832],[5.976199541919583,52.00522445787503],[5.976197263557044,52.0050355876234],[5.976193590306635,52.00502980851656],[5.976131666710052,52.00493245990879],[5.976120760882351,52.00491602983707],[5.976087419047985,52.00486577199741],[5.976069897994896,52.00483911930672],[5.9759723370618305,52.00469076922763],[5.9759567950834915,52.00466620090431],[5.975939572922529,52.004639007395355],[5.975888421571513,52.00456115444994],[5.9758124128983745,52.00444703824508],[5.9757684551842605,52.00451447146778],[5.97565048541644,52.004836677375316],[5.975048281981219,52.0064441128058],[5.973421814471951,52.00647666757373],[5.972535112852692,52.006504397383864],[5.97146885659814,52.00670659947897],[5.969199179807865,52.00632938502879],[5.96805874605083,52.008692782630995],[5.969197872664843,52.009032360934],[5.9689103357349,52.00955061408695],[5.970073961393178,52.009759451997795],[5.968917250014533,52.01109994867738],[5.966859982260453,52.01070843786223],[5.961080061110109,52.009906197937454],[5.9617069905038775,52.00848044859946],[5.957760028778868,52.00768958314667],[5.958555927058987,52.006588298186735],[5.95744319940129,52.0064878028249],[5.957496240077466,52.00629233020605],[5.956210074867011,52.00583032065013],[5.95510128670479,52.00521267302212],[5.954250474982992,52.00462270342167],[5.9535937023903855,52.004043589879146],[5.953028068731515,52.003544649124535],[5.952436798221173,52.00296043940753],[5.951825492589859,52.002301887560634],[5.951528219599557,52.00182440247682],[5.950965914434889,52.00135376803987],[5.950941935931867,52.0014333481779],[5.95093265380113,52.001464159828465],[5.950766077501846,52.00168246740928],[5.950540921958373,52.00199765322605],[5.950334612305842,52.002281900312475],[5.950313890547783,52.0023249009613],[5.950220116546956,52.002586695421456],[5.950024779048568,52.00314780280993],[5.9499763782232264,52.00330613963176],[5.949955277948673,52.0034095258199],[5.949941352534426,52.00347773319284],[5.949893787303663,52.00376183109565],[5.949854487141557,52.003982773177505],[5.949845862009832,52.004031216744615],[5.949827745603373,52.00409159730569],[5.949817168807243,52.004112307635495],[5.949746724326723,52.004250242825016],[5.949742850227905,52.004257191376176],[5.94959449403863,52.004523273036796],[5.949555754599354,52.004561586855026],[5.949288546682526,52.00482582735224],[5.948972264432667,52.005151224675956],[5.948766427496878,52.00536588768947],[5.948750326375482,52.005396641812595],[5.948539714370196,52.00579883330057],[5.948268484841737,52.00628035710442],[5.948125744517353,52.00658674974099],[5.947689102471521,52.006882489489456],[5.9473487866810455,52.00711310674109],[5.947190771391177,52.00723633435249],[5.946602855752215,52.00775557531619],[5.946208928006299,52.00801880220132],[5.946023278512932,52.00816903469362],[5.945438694493088,52.00864677263688],[5.9450160770595835,52.00898518431157],[5.9447704635982115,52.00917478044382],[5.944517857518991,52.00934570442637],[5.944100488915202,52.00963054428506],[5.943584772046427,52.00998720630853],[5.943310317693246,52.01013422310831],[5.94400636073757,52.01024422885065],[5.944552258593711,52.010331509303036],[5.944911630778774,52.01035092876798],[5.945643471391336,52.01039099656306],[5.94580947618471,52.01040033829198],[5.946031190331526,52.01041283073755],[5.946031705158686,52.0104155697382],[5.946048195450239,52.01050389989649],[5.9460632342185695,52.01058445483554],[5.946067135396665,52.01060528028166],[5.9459364809262985,52.010613469081335],[5.945624816222292,52.010635541212345],[5.945262629267085,52.01066165426287],[5.9448722816716195,52.01068739634657],[5.944460560017324,52.010715027064315],[5.944056994874747,52.01074267166176],[5.9436523001965895,52.0107708864824],[5.943248182024685,52.01079864776779],[5.942888498886022,52.01082250357126],[5.942396220794239,52.01083091295091],[5.942131225417905,52.01104027940967],[5.941907425732367,52.011177157763115],[5.941707573423726,52.01129892126408],[5.94154657201654,52.01139750018418],[5.941402079259074,52.011485970119445],[5.941065950685987,52.0133898558467],[5.94103417566477,52.01358386607597],[5.94100451252265,52.01376844656322],[5.940974439887612,52.01393877344949],[5.940931358247072,52.01415619756203],[5.9408978285934975,52.01433444144351],[5.940851773695774,52.01455297608346],[5.9408517827881795,52.01455489055801],[5.9408499708722236,52.01456622439853],[5.940824585841219,52.01471635931983],[5.940798332219193,52.014866947736216],[5.94074849821706,52.01512514768109],[5.940740879143259,52.015173450933055],[5.940712353814629,52.015359518008616],[5.940699660521507,52.01548879414507],[5.940688733561864,52.01558064349711],[5.940676472918014,52.015683635677355],[5.940645669386453,52.01585749828167],[5.940631800421465,52.015956489217935],[5.940610484577747,52.01607529852114],[5.940464380038355,52.01695467695058],[5.940452859966452,52.017043392116655],[5.94044753877765,52.0170843590308],[5.940444718193943,52.017106043183496],[5.940418324916684,52.01726205208065],[5.940387683970999,52.017423294177334],[5.940373169279624,52.01758097296461],[5.940331357782267,52.01785576332238],[5.940310593280376,52.01803116052525],[5.940288179067038,52.01819330767488],[5.9401925637882895,52.01871457741789],[5.940012842580214,52.02092870103746],[5.939997476733992,52.02111795072118],[5.939812312085678,52.0231439370225],[5.939756065369264,52.02379762592774],[5.939650171666906,52.025028491286825],[5.939613125707161,52.02545899068868],[5.939444911657765,52.02731193399318],[5.93940076747801,52.02779811321093],[5.939097073187472,52.03142189680809],[5.938506598456637,52.03554784141233],[5.938071540244387,52.0385714459758],[5.938133894590681,52.03861079260076],[5.938135187278431,52.03861161347492],[5.938133404449095,52.03862780978222],[5.938128934122048,52.03866604005],[5.938127267134081,52.03868335935469],[5.937109984159742,52.04842643076385],[5.937098831567901,52.04853316505115],[5.9373915708909495,52.04922893006815],[5.937448893778226,52.04936060147147],[5.937550229619618,52.049634540712276],[5.937667175715614,52.04992825303916],[5.937762009555007,52.050166440044315],[5.938084532174516,52.05094559236291],[5.938496581395531,52.0519530678251],[5.938696247694361,52.05246201202735],[5.938758218275713,52.052619978726064],[5.938991252592418,52.05324036479952],[5.939288182302396,52.05396828337595],[5.939631392247463,52.054836165427396],[5.940056950396523,52.05583140126329],[5.940501866763858,52.05687184549503],[5.940581293589856,52.057082076921546],[5.9409109618253355,52.05795455762276],[5.940937933727081,52.05799317030493],[5.941091601901599,52.058213172928234],[5.941176175254893,52.05833580674531],[5.941286339903845,52.05846908802452],[5.941633724554035,52.05904786257268],[5.942127913977338,52.05997705385957],[5.942175720190272,52.060066945126565],[5.942485807276698,52.06057239564525],[5.942826573134542,52.06115810980175],[5.943028180002276,52.061550701481515],[5.943049699392535,52.06159261115709],[5.943088927404982,52.06166899719556],[5.943201097003276,52.062114906985826],[5.943230060664568,52.06223008099113],[5.943248837686671,52.062304720963944],[5.9432870556441575,52.06245577744426],[5.9451864624349575,52.06408810604205],[5.9466938665696825,52.06538111709229],[5.948698064958775,52.06709619456104],[5.950946524578531,52.06904637074884],[5.953173348149812,52.0709644120394],[5.954152620684765,52.07182674673328],[5.954720575045435,52.07232686021259],[5.955930987203363,52.073338781403066],[5.956002261807887,52.07336337960296],[5.957714574700441,52.07395426345367],[5.957871914774596,52.07400659479391],[5.958493341110737,52.07421113882607],[5.96195262634697,52.07539957784341],[5.962092884406815,52.07544765450636],[5.964646016531948,52.076322447805985],[5.966738156725522,52.076661776676566],[5.969337277656746,52.07708576728826],[5.9699288184879205,52.07718704228174],[5.972803739521146,52.07767261715833],[5.975092711385597,52.07804114540164],[5.975947718333638,52.07817565241046],[5.9766952283174355,52.0782688779432],[5.9770428570652925,52.07830991225433],[5.97743446997039,52.0783521452103],[5.97803111774321,52.07841330219244],[5.978618438584292,52.07846952349284],[5.979790545321959,52.07857967786415],[5.979970192926855,52.078596004019495],[5.980205741796761,52.07861345050889],[5.981182256816382,52.07870570911711],[5.981353152821723,52.07871765508024],[5.981614417647635,52.07873591274144],[5.98168816993552,52.07874106814213],[5.981824218738692,52.0787718940273],[5.982939589114795,52.07888494566972],[5.9830445626845385,52.0788902927736],[5.983101865904721,52.078895881084456],[5.983770619360502,52.07895676949961],[5.9840818039125105,52.07898026956441],[5.985353260642082,52.07900809783327],[5.986320755184633,52.07903320816503],[5.987631903853618,52.079049781212106],[5.989558961731242,52.07912914616269],[5.990479916218063,52.07916437456237],[5.993632276499688,52.078272061944]]]]},"properties":{"buurtcode":"BU02770009","buurtnaam":"Verspreide huizen Imbosch en Terlet","gemeentenaam":"Rozendaal","aantalInwoners":15,"crime_violent":1,"crime_property":0,"crime_disorder":0,"crime_count":1}},{"type":"Feature","geometry":{"type":"MultiPolygon","coordinates":[[[[5.980106857848756,51.96673690943573],[5.979850053035099,51.965145286787234],[5.979614166884763,51.96391421774746],[5.979430653255147,51.962584854567794],[5.981209955641897,51.96168152765403],[5.98352132062642,51.961200739845324],[5.983027341804373,51.95861794454617],[5.982273728186602,51.95654206040544],[5.982236736570122,51.95649533966367],[5.977069876923471,51.95864181179363],[5.974416106016689,51.95609170764688],[5.972641907611461,51.95581180404133],[5.971877614753468,51.9536432137609],[5.971682677283946,51.95309139389367],[5.970801039167317,51.9510680369309],[5.969846387061401,51.95013713246005],[5.967965628300162,51.94913692585229],[5.966732545209803,51.94870707247502],[5.966523384902511,51.9486137239481],[5.966336242998006,51.949557591421275],[5.966047316397575,51.950046918416],[5.96525330096818,51.9503025036364],[5.9649210398469386,51.95058727332505],[5.965164725108029,51.950978195275155],[5.965433366444699,51.95129484106945],[5.965648464086473,51.951618489310164],[5.96558839492775,51.95203674756277],[5.9653435627745965,51.95243962317215],[5.965217511289134,51.95281775772305],[5.964727307120328,51.953618453375746],[5.964393338800869,51.954125974988436],[5.964133246228314,51.954369096691565],[5.963927575960616,51.9545490326062],[5.964008059019621,51.95504553027784],[5.964212852011199,51.95536277157448],[5.964247988546256,51.95560275847317],[5.96423586875931,51.95579157517467],[5.963551334099383,51.95629716265098],[5.963040183610995,51.956480560185014],[5.962583601028995,51.956612004869854],[5.96205001495021,51.95697864816366],[5.962103923678425,51.95721208292458],[5.961652626490403,51.95752635701568],[5.961217874013758,51.95778380816203],[5.96058402894867,51.95815177734951],[5.960546990246642,51.95843762030123],[5.960535702473677,51.95892417425888],[5.960329507550731,51.95963526588977],[5.96030298472934,51.95996150715959],[5.959752419748176,51.960374005934796],[5.959325680337534,51.960567650454855],[5.959203152010811,51.9607643059122],[5.959080896178178,51.96098230832404],[5.958968869108445,51.96121823770597],[5.9589151979343615,51.96157354160243],[5.958976934596702,51.961744021339186],[5.958997655529169,51.96210345736135],[5.958969430336149,51.962635878057256],[5.958900197345826,51.96301906477167],[5.958772117338028,51.96336939364518],[5.958709984943701,51.96397107657648],[5.958782891637367,51.96421509473018],[5.958733990045095,51.96471334738413],[5.959316228078927,51.96472933540666],[5.959650237868057,51.96501618190273],[5.959984918961671,51.96535526837891],[5.960280982512007,51.9656431401105],[5.960692611606462,51.966078194466306],[5.961018658456076,51.9664341742984],[5.96153831350737,51.96678134174225],[5.962038016453463,51.967061192243925],[5.962679368185838,51.96748219529949],[5.9631000280108974,51.967607938922725],[5.9639396591105855,51.967603822777775],[5.964401912817845,51.9675689710917],[5.964971635729606,51.967510556641194],[5.965976313352562,51.967451684178876],[5.966839161009976,51.967555294036956],[5.9675445592725085,51.967632709682455],[5.96799071517327,51.96770690792439],[5.968715042370474,51.967560354785846],[5.969904173736883,51.96747104340782],[5.970573795580706,51.967594403437836],[5.971772187103283,51.96777973492883],[5.97219136733862,51.96789449928792],[5.973139776939733,51.96808864496389],[5.97422799246872,51.96827983789357],[5.975376601791114,51.96865441951649],[5.975997804259306,51.96896674784865],[5.9764661022480166,51.96916664102568],[5.977983144873002,51.96923290052832],[5.980106857848756,51.96673690943573]]]]},"properties":{"buurtcode":"BU02930000","buurtnaam":"Westervoort","gemeentenaam":"Westervoort","aantalInwoners":6135,"crime_violent":15,"crime_property":0,"crime_disorder":5,"crime_count":20}},{"type":"Feature","geometry":{"type":"MultiPolygon","coordinates":[[[[5.982236736570122,51.95649533966367],[5.981994091517013,51.95619629698402],[5.981343786183167,51.9555299465447],[5.980790923822365,51.954753553718625],[5.980750829926704,51.95469533127276],[5.980223391809231,51.95408677900201],[5.979697073093575,51.95356192364813],[5.979425449358751,51.95325206748079],[5.979357383798807,51.95317516547162],[5.979271282368235,51.953040773364776],[5.979005616988648,51.95263060835058],[5.978855891334435,51.952652709700025],[5.97850468890057,51.95270222818834],[5.971877614753468,51.9536432137609],[5.972641907611461,51.95581180404133],[5.974416106016689,51.95609170764688],[5.977069876923471,51.95864181179363],[5.982236736570122,51.95649533966367]]]]},"properties":{"buurtcode":"BU02930001","buurtnaam":"Westervoort-Broeklanden","gemeentenaam":"Westervoort","aantalInwoners":1455,"crime_violent":2,"crime_property":0,"crime_disorder":1,"crime_count":3}},{"type":"Feature","geometry":{"type":"MultiPolygon","coordinates":[[[[5.97850468890057,51.95270222818834],[5.978855891334435,51.952652709700025],[5.978795589006777,51.95259571186024],[5.978772283249364,51.95215539507228],[5.978641386056596,51.95179264533996],[5.978624906959404,51.951359903750394],[5.978559401576963,51.950884375697235],[5.978492452346752,51.95029904111396],[5.9783861743247435,51.94972610610558],[5.97828166800008,51.949287378554104],[5.978212794891285,51.94855563551454],[5.978145527192079,51.94811014327601],[5.978126269564517,51.94798260032221],[5.97800491645894,51.94776358358483],[5.977842472360596,51.94742275752246],[5.977402341777918,51.946985714902],[5.9768840500847045,51.9466100702301],[5.9762280466003,51.94627171817169],[5.975870595038182,51.94611488967791],[5.975236107983585,51.94591064008614],[5.974721200771501,51.945791200443416],[5.973771003294673,51.94560072263385],[5.9726444040354885,51.945508728044175],[5.97106230241624,51.9453091735111],[5.9695604514522,51.94520681119929],[5.967316713196689,51.94508900799521],[5.967177687391062,51.94600918133685],[5.967188356191126,51.9461664267391],[5.967229105625412,51.94673446437131],[5.966849885058394,51.947550633933076],[5.966580577722159,51.94832581140486],[5.966523384902511,51.9486137239481],[5.966732545209803,51.94870707247502],[5.967965628300162,51.94913692585229],[5.969846387061401,51.95013713246005],[5.970801039167317,51.9510680369309],[5.971682677283946,51.95309139389367],[5.971877614753468,51.9536432137609],[5.97850468890057,51.95270222818834]]]]},"properties":{"buurtcode":"BU02930002","buurtnaam":"Westervoort-Lange Maat en Hoogeind","gemeentenaam":"Westervoort","aantalInwoners":3020,"crime_violent":7,"crime_property":0,"crime_disorder":0,"crime_count":7}},{"type":"Feature","geometry":{"type":"MultiPolygon","coordinates":[[[[5.985480516068942,51.955146897929325],[5.985525016348464,51.95512867923294],[5.985483599969195,51.95502467165732],[5.985479671330412,51.95501479536954],[5.98545372230433,51.954949635338096],[5.9854172220435204,51.954857968127726],[5.985399138166899,51.95482951284248],[5.985383806932465,51.95479474264129],[5.985131068889893,51.95422145981346],[5.985026644387121,51.95397229178567],[5.9849849595621984,51.95388989992003],[5.984965046562522,51.95382564387481],[5.984943755641377,51.9537016216246],[5.984909775843794,51.95328023599364],[5.9849092114852835,51.95327281440135],[5.984906756576809,51.95324031565074],[5.984878891992047,51.952871715040644],[5.9848787656305715,51.95286987305024],[5.984877689072101,51.952855667779666],[5.984877409052797,51.95285211876435],[5.984875058225798,51.952820877865555],[5.984859271680242,51.95261202153424],[5.984844682837734,51.952424272983606],[5.984835431341076,51.95230523199704],[5.984832940324212,51.95227329070858],[5.984854456850897,51.95218494164749],[5.984854594768606,51.952184374673436],[5.984830532019375,51.95213613914212],[5.984828529099772,51.95198027154955],[5.984826327514352,51.9518094841289],[5.984826210699258,51.951800711991005],[5.984825812775361,51.95175990642961],[5.984836268574985,51.95168210313092],[5.984853712998508,51.951676864045204],[5.985060689246871,51.95161399781207],[5.985569352579981,51.95140422543279],[5.986029328068933,51.951192577627936],[5.986618839268915,51.95092132115665],[5.987228884158515,51.95062296453774],[5.98730472740716,51.95058587745183],[5.987317033014441,51.95057930697824],[5.987333469495945,51.950570540204495],[5.9874618261829715,51.95050202188714],[5.987529319079846,51.95046599299629],[5.987576549125409,51.95044085372217],[5.987024451847011,51.94979701595552],[5.986305344048469,51.94895840212721],[5.9853064508018035,51.94782078583032],[5.9852785905338095,51.94778760735716],[5.985030658054405,51.947492339204004],[5.984930303639637,51.94737282661421],[5.984795482865872,51.94720018757609],[5.984569010681329,51.946910149370055],[5.983684162827972,51.946961082388334],[5.978145527192079,51.94811014327601],[5.978212794891285,51.94855563551454],[5.97828166800008,51.949287378554104],[5.9783861743247435,51.94972610610558],[5.978492452346752,51.95029904111396],[5.978559401576963,51.950884375697235],[5.978624906959404,51.951359903750394],[5.978641386056596,51.95179264533996],[5.978772283249364,51.95215539507228],[5.978795589006777,51.95259571186024],[5.978855891334435,51.952652709700025],[5.979005616988648,51.95263060835058],[5.979271282368235,51.953040773364776],[5.979357383798807,51.95317516547162],[5.979425449358751,51.95325206748079],[5.979697073093575,51.95356192364813],[5.980223391809231,51.95408677900201],[5.980750829926704,51.95469533127276],[5.980790923822365,51.954753553718625],[5.981343786183167,51.9555299465447],[5.981994091517013,51.95619629698402],[5.982236736570122,51.95649533966367],[5.985480516068942,51.955146897929325]]]]},"properties":{"buurtcode":"BU02930003","buurtnaam":"De Leigraaf-De Steenderens","gemeentenaam":"Westervoort","aantalInwoners":2090,"crime_violent":3,"crime_property":0,"crime_disorder":0,"crime_count":3}},{"type":"Feature","geometry":{"type":"MultiPolygon","coordinates":[[[[5.983684162827972,51.946961082388334],[5.984569010681329,51.946910149370055],[5.9845165659321475,51.946842983531944],[5.984488154511641,51.94680655384528],[5.986095579058023,51.94638272906976],[5.986168164805675,51.9463635912454],[5.986165575087401,51.94634391969468],[5.986156785951844,51.94628476642467],[5.986016170402863,51.94533887118672],[5.985989431579214,51.945231595192546],[5.985942576366413,51.945110040121705],[5.985854408224114,51.94498797639798],[5.985750710201901,51.944868328702796],[5.9850957590178,51.9441936261045],[5.984794531858215,51.94388329414067],[5.984751657245683,51.9438418955153],[5.984719179588606,51.943794871162325],[5.98437645719147,51.94304788234476],[5.984375483682889,51.94304576601188],[5.984374270911587,51.943043156528624],[5.984363893540792,51.9430206131361],[5.984306382355785,51.94302692672466],[5.9839424442171465,51.943066886342535],[5.983506975289692,51.94308689384481],[5.983179129348903,51.94309583750329],[5.9827434283839125,51.943087439780484],[5.981873255121387,51.943042589242744],[5.981094701544344,51.943017987742515],[5.980811399603318,51.94300903734631],[5.980453304947403,51.943007160249884],[5.980308942094522,51.94300051834634],[5.979982611687452,51.94293699836619],[5.9796941563561,51.94282295110433],[5.978955340443351,51.9425367953484],[5.978860808238103,51.942503834193126],[5.978719345850586,51.942474345032885],[5.978324320798489,51.942395616166074],[5.977743775223843,51.942281253258436],[5.976967035925168,51.942112359434795],[5.9765060215115575,51.9420050486929],[5.976088530343343,51.94191156704311],[5.975770400891715,51.94184241248565],[5.975564802521423,51.94179934455319],[5.975379076593036,51.94175782169418],[5.975241146820579,51.9417223153687],[5.9750726120248485,51.94167414442285],[5.97491019335564,51.9416198844214],[5.974669155616109,51.94152911057145],[5.974466057819771,51.94144131957353],[5.974262931159594,51.94135014870539],[5.9740688134592554,51.941258312294465],[5.973920461373692,51.941175163649284],[5.97381128873608,51.94110977821899],[5.9736124512588376,51.94097600643845],[5.9734837398497005,51.9408832674125],[5.973365446921947,51.94080205343031],[5.9732420378116124,51.940721035623646],[5.973099161982559,51.94062710842587],[5.9729767119876485,51.94055710542402],[5.972836249912523,51.940474212705915],[5.972679896749901,51.94038269815201],[5.972528190122746,51.94029615783711],[5.972355568858016,51.94019715558728],[5.972307179005141,51.940168840153646],[5.972154645714248,51.94009129194428],[5.972045440836606,51.94003977424879],[5.972025237806581,51.94003061666595],[5.971770660676883,51.93991528485077],[5.9714993616969725,51.9397966829291],[5.971457189700288,51.93977896959153],[5.971263131980266,51.93969748298214],[5.970957163514478,51.93957199616669],[5.970689651267723,51.93946245192689],[5.970459750904751,51.93936882774992],[5.9704406294300565,51.93936115661369],[5.970357097242333,51.93932763968215],[5.97035219996423,51.939325677531926],[5.970231917541347,51.93928983508786],[5.9700909486002045,51.93925008627151],[5.9699681504683255,51.93920974382426],[5.969875394222031,51.93918146762907],[5.969786083804249,51.939154243906316],[5.96977114481656,51.9391528348676],[5.9697319337449475,51.93914914622496],[5.969580244147131,51.939134896298505],[5.9695180131410455,51.939129038591545],[5.969527089701798,51.939256989426625],[5.969529461323967,51.939517157917805],[5.969526552200502,51.93959446418222],[5.969469364573799,51.93959627558656],[5.969324822790185,51.93957372950837],[5.9692735625282705,51.939560491723896],[5.969259936590131,51.93955750942597],[5.969461446989089,51.94008797328828],[5.96942132330174,51.94137436521794],[5.968250825956061,51.94195457882596],[5.967219116577828,51.942585215848446],[5.966923790970674,51.94313777733381],[5.967137998332002,51.943729117740645],[5.967383990794146,51.94419446054193],[5.967358566356735,51.94481198104749],[5.967316713196689,51.94508900799521],[5.9695604514522,51.94520681119929],[5.97106230241624,51.9453091735111],[5.9726444040354885,51.945508728044175],[5.973771003294673,51.94560072263385],[5.974721200771501,51.945791200443416],[5.975236107983585,51.94591064008614],[5.975870595038182,51.94611488967791],[5.9762280466003,51.94627171817169],[5.9768840500847045,51.9466100702301],[5.977402341777918,51.946985714902],[5.977842472360596,51.94742275752246],[5.97800491645894,51.94776358358483],[5.978126269564517,51.94798260032221],[5.978145527192079,51.94811014327601],[5.983684162827972,51.946961082388334]]]]},"properties":{"buurtcode":"BU02930004","buurtnaam":"De Ganzepoel-Schans","gemeentenaam":"Westervoort","aantalInwoners":2325,"crime_violent":2,"crime_property":0,"crime_disorder":0,"crime_count":2}},{"type":"Feature","geometry":{"type":"MultiPolygon","coordinates":[[[[6.002516401571414,51.98053432524826],[6.002885383601981,51.980456980902204],[6.003085311239513,51.98030333744877],[6.00314324408115,51.98025882893257],[6.003187968227698,51.98022445661709],[6.0030839928531465,51.97983953285453],[6.002979450170621,51.97947464714635],[6.002749615909008,51.97908227457353],[6.002627539892034,51.978908430355105],[6.002357773973695,51.978519411952746],[6.00215214961894,51.978223213482586],[6.002043145347145,51.97809158182204],[6.0018016498375415,51.9777977455052],[6.001732938226036,51.977551534233605],[6.001701314569341,51.977438193705765],[6.001650315443252,51.97726089393042],[6.001648741032137,51.97725540124299],[6.001595659134639,51.97716403266724],[6.001532944205476,51.9770749435287],[6.001293016007855,51.97686410605602],[6.001086442260426,51.97668569496219],[6.0008584715227675,51.97649854158676],[6.000765278403748,51.976427318303166],[6.000428541537225,51.97616998015867],[6.00042633823397,51.97616829643341],[6.000313261987799,51.97607875921226],[6.000148555552994,51.9759483420494],[5.999832908895671,51.97569352046663],[5.99970526423856,51.97561131222982],[5.999697132794911,51.9756063120843],[5.999410476712099,51.97542990616633],[5.999158909347257,51.97528626850592],[5.999131831209032,51.97527081452766],[5.99898951498255,51.97518088892536],[5.998978607144329,51.975173997632226],[5.998781211315388,51.97505795037945],[5.998671943135518,51.97499747832814],[5.998567832619551,51.974949131706346],[5.998395027069267,51.974864514295085],[5.998165645041373,51.97476135989974],[5.998055338301809,51.97471214618259],[5.997945079061606,51.974668540892694],[5.997859172764002,51.974628413371626],[5.997783622202704,51.97459312171048],[5.997708756252091,51.97456000164481],[5.997524696853992,51.974482380461495],[5.997350196562391,51.974417338119586],[5.997158599160282,51.974356824503424],[5.996998745791146,51.9743038939558],[5.996866588734923,51.97425629352403],[5.996772080679098,51.97422457804006],[5.99669722211443,51.974196185206154],[5.996624932821638,51.9741662150209],[5.996595683957228,51.97414941446106],[5.996570754001755,51.97412270424193],[5.996530406506013,51.974108486937745],[5.9963988352954525,51.974062150313976],[5.996337016558926,51.9741376408118],[5.99618632176009,51.97409346137957],[5.996204017621768,51.974068678515465],[5.996219560087352,51.97404929985794],[5.99622700947539,51.97403627299601],[5.9961919181787176,51.973955747679554],[5.996093362503262,51.973930263610804],[5.995968593539409,51.97389499197022],[5.995769234730798,51.97384352267041],[5.995596426569945,51.97379556494352],[5.995330712574007,51.97373190839165],[5.99513111072585,51.973676358524436],[5.994975506542743,51.973625182954656],[5.994835582068141,51.973571148718335],[5.994631830110524,51.97349061365103],[5.99449452921979,51.97343895637684],[5.994377089898177,51.97339771283009],[5.994296973806696,51.97337313873245],[5.99419664646986,51.97334669147758],[5.994099714320908,51.973328073507936],[5.9938663054028645,51.97327451167462],[5.993616378879627,51.97321881443704],[5.9933561249902105,51.97315810943172],[5.993121818628353,51.97310585407384],[5.992894848403207,51.973041785616495],[5.992680535957492,51.97298385354908],[5.99260866813813,51.97296751416647],[5.992525741756741,51.97295025193985],[5.99232242499833,51.97290792943496],[5.992041122440861,51.97282289932052],[5.991820527459183,51.97275111089295],[5.991551920400971,51.97266305712927],[5.991353954482799,51.97259535808608],[5.991143595305063,51.972524837091264],[5.991116087357832,51.97251604390145],[5.991051614701152,51.972495432033575],[5.9908822258000685,51.97243583679214],[5.990734617216452,51.97239089748356],[5.990679216043546,51.972369528756985],[5.990619857802194,51.97235042742123],[5.99055621160697,51.97233496140912],[5.990435271529699,51.97231320083663],[5.9903968430812595,51.972306144347776],[5.990347224467957,51.972297023987004],[5.99027709301574,51.972285204442606],[5.990231099812144,51.972278366472835],[5.990198227535149,51.972273231908254],[5.990167570671514,51.97226942524796],[5.99013514870749,51.972268557858776],[5.990118452830143,51.97227048610936],[5.990103230185891,51.97227374607814],[5.9900877061771896,51.97227948839586],[5.990071834003419,51.97228747960355],[5.99005963191573,51.97229566771171],[5.990050307623198,51.97230249279807],[5.990018419187783,51.97232724864369],[5.989974447621112,51.97236580074745],[5.989881206517781,51.97245263057504],[5.989842122343612,51.9724812613169],[5.989809067849838,51.97250265242183],[5.989776687152501,51.9725211188256],[5.989747872932807,51.97253640301573],[5.989719735544008,51.97254898720224],[5.989699497180817,51.97255589515891],[5.989665049955912,51.972562453469656],[5.989413103990802,51.97259521276498],[5.989273847793239,51.97262058124772],[5.989159204593867,51.9726396844509],[5.989029165211662,51.972670829950495],[5.988904454414883,51.97269562917145],[5.988697024226449,51.97273366000496],[5.98850991879022,51.972769060772286],[5.988404271471443,51.97278292191683],[5.988328726633085,51.97279070568173],[5.988252096351294,51.97279894436861],[5.988103438145849,51.9727917854782],[5.987982145138814,51.97278822574766],[5.987869175084053,51.97278236727445],[5.987806784170629,51.97277475823411],[5.987707838283145,51.972759794594424],[5.987626617264595,51.97273929336501],[5.987530192656184,51.972706097163965],[5.987445811631286,51.972673477573366],[5.9873554289874935,51.97263281695476],[5.987244783577994,51.97259725725148],[5.987158028943274,51.972573206549455],[5.987033785509018,51.972549212234505],[5.986936842081049,51.97252613017263],[5.9868067321268565,51.97248240898913],[5.986701893812082,51.972446810170894],[5.986582188458312,51.9723953505808],[5.986545024171394,51.972482862586524],[5.986459174468722,51.97248510688506],[5.986382020287127,51.97248570686466],[5.986292455795199,51.97248549815751],[5.986214144734424,51.97248229283058],[5.9861056953743805,51.97248358239468],[5.986056500092302,51.972481046583916],[5.985985068545732,51.972476430832735],[5.985863879106133,51.97245983517902],[5.985765996320224,51.97244373195415],[5.985648379394724,51.97242327983326],[5.985472659844998,51.97241004436945],[5.985351001260619,51.97240625907881],[5.985198524163498,51.97240834706184],[5.985093088868502,51.97241410558467],[5.984945670161055,51.9724321129771],[5.984755699633393,51.97245576547888],[5.984694852736209,51.97245801623083],[5.984632296435909,51.972451026550786],[5.984573296585098,51.97244990618361],[5.984532185982957,51.97244683429245],[5.984467068139788,51.97243983057415],[5.984391784863928,51.972430101034355],[5.984321950800602,51.97242083813308],[5.984225831552737,51.97241800057131],[5.984132260144449,51.97241742406546],[5.984059735496677,51.972421414616285],[5.984035373697868,51.972418176624075],[5.984019058634437,51.972410466485876],[5.984000239018144,51.972399371435564],[5.983993434869754,51.972386759264964],[5.9839884729001245,51.97237368832146],[5.98399044349941,51.97235772386828],[5.984012992100695,51.97224984720558],[5.984043098290375,51.972153248593585],[5.9840913450946305,51.97202658148113],[5.984136609656753,51.97190439673445],[5.9842204045482,51.97168114822025],[5.98433743147861,51.971523013770465],[5.9844846462942805,51.97132923953443],[5.984660371122161,51.97109081853086],[5.984798061196375,51.97090217973565],[5.984944707528587,51.97073157095634],[5.985001260574439,51.970665011742526],[5.985055965138419,51.9706006281112],[5.9850968713895005,51.97055355442915],[5.985191710061713,51.97044097740911],[5.985239473009909,51.97038427814795],[5.9853522224996265,51.970218011896],[5.9853625410647,51.970202786932056],[5.985652024359293,51.969837480147895],[5.985688211951803,51.969790232526066],[5.985816197469433,51.96962307928261],[5.9859139765950085,51.96949231208188],[5.985947189156287,51.96944790189393],[5.986124743983591,51.96924412865231],[5.986320708887616,51.96901770035647],[5.986337015432895,51.96899977522298],[5.986395658734803,51.9689353169379],[5.986516176943861,51.96874442656426],[5.986561038004958,51.96867337802734],[5.986584135340874,51.96862023752599],[5.986636428585545,51.96849990346264],[5.986634332824124,51.96839315857725],[5.986620149003617,51.96833250507192],[5.986605462999288,51.968260402866115],[5.986580965420483,51.96815753834708],[5.986555465822116,51.96803194719214],[5.986465433093596,51.967648519328726],[5.98637522474247,51.96734334554969],[5.986300911148523,51.96709070896249],[5.986296291381202,51.967076027433315],[5.9861440320781725,51.966591697664704],[5.986142497439882,51.966586833753865],[5.986075053147866,51.966377683990466],[5.9859426855684745,51.965967146487735],[5.9858459917262525,51.96566722756158],[5.985781362104907,51.96547797265439],[5.985704829931867,51.96524942695043],[5.985582256177213,51.96489082822888],[5.985570838978042,51.96485740443182],[5.985570429826524,51.964856184087544],[5.985525547283974,51.964724696040136],[5.9854255161393874,51.964431615938686],[5.985395458443607,51.964343538433845],[5.985380982396709,51.96430112377179],[5.985264356501136,51.96395934773319],[5.986439278393913,51.963537784036006],[5.987167391704601,51.96327487960003],[5.987766784028177,51.96306305345],[5.987731746054348,51.96297168522545],[5.987706195233699,51.96292599270296],[5.987697981278599,51.962911293627016],[5.987670000531592,51.962861245129126],[5.987648722967969,51.96283586260935],[5.987616491593067,51.96280305765545],[5.987582400841592,51.962769390310754],[5.987553884442549,51.9627401887058],[5.987513568267982,51.96270558238401],[5.987461092357406,51.96266802701496],[5.987414415177978,51.96263648224408],[5.987368115736493,51.96260815338647],[5.987299308622947,51.96257449242174],[5.9872297452888095,51.96254194085473],[5.987150202274078,51.96250951208842],[5.987070487824584,51.96247295845068],[5.98702609066189,51.962453023939936],[5.986982442668654,51.96243035310518],[5.986944160786047,51.96241181652276],[5.986918872047671,51.96239326757122],[5.986898112665899,51.96237612466868],[5.986884609329024,51.96236082332958],[5.986873256871218,51.96234533124762],[5.986859075080925,51.962317368658844],[5.986852834516725,51.962295702406806],[5.986840706461769,51.962267900119386],[5.986833884309683,51.96223755400275],[5.986831323579151,51.96220925348849],[5.986829577224819,51.96218200945545],[5.986837091753096,51.96211283206484],[5.986840140098452,51.96207636840201],[5.986841958065131,51.962054535202604],[5.986847891905003,51.96198357717438],[5.986865977015353,51.96177560033475],[5.986898268740164,51.961520181932954],[5.986918333673632,51.96135586968775],[5.986938472697764,51.961243914743605],[5.986952900223003,51.9611433413399],[5.986996386324842,51.960881906278615],[5.987041463091598,51.960668748998714],[5.987111279611198,51.96036790000382],[5.987103691405012,51.96033683870995],[5.987101951768764,51.960329692785685],[5.987054943206236,51.960137130530256],[5.987054373792751,51.960134805428666],[5.98705044861626,51.96011871816469],[5.987042598512261,51.960086561612016],[5.9870350719597125,51.96005575167464],[5.986999853925857,51.9599114511088],[5.986923505476384,51.95959953710941],[5.986855149586192,51.95930751865058],[5.986781659584574,51.959000317878825],[5.986710996535521,51.95870644148795],[5.986624646240988,51.95834797316399],[5.986582105072973,51.95817041657991],[5.986542874236831,51.95801302216339],[5.9864655618698634,51.95766766669974],[5.986393554710312,51.957371963283364],[5.986362816594204,51.957246883915346],[5.986336073591138,51.957159499705384],[5.986313443625368,51.95708269190594],[5.986050042730845,51.95644703174867],[5.985789590417202,51.955793010521774],[5.98556284737037,51.95522366805623],[5.985550625474967,51.955192989771554],[5.985525016348464,51.95512867923294],[5.985480516068942,51.955146897929325],[5.982236736570122,51.95649533966367],[5.982273728186602,51.95654206040544],[5.983027341804373,51.95861794454617],[5.98352132062642,51.961200739845324],[5.981209955641897,51.96168152765403],[5.979430653255147,51.962584854567794],[5.979614166884763,51.96391421774746],[5.979850053035099,51.965145286787234],[5.980106857848756,51.96673690943573],[5.977983144873002,51.96923290052832],[5.9764661022480166,51.96916664102568],[5.975997804259306,51.96896674784865],[5.975376601791114,51.96865441951649],[5.97422799246872,51.96827983789357],[5.973139776939733,51.96808864496389],[5.97219136733862,51.96789449928792],[5.971772187103283,51.96777973492883],[5.970573795580706,51.967594403437836],[5.969904173736883,51.96747104340782],[5.968715042370474,51.967560354785846],[5.96799071517327,51.96770690792439],[5.9675445592725085,51.967632709682455],[5.966839161009976,51.967555294036956],[5.965976313352562,51.967451684178876],[5.964971635729606,51.967510556641194],[5.964401912817845,51.9675689710917],[5.9639396591105855,51.967603822777775],[5.9631000280108974,51.967607938922725],[5.962679368185838,51.96748219529949],[5.962038016453463,51.967061192243925],[5.96153831350737,51.96678134174225],[5.961018658456076,51.9664341742984],[5.960692611606462,51.966078194466306],[5.960280982512007,51.9656431401105],[5.959984918961671,51.96535526837891],[5.959650237868057,51.96501618190273],[5.959316228078927,51.96472933540666],[5.958733990045095,51.96471334738413],[5.958782891637367,51.96421509473018],[5.958709984943701,51.96397107657648],[5.958772117338028,51.96336939364518],[5.958900197345826,51.96301906477167],[5.958969430336149,51.962635878057256],[5.958997655529169,51.96210345736135],[5.958976934596702,51.961744021339186],[5.9589151979343615,51.96157354160243],[5.958968869108445,51.96121823770597],[5.959080896178178,51.96098230832404],[5.959203152010811,51.9607643059122],[5.959325680337534,51.960567650454855],[5.959752419748176,51.960374005934796],[5.96030298472934,51.95996150715959],[5.960329507550731,51.95963526588977],[5.960535702473677,51.95892417425888],[5.960546990246642,51.95843762030123],[5.96058402894867,51.95815177734951],[5.961217874013758,51.95778380816203],[5.961652626490403,51.95752635701568],[5.962103923678425,51.95721208292458],[5.96205001495021,51.95697864816366],[5.962583601028995,51.956612004869854],[5.963040183610995,51.956480560185014],[5.963551334099383,51.95629716265098],[5.96423586875931,51.95579157517467],[5.964247988546256,51.95560275847317],[5.964212852011199,51.95536277157448],[5.964008059019621,51.95504553027784],[5.963927575960616,51.9545490326062],[5.964133246228314,51.954369096691565],[5.964393338800869,51.954125974988436],[5.964727307120328,51.953618453375746],[5.965217511289134,51.95281775772305],[5.9653435627745965,51.95243962317215],[5.96558839492775,51.95203674756277],[5.965648464086473,51.951618489310164],[5.965433366444699,51.95129484106945],[5.965164725108029,51.950978195275155],[5.9649210398469386,51.95058727332505],[5.96525330096818,51.9503025036364],[5.966047316397575,51.950046918416],[5.966336242998006,51.949557591421275],[5.966523384902511,51.9486137239481],[5.966580577722159,51.94832581140486],[5.966849885058394,51.947550633933076],[5.967229105625412,51.94673446437131],[5.967188356191126,51.9461664267391],[5.967177687391062,51.94600918133685],[5.967316713196689,51.94508900799521],[5.967358566356735,51.94481198104749],[5.967383990794146,51.94419446054193],[5.967137998332002,51.943729117740645],[5.966923790970674,51.94313777733381],[5.967219116577828,51.942585215848446],[5.968250825956061,51.94195457882596],[5.96942132330174,51.94137436521794],[5.969461446989089,51.94008797328828],[5.969259936590131,51.93955750942597],[5.969233558324166,51.93955173734615],[5.969213925595355,51.93954500334391],[5.969189557678609,51.93953646812968],[5.9691622725594335,51.93952726423312],[5.96913211104644,51.93951605216847],[5.969099384021382,51.93950437641056],[5.969068099656485,51.93949180364188],[5.969020082271778,51.93946619953377],[5.96895463131097,51.93943073147478],[5.968884028385543,51.93939607986598],[5.968796784723675,51.93935325915708],[5.968576396787195,51.939244807186455],[5.968189090946779,51.93906001413778],[5.967674132414363,51.93882334878134],[5.967579889164482,51.93878336614913],[5.967531121024086,51.93876030887926],[5.96729759570472,51.938733112237855],[5.967139396830298,51.93871801042895],[5.9670133414591895,51.93870664182537],[5.9669301372322625,51.938698225642085],[5.966777333010898,51.9386875640025],[5.9666479340783605,51.93867965408134],[5.966590540055712,51.938675532716694],[5.966549233699273,51.93867508020488],[5.966497250296265,51.938680037439234],[5.966427305775143,51.93868828307613],[5.966360572491115,51.93869858019297],[5.966255964925573,51.9387140704797],[5.966232005745812,51.93871910522784],[5.966190634984429,51.93872719195255],[5.966141613480969,51.938740808308545],[5.966114516980911,51.93875178188948],[5.966097749808781,51.93875856988538],[5.966071722398371,51.93876674277611],[5.9660279803460705,51.93876800089949],[5.96577547088436,51.938767329827876],[5.965753612862418,51.93876727564891],[5.965574888909971,51.938768631795234],[5.965285711159602,51.93876969514027],[5.964940235011347,51.938771537920395],[5.963641924503867,51.938780367457774],[5.963151721543754,51.93878333726885],[5.96272723075601,51.93878590233565],[5.962650511476351,51.938786430843464],[5.9617942394037655,51.93879233751397],[5.961682952302498,51.93945872017686],[5.961300642968794,51.94120891664603],[5.961190088861471,51.941652740680425],[5.961011265986318,51.942254753292936],[5.960738477615015,51.94288687711836],[5.960293456166304,51.94378247404402],[5.959983288466044,51.94423942236833],[5.959658106301476,51.94468851514501],[5.9595039917862325,51.9448856545428],[5.959162765402408,51.945391280420566],[5.959067715470812,51.94550192343754],[5.958801954158458,51.94581125961159],[5.958328330042622,51.94626354210624],[5.9582205715163585,51.94637363495167],[5.957553122385102,51.94701014830534],[5.956575537051537,51.94779482512333],[5.955337477390008,51.94867479012523],[5.955225451499475,51.94875330637274],[5.955219237530006,51.94875766883579],[5.955139895073969,51.94881431994086],[5.955023916939382,51.94891276450567],[5.9549212873249315,51.94899939657556],[5.954826627828973,51.9490813879336],[5.95474593782844,51.949145442707305],[5.954181458037347,51.94964738495811],[5.9538064735403555,51.95002266284556],[5.953423146634988,51.950440503985895],[5.952697990885814,51.95115757805763],[5.951804046361832,51.95201956997125],[5.951329596135511,51.95246324303179],[5.950888009674133,51.95299120285676],[5.950476363234639,51.953609369204024],[5.9501094969826385,51.95422868582668],[5.949740592288164,51.95509583097864],[5.949530965080863,51.95566508249205],[5.949405279511943,51.95614992628288],[5.949305505492894,51.956640883965626],[5.949272751925404,51.95699814181514],[5.949249374908853,51.95745126131718],[5.9492655587563235,51.95801847947257],[5.949323177865453,51.95858451072697],[5.949392283083679,51.95900351725144],[5.949431966390418,51.95918528913373],[5.949492301813273,51.95946161931425],[5.949656280542931,51.960076335167706],[5.949838032440188,51.96062869389815],[5.950109009118992,51.961286697491026],[5.9504882456075,51.96205021775027],[5.950973269428421,51.9628318263189],[5.951242968524818,51.96322384766767],[5.951752577526061,51.96385958790448],[5.952428827866257,51.96456971293557],[5.952955364155691,51.965053255660166],[5.953647730615369,51.965591662401266],[5.9539167289687365,51.96581906719631],[5.954043705915341,51.965926414870715],[5.954354255573809,51.96617134347226],[5.954766784248225,51.966488684000616],[5.955099028300784,51.96675353209028],[5.955457476518645,51.96701781216057],[5.955887675337968,51.96731934263093],[5.956361522577977,51.96765083433574],[5.956863416000689,51.967985576882285],[5.957314542256091,51.96826858349842],[5.957740233887773,51.96852044113779],[5.958128177450796,51.968749074729445],[5.958462205335241,51.9689385728181],[5.958942976363187,51.96920189735636],[5.959308101843204,51.96937710305592],[5.959494006846006,51.96946550086112],[5.95981404448926,51.96961767757884],[5.959836562792245,51.96962838095575],[5.960432008135651,51.96990303226012],[5.960794544591851,51.970054669217845],[5.961519783053867,51.97036574991477],[5.962041863786828,51.970585140175416],[5.9623852548521485,51.97071596780458],[5.963628896833227,51.971143109213706],[5.96463376913451,51.97142391964064],[5.965171657305112,51.97153746975932],[5.965629071414473,51.9716252121618],[5.966276702760716,51.971730325429434],[5.9669679691972695,51.971843444365184],[5.9684126340717425,51.97208266578768],[5.9696035357687744,51.97223352135556],[5.970635762834489,51.972295412087824],[5.971312789858257,51.9723405878355],[5.9717252079823835,51.972374509753415],[5.972289487362172,51.97243380390337],[5.972862494292257,51.97249486753522],[5.973233837762877,51.97253266503538],[5.973773004261044,51.97259992414068],[5.97386842667762,51.9726118250744],[5.974285686389069,51.9726650569393],[5.974860272087819,51.97275398503903],[5.97551458851818,51.972845459598126],[5.9761768973608955,51.972935811876496],[5.97643852466436,51.97298774833072],[5.9769936986298555,51.97310280276221],[5.977497441385878,51.97319562379529],[5.97796707280268,51.97327189562557],[5.978345670976934,51.97333148241951],[5.978855034735945,51.97340538472371],[5.979171260914865,51.97345085631298],[5.979609676787211,51.97350152691928],[5.980006927140086,51.97355044393249],[5.9804291243367995,51.97359171941196],[5.980780727240961,51.97363009601196],[5.981112470498127,51.97366670229736],[5.981458828909729,51.97369801150364],[5.9818420348329955,51.973731272570916],[5.982186840560428,51.97376065497906],[5.982575144271155,51.973795227136165],[5.982947486423191,51.97382567231489],[5.983413606139595,51.973856611535666],[5.983936177262533,51.973891648744996],[5.984388353912599,51.97391698318256],[5.984767002736605,51.97393232597891],[5.985249124071009,51.973948318738856],[5.985614502327329,51.97395944782406],[5.985938837476435,51.973967207409956],[5.986336077867137,51.97397422606917],[5.986502967946926,51.97397862470608],[5.987768425834998,51.97407075224881],[5.9885236865745,51.9741423405668],[5.989363656618308,51.974245569879606],[5.990163079315634,51.974369090280696],[5.990340114969176,51.97440592458356],[5.990933733753436,51.97452942574764],[5.991217358952087,51.97460040663877],[5.994156036771208,51.97544472732007],[5.99463995535751,51.97559948055345],[5.995031931500924,51.97572700485465],[5.995534891045071,51.97589767334516],[5.996118271683389,51.97611360237122],[5.996559282142497,51.97627474499919],[5.9973086364872925,51.9765899118675],[5.997604505112197,51.97672463166934],[5.9979387874298045,51.97688512773486],[5.998283753538391,51.97706471266494],[5.998682900871013,51.97728735698327],[5.999010587793223,51.97748232794824],[5.999465212178758,51.97779667742573],[5.999772899447642,51.97800810937014],[6.000094391478545,51.97826878802159],[6.000300710650706,51.97845495017355],[6.000562895348587,51.97871668282147],[6.000772251740351,51.97893836851809],[6.001115564594772,51.97936309502345],[6.001187629093091,51.97945555113997],[6.001244744378667,51.97952881410984],[6.001433163200306,51.97978883571763],[6.001667301710171,51.98015809705606],[6.001855232016885,51.98046388057593],[6.001965291951874,51.980649841856945],[6.002516401571414,51.98053432524826]]]]},"properties":{"buurtcode":"BU02930009","buurtnaam":"Verspreide huizen Westervoort","gemeentenaam":"Westervoort","aantalInwoners":125,"crime_violent":0,"crime_property":0,"crime_disorder":0,"crime_count":0}},{"type":"Feature","geometry":{"type":"MultiPolygon","coordinates":[[[[5.940556054012303,51.9411889958424],[5.940686770486445,51.94118751111132],[5.940784211651241,51.94117938861072],[5.9408080736894755,51.94117534196342],[5.940945147076816,51.941137206255014],[5.940988970479534,51.94112250318736],[5.941068238195585,51.94107972482502],[5.941128722694667,51.94103631137175],[5.941167033025132,51.941002787238354],[5.941203995405998,51.940959504393525],[5.94123460847288,51.94092896922829],[5.941576175578953,51.94052814541604],[5.941850651130404,51.940214357819386],[5.941973215013844,51.94007992327675],[5.941995171074591,51.94005774309081],[5.94210395133342,51.93994784993075],[5.942216349319574,51.939840545333766],[5.942356619204716,51.9397174690573],[5.942630188724501,51.93949113251847],[5.942900143977823,51.93926674493523],[5.943183610265389,51.93902269796678],[5.943289098832712,51.93892621114917],[5.943456830621978,51.938759472489586],[5.943579595563413,51.93862553862002],[5.943681957554145,51.9385022177253],[5.9438137402392535,51.93832981525258],[5.94395906835331,51.93812754273246],[5.944084940251373,51.93794774347839],[5.944209878735741,51.93776429020437],[5.944295465896658,51.93762423085487],[5.944365222624626,51.9374858554279],[5.944412760499026,51.93736284770988],[5.944420247199493,51.93733957435243],[5.944444712240883,51.937263517566585],[5.9444561432245315,51.9372087766885],[5.944483680617894,51.93710388653105],[5.9444908921234925,51.93708316809404],[5.9445095651663955,51.937051409608884],[5.944528308202151,51.9370254078957],[5.944557153306994,51.93699412428886],[5.944584392097257,51.93696991591787],[5.944621949594486,51.93694557769941],[5.944702047303761,51.93690071296275],[5.944651490879368,51.93683312229421],[5.944624892588472,51.93680373935542],[5.944599706283105,51.936773414913816],[5.944581027142191,51.936738731660675],[5.944569822630587,51.936664355875656],[5.94457394599464,51.93649284549089],[5.944591128879557,51.93637296572935],[5.944613707094346,51.93620160140733],[5.944643390540878,51.935985305986456],[5.944675707079015,51.935779658380405],[5.944695294933828,51.93565325054337],[5.944697103166072,51.93563726946069],[5.944752117143039,51.935302754358936],[5.944776467517914,51.93513952511957],[5.944776638267836,51.93501396441626],[5.9447613292423425,51.93489478706242],[5.944731475910047,51.93480695857624],[5.944692650116536,51.9347038527049],[5.944618881478728,51.93471485398281],[5.944587248070588,51.934715504689024],[5.944540169420352,51.934713723556],[5.9444987127313125,51.93470740353183],[5.9444409061437735,51.93469113708661],[5.944406689408228,51.93467977162764],[5.944012781527817,51.93453704758156],[5.943827164763089,51.93448579923706],[5.943776747789216,51.93447651475938],[5.94370561410674,51.93446733915714],[5.94363010292298,51.93446268386635],[5.9435449703723275,51.93446709670159],[5.943520662603049,51.934469717765715],[5.943421062499223,51.9344852269519],[5.943332101459502,51.93450820275859],[5.943274061052445,51.934527236353745],[5.943214319215112,51.93455107691265],[5.943095719716052,51.9346047679388],[5.9429482432703615,51.93468516172551],[5.94283871538463,51.93475084064847],[5.942820703650673,51.93476579003898],[5.942650039607182,51.93487386070383],[5.942523480096438,51.93494012048877],[5.942379711051565,51.935012758760735],[5.941983289792617,51.93519829765246],[5.941817991959946,51.93528128011995],[5.941714810947784,51.935337758892835],[5.941614191903399,51.93539600700041],[5.941487743920029,51.935474130801296],[5.941454679060015,51.93549032577267],[5.941426394264325,51.93549948179539],[5.941385948120791,51.93550919582131],[5.941342998788463,51.93551132278982],[5.941329999460735,51.93551196564192],[5.941286983088679,51.935510664705845],[5.941243085853299,51.93550385438324],[5.941199035437827,51.93548451394862],[5.9411690302720706,51.93546738856004],[5.940818882780524,51.935267535280595],[5.9407331072824405,51.93521665297028],[5.940597927344399,51.93513646447652],[5.940542309993242,51.93510013703895],[5.9402580251206025,51.934880805842255],[5.940125714439654,51.934776997799126],[5.939722648643426,51.93446075773558],[5.939525789582287,51.934322997461265],[5.939375691051084,51.93422708042051],[5.939234084869696,51.93414001467113],[5.939183568718034,51.93410895501813],[5.939065611156594,51.934038922585934],[5.939039473250931,51.93402763357031],[5.9390144207667745,51.93401911868548],[5.93897399477941,51.934012187837055],[5.938939783178783,51.93401113951217],[5.938792113366809,51.93401375713844],[5.938638068734891,51.934019327540256],[5.938657825271023,51.93410725706599],[5.938840823565714,51.93501072124259],[5.938853291525964,51.935072274137916],[5.938871934684293,51.93512207259439],[5.938919850426169,51.935358873423816],[5.938978748825512,51.935724770689106],[5.939154619907832,51.93715461354643],[5.939169038386999,51.937271826281474],[5.939261427272615,51.93790592414274],[5.939297015623376,51.938029662799124],[5.939353865037772,51.9382524819492],[5.939386016855561,51.938345189704215],[5.939418168806862,51.93843789744911],[5.9394964253552,51.93861529885045],[5.939638529397051,51.93890197737465],[5.940017669896384,51.93963991534101],[5.940200292245724,51.94000885272762],[5.940248150869764,51.94012260197965],[5.940302173236667,51.94027389842243],[5.940353814505428,51.940448496919785],[5.94037549222552,51.94057322199661],[5.940382187794231,51.940641069462835],[5.940386095260796,51.94071916520085],[5.940384626153346,51.94083773427298],[5.940377576366348,51.940913312685645],[5.940332436773512,51.94119035053779],[5.940556054012303,51.9411889958424]]]]},"properties":{"buurtcode":"BU17050200","buurtnaam":"Centrum Huissen","gemeentenaam":"Lingewaard","aantalInwoners":925,"crime_violent":6,"crime_property":0,"crime_disorder":10,"crime_count":16}},{"type":"Feature","geometry":{"type":"MultiPolygon","coordinates":[[[[5.931175186435279,51.94076449274419],[5.931217956345779,51.94075263138307],[5.9312664761860345,51.94073486045328],[5.931318770869853,51.94071572915456],[5.9313710655089205,51.940696597832535],[5.931474636793278,51.940658707459484],[5.93153600712915,51.94063330144814],[5.93163349509464,51.94057505421437],[5.931672649293193,51.940553839880366],[5.932158488390582,51.94037091240825],[5.933161433080804,51.939997253384725],[5.933436387734578,51.93989072833072],[5.933970745799482,51.93965668868919],[5.93406088154824,51.93961348162863],[5.934172361588023,51.93956563420377],[5.93308795894837,51.938730024998286],[5.932739991329402,51.93846644731475],[5.932233436715767,51.93807777576916],[5.932100605128222,51.93798754994569],[5.932023485985545,51.937928675396066],[5.93192725611007,51.93785520854132],[5.931848469809097,51.93778605702233],[5.931779965043982,51.93772877559375],[5.931529775942006,51.93753799708979],[5.9314962707543755,51.93751494049642],[5.931394965153682,51.937458914529486],[5.93135953072588,51.9374331280504],[5.931184468125747,51.9372817847206],[5.931152119826586,51.93725120383812],[5.931118492693771,51.937214209315535],[5.931022884233033,51.93709047904164],[5.931008468767497,51.93707606625334],[5.930950739884581,51.9370176765418],[5.9309108820328875,51.93698009148296],[5.930818608795942,51.936893081401344],[5.930755347124755,51.93683732383615],[5.9294092239901905,51.93554182880127],[5.929351480807004,51.935495528704855],[5.929309205787225,51.93546828645971],[5.929215487747842,51.935415380334376],[5.929178292977417,51.935398321002744],[5.929081134411185,51.935348758163656],[5.928948054335203,51.9353047071719],[5.928814975984524,51.935260656921145],[5.928557334471551,51.9352158815455],[5.927025257188669,51.93561409565623],[5.924013660547164,51.93639577370491],[5.923173738153288,51.93661400861106],[5.922167969681235,51.93687467182953],[5.922094174017945,51.936893797157396],[5.922145617338112,51.936969592646776],[5.923406945007911,51.93882056457386],[5.923410022307764,51.938825078910575],[5.9235065258246955,51.938939361651244],[5.923693217084533,51.93903628406251],[5.92407650134256,51.93897603887815],[5.924690316981212,51.93883268471423],[5.925410584237861,51.93851245340304],[5.926225054564054,51.93845803409051],[5.926459563617396,51.93855750844407],[5.926466950967148,51.93856064207589],[5.926612215359064,51.93852489626448],[5.926902434839223,51.938452168710725],[5.9269098146375665,51.93845031915648],[5.92691117732457,51.938449962349516],[5.927203726737883,51.93837395155469],[5.9273343331803385,51.93834270978763],[5.927517561863309,51.93829888483175],[5.927521810501564,51.93829786758212],[5.92755987384659,51.938288722118145],[5.9276377984359065,51.93826999144046],[5.92765257418392,51.938266435979244],[5.927743505460445,51.93824458036017],[5.928055179902784,51.93817016929946],[5.928230346312162,51.93831901168719],[5.9283933539819165,51.93845799554949],[5.928442782506697,51.93850013946079],[5.9284530828673505,51.938508945643456],[5.928651553361293,51.93867865911258],[5.928708625323067,51.93872750903311],[5.928811028851035,51.93881515089499],[5.928887468138543,51.938880576053535],[5.9290976738018255,51.93905960064517],[5.929131897903502,51.939088969883166],[5.929242623577129,51.93918401542919],[5.929411164614746,51.939326684594796],[5.92947244853486,51.939378561797696],[5.929631974968851,51.93951043217623],[5.929728099559487,51.93958964409544],[5.929787839796515,51.939638876669285],[5.930031057047345,51.939838914983],[5.930075963912755,51.93987609050804],[5.930303055767965,51.940064113285935],[5.930381660573338,51.94012906906049],[5.930383070858655,51.94013024002886],[5.930430886025811,51.94016974796213],[5.930431047620104,51.94016988204189],[5.930682273380962,51.94037746824664],[5.9309364907321,51.94058450975953],[5.931072832293579,51.9406961985307],[5.9310732730257,51.940696565017575],[5.931079177922476,51.9407014004414],[5.931127753883515,51.94074118321374],[5.9311573802227855,51.940767278877885],[5.931175186435279,51.94076449274419]]]]},"properties":{"buurtcode":"BU17050201","buurtnaam":"Hofmeesterij-Kampstuk","gemeentenaam":"Lingewaard","aantalInwoners":1135,"crime_violent":2,"crime_property":0,"crime_disorder":0,"crime_count":2}},{"type":"Feature","geometry":{"type":"MultiPolygon","coordinates":[[[[5.9278878590299975,51.9470989848906],[5.927959280872672,51.94699079514402],[5.927957872883554,51.9468739519823],[5.927934852497685,51.94676302465689],[5.927655816936144,51.94628140161834],[5.927636496846099,51.94624805347142],[5.927648627585199,51.94619119798298],[5.927938146013171,51.94584037276786],[5.927988616421821,51.94580418683907],[5.928075500600864,51.94577232755564],[5.928488320726199,51.94563110651089],[5.928731990571339,51.9455477489668],[5.929126892502059,51.94551580872343],[5.929562847546313,51.94561240832707],[5.9300095096248295,51.94573644711145],[5.930444675737093,51.945857291611496],[5.930760151372268,51.94586780489032],[5.931152074122811,51.945803072819174],[5.931412120060727,51.94565805413612],[5.931760937260041,51.94546352789293],[5.9321792457943845,51.94523024566255],[5.932532823139296,51.945122542223615],[5.932810040150736,51.94509759820095],[5.932960494747359,51.94500820180528],[5.933265742792402,51.9448268283618],[5.933517302349565,51.94467735375623],[5.933677132793408,51.94458238316123],[5.934008796824489,51.94438530797102],[5.934187007386605,51.94420702358766],[5.934490664216056,51.94406179503814],[5.934751406983522,51.943937089379446],[5.935053958329247,51.943740081186924],[5.935209810694561,51.94363859601023],[5.935390370920884,51.94352102112994],[5.935469723373375,51.94311652249064],[5.935484334180833,51.943117957204635],[5.935601897713755,51.94312949640916],[5.9357820977824565,51.94314084025018],[5.935904294763284,51.94314699681917],[5.935930801865029,51.94309865995724],[5.935948794143476,51.94305441932679],[5.936008461200964,51.94289144270851],[5.936084864354456,51.94264221747581],[5.936097997955191,51.942579601059045],[5.936102917998531,51.942548914001726],[5.936105652937857,51.942501882672154],[5.936101000237397,51.942450850929454],[5.936092326979368,51.94239119826819],[5.936068673573205,51.94229727160853],[5.936070371479413,51.94227425505681],[5.936081247400643,51.94224942042757],[5.936090922931434,51.942233936689846],[5.936105077012076,51.942208275092675],[5.936124624541652,51.94218873730105],[5.936133663372558,51.942179702147484],[5.9361706765057844,51.94216554056158],[5.936202814528516,51.94215410545966],[5.9362568402540585,51.942139556976706],[5.936347462640161,51.9421171146182],[5.936417469930177,51.94210421357858],[5.936472803653219,51.94209566136811],[5.936643909622456,51.94207334419387],[5.9366668146309065,51.94206922377788],[5.9366931556719695,51.94206267928906],[5.936709553195316,51.94205778751787],[5.936747484975414,51.942042895187875],[5.936763417806284,51.94203532972133],[5.9368051534388835,51.942012661658744],[5.936909948252433,51.94195771149156],[5.936923282259016,51.941950158157475],[5.937001905624921,51.941898156276054],[5.937012217297787,51.941891419737466],[5.937059039237648,51.941851123018544],[5.937089283333855,51.9418097802844],[5.9371116178581875,51.9417591121819],[5.937121245176912,51.94173177821352],[5.937128802229376,51.94170284140332],[5.937134735241308,51.941672636730345],[5.937138690961277,51.94160806049797],[5.93714310821742,51.94151848253689],[5.937147606894646,51.94146380004291],[5.937125207881114,51.94142894967202],[5.937109079976341,51.94137855050327],[5.937103928463648,51.94132795975855],[5.937108037720504,51.94129288828396],[5.937116304698747,51.94125756455547],[5.937147194858036,51.941182696362816],[5.937214974640257,51.941055092893194],[5.937243735188091,51.94096596817287],[5.9372256179834695,51.94096471457694],[5.937166346007826,51.94095629021902],[5.9370952287761005,51.94093374826589],[5.937039177426226,51.94091077984876],[5.936944719526437,51.94085577645253],[5.936819488326549,51.94077746512838],[5.936743557686469,51.940727713171434],[5.936423464198406,51.940510630983425],[5.936368091088786,51.940473609235795],[5.935642081825527,51.93998819663842],[5.935568836867767,51.93994212564719],[5.935470151746278,51.939880050708],[5.9353162064200005,51.93979503781796],[5.9351779075323785,51.939723192662065],[5.934516938079821,51.939419120143285],[5.9344492491707115,51.93944927967852],[5.934284498193788,51.93951750497388],[5.934172361588023,51.93956563420377],[5.93406088154824,51.93961348162863],[5.933970745799482,51.93965668868919],[5.933436387734578,51.93989072833072],[5.933161433080804,51.939997253384725],[5.932158488390582,51.94037091240825],[5.931672649293193,51.940553839880366],[5.93163349509464,51.94057505421437],[5.93153600712915,51.94063330144814],[5.931474636793278,51.940658707459484],[5.9313710655089205,51.940696597832535],[5.931318770869853,51.94071572915456],[5.9312664761860345,51.94073486045328],[5.931217956345779,51.94075263138307],[5.931175186435279,51.94076449274419],[5.9311573802227855,51.940767278877885],[5.93108300838396,51.94077891613315],[5.931044374363202,51.940786448349044],[5.930693827679947,51.94089762368786],[5.929555452957728,51.94122776130816],[5.929435918337273,51.94126860441821],[5.929366162618431,51.941301062583534],[5.929310089728681,51.94132032908042],[5.929249215577493,51.94133750810544],[5.92912625286514,51.94136320140902],[5.929063051691044,51.941376407389285],[5.928990126648774,51.94139164460419],[5.928940902519848,51.94140059927307],[5.928892250584853,51.941407560344565],[5.9288619920506065,51.941409504673594],[5.928785000806867,51.94141029719904],[5.928718087100055,51.94141764076038],[5.928529196768058,51.941456519398336],[5.926393484513621,51.94190962010565],[5.925943396570261,51.942005999685314],[5.925896572072539,51.94201602608073],[5.925530822717539,51.94209434443339],[5.925345947108944,51.94213241215752],[5.925202099100717,51.94216604566329],[5.924451246869059,51.94235049377626],[5.924314970256471,51.94238448437702],[5.923664738647841,51.94247661745196],[5.92369886417577,51.94259393515793],[5.923727029256195,51.94269076215812],[5.923824325600194,51.94301740177342],[5.923903216510465,51.943282250751594],[5.924052979738908,51.94356680671671],[5.924247219577248,51.94395859624337],[5.924517184830635,51.9445089512256],[5.924591021309181,51.94466049933765],[5.924841923614428,51.94514402630882],[5.924907576415628,51.945273589087186],[5.924944668439518,51.945345617197475],[5.924987999220499,51.945422903748906],[5.925039367419681,51.94550625215997],[5.925081976379782,51.945565882404104],[5.925157207009281,51.94565713026085],[5.925243367888235,51.94574689078791],[5.925355411096119,51.94584996687003],[5.925426122352227,51.94591114736472],[5.925496832357653,51.945972328721616],[5.925606272488904,51.94605728232262],[5.925606310670024,51.94605731270843],[5.925752350906081,51.94617067724794],[5.925954196896926,51.946327359968535],[5.926097701082564,51.946439657093016],[5.926240587968123,51.946552813471584],[5.926385049741889,51.946673266454],[5.926512204199941,51.946786739152934],[5.9266180314367345,51.94688081277661],[5.92675783211658,51.946986747902535],[5.9268698925017285,51.94706010491261],[5.92700168516023,51.94712765725704],[5.92714394319774,51.94719035347068],[5.927351964957041,51.947267573756534],[5.927424430684372,51.9472944172695],[5.927516775338136,51.94732862437124],[5.927569469726582,51.94734675000948],[5.927624759595824,51.94736576882676],[5.9278878590299975,51.9470989848906]]]]},"properties":{"buurtcode":"BU17050203","buurtnaam":"Zilverkamp 1e fase","gemeentenaam":"Lingewaard","aantalInwoners":1960,"crime_violent":9,"crime_property":0,"crime_disorder":1,"crime_count":10}},{"type":"Feature","geometry":{"type":"MultiPolygon","coordinates":[[[[5.933972066570206,51.948122413393236],[5.933972086749245,51.948121920733016],[5.933972143117144,51.948120936237046],[5.933972212575262,51.948119951680084],[5.933972298043472,51.94811896794753],[5.933972396612904,51.94811798505301],[5.933972511181202,51.948117002083926],[5.93397263886167,51.94811602085151],[5.933972782541223,51.948115039544795],[5.933972939321828,51.94811405907599],[5.933973110657925,51.94811307943821],[5.933973298015219,51.94811210152367],[5.933973498462398,51.94811112354817],[5.933973713487182,51.94811014820155],[5.933973943056718,51.94810917278711],[5.93397418719258,51.948108199102656],[5.933974445895092,51.948107227148164],[5.933974717709553,51.948106256930444],[5.933975005534036,51.948105287536976],[5.933975306481469,51.948104320779066],[5.933975621984598,51.948103354852215],[5.933975952054211,51.9481023906553],[5.933976296701206,51.94810142908722],[5.933976654460195,51.94810046925571],[5.933977026785884,51.948099511154176],[5.933977413688953,51.9480985556815],[5.933977815158497,51.94809760193846],[5.933978229750934,51.94809665083116],[5.933978658921015,51.94809570235252],[5.933979101203035,51.948094755610605],[5.93397955807343,51.94809381239602],[5.933980029510256,51.948092870911594],[5.93398051407023,51.948091932062546],[5.9339810132185296,51.948090996741],[5.933981525489986,51.948090064055016],[5.933982050884109,51.948089134004455],[5.93398259085587,51.948088206582675],[5.933983143961687,51.94808728269514],[5.933983711655654,51.948086362335104],[5.933984292472722,51.9480854446106],[5.933984886423889,51.94808453042023],[5.93398549496316,51.948083619757554],[5.933986115181993,51.9480827126358],[5.933986749989408,51.948081809041625],[5.933987397930491,51.94808090898173],[5.933988059005568,51.94808001245604],[5.933988733225691,51.94807912036352],[5.933989422023233,51.948078230899746],[5.933990122522018,51.94807734677452],[5.933990836143675,51.94807646528476],[5.933991562910543,51.948075588228036],[5.933992302822025,51.9480747156044],[5.933993054424016,51.948073847420666],[5.9339938206253215,51.94807298366326],[5.933994598506125,51.948072123446835],[5.933995389542765,51.948071268562266],[5.9339961922589035,51.94807041721875],[5.934895523457829,51.94713012955692],[5.935003375852556,51.94701921929628],[5.935359732975391,51.946653013002845],[5.9357063650674045,51.9462954636929],[5.935647735769337,51.94627484003559],[5.935673710026746,51.94624663985304],[5.935872978044173,51.94603030281253],[5.936076128348679,51.945809746993675],[5.936280900110313,51.945587429590475],[5.936483321560294,51.94536766113531],[5.936688933272943,51.94514442494298],[5.936794548801634,51.945029755475936],[5.9368849862322834,51.944921460485624],[5.937068728032273,51.944701435873476],[5.937128148307351,51.94463337064404],[5.937181290274571,51.944579956260725],[5.9372721302113876,51.94450393837484],[5.937393487025489,51.94439770224367],[5.93744982443667,51.94434161399591],[5.937465546243773,51.94430764677147],[5.9374652447686005,51.94428305849621],[5.937455310657371,51.944262502588735],[5.937444380382246,51.94424859829834],[5.937418265342623,51.944224796004875],[5.937362585985805,51.944179606561015],[5.937372910963326,51.94417474761853],[5.937407186982661,51.944155034616465],[5.9374913039092645,51.94408724458451],[5.937547304609747,51.94403184907352],[5.93759271525,51.94398188001125],[5.937619551971904,51.94395032894387],[5.937657820016262,51.94389397015976],[5.9376914085392904,51.943830685210635],[5.937726571385254,51.94374683091066],[5.9378812797249845,51.94319924648284],[5.937998079755459,51.94280210200055],[5.938058673347212,51.94263929164444],[5.938173201057159,51.942388180312115],[5.938299689109173,51.94216214447569],[5.938299995055941,51.94216159564472],[5.938300283675479,51.94216117542988],[5.938466476369596,51.94191874885705],[5.938601215375288,51.94174826392901],[5.9386873366169395,51.94165650398444],[5.938623332971475,51.9416335583505],[5.93853662175702,51.94157405711721],[5.93848283804554,51.94153715114706],[5.938223794903918,51.941358480042865],[5.938149211189234,51.94130824269058],[5.938121759316796,51.941289756291624],[5.9380166664491725,51.94121719073545],[5.937966323658829,51.941182111036774],[5.937780985501732,51.941285294882704],[5.937768770026365,51.941277064754665],[5.937743954592212,51.94126008496603],[5.9376435734991375,51.94131433299849],[5.937477654467296,51.941403700054714],[5.937434944799608,51.941373177490064],[5.937342437049475,51.94142079987145],[5.937228177178075,51.94147949886773],[5.937147606894646,51.94146380004291],[5.93714310821742,51.94151848253689],[5.937138690961277,51.94160806049797],[5.937134735241308,51.941672636730345],[5.937128802229376,51.94170284140332],[5.937121245176912,51.94173177821352],[5.9371116178581875,51.9417591121819],[5.937089283333855,51.9418097802844],[5.937059039237648,51.941851123018544],[5.937012217297787,51.941891419737466],[5.937001905624921,51.941898156276054],[5.936923282259016,51.941950158157475],[5.936909948252433,51.94195771149156],[5.9368051534388835,51.942012661658744],[5.936763417806284,51.94203532972133],[5.936747484975414,51.942042895187875],[5.936709553195316,51.94205778751787],[5.9366931556719695,51.94206267928906],[5.9366668146309065,51.94206922377788],[5.936643909622456,51.94207334419387],[5.936472803653219,51.94209566136811],[5.936417469930177,51.94210421357858],[5.936347462640161,51.9421171146182],[5.9362568402540585,51.942139556976706],[5.936202814528516,51.94215410545966],[5.9361706765057844,51.94216554056158],[5.936133663372558,51.942179702147484],[5.936124624541652,51.94218873730105],[5.936105077012076,51.942208275092675],[5.936090922931434,51.942233936689846],[5.936081247400643,51.94224942042757],[5.936070371479413,51.94227425505681],[5.936068673573205,51.94229727160853],[5.936092326979368,51.94239119826819],[5.936101000237397,51.942450850929454],[5.936105652937857,51.942501882672154],[5.936102917998531,51.942548914001726],[5.936097997955191,51.942579601059045],[5.936084864354456,51.94264221747581],[5.936008461200964,51.94289144270851],[5.935948794143476,51.94305441932679],[5.935930801865029,51.94309865995724],[5.935904294763284,51.94314699681917],[5.9357820977824565,51.94314084025018],[5.935601897713755,51.94312949640916],[5.935484334180833,51.943117957204635],[5.935469723373375,51.94311652249064],[5.935390370920884,51.94352102112994],[5.935209810694561,51.94363859601023],[5.935053958329247,51.943740081186924],[5.934751406983522,51.943937089379446],[5.934490664216056,51.94406179503814],[5.934187007386605,51.94420702358766],[5.934008796824489,51.94438530797102],[5.933677132793408,51.94458238316123],[5.933517302349565,51.94467735375623],[5.933265742792402,51.9448268283618],[5.932960494747359,51.94500820180528],[5.932810040150736,51.94509759820095],[5.932532823139296,51.945122542223615],[5.9321792457943845,51.94523024566255],[5.931760937260041,51.94546352789293],[5.931412120060727,51.94565805413612],[5.931152074122811,51.945803072819174],[5.930760151372268,51.94586780489032],[5.930444675737093,51.945857291611496],[5.9300095096248295,51.94573644711145],[5.929562847546313,51.94561240832707],[5.929126892502059,51.94551580872343],[5.928731990571339,51.9455477489668],[5.928488320726199,51.94563110651089],[5.928075500600864,51.94577232755564],[5.927988616421821,51.94580418683907],[5.927938146013171,51.94584037276786],[5.927648627585199,51.94619119798298],[5.927636496846099,51.94624805347142],[5.927655816936144,51.94628140161834],[5.927934852497685,51.94676302465689],[5.927957872883554,51.9468739519823],[5.927959280872672,51.94699079514402],[5.9278878590299975,51.9470989848906],[5.927624759595824,51.94736576882676],[5.927777785209355,51.94741840795077],[5.9279375599591,51.94746559760249],[5.928095300441324,51.947505569698414],[5.928201514529849,51.947529004523915],[5.928318927195986,51.947550032733865],[5.928477447461875,51.94757320314503],[5.928686931805901,51.9476020538767],[5.928903849779902,51.947631927918145],[5.929514315175273,51.947716154405],[5.93030221220914,51.947823408003735],[5.930629280667871,51.947831237205364],[5.931046406185269,51.94789422257508],[5.931453373576727,51.94795870063904],[5.931611429707955,51.94799371394374],[5.932064850700359,51.948059236722024],[5.932695630297387,51.94815038511997],[5.932899999650048,51.94817991634442],[5.932996878300401,51.948195225093116],[5.933023856271602,51.94819956977778],[5.933493763389989,51.94819212597446],[5.933633715275868,51.94819711932864],[5.933726860903313,51.948222501991225],[5.933872800213869,51.94826227134878],[5.933972066570206,51.948122413393236]]]]},"properties":{"buurtcode":"BU17050204","buurtnaam":"Zilverkamp 2e fase-Rietbaan","gemeentenaam":"Lingewaard","aantalInwoners":1095,"crime_violent":0,"crime_property":0,"crime_disorder":0,"crime_count":0}},{"type":"Feature","geometry":{"type":"MultiPolygon","coordinates":[[[[5.928378827977934,51.950804146363744],[5.928368292847673,51.950801435417645],[5.928355064762718,51.950797361638884],[5.928342309962131,51.950792728397985],[5.9283301305896074,51.950787562189895],[5.928318526970577,51.950781889978806],[5.928307601248699,51.95077573825989],[5.928297368403178,51.950769142918084],[5.928287916032263,51.95076213051565],[5.928281243021173,51.95075640864066],[5.928279317621661,51.95075476363334],[5.92827759434198,51.95075299185786],[5.928270451025243,51.950745663219614],[5.928262423193957,51.95073615446572],[5.928255366553879,51.95072636260005],[5.928249281429771,51.95071631458701],[5.9282442119990355,51.950706055165185],[5.928240173348421,51.95069562920749],[5.928237180348106,51.950685063610784],[5.928235262629692,51.95067440318088],[5.928234376989946,51.950663684070314],[5.928234582368124,51.95065296892697],[5.928235849780847,51.95064226687249],[5.928238234808889,51.950631361929005],[5.928282697650554,51.95045963123716],[5.928292346709241,51.95042988009057],[5.9283011746034795,51.9503995844292],[5.9283090558451335,51.950369194251714],[5.928315990435859,51.95033870955849],[5.9283219787028925,51.9503081573135],[5.928327020647924,51.950277537516726],[5.9283311018363225,51.950246859223206],[5.928334249300855,51.95021595152866],[5.928336773142275,51.95016831026292],[5.9285704347131425,51.95013275482878],[5.928570525346081,51.95013303305251],[5.928891839055097,51.95008524451767],[5.92926743754931,51.95002537603094],[5.929714418164316,51.949957554748345],[5.9302563898964555,51.9498674690816],[5.93067531698664,51.94980397132258],[5.9307046985413425,51.94979665373081],[5.930776724632765,51.94979979022994],[5.930862532257069,51.949810664900944],[5.930882916305383,51.949812287415924],[5.930902758045285,51.94981357087531],[5.930922654373489,51.949814557460996],[5.930942576417096,51.94981526528317],[5.930962523957709,51.949815676365965],[5.93098248255874,51.94981579976475],[5.931002437565737,51.94981562655874],[5.931022374542072,51.94981516580328],[5.931042293487408,51.94981441749811],[5.931062194401099,51.94981338164347],[5.931082033538641,51.94981204945336],[5.9311018110084195,51.9498104299156],[5.931121541355157,51.94980852296306],[5.931141166397983,51.94980632886465],[5.931160729880831,51.94980385640685],[5.93118056547086,51.94980103213806],[5.931394437792721,51.94976646149183],[5.931545014641896,51.94972063344412],[5.931561141953565,51.949708298552295],[5.931573932333417,51.949697875668754],[5.931586181593559,51.94968721260215],[5.931597889734178,51.949676309352846],[5.931609057191238,51.949665201872506],[5.931619654657202,51.949653872320134],[5.931629682459135,51.94964234765992],[5.931639111616142,51.94963063701439],[5.931647956891906,51.949618758292104],[5.931656203741663,51.94960671156095],[5.931663837729647,51.949594505876036],[5.931670859183362,51.94958216820121],[5.931677253558451,51.949569698604044],[5.931683021073206,51.94955711506054],[5.931688147183152,51.94954441763809],[5.931692561998411,51.94953184035951],[5.931789594181478,51.94929421330087],[5.9318499519841295,51.94913060498377],[5.931857708672126,51.94905421236883],[5.931845492992199,51.94897893691942],[5.931845951510671,51.94895799174353],[5.9321040544245935,51.94899542789681],[5.932113444865984,51.94899971679294],[5.9321161891561465,51.94900410840455],[5.932116385611897,51.94906460861728],[5.932127945588533,51.94908944398121],[5.932156326657357,51.94911838098298],[5.932191403106151,51.94915413881406],[5.932229515337318,51.949130492434605],[5.932234041331251,51.94912768413903],[5.932297351080425,51.949093852969725],[5.93236734810561,51.94906307198513],[5.932453385146622,51.94902982024011],[5.932529353337017,51.94900613296932],[5.9326109155623925,51.94898398727724],[5.932694680007565,51.948974172429956],[5.932787805931838,51.94875115963114],[5.93288728019107,51.948539638654964],[5.932910417637707,51.94848591702559],[5.9329664872627,51.94834438367749],[5.933023856271602,51.94819956977778],[5.932996878300401,51.948195225093116],[5.932899999650048,51.94817991634442],[5.932695630297387,51.94815038511997],[5.932064850700359,51.948059236722024],[5.931611429707955,51.94799371394374],[5.931453373576727,51.94795870063904],[5.931046406185269,51.94789422257508],[5.930629280667871,51.947831237205364],[5.93030221220914,51.947823408003735],[5.929514315175273,51.947716154405],[5.928903849779902,51.947631927918145],[5.928686931805901,51.9476020538767],[5.928477447461875,51.94757320314503],[5.928318927195986,51.947550032733865],[5.928201514529849,51.947529004523915],[5.928095300441324,51.947505569698414],[5.9279375599591,51.94746559760249],[5.927777785209355,51.94741840795077],[5.927624759595824,51.94736576882676],[5.927569469726582,51.94734675000948],[5.927516775338136,51.94732862437124],[5.927424430684372,51.9472944172695],[5.927351964957041,51.947267573756534],[5.92714394319774,51.94719035347068],[5.92700168516023,51.94712765725704],[5.9268698925017285,51.94706010491261],[5.92675783211658,51.946986747902535],[5.9266180314367345,51.94688081277661],[5.926512204199941,51.946786739152934],[5.926385049741889,51.946673266454],[5.926240587968123,51.946552813471584],[5.926097701082564,51.946439657093016],[5.925954196896926,51.946327359968535],[5.925752350906081,51.94617067724794],[5.925606310670024,51.94605731270843],[5.925606272488904,51.94605728232262],[5.925496832357653,51.945972328721616],[5.925426122352227,51.94591114736472],[5.925094524932334,51.946060930344146],[5.924775977290982,51.94607795826719],[5.924455323741616,51.94610959935611],[5.9240482515200386,51.946208449795876],[5.923779503457477,51.94620536604898],[5.923448226838458,51.946221964896274],[5.9231484603437465,51.946249196272184],[5.922724487355777,51.94627663238209],[5.922318981713648,51.94629347811258],[5.921913987473965,51.946353145492],[5.921650557329114,51.94636077026321],[5.921105801835266,51.94633112031737],[5.920887215271222,51.946321405042376],[5.920658654494917,51.94634599492446],[5.920506374401386,51.946370248187094],[5.920396860480368,51.94640980601691],[5.919705033915553,51.94663343908711],[5.919464627518342,51.94670050476824],[5.919234670179256,51.94677817292071],[5.919009572414725,51.94683271837852],[5.918577460668432,51.94685988842843],[5.91839496482479,51.94687136354504],[5.91820928665911,51.94690412206566],[5.918020275581648,51.9469475466258],[5.917811089742528,51.94703362213645],[5.917533083946,51.94712852157687],[5.917185475823254,51.947225042861774],[5.917190393134719,51.947254565647704],[5.917194226787198,51.94730748299883],[5.917193744261192,51.94749766137249],[5.917185992415148,51.947771619461804],[5.917184723971663,51.947816439667136],[5.917176498562792,51.947999570053405],[5.917169873046428,51.94804747047048],[5.917155787934819,51.94809124826555],[5.917129286725422,51.948136989368585],[5.917129308106683,51.948137198702476],[5.917129637957821,51.9481392645533],[5.917130084272128,51.94814133886742],[5.917130632080949,51.94814338575886],[5.917131296247047,51.94814543212585],[5.917132076558306,51.94814745999233],[5.917132958469941,51.94814946942407],[5.917133785611551,51.94815115192412],[5.9171811040388675,51.948176577205444],[5.917245803746052,51.94821118757549],[5.917311985611042,51.94823704549056],[5.917330177849849,51.948242850877186],[5.9173482059604,51.94824830645249],[5.9173663911997805,51.94825351862905],[5.917384762551122,51.94825847828762],[5.917403305681623,51.948263203469764],[5.917459848114696,51.94827586482494],[5.917478990241991,51.94827958058989],[5.917496440757694,51.948283052306216],[5.917517600005618,51.948286246626196],[5.917537082079697,51.94828918784383],[5.9175525744767254,51.94829189538026],[5.917576327993649,51.9482942959938],[5.917596062743503,51.94829646305734],[5.917616231074148,51.948298394462306],[5.9177129031126645,51.94830502227617],[5.917712920895758,51.948305050060036],[5.918084044878315,51.94832559417832],[5.918097173195984,51.948328752751216],[5.9181114320932995,51.948332805059565],[5.918125275470421,51.94833738955971],[5.918138615740413,51.948342479682154],[5.918151452690862,51.94834805745093],[5.918163727930149,51.948354105153584],[5.918175397611764,51.94836060501085],[5.918186710804351,51.9483677087016],[5.9181879845984,51.94836841303404],[5.918423915621289,51.94848537422231],[5.9187021866267475,51.948598359408756],[5.91872718078953,51.9486085920882],[5.918752897200208,51.948618399040996],[5.918779102076814,51.94862769143954],[5.918805780873956,51.94863646934893],[5.918832889636974,51.9486447060027],[5.918860413926868,51.94865241045395],[5.918888310001697,51.948659573911996],[5.918916577754287,51.94866618738851],[5.91894518777473,51.948672224050995],[5.918973848845754,51.94867765825125],[5.919107149441242,51.94869399841838],[5.919108285217132,51.948694101140866],[5.9191691232898735,51.948698481880186],[5.919229707346727,51.94870351989265],[5.919290124659068,51.948709214783534],[5.919350389987816,51.94871558446329],[5.919410430291054,51.94872260229752],[5.919470289526085,51.948730295052755],[5.919529894656968,51.94873863606689],[5.919589260227175,51.948747625292526],[5.919648357360793,51.948757280847666],[5.919707171088848,51.948767566846875],[5.919765672537022,51.948778501398046],[5.919823847163102,51.9487900845677],[5.919881680317542,51.94880230743422],[5.919939171895723,51.9488151610102],[5.919996263614005,51.94882863657176],[5.920052955580596,51.94884274310788],[5.92010924769093,51.94885747163054],[5.9201650962057,51.948872813350576],[5.92022020916103,51.94888867970829],[5.920220617913029,51.9488888036928],[5.9204629013334555,51.948964349146834],[5.920768453196873,51.94906260830283],[5.920768759709715,51.94906269679575],[5.920795343538876,51.94907077356589],[5.9208226334547405,51.94907828984278],[5.920850366898719,51.949085183898966],[5.920878499914391,51.94909142896851],[5.920906988866246,51.949097025249245],[5.9209358045556435,51.949101963884985],[5.920964888695062,51.94910623615182],[5.920994197541482,51.94910983325968],[5.92102371665544,51.94911276426241],[5.921053387535271,51.94911500246042],[5.921083152213038,51.94911656609348],[5.921113025125855,51.949117446107586],[5.921142918895627,51.949117633911115],[5.921172818975861,51.949117129570254],[5.921543867138909,51.94910616746961],[5.921544085206431,51.94910615748993],[5.921579568401341,51.94910544789848],[5.921615087856549,51.949105340355366],[5.921650600152187,51.94910585303502],[5.921686076092794,51.949106977081826],[5.921721486590194,51.949108712627876],[5.921756802662568,51.949111068793655],[5.921791980462494,51.94911402780162],[5.92182703453626,51.949117589585974],[5.921861906812477,51.94912176339915],[5.9218965824264185,51.94912652234385],[5.921931018065477,51.949131893582376],[5.9219651989718765,51.94913785920534],[5.921998570831163,51.94914428690859],[5.922331547497014,51.949220710152574],[5.92266085355127,51.949297832296566],[5.922943970950107,51.9493548951489],[5.922981939393843,51.94936252404978],[5.923020409629785,51.94936953943877],[5.923059163158864,51.949375915346],[5.9230981852198585,51.94938163386163],[5.923137446828265,51.94938670410606],[5.923176904240018,51.949391117290034],[5.923216528363481,51.94939487354593],[5.923256348179397,51.949397963753135],[5.923296247325909,51.949400388442015],[5.92333624034607,51.94940214754614],[5.923376312585804,51.94940323214389],[5.923416405970175,51.949403651488424],[5.923456520497899,51.94940340558001],[5.9234965978791925,51.94940248569564],[5.923536609129498,51.94940090095638],[5.9235763507237715,51.94939866127927],[5.923869413730421,51.94938227709069],[5.924175640511107,51.94935738292495],[5.924488148611812,51.94933716918311],[5.924783336927577,51.94932097973363],[5.925160816152296,51.94930159960299],[5.925202302336436,51.94930293777178],[5.9252445381854075,51.949304928649404],[5.925286679551384,51.94930753115686],[5.92532871221401,51.9493107723249],[5.925370621198972,51.949314616268396],[5.925412348651065,51.94931909021755],[5.925453894356658,51.94932417619661],[5.925495229334805,51.94932988332712],[5.925536338826654,51.949336193700034],[5.925577193636026,51.949343098460716],[5.925617764889687,51.94935061571878],[5.925658212800577,51.94935876271716],[5.925695454452918,51.94936639407255],[5.925732194483361,51.94937464791522],[5.925768535032094,51.949383550742915],[5.925804446902691,51.9493930937015],[5.9258399154429675,51.949403267870125],[5.925874896803674,51.9494140554731],[5.925909361895711,51.94942545664432],[5.925943296066664,51.94943746246287],[5.925976655574983,51.9494500641413],[5.926008431738923,51.94946284384778],[5.92611827197282,51.949528611968326],[5.926162876501958,51.94955219083392],[5.926176673279419,51.94955885091599],[5.926191353426303,51.94956518336297],[5.926206536503041,51.949571001161914],[5.926222208179923,51.949576322355504],[5.92623832449734,51.94958112017959],[5.9262548560408606,51.949585367803685],[5.92627170088601,51.949589056706614],[5.92628869871242,51.949592160658256],[5.926618044821438,51.9496488229041],[5.92662796090183,51.94965088968069],[5.926636950523823,51.949653329232916],[5.926645553154387,51.94965624694687],[5.926653710397073,51.94965962511349],[5.926661334764877,51.94966344615762],[5.926668396519441,51.9496676562853],[5.92667480828198,51.949672246909266],[5.926680554859003,51.949677164168676],[5.926685563308444,51.94968239042178],[5.926689803675559,51.949687853898425],[5.926711870450738,51.94972056935133],[5.926724969510711,51.949739357951934],[5.926730022967165,51.94974953661672],[5.9267325058434395,51.949757632777136],[5.926734569049175,51.94976832851754],[5.926735889414282,51.949780151220025],[5.926736932579451,51.94978948540202],[5.926736515521947,51.949795932014204],[5.926730427352529,51.94980857970063],[5.926729048562882,51.94981125558994],[5.926720557858697,51.94982732990262],[5.926720401535555,51.94982763622639],[5.926711894095145,51.949845948732104],[5.9267117524251045,51.94984626397699],[5.926704294393673,51.94986475143433],[5.926704181813826,51.94986506654573],[5.92669778752131,51.949883710912125],[5.926697689486773,51.9498840259568],[5.926692373155815,51.94990280020191],[5.926692289666175,51.94990311517979],[5.926688976556989,51.949917916337476],[5.926688023828351,51.94992215425621],[5.926684822597788,51.94994142214572],[5.926682727774866,51.94996076585314],[5.926681753258041,51.94998013138447],[5.926681899048654,51.94999951873967],[5.926683135409285,51.95001887412463],[5.926685506085212,51.950038206327044],[5.9266889667939155,51.95005746161947],[5.926693546519063,51.950076630880474],[5.9266992158477105,51.95009568727948],[5.92670630515012,51.9501154921888],[5.926720724271202,51.95013396912472],[5.926735406797588,51.95015136623923],[5.926751016668415,51.95016846247775],[5.9267675100328825,51.95018524006429],[5.92678485747645,51.95020167216827],[5.926803044454251,51.95021775885596],[5.926822070642642,51.95023347316321],[5.926841892190061,51.95024879731421],[5.926862523641836,51.950263731241726],[5.926883906384734,51.95027823926068],[5.926906040310611,51.95029231238294],[5.926928881783722,51.950305950808065],[5.92695243026336,51.95031910959641],[5.926976466704238,51.95033171784576],[5.927001532577516,51.950345256158805],[5.9270276707142395,51.95035844798269],[5.927054543868342,51.95037107015466],[5.927082093857603,51.950383122941666],[5.9271102913748095,51.950394588500835],[5.927139121657606,51.95040544892281],[5.927168526415487,51.95041569548626],[5.92719847634061,51.95042531034879],[5.927228942341276,51.95043429364332],[5.927259895001225,51.95044261853957],[5.927291276246173,51.950450294292324],[5.9273230710965095,51.95045728501633],[5.9273550175177325,51.95046357393857],[5.927393132123095,51.950471119851976],[5.927431806654417,51.95047805196737],[5.927470792972552,51.950484299517115],[5.927510032786161,51.95048985378039],[5.927549526310027,51.95049473273288],[5.927589215035837,51.95049890967799],[5.9276290990704,51.9505023936033],[5.927669120121644,51.95050517578841],[5.927709234551772,51.95050725643355],[5.927751654235578,51.95050870626394],[5.92792057338134,51.95047922937269],[5.928026312269079,51.950422709135005],[5.928084796743975,51.950364302943996],[5.928140806284153,51.95027315430332],[5.928168369736574,51.95023683108912],[5.928178563592525,51.950228137316174],[5.928190079226212,51.95021928465622],[5.928202326780434,51.95021081512898],[5.9282152188744694,51.95020272014778],[5.928228770704112,51.95019505357296],[5.928243227805726,51.95018767045968],[5.92824471546103,51.95018679173575],[5.928247976151256,51.95018457456494],[5.928250867874048,51.95018312310808],[5.928254082952691,51.95018194880406],[5.928257549202428,51.95018109692703],[5.928261193896708,51.95018056781176],[5.928264435765576,51.95018040907577],[5.928264514473251,51.95021227266897],[5.928264517374969,51.950213719791535],[5.928264400338004,51.950214870848164],[5.928261562660417,51.95024372775471],[5.928257605289212,51.95027382122845],[5.928252658179283,51.950303865326596],[5.928246735548841,51.95033383301847],[5.928239822958932,51.95036373335872],[5.928231934519573,51.950393530328704],[5.928223084774392,51.95042322386104],[5.928213216515181,51.95045289511498],[5.928213091132811,51.95045335410143],[5.928177254281205,51.950598565181394],[5.928189273308885,51.95059646949858],[5.928186999026284,51.95060570208509],[5.928184152518676,51.95062297295357],[5.92818245230913,51.95063880039929],[5.928181175459781,51.950653547286194],[5.928181303314259,51.95066415303478],[5.928181172764929,51.95067745649903],[5.928182174431244,51.9506881481107],[5.928182988385967,51.950695335101784],[5.928185418595846,51.95070386291827],[5.928187876978366,51.95071472759447],[5.92819264746924,51.95072432325108],[5.928200076240751,51.95073723238998],[5.928211601591976,51.95075210012768],[5.928223260485933,51.950765978523414],[5.928235482785598,51.95077832629332],[5.928247521709228,51.95078752895865],[5.928261604593824,51.95079735140457],[5.9282777195207155,51.95080680495907],[5.9282953030940435,51.950817420246125],[5.928301342902354,51.95082008897154],[5.928378827977934,51.950804146363744]]]]},"properties":{"buurtcode":"BU17050205","buurtnaam":"Zilverkamp 3e fase","gemeentenaam":"Lingewaard","aantalInwoners":1390,"crime_violent":4,"crime_property":0,"crime_disorder":0,"crime_count":4}},{"type":"Feature","geometry":{"type":"MultiPolygon","coordinates":[[[[5.917533083946,51.94712852157687],[5.917811089742528,51.94703362213645],[5.918020275581648,51.9469475466258],[5.91820928665911,51.94690412206566],[5.91839496482479,51.94687136354504],[5.918577460668432,51.94685988842843],[5.919009572414725,51.94683271837852],[5.919234670179256,51.94677817292071],[5.919464627518342,51.94670050476824],[5.919705033915553,51.94663343908711],[5.920396860480368,51.94640980601691],[5.920506374401386,51.946370248187094],[5.920658654494917,51.94634599492446],[5.920887215271222,51.946321405042376],[5.921105801835266,51.94633112031737],[5.921650557329114,51.94636077026321],[5.921913987473965,51.946353145492],[5.922318981713648,51.94629347811258],[5.922724487355777,51.94627663238209],[5.9231484603437465,51.946249196272184],[5.923448226838458,51.946221964896274],[5.923779503457477,51.94620536604898],[5.9240482515200386,51.946208449795876],[5.924455323741616,51.94610959935611],[5.924775977290982,51.94607795826719],[5.925094524932334,51.946060930344146],[5.925426122352227,51.94591114736472],[5.925355411096119,51.94584996687003],[5.925243367888235,51.94574689078791],[5.925157207009281,51.94565713026085],[5.925081976379782,51.945565882404104],[5.925039367419681,51.94550625215997],[5.924987999220499,51.945422903748906],[5.924944668439518,51.945345617197475],[5.924907576415628,51.945273589087186],[5.924841923614428,51.94514402630882],[5.924591021309181,51.94466049933765],[5.924517184830635,51.9445089512256],[5.924247219577248,51.94395859624337],[5.924052979738908,51.94356680671671],[5.923903216510465,51.943282250751594],[5.923824325600194,51.94301740177342],[5.923727029256195,51.94269076215812],[5.92369886417577,51.94259393515793],[5.923664738647841,51.94247661745196],[5.922889026840686,51.942735977048585],[5.92133078664312,51.94309087865994],[5.92113549525561,51.94313439540173],[5.9209569978305066,51.94317416917368],[5.920769520628751,51.943213445928954],[5.920454889970944,51.94327936218551],[5.920164315199808,51.943340236567785],[5.919656441094285,51.94344663337946],[5.919467824980791,51.94348081675723],[5.919276010006576,51.94351558048277],[5.919205177420195,51.943526810323156],[5.91902660495739,51.94355512293429],[5.91825492685046,51.94367158531713],[5.917660666889729,51.94375650622669],[5.916601123655025,51.94390372220722],[5.916517223671535,51.94391633056844],[5.916234796763522,51.94395877161063],[5.916003817359863,51.94399637758178],[5.915877021038637,51.94402012814136],[5.915918155157097,51.944143127753826],[5.916217417880455,51.944848463298456],[5.916416366708508,51.945326572823866],[5.916478455155723,51.945483378648184],[5.91658810249237,51.945748843500375],[5.917058434803967,51.946860346568776],[5.917076546956045,51.94690709013871],[5.9171576224690625,51.947116341962726],[5.917176234401495,51.94716954684013],[5.917185475823254,51.947225042861774],[5.917533083946,51.94712852157687]]]]},"properties":{"buurtcode":"BU17050206","buurtnaam":"Zilverkamp 4e fase","gemeentenaam":"Lingewaard","aantalInwoners":1505,"crime_violent":2,"crime_property":0,"crime_disorder":0,"crime_count":2}},{"type":"Feature","geometry":{"type":"MultiPolygon","coordinates":[[[[5.9386964680968655,51.94164677428798],[5.938795348113655,51.94155326366771],[5.938843102920298,51.94151305892657],[5.938947293573856,51.941436468273075],[5.939131824418287,51.94132220181856],[5.939224125237983,51.94126797517882],[5.939296969881648,51.941231953381156],[5.939446776613473,51.941184190575584],[5.939529955382555,51.9411655441625],[5.939602078297992,51.94115587427136],[5.939683534044037,51.94115073378527],[5.939764555211785,51.9411516409171],[5.939837288544112,51.94115611852784],[5.940056413520862,51.94117485981163],[5.940332436773512,51.94119035053779],[5.940377576366348,51.940913312685645],[5.940384626153346,51.94083773427298],[5.940386095260796,51.94071916520085],[5.940382187794231,51.940641069462835],[5.94037549222552,51.94057322199661],[5.940353814505428,51.940448496919785],[5.940302173236667,51.94027389842243],[5.940248150869764,51.94012260197965],[5.940200292245724,51.94000885272762],[5.940017669896384,51.93963991534101],[5.939638529397051,51.93890197737465],[5.9394964253552,51.93861529885045],[5.939418168806862,51.93843789744911],[5.939386016855561,51.938345189704215],[5.939218301532404,51.938359099799335],[5.939113909840143,51.938367747984266],[5.938976935964758,51.93837520347611],[5.9386661273765515,51.93839837385326],[5.938448365291432,51.93840644596483],[5.937641424942684,51.938445643378714],[5.936698383857182,51.938491445376314],[5.936612553972004,51.938501936169715],[5.936543022271003,51.93851592363162],[5.9364627334285744,51.938538695402336],[5.936399018613827,51.93856611759596],[5.936075104672342,51.938734015049576],[5.935964450799119,51.93878856043252],[5.935862871722922,51.93883863204121],[5.935647688904541,51.93893661095717],[5.934684916032744,51.93934427387625],[5.934516938079821,51.939419120143285],[5.9351779075323785,51.939723192662065],[5.9353162064200005,51.93979503781796],[5.935470151746278,51.939880050708],[5.935568836867767,51.93994212564719],[5.935642081825527,51.93998819663842],[5.936368091088786,51.940473609235795],[5.936423464198406,51.940510630983425],[5.936743557686469,51.940727713171434],[5.936819488326549,51.94077746512838],[5.936944719526437,51.94085577645253],[5.937039177426226,51.94091077984876],[5.9370952287761005,51.94093374826589],[5.937166346007826,51.94095629021902],[5.9372256179834695,51.94096471457694],[5.937243735188091,51.94096596817287],[5.937214974640257,51.941055092893194],[5.937147194858036,51.941182696362816],[5.937116304698747,51.94125756455547],[5.937108037720504,51.94129288828396],[5.937103928463648,51.94132795975855],[5.937109079976341,51.94137855050327],[5.937125207881114,51.94142894967202],[5.937147606894646,51.94146380004291],[5.937228177178075,51.94147949886773],[5.937342437049475,51.94142079987145],[5.937434944799608,51.941373177490064],[5.937477654467296,51.941403700054714],[5.9376435734991375,51.94131433299849],[5.937743954592212,51.94126008496603],[5.937768770026365,51.941277064754665],[5.937780985501732,51.941285294882704],[5.937966323658829,51.941182111036774],[5.9380166664491725,51.94121719073545],[5.938121759316796,51.941289756291624],[5.938149211189234,51.94130824269058],[5.938223794903918,51.941358480042865],[5.93848283804554,51.94153715114706],[5.93853662175702,51.94157405711721],[5.938623332971475,51.9416335583505],[5.9386873366169395,51.94165650398444],[5.9386964680968655,51.94164677428798]]]]},"properties":{"buurtcode":"BU17050207","buurtnaam":"Johannahoeve","gemeentenaam":"Lingewaard","aantalInwoners":610,"crime_violent":2,"crime_property":0,"crime_disorder":0,"crime_count":2}},{"type":"Feature","geometry":{"type":"MultiPolygon","coordinates":[[[[5.916003817359863,51.94399637758178],[5.916234796763522,51.94395877161063],[5.916517223671535,51.94391633056844],[5.916601123655025,51.94390372220722],[5.917660666889729,51.94375650622669],[5.91825492685046,51.94367158531713],[5.91902660495739,51.94355512293429],[5.919205177420195,51.943526810323156],[5.919276010006576,51.94351558048277],[5.919467824980791,51.94348081675723],[5.919656441094285,51.94344663337946],[5.920164315199808,51.943340236567785],[5.920454889970944,51.94327936218551],[5.920769520628751,51.943213445928954],[5.9209569978305066,51.94317416917368],[5.92113549525561,51.94313439540173],[5.92133078664312,51.94309087865994],[5.922889026840686,51.942735977048585],[5.923664738647841,51.94247661745196],[5.924314970256471,51.94238448437702],[5.924451246869059,51.94235049377626],[5.925202099100717,51.94216604566329],[5.925345947108944,51.94213241215752],[5.925530822717539,51.94209434443339],[5.925896572072539,51.94201602608073],[5.925943396570261,51.942005999685314],[5.926393484513621,51.94190962010565],[5.928529196768058,51.941456519398336],[5.928718087100055,51.94141764076038],[5.928785000806867,51.94141029719904],[5.9288619920506065,51.941409504673594],[5.928892250584853,51.941407560344565],[5.928940902519848,51.94140059927307],[5.928990126648774,51.94139164460419],[5.929063051691044,51.941376407389285],[5.92912625286514,51.94136320140902],[5.929249215577493,51.94133750810544],[5.929310089728681,51.94132032908042],[5.929366162618431,51.941301062583534],[5.929435918337273,51.94126860441821],[5.929555452957728,51.94122776130816],[5.930693827679947,51.94089762368786],[5.931044374363202,51.940786448349044],[5.93108300838396,51.94077891613315],[5.9311573802227855,51.940767278877885],[5.931127753883515,51.94074118321374],[5.931079177922476,51.9407014004414],[5.9310732730257,51.940696565017575],[5.931072832293579,51.9406961985307],[5.9309364907321,51.94058450975953],[5.930682273380962,51.94037746824664],[5.930431047620104,51.94016988204189],[5.930430886025811,51.94016974796213],[5.930383070858655,51.94013024002886],[5.930381660573338,51.94012906906049],[5.930303055767965,51.940064113285935],[5.930075963912755,51.93987609050804],[5.930031057047345,51.939838914983],[5.929787839796515,51.939638876669285],[5.929728099559487,51.93958964409544],[5.929631974968851,51.93951043217623],[5.92947244853486,51.939378561797696],[5.929411164614746,51.939326684594796],[5.929242623577129,51.93918401542919],[5.929131897903502,51.939088969883166],[5.9290976738018255,51.93905960064517],[5.928887468138543,51.938880576053535],[5.928811028851035,51.93881515089499],[5.928708625323067,51.93872750903311],[5.928651553361293,51.93867865911258],[5.9284530828673505,51.938508945643456],[5.928442782506697,51.93850013946079],[5.9283933539819165,51.93845799554949],[5.928230346312162,51.93831901168719],[5.928055179902784,51.93817016929946],[5.927743505460445,51.93824458036017],[5.92765257418392,51.938266435979244],[5.9276377984359065,51.93826999144046],[5.92755987384659,51.938288722118145],[5.927521810501564,51.93829786758212],[5.927517561863309,51.93829888483175],[5.9273343331803385,51.93834270978763],[5.927203726737883,51.93837395155469],[5.92691117732457,51.938449962349516],[5.9269098146375665,51.93845031915648],[5.926902434839223,51.938452168710725],[5.926612215359064,51.93852489626448],[5.926466950967148,51.93856064207589],[5.926459563617396,51.93855750844407],[5.926225054564054,51.93845803409051],[5.925410584237861,51.93851245340304],[5.924690316981212,51.93883268471423],[5.92407650134256,51.93897603887815],[5.923693217084533,51.93903628406251],[5.9235065258246955,51.938939361651244],[5.923410022307764,51.938825078910575],[5.923406945007911,51.93882056457386],[5.922145617338112,51.936969592646776],[5.917085569666998,51.938285671012],[5.916639626293632,51.93783631809024],[5.915826342682866,51.93831152715439],[5.91374131611202,51.93939406775035],[5.913437328382412,51.9394960797318],[5.9126203087994735,51.939924806492144],[5.911954679513242,51.94026518399554],[5.911944591167945,51.94025498851385],[5.911715115092482,51.94037548061286],[5.911712629071514,51.94037679502813],[5.912069229498121,51.94077456548755],[5.912376502835047,51.941117893028554],[5.912565689804945,51.94132992060152],[5.912628992735566,51.94140786395898],[5.912727456708214,51.9415152040475],[5.9127709730566265,51.94156263917535],[5.913280060867717,51.94197823846795],[5.913937232005705,51.942450091343275],[5.914757379566982,51.942901645960674],[5.914884747721858,51.94297647372059],[5.914881194360851,51.94297966258651],[5.914874432521617,51.942986180786995],[5.914868025681946,51.9429928340178],[5.914861978109142,51.942999614170155],[5.914856297000931,51.94300651491986],[5.914850989534165,51.94301352814506],[5.914846061441644,51.94302064662967],[5.914841515525998,51.94302786137229],[5.914837360429027,51.94303516514384],[5.914833598974903,51.943042550740735],[5.914830235421005,51.94305000915544],[5.914827274024663,51.943057531380575],[5.914824716166592,51.943065111118145],[5.914822566093458,51.94307273846142],[5.914820765958354,51.94308068871649],[5.914819399606393,51.943088671180604],[5.914818468396977,51.94309667775806],[5.9148179722249425,51.943104699460896],[5.914817913882728,51.9431127263892],[5.914818293275527,51.94312075045412],[5.914819107378572,51.94312876178175],[5.9148203575408695,51.94313675137767],[5.914822042213322,51.94314471115926],[5.914824159825383,51.943152631246186],[5.914826705908886,51.943160502670075],[5.914829678904102,51.943168316449565],[5.914833075807375,51.943176064508336],[5.914836892150512,51.94318373787809],[5.914841124908487,51.943191326685216],[5.914845768180111,51.943198823765215],[5.914850816042508,51.9432062201563],[5.914856264027337,51.943213506890125],[5.914862104778388,51.94322067680862],[5.9148636031199455,51.94322243630918],[5.914865849172912,51.943225075117226],[5.914872384001769,51.94323227337925],[5.914879312756103,51.94323932965318],[5.914886629502134,51.943246234078345],[5.914894325440368,51.94325298040217],[5.914902388830869,51.943259559689004],[5.914910813761151,51.943265963875604],[5.914919588512263,51.94327218582377],[5.914928702830361,51.943278219287556],[5.9149381464292246,51.943284055324746],[5.914947907600624,51.943289687695824],[5.914957976100794,51.94329511105356],[5.914968338746215,51.94330031736772],[5.914978983838416,51.943305301297364],[5.914989899679667,51.94331005750215],[5.91500107309647,51.94331457885027],[5.915012489503476,51.94331886181191],[5.915024137191948,51.943322900147535],[5.915036001565652,51.94332668942836],[5.915042034796979,51.943328457327276],[5.915059801749148,51.943381888358985],[5.915255776963055,51.943526189293685],[5.915310016265244,51.94356615986631],[5.915462602828937,51.94368528103951],[5.915459973891105,51.94368558048299],[5.9157872683600425,51.943938418859965],[5.915804235619339,51.94395151960136],[5.915877021038637,51.94402012814136],[5.916003817359863,51.94399637758178]]]]},"properties":{"buurtcode":"BU17050208","buurtnaam":"Loovelden","gemeentenaam":"Lingewaard","aantalInwoners":3540,"crime_violent":5,"crime_property":0,"crime_disorder":0,"crime_count":5}},{"type":"Feature","geometry":{"type":"MultiPolygon","coordinates":[[[[5.936049649969846,51.95974990256456],[5.936138088647673,51.95962217777037],[5.936574123448489,51.95908242713451],[5.936787846929212,51.95885784141477],[5.9373298483589085,51.958305745737405],[5.9376169292695415,51.9580250869914],[5.93778181008766,51.95786747604857],[5.93802803931719,51.957666716867735],[5.938160266481657,51.95755853287515],[5.93891351993047,51.957000441938796],[5.939214445295509,51.95678112310236],[5.939722629362442,51.95643132428163],[5.940327672800763,51.956039558780994],[5.940446626600669,51.95596950948868],[5.940612173301933,51.95587201479446],[5.941432706907804,51.95539493537354],[5.941876865502727,51.95513479167474],[5.942322916178274,51.95488336509811],[5.9430608495014,51.95447851767246],[5.943504598990008,51.954250224652895],[5.944262277990493,51.953880277071484],[5.945109984725495,51.95346295970528],[5.946246808884727,51.952964731822846],[5.946420452179038,51.952888483918684],[5.947356846068951,51.95251696469622],[5.948675610063843,51.95198921776409],[5.949943449585689,51.951469969078985],[5.950607188878117,51.951185667191346],[5.951431941509573,51.950822164610216],[5.951545139279794,51.950772274656075],[5.951716137529759,51.950695285511024],[5.9519487161885465,51.950587610349224],[5.952399966132508,51.95036665380096],[5.95262350181929,51.950260773517506],[5.953211698754179,51.949947715574865],[5.9538652328659065,51.94958435495987],[5.9543265363848015,51.94930756918315],[5.954723233097899,51.949061573336856],[5.955225451499475,51.94875330637274],[5.955337477390008,51.94867479012523],[5.956575537051537,51.94779482512333],[5.957553122385102,51.94701014830534],[5.9582205715163585,51.94637363495167],[5.958328330042622,51.94626354210624],[5.958801954158458,51.94581125961159],[5.959067715470812,51.94550192343754],[5.959162765402408,51.945391280420566],[5.9595039917862325,51.9448856545428],[5.959658106301476,51.94468851514501],[5.959983288466044,51.94423942236833],[5.960293456166304,51.94378247404402],[5.960738477615015,51.94288687711836],[5.961011265986318,51.942254753292936],[5.961190088861471,51.941652740680425],[5.961300642968794,51.94120891664603],[5.961682952302498,51.93945872017686],[5.9617942394037655,51.93879233751397],[5.96147283520404,51.93879111317223],[5.96150621580558,51.93838235234298],[5.961620429189428,51.937746911726855],[5.96170557268161,51.93738779272739],[5.961807357376711,51.937030327049335],[5.961972050075607,51.936548072278455],[5.962260020932081,51.93579896599039],[5.96270161081482,51.93477538950089],[5.9630792467562355,51.93404328841974],[5.96350701224793,51.93332180724629],[5.964977658953645,51.931361630774546],[5.965530586896217,51.930555582856655],[5.966062755299151,51.93002419676855],[5.966829464452619,51.929353363584646],[5.967610548681607,51.92875032634626],[5.968399120677094,51.928189348859455],[5.96861293573832,51.92821210156843],[5.9701916501791,51.92719470086609],[5.971626239498896,51.926368848267444],[5.972954671141548,51.92560610307634],[5.973950108134235,51.924993469045226],[5.974975524074663,51.9243341789905],[5.9756603136344575,51.92386941651712],[5.975880172853492,51.923720193608304],[5.977088288633184,51.922865646447086],[5.977099434883795,51.922857161963435],[5.976364077907619,51.9224398543492],[5.970183236029803,51.91972524594031],[5.969986344040363,51.919613417023804],[5.969732220380409,51.91952709330847],[5.969331873538122,51.91939109510024],[5.969312512719551,51.91940690293626],[5.96859139466132,51.91917515457273],[5.968353904189412,51.91909883966653],[5.968049499502529,51.91911650635804],[5.967982981924147,51.91912659671595],[5.967852985395873,51.91915582271388],[5.96781564240759,51.919167090094284],[5.967783541157894,51.91917678553689],[5.967709663800341,51.919202282452446],[5.967632610933642,51.919209278689806],[5.967556495598379,51.91921796008421],[5.967530245280905,51.919238358829595],[5.967496356624594,51.91923573079395],[5.967354045001059,51.919238896470056],[5.967253544488961,51.919245837459876],[5.967179999724782,51.91924647019563],[5.967101154958657,51.91924191571313],[5.967045528269702,51.91923428038278],[5.966990069299605,51.919217116384054],[5.966919530354033,51.91918034194508],[5.966809191646905,51.919112034398566],[5.96674012972965,51.91907705026654],[5.966713003838373,51.91907017303708],[5.966682569660628,51.91906600867044],[5.966644773580562,51.91906583554701],[5.966561079991723,51.919068495420895],[5.966454994838503,51.919081961956564],[5.965702874694401,51.919203219450324],[5.965255116845022,51.919275398849486],[5.965198623501601,51.91931560372426],[5.964982452717063,51.91915265380009],[5.9645005250204886,51.91876164101886],[5.963707066314977,51.91796814011061],[5.963621297057226,51.917881417409745],[5.963590058545114,51.91784167969181],[5.963559188420862,51.91779553135486],[5.9634784612417935,51.91781963004659],[5.963441904862342,51.917794776371544],[5.963392025659115,51.9177488920074],[5.963305770977738,51.9176809035],[5.9631916586507,51.91772791560449],[5.962858333729229,51.917871324996966],[5.9626524110910655,51.917959036914404],[5.962552070652625,51.918010070704184],[5.96245669397264,51.91806621253787],[5.96237731819884,51.918118734487464],[5.962294715148807,51.918171245214666],[5.9622157759780405,51.91821589098764],[5.962062840536977,51.91829505510938],[5.961935065120627,51.91835255949828],[5.961888064717042,51.9183782178874],[5.961792376553662,51.91839423602353],[5.961556097130197,51.91852616509077],[5.961474326473423,51.91857228932786],[5.959979030527446,51.919471508813764],[5.959654513546075,51.91964971449175],[5.959081104242333,51.91995128476014],[5.958851983344541,51.920061007847146],[5.958791293927518,51.9200907045064],[5.9586281068266,51.920170561158585],[5.958379432411156,51.9203145886385],[5.958254343101977,51.920400093074576],[5.958187448774871,51.920447176365826],[5.958022181355743,51.92058541357676],[5.957835631108934,51.92075108794112],[5.957801099054449,51.920775659427186],[5.9577975071612475,51.92078699338958],[5.956703729209521,51.92155509112055],[5.9566171438363185,51.92149518900173],[5.956605619995283,51.92149778859629],[5.956515892475014,51.921507634377505],[5.956387321967704,51.92150712477053],[5.956291244222106,51.92149995895746],[5.956180887822121,51.921482192872666],[5.95601524233817,51.921445629778724],[5.9558595573690765,51.92139549055774],[5.955748658170633,51.92135433863218],[5.955630550533284,51.92130527564895],[5.95522003598401,51.92113327078534],[5.955041132476608,51.92105626826519],[5.954997937725008,51.92103968651749],[5.9548595497009424,51.920985759123965],[5.954639112423057,51.92091191387874],[5.954491466266604,51.92086726195217],[5.954319111540918,51.920824032445005],[5.95424895403348,51.920806474986115],[5.9541220875949366,51.92078188349595],[5.954089955717149,51.92077565670933],[5.9540056803750785,51.92076247271385],[5.95391589748128,51.920751733129535],[5.953838243010077,51.920747137043364],[5.953662982293592,51.92074080038379],[5.953498862288233,51.920737214174444],[5.953370523004434,51.92073872257169],[5.953283570015908,51.920743734685814],[5.953208829390623,51.92075694832736],[5.953170878422265,51.920771117250595],[5.953115356296345,51.92080403091256],[5.953066473607648,51.920858565850764],[5.9529884317631145,51.92094321781918],[5.952896035802064,51.92103200164782],[5.9528610749961475,51.92106200278508],[5.952820318245081,51.92110272812195],[5.952711734200074,51.921178178902856],[5.95263243508451,51.921216186401296],[5.952577533363271,51.921234948930646],[5.952511343059292,51.921247303025005],[5.952434294881998,51.921247044533615],[5.952264274809305,51.92128879596929],[5.9520273646779875,51.9213300777646],[5.951685255694959,51.92138443946633],[5.9512849232366944,51.921446692977746],[5.951281762074251,51.921447319372504],[5.951088467203036,51.92148563937772],[5.95104820180572,51.92149387732493],[5.950923976752214,51.921526849981696],[5.950882576973507,51.921538526918425],[5.950824231575321,51.92155750289243],[5.950751498071687,51.921584862206885],[5.950684455196858,51.92161507948894],[5.950619805187686,51.92164832336722],[5.950502880024071,51.92171514717841],[5.9503635239355726,51.92179239717914],[5.950219710984536,51.92187132225226],[5.9499064044972885,51.922049518962154],[5.949808816270271,51.92210860025292],[5.9497838152788125,51.92212274201322],[5.949767522096514,51.92214037454997],[5.949759579811744,51.92218058213867],[5.949744781085086,51.92220262985324],[5.949710654939173,51.922234513624296],[5.9496684570456875,51.92226959098758],[5.949552272438978,51.92238069657721],[5.949509181347191,51.92242572841429],[5.949450960849528,51.92249777113896],[5.949423065929387,51.92254552564079],[5.94941231178853,51.922571338110494],[5.949411936975973,51.92257971717559],[5.9494086377520015,51.922596029093015],[5.949409706031002,51.92262213554101],[5.949421103771426,51.92265004418894],[5.949476102079798,51.92272233607712],[5.949510859445121,51.92277215471901],[5.949539294289541,51.922825545076385],[5.949545350490142,51.922848292919895],[5.949571495727213,51.922940560452005],[5.949580324511383,51.923015212531595],[5.949566823548922,51.92310956639621],[5.949549432702861,51.92316146826959],[5.949525399519149,51.92321347383881],[5.949502668992984,51.923253419605636],[5.9494521455002625,51.92332492212658],[5.94942324895347,51.92335193598458],[5.949408017651092,51.92336618371364],[5.949258452516204,51.92348085534378],[5.949253425362888,51.923484564672385],[5.949223852465189,51.923506341427206],[5.949117597608726,51.92356904998073],[5.948979048503281,51.923657997442454],[5.948928123159479,51.923698644174884],[5.948923898508954,51.92370259234154],[5.948367684685804,51.92361134751779],[5.948344901256116,51.923607609261296],[5.94830500107831,51.92360105845277],[5.948291510199913,51.923599891457215],[5.947815459786853,51.92355879444686],[5.9477162797211705,51.9235502342138],[5.945779357591311,51.92338300568942],[5.945523223252897,51.92336088901392],[5.945411997809449,51.92335158410317],[5.944629785034864,51.92328280571609],[5.943760560548232,51.923206362681086],[5.94353804123821,51.92318679696778],[5.941792645695389,51.92303559300188],[5.941681976743446,51.923090055224264],[5.941639648683533,51.92311280708043],[5.941462661285567,51.922983677678666],[5.9414415696043035,51.92294144142326],[5.941419389398725,51.922896990143435],[5.941395669495356,51.92284910353313],[5.94133671331598,51.92278488924673],[5.941291284456275,51.92274484408576],[5.941261471904538,51.92271684173979],[5.9412409546462275,51.92269521333032],[5.9411985694370415,51.922663836655246],[5.941129538792974,51.92260781333411],[5.941237041510991,51.922372194691725],[5.941457294472023,51.92188942706296],[5.941925866927241,51.92086236655142],[5.941496632423649,51.92077432781799],[5.940632361075736,51.920596475298446],[5.9407774950789145,51.92027465992673],[5.9408224557229,51.92017675222009],[5.940851844199584,51.920112750539744],[5.941001619863607,51.919773879803856],[5.941074675368287,51.919612111184385],[5.9411349800229285,51.91946902677922],[5.9411454250378775,51.91944611082063],[5.9411656279353835,51.919407032493915],[5.941185344340073,51.91937094063495],[5.941198105548843,51.919344894744505],[5.941214889165151,51.91931498281175],[5.9412290491579896,51.91929038645626],[5.941291914742228,51.91918881669472],[5.941340792636134,51.919105793204565],[5.941411563350698,51.918988752854936],[5.94143723425599,51.918949909348896],[5.942163845763798,51.91915450880942],[5.942337895168062,51.91920342880498],[5.942546603251829,51.91926209003067],[5.942807897554869,51.919335530958556],[5.942903214400327,51.9192030662198],[5.943048403578483,51.91900128891491],[5.943254295715235,51.9187151547874],[5.94376656220091,51.91801187854555],[5.9433695421260655,51.91783535520132],[5.942894579505163,51.917630175389625],[5.942544245992979,51.917478829903196],[5.9426072709357465,51.9174046915129],[5.942783123645508,51.91720511549573],[5.942949328891031,51.91702478425985],[5.943042249643267,51.91692463532039],[5.943272577695966,51.91667582249557],[5.943337885920457,51.91660549299844],[5.94334850715065,51.91659460259658],[5.943356787826593,51.916584855824205],[5.943371790041842,51.916572093050675],[5.943384052752867,51.91656112296648],[5.9434074797136205,51.91654085985418],[5.943492957504171,51.91647130665615],[5.943552888652605,51.91642222432684],[5.943617952127606,51.91637443896625],[5.9436182402531,51.916374230866204],[5.943618614805226,51.916373959437415],[5.943620991478757,51.916372213401736],[5.943632490436147,51.91636178621772],[5.943632900635328,51.91635500695178],[5.943624947131507,51.916350091963956],[5.943551557268821,51.916314755232065],[5.94328341896126,51.91619320601843],[5.943017800604416,51.91607079935531],[5.943007584287985,51.91606507707908],[5.9430039482027235,51.916059018061404],[5.943002159337193,51.91605071216962],[5.943003171236597,51.91603499549792],[5.943052127825447,51.91590014321873],[5.943055677452816,51.91589217160776],[5.943062042358597,51.91587678914638],[5.943061685691555,51.91586441368008],[5.943002373314401,51.915672214734315],[5.942981234774156,51.91560371456713],[5.942973006440063,51.915591843742284],[5.942965864606243,51.91558320363421],[5.942947758624594,51.91557769844742],[5.942931301338424,51.91557269780266],[5.942909361845417,51.915572190369545],[5.94288372665084,51.915573722824405],[5.9428038116294815,51.915582963462406],[5.942511687293093,51.91562283342182],[5.942357174322722,51.91564465070535],[5.9421744109305425,51.915670457310185],[5.942148697905392,51.91567393148633],[5.942130806089762,51.91567516653128],[5.94211960018909,51.91567638796865],[5.942088043663156,51.915679826814625],[5.9420371872647735,51.91568347365661],[5.941969250579901,51.91568463042867],[5.941918393490934,51.915687045799096],[5.941795472543274,51.91568714977066],[5.941713018806628,51.91568740417012],[5.941472454029114,51.91567944308368],[5.94141564271377,51.91567756286475],[5.9413233741483875,51.91567515775776],[5.941279223502742,51.91567333460378],[5.941269345411152,51.91567261717164],[5.941222596609433,51.91566990740123],[5.9411179774660825,51.915660765078655],[5.941010759447628,51.91564949565376],[5.940553893597153,51.91559851756402],[5.940549482235682,51.91559792712557],[5.940204712846589,51.91555183967931],[5.939921528129611,51.9155139825752],[5.939603967389461,51.9154689158783],[5.939556388065866,51.91546010616646],[5.939519911284384,51.915452304878706],[5.939492493537979,51.9154448115416],[5.939472332880904,51.915438839089965],[5.939423923923157,51.91542638389506],[5.939397869711871,51.915417481920436],[5.939380182737567,51.91541409549866],[5.939351659798487,51.9154065533912],[5.939232635130335,51.91538892903908],[5.937642083912802,51.91515522221263],[5.937212389012112,51.91509207722454],[5.93688783768407,51.91504183158404],[5.936424203088592,51.914973665156424],[5.935961097432587,51.9149046585045],[5.935623259957765,51.914854066962285],[5.935296186896017,51.91480770274955],[5.934531472017908,51.91470018839983],[5.934310048786883,51.9146761149828],[5.934004447254251,51.91464059516174],[5.933965977865783,51.91463612716873],[5.933890557080847,51.9146277144014],[5.933787542694037,51.9146211198117],[5.9337643138302205,51.914617326885285],[5.933324391437534,51.914540552805185],[5.933125536868448,51.9145017210089],[5.933072937077434,51.91449102644949],[5.932824545727027,51.9144423392373],[5.9325443772962085,51.914388441885365],[5.932488873106375,51.91437793132948],[5.932146277627639,51.914313078191],[5.9318775851826935,51.91425972824768],[5.931836397007734,51.91425155093234],[5.931723497368979,51.91422912670256],[5.931716853671665,51.914227809224805],[5.931479108878538,51.91418787854522],[5.9314439282636116,51.9141824866544],[5.931410851441265,51.91417678838707],[5.931341373261407,51.91416450837541],[5.931245778921765,51.914147612343264],[5.93106772879454,51.914117354613786],[5.9309567823130545,51.914098929471784],[5.930894236681034,51.91408899905584],[5.930821104138447,51.91407738282152],[5.9306718506951,51.914058217848655],[5.930565222420589,51.91404349359311],[5.930529205891119,51.91403746711329],[5.930221198223344,51.91399346348044],[5.930047281455027,51.91396716700161],[5.929569156965947,51.91389486990851],[5.929427597326371,51.91387121853787],[5.9293845444538205,51.91386382198267],[5.929339087907509,51.91385356019],[5.929254533197659,51.91383480490953],[5.929218085230296,51.91382672165715],[5.9290829078492555,51.91379353959769],[5.92893488142793,51.91375666844083],[5.928651667276308,51.91368206642011],[5.928555531286822,51.913655031694184],[5.928517482032729,51.913643099545396],[5.9284599929652595,51.9136245155933],[5.928370349532837,51.913592282423934],[5.928321141522495,51.913573399588934],[5.928265162443008,51.91355105140036],[5.928225825930405,51.913534801626206],[5.928052831442023,51.913461739869355],[5.92779050164973,51.913350528410376],[5.927628381073338,51.91328962235176],[5.927560406893085,51.913268057079485],[5.927257234803586,51.91319641983327],[5.927191513562396,51.913180884251645],[5.927054179701112,51.9131542174442],[5.926850655858873,51.91314675734402],[5.926642452944446,51.91314057766496],[5.926619571473871,51.91316075311935],[5.9266082253086125,51.91317569014613],[5.926497634475397,51.91331362281106],[5.926438926751596,51.91337380054824],[5.926399576891016,51.913477429609195],[5.9263053918964195,51.91371811500575],[5.926250276200943,51.913860871311634],[5.926186786794055,51.91401439825388],[5.926101838237889,51.91422557684286],[5.926018007985213,51.91443675023171],[5.925939500374274,51.91463975557926],[5.925918583068912,51.914692901512694],[5.92583833839533,51.91490505603154],[5.925792844061288,51.915020128398695],[5.925738720231592,51.91515374758423],[5.92570392171098,51.91523840779604],[5.925636387301336,51.91539310346425],[5.92560541689556,51.91545763887033],[5.9256020292196,51.91548301089465],[5.9255703147700665,51.91554732498813],[5.9255485809097115,51.91558213809174],[5.925411999733204,51.915863788679516],[5.9253663796148555,51.915953981327625],[5.9253327289819016,51.91602173781839],[5.925305400852148,51.916057942747244],[5.925251792332628,51.91616807242646],[5.925326574021717,51.91621526097185],[5.925356968039988,51.9162274809007],[5.925378231817556,51.91623830449199],[5.925177737866248,51.91639147861632],[5.925165838190568,51.91638701190438],[5.9251168701585195,51.91637617131578],[5.9250979212146015,51.9163741547747],[5.924954737720455,51.91640955973064],[5.92491681576088,51.91641687016127],[5.924879411766745,51.916421310884864],[5.92486807945122,51.916424167154986],[5.924842028655792,51.916425068376675],[5.924839400621742,51.91642530511576],[5.924781838876776,51.916421460797345],[5.924770546322515,51.9164191395135],[5.924765248812477,51.91641857950323],[5.924737969229984,51.916411540511],[5.924700349765313,51.91639555135563],[5.924666743440547,51.91637846521086],[5.924632131323642,51.91635506475862],[5.9246149213465,51.9163356025395],[5.924603882367299,51.91631438630137],[5.9245586948604485,51.91621011094646],[5.9245129984312515,51.91614589055478],[5.92448932410287,51.91612308720427],[5.924451052002412,51.91609261152979],[5.924406839092216,51.91606246861739],[5.924258418316726,51.91598563060061],[5.924280533438658,51.91596679751174],[5.924019646586461,51.915836901986694],[5.923981018046375,51.91581911951843],[5.923948410020918,51.91580158817307],[5.923897264336315,51.915777508013804],[5.923875399308793,51.9157978139986],[5.923466278409665,51.915606313185314],[5.923352523853148,51.915700914789035],[5.92319387168826,51.91583216940591],[5.923118533776423,51.915896466120735],[5.922752189419939,51.91619961922934],[5.922898022354499,51.91627534737944],[5.9226256153847165,51.91651517032549],[5.922554293922698,51.916484925556986],[5.921908349621574,51.91694025726741],[5.921974347336764,51.91697626130767],[5.922335906337056,51.9171744017342],[5.921803226621009,51.917618826119025],[5.921689035459904,51.91771410217393],[5.921970043083121,51.91786835092852],[5.922451722553568,51.91813273750905],[5.9227233712730305,51.91828184975337],[5.923474190648951,51.91869589454365],[5.924229893619101,51.919108734758154],[5.924283227671782,51.919138009100145],[5.924137612056859,51.91924432520183],[5.923930972659705,51.91939560161735],[5.923734935343802,51.919541346275565],[5.923330612768074,51.919834885919485],[5.92331887169378,51.91983499792216],[5.923307193548639,51.919835754110025],[5.923295669819525,51.91983714687474],[5.9232843919833575,51.91983916770922],[5.923273448502283,51.919841799132],[5.923262924888434,51.91984502007951],[5.9232529066219355,51.91984880679163],[5.923243470365256,51.9198531274592],[5.923234691316552,51.91985794938081],[5.92322663878494,51.91986323358982],[5.923166905478062,51.91990920349217],[5.922998962702448,51.92002575000991],[5.922927833782456,51.92006574049271],[5.92278630619335,51.92013994739972],[5.92272860270026,51.92017457335938],[5.922179165286,51.92058285198858],[5.921459312396136,51.9211005107028],[5.921194997664119,51.92128680285456],[5.921011432062763,51.92141801474468],[5.921001204802217,51.92142542096842],[5.920991803717299,51.92143323510971],[5.92098327053464,51.92144142102509],[5.920975644064022,51.92144994168571],[5.920968958754056,51.92145876008265],[5.920963244650142,51.921467835631304],[5.920958527425828,51.92147712686838],[5.92095482695175,51.921486593255445],[5.920949840279691,51.921494251612806],[5.9209439333050256,51.92150165528297],[5.920937140422303,51.921508762762286],[5.920929498944321,51.92151553343331],[5.920921054926342,51.921521928436135],[5.920911854456746,51.92152791160742],[5.920901950912451,51.92153344854835],[5.920891400610581,51.92153850754312],[5.920880262828227,51.9215430613572],[5.920868601193588,51.921547081836906],[5.920849933078491,51.92155173726554],[5.92083170852944,51.921557020768255],[5.920813981158316,51.921562917720024],[5.9207968074415875,51.921569409887624],[5.92078023800903,51.921576476368145],[5.920764323501754,51.92158409715694],[5.920749111611219,51.92159224866778],[5.9207346500064935,51.9216009055169],[5.9207209805437095,51.92161004234658],[5.9207081464995595,51.92161963109637],[5.920696186769749,51.921629641928156],[5.9206614418625465,51.92165396069029],[5.920281989575961,51.92193588042899],[5.919941847884683,51.922174296268814],[5.919671137589287,51.922367840639815],[5.919477847858911,51.92249499540544],[5.919194284784103,51.922666620002026],[5.9189250928203965,51.922826853403194],[5.918720139414847,51.92296745243505],[5.918451976163258,51.9231670046037],[5.9179227575644315,51.92356048412856],[5.917577025513041,51.92381754220532],[5.917394337508144,51.92395589012222],[5.917381571756585,51.923967931138975],[5.917369759637244,51.923980339074944],[5.91735893134891,51.92399308593023],[5.917349111233726,51.92400614013537],[5.917340320758023,51.92401947283076],[5.917332581345346,51.92403305156153],[5.917325911536967,51.92404684658045],[5.917320325470397,51.92406082366856],[5.917315837316484,51.92407495130358],[5.917312458312908,51.92408919617769],[5.917310195346975,51.92410352590118],[5.917309052378016,51.924117906300374],[5.917309034829003,51.92413230409355],[5.9173101408442745,51.92414668513277],[5.917312368589072,51.92416101706801],[5.917313884254576,51.92416970746336],[5.917314410435193,51.9241784427707],[5.917313946610256,51.92418717894893],[5.917312492269396,51.92419587285579],[5.917310054192541,51.92420448311373],[5.91730664786061,51.924212966508314],[5.91730228732179,51.92422128162909],[5.917296995346188,51.924229387026244],[5.917290796179777,51.92423724304116],[5.917283722800319,51.924244810874555],[5.917275808208182,51.92425205352463],[5.917267091227449,51.924258934862294],[5.917257616541134,51.92426542232743],[5.91702246196244,51.92442497634895],[5.916348883269797,51.92491710945956],[5.915626632367242,51.9254451866091],[5.915203152866237,51.92575552006562],[5.914843806705222,51.926020999244315],[5.914651294196075,51.92617225832725],[5.9145028086974305,51.92629309136199],[5.914042774577894,51.926652661509344],[5.913773291947892,51.92682890152184],[5.913556998674816,51.92696501191961],[5.913358575774749,51.927086552513714],[5.912559858339548,51.92756780826963],[5.9122397342429025,51.927750994440935],[5.911907120921764,51.927941839717874],[5.91135798688583,51.928255641218996],[5.910628060597097,51.928672471125154],[5.910029983216814,51.92901489677579],[5.90968527547959,51.929210040990014],[5.909408422494901,51.92936540541986],[5.909020572088817,51.92958566431053],[5.9086910517977795,51.929765997067676],[5.908241004767869,51.93001973263294],[5.907992336891297,51.93015904117857],[5.907411919447207,51.9304792993842],[5.906608113467622,51.93088833229262],[5.906372321772664,51.93100030052336],[5.9059932540565265,51.931180332118494],[5.905542293547829,51.931375124003395],[5.905146978049355,51.93154506755483],[5.904723150544027,51.93173176392781],[5.904347128443344,51.93190464889665],[5.904003220869174,51.93206726146145],[5.902460056833095,51.93279343563284],[5.901701850372745,51.93314784553821],[5.9017223087959145,51.93316305429101],[5.901765819075423,51.93320026467617],[5.901965662118015,51.9333711944821],[5.90197239498055,51.93338011747308],[5.9019261206210585,51.9333986116072],[5.901833325845674,51.93343570875858],[5.901863558899118,51.933463871961294],[5.90187844759752,51.93347773883503],[5.901879314729612,51.933478543996735],[5.9024269856652705,51.93399001316275],[5.903368638636589,51.93502584322054],[5.904684711215028,51.93649721527793],[5.904705251351127,51.936519290318735],[5.905775570631991,51.93766928939003],[5.90584661794137,51.93774562023876],[5.906083733857971,51.93800415952067],[5.907006727160848,51.93904669387681],[5.909296939264163,51.94158364828428],[5.909327363212664,51.941617345587204],[5.909699753774167,51.94203160337163],[5.909741834815426,51.94207840780794],[5.909864980079919,51.94221002614355],[5.909874081179067,51.94221974710746],[5.909909117226302,51.94225727079947],[5.90991620106991,51.94226486148468],[5.910411765324326,51.94279450195411],[5.911873007487684,51.944327796245226],[5.9124170253968975,51.94491494468449],[5.912463308490567,51.94496489330235],[5.912468847069744,51.9449708638341],[5.912524646373756,51.94503109760689],[5.912559395854605,51.94506861280484],[5.912766994581261,51.94529266513562],[5.912021373920543,51.94554668331791],[5.911910940418754,51.9455843074498],[5.910964823301658,51.94590661776872],[5.910994083358985,51.945958620249534],[5.911014019641381,51.9459906290752],[5.91113523922825,51.94618529044944],[5.9112339250017625,51.946328467594306],[5.911336890053424,51.946473099678656],[5.911401043317063,51.94657857140636],[5.9114660354646045,51.946674898133466],[5.911547279143638,51.94681019804265],[5.911582739801917,51.94686993871578],[5.911621674284875,51.946951865282045],[5.911622336921809,51.94695380382518],[5.91165086922204,51.947037996922695],[5.911657774821773,51.947078782535876],[5.911651208903132,51.94710315247042],[5.91162465135772,51.94711948605209],[5.91159340647204,51.94713673937778],[5.911559566087503,51.94714223842878],[5.911527400708202,51.94714544694072],[5.911512228853572,51.94715529400723],[5.9113665203417805,51.94727272131012],[5.911371066633465,51.947277159296576],[5.911396196876636,51.94730173843888],[5.911409729501579,51.94731342596389],[5.911579047612617,51.94746260670457],[5.911756589461759,51.94760844277143],[5.911934128575643,51.947753946012504],[5.912041767863902,51.947790354007694],[5.912017609137029,51.94782153482524],[5.912235633566646,51.94791142529047],[5.912263451033727,51.947887140183],[5.912288339479958,51.94790341491532],[5.913125160063675,51.94821343320587],[5.913614815301259,51.94840907688571],[5.913789544783802,51.94848666443078],[5.913957252365983,51.94856450788997],[5.914173190425744,51.94868913539033],[5.9142052146443564,51.94872089174934],[5.914228011178145,51.9487434853227],[5.914237621403039,51.94875301491006],[5.914239387478085,51.94875476872347],[5.91430147823929,51.94881629474443],[5.914387348949479,51.94895437634459],[5.914425291997759,51.94905408551457],[5.914780765321016,51.94957785467969],[5.914902395209099,51.9497433607636],[5.914971383250945,51.94982098962733],[5.914975448573831,51.94982529480478],[5.915054647085029,51.949896648813834],[5.915060543008349,51.94990076600118],[5.91516581269339,51.94996384140032],[5.915172733523689,51.94996728883707],[5.915181752467867,51.949971032457285],[5.915426216716389,51.950055378224306],[5.916186279511022,51.95031594163576],[5.91630439654987,51.950366724985535],[5.916426545852556,51.95042020456756],[5.916551894150082,51.95045506360405],[5.916695188661016,51.950494515661234],[5.916763916545373,51.95050289791334],[5.916899853077229,51.95052034327295],[5.919357753165279,51.950666154642576],[5.920533027383954,51.95075015538721],[5.922007041279388,51.950838826718446],[5.924319941654451,51.95098764538233],[5.924897383348491,51.95103210490289],[5.925758971673917,51.95109321004388],[5.9262771068860625,51.95113495032795],[5.926485474459755,51.95114502342052],[5.926640152573388,51.951144313735675],[5.926836224094747,51.95112135625747],[5.928284612460047,51.95082352764926],[5.928289807181817,51.950822461081955],[5.928301342902354,51.95082008897154],[5.9282953030940435,51.950817420246125],[5.9282777195207155,51.95080680495907],[5.928261604593824,51.95079735140457],[5.928247521709228,51.95078752895865],[5.928235482785598,51.95077832629332],[5.928223260485933,51.950765978523414],[5.928211601591976,51.95075210012768],[5.928200076240751,51.95073723238998],[5.92819264746924,51.95072432325108],[5.928187876978366,51.95071472759447],[5.928185418595846,51.95070386291827],[5.928182988385967,51.950695335101784],[5.928182174431244,51.9506881481107],[5.928181172764929,51.95067745649903],[5.928181303314259,51.95066415303478],[5.928181175459781,51.950653547286194],[5.92818245230913,51.95063880039929],[5.928184152518676,51.95062297295357],[5.928186999026284,51.95060570208509],[5.928189273308885,51.95059646949858],[5.928177254281205,51.950598565181394],[5.928213091132811,51.95045335410143],[5.928213216515181,51.95045289511498],[5.928223084774392,51.95042322386104],[5.928231934519573,51.950393530328704],[5.928239822958932,51.95036373335872],[5.928246735548841,51.95033383301847],[5.928252658179283,51.950303865326596],[5.928257605289212,51.95027382122845],[5.928261562660417,51.95024372775471],[5.928264400338004,51.950214870848164],[5.928264517374969,51.950213719791535],[5.928264514473251,51.95021227266897],[5.928264435765576,51.95018040907577],[5.928261193896708,51.95018056781176],[5.928257549202428,51.95018109692703],[5.928254082952691,51.95018194880406],[5.928250867874048,51.95018312310808],[5.928247976151256,51.95018457456494],[5.92824471546103,51.95018679173575],[5.928243227805726,51.95018767045968],[5.928228770704112,51.95019505357296],[5.9282152188744694,51.95020272014778],[5.928202326780434,51.95021081512898],[5.928190079226212,51.95021928465622],[5.928178563592525,51.950228137316174],[5.928168369736574,51.95023683108912],[5.928140806284153,51.95027315430332],[5.928084796743975,51.950364302943996],[5.928026312269079,51.950422709135005],[5.92792057338134,51.95047922937269],[5.927751654235578,51.95050870626394],[5.927709234551772,51.95050725643355],[5.927669120121644,51.95050517578841],[5.9276290990704,51.9505023936033],[5.927589215035837,51.95049890967799],[5.927549526310027,51.95049473273288],[5.927510032786161,51.95048985378039],[5.927470792972552,51.950484299517115],[5.927431806654417,51.95047805196737],[5.927393132123095,51.950471119851976],[5.9273550175177325,51.95046357393857],[5.9273230710965095,51.95045728501633],[5.927291276246173,51.950450294292324],[5.927259895001225,51.95044261853957],[5.927228942341276,51.95043429364332],[5.92719847634061,51.95042531034879],[5.927168526415487,51.95041569548626],[5.927139121657606,51.95040544892281],[5.9271102913748095,51.950394588500835],[5.927082093857603,51.950383122941666],[5.927054543868342,51.95037107015466],[5.9270276707142395,51.95035844798269],[5.927001532577516,51.950345256158805],[5.926976466704238,51.95033171784576],[5.92695243026336,51.95031910959641],[5.926928881783722,51.950305950808065],[5.926906040310611,51.95029231238294],[5.926883906384734,51.95027823926068],[5.926862523641836,51.950263731241726],[5.926841892190061,51.95024879731421],[5.926822070642642,51.95023347316321],[5.926803044454251,51.95021775885596],[5.92678485747645,51.95020167216827],[5.9267675100328825,51.95018524006429],[5.926751016668415,51.95016846247775],[5.926735406797588,51.95015136623923],[5.926720724271202,51.95013396912472],[5.92670630515012,51.9501154921888],[5.9266992158477105,51.95009568727948],[5.926693546519063,51.950076630880474],[5.9266889667939155,51.95005746161947],[5.926685506085212,51.950038206327044],[5.926683135409285,51.95001887412463],[5.926681899048654,51.94999951873967],[5.926681753258041,51.94998013138447],[5.926682727774866,51.94996076585314],[5.926684822597788,51.94994142214572],[5.926688023828351,51.94992215425621],[5.926688976556989,51.949917916337476],[5.926692289666175,51.94990311517979],[5.926692373155815,51.94990280020191],[5.926697689486773,51.9498840259568],[5.92669778752131,51.949883710912125],[5.926704181813826,51.94986506654573],[5.926704294393673,51.94986475143433],[5.9267117524251045,51.94984626397699],[5.926711894095145,51.949845948732104],[5.926720401535555,51.94982763622639],[5.926720557858697,51.94982732990262],[5.926729048562882,51.94981125558994],[5.926730427352529,51.94980857970063],[5.926736515521947,51.949795932014204],[5.926736932579451,51.94978948540202],[5.926735889414282,51.949780151220025],[5.926734569049175,51.94976832851754],[5.9267325058434395,51.949757632777136],[5.926730022967165,51.94974953661672],[5.926724969510711,51.949739357951934],[5.926711870450738,51.94972056935133],[5.926689803675559,51.949687853898425],[5.926685563308444,51.94968239042178],[5.926680554859003,51.949677164168676],[5.92667480828198,51.949672246909266],[5.926668396519441,51.9496676562853],[5.926661334764877,51.94966344615762],[5.926653710397073,51.94965962511349],[5.926645553154387,51.94965624694687],[5.926636950523823,51.949653329232916],[5.92662796090183,51.94965088968069],[5.926618044821438,51.9496488229041],[5.92628869871242,51.949592160658256],[5.92627170088601,51.949589056706614],[5.9262548560408606,51.949585367803685],[5.92623832449734,51.94958112017959],[5.926222208179923,51.949576322355504],[5.926206536503041,51.949571001161914],[5.926191353426303,51.94956518336297],[5.926176673279419,51.94955885091599],[5.926162876501958,51.94955219083392],[5.92611827197282,51.949528611968326],[5.926008431738923,51.94946284384778],[5.925976655574983,51.9494500641413],[5.925943296066664,51.94943746246287],[5.925909361895711,51.94942545664432],[5.925874896803674,51.9494140554731],[5.9258399154429675,51.949403267870125],[5.925804446902691,51.9493930937015],[5.925768535032094,51.949383550742915],[5.925732194483361,51.94937464791522],[5.925695454452918,51.94936639407255],[5.925658212800577,51.94935876271716],[5.925617764889687,51.94935061571878],[5.925577193636026,51.949343098460716],[5.925536338826654,51.949336193700034],[5.925495229334805,51.94932988332712],[5.925453894356658,51.94932417619661],[5.925412348651065,51.94931909021755],[5.925370621198972,51.949314616268396],[5.92532871221401,51.9493107723249],[5.925286679551384,51.94930753115686],[5.9252445381854075,51.949304928649404],[5.925202302336436,51.94930293777178],[5.925160816152296,51.94930159960299],[5.924783336927577,51.94932097973363],[5.924488148611812,51.94933716918311],[5.924175640511107,51.94935738292495],[5.923869413730421,51.94938227709069],[5.9235763507237715,51.94939866127927],[5.923536609129498,51.94940090095638],[5.9234965978791925,51.94940248569564],[5.923456520497899,51.94940340558001],[5.923416405970175,51.949403651488424],[5.923376312585804,51.94940323214389],[5.92333624034607,51.94940214754614],[5.923296247325909,51.949400388442015],[5.923256348179397,51.949397963753135],[5.923216528363481,51.94939487354593],[5.923176904240018,51.949391117290034],[5.923137446828265,51.94938670410606],[5.9230981852198585,51.94938163386163],[5.923059163158864,51.949375915346],[5.923020409629785,51.94936953943877],[5.922981939393843,51.94936252404978],[5.922943970950107,51.9493548951489],[5.92266085355127,51.949297832296566],[5.922331547497014,51.949220710152574],[5.921998570831163,51.94914428690859],[5.9219651989718765,51.94913785920534],[5.921931018065477,51.949131893582376],[5.9218965824264185,51.94912652234385],[5.921861906812477,51.94912176339915],[5.92182703453626,51.949117589585974],[5.921791980462494,51.94911402780162],[5.921756802662568,51.949111068793655],[5.921721486590194,51.949108712627876],[5.921686076092794,51.949106977081826],[5.921650600152187,51.94910585303502],[5.921615087856549,51.949105340355366],[5.921579568401341,51.94910544789848],[5.921544085206431,51.94910615748993],[5.921543867138909,51.94910616746961],[5.921172818975861,51.949117129570254],[5.921142918895627,51.949117633911115],[5.921113025125855,51.949117446107586],[5.921083152213038,51.94911656609348],[5.921053387535271,51.94911500246042],[5.92102371665544,51.94911276426241],[5.920994197541482,51.94910983325968],[5.920964888695062,51.94910623615182],[5.9209358045556435,51.949101963884985],[5.920906988866246,51.949097025249245],[5.920878499914391,51.94909142896851],[5.920850366898719,51.949085183898966],[5.9208226334547405,51.94907828984278],[5.920795343538876,51.94907077356589],[5.920768759709715,51.94906269679575],[5.920768453196873,51.94906260830283],[5.9204629013334555,51.948964349146834],[5.920220617913029,51.9488888036928],[5.92022020916103,51.94888867970829],[5.9201650962057,51.948872813350576],[5.92010924769093,51.94885747163054],[5.920052955580596,51.94884274310788],[5.919996263614005,51.94882863657176],[5.919939171895723,51.9488151610102],[5.919881680317542,51.94880230743422],[5.919823847163102,51.9487900845677],[5.919765672537022,51.948778501398046],[5.919707171088848,51.948767566846875],[5.919648357360793,51.948757280847666],[5.919589260227175,51.948747625292526],[5.919529894656968,51.94873863606689],[5.919470289526085,51.948730295052755],[5.919410430291054,51.94872260229752],[5.919350389987816,51.94871558446329],[5.919290124659068,51.948709214783534],[5.919229707346727,51.94870351989265],[5.9191691232898735,51.948698481880186],[5.919108285217132,51.948694101140866],[5.919107149441242,51.94869399841838],[5.918973848845754,51.94867765825125],[5.91894518777473,51.948672224050995],[5.918916577754287,51.94866618738851],[5.918888310001697,51.948659573911996],[5.918860413926868,51.94865241045395],[5.918832889636974,51.9486447060027],[5.918805780873956,51.94863646934893],[5.918779102076814,51.94862769143954],[5.918752897200208,51.948618399040996],[5.91872718078953,51.9486085920882],[5.9187021866267475,51.948598359408756],[5.918423915621289,51.94848537422231],[5.9181879845984,51.94836841303404],[5.918186710804351,51.9483677087016],[5.918175397611764,51.94836060501085],[5.918163727930149,51.948354105153584],[5.918151452690862,51.94834805745093],[5.918138615740413,51.948342479682154],[5.918125275470421,51.94833738955971],[5.9181114320932995,51.948332805059565],[5.918097173195984,51.948328752751216],[5.918084044878315,51.94832559417832],[5.917712920895758,51.948305050060036],[5.9177129031126645,51.94830502227617],[5.917616231074148,51.948298394462306],[5.917596062743503,51.94829646305734],[5.917576327993649,51.9482942959938],[5.9175525744767254,51.94829189538026],[5.917537082079697,51.94828918784383],[5.917517600005618,51.948286246626196],[5.917496440757694,51.948283052306216],[5.917478990241991,51.94827958058989],[5.917459848114696,51.94827586482494],[5.917403305681623,51.948263203469764],[5.917384762551122,51.94825847828762],[5.9173663911997805,51.94825351862905],[5.9173482059604,51.94824830645249],[5.917330177849849,51.948242850877186],[5.917311985611042,51.94823704549056],[5.917245803746052,51.94821118757549],[5.9171811040388675,51.948176577205444],[5.917133785611551,51.94815115192412],[5.917132958469941,51.94814946942407],[5.917132076558306,51.94814745999233],[5.917131296247047,51.94814543212585],[5.917130632080949,51.94814338575886],[5.917130084272128,51.94814133886742],[5.917129637957821,51.9481392645533],[5.917129308106683,51.948137198702476],[5.917129286725422,51.948136989368585],[5.917155787934819,51.94809124826555],[5.917169873046428,51.94804747047048],[5.917176498562792,51.947999570053405],[5.917184723971663,51.947816439667136],[5.917185992415148,51.947771619461804],[5.917193744261192,51.94749766137249],[5.917194226787198,51.94730748299883],[5.917190393134719,51.947254565647704],[5.917185475823254,51.947225042861774],[5.917176234401495,51.94716954684013],[5.9171576224690625,51.947116341962726],[5.917076546956045,51.94690709013871],[5.917058434803967,51.946860346568776],[5.91658810249237,51.945748843500375],[5.916478455155723,51.945483378648184],[5.916416366708508,51.945326572823866],[5.916217417880455,51.944848463298456],[5.915918155157097,51.944143127753826],[5.915877021038637,51.94402012814136],[5.915804235619339,51.94395151960136],[5.9157872683600425,51.943938418859965],[5.915459973891105,51.94368558048299],[5.915462602828937,51.94368528103951],[5.915310016265244,51.94356615986631],[5.915255776963055,51.943526189293685],[5.915059801749148,51.943381888358985],[5.915042034796979,51.943328457327276],[5.915036001565652,51.94332668942836],[5.915024137191948,51.943322900147535],[5.915012489503476,51.94331886181191],[5.91500107309647,51.94331457885027],[5.914989899679667,51.94331005750215],[5.914978983838416,51.943305301297364],[5.914968338746215,51.94330031736772],[5.914957976100794,51.94329511105356],[5.914947907600624,51.943289687695824],[5.9149381464292246,51.943284055324746],[5.914928702830361,51.943278219287556],[5.914919588512263,51.94327218582377],[5.914910813761151,51.943265963875604],[5.914902388830869,51.943259559689004],[5.914894325440368,51.94325298040217],[5.914886629502134,51.943246234078345],[5.914879312756103,51.94323932965318],[5.914872384001769,51.94323227337925],[5.914865849172912,51.943225075117226],[5.9148636031199455,51.94322243630918],[5.914862104778388,51.94322067680862],[5.914856264027337,51.943213506890125],[5.914850816042508,51.9432062201563],[5.914845768180111,51.943198823765215],[5.914841124908487,51.943191326685216],[5.914836892150512,51.94318373787809],[5.914833075807375,51.943176064508336],[5.914829678904102,51.943168316449565],[5.914826705908886,51.943160502670075],[5.914824159825383,51.943152631246186],[5.914822042213322,51.94314471115926],[5.9148203575408695,51.94313675137767],[5.914819107378572,51.94312876178175],[5.914818293275527,51.94312075045412],[5.914817913882728,51.9431127263892],[5.9148179722249425,51.943104699460896],[5.914818468396977,51.94309667775806],[5.914819399606393,51.943088671180604],[5.914820765958354,51.94308068871649],[5.914822566093458,51.94307273846142],[5.914824716166592,51.943065111118145],[5.914827274024663,51.943057531380575],[5.914830235421005,51.94305000915544],[5.914833598974903,51.943042550740735],[5.914837360429027,51.94303516514384],[5.914841515525998,51.94302786137229],[5.914846061441644,51.94302064662967],[5.914850989534165,51.94301352814506],[5.914856297000931,51.94300651491986],[5.914861978109142,51.942999614170155],[5.914868025681946,51.9429928340178],[5.914874432521617,51.942986180786995],[5.914881194360851,51.94297966258651],[5.914884747721858,51.94297647372059],[5.914757379566982,51.942901645960674],[5.913937232005705,51.942450091343275],[5.913280060867717,51.94197823846795],[5.9127709730566265,51.94156263917535],[5.912727456708214,51.9415152040475],[5.912628992735566,51.94140786395898],[5.912565689804945,51.94132992060152],[5.912376502835047,51.941117893028554],[5.912069229498121,51.94077456548755],[5.911712629071514,51.94037679502813],[5.911715115092482,51.94037548061286],[5.911944591167945,51.94025498851385],[5.911954679513242,51.94026518399554],[5.9126203087994735,51.939924806492144],[5.913437328382412,51.9394960797318],[5.91374131611202,51.93939406775035],[5.915826342682866,51.93831152715439],[5.916639626293632,51.93783631809024],[5.917085569666998,51.938285671012],[5.922145617338112,51.936969592646776],[5.922094174017945,51.936893797157396],[5.922167969681235,51.93687467182953],[5.923173738153288,51.93661400861106],[5.924013660547164,51.93639577370491],[5.927025257188669,51.93561409565623],[5.928557334471551,51.9352158815455],[5.928814975984524,51.935260656921145],[5.928948054335203,51.9353047071719],[5.929102351512345,51.935249740587366],[5.929976803972422,51.93498610958885],[5.929923685267718,51.934918784188085],[5.92996079358779,51.93490753813635],[5.929789935160668,51.9347283242805],[5.929698961330752,51.934632891369716],[5.929621110392224,51.93455123105474],[5.929528372256999,51.93445413430292],[5.928952632881996,51.934623831249844],[5.928920914504626,51.93459335379347],[5.928898911498871,51.93457387835923],[5.928865899716277,51.934551891952204],[5.92867728500151,51.93442630256327],[5.928637968667992,51.93444218653932],[5.928416455406042,51.93453169013597],[5.9284036624074625,51.934537134933166],[5.928300081391986,51.93458580349927],[5.928156291323727,51.93446858097341],[5.928269683954033,51.934414076996994],[5.928499876621095,51.934338817252275],[5.928541478136514,51.934329151795595],[5.92889881730577,51.93423230847867],[5.928590365196792,51.933754096845576],[5.928582052059028,51.93374118277658],[5.928577817999181,51.93373444925453],[5.928564461849751,51.933737668426595],[5.928546463942575,51.93370975229256],[5.92924197491276,51.93354231379413],[5.929245502499821,51.93354135103889],[5.929248878046518,51.93354020022729],[5.929252076921528,51.933538868663625],[5.929255073105138,51.933537369051706],[5.929257843441998,51.93353571048698],[5.929260366306642,51.933533908349396],[5.929262621484169,51.93353197441743],[5.9292645902792565,51.93352992585518],[5.9292662597795545,51.93352777710405],[5.929267617116135,51.93352554619994],[5.929268647944683,51.93352324938847],[5.929269348130967,51.93352090556455],[5.929269710622355,51.933518532737416],[5.929269732727673,51.933516148896466],[5.929269414686252,51.93351377381541],[5.92926875816896,51.93351142546338],[5.9292677677546415,51.93350912179583],[5.929266453838802,51.933506880742094],[5.92894920699156,51.93303274549271],[5.929177310161655,51.93297393929035],[5.929211387241172,51.93296561880794],[5.9297902271494065,51.932809467939215],[5.930016543725027,51.932752684457945],[5.930278621148471,51.932681169484376],[5.93033552772129,51.93266335202814],[5.930484252905566,51.93260902413077],[5.930625894496404,51.93254960178253],[5.930730120431517,51.932496067183436],[5.9307958743954305,51.93244330639191],[5.930836737396966,51.932398778190475],[5.930865976606788,51.932401539905136],[5.930861386776525,51.93237553325544],[5.930808613723105,51.932359418389126],[5.930735306679085,51.932322635132564],[5.930707046917577,51.93230637088537],[5.9306514645561945,51.93227438094015],[5.930687323528164,51.9322505718597],[5.93104027231617,51.93192509376861],[5.931050079291012,51.93191605992239],[5.931113306886242,51.93185781868658],[5.931220314958871,51.93175880083457],[5.931276967689206,51.93170636952559],[5.9314486641342015,51.93175608063178],[5.93163019826277,51.931810060373515],[5.93168844706146,51.9318187645801],[5.931753876457702,51.93165144140848],[5.931803459583724,51.93154560080402],[5.931969787470817,51.93123787208616],[5.931995664710084,51.93120819446211],[5.932010414906515,51.93119724194989],[5.932032737779455,51.93118475415206],[5.932083379627425,51.931165397293164],[5.9321122101149095,51.93115790475486],[5.932140392251575,51.9311529391763],[5.932265654570484,51.93113406761279],[5.932215380591952,51.931008023675545],[5.932198676602828,51.93096582121505],[5.93212529260834,51.930780423036474],[5.932052559793295,51.93061029229035],[5.932015704770299,51.93054682844215],[5.931978917203531,51.93049969810462],[5.931943881304507,51.93046223661497],[5.931854874383588,51.930375789172786],[5.931750927747858,51.93028138599545],[5.9315793958276215,51.93013533353419],[5.9314392043580035,51.93001596624098],[5.93111903228825,51.9297362194091],[5.931111608343718,51.92972973264189],[5.931042516060974,51.92966715115782],[5.930987338133471,51.92960192106094],[5.9309150030903055,51.92950469589202],[5.930876456893624,51.92946105368083],[5.930744284635146,51.929345021831374],[5.930526141004155,51.92936694501853],[5.930371323940847,51.9293812180412],[5.930279798761774,51.9293934959526],[5.930255843708102,51.92939878761075],[5.930100695890016,51.92924012647092],[5.930011294338738,51.929154816505644],[5.929892814723907,51.92904065297403],[5.929844950639492,51.9289946364623],[5.92977174990237,51.92892426313296],[5.929446753348055,51.92864490078097],[5.929425326978836,51.92862599804084],[5.9293542144028955,51.92856325411227],[5.929268495133165,51.928487670089915],[5.929267936601253,51.928487169312575],[5.929143838137475,51.928382981179055],[5.929047103618463,51.928301758100716],[5.928998413395511,51.928260878367155],[5.928724098565966,51.92803451630822],[5.92905807755095,51.927881092333955],[5.9291167809017145,51.92786552594977],[5.929089828938266,51.92785651077409],[5.9290524070935975,51.92782685961868],[5.928959772759729,51.92776686808751],[5.928693117857221,51.92755682784425],[5.928700154078005,51.92752435605207],[5.928562076449946,51.92741463910353],[5.928506852909107,51.92744120274809],[5.927884066039387,51.92770759384707],[5.9278349067854474,51.92766987973208],[5.927613302277889,51.92749684650841],[5.927478916342356,51.92739260506805],[5.927352476641118,51.92729381889855],[5.927492805590447,51.92721999776062],[5.927071278169704,51.92691372170106],[5.926867368017329,51.926782545952506],[5.92686348526789,51.92678004701515],[5.926842166822492,51.92676632965486],[5.9266457290723356,51.92664106058093],[5.926772306662935,51.92657256257415],[5.926530736025636,51.92639844960436],[5.926560054427588,51.92638128458811],[5.926623709506305,51.92634136224336],[5.926772813055534,51.92625298799306],[5.926752455448052,51.926240565936396],[5.926375591205393,51.9260225818206],[5.926543758838843,51.92591634838253],[5.926631973066063,51.925893031840694],[5.926797274017976,51.92577820024501],[5.9267744282818615,51.92576558647891],[5.926956793961866,51.92563968339673],[5.92691294917092,51.92561568784771],[5.92693650618396,51.92560039812399],[5.926967202273524,51.92558155212221],[5.9270100721607655,51.92555589984775],[5.9270496654762805,51.92553221310858],[5.92726875303032,51.92565531904991],[5.927295017226003,51.92569347121451],[5.927430108635952,51.92560548320133],[5.927515050211631,51.92565533456435],[5.927757968570002,51.92560051479194],[5.928034924262771,51.9254316225261],[5.92832685052793,51.92523751182093],[5.92839709304166,51.9251824359632],[5.928483342196045,51.92523147074678],[5.9285818800246854,51.9252838375],[5.9286187192949855,51.92530480233932],[5.9291134293181385,51.92498561716875],[5.929505138519695,51.92520335236051],[5.929989952541087,51.92490329435562],[5.930446998762604,51.925160054524966],[5.930467689519868,51.925195400392944],[5.930532635297155,51.925180867753625],[5.93057034511851,51.92517242937535],[5.930622826490232,51.92514436915463],[5.930939215076346,51.92506363975787],[5.9310255838833505,51.9250660480455],[5.931099541577656,51.925045530205125],[5.931135437550787,51.92502562985526],[5.931512066284887,51.92492579547386],[5.931602816284133,51.92489688339146],[5.9317121924963505,51.92485385392161],[5.932210892945374,51.9246341133981],[5.932183368378427,51.92461039285606],[5.932523680946663,51.92442850070445],[5.932955173757268,51.924194537214674],[5.932947544574827,51.92419036784359],[5.932946599868443,51.9241895506852],[5.932955742800314,51.92418454118886],[5.933054040202534,51.92410148950794],[5.933265133441076,51.923923894129686],[5.933228564093695,51.92391014991991],[5.933343436585557,51.92379152544767],[5.933446562875427,51.92368502968689],[5.9339314307786575,51.92385659995114],[5.9340969277897395,51.92391516268027],[5.934101121076561,51.92391091857878],[5.934247710411171,51.92396156935936],[5.934339363768189,51.92379880173928],[5.934408945725416,51.92382188369308],[5.934636461726432,51.92389722592925],[5.934817608572532,51.92395749445018],[5.934878521289313,51.92397775819635],[5.9349501073084685,51.92400157293847],[5.934938106958934,51.924021870030536],[5.934880821268561,51.92411876135984],[5.934855993602811,51.92415950767909],[5.93491101965353,51.924172331216774],[5.935647956097801,51.92438061810688],[5.935459886720467,51.92461277911118],[5.935355669988951,51.92473108625164],[5.935279448687526,51.92481452226677],[5.935396931765938,51.924853999873726],[5.935521611698685,51.924895888643846],[5.935609417737452,51.9249253924944],[5.935646977523349,51.9249379718275],[5.935773933401057,51.92498047890119],[5.935808573771341,51.92499208308077],[5.935665290078718,51.925154149002275],[5.935700950354521,51.92517187859134],[5.935721430962805,51.92518349496413],[5.935741392415049,51.9251954553188],[5.935760819954068,51.92520774174801],[5.935779699043203,51.92522035431953],[5.93579800049793,51.92523328418133],[5.935816707426915,51.925247272787004],[5.935834749608961,51.92526158807865],[5.935852127043671,51.92527623005645],[5.935868795680092,51.925291162972435],[5.935884770164459,51.925306395747285],[5.935956343653366,51.925388683543005],[5.9360069219874365,51.92544698924044],[5.936026370409514,51.92547048415367],[5.936093061300129,51.92554934309843],[5.9361423136564095,51.925608562767785],[5.936407002299654,51.9254213274312],[5.936494095017725,51.925511227508004],[5.9365798923031665,51.92559978530641],[5.936739679183438,51.925764722628486],[5.936749868314844,51.925775236430205],[5.936859526916296,51.925735785446484],[5.9368440462195275,51.92572055049328],[5.937032069538233,51.92565294039093],[5.937144391703751,51.92565176757049],[5.937393963796118,51.92577238405095],[5.937406861217298,51.92577848076302],[5.937480644203823,51.92579580388939],[5.936616990846365,51.92646768613552],[5.936405991568138,51.926631829465016],[5.936237475324657,51.92676292284738],[5.935731500363615,51.927158448817494],[5.935528684328806,51.92732378554831],[5.935413157662438,51.927436498892135],[5.935576517092525,51.92758818737223],[5.935632319375688,51.92763539235117],[5.935751451546946,51.927582170127124],[5.935951218943319,51.927500439128245],[5.936138499657187,51.92742631194039],[5.936296611573771,51.92736901774174],[5.936361200027063,51.92735036594243],[5.936401661835585,51.92734422826711],[5.936465472911019,51.92734142491933],[5.936511842098407,51.927345532515204],[5.936569724290517,51.927354968563215],[5.936628141615075,51.927366906268404],[5.936715169946929,51.927380284928326],[5.936804477230718,51.92739051229307],[5.9368501410723695,51.9273953079765],[5.937053254384882,51.92740597350562],[5.937124259715933,51.92741127699357],[5.937212565366409,51.92742244803168],[5.937315474454719,51.92743960616971],[5.937426232892401,51.927463509264456],[5.937475565471138,51.927478306975054],[5.937674426098939,51.927545365242004],[5.9378564361110815,51.92761319425315],[5.938035183741573,51.927684899724575],[5.938206497821001,51.92776119244395],[5.938224814900023,51.92774575693794],[5.938251535549207,51.92772322427236],[5.938262050646498,51.927714626025406],[5.938481477876857,51.92753521157247],[5.939577388649068,51.92664465537512],[5.939741808489557,51.92654455066725],[5.93982918161327,51.9265372096418],[5.940093828987142,51.926546939547706],[5.942187480297843,51.92765286777637],[5.942576345933422,51.927525905439715],[5.942791442505796,51.92739861846573],[5.942849821719431,51.92736269411513],[5.943618655139199,51.92688955176529],[5.94369737856791,51.92693857061683],[5.9439652127275915,51.92710536831975],[5.943988071495338,51.927119758413646],[5.943992065652263,51.92711826537652],[5.944385742300271,51.92729505415245],[5.944822866079821,51.92737602501282],[5.944934631576202,51.9270640258591],[5.945104566615216,51.92714066381663],[5.945147955891702,51.92715985492183],[5.9452058609648875,51.927181880354],[5.9452764373773554,51.92720455566406],[5.945345665827876,51.9272205409197],[5.945450710099985,51.927237084042],[5.945990310684831,51.9273197388546],[5.94601252747932,51.927323372402775],[5.94604188271585,51.92732816746288],[5.9461327164781315,51.92734300683329],[5.946156067852048,51.927352522409876],[5.9461638792063445,51.927357518797415],[5.946172817615569,51.92736662654524],[5.946177319276723,51.92737437117397],[5.9461781565221274,51.92738556683345],[5.946283159563554,51.92739372226177],[5.946262379080988,51.92742639627719],[5.9462127805285645,51.927529775030635],[5.946120365154607,51.92776865199027],[5.946024741696126,51.92803254107627],[5.9459328958169335,51.928295144733546],[5.945838992041172,51.928561874811905],[5.945752091096207,51.928811924858074],[5.945671237487128,51.929037425527184],[5.945598776817548,51.92924108020741],[5.9455305406809735,51.92943608582645],[5.945452868624848,51.92965687921825],[5.9453650330835845,51.9299057738545],[5.9452760696710945,51.930157586035676],[5.945193634485424,51.93039894050889],[5.945132818947987,51.93057476517033],[5.945088520242883,51.93070847229244],[5.9450493367506825,51.930863035331484],[5.945029309857617,51.93098780051371],[5.945015965661253,51.93109573451288],[5.945018530524174,51.93122492263046],[5.9450319707662835,51.93144065405264],[5.9450442279585705,51.93166413914593],[5.945050640729737,51.931858421469734],[5.9450359296383475,51.93204359088762],[5.945011900415453,51.9321915023797],[5.944987720408468,51.93230154615347],[5.944952616523668,51.93241127324375],[5.944876295250545,51.932576403122475],[5.94475700161905,51.93275754756773],[5.9445237934053115,51.93306962793792],[5.944461381623721,51.93316187596625],[5.944417593576616,51.93325157280899],[5.944383560946332,51.933347029928605],[5.944367006313011,51.93343816880076],[5.944366125735636,51.93344301955824],[5.9443634226526605,51.93358958036477],[5.944385535584202,51.93379898772359],[5.9444137826449,51.93395666431854],[5.94445022830565,51.93410943926451],[5.944498201093866,51.93424197143165],[5.944567133461249,51.934411265872136],[5.94465168922451,51.93459507443928],[5.944692650116536,51.9347038527049],[5.944731475910047,51.93480695857624],[5.9447613292423425,51.93489478706242],[5.944776638267836,51.93501396441626],[5.944776467517914,51.93513952511957],[5.944752117143039,51.935302754358936],[5.944697103166072,51.93563726946069],[5.944695294933828,51.93565325054337],[5.944675707079015,51.935779658380405],[5.944643390540878,51.935985305986456],[5.944613707094346,51.93620160140733],[5.944591128879557,51.93637296572935],[5.94457394599464,51.93649284549089],[5.944569822630587,51.936664355875656],[5.944581027142191,51.936738731660675],[5.944599706283105,51.936773414913816],[5.944624892588472,51.93680373935542],[5.944651490879368,51.93683312229421],[5.944702047303761,51.93690071296275],[5.944621949594486,51.93694557769941],[5.944584392097257,51.93696991591787],[5.944557153306994,51.93699412428886],[5.944528308202151,51.9370254078957],[5.9445095651663955,51.937051409608884],[5.9444908921234925,51.93708316809404],[5.944483680617894,51.93710388653105],[5.9444561432245315,51.9372087766885],[5.944444712240883,51.937263517566585],[5.944420247199493,51.93733957435243],[5.944412760499026,51.93736284770988],[5.944365222624626,51.9374858554279],[5.944295465896658,51.93762423085487],[5.944209878735741,51.93776429020437],[5.944084940251373,51.93794774347839],[5.94395906835331,51.93812754273246],[5.9438137402392535,51.93832981525258],[5.943681957554145,51.9385022177253],[5.943579595563413,51.93862553862002],[5.943456830621978,51.938759472489586],[5.943289098832712,51.93892621114917],[5.943183610265389,51.93902269796678],[5.942900143977823,51.93926674493523],[5.942630188724501,51.93949113251847],[5.942356619204716,51.9397174690573],[5.942216349319574,51.939840545333766],[5.94210395133342,51.93994784993075],[5.941995171074591,51.94005774309081],[5.941973215013844,51.94007992327675],[5.941850651130404,51.940214357819386],[5.941576175578953,51.94052814541604],[5.94123460847288,51.94092896922829],[5.941203995405998,51.940959504393525],[5.941167033025132,51.941002787238354],[5.941128722694667,51.94103631137175],[5.941068238195585,51.94107972482502],[5.940988970479534,51.94112250318736],[5.940945147076816,51.941137206255014],[5.9408080736894755,51.94117534196342],[5.940784211651241,51.94117938861072],[5.940686770486445,51.94118751111132],[5.940556054012303,51.9411889958424],[5.940332436773512,51.94119035053779],[5.940056413520862,51.94117485981163],[5.939837288544112,51.94115611852784],[5.939764555211785,51.9411516409171],[5.939683534044037,51.94115073378527],[5.939602078297992,51.94115587427136],[5.939529955382555,51.9411655441625],[5.939446776613473,51.941184190575584],[5.939296969881648,51.941231953381156],[5.939224125237983,51.94126797517882],[5.939131824418287,51.94132220181856],[5.938947293573856,51.941436468273075],[5.938843102920298,51.94151305892657],[5.938795348113655,51.94155326366771],[5.9386964680968655,51.94164677428798],[5.9386873366169395,51.94165650398444],[5.938601215375288,51.94174826392901],[5.938466476369596,51.94191874885705],[5.938300283675479,51.94216117542988],[5.938299995055941,51.94216159564472],[5.938299689109173,51.94216214447569],[5.938173201057159,51.942388180312115],[5.938058673347212,51.94263929164444],[5.937998079755459,51.94280210200055],[5.9378812797249845,51.94319924648284],[5.937726571385254,51.94374683091066],[5.9376914085392904,51.943830685210635],[5.937657820016262,51.94389397015976],[5.937619551971904,51.94395032894387],[5.93759271525,51.94398188001125],[5.937547304609747,51.94403184907352],[5.9374913039092645,51.94408724458451],[5.937407186982661,51.944155034616465],[5.937372910963326,51.94417474761853],[5.937362585985805,51.944179606561015],[5.937418265342623,51.944224796004875],[5.937444380382246,51.94424859829834],[5.937455310657371,51.944262502588735],[5.9374652447686005,51.94428305849621],[5.937465546243773,51.94430764677147],[5.93744982443667,51.94434161399591],[5.937393487025489,51.94439770224367],[5.9372721302113876,51.94450393837484],[5.937181290274571,51.944579956260725],[5.937128148307351,51.94463337064404],[5.937068728032273,51.944701435873476],[5.9368849862322834,51.944921460485624],[5.936794548801634,51.945029755475936],[5.936688933272943,51.94514442494298],[5.936483321560294,51.94536766113531],[5.936280900110313,51.945587429590475],[5.936076128348679,51.945809746993675],[5.935872978044173,51.94603030281253],[5.935673710026746,51.94624663985304],[5.935647735769337,51.94627484003559],[5.9357063650674045,51.9462954636929],[5.935359732975391,51.946653013002845],[5.935003375852556,51.94701921929628],[5.934895523457829,51.94713012955692],[5.9339961922589035,51.94807041721875],[5.933995389542765,51.948071268562266],[5.933994598506125,51.948072123446835],[5.9339938206253215,51.94807298366326],[5.933993054424016,51.948073847420666],[5.933992302822025,51.9480747156044],[5.933991562910543,51.948075588228036],[5.933990836143675,51.94807646528476],[5.933990122522018,51.94807734677452],[5.933989422023233,51.948078230899746],[5.933988733225691,51.94807912036352],[5.933988059005568,51.94808001245604],[5.933987397930491,51.94808090898173],[5.933986749989408,51.948081809041625],[5.933986115181993,51.9480827126358],[5.93398549496316,51.948083619757554],[5.933984886423889,51.94808453042023],[5.933984292472722,51.9480854446106],[5.933983711655654,51.948086362335104],[5.933983143961687,51.94808728269514],[5.93398259085587,51.948088206582675],[5.933982050884109,51.948089134004455],[5.933981525489986,51.948090064055016],[5.9339810132185296,51.948090996741],[5.93398051407023,51.948091932062546],[5.933980029510256,51.948092870911594],[5.93397955807343,51.94809381239602],[5.933979101203035,51.948094755610605],[5.933978658921015,51.94809570235252],[5.933978229750934,51.94809665083116],[5.933977815158497,51.94809760193846],[5.933977413688953,51.9480985556815],[5.933977026785884,51.948099511154176],[5.933976654460195,51.94810046925571],[5.933976296701206,51.94810142908722],[5.933975952054211,51.9481023906553],[5.933975621984598,51.948103354852215],[5.933975306481469,51.948104320779066],[5.933975005534036,51.948105287536976],[5.933974717709553,51.948106256930444],[5.933974445895092,51.948107227148164],[5.93397418719258,51.948108199102656],[5.933973943056718,51.94810917278711],[5.933973713487182,51.94811014820155],[5.933973498462398,51.94811112354817],[5.933973298015219,51.94811210152367],[5.933973110657925,51.94811307943821],[5.933972939321828,51.94811405907599],[5.933972782541223,51.948115039544795],[5.93397263886167,51.94811602085151],[5.933972511181202,51.948117002083926],[5.933972396612904,51.94811798505301],[5.933972298043472,51.94811896794753],[5.933972212575262,51.948119951680084],[5.933972143117144,51.948120936237046],[5.933972086749245,51.948121920733016],[5.933972066570206,51.948122413393236],[5.933872800213869,51.94826227134878],[5.933726860903313,51.948222501991225],[5.933633715275868,51.94819711932864],[5.933493763389989,51.94819212597446],[5.933023856271602,51.94819956977778],[5.9329664872627,51.94834438367749],[5.932910417637707,51.94848591702559],[5.93288728019107,51.948539638654964],[5.932787805931838,51.94875115963114],[5.932694680007565,51.948974172429956],[5.9326109155623925,51.94898398727724],[5.932529353337017,51.94900613296932],[5.932453385146622,51.94902982024011],[5.93236734810561,51.94906307198513],[5.932297351080425,51.949093852969725],[5.932234041331251,51.94912768413903],[5.932229515337318,51.949130492434605],[5.932191403106151,51.94915413881406],[5.932156326657357,51.94911838098298],[5.932127945588533,51.94908944398121],[5.932116385611897,51.94906460861728],[5.9321161891561465,51.94900410840455],[5.932113444865984,51.94899971679294],[5.9321040544245935,51.94899542789681],[5.931845951510671,51.94895799174353],[5.931845492992199,51.94897893691942],[5.931857708672126,51.94905421236883],[5.9318499519841295,51.94913060498377],[5.931789594181478,51.94929421330087],[5.931692561998411,51.94953184035951],[5.931688147183152,51.94954441763809],[5.931683021073206,51.94955711506054],[5.931677253558451,51.949569698604044],[5.931670859183362,51.94958216820121],[5.931663837729647,51.949594505876036],[5.931656203741663,51.94960671156095],[5.931647956891906,51.949618758292104],[5.931639111616142,51.94963063701439],[5.931629682459135,51.94964234765992],[5.931619654657202,51.949653872320134],[5.931609057191238,51.949665201872506],[5.931597889734178,51.949676309352846],[5.931586181593559,51.94968721260215],[5.931573932333417,51.949697875668754],[5.931561141953565,51.949708298552295],[5.931545014641896,51.94972063344412],[5.931394437792721,51.94976646149183],[5.93118056547086,51.94980103213806],[5.931160729880831,51.94980385640685],[5.931141166397983,51.94980632886465],[5.931121541355157,51.94980852296306],[5.9311018110084195,51.9498104299156],[5.931082033538641,51.94981204945336],[5.931062194401099,51.94981338164347],[5.931042293487408,51.94981441749811],[5.931022374542072,51.94981516580328],[5.931002437565737,51.94981562655874],[5.93098248255874,51.94981579976475],[5.930962523957709,51.949815676365965],[5.930942576417096,51.94981526528317],[5.930922654373489,51.949814557460996],[5.930902758045285,51.94981357087531],[5.930882916305383,51.949812287415924],[5.930862532257069,51.949810664900944],[5.930776724632765,51.94979979022994],[5.9307046985413425,51.94979665373081],[5.93067531698664,51.94980397132258],[5.9302563898964555,51.9498674690816],[5.929714418164316,51.949957554748345],[5.92926743754931,51.95002537603094],[5.928891839055097,51.95008524451767],[5.928570525346081,51.95013303305251],[5.9285704347131425,51.95013275482878],[5.928336773142275,51.95016831026292],[5.928334249300855,51.95021595152866],[5.9283311018363225,51.950246859223206],[5.928327020647924,51.950277537516726],[5.9283219787028925,51.9503081573135],[5.928315990435859,51.95033870955849],[5.9283090558451335,51.950369194251714],[5.9283011746034795,51.9503995844292],[5.928292346709241,51.95042988009057],[5.928282697650554,51.95045963123716],[5.928238234808889,51.950631361929005],[5.928235849780847,51.95064226687249],[5.928234582368124,51.95065296892697],[5.928234376989946,51.950663684070314],[5.928235262629692,51.95067440318088],[5.928237180348106,51.950685063610784],[5.928240173348421,51.95069562920749],[5.9282442119990355,51.950706055165185],[5.928249281429771,51.95071631458701],[5.928255366553879,51.95072636260005],[5.928262423193957,51.95073615446572],[5.928270451025243,51.950745663219614],[5.92827759434198,51.95075299185786],[5.928279317621661,51.95075476363334],[5.928281243021173,51.95075640864066],[5.928287916032263,51.95076213051565],[5.928297368403178,51.950769142918084],[5.928307601248699,51.95077573825989],[5.928318526970577,51.950781889978806],[5.9283301305896074,51.950787562189895],[5.928342309962131,51.950792728397985],[5.928355064762718,51.950797361638884],[5.928368292847673,51.950801435417645],[5.928378827977934,51.950804146363744],[5.9283818026528,51.95080353943362],[5.929044211667589,51.95066732460933],[5.929446237060843,51.95059232309475],[5.929494480646003,51.95069050579695],[5.929522022921825,51.95074518114748],[5.92952207416137,51.950745810100564],[5.929537339206223,51.95094129178391],[5.929564899938129,51.951240595919884],[5.9295648788199244,51.95124606996597],[5.929567826089321,51.9512504157526],[5.929747751783224,51.95146221559042],[5.929916268863336,51.95166030654933],[5.929919210541506,51.951664184954964],[5.929921787943683,51.95166921556035],[5.930038259676915,51.95199485860129],[5.930038991041312,51.95199759669245],[5.930170737372405,51.9522714406997],[5.93021050594381,51.952312118372035],[5.930312459860162,51.95242110838008],[5.930327923608822,51.95243436676509],[5.930386054638339,51.95250542129779],[5.930520721478203,51.95266695008897],[5.930567080126723,51.95272201460941],[5.9306712309215825,51.95283808601555],[5.930717296756423,51.95286894601484],[5.9308723143829205,51.95288736555947],[5.931037027534586,51.953127223710595],[5.9312333586513555,51.95342030855204],[5.931150471716315,51.953484141352924],[5.931097933589385,51.95352426605202],[5.931066480321143,51.953550486972595],[5.931045375962777,51.95356759069475],[5.9310164995757715,51.95359518389719],[5.93099280615262,51.95362072173523],[5.930972794701022,51.953643986444305],[5.930963759305712,51.953654661537],[5.930956488767923,51.953664519508145],[5.930950934875247,51.953673183067416],[5.930943886823575,51.953684595005264],[5.930914457607406,51.95377222439068],[5.930915189740657,51.953778620758996],[5.930907173544244,51.95386740948353],[5.93090826804849,51.953871296407016],[5.930937895119674,51.953969258986284],[5.930941085343802,51.9539768214681],[5.9310189439954,51.95416177556522],[5.9310575118641005,51.95423281239274],[5.931060080442456,51.95423829243397],[5.931065234281749,51.95424582785154],[5.931164505599376,51.95439339882745],[5.931234359226358,51.954498707486486],[5.931244284669573,51.954513438514866],[5.931297586490018,51.954592595526435],[5.9314105680465605,51.95474656551174],[5.931444000298022,51.95478390143848],[5.931461697297713,51.954816869924876],[5.931464672518185,51.954841475428566],[5.931453871337877,51.954852904770064],[5.931439662368368,51.954861635384106],[5.9314271406406975,51.954866744841844],[5.931411899515279,51.95486953888616],[5.931381334714226,51.95487431839349],[5.931322406384854,51.95487825842312],[5.93130459111589,51.954881118298104],[5.931272407030573,51.954890327573025],[5.931239529217789,51.95490831274534],[5.93121457226871,51.95492927237548],[5.931209025737133,51.95494215147908],[5.9312083068016195,51.95496924589737],[5.931232751379832,51.955006812228575],[5.931246440006907,51.95502834805086],[5.931272698355574,51.95505472438837],[5.931307323809477,51.95508127771777],[5.9313327006511525,51.955094939510595],[5.931356584668834,51.95510546226136],[5.931395243810754,51.95512513873172],[5.9314251629349295,51.955139076096344],[5.931441218083995,51.95514821490113],[5.931464248558904,51.95516512335823],[5.931487559991518,51.95518600339063],[5.93150432232286,51.955205466604745],[5.9315339155850815,51.95524290117462],[5.931544041697332,51.95525976150298],[5.931551331886143,51.95527189806528],[5.931551238919342,51.95528941692188],[5.931545386417042,51.95531664297215],[5.931539179693975,51.955348248021586],[5.931511490661151,51.95542342052077],[5.9314518663954345,51.95555834305273],[5.9314490926383225,51.955574337299446],[5.931457008375741,51.95558647097127],[5.93146670331254,51.95559656502352],[5.931494455099324,51.955626089331595],[5.93151478063062,51.95564305524369],[5.931523113756005,51.9556500186388],[5.931550497891337,51.95566482160837],[5.931632559263104,51.95568853057595],[5.931653481942051,51.95569355708073],[5.931660123181099,51.9556965644093],[5.931662251225199,51.95569929602133],[5.931668832996765,51.95572977222794],[5.931707974287177,51.95587903237322],[5.931728871608624,51.95595868082044],[5.931791377513987,51.95620503345303],[5.9317950655691725,51.95623081312513],[5.93179841398034,51.956260971729044],[5.931795654960318,51.95627697490274],[5.931791320474248,51.95628903047106],[5.931790165125029,51.95629212783813],[5.931784246613056,51.95630792093648],[5.931658096786268,51.956618165144725],[5.931617405098916,51.95673383585341],[5.931569189326159,51.95687089066943],[5.93156598300336,51.95690879168775],[5.9315680767454735,51.95692068265547],[5.931580867533525,51.956976072966015],[5.931617924866617,51.957075816598056],[5.931634923988288,51.95712672017188],[5.931645682503507,51.95714530333571],[5.931648773288659,51.95715063712966],[5.931666437923397,51.957173655552104],[5.931676647188191,51.95718174278755],[5.9317039059386865,51.95720411454806],[5.9317532173642435,51.9572382488686],[5.931778929785232,51.95725667287133],[5.931789217063625,51.95726519117958],[5.93179665320243,51.95727134076397],[5.931807283577015,51.95729494004235],[5.931805009335438,51.95730893655152],[5.931791308379062,51.957324819628056],[5.931752014290457,51.957362078850274],[5.931648244991729,51.957453585123396],[5.931631916069418,51.9574723117013],[5.93162019324243,51.957485767713194],[5.9316135120376705,51.95750106996859],[5.931619361673135,51.957539531273746],[5.931622443944266,51.957763571215935],[5.931672555616452,51.958007464492944],[5.931679460612976,51.958080130810146],[5.93168497828215,51.95817034893578],[5.931689150419876,51.958316328423706],[5.931694362036813,51.95842088448357],[5.931701207688578,51.95852101966299],[5.9317115459032275,51.95857806618723],[5.931723490022245,51.958611591582375],[5.9317339996425265,51.95863360946243],[5.931739321770793,51.95865495926012],[5.931758447471339,51.95886901962707],[5.931789974590066,51.959198595556956],[5.93182729816681,51.959245773627934],[5.931825975031483,51.95934891280607],[5.93183062832229,51.959482944437674],[5.931982364807566,51.95954914220444],[5.932021651951137,51.95956628082817],[5.932100947047111,51.95960599268546],[5.9321643840540155,51.959639746770215],[5.932230928646675,51.959681387229836],[5.932282929228825,51.9597078776984],[5.932334396987399,51.959726433846164],[5.932391231725668,51.95973886195245],[5.932456381295271,51.959750685200554],[5.93262815186524,51.959768845032116],[5.932742748189782,51.959778964624675],[5.9328004319862,51.9597870202254],[5.932805124770763,51.9597876725792],[5.932925461353724,51.959797235039446],[5.933154676212073,51.95981448927834],[5.933340727715209,51.95982849202758],[5.9335875197469194,51.959892448465574],[5.933748126918298,51.95993407335929],[5.934156345377314,51.96003986519515],[5.934594916782483,51.960155284712116],[5.934674685163775,51.9601762787612],[5.934929100469038,51.96024225524251],[5.935597113759822,51.960415476042996],[5.936049649969846,51.95974990256456]]]]},"properties":{"buurtcode":"BU17050212","buurtnaam":"Buitengebied Huissen","gemeentenaam":"Lingewaard","aantalInwoners":1280,"crime_violent":8,"crime_property":0,"crime_disorder":0,"crime_count":8}},{"type":"Feature","geometry":{"type":"MultiPolygon","coordinates":[[[[5.830991229490647,51.94523770732918],[5.83103174993503,51.9452318018209],[5.831085817102232,51.94521326145809],[5.831110420702692,51.94520094440208],[5.83113233299033,51.945195918069615],[5.83115266946181,51.945193324539126],[5.831319409862925,51.94518487491806],[5.831439078022854,51.945181636413864],[5.831549316707869,51.94518086028264],[5.831873096770156,51.94518310560989],[5.831908449327399,51.945184086447675],[5.832286615971417,51.945183913767394],[5.832488258870175,51.94518387827431],[5.832488866364572,51.94517034849942],[5.832878393658683,51.94516887251641],[5.8335969924444955,51.94517521549158],[5.834153291666852,51.94517143011022],[5.834562035374953,51.945167367741305],[5.834734698481634,51.94515930420081],[5.8356736159312845,51.94516567646882],[5.835966709340721,51.94518409876019],[5.8360719667589525,51.94518261833313],[5.837171993101407,51.945177388630235],[5.837234254659181,51.94517709638727],[5.837304155058347,51.945177107435924],[5.837306664818177,51.94433986807945],[5.8373072059768045,51.94415893031515],[5.83740266009967,51.9441561829057],[5.838252048876605,51.944131759591116],[5.838595058140068,51.94412189515766],[5.838641292743327,51.94412036038572],[5.838651807606362,51.944147779453516],[5.838670840762507,51.94417041096556],[5.838715558100017,51.94419875930535],[5.838761976994148,51.94422709210422],[5.8388290033578185,51.94426538572254],[5.838899472695896,51.94430471771306],[5.838952640932609,51.944296999151696],[5.838958844687127,51.94429634612774],[5.839466259921668,51.94424303572209],[5.840515724827472,51.944138656957165],[5.842239751530604,51.94396260237359],[5.842243513504447,51.94397072228379],[5.843022639155281,51.94388086761307],[5.844008639528133,51.94376004818895],[5.845507934954759,51.94355119301682],[5.845995983179091,51.943480034132975],[5.8478229684251835,51.943222348618534],[5.849679605530793,51.94294383572701],[5.849781369416218,51.943183856369686],[5.850091118330187,51.9438602346906],[5.850380605021612,51.944481952815835],[5.85039408551849,51.944509943427676],[5.8516943130765195,51.9442787562523],[5.852372505580105,51.94415816547029],[5.852689316352213,51.944101821840846],[5.852821912676911,51.944078240713495],[5.852954343365322,51.944054688854905],[5.8532671152265605,51.944007303093855],[5.853558905368586,51.94395768971305],[5.8539357036614605,51.94389401292003],[5.8546877267804875,51.94375972292528],[5.855313000371712,51.94365101039769],[5.855823984443568,51.94355754500204],[5.8564581729077965,51.94344931214763],[5.857571129143825,51.94325673794283],[5.859168417517977,51.94298320197552],[5.8592407755504015,51.942972440014],[5.860047681015726,51.94283227750534],[5.860354161385083,51.942780044407314],[5.860810131852314,51.94269858040496],[5.861331853770619,51.94259936707673],[5.861361927620522,51.94259364602839],[5.861391939219105,51.94258616350017],[5.861506349595126,51.94257533299338],[5.861630956389374,51.94256353722348],[5.861696158064512,51.94254867695887],[5.861753670282847,51.942535582454155],[5.861796673751585,51.9425257823083],[5.8619345756926755,51.94250377926687],[5.8619756548368,51.94251004906834],[5.862011429234785,51.94253315754631],[5.862022668454106,51.94255074736529],[5.862081291009195,51.94264258760232],[5.862237149968033,51.94288669368571],[5.86224308137326,51.94288921343255],[5.863237804307684,51.942763855824175],[5.86425269423381,51.94263581030073],[5.865242910331697,51.942513015651066],[5.866153718445569,51.94240022563879],[5.866783974201351,51.94233196925254],[5.867278515214145,51.942279310299135],[5.867783203163812,51.94224128582304],[5.868113619881984,51.94221583683977],[5.868500179719133,51.94218414386738],[5.868780958674798,51.9421329287411],[5.869130282549554,51.942071104321776],[5.869726844329884,51.941963394339794],[5.8697118053221935,51.94193217645938],[5.870451760840545,51.94179201932248],[5.871235927558806,51.941642812934006],[5.871892877388926,51.94152169324453],[5.872097245933659,51.94147387716071],[5.872419130629163,51.94139043113956],[5.872631931995846,51.94133579307747],[5.873282606692782,51.94116644178152],[5.873467012445761,51.94111936198975],[5.873753787730818,51.94103347783113],[5.874057059559229,51.940964216105804],[5.874444069112465,51.94085341274762],[5.874605304151041,51.94081559535157],[5.874633605523163,51.940808961425994],[5.874740333698541,51.94077655612801],[5.874755382924944,51.94078567087153],[5.874971488777502,51.9407024137581],[5.875196601959292,51.940619712088875],[5.875812718996462,51.940379715471195],[5.87607575148848,51.940267156822564],[5.876189778917213,51.940198811185475],[5.87626562082367,51.940144196779926],[5.876299535415496,51.940113576024075],[5.877203976770103,51.9391688319918],[5.87747214110038,51.938993186132215],[5.87751851675839,51.93896521855261],[5.877861292414484,51.938833186897604],[5.878150700562835,51.938798649619294],[5.8781633795402755,51.938797140546924],[5.87837295984354,51.938772167171194],[5.8785927789085,51.93874597314221],[5.878610555590406,51.93874385846677],[5.878722917518586,51.93873925405734],[5.878824522518837,51.93873505406211],[5.8792130897416115,51.938694868187774],[5.879485242207971,51.93864779809035],[5.87954106612936,51.93863151999892],[5.879669413358038,51.93859411194472],[5.879769942684034,51.93856481100665],[5.88134220028037,51.938257280596225],[5.881396195488065,51.938246716942515],[5.88159736043897,51.938171716706776],[5.881649320483488,51.93815331461617],[5.881851583067002,51.938081661999725],[5.882339420740546,51.93789246954755],[5.882637746731482,51.937819574975386],[5.882830865258285,51.9377668977732],[5.883569784834577,51.93766517709748],[5.883650867355986,51.93764998404113],[5.883752344868725,51.93763096919609],[5.883770179333677,51.93762888045556],[5.883903385598366,51.937613253102256],[5.884355384645835,51.93755067057271],[5.884489628696538,51.937526373336745],[5.884640612978602,51.93749049994286],[5.884822113662222,51.93743957641238],[5.8848937498839335,51.93741489656572],[5.885022607995768,51.93737050545768],[5.885337957526726,51.93721793053031],[5.885364976607528,51.93720485473999],[5.885651959575966,51.9370659896473],[5.8862624705282425,51.936770574776254],[5.886480147186554,51.936655677335864],[5.886922855351212,51.936421984907994],[5.88703497178226,51.936474270224174],[5.887144801870585,51.93642571512749],[5.8876537172056285,51.93618859232424],[5.887768594623205,51.93613507151778],[5.8877807315686645,51.93616719836635],[5.887972896243166,51.936095371365376],[5.888122144176564,51.93610003861007],[5.888252795029147,51.93611916640711],[5.88829377735626,51.93611564801784],[5.888331084161542,51.93611244190189],[5.889728502905975,51.93599242199506],[5.889957252381984,51.93597532759721],[5.89054127185113,51.935931688237204],[5.890551077285655,51.93593079234924],[5.8924115616449,51.93576088431408],[5.892523115806161,51.935749888347026],[5.892673415613747,51.93573180457943],[5.892826496869746,51.93570247312628],[5.89302805517591,51.935652169616525],[5.893190272730897,51.935607787703944],[5.894423272730233,51.93526378977352],[5.894931701386167,51.93512829636982],[5.894983151864954,51.9351156431253],[5.895588921417428,51.934966666127075],[5.896256490201455,51.93480248858289],[5.896828897679654,51.93465240922557],[5.897051266000989,51.93459410770974],[5.89744787874985,51.93448592774516],[5.897507095110951,51.93446977913089],[5.897918274211441,51.93435763334772],[5.897920666088862,51.934356984776436],[5.8979263194961655,51.934355441167696],[5.897997190260409,51.93433611369129],[5.898034270922598,51.93432600235369],[5.896494830116628,51.93273638264495],[5.895946790206878,51.93217090302814],[5.895813733140211,51.93203108859789],[5.895668516365355,51.931872864388076],[5.895027554311285,51.93121066249284],[5.894852047213334,51.931015625707445],[5.894755351749418,51.93091999295537],[5.8943205772958365,51.93049102728173],[5.893687897900545,51.929848071580274],[5.893470115796538,51.92961257823066],[5.893276653929344,51.92941392221012],[5.89309512984597,51.92921520549973],[5.892865403276764,51.92897976245392],[5.89209698429987,51.928190538223035],[5.891714430573145,51.92779422730747],[5.889688028095524,51.92545647018896],[5.88968693814652,51.92545520748053],[5.889651354774126,51.92541415665378],[5.889646950972058,51.92540907005319],[5.889638953587215,51.92539984616122],[5.889635551504509,51.92539593276198],[5.889576197015577,51.92532746096409],[5.889521805836391,51.92526469355193],[5.889530232457715,51.92526161045308],[5.889542360413464,51.925256704856736],[5.8895741419214955,51.9252438413754],[5.889609418102188,51.92522887762825],[5.889655778427252,51.925206675732625],[5.889687116609545,51.9251905782801],[5.889727854201308,51.925167393693485],[5.889836894175064,51.92510292971385],[5.890113471341407,51.92494004448986],[5.890409654833756,51.92476260326812],[5.89075323133277,51.92455943105727],[5.891220963344194,51.924279143905814],[5.891641353863834,51.92402979853703],[5.891954052587525,51.923835384166026],[5.892353782659293,51.923598169417545],[5.892758908971873,51.923349964169155],[5.893192840123151,51.923091116988594],[5.893639287320549,51.92282106856379],[5.894105722432825,51.92254499981186],[5.894584325875661,51.92225278731653],[5.895181170466705,51.92190181661448],[5.895593290009976,51.9216577058329],[5.895795556501001,51.92153458769399],[5.896242398467793,51.921263628612316],[5.896749163304736,51.920957532783795],[5.8969960168687,51.92080966273836],[5.896996666593561,51.92080927341618],[5.896992837676574,51.92080492164366],[5.8969072750996325,51.92070757044933],[5.89690574358033,51.92070583333431],[5.895782831859551,51.919428164664765],[5.895202514707559,51.9187582134925],[5.894901415873715,51.918405765633636],[5.894875637035135,51.91837558595752],[5.894848503020435,51.91834382117588],[5.894482433848726,51.9179153230589],[5.894001857299448,51.917315198025335],[5.893057539177764,51.91618536602493],[5.893060219990397,51.91618335005846],[5.893077602524513,51.9161703228605],[5.893153387804342,51.91611351311185],[5.89436143017875,51.915207985427806],[5.894537812844693,51.91507577677727],[5.894552902910228,51.91506446706003],[5.894561953998519,51.915057677646175],[5.894554709410459,51.915042967873305],[5.894548863312365,51.91503111038799],[5.894523499631869,51.91497959025749],[5.894520732751232,51.914973975435444],[5.894380346553214,51.91472725536554],[5.894276313922723,51.91450381111494],[5.894059635717168,51.913977330803284],[5.893970099255833,51.91373604457499],[5.893903250455392,51.91353072209086],[5.893835547973278,51.9133282615756],[5.89371514822421,51.912995884442054],[5.893690966642069,51.912929141582254],[5.892755459266946,51.91161896964011],[5.892252764438968,51.910858434917884],[5.892035590748289,51.91052986079691],[5.892031779274001,51.910520475256675],[5.89203001001762,51.91051046972515],[5.892030373624079,51.91050144375721],[5.892033042445512,51.910491922505905],[5.892036804858037,51.91048401447599],[5.892042871068899,51.91047548533048],[5.892050681397474,51.910468261002634],[5.892060997765582,51.91046030682772],[5.892068216230069,51.91045602426621],[5.892078668470787,51.91045110760244],[5.892010166405562,51.910257826705674],[5.892010966088409,51.9102488078519],[5.892011923390057,51.91023829623768],[5.892012130147403,51.91023600329394],[5.892040691521146,51.90991828258297],[5.892048764312141,51.90982839931833],[5.892008109334828,51.909712775805026],[5.891593000680034,51.90853228981149],[5.891562255800918,51.90844482934824],[5.891555710683503,51.908426224387334],[5.891546663577799,51.908336225893116],[5.891539366399204,51.90826358557642],[5.89152656203341,51.90822594297781],[5.8912060978259415,51.90728369258324],[5.89119909418826,51.90726304918945],[5.891158428335747,51.90726521012217],[5.8911310370921965,51.90726667590939],[5.8908178379509835,51.907283380470325],[5.890466826170928,51.90731567938916],[5.8903680379407435,51.90732360797587],[5.889782042993693,51.907360093136674],[5.8894116559002185,51.907388265201256],[5.889203477456923,51.90740607137738],[5.889114228813151,51.907418515281954],[5.888964628295738,51.907447917490124],[5.888526446659936,51.90758151426143],[5.888188854488236,51.907669450508116],[5.887870362222221,51.907746167675654],[5.887676407779147,51.907791280335154],[5.887347203836871,51.90786020378603],[5.886959720997076,51.90793146859082],[5.886656032117719,51.90797409817966],[5.886571787391759,51.90797929215241],[5.886501002659768,51.90798344910915],[5.886358512923266,51.90799787895018],[5.886076884833216,51.908053734166224],[5.885985019976328,51.90807157087389],[5.8857535756175094,51.908104228738345],[5.885520123421578,51.90812622537581],[5.885401097016461,51.90813881973755],[5.885173038377314,51.90815578624183],[5.885087171041377,51.908160168077806],[5.884934093272639,51.908160816833714],[5.884541959740101,51.90816175874161],[5.884401539608949,51.9081689597176],[5.884158078102398,51.90817823241763],[5.88395416124669,51.90818242070184],[5.8837999851344325,51.90818888814926],[5.883612269328738,51.908203362033596],[5.8834585463277564,51.90821139110701],[5.883401261077759,51.90821549814699],[5.883253742601924,51.90822608941383],[5.8831030735486225,51.90823037491954],[5.882960927833978,51.90823005812824],[5.882822439081239,51.90822663370957],[5.8826364251173295,51.90821098756184],[5.882217461615081,51.90814708437306],[5.882046065298302,51.90813252621004],[5.881954651227504,51.90812679914631],[5.881453097316288,51.90813380936017],[5.8810479026102715,51.90813372494165],[5.880737050368308,51.908105666221076],[5.880443015094901,51.90806725328482],[5.880372318167054,51.90806888042462],[5.88023255224726,51.90807216369743],[5.8798407801844395,51.90808213976339],[5.87962385229577,51.908091210883114],[5.879310608523967,51.90810472995237],[5.878927010525891,51.908115360811294],[5.878691197863305,51.90812114757305],[5.878550346182908,51.90812748944841],[5.878464792166777,51.90813133480829],[5.8781951504278,51.908146663961254],[5.877873139477053,51.908171846874396],[5.877766747803344,51.908177207929995],[5.877711349956926,51.90817719659099],[5.87765961876445,51.908170940927164],[5.877456851797471,51.90814604450645],[5.877251292607921,51.90812760409696],[5.877205980287513,51.90812625610757],[5.877150474485008,51.90812699998367],[5.877070442278319,51.908133472884955],[5.8768807677355674,51.90815906286258],[5.876797908920956,51.90816887308368],[5.876079162136768,51.90825291545618],[5.875889485637653,51.90827174453063],[5.873762638338801,51.908456522396456],[5.873761126602742,51.908441733693905],[5.873664183230806,51.90845142027086],[5.873662112058348,51.90843864729352],[5.873656390922747,51.90840285207261],[5.873213263213673,51.905632059355014],[5.873198674557032,51.90554083314308],[5.873195775359055,51.90552268849414],[5.873249827834986,51.90542284596311],[5.873129838553095,51.90541861452829],[5.873079222562604,51.905411660141745],[5.8730433464021345,51.90539843375253],[5.873022783390054,51.905379544216444],[5.8730121171404095,51.90535669478285],[5.873177486757333,51.90534332797334],[5.8731524376386455,51.9052173687658],[5.8729839413317775,51.90523046983307],[5.871464274233346,51.90517998337401],[5.870531532703628,51.90517100792443],[5.869895824485639,51.90511829841184],[5.869810536002462,51.9051112244462],[5.8697379778015355,51.90511774256299],[5.869836435365426,51.90528338138151],[5.869910266458063,51.905387173037056],[5.870116596402295,51.905667986475684],[5.870165970128301,51.90576890335478],[5.870338359179551,51.90609177802333],[5.870510750618179,51.9064146434398],[5.870718633464044,51.90694151680853],[5.870735280148529,51.90698648842439],[5.870792482554659,51.90714101668096],[5.870849673721264,51.90729554405576],[5.87089786408624,51.90743469330396],[5.870964194122646,51.90770500793914],[5.871085672180855,51.90823671268962],[5.871121619718239,51.90840477412817],[5.871157552994269,51.908572835612134],[5.8711952817142175,51.90874187751356],[5.871362065365385,51.90948912749996],[5.87150637843751,51.910204910569405],[5.871555285464697,51.91042485356954],[5.871576986293001,51.91054908307346],[5.871574434298713,51.91061700118868],[5.871558746350761,51.91078483492712],[5.871543253990906,51.91086165999827],[5.871533026416623,51.91088762479951],[5.871494449797263,51.911044829692564],[5.871441229362408,51.91131852206151],[5.871419731622183,51.911494846810996],[5.871418662800326,51.9115035520161],[5.871411084526432,51.91152049048839],[5.871388295160773,51.9116026487946],[5.871350734244974,51.911701838137],[5.8708273741054455,51.91326013377602],[5.870676259290739,51.913560834457],[5.870528253134349,51.91384536093909],[5.870404427017388,51.91421603172217],[5.87041193133538,51.914281292790704],[5.870418942333427,51.91431556379118],[5.870427292976365,51.914329803065584],[5.870465066382271,51.91436206894612],[5.870501814881772,51.9143855303726],[5.87053778990745,51.914404644571],[5.870543216384998,51.914500593477854],[5.869753435924878,51.91455909196745],[5.8692061260089865,51.91464483132001],[5.868793925036562,51.91474566858438],[5.8673942444959115,51.915108466598994],[5.867163858045027,51.91516245320846],[5.867318990568719,51.915312874276324],[5.867358798395843,51.91536303776795],[5.8673993801412845,51.915435138822595],[5.867436786445472,51.91552017819471],[5.867450829586434,51.915597879633836],[5.867448406372928,51.91566757677816],[5.867425708258884,51.91574962599342],[5.8672854166140525,51.9160138432493],[5.867194570884109,51.916181853890244],[5.866967796398964,51.916601246880006],[5.866873729833315,51.916775209948284],[5.866705468688707,51.91708638377994],[5.866527920113343,51.91741472626443],[5.866386288181907,51.91767664227361],[5.866382557854587,51.91768354081863],[5.866379858102965,51.91768853321096],[5.8662751703810185,51.91788213022517],[5.866208852666972,51.91801097724285],[5.866169780482875,51.918106734648546],[5.866138122192334,51.9182100678178],[5.866118030571192,51.918306110963044],[5.866105176904333,51.91843111135012],[5.866104261047196,51.91849106782881],[5.866215638908039,51.91848333318801],[5.866487764105391,51.91946729647025],[5.866643651315814,51.91948042534981],[5.867408148412784,51.91941788995196],[5.86841474988342,51.91936020075143],[5.868479039370019,51.9193583797429],[5.86924198595445,51.92130752142517],[5.870711214185368,51.925060548690176],[5.870735902376786,51.92512951678384],[5.870759909271216,51.92521377966484],[5.87077775373805,51.92530075453573],[5.87079094257819,51.9254191190258],[5.870792429778908,51.925512242763304],[5.870770316920638,51.92554432262329],[5.870774973684428,51.92568241942934],[5.870769199090054,51.92571224337809],[5.870752306558454,51.92578263823585],[5.8707445317506695,51.925807627455804],[5.870727090738827,51.92586368445028],[5.870686144818652,51.92596608982452],[5.8706303401708055,51.92607614792004],[5.870606748362867,51.92611430190652],[5.870569568688301,51.92617443181957],[5.870530168423625,51.9262295193645],[5.870517978361567,51.92624656209307],[5.8704332085038775,51.926349621282455],[5.870328270938534,51.926458381975344],[5.87026351296391,51.92651636996382],[5.870225240127285,51.92655064099695],[5.870217498697466,51.926556746285016],[5.87011992486092,51.92663370517854],[5.869984597966994,51.92672735866258],[5.869838116407601,51.926815450826304],[5.869667984466057,51.926887442781506],[5.869669398529416,51.92689321023279],[5.869671554670638,51.92690201092305],[5.869594088788091,51.92693675004383],[5.869511437175012,51.926973815922445],[5.869423716453966,51.9270070141555],[5.869292188716672,51.927056792286265],[5.869148373191608,51.92710187747544],[5.869106610659496,51.927114969571825],[5.868895127139398,51.92716934188652],[5.868828580678561,51.92718299027662],[5.868705410232316,51.92720825355974],[5.868573526899149,51.92722865821202],[5.868475831010236,51.927243774156864],[5.868282156506494,51.92726441622867],[5.868202400708665,51.92726945350764],[5.8680791573109765,51.92727723846812],[5.867872867754695,51.92728122023095],[5.8678466384280465,51.92728106684259],[5.867018225992858,51.927283651992205],[5.866138440960885,51.927286890090905],[5.863300578570808,51.92752588142356],[5.860516459985849,51.92776021928871],[5.860045489063539,51.92774072272771],[5.859722546307038,51.92759731643862],[5.8593664126573906,51.9277863725652],[5.85776449583818,51.92836145764597],[5.855308746721776,51.92890637990443],[5.854059827796916,51.92899277900569],[5.854119267462997,51.927879352671546],[5.854058906290324,51.92789021585644],[5.85116443793642,51.92841108664087],[5.850761550848502,51.9283352864262],[5.84982243567275,51.92825054115809],[5.847915239581349,51.92808666058502],[5.846520038181994,51.927962212617324],[5.844914037373844,51.92775841087923],[5.844634788918667,51.92775672971654],[5.844263928092084,51.92881420008866],[5.841552142188541,51.92840649467269],[5.8410252390977995,51.929271127551715],[5.840717475773931,51.92976937302261],[5.840314921143219,51.93042104981921],[5.840303012963246,51.93044032726458],[5.840237982787728,51.93042935146537],[5.840079277886388,51.93068536789628],[5.840011483754469,51.93079535024376],[5.840073810724264,51.93080783764514],[5.839792983362589,51.93127291744875],[5.839698536140054,51.931253111186315],[5.8395588488895465,51.931480803169954],[5.83938599289321,51.93176318206628],[5.839462835494009,51.93178612134017],[5.839275157955804,51.93202774088834],[5.839061371000824,51.932270035762485],[5.838574329305136,51.93275843006418],[5.83844187612818,51.93289098689178],[5.838353763524514,51.93289410256546],[5.838322900980455,51.93293238566935],[5.838265738457991,51.93291750459795],[5.838202490582524,51.93295831185242],[5.83816583701967,51.93300201016043],[5.838154852080609,51.93303460820055],[5.838156219636745,51.9330477080026],[5.838164852718014,51.93305744524031],[5.838091642086486,51.933151582728804],[5.838154812376615,51.93315222122683],[5.838168477282867,51.93318374495251],[5.838213461945984,51.93328756782191],[5.838158596944287,51.93329734197826],[5.838196406061906,51.933383089800465],[5.838306274862809,51.93336431389528],[5.838528603135968,51.9338475921325],[5.838388887455071,51.933848191480884],[5.838291004863301,51.93384584371895],[5.838103736746165,51.93384746114427],[5.837960793693121,51.9338466791673],[5.837785277636891,51.933845716291984],[5.837632300806667,51.93384486452145],[5.837545322136057,51.93400175729805],[5.837370251954537,51.93425986393836],[5.837241924226682,51.93441455089642],[5.8370395515239935,51.93465612407765],[5.836641341971911,51.93513334797829],[5.836440947017131,51.935372674408704],[5.836253454264839,51.93561552855884],[5.836094381148853,51.93586643529679],[5.835939479063398,51.936118737052624],[5.835786832852431,51.93636995137397],[5.83562766581415,51.936620722971135],[5.8354469237523325,51.93686052093789],[5.835259970637894,51.9371090789793],[5.835062390828222,51.93737712802142],[5.835063617892457,51.93734999645509],[5.83498328035,51.93742202969556],[5.834896557141122,51.93756971531592],[5.834845152149316,51.937657260037014],[5.834692724778064,51.93787907107925],[5.834687046352248,51.93790607577096],[5.834627840633087,51.93794931946662],[5.834603225617382,51.93796729101852],[5.834588584562081,51.93798799302035],[5.834508409544247,51.93810132684183],[5.834498761551389,51.938107961016044],[5.834400808615175,51.938175350967995],[5.834314064289502,51.93822637533154],[5.834177094080954,51.93830105025981],[5.83398657038197,51.938415747045795],[5.833685102940887,51.93861813299891],[5.83352269013081,51.93874777774784],[5.833356404572813,51.93890924678292],[5.833428575066754,51.938919165640684],[5.832862803642718,51.939520907706424],[5.832560528231984,51.939838030187325],[5.832548662984604,51.93986163363538],[5.832523761963999,51.93990226548122],[5.832459365026048,51.939978281306054],[5.832374350978336,51.940057700867186],[5.832223014562035,51.94019505876268],[5.831943052885624,51.94049745307186],[5.831549973379677,51.94097766857847],[5.831221099647045,51.94147466415798],[5.8310434457922335,51.94180018328162],[5.830935741534664,51.94202406740649],[5.830849229593275,51.94223360692372],[5.830823608531358,51.94229290092971],[5.830780329037158,51.94238577015452],[5.830713490527627,51.94253177752439],[5.83078168463691,51.942534675143804],[5.830778290226211,51.94256498770164],[5.830701873066208,51.94256149191731],[5.83064469697476,51.942694861114425],[5.830594484413005,51.942813256380134],[5.830532281557729,51.94281768853202],[5.830504468281004,51.94287156176045],[5.830464061054351,51.942977057653174],[5.830405561143405,51.943106099324964],[5.830329471392835,51.94326103081175],[5.830310256096192,51.9432931287485],[5.830296309222536,51.943291716213864],[5.830226740982523,51.94345762479352],[5.830193030052861,51.94353586961806],[5.830182755149025,51.94355579057559],[5.830124102109866,51.94370041847369],[5.830010192735636,51.94398322571321],[5.82992515962646,51.94420932442347],[5.829831769742382,51.944439076831],[5.829717897293794,51.9446994576624],[5.829778117692783,51.94470167581022],[5.829697143881844,51.94488540592308],[5.829614929247449,51.94510119310616],[5.829570074378314,51.94505397529616],[5.829463492736778,51.94519703041878],[5.829618575701421,51.94521582581709],[5.8297356292820615,51.94523503381391],[5.8298901060033135,51.94523805657858],[5.829927104810603,51.945236956402724],[5.829927499401046,51.94523655853043],[5.829931366646584,51.94523640015387],[5.829934493929691,51.94523642433071],[5.830557838703167,51.94524096038097],[5.8308934027001165,51.945243469573356],[5.830991229490647,51.94523770732918]]]]},"properties":{"buurtcode":"BU17340102","buurtnaam":"Buitengebied Elst Oost","gemeentenaam":"Overbetuwe","aantalInwoners":260,"crime_violent":7,"crime_property":0,"crime_disorder":1,"crime_count":8}}]}