{"type":"FeatureCollection","features":[{"type":"Feature","id":"node/773252214","properties":{"highway":"street_lamp","lamp_mount":"straight_mast","light:count":"1","man_made":"surveillance","support":"pole","surveillance":"public","id":"node/773252214"},"geometry":{"type":"Point","coordinates":[5.8935502,51.9731947]}},{"type":"Feature","id":"node/4019341939","properties":{"highway":"street_lamp","lamp_mount":"straight_mast","lamp_type":"electric","light:count":"3","support":"pole","id":"node/4019341939"},"geometry":{"type":"Point","coordinates":[5.9324828,51.9850774]}},{"type":"Feature","id":"node/4019341940","properties":{"highway":"street_lamp","lamp_mount":"straight_mast","lamp_type":"electric","light:count":"3","support":"pole","id":"node/4019341940"},"geometry":{"type":"Point","coordinates":[5.9331759,51.9851675]}},{"type":"Feature","id":"node/4019341941","properties":{"highway":"street_lamp","lamp_mount":"straight_mast","lamp_type":"electric","light:count":"3","support":"pole","id":"node/4019341941"},"geometry":{"type":"Point","coordinates":[5.9340326,51.9852812]}},{"type":"Feature","id":"node/4019341981","properties":{"highway":"street_lamp","lamp_mount":"straight_mast","lamp_type":"electric","light:count":"1","support":"pole","id":"node/4019341981"},"geometry":{"type":"Point","coordinates":[5.933316,51.9857275]}},{"type":"Feature","id":"node/4019341982","properties":{"highway":"street_lamp","lamp_mount":"straight_mast","lamp_type":"electric","light:count":"1","support":"pole","id":"node/4019341982"},"geometry":{"type":"Point","coordinates":[5.9330749,51.9857326]}},{"type":"Feature","id":"node/4019341983","properties":{"highway":"street_lamp","lamp_mount":"straight_mast","lamp_type":"electric","light:count":"1","support":"pole","id":"node/4019341983"},"geometry":{"type":"Point","coordinates":[5.9330716,51.9856176]}},{"type":"Feature","id":"node/4019341984","properties":{"highway":"street_lamp","lamp_mount":"straight_mast","lamp_type":"electric","light:count":"1","support":"pole","id":"node/4019341984"},"geometry":{"type":"Point","coordinates":[5.9333123,51.9856091]}},{"type":"Feature","id":"node/4019341985","properties":{"highway":"street_lamp","lamp_mount":"straight_mast","lamp_type":"electric","light:count":"3","support":"pole","id":"node/4019341985"},"geometry":{"type":"Point","coordinates":[5.9337219,51.9861837]}},{"type":"Feature","id":"node/4019341986","properties":{"highway":"street_lamp","lamp_mount":"straight_mast","lamp_type":"electric","light:count":"3","support":"pole","id":"node/4019341986"},"geometry":{"type":"Point","coordinates":[5.9330288,51.9860927]}},{"type":"Feature","id":"node/4019341987","properties":{"highway":"street_lamp","lamp_mount":"straight_mast","lamp_type":"electric","light:count":"3","support":"pole","id":"node/4019341987"},"geometry":{"type":"Point","coordinates":[5.9321729,51.9859917]}},{"type":"Feature","id":"node/10040080722","properties":{"highway":"street_lamp","id":"node/10040080722"},"geometry":{"type":"Point","coordinates":[5.892188,52.0221274]}},{"type":"Feature","id":"node/10739335067","properties":{"highway":"street_lamp","lamp_mount":"high_mast","light:count":"3","support":"pole","id":"node/10739335067"},"geometry":{"type":"Point","coordinates":[5.9101869,51.9821888]}},{"type":"Feature","id":"node/10755701202","properties":{"highway":"street_lamp","lamp_mount":"straight_mast","light:count":"5","support":"pole","id":"node/10755701202"},"geometry":{"type":"Point","coordinates":[5.9098557,51.9775696]}},{"type":"Feature","id":"node/10755701203","properties":{"highway":"street_lamp","lamp_mount":"straight_mast","light:count":"5","support":"pole","id":"node/10755701203"},"geometry":{"type":"Point","coordinates":[5.910321,51.9774894]}},{"type":"Feature","id":"node/10755701204","properties":{"highway":"street_lamp","lamp_mount":"straight_mast","light:count":"5","support":"pole","id":"node/10755701204"},"geometry":{"type":"Point","coordinates":[5.9099335,51.9778223]}},{"type":"Feature","id":"node/10755713405","properties":{"highway":"street_lamp","lamp_mount":"straight_mast","light:count":"5","support":"pole","id":"node/10755713405"},"geometry":{"type":"Point","coordinates":[5.9104498,51.9777538]}},{"type":"Feature","id":"node/10755713406","properties":{"highway":"street_lamp","lamp_mount":"straight_mast","light:count":"5","support":"pole","id":"node/10755713406"},"geometry":{"type":"Point","coordinates":[5.9100501,51.9780801]}},{"type":"Feature","id":"node/10755713407","properties":{"highway":"street_lamp","lamp_mount":"straight_mast","light:count":"5","support":"pole","id":"node/10755713407"},"geometry":{"type":"Point","coordinates":[5.9105624,51.9780363]}},{"type":"Feature","id":"node/10755713408","properties":{"highway":"street_lamp","lamp_mount":"straight_mast","light:count":"5","support":"pole","id":"node/10755713408"},"geometry":{"type":"Point","coordinates":[5.9101708,51.9783436]}},{"type":"Feature","id":"node/10755713409","properties":{"highway":"street_lamp","lamp_mount":"straight_mast","light:count":"5","support":"pole","id":"node/10755713409"},"geometry":{"type":"Point","coordinates":[5.9106469,51.9783163]}},{"type":"Feature","id":"node/10755713410","properties":{"highway":"street_lamp","lamp_mount":"straight_mast","light:count":"5","support":"pole","id":"node/10755713410"},"geometry":{"type":"Point","coordinates":[5.9103237,51.9785964]}},{"type":"Feature","id":"node/10755713411","properties":{"highway":"street_lamp","lamp_mount":"straight_mast","light:count":"5","support":"pole","id":"node/10755713411"},"geometry":{"type":"Point","coordinates":[5.9107019,51.9785931]}},{"type":"Feature","id":"node/11587165910","properties":{"highway":"street_lamp","support":"pole","id":"node/11587165910"},"geometry":{"type":"Point","coordinates":[5.8707806,52.031554]}},{"type":"Feature","id":"node/11608241090","properties":{"highway":"street_lamp","id":"node/11608241090"},"geometry":{"type":"Point","coordinates":[5.8897785,52.0297748]}},{"type":"Feature","id":"node/11608241091","properties":{"highway":"street_lamp","id":"node/11608241091"},"geometry":{"type":"Point","coordinates":[5.8896702,52.0300998]}},{"type":"Feature","id":"node/11608241096","properties":{"highway":"street_lamp","id":"node/11608241096"},"geometry":{"type":"Point","coordinates":[5.8921081,52.0223877]}},{"type":"Feature","id":"node/11608241097","properties":{"highway":"street_lamp","id":"node/11608241097"},"geometry":{"type":"Point","coordinates":[5.8921154,52.0222724]}},{"type":"Feature","id":"node/11809564883","properties":{"highway":"street_lamp","id":"node/11809564883"},"geometry":{"type":"Point","coordinates":[5.8881701,52.0338708]}},{"type":"Feature","id":"node/11809564884","properties":{"highway":"street_lamp","id":"node/11809564884"},"geometry":{"type":"Point","coordinates":[5.8880281,52.0342147]}},{"type":"Feature","id":"node/11809564885","properties":{"highway":"street_lamp","id":"node/11809564885"},"geometry":{"type":"Point","coordinates":[5.8882835,52.0335174]}},{"type":"Feature","id":"node/11809564886","properties":{"highway":"street_lamp","id":"node/11809564886"},"geometry":{"type":"Point","coordinates":[5.8884037,52.0331431]}},{"type":"Feature","id":"node/11809564887","properties":{"highway":"street_lamp","id":"node/11809564887"},"geometry":{"type":"Point","coordinates":[5.8885149,52.032789]}},{"type":"Feature","id":"node/11809564888","properties":{"highway":"street_lamp","id":"node/11809564888"},"geometry":{"type":"Point","coordinates":[5.8886306,52.0324396]}},{"type":"Feature","id":"node/11809564889","properties":{"highway":"street_lamp","id":"node/11809564889"},"geometry":{"type":"Point","coordinates":[5.8887448,52.0320846]}},{"type":"Feature","id":"node/11809564890","properties":{"highway":"street_lamp","id":"node/11809564890"},"geometry":{"type":"Point","coordinates":[5.8888653,52.0317526]}},{"type":"Feature","id":"node/11809564891","properties":{"highway":"street_lamp","id":"node/11809564891"},"geometry":{"type":"Point","coordinates":[5.8889807,52.0313599]}},{"type":"Feature","id":"node/11809564892","properties":{"highway":"street_lamp","id":"node/11809564892"},"geometry":{"type":"Point","coordinates":[5.8890904,52.0310165]}},{"type":"Feature","id":"node/11809564893","properties":{"highway":"street_lamp","id":"node/11809564893"},"geometry":{"type":"Point","coordinates":[5.8892113,52.0306863]}},{"type":"Feature","id":"node/11809564894","properties":{"highway":"street_lamp","id":"node/11809564894"},"geometry":{"type":"Point","coordinates":[5.889428,52.0299768]}},{"type":"Feature","id":"node/11809564895","properties":{"highway":"street_lamp","id":"node/11809564895"},"geometry":{"type":"Point","coordinates":[5.8895408,52.0296238]}},{"type":"Feature","id":"node/11809564896","properties":{"highway":"street_lamp","id":"node/11809564896"},"geometry":{"type":"Point","coordinates":[5.8896573,52.0292652]}},{"type":"Feature","id":"node/11809564897","properties":{"highway":"street_lamp","id":"node/11809564897"},"geometry":{"type":"Point","coordinates":[5.889785,52.028863]}},{"type":"Feature","id":"node/11809564898","properties":{"highway":"street_lamp","id":"node/11809564898"},"geometry":{"type":"Point","coordinates":[5.8900216,52.028123]}},{"type":"Feature","id":"node/11809564899","properties":{"highway":"street_lamp","id":"node/11809564899"},"geometry":{"type":"Point","coordinates":[5.8902567,52.0274158]}},{"type":"Feature","id":"node/11809564900","properties":{"highway":"street_lamp","id":"node/11809564900"},"geometry":{"type":"Point","coordinates":[5.8903766,52.0270298]}},{"type":"Feature","id":"node/11809564901","properties":{"highway":"street_lamp","id":"node/11809564901"},"geometry":{"type":"Point","coordinates":[5.8904976,52.0266512]}},{"type":"Feature","id":"node/11809564902","properties":{"highway":"street_lamp","id":"node/11809564902"},"geometry":{"type":"Point","coordinates":[5.8906131,52.0262979]}},{"type":"Feature","id":"node/11809564903","properties":{"highway":"street_lamp","id":"node/11809564903"},"geometry":{"type":"Point","coordinates":[5.8907247,52.0259434]}},{"type":"Feature","id":"node/11809564904","properties":{"highway":"street_lamp","id":"node/11809564904"},"geometry":{"type":"Point","coordinates":[5.8908338,52.0255902]}},{"type":"Feature","id":"node/11809564905","properties":{"highway":"street_lamp","id":"node/11809564905"},"geometry":{"type":"Point","coordinates":[5.8909493,52.025246]}},{"type":"Feature","id":"node/11809564906","properties":{"highway":"street_lamp","id":"node/11809564906"},"geometry":{"type":"Point","coordinates":[5.8911725,52.0245712]}},{"type":"Feature","id":"node/11809564907","properties":{"highway":"street_lamp","id":"node/11809564907"},"geometry":{"type":"Point","coordinates":[5.8910649,52.0249229]}},{"type":"Feature","id":"node/11835060750","properties":{"highway":"street_lamp","id":"node/11835060750"},"geometry":{"type":"Point","coordinates":[5.9294277,52.0157963]}},{"type":"Feature","id":"node/11835060751","properties":{"highway":"street_lamp","id":"node/11835060751"},"geometry":{"type":"Point","coordinates":[5.9293824,52.0161899]}},{"type":"Feature","id":"node/12434606672","properties":{"armrest":"no","backrest":"yes","highway":"street_lamp","id":"node/12434606672"},"geometry":{"type":"Point","coordinates":[5.9393066,51.9812385]}},{"type":"Feature","id":"node/12434606673","properties":{"highway":"street_lamp","id":"node/12434606673"},"geometry":{"type":"Point","coordinates":[5.9387616,51.9811701]}},{"type":"Feature","id":"node/12434606674","properties":{"highway":"street_lamp","id":"node/12434606674"},"geometry":{"type":"Point","coordinates":[5.9391849,51.9810641]}},{"type":"Feature","id":"node/12434606675","properties":{"highway":"street_lamp","id":"node/12434606675"},"geometry":{"type":"Point","coordinates":[5.9383383,51.981269]}},{"type":"Feature","id":"node/12434606676","properties":{"highway":"street_lamp","id":"node/12434606676"},"geometry":{"type":"Point","coordinates":[5.9390262,51.9812688]}},{"type":"Feature","id":"node/12434606677","properties":{"highway":"street_lamp","id":"node/12434606677"},"geometry":{"type":"Point","coordinates":[5.9387037,51.9812545]}},{"type":"Feature","id":"node/12434606678","properties":{"highway":"street_lamp","id":"node/12434606678"},"geometry":{"type":"Point","coordinates":[5.9379313,51.9813702]}},{"type":"Feature","id":"node/12434606679","properties":{"highway":"street_lamp","id":"node/12434606679"},"geometry":{"type":"Point","coordinates":[5.9379651,51.9814921]}},{"type":"Feature","id":"node/12434606680","properties":{"highway":"street_lamp","id":"node/12434606680"},"geometry":{"type":"Point","coordinates":[5.9379131,51.9815727]}},{"type":"Feature","id":"node/12434606681","properties":{"highway":"street_lamp","id":"node/12434606681"},"geometry":{"type":"Point","coordinates":[5.9379032,51.9817076]}},{"type":"Feature","id":"node/12434606683","properties":{"highway":"street_lamp","id":"node/12434606683"},"geometry":{"type":"Point","coordinates":[5.9396096,51.9809598]}},{"type":"Feature","id":"node/12434606684","properties":{"highway":"street_lamp","id":"node/12434606684"},"geometry":{"type":"Point","coordinates":[5.9396127,51.9812943]}},{"type":"Feature","id":"node/12434606685","properties":{"highway":"street_lamp","id":"node/12434606685"},"geometry":{"type":"Point","coordinates":[5.9393416,51.9812865]}},{"type":"Feature","id":"node/12437752320","properties":{"highway":"street_lamp","id":"node/12437752320"},"geometry":{"type":"Point","coordinates":[5.9405362,51.9814455]}},{"type":"Feature","id":"node/12437752321","properties":{"highway":"street_lamp","id":"node/12437752321"},"geometry":{"type":"Point","coordinates":[5.9400768,51.981354]}},{"type":"Feature","id":"node/12437752323","properties":{"highway":"street_lamp","id":"node/12437752323"},"geometry":{"type":"Point","coordinates":[5.9403374,51.9813257]}},{"type":"Feature","id":"node/12437752324","properties":{"highway":"street_lamp","id":"node/12437752324"},"geometry":{"type":"Point","coordinates":[5.9407408,51.9813419]}},{"type":"Feature","id":"node/12437752325","properties":{"highway":"street_lamp","id":"node/12437752325"},"geometry":{"type":"Point","coordinates":[5.9409044,51.9814857]}},{"type":"Feature","id":"node/12437752326","properties":{"highway":"street_lamp","id":"node/12437752326"},"geometry":{"type":"Point","coordinates":[5.9412975,51.9815047]}},{"type":"Feature","id":"node/12453735152","properties":{"direction":"234","highway":"street_lamp","light:count":"1","support":"pole","id":"node/12453735152"},"geometry":{"type":"Point","coordinates":[5.8987211,51.9610808]}},{"type":"Feature","id":"node/12453735235","properties":{"direction":"234","highway":"street_lamp","lamp_mount":"straight_mast","light:count":"1","support":"pole","id":"node/12453735235"},"geometry":{"type":"Point","coordinates":[5.8989563,51.9608923]}},{"type":"Feature","id":"node/12453735284","properties":{"highway":"street_lamp","lamp_mount":"straight","light:count":"1","support":"pole","id":"node/12453735284"},"geometry":{"type":"Point","coordinates":[5.8994197,51.9609549]}},{"type":"Feature","id":"node/12615811773","properties":{"highway":"street_lamp","id":"node/12615811773"},"geometry":{"type":"Point","coordinates":[5.9490771,51.9774124]}},{"type":"Feature","id":"node/12661050420","properties":{"highway":"street_lamp","lamp_mount":"straight_mast","light:count":"1","support":"pole","id":"node/12661050420"},"geometry":{"type":"Point","coordinates":[5.890298,51.9667449]}},{"type":"Feature","id":"node/12661050421","properties":{"highway":"street_lamp","lamp_mount":"straight_mast","light:count":"1","support":"pole","id":"node/12661050421"},"geometry":{"type":"Point","coordinates":[5.8904356,51.9660673]}},{"type":"Feature","id":"node/12661050422","properties":{"highway":"street_lamp","lamp_mount":"straight_mast","light:count":"2","support":"pole","id":"node/12661050422"},"geometry":{"type":"Point","coordinates":[5.8857905,51.9665743]}},{"type":"Feature","id":"node/12661050423","properties":{"highway":"street_lamp","lamp_mount":"straight_mast","light:count":"2","support":"pole","id":"node/12661050423"},"geometry":{"type":"Point","coordinates":[5.8862494,51.9665926]}},{"type":"Feature","id":"node/12661050424","properties":{"highway":"street_lamp","lamp_mount":"straight_mast","light:count":"2","support":"pole","id":"node/12661050424"},"geometry":{"type":"Point","coordinates":[5.8868371,51.9664712]}},{"type":"Feature","id":"node/12661050425","properties":{"highway":"street_lamp","lamp_mount":"straight_mast","light:count":"2","support":"pole","id":"node/12661050425"},"geometry":{"type":"Point","coordinates":[5.8874172,51.9663518]}},{"type":"Feature","id":"node/12661050426","properties":{"highway":"street_lamp","lamp_mount":"straight_mast","light:count":"2","support":"pole","id":"node/12661050426"},"geometry":{"type":"Point","coordinates":[5.8880028,51.9662363]}},{"type":"Feature","id":"node/12661050427","properties":{"highway":"street_lamp","lamp_mount":"straight_mast","light:count":"1","support":"pole","id":"node/12661050427"},"geometry":{"type":"Point","coordinates":[5.8895985,51.9660336]}},{"type":"Feature","id":"node/12661050428","properties":{"highway":"street_lamp","lamp_mount":"straight_mast","light:count":"1","support":"pole","id":"node/12661050428"},"geometry":{"type":"Point","coordinates":[5.8894372,51.9660658]}},{"type":"Feature","id":"node/12661050429","properties":{"highway":"street_lamp","lamp_mount":"straight_mast","light:count":"2","support":"pole","id":"node/12661050429"},"geometry":{"type":"Point","coordinates":[5.8886063,51.9661131]}},{"type":"Feature","id":"node/12661050430","properties":{"highway":"street_lamp","lamp_mount":"straight_mast","light:count":"2","support":"pole","id":"node/12661050430"},"geometry":{"type":"Point","coordinates":[5.8891648,51.9660137]}},{"type":"Feature","id":"node/12661050436","properties":{"highway":"street_lamp","lamp_mount":"straight_mast","light:count":"1","support":"pole","id":"node/12661050436"},"geometry":{"type":"Point","coordinates":[5.8907372,51.9691497]}},{"type":"Feature","id":"node/12663667306","properties":{"highway":"street_lamp","lamp_mount":"straight_mast","light:count":"1","support":"pole","id":"node/12663667306"},"geometry":{"type":"Point","coordinates":[5.9150315,51.9789384]}},{"type":"Feature","id":"node/12663667309","properties":{"highway":"street_lamp","id":"node/12663667309"},"geometry":{"type":"Point","coordinates":[5.9149784,51.9788781]}},{"type":"Feature","id":"node/12663667310","properties":{"highway":"street_lamp","id":"node/12663667310"},"geometry":{"type":"Point","coordinates":[5.9147454,51.9789168]}},{"type":"Feature","id":"node/12674028151","properties":{"highway":"street_lamp","lamp_mount":"straight_mast","light:count":"1","support":"pole","id":"node/12674028151"},"geometry":{"type":"Point","coordinates":[5.8902404,51.9661528]}},{"type":"Feature","id":"node/12674028152","properties":{"highway":"street_lamp","lamp_mount":"straight_mast","light:count":"1","support":"pole","id":"node/12674028152"},"geometry":{"type":"Point","coordinates":[5.8903522,51.966256]}},{"type":"Feature","id":"node/12674028153","properties":{"highway":"street_lamp","lamp_mount":"straight_mast","light:count":"1","support":"pole","id":"node/12674028153"},"geometry":{"type":"Point","coordinates":[5.8904757,51.9663624]}},{"type":"Feature","id":"node/12674028154","properties":{"highway":"street_lamp","lamp_mount":"straight_mast","light:count":"1","support":"pole","id":"node/12674028154"},"geometry":{"type":"Point","coordinates":[5.890332,51.9665851]}},{"type":"Feature","id":"node/12674028155","properties":{"highway":"street_lamp","lamp_mount":"straight_mast","light:count":"1","support":"pole","id":"node/12674028155"},"geometry":{"type":"Point","coordinates":[5.8903264,51.9669208]}},{"type":"Feature","id":"node/12674028156","properties":{"highway":"street_lamp","lamp_mount":"straight_mast","light:count":"1","support":"pole","id":"node/12674028156"},"geometry":{"type":"Point","coordinates":[5.8904799,51.9669051]}},{"type":"Feature","id":"node/12674028157","properties":{"highway":"street_lamp","lamp_mount":"straight_mast","light:count":"1","support":"pole","id":"node/12674028157"},"geometry":{"type":"Point","coordinates":[5.8903884,51.9670965]}},{"type":"Feature","id":"node/12674028158","properties":{"highway":"street_lamp","lamp_mount":"straight_mast","light:count":"1","support":"pole","id":"node/12674028158"},"geometry":{"type":"Point","coordinates":[5.8899018,51.9660218]}},{"type":"Feature","id":"node/12674028159","properties":{"highway":"street_lamp","lamp_mount":"straight_mast","light:count":"2","support":"pole","id":"node/12674028159"},"geometry":{"type":"Point","coordinates":[5.8900164,51.9661725]}},{"type":"Feature","id":"node/12674028160","properties":{"highway":"street_lamp","lamp_mount":"straight_mast","light:count":"1","support":"pole","id":"node/12674028160"},"geometry":{"type":"Point","coordinates":[5.88962,51.9661823]}},{"type":"Feature","id":"node/12674028161","properties":{"highway":"street_lamp","lamp_mount":"straight_mast","light:count":"1","support":"pole","id":"node/12674028161"},"geometry":{"type":"Point","coordinates":[5.8895528,51.9658825]}},{"type":"Feature","id":"node/12674028162","properties":{"highway":"street_lamp","light:count":"1","id":"node/12674028162"},"geometry":{"type":"Point","coordinates":[5.88991,51.9658527]}},{"type":"Feature","id":"node/12674028163","properties":{"highway":"street_lamp","light:count":"1","id":"node/12674028163"},"geometry":{"type":"Point","coordinates":[5.8904844,51.9657571]}},{"type":"Feature","id":"node/12674028164","properties":{"highway":"street_lamp","light:count":"1","id":"node/12674028164"},"geometry":{"type":"Point","coordinates":[5.8908085,51.9656876]}},{"type":"Feature","id":"node/12674028165","properties":{"highway":"street_lamp","light:count":"1","id":"node/12674028165"},"geometry":{"type":"Point","coordinates":[5.8912864,51.9655918]}},{"type":"Feature","id":"node/12674028166","properties":{"highway":"street_lamp","lamp_mount":"straight_mast","light:count":"1","support":"pole","id":"node/12674028166"},"geometry":{"type":"Point","coordinates":[5.8910807,51.9658828]}},{"type":"Feature","id":"node/12674028167","properties":{"highway":"street_lamp","lamp_mount":"straight_mast","light:count":"1","support":"pole","id":"node/12674028167"},"geometry":{"type":"Point","coordinates":[5.890815,51.9660386]}},{"type":"Feature","id":"node/12674028168","properties":{"highway":"street_lamp","lamp_mount":"straight_mast","light:count":"1","support":"pole","id":"node/12674028168"},"geometry":{"type":"Point","coordinates":[5.8907443,51.9662564]}},{"type":"Feature","id":"node/12674028169","properties":{"highway":"street_lamp","lamp_mount":"straight_mast","light:count":"1","support":"pole","id":"node/12674028169"},"geometry":{"type":"Point","coordinates":[5.8906749,51.9663321]}},{"type":"Feature","id":"node/12674028170","properties":{"highway":"street_lamp","lamp_mount":"straight_mast","light:count":"1","support":"pole","id":"node/12674028170"},"geometry":{"type":"Point","coordinates":[5.8905307,51.9664947]}},{"type":"Feature","id":"node/12674028171","properties":{"highway":"street_lamp","lamp_mount":"straight_mast","light:count":"1","support":"pole","id":"node/12674028171"},"geometry":{"type":"Point","coordinates":[5.8904642,51.96671]}},{"type":"Feature","id":"node/12674028172","properties":{"highway":"street_lamp","lamp_mount":"straight_mast","light:count":"1","support":"pole","id":"node/12674028172"},"geometry":{"type":"Point","coordinates":[5.8908422,51.9661528]}},{"type":"Feature","id":"node/12674028173","properties":{"highway":"street_lamp","lamp_mount":"straight_mast","light:count":"1","support":"pole","id":"node/12674028173"},"geometry":{"type":"Point","coordinates":[5.8910474,51.9660038]}},{"type":"Feature","id":"node/12674028174","properties":{"highway":"street_lamp","lamp_mount":"straight_mast","light:count":"1","support":"pole","id":"node/12674028174"},"geometry":{"type":"Point","coordinates":[5.8913048,51.9659121]}},{"type":"Feature","id":"node/12675820665","properties":{"highway":"street_lamp","id":"node/12675820665"},"geometry":{"type":"Point","coordinates":[5.9485615,51.9777034]}},{"type":"Feature","id":"node/12675820666","properties":{"highway":"street_lamp","id":"node/12675820666"},"geometry":{"type":"Point","coordinates":[5.9488725,51.9776987]}},{"type":"Feature","id":"node/12675820667","properties":{"highway":"street_lamp","id":"node/12675820667"},"geometry":{"type":"Point","coordinates":[5.9491532,51.9778801]}},{"type":"Feature","id":"node/12702138860","properties":{"highway":"street_lamp","lamp_mount":"straight_mast","light:count":"2","support":"pole","id":"node/12702138860"},"geometry":{"type":"Point","coordinates":[5.9500281,51.9829693]}},{"type":"Feature","id":"node/12702138863","properties":{"highway":"street_lamp","id":"node/12702138863"},"geometry":{"type":"Point","coordinates":[5.9499736,51.982288]}},{"type":"Feature","id":"node/12702138864","properties":{"highway":"street_lamp","id":"node/12702138864"},"geometry":{"type":"Point","coordinates":[5.9499138,51.9822461]}},{"type":"Feature","id":"node/12702138865","properties":{"highway":"street_lamp","id":"node/12702138865"},"geometry":{"type":"Point","coordinates":[5.9498305,51.9822452]}},{"type":"Feature","id":"node/12704437073","properties":{"highway":"street_lamp","lamp_mount":"straight_mast","light:count":"1","support":"pole","id":"node/12704437073"},"geometry":{"type":"Point","coordinates":[5.8834378,51.9422786]}},{"type":"Feature","id":"node/12704437074","properties":{"highway":"street_lamp","lamp_mount":"straight_mast","light:count":"1","support":"pole","id":"node/12704437074"},"geometry":{"type":"Point","coordinates":[5.8838026,51.9422381]}},{"type":"Feature","id":"node/12704437075","properties":{"highway":"street_lamp","lamp_mount":"straight_mast","light:count":"1","support":"pole","id":"node/12704437075"},"geometry":{"type":"Point","coordinates":[5.883071,51.9423575]}},{"type":"Feature","id":"node/12704437076","properties":{"highway":"street_lamp","lamp_mount":"straight_mast","light:count":"1","support":"pole","id":"node/12704437076"},"geometry":{"type":"Point","coordinates":[5.882784,51.9424481]}},{"type":"Feature","id":"node/12704437077","properties":{"highway":"street_lamp","lamp_mount":"straight_mast","light:count":"1","support":"pole","id":"node/12704437077"},"geometry":{"type":"Point","coordinates":[5.883635,51.943212]}},{"type":"Feature","id":"node/12704437078","properties":{"highway":"street_lamp","lamp_mount":"straight_mast","light:count":"1","support":"pole","id":"node/12704437078"},"geometry":{"type":"Point","coordinates":[5.883985,51.9431574]}},{"type":"Feature","id":"node/12704437079","properties":{"highway":"street_lamp","lamp_mount":"straight_mast","light:count":"1","support":"pole","id":"node/12704437079"},"geometry":{"type":"Point","coordinates":[5.8843337,51.9431487]}},{"type":"Feature","id":"node/12704437080","properties":{"highway":"street_lamp","lamp_mount":"straight_mast","light:count":"1","support":"pole","id":"node/12704437080"},"geometry":{"type":"Point","coordinates":[5.8846991,51.9431165]}},{"type":"Feature","id":"node/12704437082","properties":{"highway":"street_lamp","lamp_mount":"straight_mast","light:count":"1","support":"pole","id":"node/12704437082"},"geometry":{"type":"Point","coordinates":[5.8849425,51.9430598]}},{"type":"Feature","id":"node/12704437083","properties":{"highway":"street_lamp","lamp_mount":"straight_mast","light:count":"1","support":"pole","id":"node/12704437083"},"geometry":{"type":"Point","coordinates":[5.8847494,51.9429648]}},{"type":"Feature","id":"node/12704437085","properties":{"highway":"street_lamp","lamp_mount":"straight_mast","light:count":"1","support":"pole","id":"node/12704437085"},"geometry":{"type":"Point","coordinates":[5.8845999,51.9428263]}},{"type":"Feature","id":"node/12704437086","properties":{"highway":"street_lamp","lamp_mount":"straight_mast","light:count":"1","support":"pole","id":"node/12704437086"},"geometry":{"type":"Point","coordinates":[5.8843203,51.9427358]}},{"type":"Feature","id":"node/12704437087","properties":{"highway":"street_lamp","lamp_mount":"straight_mast","light:count":"1","support":"pole","id":"node/12704437087"},"geometry":{"type":"Point","coordinates":[5.883977,51.942742]}},{"type":"Feature","id":"node/12704437089","properties":{"highway":"street_lamp","lamp_mount":"straight_mast","light:count":"1","support":"pole","id":"node/12704437089"},"geometry":{"type":"Point","coordinates":[5.8833661,51.9431855]}},{"type":"Feature","id":"node/12704437090","properties":{"highway":"street_lamp","lamp_mount":"straight_mast","light:count":"1","support":"pole","id":"node/12704437090"},"geometry":{"type":"Point","coordinates":[5.8832045,51.9430396]}},{"type":"Feature","id":"node/13249743161","properties":{"highway":"street_lamp","id":"node/13249743161"},"geometry":{"type":"Point","coordinates":[5.950082,51.9755068]}},{"type":"Feature","id":"node/13249743162","properties":{"highway":"street_lamp","id":"node/13249743162"},"geometry":{"type":"Point","coordinates":[5.9498099,51.9756907]}},{"type":"Feature","id":"node/13249743176","properties":{"highway":"street_lamp","id":"node/13249743176"},"geometry":{"type":"Point","coordinates":[5.9497383,51.9758315]}},{"type":"Feature","id":"node/13249743177","properties":{"highway":"street_lamp","id":"node/13249743177"},"geometry":{"type":"Point","coordinates":[5.9499428,51.976011]}},{"type":"Feature","id":"node/13249743178","properties":{"highway":"street_lamp","id":"node/13249743178"},"geometry":{"type":"Point","coordinates":[5.949364,51.9756853]}},{"type":"Feature","id":"node/13249743179","properties":{"highway":"street_lamp","id":"node/13249743179"},"geometry":{"type":"Point","coordinates":[5.9497086,51.9755918]}},{"type":"Feature","id":"node/13249743180","properties":{"highway":"street_lamp","id":"node/13249743180"},"geometry":{"type":"Point","coordinates":[5.9497033,51.9753477]}},{"type":"Feature","id":"node/13249743181","properties":{"highway":"street_lamp","id":"node/13249743181"},"geometry":{"type":"Point","coordinates":[5.9499897,51.9751832]}},{"type":"Feature","id":"node/13249743182","properties":{"highway":"street_lamp","id":"node/13249743182"},"geometry":{"type":"Point","coordinates":[5.949407,51.9755238]}},{"type":"Feature","id":"node/13249743183","properties":{"highway":"street_lamp","id":"node/13249743183"},"geometry":{"type":"Point","coordinates":[5.9502269,51.9752147]}},{"type":"Feature","id":"node/13249743184","properties":{"highway":"street_lamp","id":"node/13249743184"},"geometry":{"type":"Point","coordinates":[5.9506757,51.9751131]}},{"type":"Feature","id":"node/13249743185","properties":{"highway":"street_lamp","id":"node/13249743185"},"geometry":{"type":"Point","coordinates":[5.9503812,51.9753083]}},{"type":"Feature","id":"node/13294547688","properties":{"highway":"street_lamp","lamp_mount":"bent_mast","level":"1","id":"node/13294547688"},"geometry":{"type":"Point","coordinates":[5.8977605,51.9855822]}},{"type":"Feature","id":"node/13294547689","properties":{"highway":"street_lamp","lamp_mount":"bent_mast","level":"1","id":"node/13294547689"},"geometry":{"type":"Point","coordinates":[5.8975279,51.9856041]}},{"type":"Feature","id":"node/13294547690","properties":{"highway":"street_lamp","lamp_mount":"bent_mast","level":"1","id":"node/13294547690"},"geometry":{"type":"Point","coordinates":[5.8977585,51.9854521]}},{"type":"Feature","id":"node/13294547691","properties":{"highway":"street_lamp","lamp_mount":"bent_mast","level":"1","id":"node/13294547691"},"geometry":{"type":"Point","coordinates":[5.8975165,51.9854798]}},{"type":"Feature","id":"node/13294547692","properties":{"highway":"street_lamp","lamp_mount":"bent_mast","level":"1","id":"node/13294547692"},"geometry":{"type":"Point","coordinates":[5.8968446,51.985429]}},{"type":"Feature","id":"node/13294547693","properties":{"highway":"street_lamp","lamp_mount":"bent_mast","level":"1","id":"node/13294547693"},"geometry":{"type":"Point","coordinates":[5.8965784,51.9854628]}},{"type":"Feature","id":"node/13294547694","properties":{"highway":"street_lamp","lamp_mount":"bent_mast","level":"1","id":"node/13294547694"},"geometry":{"type":"Point","coordinates":[5.8972777,51.9853683]}},{"type":"Feature","id":"node/13294547695","properties":{"highway":"street_lamp","lamp_mount":"bent_mast","level":"1","id":"node/13294547695"},"geometry":{"type":"Point","coordinates":[5.8970464,51.9853988]}},{"type":"Feature","id":"node/13314815035","properties":{"highway":"street_lamp","id":"node/13314815035"},"geometry":{"type":"Point","coordinates":[5.9486817,51.9753255]}},{"type":"Feature","id":"node/13314815036","properties":{"highway":"street_lamp","id":"node/13314815036"},"geometry":{"type":"Point","coordinates":[5.9488746,51.9754154]}},{"type":"Feature","id":"node/13314815037","properties":{"highway":"street_lamp","id":"node/13314815037"},"geometry":{"type":"Point","coordinates":[5.9486117,51.9752595]}},{"type":"Feature","id":"node/13314815045","properties":{"highway":"street_lamp","id":"node/13314815045"},"geometry":{"type":"Point","coordinates":[5.9483961,51.9759446]}},{"type":"Feature","id":"node/13314815046","properties":{"highway":"street_lamp","id":"node/13314815046"},"geometry":{"type":"Point","coordinates":[5.9487349,51.9757349]}},{"type":"Feature","id":"node/13314815049","properties":{"highway":"street_lamp","id":"node/13314815049"},"geometry":{"type":"Point","coordinates":[5.9490294,51.975686]}},{"type":"Feature","id":"node/13314815050","properties":{"highway":"street_lamp","id":"node/13314815050"},"geometry":{"type":"Point","coordinates":[5.9491682,51.9757084]}},{"type":"Feature","id":"node/13314815051","properties":{"highway":"street_lamp","id":"node/13314815051"},"geometry":{"type":"Point","coordinates":[5.9492225,51.975639]}},{"type":"Feature","id":"node/13314815052","properties":{"highway":"street_lamp","id":"node/13314815052"},"geometry":{"type":"Point","coordinates":[5.9484246,51.9756732]}},{"type":"Feature","id":"node/13314815062","properties":{"highway":"street_lamp","id":"node/13314815062"},"geometry":{"type":"Point","coordinates":[5.9483224,51.9750968]}},{"type":"Feature","id":"node/13314815063","properties":{"highway":"street_lamp","id":"node/13314815063"},"geometry":{"type":"Point","coordinates":[5.9480824,51.9749538]}},{"type":"Feature","id":"node/13314815150","properties":{"highway":"street_lamp","id":"node/13314815150"},"geometry":{"type":"Point","coordinates":[5.9472939,51.9751908]}},{"type":"Feature","id":"node/13314815151","properties":{"highway":"street_lamp","id":"node/13314815151"},"geometry":{"type":"Point","coordinates":[5.9470267,51.9753563]}},{"type":"Feature","id":"node/13314815152","properties":{"highway":"street_lamp","id":"node/13314815152"},"geometry":{"type":"Point","coordinates":[5.9475114,51.9750502]}},{"type":"Feature","id":"node/13314815153","properties":{"highway":"street_lamp","id":"node/13314815153"},"geometry":{"type":"Point","coordinates":[5.9477684,51.9748771]}},{"type":"Feature","id":"node/13334849115","properties":{"highway":"street_lamp","id":"node/13334849115"},"geometry":{"type":"Point","coordinates":[5.9770173,51.9809763]}},{"type":"Feature","id":"node/13334849116","properties":{"highway":"street_lamp","id":"node/13334849116"},"geometry":{"type":"Point","coordinates":[5.9765647,51.9808024]}},{"type":"Feature","id":"node/13334849117","properties":{"highway":"street_lamp","id":"node/13334849117"},"geometry":{"type":"Point","coordinates":[5.9764073,51.9806013]}},{"type":"Feature","id":"node/13334849118","properties":{"highway":"street_lamp","id":"node/13334849118"},"geometry":{"type":"Point","coordinates":[5.9761834,51.9804106]}},{"type":"Feature","id":"node/13334849119","properties":{"highway":"street_lamp","id":"node/13334849119"},"geometry":{"type":"Point","coordinates":[5.976338,51.9803607]}},{"type":"Feature","id":"node/13334849120","properties":{"highway":"street_lamp","id":"node/13334849120"},"geometry":{"type":"Point","coordinates":[5.9758953,51.9802606]}},{"type":"Feature","id":"node/13334849121","properties":{"highway":"street_lamp","id":"node/13334849121"},"geometry":{"type":"Point","coordinates":[5.9768179,51.9804653]}},{"type":"Feature","id":"node/13334849122","properties":{"highway":"street_lamp","id":"node/13334849122"},"geometry":{"type":"Point","coordinates":[5.9773109,51.9805519]}},{"type":"Feature","id":"node/13334849123","properties":{"highway":"street_lamp","id":"node/13334849123"},"geometry":{"type":"Point","coordinates":[5.9779475,51.9806186]}},{"type":"Feature","id":"node/13334849124","properties":{"highway":"street_lamp","id":"node/13334849124"},"geometry":{"type":"Point","coordinates":[5.9774526,51.9807504]}},{"type":"Feature","id":"node/13334849125","properties":{"highway":"street_lamp","id":"node/13334849125"},"geometry":{"type":"Point","coordinates":[5.976668,51.9812655]}},{"type":"Feature","id":"node/13334849126","properties":{"highway":"street_lamp","id":"node/13334849126"},"geometry":{"type":"Point","coordinates":[5.9784192,51.9807014]}},{"type":"Feature","id":"node/13334849127","properties":{"highway":"street_lamp","id":"node/13334849127"},"geometry":{"type":"Point","coordinates":[5.9790797,51.9807285]}},{"type":"Feature","id":"node/13334849134","properties":{"highway":"street_lamp","id":"node/13334849134"},"geometry":{"type":"Point","coordinates":[5.9766553,51.9818938]}},{"type":"Feature","id":"node/13334849135","properties":{"highway":"street_lamp","id":"node/13334849135"},"geometry":{"type":"Point","coordinates":[5.9767814,51.9815305]}},{"type":"Feature","id":"node/13337253380","properties":{"highway":"street_lamp","lamp_mount":"straight_mast","light:count":"1","support":"pole","id":"node/13337253380"},"geometry":{"type":"Point","coordinates":[5.8783152,51.967075]}},{"type":"Feature","id":"node/13337253381","properties":{"highway":"street_lamp","lamp_mount":"straight_mast","light:count":"1","support":"pole","id":"node/13337253381"},"geometry":{"type":"Point","coordinates":[5.8786548,51.9671484]}},{"type":"Feature","id":"node/13337253382","properties":{"highway":"street_lamp","lamp_mount":"straight_mast","light:count":"1","support":"pole","id":"node/13337253382"},"geometry":{"type":"Point","coordinates":[5.8790013,51.9672112]}},{"type":"Feature","id":"node/13337253383","properties":{"highway":"street_lamp","lamp_mount":"straight_mast","light:count":"1","support":"pole","id":"node/13337253383"},"geometry":{"type":"Point","coordinates":[5.8793572,51.9672652]}},{"type":"Feature","id":"node/13337253384","properties":{"highway":"street_lamp","lamp_mount":"straight_mast","light:count":"1","support":"pole","id":"node/13337253384"},"geometry":{"type":"Point","coordinates":[5.8797201,51.9672945]}},{"type":"Feature","id":"node/13337253385","properties":{"highway":"street_lamp","lamp_mount":"straight_mast","light:count":"1","support":"pole","id":"node/13337253385"},"geometry":{"type":"Point","coordinates":[5.8800801,51.9672925]}},{"type":"Feature","id":"node/13337253386","properties":{"highway":"street_lamp","lamp_mount":"straight_mast","light:count":"1","support":"pole","id":"node/13337253386"},"geometry":{"type":"Point","coordinates":[5.8804424,51.9672807]}},{"type":"Feature","id":"node/13337253387","properties":{"highway":"street_lamp","lamp_mount":"straight_mast","light:count":"1","support":"pole","id":"node/13337253387"},"geometry":{"type":"Point","coordinates":[5.8808083,51.9672735]}},{"type":"Feature","id":"node/13337253388","properties":{"highway":"street_lamp","lamp_mount":"straight_mast","light:count":"1","support":"pole","id":"node/13337253388"},"geometry":{"type":"Point","coordinates":[5.8811728,51.967272]}},{"type":"Feature","id":"node/13337253389","properties":{"highway":"street_lamp","lamp_mount":"straight_mast","light:count":"1","support":"pole","id":"node/13337253389"},"geometry":{"type":"Point","coordinates":[5.8815387,51.9672735]}},{"type":"Feature","id":"node/13337253390","properties":{"highway":"street_lamp","lamp_mount":"straight_mast","light:count":"1","support":"pole","id":"node/13337253390"},"geometry":{"type":"Point","coordinates":[5.8818989,51.9672741]}},{"type":"Feature","id":"node/13337253391","properties":{"highway":"street_lamp","lamp_mount":"straight_mast","light:count":"1","support":"pole","id":"node/13337253391"},"geometry":{"type":"Point","coordinates":[5.882261,51.9672751]}},{"type":"Feature","id":"node/13337253392","properties":{"highway":"street_lamp","lamp_mount":"straight_mast","light:count":"1","support":"pole","id":"node/13337253392"},"geometry":{"type":"Point","coordinates":[5.8826303,51.9672715]}},{"type":"Feature","id":"node/13337253393","properties":{"highway":"street_lamp","lamp_mount":"straight_mast","light:count":"1","support":"pole","id":"node/13337253393"},"geometry":{"type":"Point","coordinates":[5.8829876,51.9672616]}},{"type":"Feature","id":"node/13337253394","properties":{"highway":"street_lamp","lamp_mount":"straight_mast","light:count":"1","support":"pole","id":"node/13337253394"},"geometry":{"type":"Point","coordinates":[5.8833553,51.9672457]}},{"type":"Feature","id":"node/13337253395","properties":{"highway":"street_lamp","lamp_mount":"straight_mast","light:count":"1","support":"pole","id":"node/13337253395"},"geometry":{"type":"Point","coordinates":[5.8837164,51.9672257]}},{"type":"Feature","id":"node/13337253396","properties":{"highway":"street_lamp","lamp_mount":"straight_mast","light:count":"1","support":"pole","id":"node/13337253396"},"geometry":{"type":"Point","coordinates":[5.8840776,51.9671975]}},{"type":"Feature","id":"node/13337253397","properties":{"highway":"street_lamp","lamp_mount":"straight_mast","light:count":"1","support":"pole","id":"node/13337253397"},"geometry":{"type":"Point","coordinates":[5.8844352,51.9671623]}},{"type":"Feature","id":"node/13337253398","properties":{"highway":"street_lamp","lamp_mount":"straight_mast","light:count":"1","support":"pole","id":"node/13337253398"},"geometry":{"type":"Point","coordinates":[5.8847954,51.9671158]}},{"type":"Feature","id":"node/13337253399","properties":{"highway":"street_lamp","lamp_mount":"straight_mast","light:count":"1","support":"pole","id":"node/13337253399"},"geometry":{"type":"Point","coordinates":[5.8851481,51.9670563]}},{"type":"Feature","id":"node/13337253400","properties":{"highway":"street_lamp","lamp_mount":"straight_mast","light:count":"1","support":"pole","id":"node/13337253400"},"geometry":{"type":"Point","coordinates":[5.8854936,51.9669901]}},{"type":"Feature","id":"node/13337299101","properties":{"highway":"street_lamp","lamp_mount":"straight_mast","light:count":"1","support":"pole","id":"node/13337299101"},"geometry":{"type":"Point","coordinates":[5.8858431,51.96692]}},{"type":"Feature","id":"node/13337299102","properties":{"highway":"street_lamp","lamp_mount":"straight_mast","light:count":"1","support":"pole","id":"node/13337299102"},"geometry":{"type":"Point","coordinates":[5.8861899,51.9668519]}},{"type":"Feature","id":"node/13337299103","properties":{"highway":"street_lamp","lamp_mount":"straight_mast","light:count":"1","support":"pole","id":"node/13337299103"},"geometry":{"type":"Point","coordinates":[5.8865364,51.9667823]}},{"type":"Feature","id":"node/13337299104","properties":{"highway":"street_lamp","lamp_mount":"straight_mast","light:count":"1","support":"pole","id":"node/13337299104"},"geometry":{"type":"Point","coordinates":[5.886883,51.9667116]}},{"type":"Feature","id":"node/13337299105","properties":{"highway":"street_lamp","lamp_mount":"straight_mast","light:count":"1","support":"pole","id":"node/13337299105"},"geometry":{"type":"Point","coordinates":[5.8872284,51.9666437]}},{"type":"Feature","id":"node/13337299106","properties":{"highway":"street_lamp","lamp_mount":"straight_mast","light:count":"1","support":"pole","id":"node/13337299106"},"geometry":{"type":"Point","coordinates":[5.8879199,51.9665092]}},{"type":"Feature","id":"node/13337299107","properties":{"highway":"street_lamp","lamp_mount":"straight_mast","light:count":"1","support":"pole","id":"node/13337299107"},"geometry":{"type":"Point","coordinates":[5.8882764,51.9664543]}},{"type":"Feature","id":"node/13337299108","properties":{"highway":"street_lamp","lamp_mount":"straight_mast","light:count":"1","support":"pole","id":"node/13337299108"},"geometry":{"type":"Point","coordinates":[5.8886294,51.96641]}},{"type":"Feature","id":"node/13337299109","properties":{"highway":"street_lamp","lamp_mount":"straight_mast","light:count":"1","support":"pole","id":"node/13337299109"},"geometry":{"type":"Point","coordinates":[5.8889786,51.9664467]}},{"type":"Feature","id":"node/13337299110","properties":{"highway":"street_lamp","lamp_mount":"straight_mast","light:count":"1","support":"pole","id":"node/13337299110"},"geometry":{"type":"Point","coordinates":[5.8892637,51.9665895]}},{"type":"Feature","id":"node/13337299111","properties":{"highway":"street_lamp","lamp_mount":"straight_mast","light:count":"1","support":"pole","id":"node/13337299111"},"geometry":{"type":"Point","coordinates":[5.8894013,51.9668037]}},{"type":"Feature","id":"node/13337299112","properties":{"highway":"street_lamp","lamp_mount":"straight_mast","light:count":"1","support":"pole","id":"node/13337299112"},"geometry":{"type":"Point","coordinates":[5.8895177,51.9670144]}},{"type":"Feature","id":"node/13337299113","properties":{"highway":"street_lamp","lamp_mount":"straight_mast","light:count":"1","support":"pole","id":"node/13337299113"},"geometry":{"type":"Point","coordinates":[5.8896361,51.9672261]}},{"type":"Feature","id":"node/13337299114","properties":{"highway":"street_lamp","lamp_mount":"straight_mast","light:count":"1","support":"pole","id":"node/13337299114"},"geometry":{"type":"Point","coordinates":[5.8897421,51.9674408]}},{"type":"Feature","id":"node/13337299115","properties":{"highway":"street_lamp","lamp_mount":"straight_mast","light:count":"1","support":"pole","id":"node/13337299115"},"geometry":{"type":"Point","coordinates":[5.889823,51.96766]}},{"type":"Feature","id":"node/13337299116","properties":{"highway":"street_lamp","lamp_mount":"straight_mast","light:count":"1","support":"pole","id":"node/13337299116"},"geometry":{"type":"Point","coordinates":[5.8898843,51.9678841]}},{"type":"Feature","id":"node/13337299117","properties":{"highway":"street_lamp","lamp_mount":"straight_mast","light:count":"1","support":"pole","id":"node/13337299117"},"geometry":{"type":"Point","coordinates":[5.8899363,51.9681057]}},{"type":"Feature","id":"node/13337299118","properties":{"highway":"street_lamp","lamp_mount":"straight_mast","light:count":"1","support":"pole","id":"node/13337299118"},"geometry":{"type":"Point","coordinates":[5.8899883,51.9683274]}},{"type":"Feature","id":"node/13337299119","properties":{"highway":"street_lamp","lamp_mount":"straight_mast","light:count":"1","support":"pole","id":"node/13337299119"},"geometry":{"type":"Point","coordinates":[5.8900415,51.9685501]}},{"type":"Feature","id":"node/13337299120","properties":{"highway":"street_lamp","lamp_mount":"straight_mast","light:count":"1","support":"pole","id":"node/13337299120"},"geometry":{"type":"Point","coordinates":[5.8900951,51.9687721]}},{"type":"Feature","id":"node/13337299121","properties":{"highway":"street_lamp","lamp_mount":"straight_mast","light:count":"1","support":"pole","id":"node/13337299121"},"geometry":{"type":"Point","coordinates":[5.8902767,51.9687797]}},{"type":"Feature","id":"node/13337299122","properties":{"highway":"street_lamp","lamp_mount":"straight_mast","light:count":"1","support":"pole","id":"node/13337299122"},"geometry":{"type":"Point","coordinates":[5.8903545,51.9685357]}},{"type":"Feature","id":"node/13337299123","properties":{"highway":"street_lamp","lamp_mount":"straight_mast","light:count":"1","support":"pole","id":"node/13337299123"},"geometry":{"type":"Point","coordinates":[5.8904978,51.968399]}},{"type":"Feature","id":"node/13337299124","properties":{"highway":"street_lamp","lamp_mount":"straight_mast","light:count":"1","support":"pole","id":"node/13337299124"},"geometry":{"type":"Point","coordinates":[5.8903948,51.9682019]}},{"type":"Feature","id":"node/13337299125","properties":{"highway":"street_lamp","lamp_mount":"straight_mast","light:count":"1","support":"pole","id":"node/13337299125"},"geometry":{"type":"Point","coordinates":[5.8901901,51.9682352]}},{"type":"Feature","id":"node/13337299126","properties":{"highway":"street_lamp","lamp_mount":"straight_mast","light:count":"1","support":"pole","id":"node/13337299126"},"geometry":{"type":"Point","coordinates":[5.890174,51.9689945]}},{"type":"Feature","id":"node/13337299127","properties":{"highway":"street_lamp","lamp_mount":"bent_mast","light:count":"1","support":"pole","id":"node/13337299127"},"geometry":{"type":"Point","coordinates":[5.8904869,51.9691377]}},{"type":"Feature","id":"node/13337299128","properties":{"highway":"street_lamp","lamp_mount":"bent_mast","light:count":"1","support":"pole","id":"node/13337299128"},"geometry":{"type":"Point","coordinates":[5.8904487,51.9690989]}},{"type":"Feature","id":"node/13337299129","properties":{"highway":"street_lamp","lamp_mount":"straight_mast","light:count":"1","support":"pole","id":"node/13337299129"},"geometry":{"type":"Point","coordinates":[5.8907699,51.9692954]}},{"type":"Feature","id":"node/13337299130","properties":{"highway":"street_lamp","lamp_mount":"straight_mast","light:count":"1","support":"pole","id":"node/13337299130"},"geometry":{"type":"Point","coordinates":[5.8909634,51.9694492]}},{"type":"Feature","id":"node/13337299131","properties":{"highway":"street_lamp","lamp_mount":"straight_mast","light:count":"1","support":"pole","id":"node/13337299131"},"geometry":{"type":"Point","coordinates":[5.8906168,51.9687208]}},{"type":"Feature","id":"node/13337299132","properties":{"highway":"street_lamp","lamp_mount":"straight_mast","light:count":"1","support":"pole","id":"node/13337299132"},"geometry":{"type":"Point","coordinates":[5.890292,51.9692081]}},{"type":"Feature","id":"node/13337299133","properties":{"highway":"street_lamp","lamp_mount":"straight_mast","light:count":"1","support":"pole","id":"node/13337299133"},"geometry":{"type":"Point","coordinates":[5.8904162,51.9694141]}},{"type":"Feature","id":"node/13337299134","properties":{"highway":"street_lamp","lamp_mount":"straight_mast","light:count":"1","support":"pole","id":"node/13337299134"},"geometry":{"type":"Point","coordinates":[5.8905446,51.9696294]}},{"type":"Feature","id":"node/13337299135","properties":{"highway":"street_lamp","lamp_mount":"straight_mast","light:count":"1","support":"pole","id":"node/13337299135"},"geometry":{"type":"Point","coordinates":[5.8906284,51.9698465]}},{"type":"Feature","id":"node/13337299136","properties":{"highway":"street_lamp","lamp_mount":"straight_mast","light:count":"1","support":"pole","id":"node/13337299136"},"geometry":{"type":"Point","coordinates":[5.8908069,51.9700456]}},{"type":"Feature","id":"node/13337299137","properties":{"highway":"street_lamp","lamp_mount":"straight_mast","light:count":"1","support":"pole","id":"node/13337299137"},"geometry":{"type":"Point","coordinates":[5.8909654,51.9702233]}},{"type":"Feature","id":"node/13337299138","properties":{"highway":"street_lamp","lamp_mount":"straight_mast","light:count":"1","support":"pole","id":"node/13337299138"},"geometry":{"type":"Point","coordinates":[5.891127,51.9704109]}},{"type":"Feature","id":"node/13337299139","properties":{"highway":"street_lamp","lamp_mount":"straight_mast","light:count":"1","support":"pole","id":"node/13337299139"},"geometry":{"type":"Point","coordinates":[5.8913019,51.9706054]}},{"type":"Feature","id":"node/13337299140","properties":{"highway":"street_lamp","lamp_mount":"straight_mast","light:count":"1","support":"pole","id":"node/13337299140"},"geometry":{"type":"Point","coordinates":[5.8914655,51.970797]}},{"type":"Feature","id":"node/13337299141","properties":{"highway":"street_lamp","lamp_mount":"straight_mast","light:count":"1","support":"pole","id":"node/13337299141"},"geometry":{"type":"Point","coordinates":[5.8916156,51.9709724]}},{"type":"Feature","id":"node/13337299142","properties":{"highway":"street_lamp","lamp_mount":"straight_mast","light:count":"1","support":"pole","id":"node/13337299142"},"geometry":{"type":"Point","coordinates":[5.8918054,51.971197]}},{"type":"Feature","id":"node/13337299143","properties":{"highway":"street_lamp","lamp_mount":"straight_mast","light:count":"1","support":"pole","id":"node/13337299143"},"geometry":{"type":"Point","coordinates":[5.8919732,51.9714062]}},{"type":"Feature","id":"node/13337299144","properties":{"highway":"street_lamp","lamp_mount":"straight_mast","light:count":"1","support":"pole","id":"node/13337299144"},"geometry":{"type":"Point","coordinates":[5.8921464,51.9716123]}},{"type":"Feature","id":"node/13337299145","properties":{"highway":"street_lamp","lamp_mount":"straight_mast","light:count":"1","support":"pole","id":"node/13337299145"},"geometry":{"type":"Point","coordinates":[5.8923171,51.9718348]}},{"type":"Feature","id":"node/13337299146","properties":{"highway":"street_lamp","lamp_mount":"straight_mast","light:count":"1","support":"pole","id":"node/13337299146"},"geometry":{"type":"Point","coordinates":[5.8924589,51.9720478]}},{"type":"Feature","id":"node/13337299147","properties":{"highway":"street_lamp","lamp_mount":"straight_mast","light:count":"1","support":"pole","id":"node/13337299147"},"geometry":{"type":"Point","coordinates":[5.8926127,51.9722502]}},{"type":"Feature","id":"node/13337299148","properties":{"highway":"street_lamp","lamp_mount":"straight_mast","light:count":"1","support":"pole","id":"node/13337299148"},"geometry":{"type":"Point","coordinates":[5.892781,51.9724615]}},{"type":"Feature","id":"node/13337299149","properties":{"highway":"street_lamp","lamp_mount":"straight_mast","light:count":"1","support":"pole","id":"node/13337299149"},"geometry":{"type":"Point","coordinates":[5.8929452,51.9726729]}},{"type":"Feature","id":"node/13337299150","properties":{"highway":"street_lamp","lamp_mount":"straight_mast","light:count":"1","support":"pole","id":"node/13337299150"},"geometry":{"type":"Point","coordinates":[5.8931179,51.9728766]}},{"type":"Feature","id":"node/13337299151","properties":{"highway":"street_lamp","lamp_mount":"straight_mast","light:count":"1","support":"pole","id":"node/13337299151"},"geometry":{"type":"Point","coordinates":[5.8932988,51.9730857]}},{"type":"Feature","id":"node/13337299152","properties":{"highway":"street_lamp","lamp_mount":"straight_mast","light:count":"1","support":"pole","id":"node/13337299152"},"geometry":{"type":"Point","coordinates":[5.8936946,51.9731785]}},{"type":"Feature","id":"node/13337299153","properties":{"highway":"street_lamp","lamp_mount":"straight_mast","light:count":"1","support":"pole","id":"node/13337299153"},"geometry":{"type":"Point","coordinates":[5.894688,51.9727679]}},{"type":"Feature","id":"node/13337309557","properties":{"highway":"street_lamp","lamp_mount":"bent_mast","light:count":"1","support":"pole","id":"node/13337309557"},"geometry":{"type":"Point","coordinates":[5.8784527,51.9668723]}},{"type":"Feature","id":"node/13337309558","properties":{"highway":"street_lamp","lamp_mount":"bent_mast","light:count":"1","support":"pole","id":"node/13337309558"},"geometry":{"type":"Point","coordinates":[5.8789967,51.9671486]}},{"type":"Feature","id":"node/13337309559","properties":{"highway":"street_lamp","lamp_mount":"bent_mast","light:count":"1","support":"pole","id":"node/13337309559"},"geometry":{"type":"Point","coordinates":[5.87987,51.9671578]}},{"type":"Feature","id":"node/13337309560","properties":{"highway":"street_lamp","lamp_mount":"bent_mast","light:count":"1","support":"pole","id":"node/13337309560"},"geometry":{"type":"Point","coordinates":[5.8803014,51.9671562]}},{"type":"Feature","id":"node/13337309561","properties":{"highway":"street_lamp","lamp_mount":"bent_mast","light:count":"1","support":"pole","id":"node/13337309561"},"geometry":{"type":"Point","coordinates":[5.880736,51.9671562]}},{"type":"Feature","id":"node/13337309562","properties":{"highway":"street_lamp","lamp_mount":"bent_mast","light:count":"1","support":"pole","id":"node/13337309562"},"geometry":{"type":"Point","coordinates":[5.8811776,51.9671577]}},{"type":"Feature","id":"node/13337309563","properties":{"highway":"street_lamp","lamp_mount":"bent_mast","light:count":"1","support":"pole","id":"node/13337309563"},"geometry":{"type":"Point","coordinates":[5.8816017,51.9671591]}},{"type":"Feature","id":"node/13337309564","properties":{"highway":"street_lamp","lamp_mount":"straight_mast","light:count":"1","support":"pole","id":"node/13337309564"},"geometry":{"type":"Point","coordinates":[5.882041,51.9671587]}},{"type":"Feature","id":"node/13337309565","properties":{"highway":"street_lamp","lamp_mount":"straight_mast","light:count":"1","support":"pole","id":"node/13337309565"},"geometry":{"type":"Point","coordinates":[5.8827577,51.9671556]}},{"type":"Feature","id":"node/13337309566","properties":{"highway":"street_lamp","lamp_mount":"straight_mast","light:count":"1","support":"pole","id":"node/13337309566"},"geometry":{"type":"Point","coordinates":[5.8834158,51.9671273]}},{"type":"Feature","id":"node/13337309567","properties":{"highway":"street_lamp","lamp_mount":"straight_mast","light:count":"1","lit":"yes","support":"pole","id":"node/13337309567"},"geometry":{"type":"Point","coordinates":[5.884072,51.9670665]}},{"type":"Feature","id":"node/13337309568","properties":{"highway":"street_lamp","lamp_mount":"straight_mast","light:count":"1","support":"pole","id":"node/13337309568"},"geometry":{"type":"Point","coordinates":[5.8847093,51.9669879]}},{"type":"Feature","id":"node/13337309569","properties":{"highway":"street_lamp","lamp_mount":"straight_mast","light:count":"1","support":"pole","id":"node/13337309569"},"geometry":{"type":"Point","coordinates":[5.8853542,51.9668911]}},{"type":"Feature","id":"node/13337309570","properties":{"highway":"street_lamp","lamp_mount":"straight_mast","light:count":"1","support":"pole","id":"node/13337309570"},"geometry":{"type":"Point","coordinates":[5.8859779,51.9667802]}},{"type":"Feature","id":"node/13337309571","properties":{"highway":"street_lamp","lamp_mount":"straight_mast","light:count":"1","support":"pole","id":"node/13337309571"},"geometry":{"type":"Point","coordinates":[5.8866016,51.9666591]}},{"type":"Feature","id":"node/13337309572","properties":{"highway":"street_lamp","lamp_mount":"straight_mast","light:count":"1","support":"pole","id":"node/13337309572"},"geometry":{"type":"Point","coordinates":[5.8872294,51.966537]}},{"type":"Feature","id":"node/13337309573","properties":{"highway":"street_lamp","lamp_mount":"straight_mast","light:count":"1","support":"pole","id":"node/13337309573"},"geometry":{"type":"Point","coordinates":[5.8878472,51.9664148]}},{"type":"Feature","id":"node/13337309574","properties":{"highway":"street_lamp","lamp_mount":"straight_mast","light:count":"1","support":"pole","id":"node/13337309574"},"geometry":{"type":"Point","coordinates":[5.8884685,51.9662919]}},{"type":"Feature","id":"node/13337309575","properties":{"highway":"street_lamp","lamp_mount":"straight_mast","light:count":"1","support":"pole","id":"node/13337309575"},"geometry":{"type":"Point","coordinates":[5.8900834,51.9675174]}},{"type":"Feature","id":"node/13337309576","properties":{"highway":"street_lamp","lamp_mount":"straight_mast","light:count":"1","support":"pole","id":"node/13337309576"},"geometry":{"type":"Point","coordinates":[5.889902,51.9671743]}},{"type":"Feature","id":"node/13337309577","properties":{"highway":"street_lamp","lamp_mount":"straight_mast","light:count":"1","support":"pole","id":"node/13337309577"},"geometry":{"type":"Point","coordinates":[5.8897675,51.9668425]}},{"type":"Feature","id":"node/13337309578","properties":{"highway":"street_lamp","lamp_mount":"straight_mast","light:count":"1","support":"pole","id":"node/13337309578"},"geometry":{"type":"Point","coordinates":[5.888949,51.9658943]}},{"type":"Feature","id":"node/13337309579","properties":{"highway":"street_lamp","lamp_mount":"straight_mast","light:count":"1","support":"pole","id":"node/13337309579"},"geometry":{"type":"Point","coordinates":[5.8897618,51.9657634]}},{"type":"Feature","id":"node/13337309580","properties":{"highway":"street_lamp","lamp_mount":"straight_mast","light:count":"1","support":"pole","id":"node/13337309580"},"geometry":{"type":"Point","coordinates":[5.8883379,51.9660211]}},{"type":"Feature","id":"node/13337309581","properties":{"highway":"street_lamp","lamp_mount":"straight_mast","light:count":"1","support":"pole","id":"node/13337309581"},"geometry":{"type":"Point","coordinates":[5.8877194,51.9661446]}},{"type":"Feature","id":"node/13337309582","properties":{"highway":"street_lamp","lamp_mount":"straight_mast","light:count":"1","support":"pole","id":"node/13337309582"},"geometry":{"type":"Point","coordinates":[5.8858195,51.9664773]}},{"type":"Feature","id":"node/13337309583","properties":{"highway":"street_lamp","lamp_mount":"straight_mast","light:count":"1","support":"pole","id":"node/13337309583"},"geometry":{"type":"Point","coordinates":[5.886141,51.9664062]}},{"type":"Feature","id":"node/13337309584","properties":{"highway":"street_lamp","lamp_mount":"straight_mast","light:count":"1","support":"pole","id":"node/13337309584"},"geometry":{"type":"Point","coordinates":[5.8864204,51.9663335]}},{"type":"Feature","id":"node/13337309585","properties":{"highway":"street_lamp","lamp_mount":"straight_mast","light:count":"1","support":"pole","id":"node/13337309585"},"geometry":{"type":"Point","coordinates":[5.8867065,51.9662608]}},{"type":"Feature","id":"node/13337309586","properties":{"highway":"street_lamp","lamp_mount":"straight_mast","light:count":"1","support":"pole","id":"node/13337309586"},"geometry":{"type":"Point","coordinates":[5.8870339,51.9661905]}},{"type":"Feature","id":"node/13337309587","properties":{"highway":"street_lamp","lamp_mount":"straight_mast","light:count":"1","support":"pole","id":"node/13337309587"},"geometry":{"type":"Point","coordinates":[5.8872998,51.9661383]}},{"type":"Feature","id":"node/13337309588","properties":{"highway":"street_lamp","lamp_mount":"straight_mast","light:count":"1","support":"pole","id":"node/13337309588"},"geometry":{"type":"Point","coordinates":[5.888478,51.9658937]}},{"type":"Feature","id":"node/13337309589","properties":{"highway":"street_lamp","lamp_mount":"straight_mast","light:count":"1","support":"pole","id":"node/13337309589"},"geometry":{"type":"Point","coordinates":[5.8893089,51.9658228]}},{"type":"Feature","id":"node/13337309590","properties":{"highway":"street_lamp","lamp_mount":"straight_mast","light:count":"1","support":"pole","id":"node/13337309590"},"geometry":{"type":"Point","coordinates":[5.8895311,51.9657808]}},{"type":"Feature","id":"node/13337309591","properties":{"highway":"street_lamp","lamp_mount":"straight_mast","light:count":"1","support":"pole","id":"node/13337309591"},"geometry":{"type":"Point","coordinates":[5.8896152,51.9656711]}},{"type":"Feature","id":"node/13337309592","properties":{"highway":"street_lamp","lamp_mount":"straight_mast","light:count":"1","support":"pole","id":"node/13337309592"},"geometry":{"type":"Point","coordinates":[5.8855796,51.966525]}},{"type":"Feature","id":"node/13337309593","properties":{"highway":"street_lamp","lamp_mount":"straight_mast","light:count":"1","support":"pole","id":"node/13337309593"},"geometry":{"type":"Point","coordinates":[5.8852136,51.9665987]}},{"type":"Feature","id":"node/13337309594","properties":{"highway":"street_lamp","lamp_mount":"straight_mast","light:count":"1","support":"pole","id":"node/13337309594"},"geometry":{"type":"Point","coordinates":[5.8846194,51.9667118]}},{"type":"Feature","id":"node/13337309595","properties":{"highway":"street_lamp","lamp_mount":"straight_mast","light:count":"1","support":"pole","id":"node/13337309595"},"geometry":{"type":"Point","coordinates":[5.8844187,51.9667433]}},{"type":"Feature","id":"node/13337309596","properties":{"highway":"street_lamp","lamp_mount":"straight_mast","light:count":"1","support":"pole","id":"node/13337309596"},"geometry":{"type":"Point","coordinates":[5.8839974,51.9668142]}},{"type":"Feature","id":"node/13337309597","properties":{"highway":"street_lamp","lamp_mount":"straight_mast","light:count":"1","support":"pole","id":"node/13337309597"},"geometry":{"type":"Point","coordinates":[5.8833673,51.9668764]}},{"type":"Feature","id":"node/13337309598","properties":{"highway":"street_lamp","lamp_mount":"straight_mast","light:count":"1","support":"pole","id":"node/13337309598"},"geometry":{"type":"Point","coordinates":[5.8827347,51.9669269]}},{"type":"Feature","id":"node/13337309599","properties":{"highway":"street_lamp","lamp_mount":"straight_mast","light:count":"1","support":"pole","id":"node/13337309599"},"geometry":{"type":"Point","coordinates":[5.8820195,51.9669288]}},{"type":"Feature","id":"node/13337309600","properties":{"highway":"street_lamp","lamp_mount":"straight_mast","light:count":"1","support":"pole","id":"node/13337309600"},"geometry":{"type":"Point","coordinates":[5.8820453,51.9670277]}},{"type":"Feature","id":"node/13337311301","properties":{"highway":"street_lamp","lamp_mount":"straight_mast","light:count":"1","support":"pole","id":"node/13337311301"},"geometry":{"type":"Point","coordinates":[5.8826485,51.9670296]}},{"type":"Feature","id":"node/13337311302","properties":{"highway":"street_lamp","lamp_mount":"straight_mast","light:count":"1","support":"pole","id":"node/13337311302"},"geometry":{"type":"Point","coordinates":[5.8832565,51.9670074]}},{"type":"Feature","id":"node/13337311303","properties":{"highway":"street_lamp","lamp_mount":"straight_mast","light:count":"1","support":"pole","id":"node/13337311303"},"geometry":{"type":"Point","coordinates":[5.8838499,51.966959]}},{"type":"Feature","id":"node/13337311304","properties":{"highway":"street_lamp","lamp_mount":"straight_mast","light:count":"1","support":"pole","id":"node/13337311304"},"geometry":{"type":"Point","coordinates":[5.8814392,51.9669977]}},{"type":"Feature","id":"node/13337311305","properties":{"highway":"street_lamp","lamp_mount":"straight_mast","light:count":"1","support":"pole","id":"node/13337311305"},"geometry":{"type":"Point","coordinates":[5.8814569,51.9668761]}},{"type":"Feature","id":"node/13337311306","properties":{"highway":"street_lamp","lamp_mount":"straight_mast","light:count":"1","support":"pole","id":"node/13337311306"},"geometry":{"type":"Point","coordinates":[5.8808449,51.9669254]}},{"type":"Feature","id":"node/13337311307","properties":{"highway":"street_lamp","lamp_mount":"straight_mast","light:count":"1","support":"pole","id":"node/13337311307"},"geometry":{"type":"Point","coordinates":[5.8810179,51.9670692]}},{"type":"Feature","id":"node/13337311308","properties":{"highway":"street_lamp","lamp_mount":"straight_mast","light:count":"2","support":"pole","id":"node/13337311308"},"geometry":{"type":"Point","coordinates":[5.880253,51.9668197]}},{"type":"Feature","id":"node/13337311309","properties":{"highway":"street_lamp","lamp_mount":"straight_mast","light:count":"2","support":"pole","id":"node/13337311309"},"geometry":{"type":"Point","coordinates":[5.8796934,51.966681]}},{"type":"Feature","id":"node/13337311310","properties":{"highway":"street_lamp","lamp_mount":"straight_mast","light:count":"2","support":"pole","id":"node/13337311310"},"geometry":{"type":"Point","coordinates":[5.879138,51.9665042]}},{"type":"Feature","id":"node/13337311311","properties":{"highway":"street_lamp","lamp_mount":"straight_mast","light:count":"1","support":"pole","id":"node/13337311311"},"geometry":{"type":"Point","coordinates":[5.8804432,51.9669798]}},{"type":"Feature","id":"node/13337311312","properties":{"highway":"street_lamp","lamp_mount":"straight_mast","light:count":"1","support":"pole","id":"node/13337311312"},"geometry":{"type":"Point","coordinates":[5.8798937,51.9668631]}},{"type":"Feature","id":"node/13337311313","properties":{"highway":"street_lamp","lamp_mount":"straight_mast","light:count":"1","support":"pole","id":"node/13337311313"},"geometry":{"type":"Point","coordinates":[5.8793669,51.9667085]}},{"type":"Feature","id":"node/13337311314","properties":{"highway":"street_lamp","lamp_mount":"straight_mast","light:count":"1","support":"pole","id":"node/13337311314"},"geometry":{"type":"Point","coordinates":[5.878846,51.9665345]}},{"type":"Feature","id":"node/13337311315","properties":{"highway":"street_lamp","lamp_mount":"straight_mast","light:count":"1","support":"pole","id":"node/13337311315"},"geometry":{"type":"Point","coordinates":[5.8795481,51.9665033]}},{"type":"Feature","id":"node/13337311316","properties":{"highway":"street_lamp","lamp_mount":"straight_mast","light:count":"1","support":"pole","id":"node/13337311316"},"geometry":{"type":"Point","coordinates":[5.8800382,51.9666466]}},{"type":"Feature","id":"node/13338213887","properties":{"highway":"street_lamp","lamp_mount":"straight_mast","light:count":"1","support":"pole","id":"node/13338213887"},"geometry":{"type":"Point","coordinates":[5.8905194,51.9674496]}},{"type":"Feature","id":"node/13338213888","properties":{"highway":"street_lamp","lamp_mount":"straight_mast","light:count":"1","support":"pole","id":"node/13338213888"},"geometry":{"type":"Point","coordinates":[5.8906506,51.9677958]}},{"type":"Feature","id":"node/13338213889","properties":{"highway":"street_lamp","lamp_mount":"straight_mast","light:count":"1","support":"pole","id":"node/13338213889"},"geometry":{"type":"Point","coordinates":[5.8907818,51.9681478]}},{"type":"Feature","id":"node/13338213890","properties":{"highway":"street_lamp","lamp_mount":"straight_mast","light:count":"1","support":"pole","id":"node/13338213890"},"geometry":{"type":"Point","coordinates":[5.8909095,51.9684987]}},{"type":"Feature","id":"node/13338213891","properties":{"highway":"street_lamp","lamp_mount":"straight_mast","light:count":"1","support":"pole","id":"node/13338213891"},"geometry":{"type":"Point","coordinates":[5.8910471,51.9688474]}},{"type":"Feature","id":"node/13338213892","properties":{"highway":"street_lamp","lamp_mount":"straight_mast","light:count":"1","support":"pole","id":"node/13338213892"},"geometry":{"type":"Point","coordinates":[5.8911972,51.969199]}},{"type":"Feature","id":"node/13338213893","properties":{"highway":"street_lamp","lamp_mount":"straight_mast","light:count":"1","support":"pole","id":"node/13338213893"},"geometry":{"type":"Point","coordinates":[5.8913837,51.9695764]}},{"type":"Feature","id":"node/13338213894","properties":{"highway":"street_lamp","lamp_mount":"straight_mast","light:count":"1","support":"pole","id":"node/13338213894"},"geometry":{"type":"Point","coordinates":[5.8916014,51.9699561]}},{"type":"Feature","id":"node/13338213895","properties":{"highway":"street_lamp","lamp_mount":"straight_mast","light:count":"1","support":"pole","id":"node/13338213895"},"geometry":{"type":"Point","coordinates":[5.8918356,51.9703258]}},{"type":"Feature","id":"node/13338213896","properties":{"highway":"street_lamp","lamp_mount":"straight_mast","light:count":"1","support":"pole","id":"node/13338213896"},"geometry":{"type":"Point","coordinates":[5.8920956,51.9706927]}},{"type":"Feature","id":"node/13338213897","properties":{"highway":"street_lamp","lamp_mount":"straight_mast","light:count":"1","support":"pole","id":"node/13338213897"},"geometry":{"type":"Point","coordinates":[5.8923727,51.9710481]}},{"type":"Feature","id":"node/13338213898","properties":{"highway":"street_lamp","lamp_mount":"straight_mast","light:count":"1","support":"pole","id":"node/13338213898"},"geometry":{"type":"Point","coordinates":[5.8926686,51.9714051]}},{"type":"Feature","id":"node/13338213899","properties":{"highway":"street_lamp","lamp_mount":"straight_mast","light:count":"1","support":"pole","id":"node/13338213899"},"geometry":{"type":"Point","coordinates":[5.8929743,51.9717612]}},{"type":"Feature","id":"node/13338213900","properties":{"highway":"street_lamp","lamp_mount":"straight_mast","light:count":"1","support":"pole","id":"node/13338213900"},"geometry":{"type":"Point","coordinates":[5.8932824,51.9721168]}},{"type":"Feature","id":"node/13338224001","properties":{"highway":"street_lamp","lamp_mount":"straight_mast","light:count":"1","support":"pole","id":"node/13338224001"},"geometry":{"type":"Point","coordinates":[5.8935964,51.9724925]}},{"type":"Feature","id":"node/13338224002","properties":{"highway":"street_lamp","lamp_mount":"straight_mast","light:count":"1","support":"pole","id":"node/13338224002"},"geometry":{"type":"Point","coordinates":[5.8937759,51.9727058]}},{"type":"Feature","id":"node/13338224003","properties":{"highway":"street_lamp","lamp_mount":"straight_mast","light:count":"1","support":"pole","id":"node/13338224003"},"geometry":{"type":"Point","coordinates":[5.8941716,51.9731699]}},{"type":"Feature","id":"node/13338224004","properties":{"highway":"street_lamp","lamp_mount":"straight_mast","light:count":"1","support":"pole","id":"node/13338224004"},"geometry":{"type":"Point","coordinates":[5.8940172,51.9729902]}},{"type":"Feature","id":"node/13338224005","properties":{"highway":"street_lamp","lamp_mount":"straight_mast","light:count":"1","support":"pole","id":"node/13338224005"},"geometry":{"type":"Point","coordinates":[5.8944732,51.9735268]}},{"type":"Feature","id":"node/13338224006","properties":{"highway":"street_lamp","lamp_mount":"straight_mast","light:count":"1","support":"pole","id":"node/13338224006"},"geometry":{"type":"Point","coordinates":[5.8947775,51.9738845]}},{"type":"Feature","id":"node/13338224007","properties":{"highway":"street_lamp","lamp_mount":"straight_mast","light:count":"1","support":"pole","id":"node/13338224007"},"geometry":{"type":"Point","coordinates":[5.895083,51.9742462]}},{"type":"Feature","id":"node/13338224008","properties":{"highway":"street_lamp","lamp_mount":"straight_mast","light:count":"1","support":"pole","id":"node/13338224008"},"geometry":{"type":"Point","coordinates":[5.8953878,51.974604]}},{"type":"Feature","id":"node/13338224009","properties":{"highway":"street_lamp","lamp_mount":"straight_mast","light:count":"1","support":"pole","id":"node/13338224009"},"geometry":{"type":"Point","coordinates":[5.8956931,51.9749574]}},{"type":"Feature","id":"node/13338224010","properties":{"highway":"street_lamp","lamp_mount":"straight_mast","light:count":"1","support":"pole","id":"node/13338224010"},"geometry":{"type":"Point","coordinates":[5.8960055,51.9753119]}},{"type":"Feature","id":"node/13338224011","properties":{"highway":"street_lamp","lamp_mount":"straight_mast","light:count":"1","support":"pole","id":"node/13338224011"},"geometry":{"type":"Point","coordinates":[5.8963386,51.9756683]}},{"type":"Feature","id":"node/13338224012","properties":{"highway":"street_lamp","lamp_mount":"straight_mast","light:count":"1","support":"pole","id":"node/13338224012"},"geometry":{"type":"Point","coordinates":[5.8966781,51.9760177]}},{"type":"Feature","id":"node/13338224013","properties":{"highway":"street_lamp","lamp_mount":"straight_mast","light:count":"1","support":"pole","id":"node/13338224013"},"geometry":{"type":"Point","coordinates":[5.8970341,51.9763644]}},{"type":"Feature","id":"node/13338224014","properties":{"highway":"street_lamp","lamp_mount":"straight_mast","light:count":"1","support":"pole","id":"node/13338224014"},"geometry":{"type":"Point","coordinates":[5.8974057,51.9767043]}},{"type":"Feature","id":"node/13338224015","properties":{"highway":"street_lamp","lamp_mount":"straight_mast","light:count":"1","support":"pole","id":"node/13338224015"},"geometry":{"type":"Point","coordinates":[5.8977865,51.9770416]}},{"type":"Feature","id":"node/13338224016","properties":{"highway":"street_lamp","lamp_mount":"straight_mast","light:count":"1","support":"pole","id":"node/13338224016"},"geometry":{"type":"Point","coordinates":[5.8981791,51.9773751]}},{"type":"Feature","id":"node/13338224017","properties":{"highway":"street_lamp","lamp_mount":"straight_mast","light:count":"1","support":"pole","id":"node/13338224017"},"geometry":{"type":"Point","coordinates":[5.8985675,51.9777079]}},{"type":"Feature","id":"node/13338224018","properties":{"highway":"street_lamp","lamp_mount":"straight_mast","light:count":"1","support":"pole","id":"node/13338224018"},"geometry":{"type":"Point","coordinates":[5.8989613,51.978043]}},{"type":"Feature","id":"node/13338224019","properties":{"highway":"street_lamp","lamp_mount":"straight_mast","light:count":"1","support":"pole","id":"node/13338224019"},"geometry":{"type":"Point","coordinates":[5.8993632,51.9783842]}},{"type":"Feature","id":"node/13338224020","properties":{"highway":"street_lamp","lamp_mount":"straight_mast","light:count":"2","support":"pole","id":"node/13338224020"},"geometry":{"type":"Point","coordinates":[5.8997387,51.9787034]}},{"type":"Feature","id":"node/13338224021","properties":{"highway":"street_lamp","lamp_mount":"straight_mast","light:count":"2","support":"pole","id":"node/13338224021"},"geometry":{"type":"Point","coordinates":[5.9001143,51.9790249]}},{"type":"Feature","id":"node/13338224022","properties":{"highway":"street_lamp","lamp_mount":"straight_mast","light:count":"2","support":"pole","id":"node/13338224022"},"geometry":{"type":"Point","coordinates":[5.900486,51.9793427]}},{"type":"Feature","id":"node/13338224023","properties":{"highway":"street_lamp","lamp_mount":"straight_mast","light:count":"2","support":"pole","id":"node/13338224023"},"geometry":{"type":"Point","coordinates":[5.9008645,51.9796677]}},{"type":"Feature","id":"node/13338224024","properties":{"highway":"street_lamp","lamp_mount":"straight_mast","light:count":"2","support":"pole","id":"node/13338224024"},"geometry":{"type":"Point","coordinates":[5.9012383,51.9799845]}},{"type":"Feature","id":"node/13338224025","properties":{"highway":"street_lamp","lamp_mount":"straight_mast","light:count":"2","support":"pole","id":"node/13338224025"},"geometry":{"type":"Point","coordinates":[5.9016113,51.980307]}},{"type":"Feature","id":"node/13338224026","properties":{"highway":"street_lamp","lamp_mount":"straight_mast","light:count":"1","support":"pole","id":"node/13338224026"},"geometry":{"type":"Point","coordinates":[5.8989636,51.9775724]}},{"type":"Feature","id":"node/13338224027","properties":{"highway":"street_lamp","lamp_mount":"straight_mast","light:count":"1","support":"pole","id":"node/13338224027"},"geometry":{"type":"Point","coordinates":[5.8990098,51.9774922]}},{"type":"Feature","id":"node/13338224030","properties":{"highway":"street_lamp","lamp_mount":"bent_mast","light:count":"1","support":"pole","id":"node/13338224030"},"geometry":{"type":"Point","coordinates":[5.897359,51.9762485]}},{"type":"Feature","id":"node/13338224031","properties":{"highway":"street_lamp","lamp_mount":"bent_mast","light:count":"1","support":"pole","id":"node/13338224031"},"geometry":{"type":"Point","coordinates":[5.8975514,51.9764384]}},{"type":"Feature","id":"node/13338224032","properties":{"highway":"street_lamp","lamp_mount":"bent_mast","light:count":"1","support":"pole","id":"node/13338224032"},"geometry":{"type":"Point","coordinates":[5.8977503,51.9766288]}},{"type":"Feature","id":"node/13338224033","properties":{"highway":"street_lamp","lamp_mount":"bent_mast","light:count":"1","support":"pole","id":"node/13338224033"},"geometry":{"type":"Point","coordinates":[5.8979572,51.9768153]}},{"type":"Feature","id":"node/13338224034","properties":{"highway":"street_lamp","lamp_mount":"bent_mast","light:count":"1","support":"pole","id":"node/13338224034"},"geometry":{"type":"Point","coordinates":[5.8981565,51.976997]}},{"type":"Feature","id":"node/13338224035","properties":{"highway":"street_lamp","lamp_mount":"bent_mast","light:count":"1","support":"pole","id":"node/13338224035"},"geometry":{"type":"Point","coordinates":[5.8983608,51.9771843]}},{"type":"Feature","id":"node/13338224036","properties":{"highway":"street_lamp","lamp_mount":"bent_mast","light:count":"1","support":"pole","id":"node/13338224036"},"geometry":{"type":"Point","coordinates":[5.8985682,51.9773663]}},{"type":"Feature","id":"node/13338224037","properties":{"highway":"street_lamp","lamp_mount":"bent_mast","light:count":"1","support":"pole","id":"node/13338224037"},"geometry":{"type":"Point","coordinates":[5.8987815,51.9775549]}},{"type":"Feature","id":"node/13338224038","properties":{"highway":"street_lamp","lamp_mount":"bent_mast","light:count":"1","support":"pole","id":"node/13338224038"},"geometry":{"type":"Point","coordinates":[5.8989727,51.977708]}},{"type":"Feature","id":"node/13338224039","properties":{"highway":"street_lamp","lamp_mount":"bent_mast","light:count":"1","support":"pole","id":"node/13338224039"},"geometry":{"type":"Point","coordinates":[5.899007,51.9773386]}},{"type":"Feature","id":"node/13338224040","properties":{"highway":"street_lamp","lamp_mount":"bent_mast","light:count":"1","support":"pole","id":"node/13338224040"},"geometry":{"type":"Point","coordinates":[5.898497,51.9769737]}},{"type":"Feature","id":"node/13338224041","properties":{"highway":"street_lamp","lamp_mount":"bent_mast","light:count":"1","support":"pole","id":"node/13338224041"},"geometry":{"type":"Point","coordinates":[5.8982505,51.976792]}},{"type":"Feature","id":"node/13338224042","properties":{"highway":"street_lamp","lamp_mount":"bent_mast","light:count":"1","support":"pole","id":"node/13338224042"},"geometry":{"type":"Point","coordinates":[5.8987523,51.9771563]}},{"type":"Feature","id":"node/13338224043","properties":{"highway":"street_lamp","lamp_mount":"bent_mast","light:count":"1","support":"pole","id":"node/13338224043"},"geometry":{"type":"Point","coordinates":[5.8980015,51.9766054]}},{"type":"Feature","id":"node/13338224044","properties":{"highway":"street_lamp","lamp_mount":"bent_mast","light:count":"1","support":"pole","id":"node/13338224044"},"geometry":{"type":"Point","coordinates":[5.8977531,51.9764164]}},{"type":"Feature","id":"node/13338224045","properties":{"highway":"street_lamp","lamp_mount":"bent_mast","light:count":"1","support":"pole","id":"node/13338224045"},"geometry":{"type":"Point","coordinates":[5.897516,51.9762227]}},{"type":"Feature","id":"node/13338224054","properties":{"highway":"street_lamp","lamp_mount":"straight_mast","light:count":"1","support":"pole","id":"node/13338224054"},"geometry":{"type":"Point","coordinates":[5.8959523,51.9743035]}},{"type":"Feature","id":"node/13338224055","properties":{"highway":"street_lamp","lamp_mount":"straight_mast","light:count":"1","support":"pole","id":"node/13338224055"},"geometry":{"type":"Point","coordinates":[5.8961029,51.9745326]}},{"type":"Feature","id":"node/13338224056","properties":{"highway":"street_lamp","lamp_mount":"straight_mast","light:count":"1","support":"pole","id":"node/13338224056"},"geometry":{"type":"Point","coordinates":[5.8958049,51.9740776]}},{"type":"Feature","id":"node/13338224057","properties":{"highway":"street_lamp","lamp_mount":"straight_mast","light:count":"1","support":"pole","id":"node/13338224057"},"geometry":{"type":"Point","coordinates":[5.8956559,51.9738512]}},{"type":"Feature","id":"node/13338224058","properties":{"highway":"street_lamp","lamp_mount":"straight_mast","light:count":"1","support":"pole","id":"node/13338224058"},"geometry":{"type":"Point","coordinates":[5.8955039,51.9736262]}},{"type":"Feature","id":"node/13338224059","properties":{"highway":"street_lamp","lamp_mount":"straight_mast","light:count":"1","support":"pole","id":"node/13338224059"},"geometry":{"type":"Point","coordinates":[5.8953569,51.9733989]}},{"type":"Feature","id":"node/13338224060","properties":{"highway":"street_lamp","lamp_mount":"straight_mast","light:count":"1","support":"pole","id":"node/13338224060"},"geometry":{"type":"Point","coordinates":[5.8952079,51.9731723]}},{"type":"Feature","id":"node/13338224061","properties":{"highway":"street_lamp","lamp_mount":"straight_mast","light:count":"1","support":"pole","id":"node/13338224061"},"geometry":{"type":"Point","coordinates":[5.8950576,51.9729454]}},{"type":"Feature","id":"node/13338280043","properties":{"highway":"street_lamp","lamp_mount":"straight_mast","light:count":"1","support":"pole","id":"node/13338280043"},"geometry":{"type":"Point","coordinates":[5.8939062,51.9722421]}},{"type":"Feature","id":"node/13338280044","properties":{"highway":"street_lamp","lamp_mount":"bent_mast","light:count":"1","support":"pole","id":"node/13338280044"},"geometry":{"type":"Point","coordinates":[5.8932589,51.9717366]}},{"type":"Feature","id":"node/13338280045","properties":{"highway":"street_lamp","lamp_mount":"bent_mast","light:count":"1","support":"pole","id":"node/13338280045"},"geometry":{"type":"Point","coordinates":[5.8934839,51.9719671]}},{"type":"Feature","id":"node/13338280046","properties":{"highway":"street_lamp","lamp_mount":"bent_mast","light:count":"1","support":"pole","id":"node/13338280046"},"geometry":{"type":"Point","coordinates":[5.8937888,51.9721308]}},{"type":"Feature","id":"node/13338280047","properties":{"highway":"street_lamp","lamp_mount":"straight_mast","light:count":"1","support":"pole","id":"node/13338280047"},"geometry":{"type":"Point","coordinates":[5.8943412,51.9723823]}},{"type":"Feature","id":"node/13338280048","properties":{"highway":"street_lamp","lamp_mount":"straight_mast","light:count":"1","support":"pole","id":"node/13338280048"},"geometry":{"type":"Point","coordinates":[5.8946916,51.972602]}},{"type":"Feature","id":"node/13338280049","properties":{"highway":"street_lamp","lamp_mount":"bent_mast","light:count":"1","support":"pole","id":"node/13338280049"},"geometry":{"type":"Point","coordinates":[5.8930379,51.971501]}},{"type":"Feature","id":"node/13338280050","properties":{"highway":"street_lamp","lamp_mount":"bent_mast","light:count":"1","support":"pole","id":"node/13338280050"},"geometry":{"type":"Point","coordinates":[5.8928492,51.9712625]}},{"type":"Feature","id":"node/13338280051","properties":{"highway":"street_lamp","lamp_mount":"bent_mast","light:count":"1","support":"pole","id":"node/13338280051"},"geometry":{"type":"Point","coordinates":[5.8926484,51.9710207]}},{"type":"Feature","id":"node/13338280052","properties":{"highway":"street_lamp","lamp_mount":"bent_mast","light:count":"1","support":"pole","id":"node/13338280052"},"geometry":{"type":"Point","coordinates":[5.8924483,51.9707706]}},{"type":"Feature","id":"node/13338280053","properties":{"highway":"street_lamp","lamp_mount":"bent_mast","light:count":"1","support":"pole","id":"node/13338280053"},"geometry":{"type":"Point","coordinates":[5.8920964,51.970294]}},{"type":"Feature","id":"node/13338280054","properties":{"highway":"street_lamp","lamp_mount":"bent_mast","light:count":"1","support":"pole","id":"node/13338280054"},"geometry":{"type":"Point","coordinates":[5.8919358,51.970044]}},{"type":"Feature","id":"node/13338280055","properties":{"highway":"street_lamp","lamp_mount":"bent_mast","light:count":"1","support":"pole","id":"node/13338280055"},"geometry":{"type":"Point","coordinates":[5.8917765,51.969794]}},{"type":"Feature","id":"node/13338280088","properties":{"highway":"street_lamp","lamp_mount":"bent_mast","light:count":"1","support":"pole","id":"node/13338280088"},"geometry":{"type":"Point","coordinates":[5.8916399,51.9695369]}},{"type":"Feature","id":"node/13338280089","properties":{"highway":"street_lamp","lamp_mount":"bent_mast","light:count":"1","support":"pole","id":"node/13338280089"},"geometry":{"type":"Point","coordinates":[5.8913891,51.9690224]}},{"type":"Feature","id":"node/13338280090","properties":{"highway":"street_lamp","lamp_mount":"bent_mast","light:count":"1","support":"pole","id":"node/13338280090"},"geometry":{"type":"Point","coordinates":[5.8912001,51.9684912]}},{"type":"Feature","id":"node/13338280091","properties":{"highway":"street_lamp","lamp_mount":"bent_mast","light:count":"1","support":"pole","id":"node/13338280091"},"geometry":{"type":"Point","coordinates":[5.8911383,51.968224]}},{"type":"Feature","id":"node/13338280092","properties":{"highway":"street_lamp","lamp_mount":"bent_mast","light:count":"1","support":"pole","id":"node/13338280092"},"geometry":{"type":"Point","coordinates":[5.8910775,51.9679606]}},{"type":"Feature","id":"node/13338280093","properties":{"highway":"street_lamp","lamp_mount":"bent_mast","light:count":"1","support":"pole","id":"node/13338280093"},"geometry":{"type":"Point","coordinates":[5.8910218,51.9676975]}},{"type":"Feature","id":"node/13338280094","properties":{"highway":"street_lamp","lamp_mount":"bent_mast","light:count":"1","support":"pole","id":"node/13338280094"},"geometry":{"type":"Point","coordinates":[5.8909687,51.9674269]}},{"type":"Feature","id":"node/13338280095","properties":{"highway":"street_lamp","lamp_mount":"straight_mast","light:count":"1","support":"pole","id":"node/13338280095"},"geometry":{"type":"Point","coordinates":[5.8907479,51.9667633]}},{"type":"Feature","id":"node/13338280096","properties":{"highway":"street_lamp","lamp_mount":"straight_mast","light:count":"1","support":"pole","id":"node/13338280096"},"geometry":{"type":"Point","coordinates":[5.8907882,51.9669832]}},{"type":"Feature","id":"node/13338280097","properties":{"highway":"street_lamp","lamp_mount":"straight_mast","light:count":"1","support":"pole","id":"node/13338280097"},"geometry":{"type":"Point","coordinates":[5.8908358,51.9672147]}},{"type":"Feature","id":"node/13338280098","properties":{"highway":"street_lamp","lamp_mount":"straight_mast","light:count":"1","support":"pole","id":"node/13338280098"},"geometry":{"type":"Point","coordinates":[5.8910248,51.9663492]}},{"type":"Feature","id":"node/13338280099","properties":{"highway":"street_lamp","lamp_mount":"straight_mast","light:count":"1","support":"pole","id":"node/13338280099"},"geometry":{"type":"Point","coordinates":[5.8908332,51.9665484]}},{"type":"Feature","id":"node/13338280100","properties":{"highway":"street_lamp","lamp_mount":"straight_mast","light:count":"1","support":"pole","id":"node/13338280100"},"geometry":{"type":"Point","coordinates":[5.8912286,51.9661676]}},{"type":"Feature","id":"node/13338285301","properties":{"highway":"street_lamp","lamp_mount":"straight_mast","light:count":"1","support":"pole","id":"node/13338285301"},"geometry":{"type":"Point","coordinates":[5.8914972,51.9660946]}},{"type":"Feature","id":"node/13338285302","properties":{"highway":"street_lamp","lamp_mount":"straight_mast","light:count":"1","support":"pole","id":"node/13338285302"},"geometry":{"type":"Point","coordinates":[5.8925799,51.9704225]}},{"type":"Feature","id":"node/13338285303","properties":{"highway":"street_lamp","lamp_mount":"straight_mast","light:count":"1","support":"pole","id":"node/13338285303"},"geometry":{"type":"Point","coordinates":[5.8926486,51.9706432]}},{"type":"Feature","id":"node/13338285304","properties":{"highway":"street_lamp","lamp_mount":"straight_mast","light:count":"1","support":"pole","id":"node/13338285304"},"geometry":{"type":"Point","coordinates":[5.8929866,51.9707526]}},{"type":"Feature","id":"node/13338285305","properties":{"highway":"street_lamp","lamp_mount":"straight_mast","light:count":"1","support":"pole","id":"node/13338285305"},"geometry":{"type":"Point","coordinates":[5.8928303,51.9706358]}},{"type":"Feature","id":"node/13338285306","properties":{"highway":"street_lamp","lamp_mount":"straight_mast","light:count":"1","support":"pole","id":"node/13338285306"},"geometry":{"type":"Point","coordinates":[5.8927522,51.9709798]}},{"type":"Feature","id":"node/13338285307","properties":{"highway":"street_lamp","lamp_mount":"straight_mast","light:count":"1","support":"pole","id":"node/13338285307"},"geometry":{"type":"Point","coordinates":[5.8926976,51.9707839]}},{"type":"Feature","id":"node/13338285308","properties":{"highway":"street_lamp","lamp_mount":"straight_mast","light:count":"1","support":"pole","id":"node/13338285308"},"geometry":{"type":"Point","coordinates":[5.8928333,51.9702981]}},{"type":"Feature","id":"node/13338285309","properties":{"highway":"street_lamp","lamp_mount":"straight_mast","light:count":"1","support":"pole","id":"node/13338285309"},"geometry":{"type":"Point","coordinates":[5.8930484,51.970177]}},{"type":"Feature","id":"node/13338285310","properties":{"highway":"street_lamp","lamp_mount":"straight_mast","light:count":"1","support":"pole","id":"node/13338285310"},"geometry":{"type":"Point","coordinates":[5.8932568,51.9700583]}},{"type":"Feature","id":"node/13338285311","properties":{"highway":"street_lamp","lamp_mount":"straight_mast","light:count":"1","support":"pole","id":"node/13338285311"},"geometry":{"type":"Point","coordinates":[5.8934677,51.9699148]}},{"type":"Feature","id":"node/13338285312","properties":{"highway":"street_lamp","lamp_mount":"straight_mast","light:count":"1","support":"pole","id":"node/13338285312"},"geometry":{"type":"Point","coordinates":[5.8936792,51.9697817]}},{"type":"Feature","id":"node/13338285313","properties":{"highway":"street_lamp","lamp_mount":"straight_mast","light:count":"1","support":"pole","id":"node/13338285313"},"geometry":{"type":"Point","coordinates":[5.8939506,51.9696396]}},{"type":"Feature","id":"node/13338285314","properties":{"highway":"street_lamp","lamp_mount":"straight_mast","light:count":"1","support":"pole","id":"node/13338285314"},"geometry":{"type":"Point","coordinates":[5.894229,51.9694912]}},{"type":"Feature","id":"node/13338285315","properties":{"highway":"street_lamp","lamp_mount":"straight_mast","light:count":"1","support":"pole","id":"node/13338285315"},"geometry":{"type":"Point","coordinates":[5.8945055,51.9693424]}},{"type":"Feature","id":"node/13338285316","properties":{"highway":"street_lamp","lamp_mount":"straight_mast","light:count":"1","support":"pole","id":"node/13338285316"},"geometry":{"type":"Point","coordinates":[5.8947808,51.9691944]}},{"type":"Feature","id":"node/13338285317","properties":{"highway":"street_lamp","lamp_mount":"straight_mast","light:count":"1","support":"pole","id":"node/13338285317"},"geometry":{"type":"Point","coordinates":[5.8950481,51.9690513]}},{"type":"Feature","id":"node/13338285318","properties":{"highway":"street_lamp","lamp_mount":"straight_mast","light:count":"1","support":"pole","id":"node/13338285318"},"geometry":{"type":"Point","coordinates":[5.8953123,51.968912]}},{"type":"Feature","id":"node/13338285319","properties":{"highway":"street_lamp","lamp_mount":"straight_mast","light:count":"1","support":"pole","id":"node/13338285319"},"geometry":{"type":"Point","coordinates":[5.8955594,51.968778]}},{"type":"Feature","id":"node/13338285320","properties":{"highway":"street_lamp","lamp_mount":"straight_mast","light:count":"1","support":"pole","id":"node/13338285320"},"geometry":{"type":"Point","coordinates":[5.8954585,51.9686901]}},{"type":"Feature","id":"node/13338285321","properties":{"highway":"street_lamp","lamp_mount":"straight_mast","light:count":"1","support":"pole","id":"node/13338285321"},"geometry":{"type":"Point","coordinates":[5.8952322,51.9685009]}},{"type":"Feature","id":"node/13338285322","properties":{"highway":"street_lamp","lamp_mount":"straight_mast","light:count":"1","support":"pole","id":"node/13338285322"},"geometry":{"type":"Point","coordinates":[5.8950217,51.9683247]}},{"type":"Feature","id":"node/13338285323","properties":{"highway":"street_lamp","lamp_mount":"bent_mast","light:count":"1","support":"pole","id":"node/13338285323"},"geometry":{"type":"Point","coordinates":[5.8949324,51.9683128]}},{"type":"Feature","id":"node/13338285324","properties":{"highway":"street_lamp","lamp_mount":"straight_mast","light:count":"1","support":"pole","id":"node/13338285324"},"geometry":{"type":"Point","coordinates":[5.8952628,51.9683455]}},{"type":"Feature","id":"node/13338285325","properties":{"highway":"street_lamp","lamp_mount":"straight_mast","light:count":"1","support":"pole","id":"node/13338285325"},"geometry":{"type":"Point","coordinates":[5.8954569,51.968534]}},{"type":"Feature","id":"node/13338285326","properties":{"highway":"street_lamp","lamp_mount":"straight_mast","light:count":"1","support":"pole","id":"node/13338285326"},"geometry":{"type":"Point","coordinates":[5.8947623,51.9689679]}},{"type":"Feature","id":"node/13338285327","properties":{"highway":"street_lamp","lamp_mount":"straight_mast","light:count":"1","support":"pole","id":"node/13338285327"},"geometry":{"type":"Point","coordinates":[5.8944961,51.9687392]}},{"type":"Feature","id":"node/13338285328","properties":{"highway":"street_lamp","lamp_mount":"bent_mast","light:count":"1","support":"pole","id":"node/13338285328"},"geometry":{"type":"Point","coordinates":[5.8943725,51.9686133]}},{"type":"Feature","id":"node/13338285329","properties":{"highway":"street_lamp","lamp_mount":"bent_mast","light:count":"1","support":"pole","id":"node/13338285329"},"geometry":{"type":"Point","coordinates":[5.8946346,51.9684736]}},{"type":"Feature","id":"node/13338285330","properties":{"highway":"street_lamp","lamp_mount":"bent_mast","light:count":"1","support":"pole","id":"node/13338285330"},"geometry":{"type":"Point","coordinates":[5.8940579,51.9687813]}},{"type":"Feature","id":"node/13338285331","properties":{"highway":"street_lamp","lamp_mount":"bent_mast","light:count":"1","support":"pole","id":"node/13338285331"},"geometry":{"type":"Point","coordinates":[5.8937392,51.9689538]}},{"type":"Feature","id":"node/13338285332","properties":{"highway":"street_lamp","lamp_mount":"straight_mast","light:count":"1","support":"pole","id":"node/13338285332"},"geometry":{"type":"Point","coordinates":[5.893872,51.9690724]}},{"type":"Feature","id":"node/13338285333","properties":{"highway":"street_lamp","lamp_mount":"straight_mast","light:count":"1","support":"pole","id":"node/13338285333"},"geometry":{"type":"Point","coordinates":[5.8941371,51.969299]}},{"type":"Feature","id":"node/13338285334","properties":{"highway":"street_lamp","lamp_mount":"bent_mast","light:count":"1","support":"pole","id":"node/13338285334"},"geometry":{"type":"Point","coordinates":[5.8934894,51.9697024]}},{"type":"Feature","id":"node/13338285335","properties":{"highway":"street_lamp","lamp_mount":"bent_mast","light:count":"1","support":"pole","id":"node/13338285335"},"geometry":{"type":"Point","coordinates":[5.8932784,51.9695218]}},{"type":"Feature","id":"node/13338285336","properties":{"highway":"street_lamp","lamp_mount":"bent_mast","light:count":"1","support":"pole","id":"node/13338285336"},"geometry":{"type":"Point","coordinates":[5.8931737,51.9692546]}},{"type":"Feature","id":"node/13338285337","properties":{"highway":"street_lamp","lamp_mount":"bent_mast","light:count":"1","support":"pole","id":"node/13338285337"},"geometry":{"type":"Point","coordinates":[5.8925912,51.9689344]}},{"type":"Feature","id":"node/13338285338","properties":{"highway":"street_lamp","lamp_mount":"bent_mast","light:count":"1","support":"pole","id":"node/13338285338"},"geometry":{"type":"Point","coordinates":[5.8928296,51.9691358]}},{"type":"Feature","id":"node/13338285339","properties":{"highway":"street_lamp","lamp_mount":"bent_mast","light:count":"1","support":"pole","id":"node/13338285339"},"geometry":{"type":"Point","coordinates":[5.8923921,51.9687618]}},{"type":"Feature","id":"node/13338285340","properties":{"highway":"street_lamp","lamp_mount":"bent_mast","light:count":"1","support":"pole","id":"node/13338285340"},"geometry":{"type":"Point","coordinates":[5.8922194,51.9685596]}},{"type":"Feature","id":"node/13338285341","properties":{"highway":"street_lamp","lamp_mount":"bent_mast","light:count":"1","support":"pole","id":"node/13338285341"},"geometry":{"type":"Point","coordinates":[5.8924283,51.968368]}},{"type":"Feature","id":"node/13338285342","properties":{"highway":"street_lamp","lamp_mount":"bent_mast","light:count":"1","support":"pole","id":"node/13338285342"},"geometry":{"type":"Point","coordinates":[5.8926643,51.9681503]}},{"type":"Feature","id":"node/13338285343","properties":{"highway":"street_lamp","lamp_mount":"bent_mast","light:count":"1","support":"pole","id":"node/13338285343"},"geometry":{"type":"Point","coordinates":[5.8931209,51.9683438]}},{"type":"Feature","id":"node/13338285344","properties":{"highway":"street_lamp","lamp_mount":"bent_mast","light:count":"1","support":"pole","id":"node/13338285344"},"geometry":{"type":"Point","coordinates":[5.8933747,51.9685638]}},{"type":"Feature","id":"node/13338285345","properties":{"highway":"street_lamp","lamp_mount":"bent_mast","light:count":"1","support":"pole","id":"node/13338285345"},"geometry":{"type":"Point","coordinates":[5.893626,51.9687792]}},{"type":"Feature","id":"node/13338285346","properties":{"highway":"street_lamp","lamp_mount":"bent_mast","light:count":"1","support":"pole","id":"node/13338285346"},"geometry":{"type":"Point","coordinates":[5.8928964,51.9679308]}},{"type":"Feature","id":"node/13338285347","properties":{"highway":"street_lamp","lamp_mount":"bent_mast","light:count":"1","support":"pole","id":"node/13338285347"},"geometry":{"type":"Point","coordinates":[5.8929016,51.9681622]}},{"type":"Feature","id":"node/13338285348","properties":{"highway":"street_lamp","lamp_mount":"bent_mast","light:count":"1","support":"pole","id":"node/13338285348"},"geometry":{"type":"Point","coordinates":[5.8931514,51.9676976]}},{"type":"Feature","id":"node/13338285349","properties":{"highway":"street_lamp","lamp_mount":"bent_mast","light:count":"1","support":"pole","id":"node/13338285349"},"geometry":{"type":"Point","coordinates":[5.8933806,51.9674858]}},{"type":"Feature","id":"node/13338285350","properties":{"highway":"street_lamp","lamp_mount":"bent_mast","light:count":"1","support":"pole","id":"node/13338285350"},"geometry":{"type":"Point","coordinates":[5.8936815,51.9672809]}},{"type":"Feature","id":"node/13338285351","properties":{"highway":"street_lamp","lamp_mount":"bent_mast","light:count":"1","support":"pole","id":"node/13338285351"},"geometry":{"type":"Point","coordinates":[5.893402,51.9676999]}},{"type":"Feature","id":"node/13338285352","properties":{"highway":"street_lamp","lamp_mount":"bent_mast","light:count":"1","support":"pole","id":"node/13338285352"},"geometry":{"type":"Point","coordinates":[5.8936896,51.9679486]}},{"type":"Feature","id":"node/13338285353","properties":{"highway":"street_lamp","lamp_mount":"bent_mast","light:count":"1","support":"pole","id":"node/13338285353"},"geometry":{"type":"Point","coordinates":[5.8941393,51.9683331]}},{"type":"Feature","id":"node/13338285354","properties":{"highway":"street_lamp","lamp_mount":"bent_mast","light:count":"1","support":"pole","id":"node/13338285354"},"geometry":{"type":"Point","coordinates":[5.8939161,51.9681427]}},{"type":"Feature","id":"node/13338285355","properties":{"highway":"street_lamp","lamp_mount":"straight_mast","light:count":"1","support":"pole","id":"node/13338285355"},"geometry":{"type":"Point","coordinates":[5.8946961,51.968059]}},{"type":"Feature","id":"node/13338285356","properties":{"highway":"street_lamp","lamp_mount":"straight_mast","light:count":"1","support":"pole","id":"node/13338285356"},"geometry":{"type":"Point","coordinates":[5.8950451,51.9680423]}},{"type":"Feature","id":"node/13338285357","properties":{"highway":"street_lamp","lamp_mount":"straight_mast","light:count":"1","support":"pole","id":"node/13338285357"},"geometry":{"type":"Point","coordinates":[5.8948601,51.9678659]}},{"type":"Feature","id":"node/13338285358","properties":{"highway":"street_lamp","lamp_mount":"straight_mast","light:count":"1","support":"pole","id":"node/13338285358"},"geometry":{"type":"Point","coordinates":[5.8946365,51.9676531]}},{"type":"Feature","id":"node/13338285359","properties":{"highway":"street_lamp","lamp_mount":"straight_mast","light:count":"1","support":"pole","id":"node/13338285359"},"geometry":{"type":"Point","coordinates":[5.8942118,51.9672442]}},{"type":"Feature","id":"node/13338285360","properties":{"highway":"street_lamp","lamp_mount":"bent_mast","light:count":"1","support":"pole","id":"node/13338285360"},"geometry":{"type":"Point","coordinates":[5.8939034,51.9671541]}},{"type":"Feature","id":"node/13338285361","properties":{"highway":"street_lamp","lamp_mount":"bent_mast","light:count":"1","support":"pole","id":"node/13338285361"},"geometry":{"type":"Point","coordinates":[5.8936779,51.9671704]}},{"type":"Feature","id":"node/13338493597","properties":{"highway":"street_lamp","lamp_mount":"bent_mast","light:count":"1","support":"pole","id":"node/13338493597"},"geometry":{"type":"Point","coordinates":[5.8985067,51.9704878]}},{"type":"Feature","id":"node/13338493598","properties":{"highway":"street_lamp","lamp_mount":"bent_mast","light:count":"1","support":"pole","id":"node/13338493598"},"geometry":{"type":"Point","coordinates":[5.8994289,51.9710964]}},{"type":"Feature","id":"node/13338493599","properties":{"highway":"street_lamp","lamp_mount":"bent_mast","light:count":"1","support":"pole","id":"node/13338493599"},"geometry":{"type":"Point","coordinates":[5.8992679,51.9709286]}},{"type":"Feature","id":"node/13338493600","properties":{"highway":"street_lamp","lamp_mount":"bent_mast","light:count":"1","support":"pole","id":"node/13338493600"},"geometry":{"type":"Point","coordinates":[5.8990473,51.9707232]}},{"type":"Feature","id":"node/13338516930","properties":{"highway":"street_lamp","lamp_mount":"bent_mast","light:count":"1","support":"pole","id":"node/13338516930"},"geometry":{"type":"Point","coordinates":[5.896107,51.9720606]}},{"type":"Feature","id":"node/13338521563","properties":{"highway":"street_lamp","lamp_mount":"straight_mast","light:count":"1","support":"pole","id":"node/13338521563"},"geometry":{"type":"Point","coordinates":[5.893197,51.9668123]}},{"type":"Feature","id":"node/13338521564","properties":{"highway":"street_lamp","lamp_mount":"straight_mast","light:count":"1","support":"pole","id":"node/13338521564"},"geometry":{"type":"Point","coordinates":[5.8921837,51.9664321]}},{"type":"Feature","id":"node/13338521565","properties":{"highway":"street_lamp","lamp_mount":"straight_mast","light:count":"1","support":"pole","id":"node/13338521565"},"geometry":{"type":"Point","coordinates":[5.8925155,51.9665492]}},{"type":"Feature","id":"node/13338521566","properties":{"highway":"street_lamp","lamp_mount":"straight_mast","light:count":"1","support":"pole","id":"node/13338521566"},"geometry":{"type":"Point","coordinates":[5.8934671,51.9669904]}},{"type":"Feature","id":"node/13338521567","properties":{"highway":"street_lamp","lamp_mount":"straight_mast","light:count":"1","support":"pole","id":"node/13338521567"},"geometry":{"type":"Point","coordinates":[5.8922156,51.9674826]}},{"type":"Feature","id":"node/13338521568","properties":{"highway":"street_lamp","lamp_mount":"straight_mast","light:count":"1","support":"pole","id":"node/13338521568"},"geometry":{"type":"Point","coordinates":[5.8919303,51.9670664]}},{"type":"Feature","id":"node/13338521569","properties":{"highway":"street_lamp","lamp_mount":"straight_mast","light:count":"1","support":"pole","id":"node/13338521569"},"geometry":{"type":"Point","coordinates":[5.8923363,51.9668943]}},{"type":"Feature","id":"node/13338521570","properties":{"highway":"street_lamp","lamp_mount":"straight_mast","light:count":"1","support":"pole","id":"node/13338521570"},"geometry":{"type":"Point","coordinates":[5.8925918,51.9667833]}},{"type":"Feature","id":"node/13338521571","properties":{"highway":"street_lamp","lamp_mount":"straight_mast","light:count":"1","support":"pole","id":"node/13338521571"},"geometry":{"type":"Point","coordinates":[5.8928846,51.9666616]}},{"type":"Feature","id":"node/13338521572","properties":{"highway":"street_lamp","lamp_mount":"straight_mast","light:count":"1","support":"pole","id":"node/13338521572"},"geometry":{"type":"Point","coordinates":[5.8931049,51.9665638]}},{"type":"Feature","id":"node/13338521573","properties":{"highway":"street_lamp","lamp_mount":"straight_mast","light:count":"1","support":"pole","id":"node/13338521573"},"geometry":{"type":"Point","coordinates":[5.8934665,51.9664131]}},{"type":"Feature","id":"node/13338521574","properties":{"highway":"street_lamp","lamp_mount":"straight_mast","light:count":"1","support":"pole","id":"node/13338521574"},"geometry":{"type":"Point","coordinates":[5.8937442,51.9662934]}},{"type":"Feature","id":"node/13338521575","properties":{"highway":"street_lamp","lamp_mount":"straight_mast","light:count":"1","support":"pole","id":"node/13338521575"},"geometry":{"type":"Point","coordinates":[5.8915438,51.9667499]}},{"type":"Feature","id":"node/13338521576","properties":{"highway":"street_lamp","lamp_mount":"straight_mast","light:count":"1","support":"pole","id":"node/13338521576"},"geometry":{"type":"Point","coordinates":[5.8917425,51.9669711]}},{"type":"Feature","id":"node/13338521577","properties":{"highway":"street_lamp","lamp_mount":"bent_mast","light:count":"1","support":"pole","id":"node/13338521577"},"geometry":{"type":"Point","coordinates":[5.8923531,51.9677097]}},{"type":"Feature","id":"node/13338521578","properties":{"highway":"street_lamp","lamp_mount":"bent_mast","light:count":"1","support":"pole","id":"node/13338521578"},"geometry":{"type":"Point","coordinates":[5.8927028,51.9675237]}},{"type":"Feature","id":"node/13338521579","properties":{"highway":"street_lamp","lamp_mount":"bent_mast","light:count":"1","support":"pole","id":"node/13338521579"},"geometry":{"type":"Point","coordinates":[5.8930627,51.9673386]}},{"type":"Feature","id":"node/13338521580","properties":{"highway":"street_lamp","lamp_mount":"bent_mast","light:count":"1","support":"pole","id":"node/13338521580"},"geometry":{"type":"Point","coordinates":[5.8933967,51.9671578]}},{"type":"Feature","id":"node/13338521581","properties":{"highway":"street_lamp","lamp_mount":"bent_mast","light:count":"1","support":"pole","id":"node/13338521581"},"geometry":{"type":"Point","coordinates":[5.8937052,51.9669884]}},{"type":"Feature","id":"node/13338521582","properties":{"highway":"street_lamp","lamp_mount":"bent_mast","light:count":"1","support":"pole","id":"node/13338521582"},"geometry":{"type":"Point","coordinates":[5.8940057,51.9668246]}},{"type":"Feature","id":"node/13338521583","properties":{"highway":"street_lamp","lamp_mount":"bent_mast","light:count":"1","support":"pole","id":"node/13338521583"},"geometry":{"type":"Point","coordinates":[5.894312,51.9666552]}},{"type":"Feature","id":"node/13338521584","properties":{"highway":"street_lamp","lamp_mount":"bent_mast","light:count":"1","support":"pole","id":"node/13338521584"},"geometry":{"type":"Point","coordinates":[5.8946184,51.9664491]}},{"type":"Feature","id":"node/13338521585","properties":{"highway":"street_lamp","lamp_mount":"bent_mast","light:count":"1","support":"pole","id":"node/13338521585"},"geometry":{"type":"Point","coordinates":[5.8947326,51.9661957]}},{"type":"Feature","id":"node/13338521586","properties":{"highway":"street_lamp","lamp_mount":"bent_mast","light:count":"1","support":"pole","id":"node/13338521586"},"geometry":{"type":"Point","coordinates":[5.8944127,51.9660512]}},{"type":"Feature","id":"node/13338521587","properties":{"highway":"street_lamp","lamp_mount":"bent_mast","light:count":"1","support":"pole","id":"node/13338521587"},"geometry":{"type":"Point","coordinates":[5.8940744,51.9659028]}},{"type":"Feature","id":"node/13338521588","properties":{"highway":"street_lamp","lamp_mount":"straight_mast","light:count":"1","support":"pole","id":"node/13338521588"},"geometry":{"type":"Point","coordinates":[5.8918811,51.9662677]}},{"type":"Feature","id":"node/13338521589","properties":{"highway":"street_lamp","lamp_mount":"bent_mast","light:count":"1","support":"pole","id":"node/13338521589"},"geometry":{"type":"Point","coordinates":[5.892227,51.9657831]}},{"type":"Feature","id":"node/13338521590","properties":{"highway":"street_lamp","lamp_mount":"bent_mast","light:count":"1","support":"pole","id":"node/13338521590"},"geometry":{"type":"Point","coordinates":[5.891854,51.9659065]}},{"type":"Feature","id":"node/13338521591","properties":{"highway":"street_lamp","lamp_mount":"bent_mast","light:count":"1","support":"pole","id":"node/13338521591"},"geometry":{"type":"Point","coordinates":[5.8926443,51.9656684]}},{"type":"Feature","id":"node/13338521592","properties":{"highway":"street_lamp","lamp_mount":"bent_mast","light:count":"1","support":"pole","id":"node/13338521592"},"geometry":{"type":"Point","coordinates":[5.8930221,51.965591]}},{"type":"Feature","id":"node/13338521593","properties":{"highway":"street_lamp","lamp_mount":"bent_mast","light:count":"1","support":"pole","id":"node/13338521593"},"geometry":{"type":"Point","coordinates":[5.8934265,51.9656257]}},{"type":"Feature","id":"node/13338521594","properties":{"highway":"street_lamp","lamp_mount":"bent_mast","light:count":"1","support":"pole","id":"node/13338521594"},"geometry":{"type":"Point","coordinates":[5.8933166,51.9656474]}},{"type":"Feature","id":"node/13338521595","properties":{"highway":"street_lamp","lamp_mount":"bent_mast","light:count":"1","support":"pole","id":"node/13338521595"},"geometry":{"type":"Point","coordinates":[5.8937507,51.9657508]}},{"type":"Feature","id":"node/13338521596","properties":{"highway":"street_lamp","lamp_mount":"straight_mast","light:count":"1","support":"pole","id":"node/13338521596"},"geometry":{"type":"Point","coordinates":[5.8940706,51.9661796]}},{"type":"Feature","id":"node/13338521597","properties":{"highway":"street_lamp","lamp_mount":"bent_mast","light:count":"1","support":"pole","id":"node/13338521597"},"geometry":{"type":"Point","coordinates":[5.8944533,51.9664344]}},{"type":"Feature","id":"node/13338521598","properties":{"highway":"street_lamp","lamp_mount":"bent_mast","light:count":"1","support":"pole","id":"node/13338521598"},"geometry":{"type":"Point","coordinates":[5.8942492,51.9663024]}},{"type":"Feature","id":"node/13338521599","properties":{"highway":"street_lamp","lamp_mount":"bent_mast","light:count":"1","support":"pole","id":"node/13338521599"},"geometry":{"type":"Point","coordinates":[5.8939818,51.9661266]}},{"type":"Feature","id":"node/13338521600","properties":{"highway":"street_lamp","lamp_mount":"bent_mast","light:count":"1","support":"pole","id":"node/13338521600"},"geometry":{"type":"Point","coordinates":[5.893768,51.9659835]}},{"type":"Feature","id":"node/13338528501","properties":{"highway":"street_lamp","lamp_mount":"bent_mast","light:count":"1","support":"pole","id":"node/13338528501"},"geometry":{"type":"Point","coordinates":[5.898875,51.9705592]}},{"type":"Feature","id":"node/13338528502","properties":{"highway":"street_lamp","lamp_mount":"bent_mast","light:count":"1","support":"pole","id":"node/13338528502"},"geometry":{"type":"Point","coordinates":[5.8986061,51.9703444]}},{"type":"Feature","id":"node/13338528503","properties":{"highway":"street_lamp","lamp_mount":"bent_mast","light:count":"1","support":"pole","id":"node/13338528503"},"geometry":{"type":"Point","coordinates":[5.8984083,51.9702036]}},{"type":"Feature","id":"node/13338528504","properties":{"highway":"street_lamp","lamp_mount":"bent_mast","light:count":"1","support":"pole","id":"node/13338528504"},"geometry":{"type":"Point","coordinates":[5.8981609,51.9700379]}},{"type":"Feature","id":"node/13338528505","properties":{"highway":"street_lamp","lamp_mount":"straight_mast","light:count":"1","support":"pole","id":"node/13338528505"},"geometry":{"type":"Point","coordinates":[5.8980898,51.9701325]}},{"type":"Feature","id":"node/13338528506","properties":{"highway":"street_lamp","lamp_mount":"straight_mast","light:count":"1","support":"pole","id":"node/13338528506"},"geometry":{"type":"Point","coordinates":[5.898177,51.9703374]}},{"type":"Feature","id":"node/13338528507","properties":{"highway":"street_lamp","lamp_mount":"bent_mast","light:count":"1","support":"pole","id":"node/13338528507"},"geometry":{"type":"Point","coordinates":[5.8984217,51.9710562]}},{"type":"Feature","id":"node/13338528508","properties":{"highway":"street_lamp","lamp_mount":"bent_mast","light:count":"1","support":"pole","id":"node/13338528508"},"geometry":{"type":"Point","coordinates":[5.8982675,51.9709133]}},{"type":"Feature","id":"node/13338528509","properties":{"highway":"street_lamp","lamp_mount":"bent_mast","light:count":"1","support":"pole","id":"node/13338528509"},"geometry":{"type":"Point","coordinates":[5.8981927,51.9707105]}},{"type":"Feature","id":"node/13338528510","properties":{"highway":"street_lamp","lamp_mount":"bent_mast","light:count":"1","support":"pole","id":"node/13338528510"},"geometry":{"type":"Point","coordinates":[5.8983959,51.9710771]}},{"type":"Feature","id":"node/13338528511","properties":{"highway":"street_lamp","lamp_mount":"bent_mast","light:count":"1","support":"pole","id":"node/13338528511"},"geometry":{"type":"Point","coordinates":[5.8987298,51.9712465]}},{"type":"Feature","id":"node/13338528512","properties":{"highway":"street_lamp","lamp_mount":"bent_mast","light:count":"1","support":"pole","id":"node/13338528512"},"geometry":{"type":"Point","coordinates":[5.8958066,51.9709054]}},{"type":"Feature","id":"node/13338528513","properties":{"highway":"street_lamp","lamp_mount":"bent_mast","light:count":"1","support":"pole","id":"node/13338528513"},"geometry":{"type":"Point","coordinates":[5.896178,51.9708468]}},{"type":"Feature","id":"node/13338528514","properties":{"highway":"street_lamp","lamp_mount":"bent_mast","light:count":"1","support":"pole","id":"node/13338528514"},"geometry":{"type":"Point","coordinates":[5.8965549,51.9707902]}},{"type":"Feature","id":"node/13338528515","properties":{"highway":"street_lamp","lamp_mount":"bent_mast","light:count":"1","support":"pole","id":"node/13338528515"},"geometry":{"type":"Point","coordinates":[5.8969465,51.9707319]}},{"type":"Feature","id":"node/13338528516","properties":{"highway":"street_lamp","lamp_mount":"bent_mast","light:count":"1","support":"pole","id":"node/13338528516"},"geometry":{"type":"Point","coordinates":[5.8972945,51.9706733]}},{"type":"Feature","id":"node/13338528517","properties":{"highway":"street_lamp","lamp_mount":"bent_mast","light:count":"1","support":"pole","id":"node/13338528517"},"geometry":{"type":"Point","coordinates":[5.8976566,51.9706175]}},{"type":"Feature","id":"node/13338528518","properties":{"highway":"street_lamp","lamp_mount":"bent_mast","light:count":"1","support":"pole","id":"node/13338528518"},"geometry":{"type":"Point","coordinates":[5.8980616,51.9705527]}},{"type":"Feature","id":"node/13338528519","properties":{"highway":"street_lamp","lamp_mount":"bent_mast","light:count":"1","support":"pole","id":"node/13338528519"},"geometry":{"type":"Point","coordinates":[5.8979946,51.9710604]}},{"type":"Feature","id":"node/13338528520","properties":{"highway":"street_lamp","lamp_mount":"bent_mast","light:count":"1","support":"pole","id":"node/13338528520"},"geometry":{"type":"Point","coordinates":[5.8975728,51.971126]}},{"type":"Feature","id":"node/13338528521","properties":{"highway":"street_lamp","lamp_mount":"bent_mast","light:count":"1","support":"pole","id":"node/13338528521"},"geometry":{"type":"Point","coordinates":[5.8971705,51.9711921]}},{"type":"Feature","id":"node/13338528522","properties":{"highway":"street_lamp","lamp_mount":"bent_mast","light:count":"1","support":"pole","id":"node/13338528522"},"geometry":{"type":"Point","coordinates":[5.8967916,51.9712496]}},{"type":"Feature","id":"node/13338528523","properties":{"highway":"street_lamp","lamp_mount":"bent_mast","light:count":"1","support":"pole","id":"node/13338528523"},"geometry":{"type":"Point","coordinates":[5.8963906,51.971309]}},{"type":"Feature","id":"node/13338528524","properties":{"highway":"street_lamp","lamp_mount":"bent_mast","light:count":"1","support":"pole","id":"node/13338528524"},"geometry":{"type":"Point","coordinates":[5.8960017,51.9713702]}},{"type":"Feature","id":"node/13338528525","properties":{"highway":"street_lamp","lamp_mount":"straight_mast","light:count":"1","support":"pole","id":"node/13338528525"},"geometry":{"type":"Point","coordinates":[5.8957502,51.9713894]}},{"type":"Feature","id":"node/13338528526","properties":{"highway":"street_lamp","lamp_mount":"straight_mast","light:count":"1","support":"pole","id":"node/13338528526"},"geometry":{"type":"Point","coordinates":[5.8956651,51.9712165]}},{"type":"Feature","id":"node/13338528527","properties":{"highway":"street_lamp","lamp_mount":"straight_mast","light:count":"1","support":"pole","id":"node/13338528527"},"geometry":{"type":"Point","coordinates":[5.8955732,51.9709943]}},{"type":"Feature","id":"node/13338528528","properties":{"highway":"street_lamp","lamp_mount":"straight_mast","light:count":"1","support":"pole","id":"node/13338528528"},"geometry":{"type":"Point","coordinates":[5.8954793,51.9707617]}},{"type":"Feature","id":"node/13338528529","properties":{"highway":"street_lamp","lamp_mount":"straight_mast","light:count":"1","support":"pole","id":"node/13338528529"},"geometry":{"type":"Point","coordinates":[5.8953804,51.9705173]}},{"type":"Feature","id":"node/13338528530","properties":{"highway":"street_lamp","lamp_mount":"bent_mast","light:count":"1","support":"pole","id":"node/13338528530"},"geometry":{"type":"Point","coordinates":[5.895478,51.9703725]}},{"type":"Feature","id":"node/13338528531","properties":{"highway":"street_lamp","lamp_mount":"bent_mast","light:count":"1","support":"pole","id":"node/13338528531"},"geometry":{"type":"Point","coordinates":[5.8958622,51.9703155]}},{"type":"Feature","id":"node/13338528532","properties":{"highway":"street_lamp","lamp_mount":"bent_mast","light:count":"1","support":"pole","id":"node/13338528532"},"geometry":{"type":"Point","coordinates":[5.8962565,51.9702548]}},{"type":"Feature","id":"node/13338528533","properties":{"highway":"street_lamp","lamp_mount":"bent_mast","light:count":"1","support":"pole","id":"node/13338528533"},"geometry":{"type":"Point","coordinates":[5.8966582,51.9701924]}},{"type":"Feature","id":"node/13338528534","properties":{"highway":"street_lamp","lamp_mount":"bent_mast","light:count":"1","support":"pole","id":"node/13338528534"},"geometry":{"type":"Point","coordinates":[5.8970498,51.9701267]}},{"type":"Feature","id":"node/13338528535","properties":{"highway":"street_lamp","lamp_mount":"bent_mast","light:count":"1","support":"pole","id":"node/13338528535"},"geometry":{"type":"Point","coordinates":[5.8974387,51.9700673]}},{"type":"Feature","id":"node/13338528536","properties":{"highway":"street_lamp","lamp_mount":"bent_mast","light:count":"1","support":"pole","id":"node/13338528536"},"geometry":{"type":"Point","coordinates":[5.8978397,51.9700032]}},{"type":"Feature","id":"node/13338528537","properties":{"highway":"street_lamp","lamp_mount":"straight_mast","light:count":"1","support":"pole","id":"node/13338528537"},"geometry":{"type":"Point","coordinates":[5.8999874,51.9715239]}},{"type":"Feature","id":"node/13338528538","properties":{"highway":"street_lamp","lamp_mount":"straight_mast","light:count":"1","support":"pole","id":"node/13338528538"},"geometry":{"type":"Point","coordinates":[5.8996548,51.9715519]}},{"type":"Feature","id":"node/13338528539","properties":{"highway":"street_lamp","lamp_mount":"straight_mast","light:count":"1","support":"pole","id":"node/13338528539"},"geometry":{"type":"Point","coordinates":[5.898986,51.9715988]}},{"type":"Feature","id":"node/13338528540","properties":{"highway":"street_lamp","lamp_mount":"straight_mast","light:count":"1","support":"pole","id":"node/13338528540"},"geometry":{"type":"Point","coordinates":[5.8992807,51.9715784]}},{"type":"Feature","id":"node/13338528541","properties":{"highway":"street_lamp","lamp_mount":"bent_mast","light:count":"1","support":"pole","id":"node/13338528541"},"geometry":{"type":"Point","coordinates":[5.8993404,51.9711822]}},{"type":"Feature","id":"node/13338528542","properties":{"highway":"street_lamp","lamp_mount":"bent_mast","light:count":"1","support":"pole","id":"node/13338528542"},"geometry":{"type":"Point","coordinates":[5.8989977,51.971314]}},{"type":"Feature","id":"node/13338528543","properties":{"highway":"street_lamp","lamp_mount":"bent_mast","light:count":"1","support":"pole","id":"node/13338528543"},"geometry":{"type":"Point","coordinates":[5.8986886,51.9714202]}},{"type":"Feature","id":"node/13338528544","properties":{"highway":"street_lamp","lamp_mount":"bent_mast","light:count":"1","support":"pole","id":"node/13338528544"},"geometry":{"type":"Point","coordinates":[5.8985256,51.9715771]}},{"type":"Feature","id":"node/13338528545","properties":{"highway":"street_lamp","lamp_mount":"bent_mast","light:count":"1","support":"pole","id":"node/13338528545"},"geometry":{"type":"Point","coordinates":[5.8976073,51.9720181]}},{"type":"Feature","id":"node/13338528546","properties":{"highway":"street_lamp","lamp_mount":"bent_mast","light:count":"1","support":"pole","id":"node/13338528546"},"geometry":{"type":"Point","coordinates":[5.8982457,51.9716953]}},{"type":"Feature","id":"node/13338528547","properties":{"highway":"street_lamp","lamp_mount":"bent_mast","light:count":"1","support":"pole","id":"node/13338528547"},"geometry":{"type":"Point","coordinates":[5.8979436,51.9718411]}},{"type":"Feature","id":"node/13338528548","properties":{"highway":"street_lamp","lamp_mount":"bent_mast","light:count":"1","support":"pole","id":"node/13338528548"},"geometry":{"type":"Point","coordinates":[5.8973233,51.972146]}},{"type":"Feature","id":"node/13338528549","properties":{"highway":"street_lamp","lamp_mount":"bent_mast","light:count":"1","support":"pole","id":"node/13338528549"},"geometry":{"type":"Point","coordinates":[5.8969968,51.9722827]}},{"type":"Feature","id":"node/13338528550","properties":{"highway":"street_lamp","lamp_mount":"bent_mast","light:count":"1","support":"pole","id":"node/13338528550"},"geometry":{"type":"Point","coordinates":[5.8966468,51.9724079]}},{"type":"Feature","id":"node/13338528551","properties":{"highway":"street_lamp","lamp_mount":"bent_mast","light:count":"1","support":"pole","id":"node/13338528551"},"geometry":{"type":"Point","coordinates":[5.8959568,51.9725723]}},{"type":"Feature","id":"node/13338528552","properties":{"highway":"street_lamp","lamp_mount":"bent_mast","light:count":"1","support":"pole","id":"node/13338528552"},"geometry":{"type":"Point","coordinates":[5.8963276,51.9724905]}},{"type":"Feature","id":"node/13338528553","properties":{"highway":"street_lamp","lamp_mount":"bent_mast","light:count":"1","support":"pole","id":"node/13338528553"},"geometry":{"type":"Point","coordinates":[5.8955866,51.9726532]}},{"type":"Feature","id":"node/13338528554","properties":{"highway":"street_lamp","lamp_mount":"bent_mast","light:count":"1","support":"pole","id":"node/13338528554"},"geometry":{"type":"Point","coordinates":[5.8953001,51.9727212]}},{"type":"Feature","id":"node/13338528555","properties":{"highway":"street_lamp","lamp_mount":"straight_mast","light:count":"1","support":"pole","id":"node/13338528555"},"geometry":{"type":"Point","coordinates":[5.8932625,51.97071]}},{"type":"Feature","id":"node/13338528556","properties":{"highway":"street_lamp","lamp_mount":"straight_mast","light:count":"1","support":"pole","id":"node/13338528556"},"geometry":{"type":"Point","coordinates":[5.8935595,51.9706514]}},{"type":"Feature","id":"node/13338528557","properties":{"highway":"street_lamp","lamp_mount":"straight_mast","light:count":"1","support":"pole","id":"node/13338528557"},"geometry":{"type":"Point","coordinates":[5.8948617,51.9708836]}},{"type":"Feature","id":"node/13338528558","properties":{"highway":"street_lamp","lamp_mount":"straight_mast","light:count":"1","support":"pole","id":"node/13338528558"},"geometry":{"type":"Point","coordinates":[5.8947679,51.9706993]}},{"type":"Feature","id":"node/13338528559","properties":{"highway":"street_lamp","lamp_mount":"straight_mast","light:count":"1","support":"pole","id":"node/13338528559"},"geometry":{"type":"Point","coordinates":[5.8946609,51.9704886]}},{"type":"Feature","id":"node/13338528560","properties":{"highway":"street_lamp","lamp_mount":"straight_mast","light:count":"1","support":"pole","id":"node/13338528560"},"geometry":{"type":"Point","coordinates":[5.894438,51.9704799]}},{"type":"Feature","id":"node/13338528561","properties":{"highway":"street_lamp","lamp_mount":"straight_mast","light:count":"1","support":"pole","id":"node/13338528561"},"geometry":{"type":"Point","coordinates":[5.8941476,51.9705345]}},{"type":"Feature","id":"node/13338528562","properties":{"highway":"street_lamp","lamp_mount":"straight_mast","light:count":"1","support":"pole","id":"node/13338528562"},"geometry":{"type":"Point","coordinates":[5.8938562,51.9705898]}},{"type":"Feature","id":"node/13338528563","properties":{"highway":"street_lamp","lamp_mount":"straight_mast","light:count":"1","support":"pole","id":"node/13338528563"},"geometry":{"type":"Point","coordinates":[5.8940152,51.9709798]}},{"type":"Feature","id":"node/13338528564","properties":{"highway":"street_lamp","lamp_mount":"straight_mast","light:count":"1","support":"pole","id":"node/13338528564"},"geometry":{"type":"Point","coordinates":[5.8940524,51.9708332]}},{"type":"Feature","id":"node/13338528565","properties":{"highway":"street_lamp","lamp_mount":"bent_mast","light:count":"1","support":"pole","id":"node/13338528565"},"geometry":{"type":"Point","coordinates":[5.8944188,51.9713541]}},{"type":"Feature","id":"node/13338528566","properties":{"highway":"street_lamp","lamp_mount":"bent_mast","light:count":"1","support":"pole","id":"node/13338528566"},"geometry":{"type":"Point","coordinates":[5.8948886,51.971806]}},{"type":"Feature","id":"node/13338528567","properties":{"highway":"street_lamp","lamp_mount":"bent_mast","light:count":"1","support":"pole","id":"node/13338528567"},"geometry":{"type":"Point","coordinates":[5.8946592,51.9715961]}},{"type":"Feature","id":"node/13338528568","properties":{"highway":"street_lamp","lamp_mount":"bent_mast","light:count":"1","support":"pole","id":"node/13338528568"},"geometry":{"type":"Point","coordinates":[5.8950136,51.9716393]}},{"type":"Feature","id":"node/13338528569","properties":{"highway":"street_lamp","lamp_mount":"straight_mast","light:count":"1","support":"pole","id":"node/13338528569"},"geometry":{"type":"Point","coordinates":[5.8951484,51.9714264]}},{"type":"Feature","id":"node/13338528570","properties":{"highway":"street_lamp","lamp_mount":"straight_mast","light:count":"1","support":"pole","id":"node/13338528570"},"geometry":{"type":"Point","coordinates":[5.8950512,51.9712487]}},{"type":"Feature","id":"node/13338528571","properties":{"highway":"street_lamp","lamp_mount":"straight_mast","light:count":"1","support":"pole","id":"node/13338528571"},"geometry":{"type":"Point","coordinates":[5.8949546,51.9710623]}},{"type":"Feature","id":"node/13338552501","properties":{"highway":"street_lamp","lamp_mount":"bent_mast","light:count":"1","support":"pole","id":"node/13338552501"},"geometry":{"type":"Point","coordinates":[5.893552,51.9658451]}},{"type":"Feature","id":"node/13338552502","properties":{"highway":"street_lamp","lamp_mount":"bent_mast","light:count":"1","support":"pole","id":"node/13338552502"},"geometry":{"type":"Point","coordinates":[5.8932998,51.9658925]}},{"type":"Feature","id":"node/13338552503","properties":{"highway":"street_lamp","lamp_mount":"bent_mast","light:count":"1","support":"pole","id":"node/13338552503"},"geometry":{"type":"Point","coordinates":[5.892988,51.9660116]}},{"type":"Feature","id":"node/13338552504","properties":{"highway":"street_lamp","lamp_mount":"bent_mast","light:count":"1","support":"pole","id":"node/13338552504"},"geometry":{"type":"Point","coordinates":[5.8925977,51.966157]}},{"type":"Feature","id":"node/13338552505","properties":{"highway":"street_lamp","lamp_mount":"bent_mast","light:count":"1","support":"pole","id":"node/13338552505"},"geometry":{"type":"Point","coordinates":[5.8922497,51.96629]}},{"type":"Feature","id":"node/13338552506","properties":{"highway":"street_lamp","lamp_mount":"bent_mast","light:count":"1","support":"pole","id":"node/13338552506"},"geometry":{"type":"Point","coordinates":[5.8919379,51.9664084]}},{"type":"Feature","id":"node/13338552507","properties":{"highway":"street_lamp","lamp_mount":"bent_mast","light:count":"1","support":"pole","id":"node/13338552507"},"geometry":{"type":"Point","coordinates":[5.8915528,51.966554]}},{"type":"Feature","id":"node/13338552508","properties":{"highway":"street_lamp","lamp_mount":"bent_mast","light:count":"1","support":"pole","id":"node/13338552508"},"geometry":{"type":"Point","coordinates":[5.891336,51.9666712]}},{"type":"Feature","id":"node/13338552509","properties":{"highway":"street_lamp","lamp_mount":"bent_mast","light:count":"1","support":"pole","id":"node/13338552509"},"geometry":{"type":"Point","coordinates":[5.8915157,51.9669624]}},{"type":"Feature","id":"node/13338552510","properties":{"highway":"street_lamp","lamp_mount":"bent_mast","light:count":"1","support":"pole","id":"node/13338552510"},"geometry":{"type":"Point","coordinates":[5.8916743,51.9671922]}},{"type":"Feature","id":"node/13338552511","properties":{"highway":"street_lamp","lamp_mount":"bent_mast","light:count":"1","support":"pole","id":"node/13338552511"},"geometry":{"type":"Point","coordinates":[5.8918537,51.9674496]}},{"type":"Feature","id":"node/13338552512","properties":{"highway":"street_lamp","lamp_mount":"bent_mast","light:count":"1","support":"pole","id":"node/13338552512"},"geometry":{"type":"Point","coordinates":[5.8920158,51.9676874]}},{"type":"Feature","id":"node/13338560436","properties":{"highway":"street_lamp","lamp_mount":"straight_mast","light:count":"1","support":"pole","id":"node/13338560436"},"geometry":{"type":"Point","coordinates":[5.8964434,51.9643015]}},{"type":"Feature","id":"node/13338560437","properties":{"highway":"street_lamp","lamp_mount":"straight_mast","light:count":"1","support":"pole","id":"node/13338560437"},"geometry":{"type":"Point","coordinates":[5.8971612,51.9647858]}},{"type":"Feature","id":"node/13338560438","properties":{"highway":"street_lamp","lamp_mount":"straight_mast","light:count":"1","support":"pole","id":"node/13338560438"},"geometry":{"type":"Point","coordinates":[5.8963171,51.9652789]}},{"type":"Feature","id":"node/13338560439","properties":{"highway":"street_lamp","lamp_mount":"bent_mast","light:count":"1","support":"pole","id":"node/13338560439"},"geometry":{"type":"Point","coordinates":[5.8961525,51.9654968]}},{"type":"Feature","id":"node/13338560440","properties":{"highway":"street_lamp","lamp_mount":"bent_mast","light:count":"1","support":"pole","id":"node/13338560440"},"geometry":{"type":"Point","coordinates":[5.8957196,51.9651562]}},{"type":"Feature","id":"node/13338560441","properties":{"highway":"street_lamp","lamp_mount":"bent_mast","light:count":"1","support":"pole","id":"node/13338560441"},"geometry":{"type":"Point","coordinates":[5.8959593,51.9653218]}},{"type":"Feature","id":"node/13338560442","properties":{"highway":"street_lamp","lamp_mount":"bent_mast","light:count":"1","support":"pole","id":"node/13338560442"},"geometry":{"type":"Point","coordinates":[5.8963171,51.9655999]}},{"type":"Feature","id":"node/13338560443","properties":{"highway":"street_lamp","lamp_mount":"straight_mast","light:count":"1","support":"pole","id":"node/13338560443"},"geometry":{"type":"Point","coordinates":[5.8967371,51.9650355]}},{"type":"Feature","id":"node/13338560444","properties":{"highway":"street_lamp","lamp_mount":"straight_mast","light:count":"1","support":"pole","id":"node/13338560444"},"geometry":{"type":"Point","coordinates":[5.8955882,51.9648]}},{"type":"Feature","id":"node/13338560450","properties":{"highway":"street_lamp","lamp_mount":"straight_mast","light:count":"1","support":"pole","id":"node/13338560450"},"geometry":{"type":"Point","coordinates":[5.8954573,51.9652369]}},{"type":"Feature","id":"node/13338560451","properties":{"highway":"street_lamp","lamp_mount":"straight_mast","light:count":"1","support":"pole","id":"node/13338560451"},"geometry":{"type":"Point","coordinates":[5.8949156,51.965236]}},{"type":"Feature","id":"node/13338560452","properties":{"highway":"street_lamp","lamp_mount":"straight_mast","light:count":"2","support":"pole","id":"node/13338560452"},"geometry":{"type":"Point","coordinates":[5.8943127,51.9645552]}},{"type":"Feature","id":"node/13338560453","properties":{"highway":"street_lamp","lamp_mount":"straight_mast","light:count":"2","support":"pole","id":"node/13338560453"},"geometry":{"type":"Point","coordinates":[5.8944344,51.9647148]}},{"type":"Feature","id":"node/13338560454","properties":{"highway":"street_lamp","lamp_mount":"straight_mast","light:count":"2","support":"pole","id":"node/13338560454"},"geometry":{"type":"Point","coordinates":[5.8939489,51.9649026]}},{"type":"Feature","id":"node/13338560455","properties":{"highway":"street_lamp","lamp_mount":"straight_mast","light:count":"2","support":"pole","id":"node/13338560455"},"geometry":{"type":"Point","coordinates":[5.893818,51.9647597]}},{"type":"Feature","id":"node/13338560456","properties":{"highway":"street_lamp","lamp_mount":"straight_mast","light:count":"2","support":"pole","id":"node/13338560456"},"geometry":{"type":"Point","coordinates":[5.893103,51.9650696]}},{"type":"Feature","id":"node/13338560457","properties":{"highway":"street_lamp","lamp_mount":"straight_mast","light:count":"2","support":"pole","id":"node/13338560457"},"geometry":{"type":"Point","coordinates":[5.8934543,51.9650909]}},{"type":"Feature","id":"node/13338560458","properties":{"highway":"street_lamp","lamp_mount":"straight_mast","light:count":"1","support":"pole","id":"node/13338560458"},"geometry":{"type":"Point","coordinates":[5.8933224,51.9649188]}},{"type":"Feature","id":"node/13338560459","properties":{"highway":"street_lamp","lamp_mount":"bent_mast","light:count":"1","support":"pole","id":"node/13338560459"},"geometry":{"type":"Point","coordinates":[5.8936534,51.9653014]}},{"type":"Feature","id":"node/13338560480","properties":{"highway":"street_lamp","lamp_mount":"bent_mast","light:count":"1","support":"pole","id":"node/13338560480"},"geometry":{"type":"Point","coordinates":[5.8957915,51.9655627]}},{"type":"Feature","id":"node/13338560481","properties":{"highway":"street_lamp","lamp_mount":"bent_mast","light:count":"1","support":"pole","id":"node/13338560481"},"geometry":{"type":"Point","coordinates":[5.8955546,51.9656476]}},{"type":"Feature","id":"node/13338560482","properties":{"highway":"street_lamp","lamp_mount":"bent_mast","light:count":"1","support":"pole","id":"node/13338560482"},"geometry":{"type":"Point","coordinates":[5.8960433,51.9655894]}},{"type":"Feature","id":"node/13338560483","properties":{"highway":"street_lamp","lamp_mount":"bent_mast","light:count":"1","support":"pole","id":"node/13338560483"},"geometry":{"type":"Point","coordinates":[5.8957759,51.9657456]}},{"type":"Feature","id":"node/13338560484","properties":{"highway":"street_lamp","lamp_mount":"bent_mast","light:count":"1","support":"pole","id":"node/13338560484"},"geometry":{"type":"Point","coordinates":[5.8955149,51.9659012]}},{"type":"Feature","id":"node/13338560485","properties":{"highway":"street_lamp","lamp_mount":"bent_mast","light:count":"1","support":"pole","id":"node/13338560485"},"geometry":{"type":"Point","coordinates":[5.8952513,51.9660569]}},{"type":"Feature","id":"node/13338560486","properties":{"highway":"street_lamp","lamp_mount":"bent_mast","light:count":"1","support":"pole","id":"node/13338560486"},"geometry":{"type":"Point","coordinates":[5.8949866,51.96621]}},{"type":"Feature","id":"node/13338672824","properties":{"highway":"street_lamp","lamp_mount":"straight_mast","light:count":"1","support":"pole","id":"node/13338672824"},"geometry":{"type":"Point","coordinates":[5.8978714,51.9665517]}},{"type":"Feature","id":"node/13338672825","properties":{"highway":"street_lamp","lamp_mount":"straight_mast","light:count":"1","support":"pole","id":"node/13338672825"},"geometry":{"type":"Point","coordinates":[5.8981564,51.9667359]}},{"type":"Feature","id":"node/13338672826","properties":{"highway":"street_lamp","lamp_mount":"straight_mast","light:count":"1","support":"pole","id":"node/13338672826"},"geometry":{"type":"Point","coordinates":[5.8983771,51.9668787]}},{"type":"Feature","id":"node/13338672827","properties":{"highway":"street_lamp","lamp_mount":"straight_mast","light:count":"1","support":"pole","id":"node/13338672827"},"geometry":{"type":"Point","coordinates":[5.8975047,51.9663085]}},{"type":"Feature","id":"node/13338672828","properties":{"highway":"street_lamp","lamp_mount":"bent_mast","light:count":"1","support":"pole","id":"node/13338672828"},"geometry":{"type":"Point","coordinates":[5.897781,51.9663998]}},{"type":"Feature","id":"node/13338672829","properties":{"highway":"street_lamp","lamp_mount":"bent_mast","light:count":"1","support":"pole","id":"node/13338672829"},"geometry":{"type":"Point","coordinates":[5.8980621,51.9662362]}},{"type":"Feature","id":"node/13338672830","properties":{"highway":"street_lamp","lamp_mount":"bent_mast","light:count":"1","support":"pole","id":"node/13338672830"},"geometry":{"type":"Point","coordinates":[5.8984134,51.9665039]}},{"type":"Feature","id":"node/13338672831","properties":{"highway":"street_lamp","lamp_mount":"bent_mast","light:count":"1","support":"pole","id":"node/13338672831"},"geometry":{"type":"Point","coordinates":[5.8983415,51.9662349]}},{"type":"Feature","id":"node/13338672832","properties":{"highway":"street_lamp","lamp_mount":"straight_mast","light:count":"1","support":"pole","id":"node/13338672832"},"geometry":{"type":"Point","coordinates":[5.898579,51.9669889]}},{"type":"Feature","id":"node/13338672833","properties":{"highway":"street_lamp","lamp_mount":"straight_mast","light:count":"1","support":"pole","id":"node/13338672833"},"geometry":{"type":"Point","coordinates":[5.9009127,51.9654682]}},{"type":"Feature","id":"node/13338672834","properties":{"highway":"street_lamp","lamp_mount":"straight_mast","light:count":"1","support":"pole","id":"node/13338672834"},"geometry":{"type":"Point","coordinates":[5.9006493,51.9655326]}},{"type":"Feature","id":"node/13338672835","properties":{"highway":"street_lamp","lamp_mount":"bent_mast","light:count":"1","support":"pole","id":"node/13338672835"},"geometry":{"type":"Point","coordinates":[5.8985937,51.9663976]}},{"type":"Feature","id":"node/13338672836","properties":{"highway":"street_lamp","lamp_mount":"straight_mast","light:count":"1","support":"pole","id":"node/13338672836"},"geometry":{"type":"Point","coordinates":[5.8988835,51.9665362]}},{"type":"Feature","id":"node/13338672837","properties":{"highway":"street_lamp","lamp_mount":"straight_mast","light:count":"1","support":"pole","id":"node/13338672837"},"geometry":{"type":"Point","coordinates":[5.8987452,51.9662978]}},{"type":"Feature","id":"node/13338672838","properties":{"highway":"street_lamp","lamp_mount":"straight_mast","light:count":"1","support":"pole","id":"node/13338672838"},"geometry":{"type":"Point","coordinates":[5.8988738,51.965932]}},{"type":"Feature","id":"node/13338672839","properties":{"highway":"street_lamp","lamp_mount":"straight_mast","light:count":"1","support":"pole","id":"node/13338672839"},"geometry":{"type":"Point","coordinates":[5.8990002,51.9656957]}},{"type":"Feature","id":"node/13338672840","properties":{"highway":"street_lamp","lamp_mount":"straight_mast","light:count":"1","support":"pole","id":"node/13338672840"},"geometry":{"type":"Point","coordinates":[5.8996658,51.9660568]}},{"type":"Feature","id":"node/13338672841","properties":{"highway":"street_lamp","lamp_mount":"straight_mast","light:count":"1","support":"pole","id":"node/13338672841"},"geometry":{"type":"Point","coordinates":[5.8995157,51.9660107]}},{"type":"Feature","id":"node/13338672842","properties":{"highway":"street_lamp","lamp_mount":"straight_mast","light:count":"1","support":"pole","id":"node/13338672842"},"geometry":{"type":"Point","coordinates":[5.8992621,51.9661605]}},{"type":"Feature","id":"node/13338672843","properties":{"highway":"street_lamp","lamp_mount":"bent_mast","light:count":"1","support":"pole","id":"node/13338672843"},"geometry":{"type":"Point","coordinates":[5.9016049,51.9659221]}},{"type":"Feature","id":"node/13338672844","properties":{"highway":"street_lamp","lamp_mount":"straight_mast","light:count":"1","support":"pole","id":"node/13338672844"},"geometry":{"type":"Point","coordinates":[5.9014557,51.9655278]}},{"type":"Feature","id":"node/13338672845","properties":{"highway":"street_lamp","lamp_mount":"straight_mast","light:count":"1","support":"pole","id":"node/13338672845"},"geometry":{"type":"Point","coordinates":[5.9014791,51.9651922]}},{"type":"Feature","id":"node/13338672846","properties":{"highway":"street_lamp","lamp_mount":"straight_mast","light:count":"1","support":"pole","id":"node/13338672846"},"geometry":{"type":"Point","coordinates":[5.9012067,51.9653479]}},{"type":"Feature","id":"node/13338672847","properties":{"highway":"street_lamp","lamp_mount":"straight_mast","light:count":"1","support":"pole","id":"node/13338672847"},"geometry":{"type":"Point","coordinates":[5.9011522,51.9655416]}},{"type":"Feature","id":"node/13338672848","properties":{"highway":"street_lamp","lamp_mount":"straight_mast","light:count":"1","support":"pole","id":"node/13338672848"},"geometry":{"type":"Point","coordinates":[5.901118,51.9656901]}},{"type":"Feature","id":"node/13338672849","properties":{"highway":"street_lamp","lamp_mount":"straight_mast","light:count":"1","support":"pole","id":"node/13338672849"},"geometry":{"type":"Point","coordinates":[5.9007897,51.9655416]}},{"type":"Feature","id":"node/13338672850","properties":{"highway":"street_lamp","lamp_mount":"straight_mast","light:count":"1","support":"pole","id":"node/13338672850"},"geometry":{"type":"Point","coordinates":[5.8984211,51.9653045]}},{"type":"Feature","id":"node/13338672851","properties":{"highway":"street_lamp","lamp_mount":"straight_mast","light:count":"1","support":"pole","id":"node/13338672851"},"geometry":{"type":"Point","coordinates":[5.8986551,51.9654504]}},{"type":"Feature","id":"node/13338672852","properties":{"highway":"street_lamp","lamp_mount":"straight_mast","light:count":"1","support":"pole","id":"node/13338672852"},"geometry":{"type":"Point","coordinates":[5.8984931,51.9653445]}},{"type":"Feature","id":"node/13338672853","properties":{"highway":"street_lamp","lamp_mount":"straight_mast","light:count":"1","support":"pole","id":"node/13338672853"},"geometry":{"type":"Point","coordinates":[5.898315,51.9656458]}},{"type":"Feature","id":"node/13338672854","properties":{"highway":"street_lamp","lamp_mount":"straight_mast","light:count":"1","support":"pole","id":"node/13338672854"},"geometry":{"type":"Point","coordinates":[5.898104,51.9655025]}},{"type":"Feature","id":"node/13338672855","properties":{"highway":"street_lamp","lamp_mount":"straight_mast","light:count":"1","support":"pole","id":"node/13338672855"},"geometry":{"type":"Point","coordinates":[5.8979343,51.9657775]}},{"type":"Feature","id":"node/13338672856","properties":{"highway":"street_lamp","lamp_mount":"straight_mast","light:count":"1","support":"pole","id":"node/13338672856"},"geometry":{"type":"Point","coordinates":[5.8981585,51.9659221]}},{"type":"Feature","id":"node/13338672857","properties":{"highway":"street_lamp","lamp_mount":"straight_mast","light:count":"1","support":"pole","id":"node/13338672857"},"geometry":{"type":"Point","coordinates":[5.897717,51.9656363]}},{"type":"Feature","id":"node/13338672858","properties":{"highway":"street_lamp","lamp_mount":"straight_mast","light:count":"1","support":"pole","id":"node/13338672858"},"geometry":{"type":"Point","coordinates":[5.8976458,51.9660387]}},{"type":"Feature","id":"node/13338672859","properties":{"highway":"street_lamp","lamp_mount":"straight_mast","light:count":"1","support":"pole","id":"node/13338672859"},"geometry":{"type":"Point","coordinates":[5.8974265,51.9658924]}},{"type":"Feature","id":"node/13338672860","properties":{"highway":"street_lamp","lamp_mount":"straight_mast","light:count":"1","support":"pole","id":"node/13338672860"},"geometry":{"type":"Point","coordinates":[5.8969529,51.9659225]}},{"type":"Feature","id":"node/13338672861","properties":{"highway":"street_lamp","lamp_mount":"bent_mast","light:count":"1","support":"pole","id":"node/13338672861"},"geometry":{"type":"Point","coordinates":[5.8975728,51.965561]}},{"type":"Feature","id":"node/13338672862","properties":{"highway":"street_lamp","lamp_mount":"bent_mast","light:count":"1","support":"pole","id":"node/13338672862"},"geometry":{"type":"Point","coordinates":[5.8972187,51.9657704]}},{"type":"Feature","id":"node/13338672863","properties":{"highway":"street_lamp","lamp_mount":"bent_mast","light:count":"1","support":"pole","id":"node/13338672863"},"geometry":{"type":"Point","coordinates":[5.8978791,51.9653824]}},{"type":"Feature","id":"node/13338672864","properties":{"highway":"street_lamp","lamp_mount":"bent_mast","light:count":"1","support":"pole","id":"node/13338672864"},"geometry":{"type":"Point","coordinates":[5.8982472,51.9651672]}},{"type":"Feature","id":"node/13338672865","properties":{"highway":"street_lamp","lamp_mount":"bent_mast","light:count":"1","support":"pole","id":"node/13338672865"},"geometry":{"type":"Point","coordinates":[5.898704,51.9650359]}},{"type":"Feature","id":"node/13338672866","properties":{"highway":"street_lamp","lamp_mount":"bent_mast","light:count":"1","support":"pole","id":"node/13338672866"},"geometry":{"type":"Point","coordinates":[5.8989632,51.9652025]}},{"type":"Feature","id":"node/13338672867","properties":{"highway":"street_lamp","lamp_mount":"bent_mast","light:count":"1","support":"pole","id":"node/13338672867"},"geometry":{"type":"Point","coordinates":[5.8992537,51.965391]}},{"type":"Feature","id":"node/13338672868","properties":{"highway":"street_lamp","lamp_mount":"bent_mast","light:count":"1","support":"pole","id":"node/13338672868"},"geometry":{"type":"Point","coordinates":[5.8995254,51.9655674]}},{"type":"Feature","id":"node/13338672869","properties":{"highway":"street_lamp","lamp_mount":"bent_mast","light:count":"1","support":"pole","id":"node/13338672869"},"geometry":{"type":"Point","coordinates":[5.8998167,51.9657546]}},{"type":"Feature","id":"node/13338672870","properties":{"highway":"street_lamp","lamp_mount":"bent_mast","light:count":"1","support":"pole","id":"node/13338672870"},"geometry":{"type":"Point","coordinates":[5.9007541,51.9657706]}},{"type":"Feature","id":"node/13338672871","properties":{"highway":"street_lamp","lamp_mount":"bent_mast","light:count":"1","support":"pole","id":"node/13338672871"},"geometry":{"type":"Point","coordinates":[5.9000591,51.9659122]}},{"type":"Feature","id":"node/13338672872","properties":{"highway":"street_lamp","lamp_mount":"bent_mast","light:count":"1","support":"pole","id":"node/13338672872"},"geometry":{"type":"Point","coordinates":[5.9003385,51.9658592]}},{"type":"Feature","id":"node/13338672873","properties":{"highway":"street_lamp","lamp_mount":"straight_mast","light:count":"1","support":"pole","id":"node/13338672873"},"geometry":{"type":"Point","coordinates":[5.900152,51.9661097]}},{"type":"Feature","id":"node/13338672874","properties":{"highway":"street_lamp","lamp_mount":"straight_mast","light:count":"1","support":"pole","id":"node/13338672874"},"geometry":{"type":"Point","coordinates":[5.8989171,51.966778]}},{"type":"Feature","id":"node/13338672875","properties":{"highway":"street_lamp","lamp_mount":"bent_mast","light:count":"1","support":"pole","id":"node/13338672875"},"geometry":{"type":"Point","coordinates":[5.8998069,51.966157]}},{"type":"Feature","id":"node/13338672876","properties":{"highway":"street_lamp","lamp_mount":"straight_mast","light:count":"1","support":"pole","id":"node/13338672876"},"geometry":{"type":"Point","coordinates":[5.8996568,51.9663813]}},{"type":"Feature","id":"node/13338672877","properties":{"highway":"street_lamp","lamp_mount":"bent_mast","light:count":"1","support":"pole","id":"node/13338672877"},"geometry":{"type":"Point","coordinates":[5.8992474,51.9664729]}},{"type":"Feature","id":"node/13338672878","properties":{"highway":"street_lamp","lamp_mount":"bent_mast","light:count":"1","support":"pole","id":"node/13338672878"},"geometry":{"type":"Point","coordinates":[5.8984952,51.9668852]}},{"type":"Feature","id":"node/13338672879","properties":{"highway":"street_lamp","lamp_mount":"bent_mast","light:count":"1","support":"pole","id":"node/13338672879"},"geometry":{"type":"Point","coordinates":[5.8984428,51.9671172]}},{"type":"Feature","id":"node/13338672880","properties":{"highway":"street_lamp","lamp_mount":"bent_mast","light:count":"1","support":"pole","id":"node/13338672880"},"geometry":{"type":"Point","coordinates":[5.8981878,51.9669334]}},{"type":"Feature","id":"node/13338672881","properties":{"highway":"street_lamp","lamp_mount":"bent_mast","light:count":"1","support":"pole","id":"node/13338672881"},"geometry":{"type":"Point","coordinates":[5.8978798,51.9667268]}},{"type":"Feature","id":"node/13338672882","properties":{"highway":"street_lamp","lamp_mount":"bent_mast","light:count":"1","support":"pole","id":"node/13338672882"},"geometry":{"type":"Point","coordinates":[5.897548,51.9665194]}},{"type":"Feature","id":"node/13338672883","properties":{"highway":"street_lamp","lamp_mount":"bent_mast","light:count":"1","support":"pole","id":"node/13338672883"},"geometry":{"type":"Point","coordinates":[5.8972644,51.9663365]}},{"type":"Feature","id":"node/13338672884","properties":{"highway":"street_lamp","lamp_mount":"bent_mast","light:count":"1","support":"pole","id":"node/13338672884"},"geometry":{"type":"Point","coordinates":[5.8970374,51.9661859]}},{"type":"Feature","id":"node/13338672885","properties":{"highway":"street_lamp","lamp_mount":"bent_mast","light:count":"1","support":"pole","id":"node/13338672885"},"geometry":{"type":"Point","coordinates":[5.8967496,51.9659995]}},{"type":"Feature","id":"node/13338672886","properties":{"highway":"street_lamp","lamp_mount":"bent_mast","light:count":"1","support":"pole","id":"node/13338672886"},"geometry":{"type":"Point","coordinates":[5.8964905,51.9658295]}},{"type":"Feature","id":"node/13338672887","properties":{"highway":"street_lamp","lamp_mount":"straight_mast","light:count":"1","support":"pole","id":"node/13338672887"},"geometry":{"type":"Point","coordinates":[5.896744,51.9658158]}},{"type":"Feature","id":"node/13338672888","properties":{"highway":"street_lamp","lamp_mount":"bent_mast","light:count":"1","support":"pole","id":"node/13338672888"},"geometry":{"type":"Point","coordinates":[5.8961636,51.9658269]}},{"type":"Feature","id":"node/13338672889","properties":{"highway":"street_lamp","lamp_mount":"bent_mast","light:count":"1","support":"pole","id":"node/13338672889"},"geometry":{"type":"Point","coordinates":[5.8958576,51.9660081]}},{"type":"Feature","id":"node/13338672890","properties":{"highway":"street_lamp","lamp_mount":"bent_mast","light:count":"1","support":"pole","id":"node/13338672890"},"geometry":{"type":"Point","coordinates":[5.8955538,51.9661824]}},{"type":"Feature","id":"node/13338672891","properties":{"highway":"street_lamp","lamp_mount":"bent_mast","light:count":"1","support":"pole","id":"node/13338672891"},"geometry":{"type":"Point","coordinates":[5.8952555,51.9663507]}},{"type":"Feature","id":"node/13338672892","properties":{"highway":"street_lamp","lamp_mount":"bent_mast","light:count":"1","support":"pole","id":"node/13338672892"},"geometry":{"type":"Point","coordinates":[5.8949608,51.9665237]}},{"type":"Feature","id":"node/13338672893","properties":{"highway":"street_lamp","lamp_mount":"bent_mast","light:count":"1","support":"pole","id":"node/13338672893"},"geometry":{"type":"Point","coordinates":[5.8946643,51.9666924]}},{"type":"Feature","id":"node/13338672894","properties":{"highway":"street_lamp","lamp_mount":"bent_mast","light:count":"1","support":"pole","id":"node/13338672894"},"geometry":{"type":"Point","coordinates":[5.8944243,51.9668338]}},{"type":"Feature","id":"node/13338672895","properties":{"highway":"street_lamp","lamp_mount":"bent_mast","light:count":"1","support":"pole","id":"node/13338672895"},"geometry":{"type":"Point","coordinates":[5.8941275,51.9670027]}},{"type":"Feature","id":"node/13338719530","properties":{"highway":"street_lamp","lamp_mount":"straight_mast","light:count":"1","support":"pole","id":"node/13338719530"},"geometry":{"type":"Point","coordinates":[5.8957305,51.9687667]}},{"type":"Feature","id":"node/13338719531","properties":{"highway":"street_lamp","lamp_mount":"straight_mast","light:count":"1","support":"pole","id":"node/13338719531"},"geometry":{"type":"Point","coordinates":[5.8960581,51.9685494]}},{"type":"Feature","id":"node/13338719532","properties":{"highway":"street_lamp","lamp_mount":"straight_mast","light:count":"1","support":"pole","id":"node/13338719532"},"geometry":{"type":"Point","coordinates":[5.8963572,51.9684257]}},{"type":"Feature","id":"node/13338719533","properties":{"highway":"street_lamp","lamp_mount":"straight_mast","light:count":"1","support":"pole","id":"node/13338719533"},"geometry":{"type":"Point","coordinates":[5.8966868,51.9683234]}},{"type":"Feature","id":"node/13338719534","properties":{"highway":"street_lamp","lamp_mount":"bent_mast","light:count":"1","support":"pole","id":"node/13338719534"},"geometry":{"type":"Point","coordinates":[5.8986918,51.9671129]}},{"type":"Feature","id":"node/13338719535","properties":{"highway":"street_lamp","lamp_mount":"straight_mast","light:count":"1","support":"pole","id":"node/13338719535"},"geometry":{"type":"Point","coordinates":[5.8982989,51.9672811]}},{"type":"Feature","id":"node/13338719536","properties":{"highway":"street_lamp","lamp_mount":"straight_mast","light:count":"1","support":"pole","id":"node/13338719536"},"geometry":{"type":"Point","coordinates":[5.8978505,51.9675703]}},{"type":"Feature","id":"node/13338719537","properties":{"highway":"street_lamp","lamp_mount":"straight_mast","light:count":"1","support":"pole","id":"node/13338719537"},"geometry":{"type":"Point","coordinates":[5.8974404,51.9679142]}},{"type":"Feature","id":"node/13338719538","properties":{"highway":"street_lamp","lamp_mount":"straight_mast","light:count":"1","support":"pole","id":"node/13338719538"},"geometry":{"type":"Point","coordinates":[5.8971673,51.9680738]}},{"type":"Feature","id":"node/13338719539","properties":{"highway":"street_lamp","lamp_mount":"bent_mast","light:count":"1","support":"pole","id":"node/13338719539"},"geometry":{"type":"Point","coordinates":[5.8965506,51.9678018]}},{"type":"Feature","id":"node/13338719540","properties":{"highway":"street_lamp","lamp_mount":"bent_mast","light:count":"1","support":"pole","id":"node/13338719540"},"geometry":{"type":"Point","coordinates":[5.8963417,51.9679206]}},{"type":"Feature","id":"node/13338719541","properties":{"highway":"street_lamp","lamp_mount":"bent_mast","light:count":"1","support":"pole","id":"node/13338719541"},"geometry":{"type":"Point","coordinates":[5.8960958,51.9680549]}},{"type":"Feature","id":"node/13338719542","properties":{"highway":"street_lamp","lamp_mount":"bent_mast","light:count":"1","support":"pole","id":"node/13338719542"},"geometry":{"type":"Point","coordinates":[5.8958171,51.9682102]}},{"type":"Feature","id":"node/13338719543","properties":{"highway":"street_lamp","lamp_mount":"straight_mast","light:count":"1","support":"pole","id":"node/13338719543"},"geometry":{"type":"Point","coordinates":[5.8952171,51.9673255]}},{"type":"Feature","id":"node/13338719544","properties":{"highway":"street_lamp","lamp_mount":"straight_mast","light:count":"1","support":"pole","id":"node/13338719544"},"geometry":{"type":"Point","coordinates":[5.8970884,51.9678569]}},{"type":"Feature","id":"node/13338719545","properties":{"highway":"street_lamp","lamp_mount":"straight_mast","light:count":"1","support":"pole","id":"node/13338719545"},"geometry":{"type":"Point","coordinates":[5.8968481,51.9676956]}},{"type":"Feature","id":"node/13338719546","properties":{"highway":"street_lamp","lamp_mount":"straight_mast","light:count":"1","support":"pole","id":"node/13338719546"},"geometry":{"type":"Point","coordinates":[5.8966358,51.9675458]}},{"type":"Feature","id":"node/13338719547","properties":{"highway":"street_lamp","lamp_mount":"straight_mast","light:count":"1","support":"pole","id":"node/13338719547"},"geometry":{"type":"Point","coordinates":[5.8971135,51.967523]}},{"type":"Feature","id":"node/13338719548","properties":{"highway":"street_lamp","lamp_mount":"straight_mast","light:count":"1","support":"pole","id":"node/13338719548"},"geometry":{"type":"Point","coordinates":[5.8969054,51.9673797]}},{"type":"Feature","id":"node/13338719549","properties":{"highway":"street_lamp","lamp_mount":"straight_mast","light:count":"1","support":"pole","id":"node/13338719549"},"geometry":{"type":"Point","coordinates":[5.897263,51.9671826]}},{"type":"Feature","id":"node/13338719550","properties":{"highway":"street_lamp","lamp_mount":"straight_mast","light:count":"1","support":"pole","id":"node/13338719550"},"geometry":{"type":"Point","coordinates":[5.8974705,51.967328]}},{"type":"Feature","id":"node/13338719551","properties":{"highway":"street_lamp","lamp_mount":"straight_mast","light:count":"1","support":"pole","id":"node/13338719551"},"geometry":{"type":"Point","coordinates":[5.8978316,51.9671284]}},{"type":"Feature","id":"node/13338719552","properties":{"highway":"street_lamp","lamp_mount":"straight_mast","light:count":"1","support":"pole","id":"node/13338719552"},"geometry":{"type":"Point","coordinates":[5.8976301,51.9669842]}},{"type":"Feature","id":"node/13338719553","properties":{"highway":"street_lamp","lamp_mount":"straight_mast","light:count":"1","support":"pole","id":"node/13338719553"},"geometry":{"type":"Point","coordinates":[5.8945221,51.9679094]}},{"type":"Feature","id":"node/13338719554","properties":{"highway":"street_lamp","lamp_mount":"straight_mast","light:count":"1","support":"pole","id":"node/13338719554"},"geometry":{"type":"Point","coordinates":[5.89433,51.9677455]}},{"type":"Feature","id":"node/13338719555","properties":{"highway":"street_lamp","lamp_mount":"straight_mast","light:count":"1","support":"pole","id":"node/13338719555"},"geometry":{"type":"Point","coordinates":[5.894124,51.9675669]}},{"type":"Feature","id":"node/13338719556","properties":{"highway":"street_lamp","lamp_mount":"straight_mast","light:count":"1","support":"pole","id":"node/13338719556"},"geometry":{"type":"Point","coordinates":[5.8939102,51.9673836]}},{"type":"Feature","id":"node/13338719557","properties":{"highway":"street_lamp","lamp_mount":"straight_mast","light:count":"1","support":"pole","id":"node/13338719557"},"geometry":{"type":"Point","coordinates":[5.8962809,51.9675957]}},{"type":"Feature","id":"node/13338719558","properties":{"highway":"street_lamp","lamp_mount":"straight_mast","light:count":"1","support":"pole","id":"node/13338719558"},"geometry":{"type":"Point","coordinates":[5.8960728,51.9677115]}},{"type":"Feature","id":"node/13338719559","properties":{"highway":"street_lamp","lamp_mount":"straight_mast","light:count":"1","support":"pole","id":"node/13338719559"},"geometry":{"type":"Point","coordinates":[5.8958737,51.9678242]}},{"type":"Feature","id":"node/13338719560","properties":{"highway":"street_lamp","lamp_mount":"bent_mast","light:count":"1","support":"pole","id":"node/13338719560"},"geometry":{"type":"Point","coordinates":[5.8953149,51.9680041]}},{"type":"Feature","id":"node/13338719561","properties":{"highway":"street_lamp","lamp_mount":"bent_mast","light:count":"1","support":"pole","id":"node/13338719561"},"geometry":{"type":"Point","coordinates":[5.8955517,51.9678634]}},{"type":"Feature","id":"node/13338719562","properties":{"highway":"street_lamp","lamp_mount":"bent_mast","light:count":"1","support":"pole","id":"node/13338719562"},"geometry":{"type":"Point","coordinates":[5.8958353,51.9677007]}},{"type":"Feature","id":"node/13338719563","properties":{"highway":"street_lamp","lamp_mount":"bent_mast","light:count":"1","support":"pole","id":"node/13338719563"},"geometry":{"type":"Point","coordinates":[5.8960944,51.9675428]}},{"type":"Feature","id":"node/13338719564","properties":{"highway":"street_lamp","lamp_mount":"straight_mast","light:count":"1","support":"pole","id":"node/13338719564"},"geometry":{"type":"Point","coordinates":[5.8944516,51.9674692]}},{"type":"Feature","id":"node/13338719565","properties":{"highway":"street_lamp","lamp_mount":"straight_mast","light:count":"1","support":"pole","id":"node/13338719565"},"geometry":{"type":"Point","coordinates":[5.8949938,51.9674524]}},{"type":"Feature","id":"node/13338719566","properties":{"highway":"street_lamp","lamp_mount":"straight_mast","light:count":"1","support":"pole","id":"node/13338719566"},"geometry":{"type":"Point","coordinates":[5.8954434,51.9672493]}},{"type":"Feature","id":"node/13338719567","properties":{"highway":"street_lamp","lamp_mount":"straight_mast","light:count":"1","support":"pole","id":"node/13338719567"},"geometry":{"type":"Point","coordinates":[5.8957026,51.9671258]}},{"type":"Feature","id":"node/13338719568","properties":{"highway":"street_lamp","lamp_mount":"bent_mast","light:count":"1","support":"pole","id":"node/13338719568"},"geometry":{"type":"Point","coordinates":[5.895178,51.9672691]}},{"type":"Feature","id":"node/13338719569","properties":{"highway":"street_lamp","lamp_mount":"bent_mast","light:count":"1","support":"pole","id":"node/13338719569"},"geometry":{"type":"Point","coordinates":[5.8949168,51.967087]}},{"type":"Feature","id":"node/13338719570","properties":{"highway":"street_lamp","lamp_mount":"bent_mast","light:count":"1","support":"pole","id":"node/13338719570"},"geometry":{"type":"Point","coordinates":[5.8946625,51.9669123]}},{"type":"Feature","id":"node/13338719571","properties":{"highway":"street_lamp","lamp_mount":"straight_mast","light:count":"1","support":"pole","id":"node/13338719571"},"geometry":{"type":"Point","coordinates":[5.8948888,51.966897]}},{"type":"Feature","id":"node/13338719572","properties":{"highway":"street_lamp","lamp_mount":"straight_mast","light:count":"1","support":"pole","id":"node/13338719572"},"geometry":{"type":"Point","coordinates":[5.8951462,51.9670754]}},{"type":"Feature","id":"node/13338719573","properties":{"highway":"street_lamp","lamp_mount":"bent_mast","light:count":"1","support":"pole","id":"node/13338719573"},"geometry":{"type":"Point","coordinates":[5.8953638,51.9670956]}},{"type":"Feature","id":"node/13338719574","properties":{"highway":"street_lamp","lamp_mount":"bent_mast","light:count":"1","support":"pole","id":"node/13338719574"},"geometry":{"type":"Point","coordinates":[5.8956376,51.9669433]}},{"type":"Feature","id":"node/13338719575","properties":{"highway":"street_lamp","lamp_mount":"bent_mast","light:count":"1","support":"pole","id":"node/13338719575"},"geometry":{"type":"Point","coordinates":[5.8959093,51.9667914]}},{"type":"Feature","id":"node/13338719576","properties":{"highway":"street_lamp","lamp_mount":"bent_mast","light:count":"1","support":"pole","id":"node/13338719576"},"geometry":{"type":"Point","coordinates":[5.8961887,51.9666403]}},{"type":"Feature","id":"node/13338719577","properties":{"highway":"street_lamp","lamp_mount":"bent_mast","light:count":"1","support":"pole","id":"node/13338719577"},"geometry":{"type":"Point","coordinates":[5.8964598,51.9665061]}},{"type":"Feature","id":"node/13338719578","properties":{"highway":"street_lamp","lamp_mount":"bent_mast","light:count":"1","support":"pole","id":"node/13338719578"},"geometry":{"type":"Point","coordinates":[5.8962495,51.9663606]}},{"type":"Feature","id":"node/13338719579","properties":{"highway":"street_lamp","lamp_mount":"bent_mast","light:count":"1","support":"pole","id":"node/13338719579"},"geometry":{"type":"Point","coordinates":[5.8959862,51.9661781]}},{"type":"Feature","id":"node/13338719580","properties":{"highway":"street_lamp","lamp_mount":"bent_mast","light:count":"1","support":"pole","id":"node/13338719580"},"geometry":{"type":"Point","coordinates":[5.8969829,51.966389]}},{"type":"Feature","id":"node/13338719581","properties":{"highway":"street_lamp","lamp_mount":"bent_mast","light:count":"1","support":"pole","id":"node/13338719581"},"geometry":{"type":"Point","coordinates":[5.8968132,51.966449]}},{"type":"Feature","id":"node/13338719582","properties":{"highway":"street_lamp","lamp_mount":"bent_mast","light:count":"1","support":"pole","id":"node/13338719582"},"geometry":{"type":"Point","coordinates":[5.8966096,51.9665614]}},{"type":"Feature","id":"node/13338719583","properties":{"highway":"street_lamp","lamp_mount":"bent_mast","light:count":"1","support":"pole","id":"node/13338719583"},"geometry":{"type":"Point","coordinates":[5.896429,51.9667023]}},{"type":"Feature","id":"node/13338719584","properties":{"highway":"street_lamp","lamp_mount":"bent_mast","light:count":"1","support":"pole","id":"node/13338719584"},"geometry":{"type":"Point","coordinates":[5.8962083,51.9668503]}},{"type":"Feature","id":"node/13338719585","properties":{"highway":"street_lamp","lamp_mount":"straight_mast","light:count":"1","support":"pole","id":"node/13338719585"},"geometry":{"type":"Point","coordinates":[5.8959645,51.9669941]}},{"type":"Feature","id":"node/13338719586","properties":{"highway":"street_lamp","lamp_mount":"bent_mast","light:count":"1","support":"pole","id":"node/13338719586"},"geometry":{"type":"Point","coordinates":[5.8963414,51.9673508]}},{"type":"Feature","id":"node/13338719587","properties":{"highway":"street_lamp","lamp_mount":"straight_mast","light:count":"1","support":"pole","id":"node/13338719587"},"geometry":{"type":"Point","coordinates":[5.8965359,51.9674111]}},{"type":"Feature","id":"node/13338719588","properties":{"highway":"street_lamp","lamp_mount":"straight_mast","light:count":"1","support":"pole","id":"node/13338719588"},"geometry":{"type":"Point","coordinates":[5.8968156,51.967259]}},{"type":"Feature","id":"node/13338719589","properties":{"highway":"street_lamp","lamp_mount":"straight_mast","light:count":"1","support":"pole","id":"node/13338719589"},"geometry":{"type":"Point","coordinates":[5.8971013,51.9671068]}},{"type":"Feature","id":"node/13338719590","properties":{"highway":"street_lamp","lamp_mount":"straight_mast","light:count":"1","support":"pole","id":"node/13338719590"},"geometry":{"type":"Point","coordinates":[5.8974017,51.9669375]}},{"type":"Feature","id":"node/13338719591","properties":{"highway":"street_lamp","lamp_mount":"straight_mast","light:count":"1","support":"pole","id":"node/13338719591"},"geometry":{"type":"Point","coordinates":[5.8977024,51.966777]}},{"type":"Feature","id":"node/13338797510","properties":{"highway":"street_lamp","lamp_mount":"straight_mast","light:count":"1","support":"pole","id":"node/13338797510"},"geometry":{"type":"Point","coordinates":[5.8979753,51.9698877]}},{"type":"Feature","id":"node/13338797511","properties":{"highway":"street_lamp","lamp_mount":"straight_mast","light:count":"1","support":"pole","id":"node/13338797511"},"geometry":{"type":"Point","coordinates":[5.8982101,51.9696608]}},{"type":"Feature","id":"node/13338797512","properties":{"highway":"street_lamp","lamp_mount":"straight_mast","light:count":"1","support":"pole","id":"node/13338797512"},"geometry":{"type":"Point","coordinates":[5.8986627,51.9697174]}},{"type":"Feature","id":"node/13338797513","properties":{"highway":"street_lamp","lamp_mount":"straight_mast","light:count":"1","support":"pole","id":"node/13338797513"},"geometry":{"type":"Point","coordinates":[5.8987387,51.9696265]}},{"type":"Feature","id":"node/13338797514","properties":{"highway":"street_lamp","lamp_mount":"straight_mast","light:count":"1","support":"pole","id":"node/13338797514"},"geometry":{"type":"Point","coordinates":[5.8987454,51.9695456]}},{"type":"Feature","id":"node/13338797515","properties":{"highway":"street_lamp","lamp_mount":"straight_mast","light:count":"1","support":"pole","id":"node/13338797515"},"geometry":{"type":"Point","coordinates":[5.8985309,51.9694273]}},{"type":"Feature","id":"node/13338797516","properties":{"highway":"street_lamp","lamp_mount":"straight_mast","light:count":"1","support":"pole","id":"node/13338797516"},"geometry":{"type":"Point","coordinates":[5.8982691,51.9691815]}},{"type":"Feature","id":"node/13338797517","properties":{"highway":"street_lamp","lamp_mount":"straight_mast","light:count":"1","support":"pole","id":"node/13338797517"},"geometry":{"type":"Point","coordinates":[5.8980413,51.968968]}},{"type":"Feature","id":"node/13338797518","properties":{"highway":"street_lamp","lamp_mount":"straight_mast","light:count":"1","support":"pole","id":"node/13338797518"},"geometry":{"type":"Point","coordinates":[5.8976357,51.9685926]}},{"type":"Feature","id":"node/13338797519","properties":{"highway":"street_lamp","lamp_mount":"straight_mast","light:count":"1","support":"pole","id":"node/13338797519"},"geometry":{"type":"Point","coordinates":[5.8977903,51.9687344]}},{"type":"Feature","id":"node/13338797520","properties":{"highway":"street_lamp","lamp_mount":"straight_mast","light:count":"1","support":"pole","id":"node/13338797520"},"geometry":{"type":"Point","coordinates":[5.8975318,51.968368]}},{"type":"Feature","id":"node/13338797521","properties":{"highway":"street_lamp","lamp_mount":"straight_mast","light:count":"1","support":"pole","id":"node/13338797521"},"geometry":{"type":"Point","coordinates":[5.8973498,51.9681962]}},{"type":"Feature","id":"node/13338797522","properties":{"highway":"street_lamp","lamp_mount":"straight_mast","light:count":"1","support":"pole","id":"node/13338797522"},"geometry":{"type":"Point","coordinates":[5.8960398,51.9689275]}},{"type":"Feature","id":"node/13338797523","properties":{"highway":"street_lamp","lamp_mount":"straight_mast","light:count":"1","support":"pole","id":"node/13338797523"},"geometry":{"type":"Point","coordinates":[5.8963573,51.9690903]}},{"type":"Feature","id":"node/13338797524","properties":{"highway":"street_lamp","lamp_mount":"straight_mast","light:count":"1","support":"pole","id":"node/13338797524"},"geometry":{"type":"Point","coordinates":[5.8966491,51.9692327]}},{"type":"Feature","id":"node/13338797525","properties":{"highway":"street_lamp","lamp_mount":"straight_mast","light:count":"1","support":"pole","id":"node/13338797525"},"geometry":{"type":"Point","coordinates":[5.8969184,51.9693684]}},{"type":"Feature","id":"node/13338797526","properties":{"highway":"street_lamp","lamp_mount":"straight_mast","light:count":"1","support":"pole","id":"node/13338797526"},"geometry":{"type":"Point","coordinates":[5.8972184,51.9695251]}},{"type":"Feature","id":"node/13338797527","properties":{"highway":"street_lamp","lamp_mount":"straight_mast","light:count":"1","support":"pole","id":"node/13338797527"},"geometry":{"type":"Point","coordinates":[5.8977596,51.9697883]}},{"type":"Feature","id":"node/13338797528","properties":{"highway":"street_lamp","lamp_mount":"straight_mast","light:count":"1","support":"pole","id":"node/13338797528"},"geometry":{"type":"Point","coordinates":[5.8975401,51.9696777]}},{"type":"Feature","id":"node/13339328517","properties":{"highway":"street_lamp","lamp_mount":"straight_mast","light:count":"1","support":"pole","id":"node/13339328517"},"geometry":{"type":"Point","coordinates":[5.8895188,51.9640704]}},{"type":"Feature","id":"node/13339328518","properties":{"highway":"street_lamp","lamp_mount":"straight_mast","light:count":"1","support":"pole","id":"node/13339328518"},"geometry":{"type":"Point","coordinates":[5.8889172,51.9635137]}},{"type":"Feature","id":"node/13339328519","properties":{"highway":"street_lamp","lamp_mount":"straight_mast","light:count":"1","support":"pole","id":"node/13339328519"},"geometry":{"type":"Point","coordinates":[5.8886832,51.9629933]}},{"type":"Feature","id":"node/13339328520","properties":{"highway":"street_lamp","lamp_mount":"straight_mast","light:count":"1","support":"pole","id":"node/13339328520"},"geometry":{"type":"Point","coordinates":[5.8890478,51.9620973]}},{"type":"Feature","id":"node/13339328521","properties":{"highway":"street_lamp","lamp_mount":"bent_mast","light:count":"2","support":"pole","id":"node/13339328521"},"geometry":{"type":"Point","coordinates":[5.8888403,51.9625264]}},{"type":"Feature","id":"node/13339328522","properties":{"highway":"street_lamp","lamp_mount":"bent_mast","light:count":"2","support":"pole","id":"node/13339328522"},"geometry":{"type":"Point","coordinates":[5.8889918,51.9627821]}},{"type":"Feature","id":"node/13339328523","properties":{"highway":"street_lamp","lamp_mount":"bent_mast","light:count":"2","support":"pole","id":"node/13339328523"},"geometry":{"type":"Point","coordinates":[5.8891426,51.9630347]}},{"type":"Feature","id":"node/13339328524","properties":{"highway":"street_lamp","lamp_mount":"bent_mast","light:count":"2","support":"pole","id":"node/13339328524"},"geometry":{"type":"Point","coordinates":[5.8892941,51.9632885]}},{"type":"Feature","id":"node/13339328525","properties":{"highway":"street_lamp","lamp_mount":"bent_mast","light:count":"2","support":"pole","id":"node/13339328525"},"geometry":{"type":"Point","coordinates":[5.8894404,51.9635406]}},{"type":"Feature","id":"node/13339328526","properties":{"highway":"street_lamp","lamp_mount":"bent_mast","light:count":"2","support":"pole","id":"node/13339328526"},"geometry":{"type":"Point","coordinates":[5.8897763,51.9633175]}},{"type":"Feature","id":"node/13339328527","properties":{"highway":"street_lamp","lamp_mount":"bent_mast","light:count":"2","support":"pole","id":"node/13339328527"},"geometry":{"type":"Point","coordinates":[5.889627,51.9630705]}},{"type":"Feature","id":"node/13339328528","properties":{"highway":"street_lamp","lamp_mount":"bent_mast","light:count":"2","support":"pole","id":"node/13339328528"},"geometry":{"type":"Point","coordinates":[5.8894785,51.9628176]}},{"type":"Feature","id":"node/13339328529","properties":{"highway":"street_lamp","lamp_mount":"bent_mast","light:count":"2","support":"pole","id":"node/13339328529"},"geometry":{"type":"Point","coordinates":[5.8893315,51.9625641]}},{"type":"Feature","id":"node/13339328530","properties":{"highway":"street_lamp","lamp_mount":"bent_mast","light:count":"2","support":"pole","id":"node/13339328530"},"geometry":{"type":"Point","coordinates":[5.8891807,51.9623098]}},{"type":"Feature","id":"node/13339328531","properties":{"highway":"street_lamp","lamp_mount":"bent_mast","light:count":"2","support":"pole","id":"node/13339328531"},"geometry":{"type":"Point","coordinates":[5.8908363,51.960952]}},{"type":"Feature","id":"node/13339328532","properties":{"highway":"street_lamp","lamp_mount":"bent_mast","light:count":"2","support":"pole","id":"node/13339328532"},"geometry":{"type":"Point","coordinates":[5.8903242,51.9608738]}},{"type":"Feature","id":"node/13339328533","properties":{"highway":"street_lamp","lamp_mount":"bent_mast","light:count":"2","support":"pole","id":"node/13339328533"},"geometry":{"type":"Point","coordinates":[5.8901167,51.9605307]}},{"type":"Feature","id":"node/13339328534","properties":{"highway":"street_lamp","lamp_mount":"bent_mast","light:count":"2","support":"pole","id":"node/13339328534"},"geometry":{"type":"Point","coordinates":[5.8904407,51.960285]}},{"type":"Feature","id":"node/13339328535","properties":{"highway":"street_lamp","lamp_mount":"bent_mast","light:count":"2","support":"pole","id":"node/13339328535"},"geometry":{"type":"Point","coordinates":[5.8906377,51.960607]}},{"type":"Feature","id":"node/13339328536","properties":{"highway":"street_lamp","lamp_mount":"bent_mast","light:count":"2","support":"pole","id":"node/13339328536"},"geometry":{"type":"Point","coordinates":[5.8913484,51.9606355]}},{"type":"Feature","id":"node/13339328537","properties":{"highway":"street_lamp","lamp_mount":"bent_mast","light:count":"2","support":"pole","id":"node/13339328537"},"geometry":{"type":"Point","coordinates":[5.8920217,51.9606831]}},{"type":"Feature","id":"node/13339328538","properties":{"highway":"street_lamp","lamp_mount":"straight_mast","light:count":"1","support":"pole","id":"node/13339328538"},"geometry":{"type":"Point","coordinates":[5.8927405,51.9609262]}},{"type":"Feature","id":"node/13339328539","properties":{"highway":"street_lamp","lamp_mount":"straight_mast","light:count":"1","support":"pole","id":"node/13339328539"},"geometry":{"type":"Point","coordinates":[5.8948754,51.9622477]}},{"type":"Feature","id":"node/13339328540","properties":{"highway":"street_lamp","lamp_mount":"straight_mast","light:count":"1","support":"pole","id":"node/13339328540"},"geometry":{"type":"Point","coordinates":[5.8955584,51.9626221]}},{"type":"Feature","id":"node/13339328541","properties":{"highway":"street_lamp","lamp_mount":"straight_mast","light:count":"1","support":"pole","id":"node/13339328541"},"geometry":{"type":"Point","coordinates":[5.8958405,51.9629303]}},{"type":"Feature","id":"node/13339328542","properties":{"highway":"street_lamp","lamp_mount":"straight_mast","light:count":"1","support":"pole","id":"node/13339328542"},"geometry":{"type":"Point","coordinates":[5.8955696,51.9633483]}},{"type":"Feature","id":"node/13339328543","properties":{"highway":"street_lamp","lamp_mount":"straight_mast","light:count":"1","support":"pole","id":"node/13339328543"},"geometry":{"type":"Point","coordinates":[5.8950209,51.9634555]}},{"type":"Feature","id":"node/13339328544","properties":{"highway":"street_lamp","lamp_mount":"bent_mast","light:count":"2","support":"pole","id":"node/13339328544"},"geometry":{"type":"Point","coordinates":[5.8950829,51.9626179]}},{"type":"Feature","id":"node/13339328545","properties":{"highway":"street_lamp","lamp_mount":"straight_mast","light:count":"1","support":"pole","id":"node/13339328545"},"geometry":{"type":"Point","coordinates":[5.8942909,51.9622242]}},{"type":"Feature","id":"node/13339328546","properties":{"highway":"street_lamp","lamp_mount":"bent_mast","light:count":"2","support":"pole","id":"node/13339328546"},"geometry":{"type":"Point","coordinates":[5.8928846,51.9613591]}},{"type":"Feature","id":"node/13339328547","properties":{"highway":"street_lamp","lamp_mount":"bent_mast","light:count":"2","support":"pole","id":"node/13339328547"},"geometry":{"type":"Point","coordinates":[5.8930876,51.9616907]}},{"type":"Feature","id":"node/13339328548","properties":{"highway":"street_lamp","lamp_mount":"bent_mast","light:count":"2","support":"pole","id":"node/13339328548"},"geometry":{"type":"Point","coordinates":[5.8938333,51.9618006]}},{"type":"Feature","id":"node/13339328549","properties":{"highway":"street_lamp","lamp_mount":"bent_mast","light:count":"2","support":"pole","id":"node/13339328549"},"geometry":{"type":"Point","coordinates":[5.8940184,51.9621148]}},{"type":"Feature","id":"node/13339328550","properties":{"highway":"street_lamp","lamp_mount":"bent_mast","light:count":"2","support":"pole","id":"node/13339328550"},"geometry":{"type":"Point","coordinates":[5.8942551,51.9625154]}},{"type":"Feature","id":"node/13339328551","properties":{"highway":"street_lamp","lamp_mount":"bent_mast","light:count":"2","support":"pole","id":"node/13339328551"},"geometry":{"type":"Point","coordinates":[5.8944827,51.962893]}},{"type":"Feature","id":"node/13339328552","properties":{"highway":"street_lamp","lamp_mount":"bent_mast","light:count":"2","support":"pole","id":"node/13339328552"},"geometry":{"type":"Point","coordinates":[5.8947044,51.9632605]}},{"type":"Feature","id":"node/13339328553","properties":{"highway":"street_lamp","lamp_mount":"straight_mast","light:count":"1","support":"pole","id":"node/13339328553"},"geometry":{"type":"Point","coordinates":[5.8927383,51.9614957]}},{"type":"Feature","id":"node/13339328554","properties":{"highway":"street_lamp","lamp_mount":"straight_mast","light:count":"1","support":"pole","id":"node/13339328554"},"geometry":{"type":"Point","coordinates":[5.8925591,51.9611971]}},{"type":"Feature","id":"node/13339328555","properties":{"highway":"street_lamp","lamp_mount":"straight_mast","light:count":"1","support":"pole","id":"node/13339328555"},"geometry":{"type":"Point","coordinates":[5.8923882,51.9609078]}},{"type":"Feature","id":"node/13339328556","properties":{"highway":"street_lamp","lamp_mount":"straight_mast","light:count":"1","support":"pole","id":"node/13339328556"},"geometry":{"type":"Point","coordinates":[5.8911849,51.9609989]}},{"type":"Feature","id":"node/13339328557","properties":{"highway":"street_lamp","lamp_mount":"straight_mast","light:count":"1","support":"pole","id":"node/13339328557"},"geometry":{"type":"Point","coordinates":[5.8912812,51.9611516]}},{"type":"Feature","id":"node/13339328558","properties":{"highway":"street_lamp","lamp_mount":"straight_mast","light:count":"1","support":"pole","id":"node/13339328558"},"geometry":{"type":"Point","coordinates":[5.8914708,51.9614837]}},{"type":"Feature","id":"node/13339328559","properties":{"highway":"street_lamp","lamp_mount":"straight_mast","light:count":"1","support":"pole","id":"node/13339328559"},"geometry":{"type":"Point","coordinates":[5.8916335,51.9617376]}},{"type":"Feature","id":"node/13339328560","properties":{"highway":"street_lamp","lamp_mount":"bent_mast","light:count":"2","support":"pole","id":"node/13339328560"},"geometry":{"type":"Point","coordinates":[5.8915238,51.9609239]}},{"type":"Feature","id":"node/13339328561","properties":{"highway":"street_lamp","lamp_mount":"straight_mast","light:count":"1","support":"pole","id":"node/13339328561"},"geometry":{"type":"Point","coordinates":[5.8902802,51.9620481]}},{"type":"Feature","id":"node/13339328562","properties":{"highway":"street_lamp","lamp_mount":"straight_mast","light:count":"1","support":"pole","id":"node/13339328562"},"geometry":{"type":"Point","coordinates":[5.8904153,51.9623052]}},{"type":"Feature","id":"node/13339328563","properties":{"highway":"street_lamp","lamp_mount":"straight_mast","light:count":"1","support":"pole","id":"node/13339328563"},"geometry":{"type":"Point","coordinates":[5.8907975,51.962971]}},{"type":"Feature","id":"node/13339328564","properties":{"highway":"street_lamp","lamp_mount":"bent_mast","light:count":"2","support":"pole","id":"node/13339328564"},"geometry":{"type":"Point","coordinates":[5.8906355,51.9626833]}},{"type":"Feature","id":"node/13339328565","properties":{"highway":"street_lamp","lamp_mount":"straight_mast","light:count":"1","support":"pole","id":"node/13339328565"},"geometry":{"type":"Point","coordinates":[5.8905624,51.9625508]}},{"type":"Feature","id":"node/13339328566","properties":{"highway":"street_lamp","lamp_mount":"bent_mast","light:count":"2","support":"pole","id":"node/13339328566"},"geometry":{"type":"Point","coordinates":[5.8904056,51.9623001]}},{"type":"Feature","id":"node/13339328567","properties":{"highway":"street_lamp","lamp_mount":"bent_mast","light:count":"2","support":"pole","id":"node/13339328567"},"geometry":{"type":"Point","coordinates":[5.8901794,51.9619211]}},{"type":"Feature","id":"node/13339328568","properties":{"highway":"street_lamp","lamp_mount":"bent_mast","light:count":"2","support":"pole","id":"node/13339328568"},"geometry":{"type":"Point","coordinates":[5.8899984,51.9615481]}},{"type":"Feature","id":"node/13339328569","properties":{"highway":"street_lamp","lamp_mount":"bent_mast","light:count":"2","support":"pole","id":"node/13339328569"},"geometry":{"type":"Point","coordinates":[5.8903601,51.9612013]}},{"type":"Feature","id":"node/13339328570","properties":{"highway":"street_lamp","lamp_mount":"bent_mast","light:count":"2","support":"pole","id":"node/13339328570"},"geometry":{"type":"Point","coordinates":[5.8910632,51.9612914]}},{"type":"Feature","id":"node/13339328571","properties":{"highway":"street_lamp","lamp_mount":"bent_mast","light:count":"2","support":"pole","id":"node/13339328571"},"geometry":{"type":"Point","coordinates":[5.8905631,51.9615426]}},{"type":"Feature","id":"node/13339328572","properties":{"highway":"street_lamp","lamp_mount":"bent_mast","light:count":"2","support":"pole","id":"node/13339328572"},"geometry":{"type":"Point","coordinates":[5.8912797,51.9616635]}},{"type":"Feature","id":"node/13339328573","properties":{"highway":"street_lamp","lamp_mount":"bent_mast","light:count":"2","support":"pole","id":"node/13339328573"},"geometry":{"type":"Point","coordinates":[5.8915021,51.9620504]}},{"type":"Feature","id":"node/13339328574","properties":{"highway":"street_lamp","lamp_mount":"bent_mast","light:count":"2","support":"pole","id":"node/13339328574"},"geometry":{"type":"Point","coordinates":[5.8910778,51.9624165]}},{"type":"Feature","id":"node/13339328575","properties":{"highway":"street_lamp","lamp_mount":"bent_mast","light:count":"2","support":"pole","id":"node/13339328575"},"geometry":{"type":"Point","coordinates":[5.8912771,51.9627479]}},{"type":"Feature","id":"node/13339328576","properties":{"highway":"street_lamp","lamp_mount":"bent_mast","light:count":"2","support":"pole","id":"node/13339328576"},"geometry":{"type":"Point","coordinates":[5.892474,51.964047]}},{"type":"Feature","id":"node/13339328577","properties":{"highway":"street_lamp","lamp_mount":"bent_mast","light:count":"2","support":"pole","id":"node/13339328577"},"geometry":{"type":"Point","coordinates":[5.8919254,51.9638487]}},{"type":"Feature","id":"node/13339328578","properties":{"highway":"street_lamp","lamp_mount":"bent_mast","light:count":"2","support":"pole","id":"node/13339328578"},"geometry":{"type":"Point","coordinates":[5.8917186,51.9635033]}},{"type":"Feature","id":"node/13339328579","properties":{"highway":"street_lamp","lamp_mount":"bent_mast","light:count":"2","support":"pole","id":"node/13339328579"},"geometry":{"type":"Point","coordinates":[5.8915036,51.9631381]}},{"type":"Feature","id":"node/13339328580","properties":{"highway":"street_lamp","lamp_mount":"bent_mast","light:count":"2","support":"pole","id":"node/13339328580"},"geometry":{"type":"Point","coordinates":[5.8910558,51.963404]}},{"type":"Feature","id":"node/13339328582","properties":{"highway":"street_lamp","lamp_mount":"bent_mast","light:count":"2","support":"pole","id":"node/13339328582"},"geometry":{"type":"Point","coordinates":[5.8945193,51.9635815]}},{"type":"Feature","id":"node/13339328583","properties":{"highway":"street_lamp","lamp_mount":"bent_mast","light:count":"2","support":"pole","id":"node/13339328583"},"geometry":{"type":"Point","coordinates":[5.8943611,51.9641776]}},{"type":"Feature","id":"node/13339328584","properties":{"highway":"street_lamp","lamp_mount":"bent_mast","light:count":"2","support":"pole","id":"node/13339328584"},"geometry":{"type":"Point","coordinates":[5.8937579,51.9643469]}},{"type":"Feature","id":"node/13339328585","properties":{"highway":"street_lamp","lamp_mount":"bent_mast","light:count":"2","support":"pole","id":"node/13339328585"},"geometry":{"type":"Point","coordinates":[5.8928099,51.9638566]}},{"type":"Feature","id":"node/13339328586","properties":{"highway":"street_lamp","lamp_mount":"bent_mast","light:count":"2","support":"pole","id":"node/13339328586"},"geometry":{"type":"Point","coordinates":[5.8933847,51.9637342]}},{"type":"Feature","id":"node/13339328587","properties":{"highway":"street_lamp","lamp_mount":"bent_mast","light:count":"2","support":"pole","id":"node/13339328587"},"geometry":{"type":"Point","coordinates":[5.8940259,51.9636077]}},{"type":"Feature","id":"node/13339328588","properties":{"highway":"street_lamp","lamp_mount":"bent_mast","light:count":"2","support":"pole","id":"node/13339328588"},"geometry":{"type":"Point","coordinates":[5.8933377,51.9641054]}},{"type":"Feature","id":"node/13339328589","properties":{"highway":"street_lamp","lamp_mount":"bent_mast","light:count":"2","support":"pole","id":"node/13339328589"},"geometry":{"type":"Point","coordinates":[5.8939598,51.9639771]}},{"type":"Feature","id":"node/13339328590","properties":{"highway":"street_lamp","lamp_mount":"bent_mast","light:count":"2","support":"pole","id":"node/13339328590"},"geometry":{"type":"Point","coordinates":[5.8929264,51.9639665]}},{"type":"Feature","id":"node/13339328591","properties":{"highway":"street_lamp","lamp_mount":"bent_mast","light:count":"2","support":"pole","id":"node/13339328591"},"geometry":{"type":"Point","coordinates":[5.8930589,51.964282]}},{"type":"Feature","id":"node/13339328592","properties":{"highway":"street_lamp","lamp_mount":"bent_mast","light:count":"2","support":"pole","id":"node/13339328592"},"geometry":{"type":"Point","coordinates":[5.8907031,51.9648397]}},{"type":"Feature","id":"node/13339328593","properties":{"highway":"street_lamp","lamp_mount":"bent_mast","light:count":"4","support":"pole","id":"node/13339328593"},"geometry":{"type":"Point","coordinates":[5.8912745,51.964299]}},{"type":"Feature","id":"node/13339328594","properties":{"highway":"street_lamp","lamp_mount":"bent_mast","light:count":"4","support":"pole","id":"node/13339328594"},"geometry":{"type":"Point","coordinates":[5.8917291,51.9644494]}},{"type":"Feature","id":"node/13339328595","properties":{"highway":"street_lamp","lamp_mount":"bent_mast","light:count":"2","support":"pole","id":"node/13339328595"},"geometry":{"type":"Point","coordinates":[5.892062,51.9645603]}},{"type":"Feature","id":"node/13339328596","properties":{"highway":"street_lamp","lamp_mount":"bent_mast","light:count":"1","support":"pole","id":"node/13339328596"},"geometry":{"type":"Point","coordinates":[5.8922103,51.9647589]}},{"type":"Feature","id":"node/13339328597","properties":{"highway":"street_lamp","lamp_mount":"bent_mast","light:count":"2","support":"pole","id":"node/13339328597"},"geometry":{"type":"Point","coordinates":[5.8912894,51.9649857]}},{"type":"Feature","id":"node/13339328598","properties":{"highway":"street_lamp","lamp_mount":"bent_mast","light:count":"2","support":"pole","id":"node/13339328598"},"geometry":{"type":"Point","coordinates":[5.8918552,51.9648615]}},{"type":"Feature","id":"node/13339328599","properties":{"highway":"street_lamp","lamp_mount":"bent_mast","light:count":"2","support":"pole","id":"node/13339328599"},"geometry":{"type":"Point","coordinates":[5.8916246,51.9650597]}},{"type":"Feature","id":"node/13339328600","properties":{"highway":"street_lamp","lamp_mount":"bent_mast","light:count":"2","support":"pole","id":"node/13339328600"},"geometry":{"type":"Point","coordinates":[5.8922904,51.9649093]}},{"type":"Feature","id":"node/13339342974","properties":{"highway":"street_lamp","lamp_mount":"bent_mast","light:count":"2","support":"pole","id":"node/13339342974"},"geometry":{"type":"Point","coordinates":[5.8899212,51.9636445]}},{"type":"Feature","id":"node/13339342975","properties":{"highway":"street_lamp","lamp_mount":"bent_mast","light:count":"2","support":"pole","id":"node/13339342975"},"geometry":{"type":"Point","coordinates":[5.8907766,51.9619243]}},{"type":"Feature","id":"node/13339352701","properties":{"highway":"street_lamp","lamp_mount":"bent_mast","light:count":"2","support":"pole","id":"node/13339352701"},"geometry":{"type":"Point","coordinates":[5.8928808,51.9646969]}},{"type":"Feature","id":"node/13339352702","properties":{"highway":"street_lamp","lamp_mount":"bent_mast","light:count":"2","support":"pole","id":"node/13339352702"},"geometry":{"type":"Point","coordinates":[5.892698,51.9643993]}},{"type":"Feature","id":"node/13339352703","properties":{"highway":"street_lamp","lamp_mount":"bent_mast","light:count":"2","support":"pole","id":"node/13339352703"},"geometry":{"type":"Point","coordinates":[5.8923117,51.9644708]}},{"type":"Feature","id":"node/13339352704","properties":{"highway":"street_lamp","lamp_mount":"bent_mast","light:count":"2","support":"pole","id":"node/13339352704"},"geometry":{"type":"Point","coordinates":[5.8922359,51.9643699]}},{"type":"Feature","id":"node/13339352705","properties":{"highway":"street_lamp","lamp_mount":"bent_mast","light:count":"2","support":"pole","id":"node/13339352705"},"geometry":{"type":"Point","coordinates":[5.8915298,51.9641551]}},{"type":"Feature","id":"node/13339352706","properties":{"highway":"street_lamp","lamp_mount":"bent_mast","light:count":"2","support":"pole","id":"node/13339352706"},"geometry":{"type":"Point","coordinates":[5.8909677,51.9639881]}},{"type":"Feature","id":"node/13339352707","properties":{"highway":"street_lamp","lamp_mount":"straight_mast","light:count":"1","support":"pole","id":"node/13339352707"},"geometry":{"type":"Point","coordinates":[5.8905116,51.9628539]}},{"type":"Feature","id":"node/13339352708","properties":{"highway":"street_lamp","lamp_mount":"straight_mast","light:count":"1","support":"pole","id":"node/13339352708"},"geometry":{"type":"Point","coordinates":[5.8903489,51.962658]}},{"type":"Feature","id":"node/13339352709","properties":{"highway":"street_lamp","lamp_mount":"bent_mast","light:count":"2","support":"pole","id":"node/13339352709"},"geometry":{"type":"Point","coordinates":[5.8901533,51.9629992]}},{"type":"Feature","id":"node/13339352710","properties":{"highway":"street_lamp","lamp_mount":"bent_mast","light:count":"2","support":"pole","id":"node/13339352710"},"geometry":{"type":"Point","coordinates":[5.8904496,51.9633778]}},{"type":"Feature","id":"node/13339352711","properties":{"highway":"street_lamp","lamp_mount":"bent_mast","light:count":"2","support":"pole","id":"node/13339352711"},"geometry":{"type":"Point","coordinates":[5.8906198,51.9637816]}},{"type":"Feature","id":"node/13339352712","properties":{"highway":"street_lamp","lamp_mount":"bent_mast","light:count":"2","support":"pole","id":"node/13339352712"},"geometry":{"type":"Point","coordinates":[5.8904705,51.9644697]}},{"type":"Feature","id":"node/13339352713","properties":{"highway":"street_lamp","lamp_mount":"bent_mast","light:count":"2","support":"pole","id":"node/13339352713"},"geometry":{"type":"Point","coordinates":[5.8901563,51.9647217]}},{"type":"Feature","id":"node/13339352714","properties":{"highway":"street_lamp","lamp_mount":"bent_mast","light:count":"2","support":"pole","id":"node/13339352714"},"geometry":{"type":"Point","coordinates":[5.8899525,51.9643749]}},{"type":"Feature","id":"node/13339352715","properties":{"highway":"street_lamp","lamp_mount":"bent_mast","light:count":"2","support":"pole","id":"node/13339352715"},"geometry":{"type":"Point","coordinates":[5.8902899,51.964161]}},{"type":"Feature","id":"node/13339352716","properties":{"highway":"street_lamp","lamp_mount":"bent_mast","light:count":"2","support":"pole","id":"node/13339352716"},"geometry":{"type":"Point","coordinates":[5.8907952,51.9642222]}},{"type":"Feature","id":"node/13339423587","properties":{"highway":"street_lamp","lamp_mount":"bent_mast","light:count":"1","support":"pole","id":"node/13339423587"},"geometry":{"type":"Point","coordinates":[5.9024464,51.9700094]}},{"type":"Feature","id":"node/13339423588","properties":{"highway":"street_lamp","lamp_mount":"bent_mast","light:count":"1","support":"pole","id":"node/13339423588"},"geometry":{"type":"Point","coordinates":[5.902675,51.9702845]}},{"type":"Feature","id":"node/13339423589","properties":{"highway":"street_lamp","lamp_mount":"bent_mast","light:count":"1","support":"pole","id":"node/13339423589"},"geometry":{"type":"Point","coordinates":[5.9036279,51.9710054]}},{"type":"Feature","id":"node/13339423590","properties":{"highway":"street_lamp","lamp_mount":"bent_mast","light:count":"1","support":"pole","id":"node/13339423590"},"geometry":{"type":"Point","coordinates":[5.9034019,51.9707468]}},{"type":"Feature","id":"node/13339423591","properties":{"highway":"street_lamp","lamp_mount":"bent_mast","light:count":"1","support":"pole","id":"node/13339423591"},"geometry":{"type":"Point","coordinates":[5.9031773,51.9704853]}},{"type":"Feature","id":"node/13339423592","properties":{"highway":"street_lamp","lamp_mount":"bent_mast","light:count":"1","support":"pole","id":"node/13339423592"},"geometry":{"type":"Point","coordinates":[5.9029493,51.9702222]}},{"type":"Feature","id":"node/13339423593","properties":{"highway":"street_lamp","lamp_mount":"bent_mast","light:count":"1","support":"pole","id":"node/13339423593"},"geometry":{"type":"Point","coordinates":[5.9027193,51.9699536]}},{"type":"Feature","id":"node/13339423594","properties":{"highway":"street_lamp","lamp_mount":"straight_mast","light:count":"1","support":"pole","id":"node/13339423594"},"geometry":{"type":"Point","coordinates":[5.9058695,51.9710533]}},{"type":"Feature","id":"node/13339423595","properties":{"highway":"street_lamp","lamp_mount":"straight_mast","light:count":"1","support":"pole","id":"node/13339423595"},"geometry":{"type":"Point","coordinates":[5.9056603,51.9708075]}},{"type":"Feature","id":"node/13339423596","properties":{"highway":"street_lamp","lamp_mount":"straight_mast","light:count":"1","support":"pole","id":"node/13339423596"},"geometry":{"type":"Point","coordinates":[5.9053854,51.9704899]}},{"type":"Feature","id":"node/13339423597","properties":{"highway":"street_lamp","lamp_mount":"straight_mast","light:count":"1","support":"pole","id":"node/13339423597"},"geometry":{"type":"Point","coordinates":[5.9051628,51.9702317]}},{"type":"Feature","id":"node/13339423598","properties":{"highway":"street_lamp","lamp_mount":"straight_mast","light:count":"1","support":"pole","id":"node/13339423598"},"geometry":{"type":"Point","coordinates":[5.904918,51.9699491]}},{"type":"Feature","id":"node/13339423599","properties":{"highway":"street_lamp","lamp_mount":"straight_mast","light:count":"1","support":"pole","id":"node/13339423599"},"geometry":{"type":"Point","coordinates":[5.9046679,51.9696583]}},{"type":"Feature","id":"node/13339423600","properties":{"highway":"street_lamp","lamp_mount":"straight_mast","light:count":"1","support":"pole","id":"node/13339423600"},"geometry":{"type":"Point","coordinates":[5.9044734,51.9694331]}},{"type":"Feature","id":"node/13339456839","properties":{"highway":"street_lamp","lamp_mount":"bent_mast","light:count":"1","support":"pole","id":"node/13339456839"},"geometry":{"type":"Point","coordinates":[5.9028776,51.9705434]}},{"type":"Feature","id":"node/13339456840","properties":{"highway":"street_lamp","lamp_mount":"bent_mast","light:count":"1","support":"pole","id":"node/13339456840"},"geometry":{"type":"Point","coordinates":[5.9030844,51.9708256]}},{"type":"Feature","id":"node/13339456841","properties":{"highway":"street_lamp","lamp_mount":"bent_mast","light:count":"1","support":"pole","id":"node/13339456841"},"geometry":{"type":"Point","coordinates":[5.9032578,51.9710679]}},{"type":"Feature","id":"node/13339456842","properties":{"highway":"street_lamp","lamp_mount":"bent_mast","light:count":"1","support":"pole","id":"node/13339456842"},"geometry":{"type":"Point","coordinates":[5.9032995,51.9695839]}},{"type":"Feature","id":"node/13339456843","properties":{"highway":"street_lamp","lamp_mount":"bent_mast","light:count":"1","support":"pole","id":"node/13339456843"},"geometry":{"type":"Point","coordinates":[5.9034905,51.9697985]}},{"type":"Feature","id":"node/13339456844","properties":{"highway":"street_lamp","lamp_mount":"bent_mast","light:count":"1","support":"pole","id":"node/13339456844"},"geometry":{"type":"Point","coordinates":[5.9036867,51.9700232]}},{"type":"Feature","id":"node/13339456845","properties":{"highway":"street_lamp","lamp_mount":"bent_mast","light:count":"1","support":"pole","id":"node/13339456845"},"geometry":{"type":"Point","coordinates":[5.9038786,51.9702439]}},{"type":"Feature","id":"node/13339456846","properties":{"highway":"street_lamp","lamp_mount":"bent_mast","light:count":"1","support":"pole","id":"node/13339456846"},"geometry":{"type":"Point","coordinates":[5.9040691,51.9704689]}},{"type":"Feature","id":"node/13339456847","properties":{"highway":"street_lamp","lamp_mount":"bent_mast","light:count":"1","support":"pole","id":"node/13339456847"},"geometry":{"type":"Point","coordinates":[5.9042583,51.9706858]}},{"type":"Feature","id":"node/13339456848","properties":{"highway":"street_lamp","lamp_mount":"bent_mast","light:count":"1","support":"pole","id":"node/13339456848"},"geometry":{"type":"Point","coordinates":[5.9044511,51.970907]}},{"type":"Feature","id":"node/13339456849","properties":{"highway":"street_lamp","lamp_mount":"bent_mast","light:count":"1","support":"pole","id":"node/13339456849"},"geometry":{"type":"Point","coordinates":[5.9046459,51.9711245]}},{"type":"Feature","id":"node/13339456850","properties":{"highway":"street_lamp","lamp_mount":"bent_mast","light:count":"1","support":"pole","id":"node/13339456850"},"geometry":{"type":"Point","coordinates":[5.9068266,51.9711014]}},{"type":"Feature","id":"node/13339456851","properties":{"highway":"street_lamp","lamp_mount":"bent_mast","light:count":"1","support":"pole","id":"node/13339456851"},"geometry":{"type":"Point","coordinates":[5.9066407,51.9708927]}},{"type":"Feature","id":"node/13339456852","properties":{"highway":"street_lamp","lamp_mount":"bent_mast","light:count":"1","support":"pole","id":"node/13339456852"},"geometry":{"type":"Point","coordinates":[5.9064868,51.9707164]}},{"type":"Feature","id":"node/13339456853","properties":{"highway":"street_lamp","lamp_mount":"bent_mast","light:count":"1","support":"pole","id":"node/13339456853"},"geometry":{"type":"Point","coordinates":[5.9062912,51.970491]}},{"type":"Feature","id":"node/13339456854","properties":{"highway":"street_lamp","lamp_mount":"bent_mast","light:count":"1","support":"pole","id":"node/13339456854"},"geometry":{"type":"Point","coordinates":[5.9061086,51.9702847]}},{"type":"Feature","id":"node/13339456855","properties":{"highway":"street_lamp","lamp_mount":"bent_mast","light:count":"1","support":"pole","id":"node/13339456855"},"geometry":{"type":"Point","coordinates":[5.9059198,51.9700682]}},{"type":"Feature","id":"node/13339456856","properties":{"highway":"street_lamp","lamp_mount":"bent_mast","light:count":"1","support":"pole","id":"node/13339456856"},"geometry":{"type":"Point","coordinates":[5.9057297,51.9698414]}},{"type":"Feature","id":"node/13339456857","properties":{"highway":"street_lamp","lamp_mount":"bent_mast","light:count":"1","support":"pole","id":"node/13339456857"},"geometry":{"type":"Point","coordinates":[5.9055632,51.9696515]}},{"type":"Feature","id":"node/13339456858","properties":{"highway":"street_lamp","lamp_mount":"bent_mast","light:count":"1","support":"pole","id":"node/13339456858"},"geometry":{"type":"Point","coordinates":[5.9053848,51.9694504]}},{"type":"Feature","id":"node/13339458501","properties":{"highway":"street_lamp","lamp_mount":"straight_mast","light:count":"1","support":"pole","id":"node/13339458501"},"geometry":{"type":"Point","coordinates":[5.9050219,51.9692051]}},{"type":"Feature","id":"node/13339458502","properties":{"highway":"street_lamp","lamp_mount":"straight_mast","light:count":"1","support":"pole","id":"node/13339458502"},"geometry":{"type":"Point","coordinates":[5.9044426,51.9694017]}},{"type":"Feature","id":"node/13339458503","properties":{"highway":"street_lamp","lamp_mount":"bent_mast","light:count":"1","support":"pole","id":"node/13339458503"},"geometry":{"type":"Point","coordinates":[5.9075241,51.9708092]}},{"type":"Feature","id":"node/13339458504","properties":{"highway":"street_lamp","lamp_mount":"straight_mast","light:count":"1","support":"pole","id":"node/13339458504"},"geometry":{"type":"Point","coordinates":[5.9072603,51.9706204]}},{"type":"Feature","id":"node/13339458505","properties":{"highway":"street_lamp","lamp_mount":"straight_mast","light:count":"1","support":"pole","id":"node/13339458505"},"geometry":{"type":"Point","coordinates":[5.906761,51.9702546]}},{"type":"Feature","id":"node/13339458506","properties":{"highway":"street_lamp","lamp_mount":"straight_mast","light:count":"1","support":"pole","id":"node/13339458506"},"geometry":{"type":"Point","coordinates":[5.9070192,51.9704457]}},{"type":"Feature","id":"node/13339458507","properties":{"highway":"street_lamp","lamp_mount":"straight_mast","light:count":"1","support":"pole","id":"node/13339458507"},"geometry":{"type":"Point","coordinates":[5.9059393,51.9696636]}},{"type":"Feature","id":"node/13339458508","properties":{"highway":"street_lamp","lamp_mount":"straight_mast","light:count":"1","support":"pole","id":"node/13339458508"},"geometry":{"type":"Point","coordinates":[5.9051648,51.9690634]}},{"type":"Feature","id":"node/13339458509","properties":{"highway":"street_lamp","lamp_mount":"straight_mast","light:count":"1","support":"pole","id":"node/13339458509"},"geometry":{"type":"Point","coordinates":[5.9054156,51.9692563]}},{"type":"Feature","id":"node/13339458510","properties":{"highway":"street_lamp","lamp_mount":"straight_mast","light:count":"1","support":"pole","id":"node/13339458510"},"geometry":{"type":"Point","coordinates":[5.9065441,51.9712607]}},{"type":"Feature","id":"node/13339458511","properties":{"highway":"street_lamp","lamp_mount":"straight_mast","light:count":"1","support":"pole","id":"node/13339458511"},"geometry":{"type":"Point","coordinates":[5.9061371,51.9712529]}},{"type":"Feature","id":"node/13339458512","properties":{"highway":"street_lamp","lamp_mount":"bent_mast","light:count":"1","support":"pole","id":"node/13339458512"},"geometry":{"type":"Point","coordinates":[5.9057173,51.971262]}},{"type":"Feature","id":"node/13339458513","properties":{"highway":"street_lamp","lamp_mount":"bent_mast","light:count":"1","support":"pole","id":"node/13339458513"},"geometry":{"type":"Point","coordinates":[5.9052969,51.9712512]}},{"type":"Feature","id":"node/13339458514","properties":{"highway":"street_lamp","lamp_mount":"bent_mast","light:count":"1","support":"pole","id":"node/13339458514"},"geometry":{"type":"Point","coordinates":[5.9049757,51.9712487]}},{"type":"Feature","id":"node/13339458515","properties":{"highway":"street_lamp","lamp_mount":"bent_mast","light:count":"1","support":"pole","id":"node/13339458515"},"geometry":{"type":"Point","coordinates":[5.9046163,51.9712401]}},{"type":"Feature","id":"node/13339458516","properties":{"highway":"street_lamp","lamp_mount":"bent_mast","light:count":"1","support":"pole","id":"node/13339458516"},"geometry":{"type":"Point","coordinates":[5.9042864,51.9712339]}},{"type":"Feature","id":"node/13339458517","properties":{"highway":"street_lamp","lamp_mount":"bent_mast","light:count":"1","support":"pole","id":"node/13339458517"},"geometry":{"type":"Point","coordinates":[5.903829,51.9712281]}},{"type":"Feature","id":"node/13339458518","properties":{"highway":"street_lamp","lamp_mount":"bent_mast","light:count":"1","support":"pole","id":"node/13339458518"},"geometry":{"type":"Point","coordinates":[5.9035628,51.9712165]}},{"type":"Feature","id":"node/13339458519","properties":{"highway":"street_lamp","lamp_mount":"bent_mast","light:count":"1","support":"pole","id":"node/13339458519"},"geometry":{"type":"Point","coordinates":[5.9032638,51.9712087]}},{"type":"Feature","id":"node/13339458520","properties":{"highway":"street_lamp","lamp_mount":"bent_mast","light:count":"1","support":"pole","id":"node/13339458520"},"geometry":{"type":"Point","coordinates":[5.9029298,51.9711984]}},{"type":"Feature","id":"node/13339458521","properties":{"highway":"street_lamp","lamp_mount":"bent_mast","light:count":"1","support":"pole","id":"node/13339458521"},"geometry":{"type":"Point","coordinates":[5.9025771,51.9711934]}},{"type":"Feature","id":"node/13339458522","properties":{"highway":"street_lamp","lamp_mount":"bent_mast","light:count":"1","support":"pole","id":"node/13339458522"},"geometry":{"type":"Point","coordinates":[5.9024537,51.9711223]}},{"type":"Feature","id":"node/13339458523","properties":{"highway":"street_lamp","lamp_mount":"bent_mast","light:count":"1","support":"pole","id":"node/13339458523"},"geometry":{"type":"Point","coordinates":[5.9023163,51.970955]}},{"type":"Feature","id":"node/13339458524","properties":{"highway":"street_lamp","lamp_mount":"bent_mast","light:count":"1","support":"pole","id":"node/13339458524"},"geometry":{"type":"Point","coordinates":[5.9021567,51.9707439]}},{"type":"Feature","id":"node/13339458525","properties":{"highway":"street_lamp","lamp_mount":"bent_mast","light:count":"1","support":"pole","id":"node/13339458525"},"geometry":{"type":"Point","coordinates":[5.9019924,51.9705155]}},{"type":"Feature","id":"node/13339458526","properties":{"highway":"street_lamp","lamp_mount":"bent_mast","light:count":"1","support":"pole","id":"node/13339458526"},"geometry":{"type":"Point","coordinates":[5.9018526,51.9703139]}},{"type":"Feature","id":"node/13339458527","properties":{"highway":"street_lamp","lamp_mount":"straight_mast","light:count":"1","support":"pole","id":"node/13339458527"},"geometry":{"type":"Point","coordinates":[5.9029318,51.9695773]}},{"type":"Feature","id":"node/13339458528","properties":{"highway":"street_lamp","lamp_mount":"straight_mast","light:count":"1","support":"pole","id":"node/13339458528"},"geometry":{"type":"Point","coordinates":[5.9018046,51.9707772]}},{"type":"Feature","id":"node/13339458529","properties":{"highway":"street_lamp","lamp_mount":"straight_mast","light:count":"1","support":"pole","id":"node/13339458529"},"geometry":{"type":"Point","coordinates":[5.9015466,51.970852]}},{"type":"Feature","id":"node/13339458530","properties":{"highway":"street_lamp","lamp_mount":"straight_mast","light:count":"1","support":"pole","id":"node/13339458530"},"geometry":{"type":"Point","coordinates":[5.901143,51.9708544]}},{"type":"Feature","id":"node/13339458531","properties":{"highway":"street_lamp","lamp_mount":"straight_mast","light:count":"1","support":"pole","id":"node/13339458531"},"geometry":{"type":"Point","coordinates":[5.9009296,51.9707502]}},{"type":"Feature","id":"node/13339458532","properties":{"highway":"street_lamp","lamp_mount":"straight_mast","light:count":"1","support":"pole","id":"node/13339458532"},"geometry":{"type":"Point","coordinates":[5.9032721,51.96938]}},{"type":"Feature","id":"node/13339458533","properties":{"highway":"street_lamp","lamp_mount":"straight_mast","light:count":"1","support":"pole","id":"node/13339458533"},"geometry":{"type":"Point","coordinates":[5.9039571,51.9691821]}},{"type":"Feature","id":"node/13339458534","properties":{"highway":"street_lamp","lamp_mount":"bent_mast","light:count":"1","support":"pole","id":"node/13339458534"},"geometry":{"type":"Point","coordinates":[5.9041508,51.969281]}},{"type":"Feature","id":"node/13339458535","properties":{"highway":"street_lamp","lamp_mount":"straight_mast","light:count":"1","support":"pole","id":"node/13339458535"},"geometry":{"type":"Point","coordinates":[5.9041209,51.9693463]}},{"type":"Feature","id":"node/13339458536","properties":{"highway":"street_lamp","lamp_mount":"straight_mast","light:count":"1","support":"pole","id":"node/13339458536"},"geometry":{"type":"Point","coordinates":[5.9022372,51.9698912]}},{"type":"Feature","id":"node/13339458537","properties":{"highway":"street_lamp","lamp_mount":"straight_mast","light:count":"1","support":"pole","id":"node/13339458537"},"geometry":{"type":"Point","coordinates":[5.9030484,51.9695016]}},{"type":"Feature","id":"node/13339458538","properties":{"highway":"street_lamp","lamp_mount":"straight_mast","light:count":"1","support":"pole","id":"node/13339458538"},"geometry":{"type":"Point","coordinates":[5.9026197,51.9696999]}},{"type":"Feature","id":"node/13339458539","properties":{"highway":"street_lamp","lamp_mount":"straight_mast","light:count":"1","support":"pole","id":"node/13339458539"},"geometry":{"type":"Point","coordinates":[5.901925,51.9700128]}},{"type":"Feature","id":"node/13339458540","properties":{"highway":"street_lamp","lamp_mount":"straight_mast","light:count":"1","support":"pole","id":"node/13339458540"},"geometry":{"type":"Point","coordinates":[5.9016811,51.970129]}},{"type":"Feature","id":"node/13339458541","properties":{"highway":"street_lamp","lamp_mount":"straight_mast","light:count":"1","support":"pole","id":"node/13339458541"},"geometry":{"type":"Point","coordinates":[5.9012964,51.9703049]}},{"type":"Feature","id":"node/13339458542","properties":{"highway":"street_lamp","lamp_mount":"straight_mast","light:count":"1","support":"pole","id":"node/13339458542"},"geometry":{"type":"Point","coordinates":[5.9009852,51.9704458]}},{"type":"Feature","id":"node/13339458543","properties":{"highway":"street_lamp","lamp_mount":"straight_mast","light:count":"1","support":"pole","id":"node/13339458543"},"geometry":{"type":"Point","coordinates":[5.9006338,51.9706093]}},{"type":"Feature","id":"node/13339458544","properties":{"highway":"street_lamp","lamp_mount":"straight_mast","light:count":"1","support":"pole","id":"node/13339458544"},"geometry":{"type":"Point","coordinates":[5.900322,51.9707533]}},{"type":"Feature","id":"node/13339458545","properties":{"highway":"street_lamp","lamp_mount":"straight_mast","light:count":"1","support":"pole","id":"node/13339458545"},"geometry":{"type":"Point","coordinates":[5.9000655,51.9708668]}},{"type":"Feature","id":"node/13339458546","properties":{"highway":"street_lamp","lamp_mount":"straight_mast","light:count":"1","support":"pole","id":"node/13339458546"},"geometry":{"type":"Point","coordinates":[5.8997399,51.9710148]}},{"type":"Feature","id":"node/13339458547","properties":{"highway":"street_lamp","lamp_mount":"straight_mast","light:count":"1","support":"pole","id":"node/13339458547"},"geometry":{"type":"Point","coordinates":[5.9001147,51.9711777]}},{"type":"Feature","id":"node/13339483040","properties":{"highway":"street_lamp","lamp_mount":"straight_mast","light:count":"1","support":"pole","id":"node/13339483040"},"geometry":{"type":"Point","coordinates":[5.9151463,51.9788585]}},{"type":"Feature","id":"node/13339483041","properties":{"highway":"street_lamp","lamp_mount":"straight_mast","light:count":"1","support":"pole","id":"node/13339483041"},"geometry":{"type":"Point","coordinates":[5.9153802,51.9788866]}},{"type":"Feature","id":"node/13339483042","properties":{"highway":"street_lamp","lamp_mount":"straight_mast","light:count":"1","support":"pole","id":"node/13339483042"},"geometry":{"type":"Point","coordinates":[5.9153474,51.9790912]}},{"type":"Feature","id":"node/13339483043","properties":{"highway":"street_lamp","lamp_mount":"straight_mast","light:count":"1","support":"pole","id":"node/13339483043"},"geometry":{"type":"Point","coordinates":[5.9151195,51.9792234]}},{"type":"Feature","id":"node/13339483044","properties":{"highway":"street_lamp","lamp_mount":"straight_mast","light:count":"1","support":"pole","id":"node/13339483044"},"geometry":{"type":"Point","coordinates":[5.914858,51.9790917]}},{"type":"Feature","id":"node/13339483045","properties":{"highway":"street_lamp","lamp_mount":"straight_mast","light:count":"1","support":"pole","id":"node/13339483045"},"geometry":{"type":"Point","coordinates":[5.914613,51.9787968]}},{"type":"Feature","id":"node/13339483046","properties":{"highway":"street_lamp","lamp_mount":"straight_mast","light:count":"1","support":"pole","id":"node/13339483046"},"geometry":{"type":"Point","coordinates":[5.9154796,51.9786824]}},{"type":"Feature","id":"node/13339490613","properties":{"highway":"street_lamp","lamp_mount":"straight_mast","lamp_type":"electric","light:count":"3","support":"pole","id":"node/13339490613"},"geometry":{"type":"Point","coordinates":[5.933882,51.9857263]}},{"type":"Feature","id":"node/13339490614","properties":{"highway":"street_lamp","lamp_mount":"straight_mast","light:count":"1","support":"pole","id":"node/13339490614"},"geometry":{"type":"Point","coordinates":[5.9322777,51.9862394]}},{"type":"Feature","id":"node/13339490615","properties":{"highway":"street_lamp","lamp_mount":"straight_mast","light:count":"1","support":"pole","id":"node/13339490615"},"geometry":{"type":"Point","coordinates":[5.9319347,51.9861971]}},{"type":"Feature","id":"node/13339490616","properties":{"highway":"street_lamp","lamp_mount":"straight_mast","light:count":"1","support":"pole","id":"node/13339490616"},"geometry":{"type":"Point","coordinates":[5.9329665,51.9863284]}},{"type":"Feature","id":"node/13339490617","properties":{"highway":"street_lamp","lamp_mount":"straight_mast","light:count":"1","support":"pole","id":"node/13339490617"},"geometry":{"type":"Point","coordinates":[5.9326153,51.9862757]}},{"type":"Feature","id":"node/13339490618","properties":{"highway":"street_lamp","lamp_mount":"straight_mast","light:count":"1","support":"pole","id":"node/13339490618"},"geometry":{"type":"Point","coordinates":[5.9333067,51.9863701]}},{"type":"Feature","id":"node/13339490619","properties":{"highway":"street_lamp","lamp_mount":"straight_mast","light:count":"1","support":"pole","id":"node/13339490619"},"geometry":{"type":"Point","coordinates":[5.933652,51.9864204]}},{"type":"Feature","id":"node/13339490630","properties":{"highway":"street_lamp","lamp_mount":"straight_mast","lamp_type":"electric","light:count":"3","support":"pole","id":"node/13339490630"},"geometry":{"type":"Point","coordinates":[5.9321786,51.9844926]}},{"type":"Feature","id":"node/13339490632","properties":{"highway":"street_lamp","lamp_mount":"straight_mast","light:count":"1","support":"pole","id":"node/13339490632"},"geometry":{"type":"Point","coordinates":[5.9344594,51.9855736]}},{"type":"Feature","id":"node/13339490633","properties":{"highway":"street_lamp","lamp_mount":"straight_mast","light:count":"1","support":"pole","id":"node/13339490633"},"geometry":{"type":"Point","coordinates":[5.9344105,51.9857396]}},{"type":"Feature","id":"node/13339490634","properties":{"highway":"street_lamp","lamp_mount":"straight_mast","light:count":"1","support":"pole","id":"node/13339490634"},"geometry":{"type":"Point","coordinates":[5.9345464,51.985306]}},{"type":"Feature","id":"node/13339490635","properties":{"highway":"street_lamp","lamp_mount":"straight_mast","light:count":"1","support":"pole","id":"node/13339490635"},"geometry":{"type":"Point","coordinates":[5.9346299,51.9850542]}},{"type":"Feature","id":"node/13339490636","properties":{"highway":"street_lamp","lamp_mount":"straight_mast","light:count":"1","support":"pole","id":"node/13339490636"},"geometry":{"type":"Point","coordinates":[5.9324821,51.9846567]}},{"type":"Feature","id":"node/13339490637","properties":{"highway":"street_lamp","lamp_mount":"straight_mast","light:count":"1","support":"pole","id":"node/13339490637"},"geometry":{"type":"Point","coordinates":[5.9322304,51.9846236]}},{"type":"Feature","id":"node/13339490638","properties":{"highway":"street_lamp","lamp_mount":"straight_mast","light:count":"1","support":"pole","id":"node/13339490638"},"geometry":{"type":"Point","coordinates":[5.9320286,51.9849616]}},{"type":"Feature","id":"node/13339490639","properties":{"highway":"street_lamp","lamp_mount":"straight_mast","light:count":"1","support":"pole","id":"node/13339490639"},"geometry":{"type":"Point","coordinates":[5.9320784,51.9848149]}},{"type":"Feature","id":"node/13339490640","properties":{"highway":"street_lamp","lamp_mount":"straight_mast","light:count":"1","support":"pole","id":"node/13339490640"},"geometry":{"type":"Point","coordinates":[5.9314888,51.9860893]}},{"type":"Feature","id":"node/13339490641","properties":{"highway":"street_lamp","lamp_mount":"straight_mast","light:count":"1","support":"pole","id":"node/13339490641"},"geometry":{"type":"Point","coordinates":[5.9314421,51.9862369]}},{"type":"Feature","id":"node/13339490642","properties":{"highway":"street_lamp","lamp_mount":"straight_mast","light:count":"1","support":"pole","id":"node/13339490642"},"geometry":{"type":"Point","coordinates":[5.9313893,51.9863942]}},{"type":"Feature","id":"node/13339490643","properties":{"highway":"street_lamp","lamp_mount":"straight_mast","light:count":"1","support":"pole","id":"node/13339490643"},"geometry":{"type":"Point","coordinates":[5.9313509,51.9865484]}},{"type":"Feature","id":"node/13339490644","properties":{"highway":"street_lamp","lamp_mount":"straight_mast","light:count":"1","support":"pole","id":"node/13339490644"},"geometry":{"type":"Point","coordinates":[5.9312781,51.9867044]}},{"type":"Feature","id":"node/13339490645","properties":{"highway":"street_lamp","lamp_mount":"straight_mast","light:count":"1","support":"pole","id":"node/13339490645"},"geometry":{"type":"Point","coordinates":[5.9312188,51.9868867]}},{"type":"Feature","id":"node/13339490646","properties":{"highway":"street_lamp","lamp_mount":"bent_mast","light:count":"2","support":"pole","id":"node/13339490646"},"geometry":{"type":"Point","coordinates":[5.9316126,51.9849628]}},{"type":"Feature","id":"node/13339490647","properties":{"highway":"street_lamp","lamp_mount":"bent_mast","light:count":"2","support":"pole","id":"node/13339490647"},"geometry":{"type":"Point","coordinates":[5.9315663,51.9851091]}},{"type":"Feature","id":"node/13339490648","properties":{"highway":"street_lamp","lamp_mount":"bent_mast","light:count":"2","support":"pole","id":"node/13339490648"},"geometry":{"type":"Point","coordinates":[5.931514,51.9852502]}},{"type":"Feature","id":"node/13339490649","properties":{"highway":"street_lamp","lamp_mount":"bent_mast","light:count":"2","support":"pole","id":"node/13339490649"},"geometry":{"type":"Point","coordinates":[5.9314654,51.9853984]}},{"type":"Feature","id":"node/13339490650","properties":{"highway":"street_lamp","lamp_mount":"bent_mast","light:count":"2","support":"pole","id":"node/13339490650"},"geometry":{"type":"Point","coordinates":[5.9316656,51.9848145]}},{"type":"Feature","id":"node/13339490651","properties":{"highway":"street_lamp","lamp_mount":"straight_mast","light:count":"2","support":"pole","id":"node/13339490651"},"geometry":{"type":"Point","coordinates":[5.9314897,51.9858322]}},{"type":"Feature","id":"node/13339490652","properties":{"highway":"street_lamp","lamp_mount":"straight_mast","light:count":"2","support":"pole","id":"node/13339490652"},"geometry":{"type":"Point","coordinates":[5.9312547,51.9857995]}},{"type":"Feature","id":"node/13339490653","properties":{"highway":"street_lamp","lamp_mount":"straight_mast","light:count":"2","support":"pole","id":"node/13339490653"},"geometry":{"type":"Point","coordinates":[5.9310307,51.9857695]}},{"type":"Feature","id":"node/13339490654","properties":{"highway":"street_lamp","lamp_mount":"straight_mast","light:count":"2","support":"pole","id":"node/13339490654"},"geometry":{"type":"Point","coordinates":[5.9307833,51.9857148]}},{"type":"Feature","id":"node/13339490655","properties":{"highway":"street_lamp","lamp_mount":"bent_mast","light:count":"2","support":"pole","id":"node/13339490655"},"geometry":{"type":"Point","coordinates":[5.9310473,51.9851938]}},{"type":"Feature","id":"node/13339490656","properties":{"highway":"street_lamp","lamp_mount":"bent_mast","light:count":"2","support":"pole","id":"node/13339490656"},"geometry":{"type":"Point","coordinates":[5.9309964,51.9853379]}},{"type":"Feature","id":"node/13339490657","properties":{"highway":"street_lamp","lamp_mount":"bent_mast","light:count":"2","support":"pole","id":"node/13339490657"},"geometry":{"type":"Point","coordinates":[5.9310983,51.9850467]}},{"type":"Feature","id":"node/13340400933","properties":{"highway":"street_lamp","lamp_mount":"straight","light:count":"1","support":"pole","id":"node/13340400933"},"geometry":{"type":"Point","coordinates":[5.8991021,51.9608433]}},{"type":"Feature","id":"node/13340400934","properties":{"highway":"street_lamp","lamp_mount":"straight","light:count":"1","support":"pole","id":"node/13340400934"},"geometry":{"type":"Point","coordinates":[5.8995092,51.9608113]}},{"type":"Feature","id":"node/13340400935","properties":{"highway":"street_lamp","lamp_mount":"straight","light:count":"1","support":"pole","id":"node/13340400935"},"geometry":{"type":"Point","coordinates":[5.899272,51.9609948]}},{"type":"Feature","id":"node/13340400936","properties":{"direction":"234","highway":"street_lamp","light:count":"1","support":"pole","id":"node/13340400936"},"geometry":{"type":"Point","coordinates":[5.8984848,51.9612768]}},{"type":"Feature","id":"node/13340400937","properties":{"highway":"street_lamp","lamp_mount":"straight","light:count":"1","support":"pole","id":"node/13340400937"},"geometry":{"type":"Point","coordinates":[5.8996682,51.960932]}},{"type":"Feature","id":"node/13340400938","properties":{"direction":"260","highway":"street_lamp","lamp_mount":"straight_mast","light:count":"1","support":"pole","id":"node/13340400938"},"geometry":{"type":"Point","coordinates":[5.8991057,51.9606569]}},{"type":"Feature","id":"node/13340400939","properties":{"highway":"street_lamp","lamp_mount":"straight","light:count":"1","support":"pole","id":"node/13340400939"},"geometry":{"type":"Point","coordinates":[5.8984114,51.9602925]}},{"type":"Feature","id":"node/13340400940","properties":{"highway":"street_lamp","lamp_mount":"straight","light:count":"1","support":"pole","id":"node/13340400940"},"geometry":{"type":"Point","coordinates":[5.8981963,51.9604897]}},{"type":"Feature","id":"node/13340401509","properties":{"highway":"street_lamp","lamp_mount":"straight_mast","light:count":"1","support":"pole","id":"node/13340401509"},"geometry":{"type":"Point","coordinates":[5.8840707,51.942243]}},{"type":"Feature","id":"node/13340401510","properties":{"highway":"street_lamp","lamp_mount":"straight_mast","light:count":"1","support":"pole","id":"node/13340401510"},"geometry":{"type":"Point","coordinates":[5.8825765,51.9425787]}},{"type":"Feature","id":"node/13340401511","properties":{"highway":"street_lamp","lamp_mount":"straight_mast","light:count":"1","support":"pole","id":"node/13340401511"},"geometry":{"type":"Point","coordinates":[5.8827874,51.9426751]}},{"type":"Feature","id":"node/13340401512","properties":{"highway":"street_lamp","lamp_mount":"straight_mast","light:count":"1","support":"pole","id":"node/13340401512"},"geometry":{"type":"Point","coordinates":[5.8829711,51.9428342]}},{"type":"Feature","id":"node/13340401513","properties":{"highway":"street_lamp","lamp_mount":"straight_mast","light:count":"1","support":"pole","id":"node/13340401513"},"geometry":{"type":"Point","coordinates":[5.8829571,51.9429122]}},{"type":"Feature","id":"node/13340401514","properties":{"highway":"street_lamp","lamp_mount":"straight_mast","light:count":"1","support":"pole","id":"node/13340401514"},"geometry":{"type":"Point","coordinates":[5.8836286,51.9427705]}},{"type":"Feature","id":"node/13340401515","properties":{"highway":"street_lamp","lamp_mount":"straight_mast","light:count":"1","support":"pole","id":"node/13340401515"},"geometry":{"type":"Point","coordinates":[5.8832956,51.9428481]}},{"type":"Feature","id":"node/13340401516","properties":{"highway":"street_lamp","lamp_mount":"straight_mast","light:count":"1","support":"pole","id":"node/13340401516"},"geometry":{"type":"Point","coordinates":[5.8841435,51.9423955]}},{"type":"Feature","id":"node/13340401517","properties":{"highway":"street_lamp","lamp_mount":"straight_mast","light:count":"1","support":"pole","id":"node/13340401517"},"geometry":{"type":"Point","coordinates":[5.8842921,51.9425387]}},{"type":"Feature","id":"node/13340401518","properties":{"highway":"street_lamp","lamp_mount":"straight_mast","light:count":"1","support":"pole","id":"node/13340401518"},"geometry":{"type":"Point","coordinates":[5.8850582,51.9431641]}},{"type":"Feature","id":"node/13340401519","properties":{"highway":"street_lamp","lamp_mount":"straight_mast","light:count":"1","support":"pole","id":"node/13340401519"},"geometry":{"type":"Point","coordinates":[5.8852238,51.9433222]}},{"type":"Feature","id":"node/13340401520","properties":{"highway":"street_lamp","lamp_mount":"straight_mast","light:count":"1","support":"pole","id":"node/13340401520"},"geometry":{"type":"Point","coordinates":[5.8850754,51.9435035]}},{"type":"Feature","id":"node/13340401521","properties":{"highway":"street_lamp","lamp_mount":"straight_mast","light:count":"1","support":"pole","id":"node/13340401521"},"geometry":{"type":"Point","coordinates":[5.8847135,51.9435346]}},{"type":"Feature","id":"node/13340401522","properties":{"highway":"street_lamp","lamp_mount":"straight_mast","light:count":"1","support":"pole","id":"node/13340401522"},"geometry":{"type":"Point","coordinates":[5.8843512,51.9435421]}},{"type":"Feature","id":"node/13340401523","properties":{"highway":"street_lamp","lamp_mount":"straight_mast","light:count":"1","support":"pole","id":"node/13340401523"},"geometry":{"type":"Point","coordinates":[5.8837896,51.9435621]}},{"type":"Feature","id":"node/13340401524","properties":{"highway":"street_lamp","lamp_mount":"straight_mast","light:count":"1","support":"pole","id":"node/13340401524"},"geometry":{"type":"Point","coordinates":[5.8839961,51.9435744]}},{"type":"Feature","id":"node/13340401525","properties":{"highway":"street_lamp","lamp_mount":"straight_mast","light:count":"1","support":"pole","id":"node/13340401525"},"geometry":{"type":"Point","coordinates":[5.8836178,51.9434044]}},{"type":"Feature","id":"node/13340701199","properties":{"highway":"street_lamp","lamp_mount":"straight_mast","light:count":"4","support":"pole","id":"node/13340701199"},"geometry":{"type":"Point","coordinates":[5.90139,51.9626233]}},{"type":"Feature","id":"node/13340701200","properties":{"highway":"street_lamp","lamp_mount":"straight_mast","light:count":"4","support":"pole","id":"node/13340701200"},"geometry":{"type":"Point","coordinates":[5.9022852,51.9631621]}},{"type":"Feature","id":"node/13340724901","properties":{"highway":"street_lamp","lamp_mount":"straight_mast","light:count":"4","support":"pole","id":"node/13340724901"},"geometry":{"type":"Point","coordinates":[5.9018899,51.962926]}},{"type":"Feature","id":"node/13340724902","properties":{"highway":"street_lamp","lamp_mount":"straight_mast","light:count":"4","support":"pole","id":"node/13340724902"},"geometry":{"type":"Point","coordinates":[5.9009285,51.9623414]}},{"type":"Feature","id":"node/13340724903","properties":{"highway":"street_lamp","lamp_mount":"straight_mast","light:count":"4","support":"pole","id":"node/13340724903"},"geometry":{"type":"Point","coordinates":[5.900549,51.9625197]}},{"type":"Feature","id":"node/13340724904","properties":{"highway":"street_lamp","lamp_mount":"straight_mast","light:count":"4","support":"pole","id":"node/13340724904"},"geometry":{"type":"Point","coordinates":[5.8998961,51.9629278]}},{"type":"Feature","id":"node/13340724905","properties":{"highway":"street_lamp","lamp_mount":"straight_mast","light:count":"4","support":"pole","id":"node/13340724905"},"geometry":{"type":"Point","coordinates":[5.9002244,51.9627226]}},{"type":"Feature","id":"node/13341069194","properties":{"highway":"street_lamp","lamp_mount":"straight_mast","light:count":"4","support":"pole","id":"node/13341069194"},"geometry":{"type":"Point","coordinates":[5.9015112,51.9630714]}},{"type":"Feature","id":"node/13341069195","properties":{"highway":"street_lamp","lamp_mount":"straight_mast","light:count":"4","support":"pole","id":"node/13341069195"},"geometry":{"type":"Point","coordinates":[5.9009085,51.9627625]}},{"type":"Feature","id":"node/13341591968","properties":{"highway":"street_lamp","lamp_mount":"straight_mast","light:count":"1","support":"pole","id":"node/13341591968"},"geometry":{"type":"Point","coordinates":[5.9391238,51.9869157]}},{"type":"Feature","id":"node/13341591969","properties":{"highway":"street_lamp","lamp_mount":"straight_mast","light:count":"1","support":"pole","id":"node/13341591969"},"geometry":{"type":"Point","coordinates":[5.9391109,51.9867466]}},{"type":"Feature","id":"node/13341591970","properties":{"highway":"street_lamp","lamp_mount":"straight_mast","light:count":"1","support":"pole","id":"node/13341591970"},"geometry":{"type":"Point","coordinates":[5.9398513,51.9870016]}},{"type":"Feature","id":"node/13341591971","properties":{"highway":"street_lamp","lamp_mount":"straight_mast","light:count":"1","support":"pole","id":"node/13341591971"},"geometry":{"type":"Point","coordinates":[5.9396094,51.9870902]}},{"type":"Feature","id":"node/13341591972","properties":{"highway":"street_lamp","lamp_mount":"bent_mast","light:count":"1","support":"pole","id":"node/13341591972"},"geometry":{"type":"Point","coordinates":[5.9399643,51.9869032]}},{"type":"Feature","id":"node/13341591973","properties":{"highway":"street_lamp","lamp_mount":"bent_mast","light:count":"1","support":"pole","id":"node/13341591973"},"geometry":{"type":"Point","coordinates":[5.9395676,51.9867664]}},{"type":"Feature","id":"node/13341591974","properties":{"highway":"street_lamp","lamp_mount":"bent_mast","light:count":"1","support":"pole","id":"node/13341591974"},"geometry":{"type":"Point","coordinates":[5.9391948,51.9866407]}},{"type":"Feature","id":"node/13341591992","properties":{"highway":"street_lamp","lamp_mount":"bent_mast","light:count":"1","support":"pole","id":"node/13341591992"},"geometry":{"type":"Point","coordinates":[5.9382343,51.9864307]}},{"type":"Feature","id":"node/13342537532","properties":{"highway":"street_lamp","lamp_mount":"bent_mast","light:count":"1","support":"pole","id":"node/13342537532"},"geometry":{"type":"Point","coordinates":[5.9020206,51.9693352]}},{"type":"Feature","id":"node/13342537533","properties":{"highway":"street_lamp","lamp_mount":"bent_mast","light:count":"1","support":"pole","id":"node/13342537533"},"geometry":{"type":"Point","coordinates":[5.9023753,51.9691737]}},{"type":"Feature","id":"node/13342537534","properties":{"highway":"street_lamp","lamp_mount":"bent_mast","light:count":"1","support":"pole","id":"node/13342537534"},"geometry":{"type":"Point","coordinates":[5.90284,51.969443]}},{"type":"Feature","id":"node/13342537535","properties":{"highway":"street_lamp","lamp_mount":"bent_mast","light:count":"1","support":"pole","id":"node/13342537535"},"geometry":{"type":"Point","coordinates":[5.9026033,51.9692439]}},{"type":"Feature","id":"node/13342537536","properties":{"highway":"street_lamp","lamp_mount":"bent_mast","light:count":"1","support":"pole","id":"node/13342537536"},"geometry":{"type":"Point","coordinates":[5.901694,51.9691138]}},{"type":"Feature","id":"node/13342537537","properties":{"highway":"street_lamp","lamp_mount":"bent_mast","light:count":"1","support":"pole","id":"node/13342537537"},"geometry":{"type":"Point","coordinates":[5.9020246,51.9689642]}},{"type":"Feature","id":"node/13342537538","properties":{"highway":"street_lamp","lamp_mount":"bent_mast","light:count":"1","support":"pole","id":"node/13342537538"},"geometry":{"type":"Point","coordinates":[5.9023642,51.9688093]}},{"type":"Feature","id":"node/13342537539","properties":{"highway":"street_lamp","lamp_mount":"straight_mast","light:count":"1","support":"pole","id":"node/13342537539"},"geometry":{"type":"Point","coordinates":[5.902962,51.9682921]}},{"type":"Feature","id":"node/13342537540","properties":{"highway":"street_lamp","lamp_mount":"straight_mast","light:count":"1","support":"pole","id":"node/13342537540"},"geometry":{"type":"Point","coordinates":[5.9028031,51.9683747]}},{"type":"Feature","id":"node/13342537541","properties":{"highway":"street_lamp","lamp_mount":"straight_mast","light:count":"1","support":"pole","id":"node/13342537541"},"geometry":{"type":"Point","coordinates":[5.9024725,51.9684693]}},{"type":"Feature","id":"node/13342537542","properties":{"highway":"street_lamp","lamp_mount":"straight_mast","light:count":"1","support":"pole","id":"node/13342537542"},"geometry":{"type":"Point","coordinates":[5.9026509,51.9685895]}},{"type":"Feature","id":"node/13342537543","properties":{"highway":"street_lamp","lamp_mount":"bent_mast","light:count":"1","support":"pole","id":"node/13342537543"},"geometry":{"type":"Point","coordinates":[5.9016256,51.9686337]}},{"type":"Feature","id":"node/13342537544","properties":{"highway":"street_lamp","lamp_mount":"bent_mast","light:count":"1","support":"pole","id":"node/13342537544"},"geometry":{"type":"Point","coordinates":[5.9019441,51.9684776]}},{"type":"Feature","id":"node/13342537545","properties":{"highway":"street_lamp","lamp_mount":"bent_mast","light:count":"1","support":"pole","id":"node/13342537545"},"geometry":{"type":"Point","coordinates":[5.9015176,51.9685259]}},{"type":"Feature","id":"node/13342537546","properties":{"highway":"street_lamp","lamp_mount":"bent_mast","light:count":"1","support":"pole","id":"node/13342537546"},"geometry":{"type":"Point","coordinates":[5.9012642,51.9683359]}},{"type":"Feature","id":"node/13342537547","properties":{"highway":"street_lamp","lamp_mount":"bent_mast","light:count":"1","support":"pole","id":"node/13342537547"},"geometry":{"type":"Point","coordinates":[5.9007733,51.9680388]}},{"type":"Feature","id":"node/13342537548","properties":{"highway":"street_lamp","lamp_mount":"bent_mast","light:count":"1","support":"pole","id":"node/13342537548"},"geometry":{"type":"Point","coordinates":[5.9004434,51.9682181]}},{"type":"Feature","id":"node/13342537549","properties":{"highway":"street_lamp","lamp_mount":"bent_mast","light:count":"1","support":"pole","id":"node/13342537549"},"geometry":{"type":"Point","coordinates":[5.9009946,51.9681347]}},{"type":"Feature","id":"node/13342537550","properties":{"highway":"street_lamp","lamp_mount":"bent_mast","light:count":"1","support":"pole","id":"node/13342537550"},"geometry":{"type":"Point","coordinates":[5.9009678,51.9666424]}},{"type":"Feature","id":"node/13342537551","properties":{"highway":"street_lamp","lamp_mount":"bent_mast","light:count":"1","support":"pole","id":"node/13342537551"},"geometry":{"type":"Point","coordinates":[5.9007411,51.9667693]}},{"type":"Feature","id":"node/13342537552","properties":{"highway":"street_lamp","lamp_mount":"bent_mast","light:count":"1","support":"pole","id":"node/13342537552"},"geometry":{"type":"Point","coordinates":[5.9004508,51.9669308]}},{"type":"Feature","id":"node/13342537553","properties":{"highway":"street_lamp","lamp_mount":"bent_mast","light:count":"1","support":"pole","id":"node/13342537553"},"geometry":{"type":"Point","coordinates":[5.900204,51.9670589]}},{"type":"Feature","id":"node/13342537554","properties":{"highway":"street_lamp","lamp_mount":"bent_mast","light:count":"1","support":"pole","id":"node/13342537554"},"geometry":{"type":"Point","coordinates":[5.9001745,51.9671878]}},{"type":"Feature","id":"node/13342537555","properties":{"highway":"street_lamp","lamp_mount":"bent_mast","light:count":"1","support":"pole","id":"node/13342537555"},"geometry":{"type":"Point","coordinates":[5.9010422,51.9677806]}},{"type":"Feature","id":"node/13342537556","properties":{"highway":"street_lamp","lamp_mount":"bent_mast","light:count":"1","support":"pole","id":"node/13342537556"},"geometry":{"type":"Point","coordinates":[5.9007546,51.9675815]}},{"type":"Feature","id":"node/13342537557","properties":{"highway":"street_lamp","lamp_mount":"bent_mast","light:count":"1","support":"pole","id":"node/13342537557"},"geometry":{"type":"Point","coordinates":[5.9004595,51.9673782]}},{"type":"Feature","id":"node/13342537558","properties":{"highway":"street_lamp","lamp_mount":"bent_mast","light:count":"1","support":"pole","id":"node/13342537558"},"geometry":{"type":"Point","coordinates":[5.9010711,51.9678893]}},{"type":"Feature","id":"node/13342537559","properties":{"highway":"street_lamp","lamp_mount":"bent_mast","light:count":"1","support":"pole","id":"node/13342537559"},"geometry":{"type":"Point","coordinates":[5.9013721,51.9679979]}},{"type":"Feature","id":"node/13342537560","properties":{"highway":"street_lamp","lamp_mount":"straight_mast","light:count":"1","support":"pole","id":"node/13342537560"},"geometry":{"type":"Point","coordinates":[5.9027065,51.9681023]}},{"type":"Feature","id":"node/13342537561","properties":{"highway":"street_lamp","lamp_mount":"straight_mast","light:count":"1","support":"pole","id":"node/13342537561"},"geometry":{"type":"Point","coordinates":[5.9024578,51.968214]}},{"type":"Feature","id":"node/13342537562","properties":{"highway":"street_lamp","lamp_mount":"straight_mast","light:count":"1","support":"pole","id":"node/13342537562"},"geometry":{"type":"Point","coordinates":[5.9022325,51.9683334]}},{"type":"Feature","id":"node/13342537563","properties":{"highway":"street_lamp","lamp_mount":"bent_mast","light:count":"1","support":"pole","id":"node/13342537563"},"geometry":{"type":"Point","coordinates":[5.901916,51.9683685]}},{"type":"Feature","id":"node/13342537564","properties":{"highway":"street_lamp","lamp_mount":"bent_mast","light:count":"1","support":"pole","id":"node/13342537564"},"geometry":{"type":"Point","coordinates":[5.9016343,51.9681768]}},{"type":"Feature","id":"node/13342537565","properties":{"highway":"street_lamp","lamp_mount":"bent_mast","light:count":"1","support":"pole","id":"node/13342537565"},"geometry":{"type":"Point","coordinates":[5.9016564,51.9680578]}},{"type":"Feature","id":"node/13342537566","properties":{"highway":"street_lamp","lamp_mount":"bent_mast","light:count":"1","support":"pole","id":"node/13342537566"},"geometry":{"type":"Point","coordinates":[5.9019683,51.9678839]}},{"type":"Feature","id":"node/13342537567","properties":{"highway":"street_lamp","lamp_mount":"bent_mast","light:count":"1","support":"pole","id":"node/13342537567"},"geometry":{"type":"Point","coordinates":[5.9023122,51.9676897]}},{"type":"Feature","id":"node/13342537568","properties":{"highway":"street_lamp","lamp_mount":"bent_mast","light:count":"1","support":"pole","id":"node/13342537568"},"geometry":{"type":"Point","coordinates":[5.9028963,51.9678104]}},{"type":"Feature","id":"node/13342537569","properties":{"highway":"street_lamp","lamp_mount":"bent_mast","light:count":"1","support":"pole","id":"node/13342537569"},"geometry":{"type":"Point","coordinates":[5.9026013,51.9676067]}},{"type":"Feature","id":"node/13342537570","properties":{"highway":"street_lamp","lamp_mount":"bent_mast","light:count":"1","support":"pole","id":"node/13342537570"},"geometry":{"type":"Point","coordinates":[5.9011368,51.966609]}},{"type":"Feature","id":"node/13342537571","properties":{"highway":"street_lamp","lamp_mount":"bent_mast","light:count":"1","support":"pole","id":"node/13342537571"},"geometry":{"type":"Point","coordinates":[5.9014325,51.9668032]}},{"type":"Feature","id":"node/13342537572","properties":{"highway":"street_lamp","lamp_mount":"bent_mast","light:count":"1","support":"pole","id":"node/13342537572"},"geometry":{"type":"Point","coordinates":[5.90169,51.96698]}},{"type":"Feature","id":"node/13342537573","properties":{"highway":"street_lamp","lamp_mount":"bent_mast","light:count":"1","support":"pole","id":"node/13342537573"},"geometry":{"type":"Point","coordinates":[5.9020246,51.9672105]}},{"type":"Feature","id":"node/13342537574","properties":{"highway":"street_lamp","lamp_mount":"bent_mast","light:count":"1","support":"pole","id":"node/13342537574"},"geometry":{"type":"Point","coordinates":[5.9023129,51.9674068]}},{"type":"Feature","id":"node/13342537575","properties":{"highway":"street_lamp","lamp_mount":"bent_mast","light:count":"1","support":"pole","id":"node/13342537575"},"geometry":{"type":"Point","coordinates":[5.9023592,51.9690481]}},{"type":"Feature","id":"node/13342537576","properties":{"highway":"street_lamp","lamp_mount":"bent_mast","light:count":"1","support":"pole","id":"node/13342537576"},"geometry":{"type":"Point","coordinates":[5.9027226,51.9690144]}},{"type":"Feature","id":"node/13342537577","properties":{"highway":"street_lamp","lamp_mount":"bent_mast","light:count":"1","support":"pole","id":"node/13342537577"},"geometry":{"type":"Point","coordinates":[5.9030753,51.968856]}},{"type":"Feature","id":"node/13342537578","properties":{"highway":"street_lamp","lamp_mount":"bent_mast","light:count":"1","support":"pole","id":"node/13342537578"},"geometry":{"type":"Point","coordinates":[5.9030619,51.96873]}},{"type":"Feature","id":"node/13342537579","properties":{"highway":"street_lamp","lamp_mount":"bent_mast","light:count":"1","support":"pole","id":"node/13342537579"},"geometry":{"type":"Point","coordinates":[5.9032906,51.9689254]}},{"type":"Feature","id":"node/13342537580","properties":{"highway":"street_lamp","lamp_mount":"bent_mast","light:count":"1","support":"pole","id":"node/13342537580"},"geometry":{"type":"Point","coordinates":[5.9035058,51.9691014]}},{"type":"Feature","id":"node/13342537581","properties":{"highway":"street_lamp","lamp_mount":"bent_mast","light:count":"1","support":"pole","id":"node/13342537581"},"geometry":{"type":"Point","coordinates":[5.9037771,51.9689886]}},{"type":"Feature","id":"node/13342537582","properties":{"highway":"street_lamp","lamp_mount":"bent_mast","light:count":"1","support":"pole","id":"node/13342537582"},"geometry":{"type":"Point","coordinates":[5.9035741,51.9688137]}},{"type":"Feature","id":"node/13342537583","properties":{"highway":"street_lamp","lamp_mount":"bent_mast","light:count":"1","support":"pole","id":"node/13342537583"},"geometry":{"type":"Point","coordinates":[5.9034381,51.9686135]}},{"type":"Feature","id":"node/13342537584","properties":{"highway":"street_lamp","lamp_mount":"bent_mast","light:count":"1","support":"pole","id":"node/13342537584"},"geometry":{"type":"Point","coordinates":[5.9040235,51.9680525]}},{"type":"Feature","id":"node/13342537585","properties":{"highway":"street_lamp","lamp_mount":"bent_mast","light:count":"1","support":"pole","id":"node/13342537585"},"geometry":{"type":"Point","coordinates":[5.9041817,51.968164]}},{"type":"Feature","id":"node/13342537586","properties":{"highway":"street_lamp","lamp_mount":"bent_mast","light:count":"1","support":"pole","id":"node/13342537586"},"geometry":{"type":"Point","coordinates":[5.9043299,51.9682983]}},{"type":"Feature","id":"node/13342537587","properties":{"highway":"street_lamp","lamp_mount":"bent_mast","light:count":"1","support":"pole","id":"node/13342537587"},"geometry":{"type":"Point","coordinates":[5.9046096,51.9685272]}},{"type":"Feature","id":"node/13342537588","properties":{"highway":"street_lamp","lamp_mount":"bent_mast","light:count":"1","support":"pole","id":"node/13342537588"},"geometry":{"type":"Point","coordinates":[5.9049046,51.9687759]}},{"type":"Feature","id":"node/13342537589","properties":{"highway":"street_lamp","lamp_mount":"bent_mast","light:count":"1","support":"pole","id":"node/13342537589"},"geometry":{"type":"Point","coordinates":[5.9049173,51.9689262]}},{"type":"Feature","id":"node/13342537590","properties":{"highway":"street_lamp","lamp_mount":"bent_mast","light:count":"1","support":"pole","id":"node/13342537590"},"geometry":{"type":"Point","coordinates":[5.904806,51.9688254]}},{"type":"Feature","id":"node/13342537591","properties":{"highway":"street_lamp","lamp_mount":"bent_mast","light:count":"1","support":"pole","id":"node/13342537591"},"geometry":{"type":"Point","coordinates":[5.9044942,51.9689254]}},{"type":"Feature","id":"node/13342537592","properties":{"highway":"street_lamp","lamp_mount":"bent_mast","light:count":"1","support":"pole","id":"node/13342537592"},"geometry":{"type":"Point","coordinates":[5.9042213,51.9690047]}},{"type":"Feature","id":"node/13342537593","properties":{"highway":"street_lamp","lamp_mount":"bent_mast","light:count":"1","support":"pole","id":"node/13342537593"},"geometry":{"type":"Point","coordinates":[5.9040557,51.9689828]}},{"type":"Feature","id":"node/13342537594","properties":{"highway":"street_lamp","lamp_mount":"bent_mast","light:count":"1","support":"pole","id":"node/13342537594"},"geometry":{"type":"Point","coordinates":[5.9038592,51.9687622]}},{"type":"Feature","id":"node/13342537595","properties":{"highway":"street_lamp","lamp_mount":"bent_mast","light:count":"1","support":"pole","id":"node/13342537595"},"geometry":{"type":"Point","coordinates":[5.9038401,51.968276]}},{"type":"Feature","id":"node/13342537596","properties":{"highway":"street_lamp","lamp_mount":"bent_mast","light:count":"1","support":"pole","id":"node/13342537596"},"geometry":{"type":"Point","coordinates":[5.903876,51.9680529]}},{"type":"Feature","id":"node/13342537597","properties":{"highway":"street_lamp","lamp_mount":"bent_mast","light:count":"1","support":"pole","id":"node/13342537597"},"geometry":{"type":"Point","coordinates":[5.9035186,51.9682929]}},{"type":"Feature","id":"node/13342537598","properties":{"highway":"street_lamp","lamp_mount":"bent_mast","light:count":"1","support":"pole","id":"node/13342537598"},"geometry":{"type":"Point","coordinates":[5.9032611,51.9684057]}},{"type":"Feature","id":"node/13342537599","properties":{"highway":"street_lamp","lamp_mount":"bent_mast","light:count":"1","support":"pole","id":"node/13342537599"},"geometry":{"type":"Point","coordinates":[5.9030311,51.9685015]}},{"type":"Feature","id":"node/13342537600","properties":{"highway":"street_lamp","lamp_mount":"bent_mast","light:count":"1","support":"pole","id":"node/13342537600"},"geometry":{"type":"Point","coordinates":[5.9027548,51.9686292]}},{"type":"Feature","id":"node/13342571601","properties":{"highway":"street_lamp","lamp_mount":"bent_mast","light:count":"1","support":"pole","id":"node/13342571601"},"geometry":{"type":"Point","coordinates":[5.9025221,51.9686742]}},{"type":"Feature","id":"node/13342571602","properties":{"highway":"street_lamp","lamp_mount":"bent_mast","light:count":"1","support":"pole","id":"node/13342571602"},"geometry":{"type":"Point","coordinates":[5.9022599,51.9684995]}},{"type":"Feature","id":"node/13342571603","properties":{"highway":"street_lamp","lamp_mount":"bent_mast","light:count":"1","support":"pole","id":"node/13342571603"},"geometry":{"type":"Point","coordinates":[5.9024819,51.9683421]}},{"type":"Feature","id":"node/13342571604","properties":{"highway":"street_lamp","lamp_mount":"bent_mast","light:count":"1","support":"pole","id":"node/13342571604"},"geometry":{"type":"Point","coordinates":[5.9027437,51.9682024]}},{"type":"Feature","id":"node/13342571605","properties":{"highway":"street_lamp","lamp_mount":"bent_mast","light:count":"1","support":"pole","id":"node/13342571605"},"geometry":{"type":"Point","coordinates":[5.9030857,51.9680194]}},{"type":"Feature","id":"node/13342571606","properties":{"highway":"street_lamp","lamp_mount":"bent_mast","light:count":"1","support":"pole","id":"node/13342571606"},"geometry":{"type":"Point","coordinates":[5.9033674,51.9678633]}},{"type":"Feature","id":"node/13342571607","properties":{"highway":"street_lamp","lamp_mount":"bent_mast","light:count":"1","support":"pole","id":"node/13342571607"},"geometry":{"type":"Point","coordinates":[5.9001048,51.970772]}},{"type":"Feature","id":"node/13342571608","properties":{"highway":"street_lamp","lamp_mount":"bent_mast","light:count":"1","support":"pole","id":"node/13342571608"},"geometry":{"type":"Point","coordinates":[5.8998614,51.9705663]}},{"type":"Feature","id":"node/13342571609","properties":{"highway":"street_lamp","lamp_mount":"bent_mast","light:count":"1","support":"pole","id":"node/13342571609"},"geometry":{"type":"Point","coordinates":[5.8996334,51.9703688]}},{"type":"Feature","id":"node/13342571610","properties":{"highway":"street_lamp","lamp_mount":"bent_mast","light:count":"1","support":"pole","id":"node/13342571610"},"geometry":{"type":"Point","coordinates":[5.8995429,51.9701771]}},{"type":"Feature","id":"node/13342571611","properties":{"highway":"street_lamp","lamp_mount":"bent_mast","light:count":"1","support":"pole","id":"node/13342571611"},"geometry":{"type":"Point","coordinates":[5.8998245,51.970066]}},{"type":"Feature","id":"node/13342571612","properties":{"highway":"street_lamp","lamp_mount":"bent_mast","light:count":"1","support":"pole","id":"node/13342571612"},"geometry":{"type":"Point","coordinates":[5.9001122,51.9699301]}},{"type":"Feature","id":"node/13342571613","properties":{"highway":"street_lamp","lamp_mount":"bent_mast","light:count":"1","support":"pole","id":"node/13342571613"},"geometry":{"type":"Point","coordinates":[5.9003026,51.9700569]}},{"type":"Feature","id":"node/13342571614","properties":{"highway":"street_lamp","lamp_mount":"bent_mast","light:count":"1","support":"pole","id":"node/13342571614"},"geometry":{"type":"Point","coordinates":[5.9007666,51.9704481]}},{"type":"Feature","id":"node/13342571615","properties":{"highway":"street_lamp","lamp_mount":"bent_mast","light:count":"1","support":"pole","id":"node/13342571615"},"geometry":{"type":"Point","coordinates":[5.900536,51.9702515]}},{"type":"Feature","id":"node/13342571616","properties":{"highway":"street_lamp","lamp_mount":"bent_mast","light:count":"1","support":"pole","id":"node/13342571616"},"geometry":{"type":"Point","coordinates":[5.9012109,51.9699349]}},{"type":"Feature","id":"node/13342571617","properties":{"highway":"street_lamp","lamp_mount":"bent_mast","light:count":"1","support":"pole","id":"node/13342571617"},"geometry":{"type":"Point","coordinates":[5.9014586,51.9701379]}},{"type":"Feature","id":"node/13342571618","properties":{"highway":"street_lamp","lamp_mount":"straight_mast","light:count":"1","support":"pole","id":"node/13342571618"},"geometry":{"type":"Point","coordinates":[5.9006486,51.9692976]}},{"type":"Feature","id":"node/13342571619","properties":{"highway":"street_lamp","lamp_mount":"straight_mast","light:count":"1","support":"pole","id":"node/13342571619"},"geometry":{"type":"Point","coordinates":[5.8997507,51.969789]}},{"type":"Feature","id":"node/13342571620","properties":{"highway":"street_lamp","lamp_mount":"straight_mast","light:count":"1","support":"pole","id":"node/13342571620"},"geometry":{"type":"Point","coordinates":[5.9001645,51.9695616]}},{"type":"Feature","id":"node/13342571621","properties":{"highway":"street_lamp","lamp_mount":"straight_mast","light:count":"1","support":"pole","id":"node/13342571621"},"geometry":{"type":"Point","coordinates":[5.9004132,51.9694278]}},{"type":"Feature","id":"node/13342571622","properties":{"highway":"street_lamp","lamp_mount":"straight_mast","light:count":"1","support":"pole","id":"node/13342571622"},"geometry":{"type":"Point","coordinates":[5.8994785,51.9699363]}},{"type":"Feature","id":"node/13342571623","properties":{"highway":"street_lamp","lamp_mount":"straight_mast","light:count":"1","support":"pole","id":"node/13342571623"},"geometry":{"type":"Point","coordinates":[5.8989454,51.9702213]}},{"type":"Feature","id":"node/13342571625","properties":{"highway":"street_lamp","lamp_mount":"straight_mast","light:count":"1","support":"pole","id":"node/13342571625"},"geometry":{"type":"Point","coordinates":[5.8992042,51.970098]}},{"type":"Feature","id":"node/13342571626","properties":{"highway":"street_lamp","lamp_mount":"straight_mast","light:count":"1","support":"pole","id":"node/13342571626"},"geometry":{"type":"Point","coordinates":[5.8990607,51.969921]}},{"type":"Feature","id":"node/13342571627","properties":{"highway":"street_lamp","lamp_mount":"straight_mast","light:count":"1","support":"pole","id":"node/13342571627"},"geometry":{"type":"Point","coordinates":[5.8996481,51.9695628]}},{"type":"Feature","id":"node/13342571628","properties":{"highway":"street_lamp","lamp_mount":"bent_mast","light:count":"1","support":"pole","id":"node/13342571628"},"geometry":{"type":"Point","coordinates":[5.9010154,51.9690915]}},{"type":"Feature","id":"node/13342571629","properties":{"highway":"street_lamp","lamp_mount":"bent_mast","light:count":"1","support":"pole","id":"node/13342571629"},"geometry":{"type":"Point","coordinates":[5.90077,51.9690605]}},{"type":"Feature","id":"node/13342571630","properties":{"highway":"street_lamp","lamp_mount":"bent_mast","light:count":"1","support":"pole","id":"node/13342571630"},"geometry":{"type":"Point","coordinates":[5.9004897,51.9688597]}},{"type":"Feature","id":"node/13342571631","properties":{"highway":"street_lamp","lamp_mount":"bent_mast","light:count":"1","support":"pole","id":"node/13342571631"},"geometry":{"type":"Point","coordinates":[5.89974,51.9682933]}},{"type":"Feature","id":"node/13342571632","properties":{"highway":"street_lamp","lamp_mount":"bent_mast","light:count":"1","support":"pole","id":"node/13342571632"},"geometry":{"type":"Point","coordinates":[5.8994369,51.9684342]}},{"type":"Feature","id":"node/13342571633","properties":{"highway":"street_lamp","lamp_mount":"bent_mast","light:count":"1","support":"pole","id":"node/13342571633"},"geometry":{"type":"Point","coordinates":[5.8991244,51.9685726]}},{"type":"Feature","id":"node/13342571634","properties":{"highway":"street_lamp","lamp_mount":"bent_mast","light:count":"1","support":"pole","id":"node/13342571634"},"geometry":{"type":"Point","coordinates":[5.8985055,51.9688523]}},{"type":"Feature","id":"node/13342571635","properties":{"highway":"street_lamp","lamp_mount":"bent_mast","light:count":"1","support":"pole","id":"node/13342571635"},"geometry":{"type":"Point","coordinates":[5.898816,51.9687126]}},{"type":"Feature","id":"node/13342571636","properties":{"highway":"street_lamp","lamp_mount":"bent_mast","light:count":"1","support":"pole","id":"node/13342571636"},"geometry":{"type":"Point","coordinates":[5.8979221,51.9683615]}},{"type":"Feature","id":"node/13342571637","properties":{"highway":"street_lamp","lamp_mount":"bent_mast","light:count":"1","support":"pole","id":"node/13342571637"},"geometry":{"type":"Point","coordinates":[5.8982132,51.968226]}},{"type":"Feature","id":"node/13342571638","properties":{"highway":"street_lamp","lamp_mount":"bent_mast","light:count":"1","support":"pole","id":"node/13342571638"},"geometry":{"type":"Point","coordinates":[5.8985196,51.9680839]}},{"type":"Feature","id":"node/13342571639","properties":{"highway":"street_lamp","lamp_mount":"bent_mast","light:count":"1","support":"pole","id":"node/13342571639"},"geometry":{"type":"Point","coordinates":[5.8988388,51.9679368]}},{"type":"Feature","id":"node/13342571640","properties":{"highway":"street_lamp","lamp_mount":"bent_mast","light:count":"1","support":"pole","id":"node/13342571640"},"geometry":{"type":"Point","coordinates":[5.8991265,51.9677996]}},{"type":"Feature","id":"node/13342571641","properties":{"highway":"street_lamp","lamp_mount":"straight_mast","light:count":"1","support":"pole","id":"node/13342571641"},"geometry":{"type":"Point","coordinates":[5.9009732,51.9697395]}},{"type":"Feature","id":"node/13342571642","properties":{"highway":"street_lamp","lamp_mount":"straight_mast","light:count":"1","support":"pole","id":"node/13342571642"},"geometry":{"type":"Point","coordinates":[5.900892,51.9695595]}},{"type":"Feature","id":"node/13342571643","properties":{"highway":"street_lamp","lamp_mount":"straight_mast","light:count":"1","support":"pole","id":"node/13342571643"},"geometry":{"type":"Point","coordinates":[5.9011757,51.9694278]}},{"type":"Feature","id":"node/13342571644","properties":{"highway":"street_lamp","lamp_mount":"straight_mast","light:count":"1","support":"pole","id":"node/13342571644"},"geometry":{"type":"Point","coordinates":[5.9014446,51.9693075]}},{"type":"Feature","id":"node/13342571645","properties":{"highway":"street_lamp","lamp_mount":"straight_mast","light:count":"1","support":"pole","id":"node/13342571645"},"geometry":{"type":"Point","coordinates":[5.9018321,51.9695864]}},{"type":"Feature","id":"node/13342571646","properties":{"highway":"street_lamp","lamp_mount":"straight_mast","light:count":"1","support":"pole","id":"node/13342571646"},"geometry":{"type":"Point","coordinates":[5.9016068,51.9694075]}},{"type":"Feature","id":"node/13342571647","properties":{"highway":"street_lamp","lamp_mount":"bent_mast","light:count":"1","support":"pole","id":"node/13342571647"},"geometry":{"type":"Point","coordinates":[5.9018321,51.9693798]}},{"type":"Feature","id":"node/13342571648","properties":{"highway":"street_lamp","lamp_mount":"bent_mast","light:count":"1","support":"pole","id":"node/13342571648"},"geometry":{"type":"Point","coordinates":[5.9014955,51.9691406]}},{"type":"Feature","id":"node/13342571649","properties":{"highway":"street_lamp","lamp_mount":"bent_mast","light:count":"1","support":"pole","id":"node/13342571649"},"geometry":{"type":"Point","coordinates":[5.9012407,51.9689601]}},{"type":"Feature","id":"node/13342571650","properties":{"highway":"street_lamp","lamp_mount":"bent_mast","light:count":"1","support":"pole","id":"node/13342571650"},"geometry":{"type":"Point","coordinates":[5.9009906,51.9687742]}},{"type":"Feature","id":"node/13342571651","properties":{"highway":"street_lamp","lamp_mount":"bent_mast","light:count":"1","support":"pole","id":"node/13342571651"},"geometry":{"type":"Point","coordinates":[5.9000773,51.9681025]}},{"type":"Feature","id":"node/13342571652","properties":{"highway":"street_lamp","lamp_mount":"bent_mast","light:count":"1","support":"pole","id":"node/13342571652"},"geometry":{"type":"Point","coordinates":[5.8996173,51.9677922]}},{"type":"Feature","id":"node/13342571653","properties":{"highway":"street_lamp","lamp_mount":"bent_mast","light:count":"1","support":"pole","id":"node/13342571653"},"geometry":{"type":"Point","coordinates":[5.8998574,51.9679542]}},{"type":"Feature","id":"node/13342571654","properties":{"highway":"street_lamp","lamp_mount":"bent_mast","light:count":"1","support":"pole","id":"node/13342571654"},"geometry":{"type":"Point","coordinates":[5.9002171,51.9683305]}},{"type":"Feature","id":"node/13342571655","properties":{"highway":"street_lamp","lamp_mount":"bent_mast","light:count":"1","support":"pole","id":"node/13342571655"},"geometry":{"type":"Point","coordinates":[5.9005282,51.9684373]}},{"type":"Feature","id":"node/13342571656","properties":{"highway":"street_lamp","lamp_mount":"straight_mast","light:count":"1","support":"pole","id":"node/13342571656"},"geometry":{"type":"Point","coordinates":[5.9010141,51.9686656]}},{"type":"Feature","id":"node/13342571657","properties":{"highway":"street_lamp","lamp_mount":"bent_mast","light:count":"1","support":"pole","id":"node/13342571657"},"geometry":{"type":"Point","coordinates":[5.8989333,51.9672655]}},{"type":"Feature","id":"node/13342571658","properties":{"highway":"street_lamp","lamp_mount":"straight_mast","light:count":"1","support":"pole","id":"node/13342571658"},"geometry":{"type":"Point","coordinates":[5.8990819,51.9672733]}},{"type":"Feature","id":"node/13342571659","properties":{"highway":"street_lamp","lamp_mount":"straight_mast","light:count":"1","support":"pole","id":"node/13342571659"},"geometry":{"type":"Point","coordinates":[5.8993011,51.9674324]}},{"type":"Feature","id":"node/13342571660","properties":{"highway":"street_lamp","lamp_mount":"straight_mast","light:count":"1","support":"pole","id":"node/13342571660"},"geometry":{"type":"Point","coordinates":[5.8995328,51.967596]}},{"type":"Feature","id":"node/13342571661","properties":{"highway":"street_lamp","lamp_mount":"straight_mast","light:count":"1","support":"pole","id":"node/13342571661"},"geometry":{"type":"Point","coordinates":[5.8998064,51.9677963]}},{"type":"Feature","id":"node/13342571662","properties":{"highway":"street_lamp","lamp_mount":"straight_mast","light:count":"1","support":"pole","id":"node/13342571662"},"geometry":{"type":"Point","coordinates":[5.9000317,51.9679599]}},{"type":"Feature","id":"node/13342571663","properties":{"highway":"street_lamp","lamp_mount":"straight_mast","light:count":"1","support":"pole","id":"node/13342571663"},"geometry":{"type":"Point","coordinates":[5.9002597,51.9681248]}},{"type":"Feature","id":"node/13342571664","properties":{"highway":"street_lamp","lamp_mount":"straight_mast","light:count":"1","support":"pole","id":"node/13342571664"},"geometry":{"type":"Point","coordinates":[5.9005514,51.9683214]}},{"type":"Feature","id":"node/13342571665","properties":{"highway":"street_lamp","lamp_mount":"straight_mast","light:count":"1","support":"pole","id":"node/13342571665"},"geometry":{"type":"Point","coordinates":[5.9007814,51.968491]}},{"type":"Feature","id":"node/13342571666","properties":{"highway":"street_lamp","lamp_mount":"straight_mast","light:count":"1","support":"pole","id":"node/13342571666"},"geometry":{"type":"Point","coordinates":[5.8998218,51.9690917]}},{"type":"Feature","id":"node/13342571667","properties":{"highway":"street_lamp","lamp_mount":"straight_mast","light:count":"1","support":"pole","id":"node/13342571667"},"geometry":{"type":"Point","coordinates":[5.8996049,51.9691943]}},{"type":"Feature","id":"node/13342571668","properties":{"highway":"street_lamp","lamp_mount":"straight_mast","light:count":"1","support":"pole","id":"node/13342571668"},"geometry":{"type":"Point","coordinates":[5.8991459,51.9693922]}},{"type":"Feature","id":"node/13342571669","properties":{"highway":"street_lamp","lamp_mount":"bent_mast","light:count":"1","support":"pole","id":"node/13342571669"},"geometry":{"type":"Point","coordinates":[5.9007582,51.9686052]}},{"type":"Feature","id":"node/13342571670","properties":{"highway":"street_lamp","lamp_mount":"bent_mast","light:count":"1","support":"pole","id":"node/13342571670"},"geometry":{"type":"Point","coordinates":[5.9004122,51.968685]}},{"type":"Feature","id":"node/13342571671","properties":{"highway":"street_lamp","lamp_mount":"bent_mast","light:count":"1","support":"pole","id":"node/13342571671"},"geometry":{"type":"Point","coordinates":[5.9001454,51.9688289]}},{"type":"Feature","id":"node/13342571672","properties":{"highway":"street_lamp","lamp_mount":"bent_mast","light:count":"1","support":"pole","id":"node/13342571672"},"geometry":{"type":"Point","coordinates":[5.8998574,51.9689779]}},{"type":"Feature","id":"node/13342571673","properties":{"highway":"street_lamp","lamp_mount":"bent_mast","light:count":"1","support":"pole","id":"node/13342571673"},"geometry":{"type":"Point","coordinates":[5.8995935,51.9691064]}},{"type":"Feature","id":"node/13342571674","properties":{"highway":"street_lamp","lamp_mount":"bent_mast","light:count":"1","support":"pole","id":"node/13342571674"},"geometry":{"type":"Point","coordinates":[5.8993082,51.9692365]}},{"type":"Feature","id":"node/13342571675","properties":{"highway":"street_lamp","lamp_mount":"bent_mast","light:count":"1","support":"pole","id":"node/13342571675"},"geometry":{"type":"Point","coordinates":[5.8989887,51.9693776]}},{"type":"Feature","id":"node/13342571676","properties":{"highway":"street_lamp","lamp_mount":"bent_mast","light:count":"1","support":"pole","id":"node/13342571676"},"geometry":{"type":"Point","coordinates":[5.8987359,51.9693881]}},{"type":"Feature","id":"node/13342571677","properties":{"highway":"street_lamp","lamp_mount":"bent_mast","light:count":"1","support":"pole","id":"node/13342571677"},"geometry":{"type":"Point","coordinates":[5.8985015,51.9691687]}},{"type":"Feature","id":"node/13342571678","properties":{"highway":"street_lamp","lamp_mount":"bent_mast","light:count":"1","support":"pole","id":"node/13342571678"},"geometry":{"type":"Point","coordinates":[5.8983178,51.9689967]}},{"type":"Feature","id":"node/13342571679","properties":{"highway":"street_lamp","lamp_mount":"bent_mast","light:count":"1","support":"pole","id":"node/13342571679"},"geometry":{"type":"Point","coordinates":[5.8980908,51.9687856]}},{"type":"Feature","id":"node/13342571680","properties":{"highway":"street_lamp","lamp_mount":"bent_mast","light:count":"1","support":"pole","id":"node/13342571680"},"geometry":{"type":"Point","coordinates":[5.8978698,51.9685825]}},{"type":"Feature","id":"node/13343377672","properties":{"highway":"street_lamp","lamp_mount":"straight_mast","light:count":"2","support":"pole","id":"node/13343377672"},"geometry":{"type":"Point","coordinates":[5.8947464,51.964351]}},{"type":"Feature","id":"node/13343377673","properties":{"highway":"street_lamp","lamp_mount":"bent_mast","light:count":"2","support":"pole","id":"node/13343377673"},"geometry":{"type":"Point","coordinates":[5.8932521,51.9646119]}},{"type":"Feature","id":"node/13343377674","properties":{"highway":"street_lamp","lamp_mount":"straight_mast","light:count":"1","support":"pole","id":"node/13343377674"},"geometry":{"type":"Point","coordinates":[5.8917845,51.9651852]}},{"type":"Feature","id":"node/13343377675","properties":{"highway":"street_lamp","lamp_mount":"straight_mast","light:count":"1","support":"pole","id":"node/13343377675"},"geometry":{"type":"Point","coordinates":[5.8916283,51.9655096]}},{"type":"Feature","id":"node/13343377676","properties":{"highway":"street_lamp","lamp_mount":"straight_mast","light:count":"1","support":"pole","id":"node/13343377676"},"geometry":{"type":"Point","coordinates":[5.8920819,51.9654026]}},{"type":"Feature","id":"node/13343377677","properties":{"highway":"street_lamp","lamp_mount":"straight_mast","light:count":"1","support":"pole","id":"node/13343377677"},"geometry":{"type":"Point","coordinates":[5.8925426,51.9652777]}},{"type":"Feature","id":"node/13343377678","properties":{"highway":"street_lamp","lamp_mount":"straight_mast","light:count":"1","support":"pole","id":"node/13343377678"},"geometry":{"type":"Point","coordinates":[5.8926076,51.9649681]}},{"type":"Feature","id":"node/13343377679","properties":{"highway":"street_lamp","lamp_mount":"straight_mast","light:count":"1","support":"pole","id":"node/13343377679"},"geometry":{"type":"Point","coordinates":[5.8922026,51.9650874]}},{"type":"Feature","id":"node/13343377680","properties":{"highway":"street_lamp","lamp_mount":"straight_mast","light:count":"1","support":"pole","id":"node/13343377680"},"geometry":{"type":"Point","coordinates":[5.8913595,51.9652831]}},{"type":"Feature","id":"node/13343377681","properties":{"highway":"street_lamp","lamp_mount":"straight_mast","light:count":"1","support":"pole","id":"node/13343377681"},"geometry":{"type":"Point","coordinates":[5.8908821,51.9653978]}},{"type":"Feature","id":"node/13343377682","properties":{"highway":"street_lamp","lamp_mount":"straight_mast","light:count":"1","support":"pole","id":"node/13343377682"},"geometry":{"type":"Point","coordinates":[5.8900287,51.9655849]}},{"type":"Feature","id":"node/13343377683","properties":{"highway":"street_lamp","lamp_mount":"straight_mast","light:count":"2","support":"pole","id":"node/13343377683"},"geometry":{"type":"Point","coordinates":[5.8948875,51.9645039]}},{"type":"Feature","id":"node/13343377684","properties":{"highway":"street_lamp","lamp_mount":"straight_mast","light:count":"2","support":"pole","id":"node/13343377684"},"geometry":{"type":"Point","coordinates":[5.8953521,51.9642615]}},{"type":"Feature","id":"node/13343377685","properties":{"highway":"street_lamp","lamp_mount":"straight_mast","light:count":"2","support":"pole","id":"node/13343377685"},"geometry":{"type":"Point","coordinates":[5.8957649,51.9640441]}},{"type":"Feature","id":"node/13343377686","properties":{"highway":"street_lamp","lamp_mount":"straight_mast","light:count":"2","support":"pole","id":"node/13343377686"},"geometry":{"type":"Point","coordinates":[5.8961732,51.9638023]}},{"type":"Feature","id":"node/13343377687","properties":{"highway":"street_lamp","lamp_mount":"straight_mast","light:count":"2","support":"pole","id":"node/13343377687"},"geometry":{"type":"Point","coordinates":[5.8965998,51.9635457]}},{"type":"Feature","id":"node/13343377688","properties":{"highway":"street_lamp","lamp_mount":"straight_mast","light:count":"2","support":"pole","id":"node/13343377688"},"geometry":{"type":"Point","coordinates":[5.8970234,51.9633087]}},{"type":"Feature","id":"node/13343377689","properties":{"highway":"street_lamp","lamp_mount":"straight_mast","light:count":"1","support":"pole","id":"node/13343377689"},"geometry":{"type":"Point","coordinates":[5.8968165,51.9632159]}},{"type":"Feature","id":"node/13343377690","properties":{"highway":"street_lamp","lamp_mount":"straight_mast","light:count":"1","support":"pole","id":"node/13343377690"},"geometry":{"type":"Point","coordinates":[5.8964525,51.9634546]}},{"type":"Feature","id":"node/13343377691","properties":{"highway":"street_lamp","lamp_mount":"straight_mast","light:count":"1","support":"pole","id":"node/13343377691"},"geometry":{"type":"Point","coordinates":[5.8960677,51.9637136]}},{"type":"Feature","id":"node/13343377692","properties":{"highway":"street_lamp","lamp_mount":"straight_mast","light:count":"2","support":"pole","id":"node/13343377692"},"geometry":{"type":"Point","coordinates":[5.8951904,51.9641341]}},{"type":"Feature","id":"node/13343377693","properties":{"highway":"street_lamp","lamp_mount":"straight_mast","light:count":"2","support":"pole","id":"node/13343377693"},"geometry":{"type":"Point","coordinates":[5.8956419,51.9639478]}},{"type":"Feature","id":"node/13343377694","properties":{"highway":"street_lamp","lamp_mount":"straight_mast","light:count":"1","support":"pole","id":"node/13343377694"},"geometry":{"type":"Point","coordinates":[5.8962204,51.9631958]}},{"type":"Feature","id":"node/13343377695","properties":{"highway":"street_lamp","lamp_mount":"straight_mast","light:count":"1","support":"pole","id":"node/13343377695"},"geometry":{"type":"Point","coordinates":[5.8962166,51.9633041]}},{"type":"Feature","id":"node/13343377696","properties":{"highway":"street_lamp","lamp_mount":"straight_mast","light:count":"1","support":"pole","id":"node/13343377696"},"geometry":{"type":"Point","coordinates":[5.8965522,51.9630541]}},{"type":"Feature","id":"node/13343377697","properties":{"highway":"street_lamp","lamp_mount":"straight_mast","light:count":"1","support":"pole","id":"node/13343377697"},"geometry":{"type":"Point","coordinates":[5.8964213,51.9629896]}},{"type":"Feature","id":"node/13343377698","properties":{"highway":"street_lamp","lamp_mount":"straight_mast","light:count":"1","support":"pole","id":"node/13343377698"},"geometry":{"type":"Point","coordinates":[5.8961167,51.9630967]}},{"type":"Feature","id":"node/13343377699","properties":{"highway":"street_lamp","lamp_mount":"straight_mast","light:count":"1","support":"pole","id":"node/13343377699"},"geometry":{"type":"Point","coordinates":[5.8959543,51.9633109]}},{"type":"Feature","id":"node/13343377700","properties":{"highway":"street_lamp","lamp_mount":"straight_mast","light:count":"1","support":"pole","id":"node/13343377700"},"geometry":{"type":"Point","coordinates":[5.8958418,51.9635515]}},{"type":"Feature","id":"node/13343381401","properties":{"highway":"street_lamp","lamp_mount":"straight_mast","light:count":"1","support":"pole","id":"node/13343381401"},"geometry":{"type":"Point","coordinates":[5.8954477,51.9637855]}},{"type":"Feature","id":"node/13343381402","properties":{"highway":"street_lamp","lamp_mount":"straight_mast","light:count":"1","support":"pole","id":"node/13343381402"},"geometry":{"type":"Point","coordinates":[5.8950809,51.9640046]}},{"type":"Feature","id":"node/13343434874","properties":{"highway":"street_lamp","lamp_mount":"straight_mast","light:count":"1","support":"pole","id":"node/13343434874"},"geometry":{"type":"Point","coordinates":[5.8960699,51.9633503]}},{"type":"Feature","id":"node/13343434886","properties":{"highway":"street_lamp","lamp_mount":"straight_mast","light:count":"1","support":"pole","id":"node/13343434886"},"geometry":{"type":"Point","coordinates":[5.8925359,51.965435]}},{"type":"Feature","id":"node/13348499058","properties":{"highway":"street_lamp","lamp_mount":"bent_mast","light:count":"1","support":"pole","id":"node/13348499058"},"geometry":{"type":"Point","coordinates":[5.8359065,51.9685408]}},{"type":"Feature","id":"node/13348499059","properties":{"highway":"street_lamp","lamp_mount":"bent_mast","light:count":"1","support":"pole","id":"node/13348499059"},"geometry":{"type":"Point","coordinates":[5.835534,51.9686398]}},{"type":"Feature","id":"node/13348499060","properties":{"highway":"street_lamp","lamp_mount":"bent_mast","light:count":"1","support":"pole","id":"node/13348499060"},"geometry":{"type":"Point","coordinates":[5.8353304,51.9688391]}},{"type":"Feature","id":"node/13348499061","properties":{"highway":"street_lamp","lamp_mount":"bent_mast","light:count":"1","support":"pole","id":"node/13348499061"},"geometry":{"type":"Point","coordinates":[5.8353623,51.9690847]}},{"type":"Feature","id":"node/13348499062","properties":{"highway":"street_lamp","lamp_mount":"bent_mast","light:count":"1","support":"pole","id":"node/13348499062"},"geometry":{"type":"Point","coordinates":[5.8354002,51.9693743]}},{"type":"Feature","id":"node/13348499063","properties":{"highway":"street_lamp","lamp_mount":"bent_mast","light:count":"1","support":"pole","id":"node/13348499063"},"geometry":{"type":"Point","coordinates":[5.8354357,51.9696649]}},{"type":"Feature","id":"node/13348499064","properties":{"highway":"street_lamp","lamp_mount":"bent_mast","light:count":"1","support":"pole","id":"node/13348499064"},"geometry":{"type":"Point","coordinates":[5.8354703,51.9699541]}},{"type":"Feature","id":"node/13348499065","properties":{"highway":"street_lamp","lamp_mount":"bent_mast","light:count":"1","support":"pole","id":"node/13348499065"},"geometry":{"type":"Point","coordinates":[5.8355081,51.970249]}},{"type":"Feature","id":"node/13348499066","properties":{"highway":"street_lamp","lamp_mount":"bent_mast","light:count":"1","support":"pole","id":"node/13348499066"},"geometry":{"type":"Point","coordinates":[5.835547,51.9705432]}},{"type":"Feature","id":"node/13436161106","properties":{"highway":"street_lamp","lamp_type":"electric","support":"pole","id":"node/13436161106"},"geometry":{"type":"Point","coordinates":[5.9237307,51.963556]}},{"type":"Feature","id":"node/13436161122","properties":{"highway":"street_lamp","lamp_type":"electric","support":"pole","id":"node/13436161122"},"geometry":{"type":"Point","coordinates":[5.9238087,51.9636598]}},{"type":"Feature","id":"node/13436161123","properties":{"highway":"street_lamp","lamp_type":"electric","support":"pole","id":"node/13436161123"},"geometry":{"type":"Point","coordinates":[5.9235761,51.9633576]}},{"type":"Feature","id":"node/13436161124","properties":{"highway":"street_lamp","lamp_type":"electric","support":"pole","id":"node/13436161124"},"geometry":{"type":"Point","coordinates":[5.9234196,51.963159]}},{"type":"Feature","id":"node/13436161424","properties":{"highway":"street_lamp","lamp_type":"electric","support":"pole","id":"node/13436161424"},"geometry":{"type":"Point","coordinates":[5.9021461,51.9649643]}},{"type":"Feature","id":"node/13436161480","properties":{"highway":"street_lamp","lamp_type":"electric","support":"pole","id":"node/13436161480"},"geometry":{"type":"Point","coordinates":[5.9064529,51.9635701]}},{"type":"Feature","id":"node/13443729925","properties":{"highway":"street_lamp","lamp_mount":"straight_mast","light:count":"2","support":"pole","id":"node/13443729925"},"geometry":{"type":"Point","coordinates":[5.9496413,51.9828562]}},{"type":"Feature","id":"node/13443729926","properties":{"highway":"street_lamp","lamp_mount":"straight_mast","light:count":"2","support":"pole","id":"node/13443729926"},"geometry":{"type":"Point","coordinates":[5.9494961,51.983111]}},{"type":"Feature","id":"node/13443729927","properties":{"highway":"street_lamp","lamp_mount":"straight_mast","light:count":"2","support":"pole","id":"node/13443729927"},"geometry":{"type":"Point","coordinates":[5.9499128,51.9832271]}},{"type":"Feature","id":"node/13443729928","properties":{"highway":"street_lamp","lamp_mount":"straight_mast","light:count":"2","support":"pole","id":"node/13443729928"},"geometry":{"type":"Point","coordinates":[5.9497968,51.9830266]}},{"type":"Feature","id":"node/13443729929","properties":{"highway":"street_lamp","lamp_mount":"straight_mast","light:count":"2","support":"pole","id":"node/13443729929"},"geometry":{"type":"Point","coordinates":[5.9498509,51.9822027]}},{"type":"Feature","id":"node/13454367891","properties":{"highway":"street_lamp","lamp_mount":"straight_mast","light:count":"1","support":"pole","id":"node/13454367891"},"geometry":{"type":"Point","coordinates":[5.8565857,51.9641614]}},{"type":"Feature","id":"node/13568371718","properties":{"highway":"street_lamp","id":"node/13568371718"},"geometry":{"type":"Point","coordinates":[5.9187639,51.9748743]}},{"type":"Feature","id":"node/13568371719","properties":{"highway":"street_lamp","id":"node/13568371719"},"geometry":{"type":"Point","coordinates":[5.9189007,51.9746937]}},{"type":"Feature","id":"node/13568371720","properties":{"highway":"street_lamp","id":"node/13568371720"},"geometry":{"type":"Point","coordinates":[5.9190677,51.9747811]}},{"type":"Feature","id":"node/13568371721","properties":{"highway":"street_lamp","id":"node/13568371721"},"geometry":{"type":"Point","coordinates":[5.9185754,51.9750628]}},{"type":"Feature","id":"node/13568371722","properties":{"highway":"street_lamp","id":"node/13568371722"},"geometry":{"type":"Point","coordinates":[5.9188651,51.9751592]}},{"type":"Feature","id":"node/13568371723","properties":{"highway":"street_lamp","id":"node/13568371723"},"geometry":{"type":"Point","coordinates":[5.9193821,51.9750574]}},{"type":"Feature","id":"node/13568371724","properties":{"highway":"street_lamp","id":"node/13568371724"},"geometry":{"type":"Point","coordinates":[5.919613,51.9749335]}},{"type":"Feature","id":"node/13648498710","properties":{"highway":"street_lamp","lamp_mount":"wall","light:count":"1","light:lit":"20/7","support":"wall_mounted","id":"node/13648498710"},"geometry":{"type":"Point","coordinates":[5.8903897,51.9686777]}},{"type":"Feature","id":"node/13649376275","properties":{"highway":"street_lamp","id":"node/13649376275"},"geometry":{"type":"Point","coordinates":[5.9070057,51.9829394]}},{"type":"Feature","id":"node/13665167267","properties":{"highway":"street_lamp","lamp_mount":"pole","lamp_type":"electric","support":"pole","id":"node/13665167267"},"geometry":{"type":"Point","coordinates":[5.9198233,51.9848842]}},{"type":"Feature","id":"node/13665167268","properties":{"highway":"street_lamp","lamp_mount":"pole","lamp_type":"electric","support":"pole","id":"node/13665167268"},"geometry":{"type":"Point","coordinates":[5.9200907,51.9848317]}},{"type":"Feature","id":"node/13665167269","properties":{"highway":"street_lamp","lamp_mount":"pole","lamp_type":"electric","support":"pole","id":"node/13665167269"},"geometry":{"type":"Point","coordinates":[5.9203318,51.9848317]}},{"type":"Feature","id":"node/13724328280","properties":{"highway":"street_lamp","id":"node/13724328280"},"geometry":{"type":"Point","coordinates":[5.9494988,51.9805571]}},{"type":"Feature","id":"node/13724339028","properties":{"highway":"street_lamp","id":"node/13724339028"},"geometry":{"type":"Point","coordinates":[5.9502917,51.9812975]}},{"type":"Feature","id":"node/13724368670","properties":{"highway":"street_lamp","id":"node/13724368670"},"geometry":{"type":"Point","coordinates":[5.9484463,51.9804674]}},{"type":"Feature","id":"node/13724368671","properties":{"highway":"street_lamp","id":"node/13724368671"},"geometry":{"type":"Point","coordinates":[5.949091,51.9796853]}},{"type":"Feature","id":"node/13724368672","properties":{"highway":"street_lamp","id":"node/13724368672"},"geometry":{"type":"Point","coordinates":[5.9511813,51.9809274]}},{"type":"Feature","id":"node/13724383356","properties":{"highway":"street_lamp","id":"node/13724383356"},"geometry":{"type":"Point","coordinates":[5.9484638,51.9815527]}},{"type":"Feature","id":"node/13724383357","properties":{"highway":"street_lamp","id":"node/13724383357"},"geometry":{"type":"Point","coordinates":[5.9490854,51.9822419]}},{"type":"Feature","id":"node/13724383358","properties":{"highway":"street_lamp","id":"node/13724383358"},"geometry":{"type":"Point","coordinates":[5.9487048,51.982758]}},{"type":"Feature","id":"node/13724383359","properties":{"highway":"street_lamp","id":"node/13724383359"},"geometry":{"type":"Point","coordinates":[5.9486743,51.9829093]}},{"type":"Feature","id":"node/13724390789","properties":{"highway":"street_lamp","id":"node/13724390789"},"geometry":{"type":"Point","coordinates":[5.9495855,51.9798077]}},{"type":"Feature","id":"node/13724390824","properties":{"highway":"street_lamp","id":"node/13724390824"},"geometry":{"type":"Point","coordinates":[5.9496684,51.9803321]}},{"type":"Feature","id":"node/13724390825","properties":{"highway":"street_lamp","id":"node/13724390825"},"geometry":{"type":"Point","coordinates":[5.9488636,51.9799597]}},{"type":"Feature","id":"node/13724390826","properties":{"highway":"street_lamp","id":"node/13724390826"},"geometry":{"type":"Point","coordinates":[5.9490274,51.9800489]}},{"type":"Feature","id":"node/13724390827","properties":{"highway":"street_lamp","id":"node/13724390827"},"geometry":{"type":"Point","coordinates":[5.9500472,51.9812373]}},{"type":"Feature","id":"node/13724390828","properties":{"highway":"street_lamp","id":"node/13724390828"},"geometry":{"type":"Point","coordinates":[5.9488867,51.9825272]}},{"type":"Feature","id":"node/13724392018","properties":{"highway":"street_lamp","id":"node/13724392018"},"geometry":{"type":"Point","coordinates":[5.949109,51.9818269]}},{"type":"Feature","id":"node/13724394360","properties":{"highway":"street_lamp","id":"node/13724394360"},"geometry":{"type":"Point","coordinates":[5.9500392,51.9808045]}},{"type":"Feature","id":"node/13724394361","properties":{"highway":"street_lamp","id":"node/13724394361"},"geometry":{"type":"Point","coordinates":[5.9497743,51.981157]}},{"type":"Feature","id":"node/13724394362","properties":{"highway":"street_lamp","id":"node/13724394362"},"geometry":{"type":"Point","coordinates":[5.9481734,51.9827712]}},{"type":"Feature","id":"node/13724395216","properties":{"highway":"street_lamp","id":"node/13724395216"},"geometry":{"type":"Point","coordinates":[5.9492612,51.9801309]}},{"type":"Feature","id":"node/13724395217","properties":{"highway":"street_lamp","id":"node/13724395217"},"geometry":{"type":"Point","coordinates":[5.9486938,51.9821462]}},{"type":"Feature","id":"node/13724397822","properties":{"highway":"street_lamp","id":"node/13724397822"},"geometry":{"type":"Point","coordinates":[5.9499966,51.9798876]}},{"type":"Feature","id":"node/13724397823","properties":{"highway":"street_lamp","id":"node/13724397823"},"geometry":{"type":"Point","coordinates":[5.9493412,51.9807654]}},{"type":"Feature","id":"node/13724397824","properties":{"highway":"street_lamp","id":"node/13724397824"},"geometry":{"type":"Point","coordinates":[5.9482592,51.9806923]}},{"type":"Feature","id":"node/13724401918","properties":{"highway":"street_lamp","id":"node/13724401918"},"geometry":{"type":"Point","coordinates":[5.9496969,51.9800522]}},{"type":"Feature","id":"node/13724402969","properties":{"highway":"street_lamp","id":"node/13724402969"},"geometry":{"type":"Point","coordinates":[5.9487126,51.9816092]}},{"type":"Feature","id":"node/13724404150","properties":{"highway":"street_lamp","id":"node/13724404150"},"geometry":{"type":"Point","coordinates":[5.9505977,51.98114]}},{"type":"Feature","id":"node/13724404151","properties":{"highway":"street_lamp","id":"node/13724404151"},"geometry":{"type":"Point","coordinates":[5.9503123,51.9808861]}},{"type":"Feature","id":"node/13724404791","properties":{"highway":"street_lamp","id":"node/13724404791"},"geometry":{"type":"Point","coordinates":[5.949456,51.979918]}},{"type":"Feature","id":"node/13724404792","properties":{"highway":"street_lamp","id":"node/13724404792"},"geometry":{"type":"Point","coordinates":[5.949369,51.9800404]}},{"type":"Feature","id":"node/13724404946","properties":{"highway":"street_lamp","id":"node/13724404946"},"geometry":{"type":"Point","coordinates":[5.9488686,51.9813994]}},{"type":"Feature","id":"node/13724404947","properties":{"highway":"street_lamp","id":"node/13724404947"},"geometry":{"type":"Point","coordinates":[5.9480738,51.9814324]}},{"type":"Feature","id":"node/13724405216","properties":{"highway":"street_lamp","id":"node/13724405216"},"geometry":{"type":"Point","coordinates":[5.9491755,51.9809954]}},{"type":"Feature","id":"node/13724405217","properties":{"highway":"street_lamp","id":"node/13724405217"},"geometry":{"type":"Point","coordinates":[5.9490238,51.981198]}},{"type":"Feature","id":"node/13724408230","properties":{"highway":"street_lamp","id":"node/13724408230"},"geometry":{"type":"Point","coordinates":[5.9495215,51.9814972]}},{"type":"Feature","id":"node/13724412310","properties":{"highway":"street_lamp","id":"node/13724412310"},"geometry":{"type":"Point","coordinates":[5.9480303,51.9809772]}},{"type":"Feature","id":"node/13724415217","properties":{"highway":"street_lamp","id":"node/13724415217"},"geometry":{"type":"Point","coordinates":[5.949826,51.9801201]}},{"type":"Feature","id":"node/13724415218","properties":{"highway":"street_lamp","id":"node/13724415218"},"geometry":{"type":"Point","coordinates":[5.9494839,51.9794758]}},{"type":"Feature","id":"node/13724416203","properties":{"highway":"street_lamp","id":"node/13724416203"},"geometry":{"type":"Point","coordinates":[5.9492476,51.9795299]}},{"type":"Feature","id":"node/13724416204","properties":{"highway":"street_lamp","id":"node/13724416204"},"geometry":{"type":"Point","coordinates":[5.9502659,51.9815731]}},{"type":"Feature","id":"node/13724418046","properties":{"highway":"street_lamp","id":"node/13724418046"},"geometry":{"type":"Point","coordinates":[5.9486549,51.9802129]}},{"type":"Feature","id":"node/13724418047","properties":{"highway":"street_lamp","id":"node/13724418047"},"geometry":{"type":"Point","coordinates":[5.9505494,51.9809566]}},{"type":"Feature","id":"node/13724419048","properties":{"highway":"street_lamp","id":"node/13724419048"},"geometry":{"type":"Point","coordinates":[5.9484371,51.9831286]}},{"type":"Feature","id":"node/13724419505","properties":{"highway":"street_lamp","id":"node/13724419505"},"geometry":{"type":"Point","coordinates":[5.949426,51.9794449]}},{"type":"Feature","id":"node/13724419506","properties":{"highway":"street_lamp","id":"node/13724419506"},"geometry":{"type":"Point","coordinates":[5.9498414,51.9798662]}},{"type":"Feature","id":"node/13724420611","properties":{"highway":"street_lamp","id":"node/13724420611"},"geometry":{"type":"Point","coordinates":[5.949168,51.9798571]}},{"type":"Feature","id":"node/13724421505","properties":{"highway":"street_lamp","id":"node/13724421505"},"geometry":{"type":"Point","coordinates":[5.950037,51.9816446]}},{"type":"Feature","id":"node/13724428369","properties":{"highway":"street_lamp","id":"node/13724428369"},"geometry":{"type":"Point","coordinates":[5.9484237,51.9828404]}}]}