{"type":"FeatureCollection","features":[{"type":"Feature","geometry":{"type":"MultiPolygon","coordinates":[[[[5.486683777307094,51.45282015214179],[5.4877483747776585,51.452757099164415],[5.489460151024421,51.45264599275551],[5.490796752196603,51.4525592204729],[5.492133947850668,51.45246666161785],[5.4932699341045,51.452308691357445],[5.493905077952047,51.45216944303364],[5.4942373380039005,51.45209071114202],[5.495028173377846,51.45185031686241],[5.495969607574236,51.45146955437999],[5.496592917708262,51.451124767618985],[5.49687397908339,51.45095622647512],[5.49723256198796,51.45070049418388],[5.497594022867401,51.450396242626894],[5.498144367931097,51.4498728732105],[5.498283477301618,51.44971981822252],[5.498367190971401,51.44962771237595],[5.499331624566715,51.44849308674055],[5.499843903809975,51.447885423125555],[5.500233227385702,51.44764139816985],[5.500543484900792,51.44744418546615],[5.500695900289451,51.44732099743706],[5.500778732348316,51.44722519724768],[5.5009442620306475,51.44703375322421],[5.500966976975722,51.446682565291425],[5.50103094037488,51.44645836402069],[5.5021187436381584,51.445190853221256],[5.502387578912179,51.444872633188034],[5.502719446109647,51.44446242827511],[5.502844293214559,51.444285496310414],[5.5014052124327675,51.444200685375726],[5.500522168287987,51.4441486352658],[5.498369231417336,51.44400455448474],[5.497524480991487,51.4439301855269],[5.49524501621141,51.44364733680827],[5.492725962263769,51.44333426123371],[5.491823539868334,51.443234618120066],[5.4911308202821845,51.44309651628187],[5.4886148219020265,51.442727412728765],[5.487182178867319,51.442533022264364],[5.485523328240566,51.44226675226643],[5.4846094726851335,51.442176815721254],[5.484259248277933,51.44280479605434],[5.483914067453259,51.443285003675165],[5.483691772746143,51.44384548876145],[5.4836674569157955,51.443906795458446],[5.4834815574398466,51.444456078841455],[5.483333497252827,51.44504635405774],[5.481875405424932,51.44496344276214],[5.481243326117387,51.444906727775496],[5.480536789967472,51.444805848424416],[5.480495578303425,51.44500797280044],[5.480382239387398,51.445563853627036],[5.480363653485247,51.44597524120274],[5.480378019797542,51.44638802799977],[5.480463632288974,51.44681654453141],[5.4806088642780395,51.44726644125682],[5.480747250374667,51.44756626670215],[5.480827694436144,51.44774055432152],[5.481061545339595,51.448094133907546],[5.48150555341822,51.448650243717374],[5.481761349571949,51.448970614354174],[5.482694174676405,51.45011135692811],[5.482842299251015,51.45029653308764],[5.483292467189189,51.45085930051091],[5.483675169416998,51.45136737304293],[5.483964790471783,51.45182364721542],[5.484175861402569,51.452211920342585],[5.484421535495291,51.45288066443821],[5.486683777307094,51.45282015214179]]]]},"properties":{"buurtcode":"BU07721150","buurtnaam":"TU-terrein","gemeentenaam":"Eindhoven","aantalInwoners":790,"crime_violent":9,"crime_property":0,"crime_disorder":3,"crime_count":12}},{"type":"Feature","geometry":{"type":"MultiPolygon","coordinates":[[[[5.485781834879309,51.43764071134133],[5.486517005049878,51.437518214518285],[5.487914710251637,51.43728530834817],[5.4903395975316025,51.436881193246485],[5.491516752184559,51.436715442423214],[5.493698301937342,51.436408231042854],[5.495061764650623,51.43621620217072],[5.495766589024164,51.43611411174595],[5.504052213179976,51.43491362868059],[5.503625788925524,51.43370545135508],[5.503522288217415,51.43340576611671],[5.50323797980263,51.43258254100128],[5.502966902596344,51.4318085123397],[5.5028624994746576,51.431329964304446],[5.501867716672499,51.431448359293476],[5.498562015528555,51.431958259794975],[5.49802938,51.43197220783314],[5.497424148266811,51.43191642237813],[5.496262207405753,51.43171028512948],[5.4956559421590505,51.431666197429095],[5.4952778532377575,51.43167516822439],[5.4950664144120305,51.43168018401775],[5.49466413024222,51.43178045798144],[5.49339369548521,51.4321104987102],[5.49301699295064,51.43220495044818],[5.49271866342892,51.43227975082731],[5.49209128457079,51.43241601440077],[5.4914979151064145,51.43256075012455],[5.490618992027462,51.432805348460654],[5.489893304377435,51.433028320370084],[5.489232242917222,51.433292935016475],[5.48845702897361,51.43372548184955],[5.487806033822712,51.43405634417429],[5.4874219779045825,51.43426916776029],[5.486893867116585,51.434462979317914],[5.486409897867549,51.434544031054976],[5.486100333185598,51.43455896125858],[5.486082716552667,51.43493035243525],[5.48596293130566,51.435333758096114],[5.485472190980031,51.43587675687927],[5.48515818050723,51.43606115455387],[5.484583227763717,51.43634603862613],[5.485424433832348,51.437456267406496],[5.48558858608235,51.43767291043885],[5.485781834879309,51.43764071134133]]]]},"properties":{"buurtcode":"BU07722110","buurtnaam":"Irisbuurt","gemeentenaam":"Eindhoven","aantalInwoners":2645,"crime_violent":14,"crime_property":0,"crime_disorder":2,"crime_count":16}},{"type":"Feature","geometry":{"type":"MultiPolygon","coordinates":[[[[5.49466413024222,51.43178045798144],[5.4950664144120305,51.43168018401775],[5.4952778532377575,51.43167516822439],[5.4956559421590505,51.431666197429095],[5.496262207405753,51.43171028512948],[5.497424148266811,51.43191642237813],[5.49802938,51.43197220783314],[5.498562015528555,51.431958259794975],[5.501867716672499,51.431448359293476],[5.5028624994746576,51.431329964304446],[5.502553732511029,51.43065484307666],[5.502266777272395,51.429901203990006],[5.501987341581847,51.42948556268772],[5.501706899020498,51.429118714067656],[5.501649801408461,51.42906015051354],[5.501337769579423,51.42874010466053],[5.500878563334352,51.42838527623549],[5.500354981371901,51.4280328726096],[5.49988012574598,51.42775256175569],[5.499802730891996,51.42770687525007],[5.499403826841783,51.42751151829929],[5.498031154640889,51.42685298718711],[5.497453884923486,51.42655321163306],[5.495905369721251,51.425749035311355],[5.49574450598333,51.4256535314114],[5.495371674809582,51.425432182391695],[5.495113990851033,51.425586237670466],[5.494910055982789,51.42567972635251],[5.494629075641218,51.42582373837498],[5.494153105188558,51.42606768631096],[5.493637344124685,51.426347775322846],[5.492848377082219,51.426747252575296],[5.492684689072134,51.42685299285029],[5.492392040949133,51.42704203794325],[5.4919973963521045,51.42731232038284],[5.491734945293408,51.427492063010206],[5.491217356748736,51.42778387674572],[5.490464376892485,51.42815773914605],[5.490244758947944,51.428276500738455],[5.489315765324455,51.42877885444718],[5.489200807970885,51.42887715656521],[5.489189065680456,51.42934445423457],[5.489180195208385,51.42969751312694],[5.4891671622921825,51.430216095020874],[5.488900157099762,51.430490832080714],[5.489417515779493,51.43071632297469],[5.4895571481310155,51.430817648344664],[5.489732217408387,51.43094712185785],[5.489944099787542,51.43106745889181],[5.490171408466117,51.431174342023695],[5.490455981256543,51.4312668675583],[5.490533362698321,51.43128398436442],[5.490753671012889,51.431332717611184],[5.491388194427277,51.4314437873508],[5.491927927394119,51.43153911526668],[5.492266655222603,51.43161771363398],[5.492437885415488,51.431676024966755],[5.492679310358074,51.43175824079515],[5.49339369548521,51.4321104987102],[5.49466413024222,51.43178045798144]]]]},"properties":{"buurtcode":"BU07722140","buurtnaam":"Tuindorp","gemeentenaam":"Eindhoven","aantalInwoners":2875,"crime_violent":4,"crime_property":1,"crime_disorder":0,"crime_count":5}},{"type":"Feature","geometry":{"type":"MultiPolygon","coordinates":[[[[5.510046977339849,51.434221771785325],[5.512069826288416,51.43403324003681],[5.518752116990235,51.43341022085166],[5.532088536119609,51.43218038228143],[5.5320345424831805,51.431988527486084],[5.53189823272898,51.432000340856774],[5.531812765941438,51.43200774581986],[5.531666558218513,51.43141222899198],[5.531439518470566,51.43048744860662],[5.531599517456465,51.430472517884],[5.531236237202734,51.42895127271915],[5.531583227891995,51.42847188077752],[5.531709512504734,51.42829739751396],[5.531838411946974,51.428285642090145],[5.531777439858292,51.42802571097789],[5.531589162779338,51.428030501824345],[5.531377209729205,51.42795543920023],[5.531177810139063,51.42798505193389],[5.530962470665897,51.427424199038136],[5.530647920322917,51.42720925387363],[5.530368706418135,51.42725228475162],[5.5303483571141365,51.42720037401915],[5.529363441050783,51.427351304213815],[5.527942588512348,51.42756883050366],[5.526544920207505,51.42778318366328],[5.525201424449436,51.42798997728373],[5.525177362256198,51.42789767040123],[5.522244717813482,51.42833634498696],[5.5216543740411455,51.42843208706789],[5.5191848147184075,51.4288193548149],[5.5174416885002655,51.42908469211303],[5.5158473022649055,51.429328632114945],[5.513997834627117,51.42961890162972],[5.511557092494446,51.429981276112386],[5.510129627638981,51.43019719437074],[5.506113524231851,51.430826845126056],[5.505036069026651,51.43095843547921],[5.503981995446277,51.43111935395533],[5.503506663973924,51.431191916256495],[5.5028624994746576,51.431329964304446],[5.502966902596344,51.4318085123397],[5.50323797980263,51.43258254100128],[5.503522288217415,51.43340576611671],[5.503625788925524,51.43370545135508],[5.504052213179976,51.43491362868059],[5.510046977339849,51.434221771785325]]]]},"properties":{"buurtcode":"BU07722310","buurtnaam":"Poeijers","gemeentenaam":"Eindhoven","aantalInwoners":0,"crime_violent":2,"crime_property":0,"crime_disorder":0,"crime_count":2}},{"type":"Feature","geometry":{"type":"MultiPolygon","coordinates":[[[[5.503506663973924,51.431191916256495],[5.503981995446277,51.43111935395533],[5.505036069026651,51.43095843547921],[5.506113524231851,51.430826845126056],[5.510129627638981,51.43019719437074],[5.511557092494446,51.429981276112386],[5.513997834627117,51.42961890162972],[5.5136223620376,51.42869833551868],[5.513327778991963,51.428035161464514],[5.513264905280325,51.42789361640729],[5.5129667857021545,51.4272466931946],[5.512881811928406,51.427108490416],[5.512529746479853,51.42653586902615],[5.512207020711952,51.42601115982009],[5.511844719226462,51.425481664258335],[5.511531611647807,51.42503805587546],[5.511352517678134,51.4247882554186],[5.511214362249748,51.424595535092344],[5.510521528560792,51.424701619264226],[5.5094071258551125,51.42496031741391],[5.508577087379865,51.425238650210396],[5.507986026736171,51.42546981297433],[5.507644939092017,51.42559682588482],[5.507441773867252,51.42538359054403],[5.506815145451917,51.424686902735885],[5.506133334524686,51.42393188630551],[5.506047503966749,51.423804453173766],[5.50556406034571,51.42409631142593],[5.504907105146579,51.42444914519175],[5.503533248020386,51.42518860681163],[5.50333516293842,51.42529521981853],[5.502809407572215,51.425570500214796],[5.501906364294817,51.42607018453956],[5.499894728156196,51.427187948641496],[5.499635050043774,51.427359111443145],[5.499403826841783,51.42751151829929],[5.499802730891996,51.42770687525007],[5.49988012574598,51.42775256175569],[5.500354981371901,51.4280328726096],[5.500878563334352,51.42838527623549],[5.501337769579423,51.42874010466053],[5.501649801408461,51.42906015051354],[5.501706899020498,51.429118714067656],[5.501987341581847,51.42948556268772],[5.502266777272395,51.429901203990006],[5.502553732511029,51.43065484307666],[5.5028624994746576,51.431329964304446],[5.503506663973924,51.431191916256495]]]]},"properties":{"buurtcode":"BU07722320","buurtnaam":"Burghplan","gemeentenaam":"Eindhoven","aantalInwoners":3015,"crime_violent":17,"crime_property":1,"crime_disorder":1,"crime_count":19}},{"type":"Feature","geometry":{"type":"MultiPolygon","coordinates":[[[[5.503218461898761,51.44374395311348],[5.503493407353446,51.44326853769805],[5.5035898771257585,51.44302768783606],[5.503751845026538,51.442623306161494],[5.503808819977266,51.44245300097513],[5.504047422384374,51.44173976861715],[5.504083903588489,51.441630712888404],[5.503430436477475,51.44178003955418],[5.50281800133975,51.44189556936017],[5.501737966694092,51.442133425201334],[5.5012746548197775,51.4421784484931],[5.501158800103439,51.44218970607708],[5.500980650690386,51.44219518268828],[5.500807900358666,51.442200493762165],[5.500462497624087,51.44218341915058],[5.5000333611716545,51.44209330182983],[5.499810385250349,51.44202735204572],[5.49954273897213,51.44191618697396],[5.498815784087883,51.44152144909215],[5.497314191629765,51.44070604553592],[5.497204449790504,51.44064645098006],[5.4970792321106865,51.440578452132904],[5.496110006234861,51.44004047368716],[5.495345942859664,51.439630277559075],[5.494385319839178,51.439130362688346],[5.494192833158798,51.439030189256016],[5.493229647749332,51.43850042392058],[5.492692395096118,51.438219676955654],[5.492647348948053,51.4381961368698],[5.491724965068064,51.437714121213844],[5.490533810699626,51.4370916256882],[5.490483992133604,51.43703764705892],[5.4903395975316025,51.436881193246485],[5.487914710251637,51.43728530834817],[5.486517005049878,51.437518214518285],[5.485781834879309,51.43764071134133],[5.48558858608235,51.43767291043885],[5.485905395733277,51.438132970222384],[5.48626448131996,51.43862614339785],[5.486380595950481,51.43873623668571],[5.4867413651211585,51.43907828848163],[5.486813484562062,51.43930095172786],[5.486701779034863,51.43960972634438],[5.486492303567301,51.43987792760154],[5.4857214981201095,51.440286802024346],[5.484867606902449,51.44043556576049],[5.484690825956979,51.440602561643196],[5.484663109139566,51.44136204039383],[5.484658002928122,51.44150196052584],[5.484650987621849,51.44169419721867],[5.4846094726851335,51.442176815721254],[5.485523328240566,51.44226675226643],[5.487182178867319,51.442533022264364],[5.4886148219020265,51.442727412728765],[5.4911308202821845,51.44309651628187],[5.491823539868334,51.443234618120066],[5.492725962263769,51.44333426123371],[5.49524501621141,51.44364733680827],[5.497524480991487,51.4439301855269],[5.498369231417336,51.44400455448474],[5.500522168287987,51.4441486352658],[5.5014052124327675,51.444200685375726],[5.502844293214559,51.444285496310414],[5.503218461898761,51.44374395311348]]]]},"properties":{"buurtcode":"BU07723110","buurtnaam":"Villapark","gemeentenaam":"Eindhoven","aantalInwoners":2505,"crime_violent":8,"crime_property":1,"crime_disorder":17,"crime_count":26}},{"type":"Feature","geometry":{"type":"MultiPolygon","coordinates":[[[[5.500980650690386,51.44219518268828],[5.501158800103439,51.44218970607708],[5.5012746548197775,51.4421784484931],[5.501737966694092,51.442133425201334],[5.50281800133975,51.44189556936017],[5.503430436477475,51.44178003955418],[5.504083903588489,51.441630712888404],[5.504118821344587,51.4415290195413],[5.504156619940806,51.44141893326241],[5.504224570143687,51.44122102700108],[5.504386564106712,51.440749214030504],[5.504450476272193,51.44056017991631],[5.504473817626706,51.440491142275846],[5.504628155399448,51.44003464076991],[5.504722485303331,51.43966774748629],[5.50478028036015,51.439442951616144],[5.504913382220882,51.43889475069982],[5.504922834484514,51.43885582018354],[5.50493322130172,51.43848925332084],[5.504940099053968,51.43824646944623],[5.5049410507774965,51.43821290477117],[5.504914710335586,51.43763091467677],[5.504843821138473,51.43711232175576],[5.504798607347604,51.436970580052765],[5.504683869047219,51.43661087917089],[5.504649136814253,51.43651299154133],[5.504388646109671,51.435778833932744],[5.504052213179976,51.43491362868059],[5.495766589024164,51.43611411174595],[5.495061764650623,51.43621620217072],[5.493698301937342,51.436408231042854],[5.491516752184559,51.436715442423214],[5.4903395975316025,51.436881193246485],[5.490483992133604,51.43703764705892],[5.490533810699626,51.4370916256882],[5.491724965068064,51.437714121213844],[5.492647348948053,51.4381961368698],[5.492692395096118,51.438219676955654],[5.493229647749332,51.43850042392058],[5.494192833158798,51.439030189256016],[5.494385319839178,51.439130362688346],[5.495345942859664,51.439630277559075],[5.496110006234861,51.44004047368716],[5.4970792321106865,51.440578452132904],[5.497204449790504,51.44064645098006],[5.497314191629765,51.44070604553592],[5.498815784087883,51.44152144909215],[5.49954273897213,51.44191618697396],[5.499810385250349,51.44202735204572],[5.5000333611716545,51.44209330182983],[5.500462497624087,51.44218341915058],[5.500807900358666,51.442200493762165],[5.500980650690386,51.44219518268828]]]]},"properties":{"buurtcode":"BU07723120","buurtnaam":"Lakerlopen","gemeentenaam":"Eindhoven","aantalInwoners":3235,"crime_violent":24,"crime_property":1,"crime_disorder":15,"crime_count":40}},{"type":"Feature","geometry":{"type":"MultiPolygon","coordinates":[[[[5.503749431064088,51.44484737563743],[5.504238640031373,51.44483069645641],[5.504837002984196,51.444788727756766],[5.505944946739501,51.44472597260473],[5.506106094816292,51.444711164752356],[5.507573274061415,51.44457633408224],[5.508329471852419,51.44450711754674],[5.508447949720611,51.44449627258416],[5.510161428410235,51.44429311923126],[5.510739902744144,51.444224527577475],[5.51119445843964,51.44416287665196],[5.511884870005752,51.444054193765396],[5.512037532226366,51.44402703186827],[5.512757952820011,51.443898848469615],[5.512795901728832,51.443895087144625],[5.5129266767802125,51.44387280965454],[5.512678341034284,51.44354476345229],[5.512990437433014,51.44344936171228],[5.513269708503038,51.44334920100897],[5.5137377382981905,51.443181337878066],[5.514102921958193,51.442962551763586],[5.514410281087273,51.44264105116525],[5.514513655865143,51.442299125900384],[5.5145446776786144,51.44219651323528],[5.514533409755605,51.441984896199656],[5.514517730731015,51.44169041828805],[5.514499336293573,51.441344921819876],[5.514332671950802,51.44081644391426],[5.514003235456151,51.43985467588232],[5.513941037550745,51.43967308873514],[5.513772700967046,51.43933914742889],[5.5135575449045655,51.43891231736261],[5.513272847881133,51.43836183575402],[5.513044943831001,51.437910890218674],[5.512992049716198,51.43771863552079],[5.512925043984741,51.43747508866385],[5.512801603250837,51.43702641181819],[5.512688487799583,51.43651234453336],[5.51267814454529,51.43646533678908],[5.512494741667209,51.43572043374111],[5.512462437121673,51.435589219368524],[5.512455418346639,51.43556071302382],[5.512069826288416,51.43403324003681],[5.510046977339849,51.434221771785325],[5.504052213179976,51.43491362868059],[5.504388646109671,51.435778833932744],[5.504649136814253,51.43651299154133],[5.504683869047219,51.43661087917089],[5.504798607347604,51.436970580052765],[5.504843821138473,51.43711232175576],[5.504914710335586,51.43763091467677],[5.5049410507774965,51.43821290477117],[5.504940099053968,51.43824646944623],[5.50493322130172,51.43848925332084],[5.504922834484514,51.43885582018354],[5.504913382220882,51.43889475069982],[5.50478028036015,51.439442951616144],[5.504722485303331,51.43966774748629],[5.504628155399448,51.44003464076991],[5.504473817626706,51.440491142275846],[5.504450476272193,51.44056017991631],[5.504386564106712,51.440749214030504],[5.504224570143687,51.44122102700108],[5.504156619940806,51.44141893326241],[5.504118821344587,51.4415290195413],[5.504083903588489,51.441630712888404],[5.504047422384374,51.44173976861715],[5.503808819977266,51.44245300097513],[5.503751845026538,51.442623306161494],[5.5035898771257585,51.44302768783606],[5.503493407353446,51.44326853769805],[5.503218461898761,51.44374395311348],[5.502844293214559,51.444285496310414],[5.502719446109647,51.44446242827511],[5.502387578912179,51.444872633188034],[5.503749431064088,51.44484737563743]]]]},"properties":{"buurtcode":"BU07723210","buurtnaam":"Doornakkers-West","gemeentenaam":"Eindhoven","aantalInwoners":3555,"crime_violent":16,"crime_property":0,"crime_disorder":1,"crime_count":17}},{"type":"Feature","geometry":{"type":"MultiPolygon","coordinates":[[[[5.513190976322649,51.44381562487071],[5.514201776934373,51.44358065714229],[5.515262985885628,51.44332802451144],[5.515376432490071,51.44330101550445],[5.515642310124357,51.44323851021773],[5.516271027797375,51.44305648851838],[5.516539136081481,51.44298671676259],[5.517144216118275,51.44278965067501],[5.517705634649751,51.4426104045734],[5.518866313069338,51.442199222898125],[5.519648171704796,51.441888901352186],[5.520268052178634,51.441633509698725],[5.520625730929815,51.4414749924169],[5.521279045558162,51.44118544773934],[5.521383168500527,51.44113930042097],[5.5218956868887625,51.440880875882115],[5.523166865037699,51.44023989235491],[5.523742563649441,51.4399070189723],[5.52331519413627,51.43969538008718],[5.522762934025212,51.4395178397894],[5.522419201219079,51.439433699926795],[5.521769069113841,51.43936088323218],[5.521310796372041,51.43934004031342],[5.52054005076629,51.43933680210698],[5.520651943022337,51.43901766939414],[5.5207443062557,51.438797016439345],[5.52078901528905,51.43865078859615],[5.520827988494413,51.43841480907507],[5.520846490339657,51.43819424074674],[5.520812978708348,51.43803288118952],[5.520778511797888,51.43786691691833],[5.520679529147727,51.43763373554813],[5.5206021701904,51.437451490638054],[5.520191552657742,51.43698634039848],[5.520069230438775,51.43671709470814],[5.519997820473432,51.43655991291618],[5.519928574531803,51.43626421837894],[5.519789381372944,51.435901927203446],[5.519580662199446,51.43506078892291],[5.519170867657148,51.43509793679461],[5.518752116990235,51.43341022085166],[5.512069826288416,51.43403324003681],[5.512455418346639,51.43556071302382],[5.512462437121673,51.435589219368524],[5.512494741667209,51.43572043374111],[5.51267814454529,51.43646533678908],[5.512688487799583,51.43651234453336],[5.512801603250837,51.43702641181819],[5.512925043984741,51.43747508866385],[5.512992049716198,51.43771863552079],[5.513044943831001,51.437910890218674],[5.513272847881133,51.43836183575402],[5.5135575449045655,51.43891231736261],[5.513772700967046,51.43933914742889],[5.513941037550745,51.43967308873514],[5.514003235456151,51.43985467588232],[5.514332671950802,51.44081644391426],[5.514499336293573,51.441344921819876],[5.514517730731015,51.44169041828805],[5.514533409755605,51.441984896199656],[5.5145446776786144,51.44219651323528],[5.514513655865143,51.442299125900384],[5.514410281087273,51.44264105116525],[5.514102921958193,51.442962551763586],[5.5137377382981905,51.443181337878066],[5.513269708503038,51.44334920100897],[5.512990437433014,51.44344936171228],[5.512678341034284,51.44354476345229],[5.5129266767802125,51.44387280965454],[5.513190976322649,51.44381562487071]]]]},"properties":{"buurtcode":"BU07723220","buurtnaam":"Doornakkers-Oost","gemeentenaam":"Eindhoven","aantalInwoners":2910,"crime_violent":14,"crime_property":0,"crime_disorder":0,"crime_count":14}},{"type":"Feature","geometry":{"type":"MultiPolygon","coordinates":[[[[5.5239212556162585,51.439792379003514],[5.524625820729763,51.43927390179242],[5.526195564461723,51.438159078963544],[5.526738771661911,51.437772664126975],[5.527912395624757,51.436879708221845],[5.528833032266787,51.43617294487024],[5.53031431631389,51.43507012826269],[5.53046102936454,51.43496010797126],[5.5313764196793285,51.434273643355745],[5.533171063039718,51.43292415680628],[5.534751822389802,51.43168371083692],[5.534737001674556,51.43167598046355],[5.534649564031121,51.43163037651987],[5.534398773590206,51.43182123594327],[5.5343533568868875,51.43182438544069],[5.5342843045076275,51.43182917374558],[5.534339990077386,51.43178638916755],[5.53367007966691,51.43184530945127],[5.533601189436515,51.4318513645527],[5.533457112226131,51.43186403983903],[5.532522333466628,51.43194625192551],[5.5320345424831805,51.431988527486084],[5.532088536119609,51.43218038228143],[5.518752116990235,51.43341022085166],[5.519170867657148,51.43509793679461],[5.519580662199446,51.43506078892291],[5.519789381372944,51.435901927203446],[5.519928574531803,51.43626421837894],[5.519997820473432,51.43655991291618],[5.520069230438775,51.43671709470814],[5.520191552657742,51.43698634039848],[5.5206021701904,51.437451490638054],[5.520679529147727,51.43763373554813],[5.520778511797888,51.43786691691833],[5.520812978708348,51.43803288118952],[5.520846490339657,51.43819424074674],[5.520827988494413,51.43841480907507],[5.52078901528905,51.43865078859615],[5.5207443062557,51.438797016439345],[5.520651943022337,51.43901766939414],[5.52054005076629,51.43933680210698],[5.521310796372041,51.43934004031342],[5.521769069113841,51.43936088323218],[5.522419201219079,51.439433699926795],[5.522762934025212,51.4395178397894],[5.52331519413627,51.43969538008718],[5.523742563649441,51.4399070189723],[5.5239212556162585,51.439792379003514]]]]},"properties":{"buurtcode":"BU07723280","buurtnaam":"Tongelresche Akkers","gemeentenaam":"Eindhoven","aantalInwoners":2100,"crime_violent":3,"crime_property":0,"crime_disorder":11,"crime_count":14}},{"type":"Feature","geometry":{"type":"MultiPolygon","coordinates":[[[[5.529296081163741,51.44597919435563],[5.529762586971994,51.44523971752983],[5.530325058409859,51.44425098088],[5.530556781732898,51.443843635645095],[5.5311509608880725,51.44269838365907],[5.529638588576213,51.44221225634552],[5.52830320805869,51.441782056451984],[5.528000857796724,51.44173114188856],[5.527999827155965,51.44139706095238],[5.524241283874609,51.44048209156755],[5.52422776735292,51.44021529655516],[5.523742563649441,51.4399070189723],[5.523166865037699,51.44023989235491],[5.5218956868887625,51.440880875882115],[5.521383168500527,51.44113930042097],[5.521279045558162,51.44118544773934],[5.520625730929815,51.4414749924169],[5.520268052178634,51.441633509698725],[5.519648171704796,51.441888901352186],[5.518866313069338,51.442199222898125],[5.517705634649751,51.4426104045734],[5.517144216118275,51.44278965067501],[5.516539136081481,51.44298671676259],[5.516271027797375,51.44305648851838],[5.515642310124357,51.44323851021773],[5.515376432490071,51.44330101550445],[5.515262985885628,51.44332802451144],[5.514201776934373,51.44358065714229],[5.513190976322649,51.44381562487071],[5.5129266767802125,51.44387280965454],[5.512795901728832,51.443895087144625],[5.512757952820011,51.443898848469615],[5.512037532226366,51.44402703186827],[5.511884870005752,51.444054193765396],[5.51119445843964,51.44416287665196],[5.510739902744144,51.444224527577475],[5.510161428410235,51.44429311923126],[5.508447949720611,51.44449627258416],[5.508329471852419,51.44450711754674],[5.507573274061415,51.44457633408224],[5.506106094816292,51.444711164752356],[5.505944946739501,51.44472597260473],[5.504837002984196,51.444788727756766],[5.504238640031373,51.44483069645641],[5.503749431064088,51.44484737563743],[5.502387578912179,51.444872633188034],[5.5021187436381584,51.445190853221256],[5.5035507382753375,51.44512800286219],[5.50504296570545,51.4451372889802],[5.506423384948267,51.44527336583979],[5.508040940433625,51.445484518239375],[5.509802069991238,51.44571438418543],[5.51113997001179,51.44588694401673],[5.512153609716646,51.44600270480699],[5.512783488889893,51.44608812091964],[5.514378974644791,51.44629243631523],[5.514844901629628,51.4463520977595],[5.515004006759878,51.44637308533686],[5.515097159440835,51.44638537398197],[5.51541095399242,51.44642676613201],[5.515815211227149,51.44648008983045],[5.518296499628572,51.44681534289032],[5.520009997567499,51.4470298555225],[5.520256437093509,51.44706070477278],[5.520384335751144,51.44705645978345],[5.520527537667101,51.44707404321068],[5.5207812876935725,51.447105200285904],[5.522400259636918,51.44732846290958],[5.522784111390219,51.447377220793506],[5.524385984739301,51.44758619277763],[5.525393206448071,51.44772029088243],[5.5268329579994,51.447900194815965],[5.52766126910675,51.448003687956245],[5.527992313162031,51.448045714011684],[5.529296081163741,51.44597919435563]]]]},"properties":{"buurtcode":"BU07723330","buurtnaam":"Muschberg, Geestenberg","gemeentenaam":"Eindhoven","aantalInwoners":3970,"crime_violent":14,"crime_property":0,"crime_disorder":2,"crime_count":16}},{"type":"Feature","geometry":{"type":"MultiPolygon","coordinates":[[[[5.53885071790983,51.449317907804605],[5.538877188168597,51.44918843643649],[5.538880542861863,51.44917632432484],[5.538909058343396,51.44907357361297],[5.538917957255071,51.44903296017712],[5.5389464216329065,51.44892789043228],[5.538956436097389,51.44888101942175],[5.53896211631691,51.44885448644064],[5.538968603745579,51.44882412323185],[5.538974619586669,51.44876447553027],[5.539007022351737,51.44864989061899],[5.539022005435012,51.4485874806959],[5.539035839714914,51.44852569248628],[5.539059265649012,51.44847152316034],[5.539078067075556,51.44844553935766],[5.539101917732434,51.44841954896946],[5.539163829748302,51.44837560349929],[5.539252041379939,51.44835419424532],[5.5393354099379675,51.448321321697016],[5.539416882698946,51.44830232109333],[5.539458595815293,51.44829669361338],[5.539495780566034,51.44829627648099],[5.539758222717513,51.448299303910204],[5.539857345338542,51.44830584368311],[5.539909607514264,51.448293020267194],[5.539941376806186,51.44828206637215],[5.539972235034008,51.44826110926597],[5.539995296029628,51.4482357579252],[5.54001629659064,51.44820942052773],[5.5400387290810515,51.448176834117774],[5.540056132735802,51.44815033963491],[5.540081994813983,51.44809380288243],[5.540150241559025,51.447974694246966],[5.540168050924595,51.44794482846042],[5.540178191835586,51.44791891876865],[5.5401845647946635,51.44788473545188],[5.540173757713131,51.44786218806189],[5.54015867689585,51.447839241790966],[5.540124447277986,51.447819952077346],[5.540058347682279,51.44778577397601],[5.53999151819852,51.44774839682542],[5.539929431347541,51.44771394372873],[5.5398540787313895,51.44767867203299],[5.539784397116183,51.44764433667342],[5.539712777111512,51.44761104649599],[5.539641364044206,51.44756648420307],[5.539564392417215,51.44752011342271],[5.539497518511314,51.447473513664505],[5.53946258090564,51.44744451691077],[5.5394468616311885,51.447411162493985],[5.539424408246055,51.44735139915153],[5.539410900905398,51.44728257252043],[5.539405686452465,51.44722017094749],[5.5394069750683,51.44711932529583],[5.539401281940147,51.44706434000604],[5.5393895090598075,51.44701517833133],[5.539362091202485,51.44694191147825],[5.539331631453127,51.44687954286706],[5.539319680166965,51.446854462084154],[5.539293745106857,51.44681595249361],[5.539237847891529,51.44675202606419],[5.539183976501991,51.446683009374055],[5.539133819671737,51.44663218089815],[5.539072563575317,51.44656148391446],[5.539005245822887,51.44650630026481],[5.538944932525151,51.44644646929662],[5.538901903069704,51.44639324044987],[5.5388616884370885,51.4463342821357],[5.538823208855788,51.44626931711327],[5.538758629369425,51.44614195067734],[5.538742967136206,51.44610815564481],[5.538726292468275,51.44607702257528],[5.538695223326824,51.446025620775494],[5.5386524671753845,51.44595487254812],[5.5386285895702665,51.44592050391469],[5.538607336593581,51.44590110700263],[5.538565194300868,51.44585918463453],[5.5385141764223516,51.44581281539429],[5.538502040184859,51.44579246281151],[5.5384934869810145,51.445772492087904],[5.538495062407789,51.44576175756101],[5.538499752725418,51.4457360528408],[5.538509788215813,51.44566959550271],[5.538521167259158,51.44561355429606],[5.538570716137112,51.44544295673694],[5.538580127552889,51.445413848158864],[5.538600949766247,51.445385929235506],[5.538624289576266,51.445358114900486],[5.538648156410292,51.44532874483432],[5.538676894247223,51.445297786423126],[5.538708016152089,51.44527436640542],[5.538744658678157,51.44525005830826],[5.539015466976048,51.445071055775934],[5.539037263047543,51.44505061408491],[5.53905754336502,51.44502424183774],[5.539080410936213,51.44499729992751],[5.539103872100012,51.444971516778345],[5.539131194922971,51.44494342748713],[5.539190677476501,51.44487979096114],[5.539223122576031,51.44484786578879],[5.539253972168351,51.444820607813725],[5.539283826064686,51.444792407318815],[5.539306536558456,51.44477019361352],[5.539336708341268,51.444742442123975],[5.539371807100017,51.44471266173874],[5.5393947440276525,51.44468505451321],[5.539415021154267,51.44464922611713],[5.53942058775986,51.444619061827964],[5.539419244032116,51.444604349116766],[5.539407566029951,51.44456618046692],[5.539370108424016,51.44448828856342],[5.539308503549983,51.44438991601094],[5.539251368195843,51.444316148595014],[5.539123699574221,51.44418379505121],[5.539216352214896,51.444124915204576],[5.539325722811663,51.44405860678485],[5.539341122331397,51.44394056532271],[5.539308791571905,51.44386432960783],[5.539296042890952,51.44385005425188],[5.53921710944628,51.44376983443452],[5.539132706089193,51.44371420573403],[5.539016501536346,51.44369784501116],[5.538839355148075,51.443703891385965],[5.538638133251587,51.443723883263125],[5.538502955015905,51.443715744364965],[5.538462635272754,51.44365891636013],[5.538454861793462,51.44361805492948],[5.53851091525342,51.44353560090183],[5.538871813039129,51.443235206374915],[5.539204949009376,51.442991889104256],[5.539397535199099,51.44289808350122],[5.539460655732041,51.44283503532593],[5.539511402017139,51.442744920402305],[5.539573108815373,51.442543097786746],[5.539637183499718,51.44240862421539],[5.539749304970629,51.44235770939426],[5.540324696950593,51.44221509521223],[5.54044633186232,51.442149228028555],[5.540529734864141,51.44207893467751],[5.540631695640156,51.4418473509135],[5.540640954494771,51.44176073278361],[5.5406178432372,51.44165045413313],[5.540659168710451,51.44159564066433],[5.5409467459640975,51.44139493977245],[5.541052534318485,51.44130977618609],[5.541404449063762,51.441042697654225],[5.541491313977529,51.44081921392062],[5.541501854554175,51.440614689484974],[5.5414689970775015,51.44054043255901],[5.5413794546211985,51.440495293084545],[5.541317257667848,51.4404639419616],[5.541160065237864,51.44047613171483],[5.541070295842829,51.4404957018198],[5.540866898712382,51.44054003279722],[5.540782545135753,51.440544934997725],[5.5407095767252885,51.44051387639998],[5.540698197823002,51.440496192679824],[5.5406748907127295,51.44045999900117],[5.540691937911133,51.44040125348799],[5.540791439748463,51.44033760832776],[5.541005472297171,51.44016761066254],[5.541160617918931,51.4399670929658],[5.541222543021199,51.43985015825096],[5.541235598536946,51.43976388560028],[5.541257712311364,51.439719344407436],[5.541355290627557,51.439610712952025],[5.541501826507004,51.43950200759165],[5.541630744764747,51.43944897433108],[5.541771436307556,51.43941545771339],[5.54193320292874,51.43937066809458],[5.542449230861775,51.43926426567872],[5.5424687861198585,51.43925859472499],[5.542488789464197,51.4392535793445],[5.54250918336621,51.439249219613686],[5.5425299103884385,51.439245542575065],[5.54255092738485,51.439242548285876],[5.54257216247439,51.43924024583059],[5.5425935725418105,51.43923864425525],[5.5426150713238655,51.43923775266355],[5.542636630026302,51.43923756210517],[5.5426581623861155,51.43923808168384],[5.5426796252570565,51.43923931145717],[5.542700961049017,51.43924123352478],[5.542722097912297,51.43924386595992],[5.542742992608281,51.439247181854405],[5.542753660296251,51.439250187808405],[5.5427638410389095,51.439253796653375],[5.542773448388522,51.439257963561424],[5.542782410340908,51.43926266166295],[5.542790669213265,51.43926784609151],[5.54279812420575,51.43927348102738],[5.542804731986581,51.43927951259634],[5.54281042049004,51.439285895951365],[5.5428151751495625,51.439292577180154],[5.542818923867967,51.43929950244681],[5.542821666460897,51.43930661781965],[5.5428233451525974,51.43931385146648],[5.5428250080033195,51.43932486936977],[5.542825592293278,51.439335924668526],[5.542825112312409,51.439346990377686],[5.542823553493052,51.43935801258448],[5.542820944476579,51.43936895529598],[5.542817270726596,51.439379773588094],[5.542812560914919,51.439390440456386],[5.542806814887504,51.43940091095764],[5.542800075637782,51.43941114009056],[5.542792357455467,51.43942110087016],[5.5427836889516415,51.439430748314535],[5.5424820236606855,51.43973720642867],[5.542476790263465,51.43974620208612],[5.542472391666916,51.43975537640428],[5.542468870927476,51.43976470235991],[5.542466213509519,51.43977413502907],[5.542464448087154,51.439783647407445],[5.542463560155962,51.43979320355972],[5.542463578389557,51.439802776481756],[5.5424644739315285,51.43981233924585],[5.54262529426967,51.43997905361732],[5.542723377736729,51.44002344366391],[5.5427438977062735,51.44002642747752],[5.542764616857446,51.440028772825144],[5.542785506454412,51.44003048873371],[5.542806494552541,51.44003156631053],[5.542827552354793,51.44003199660538],[5.5428486079777155,51.44003178870295],[5.542869632624153,51.44003093365299],[5.542890568793369,51.4400294405211],[5.542911344571136,51.440027309403376],[5.542931945604568,51.440024549307765],[5.542952300010165,51.44002116931923],[5.542972364608591,51.44001716050688],[5.542992096342919,51.44001254989446],[5.543015701988955,51.44000518356095],[5.543038802143749,51.43999720666842],[5.543061339337472,51.439988637271476],[5.543083299217729,51.43997948437833],[5.543104624314842,51.43996976604342],[5.54312527157297,51.43995950929096],[5.5431452266087335,51.439948714140485],[5.5431644463667205,51.43993740761606],[5.543182887791124,51.43992561674172],[5.543200536529902,51.439913350525735],[5.543217335144873,51.439900636011416],[5.543233283729068,51.4398875001651],[5.543248339165114,51.43987395203344],[5.543262472811771,51.43986002761002],[5.54327567034798,51.43984574489171],[5.543287903102041,51.439831130883235],[5.543299142401176,51.43981621258936],[5.543309373956531,51.43980101699559],[5.543318597829927,51.43978556207955],[5.54332677099809,51.43976988385367],[5.543333893523422,51.43975400029562],[5.543339634022868,51.439746136493866],[5.543344352433129,51.43973800440133],[5.543347991439778,51.43972966701554],[5.543350551197371,51.43972116928003],[5.543352003156986,51.43971257415368],[5.5433523330908665,51.43970392659914],[5.543351541245626,51.43969529852552],[5.5433496421587645,51.43968673485674],[5.543346650398408,51.439678289505316],[5.543342566180348,51.43967002539158],[5.543337432837746,51.43966199638962],[5.543331279321073,51.43965425639238],[5.543324134549775,51.439646850304484],[5.543316070621624,51.439639831961216],[5.543307116425218,51.43963323727836],[5.543300943512912,51.43962822986489],[5.5432957041434054,51.43962283468706],[5.543291441618272,51.43961709663012],[5.543288242540226,51.439611105465275],[5.54328610715531,51.43960493310152],[5.5432851075912035,51.43959864236305],[5.543285215390241,51.439592323175006],[5.543286445211722,51.43958605641576],[5.543288797270546,51.43957990500589],[5.543292214344247,51.43957395890859],[5.543296667913555,51.43956829007161],[5.543302115046027,51.43956296147305],[5.543308455310539,51.439558045156936],[5.543315645774279,51.43955360410129],[5.543336885774673,51.43954850602024],[5.543358487397044,51.43954400969228],[5.543380378791328,51.4395401331909],[5.543402531254658,51.439536894531834],[5.543424901578799,51.43953427579545],[5.54344744670961,51.43953230400552],[5.543470109087182,51.439530970250395],[5.5434928312438245,51.43953029258446],[5.543515598736632,51.4395302530497],[5.5435383253020145,51.439530860750615],[5.543560996558718,51.43953211570645],[5.5435835549773005,51.43953401799449],[5.543598837170127,51.439536316559746],[5.543613848164006,51.43953921772889],[5.543628530398055,51.43954271259051],[5.5436428406329235,51.439546774236824],[5.543656706925524,51.43955139377595],[5.543670086035985,51.439556544299954],[5.543682906052315,51.439562225905654],[5.543695138054811,51.439568393688695],[5.543706710100547,51.43957503875721],[5.5437230117182015,51.43958101230788],[5.543739872159096,51.43958637387497],[5.543757205004535,51.43959108761964],[5.543774952661515,51.4395951356419],[5.543793071981934,51.439598517999165],[5.543811476608049,51.439601216830425],[5.543830094564501,51.43960321425463],[5.543848882734027,51.439604519318515],[5.543867769141077,51.43960511414126],[5.543886667458607,51.43960498985045],[5.543905534599837,51.43960416448124],[5.543924269886298,51.439602638169106],[5.543942830169484,51.43960041097225],[5.54396114353573,51.439597482987345],[5.543979152547232,51.4395938812581],[5.543989319053487,51.439589121552025],[5.543998778896082,51.43958380549791],[5.544007431582417,51.4395779871631],[5.544015234119985,51.43957171154923],[5.544022100398946,51.43956503270434],[5.544028001809368,51.439557995610734],[5.544032866624678,51.439550654296944],[5.544036666296571,51.43954307172251],[5.544039372276987,51.43953531084668],[5.544040956018192,51.439527434628715],[5.544041432057817,51.43951948799249],[5.544040757558522,51.439511560882565],[5.544038961440227,51.43950369820337],[5.544036043920279,51.43949596287535],[5.544032048363308,51.439488417760884],[5.544026989399594,51.43948113474953],[5.5440209103320175,51.439474158726235],[5.544013868876189,51.43946754354539],[5.5439388311206095,51.43936604544508],[5.543762351544559,51.43914663529626],[5.543705012744011,51.439080816305804],[5.543585553300448,51.43883386884824],[5.543578508592,51.438822067175394],[5.543572513053865,51.438810048365475],[5.543567566747251,51.43879783039603],[5.543563684269424,51.43878547616822],[5.543560894445791,51.43877300362091],[5.543559183016645,51.43876044872804],[5.543558564548395,51.43874786540216],[5.543559053483946,51.43873527160126],[5.543560635594676,51.438722712287976],[5.543563296651227,51.438710232424604],[5.543567051127693,51.43869785895771],[5.543571870382083,51.43868562788047],[5.543865287471386,51.4384188900053],[5.544114563783997,51.43824447069097],[5.544214049902653,51.4381748451386],[5.54432287600351,51.43809869909746],[5.544346329862429,51.438056007171426],[5.544354532490118,51.438019870587866],[5.544360780143628,51.43799236577716],[5.54435779196785,51.43788072137097],[5.544354207151544,51.43782126606546],[5.544352452793981,51.43779214509744],[5.544336823639431,51.4377224319725],[5.544336395250346,51.437719151680845],[5.5443335432612155,51.43769703437734],[5.544331253226391,51.43766688043266],[5.544353072150648,51.43761308069606],[5.54436942635841,51.437538569411906],[5.5443713296738855,51.4374440778008],[5.544370015165849,51.437396538425865],[5.5443686846976625,51.4373485406495],[5.544371101325742,51.437265275210976],[5.544383150660387,51.43721446390156],[5.544405094035073,51.43716346845478],[5.544451568375527,51.43713621496256],[5.544496831504609,51.43711223496802],[5.544513110778974,51.43710362879306],[5.544608062113555,51.43707523112444],[5.544641048677571,51.437065370906176],[5.544649366635146,51.437062734968755],[5.544750230920466,51.437030814616975],[5.5447977971000775,51.43700747857579],[5.5449136147639235,51.436941317931854],[5.544926974134269,51.43693263475368],[5.544944925311264,51.43692096111326],[5.545022024780859,51.436870798707396],[5.545123980143353,51.4367970162505],[5.545126704091215,51.43679454066976],[5.545168925664628,51.4367562905056],[5.54523231169119,51.43672479807422],[5.545293630492261,51.43670684537227],[5.545437034090869,51.43669136092411],[5.545549393906408,51.43668598582663],[5.545594888716683,51.43669585647491],[5.545676937464135,51.43671688627459],[5.545801025392553,51.436721787023615],[5.545851461244841,51.4366967837378],[5.545885854096666,51.4365788053476],[5.545953864323059,51.436442453166926],[5.545962011576892,51.43638264032261],[5.54596248845631,51.43637917003913],[5.545963511992076,51.436371618146254],[5.545993118731241,51.43629181217588],[5.546099687128936,51.43613131765829],[5.54614907738848,51.43606244187132],[5.546190430461736,51.435944750477134],[5.5461950687905475,51.43589745465727],[5.546198415574684,51.43586332003971],[5.546200207049226,51.43584506156844],[5.546182579638143,51.435776214295366],[5.546117582284801,51.43563793110965],[5.546054372384805,51.43553784737596],[5.545950302007489,51.4354119947945],[5.545934313364483,51.43537993595201],[5.54592202677386,51.43535786748514],[5.545919696807204,51.43535368193076],[5.545905109248511,51.43532749078896],[5.545894654954609,51.43529058848665],[5.545888465738148,51.435227145764564],[5.545887093982678,51.435213170222234],[5.545882867278197,51.435143378812064],[5.545927804713174,51.43506386657146],[5.546019296712734,51.43499757613495],[5.5460696322129825,51.434956761773385],[5.546190093331006,51.43485509715494],[5.546265595060741,51.43479358336236],[5.546380673982367,51.434711692021246],[5.546571517593268,51.43457391313303],[5.546633666080135,51.43453514077392],[5.54663885733149,51.434485749810186],[5.546654249415412,51.434339105242366],[5.5466820411696025,51.43410306915668],[5.546703746557092,51.433911355634166],[5.547076414273194,51.43405576941365],[5.548678054512006,51.434676916943616],[5.54885189104707,51.43450220538421],[5.548732942064336,51.43445652806274],[5.548686573720619,51.43443915429021],[5.547445898914742,51.43394055706913],[5.547468831898481,51.43391886277798],[5.547322967334634,51.43386567054865],[5.547303903521483,51.43388349435695],[5.546826795958338,51.43369179114769],[5.546778322837525,51.433674967811946],[5.546752501043886,51.43366600550335],[5.546750032661798,51.43361818905453],[5.545807298951007,51.43330667004953],[5.544215392501334,51.432438451861586],[5.544121432875028,51.43253491925258],[5.543580051846441,51.43222395550627],[5.542898669073508,51.43233267861618],[5.542775838813734,51.432288204901496],[5.541792046934109,51.4319088527046],[5.541398532298635,51.43174702958675],[5.541160816545695,51.43166251777365],[5.541135134616189,51.431675558350285],[5.5410523565420355,51.431648162327136],[5.541005847159663,51.43162988682327],[5.541083338265298,51.431539538032084],[5.541152996647448,51.43155697392897],[5.541178504339385,51.43153069323889],[5.541114160508475,51.431511452596965],[5.540719852627486,51.43143681852924],[5.5404745869556296,51.43137697124544],[5.5404709602171645,51.43137608613756],[5.540389744925588,51.43135986052946],[5.540248749653677,51.43133435620355],[5.53984667379101,51.43130092455698],[5.539552356703461,51.43129170997439],[5.53946984361095,51.431291476302036],[5.539161917036304,51.43128473243735],[5.539161313020117,51.43128471524799],[5.539064417632615,51.43129672466901],[5.5390153446328165,51.431302802073816],[5.538770777082649,51.43132224851566],[5.538283829682816,51.43136625158646],[5.538195927780045,51.431375848639526],[5.537677244902744,51.431433625029456],[5.537067917155907,51.4315026437749],[5.536103942845282,51.43161018035853],[5.536092240191097,51.43162421767249],[5.535533693482878,51.43167417037311],[5.535434347457374,51.43168487653733],[5.53541427376737,51.43168516275501],[5.535376885014514,51.43168059014105],[5.534764151141869,51.431690141005845],[5.534751822389802,51.43168371083692],[5.533171063039718,51.43292415680628],[5.5313764196793285,51.434273643355745],[5.53046102936454,51.43496010797126],[5.53031431631389,51.43507012826269],[5.528833032266787,51.43617294487024],[5.527912395624757,51.436879708221845],[5.526738771661911,51.437772664126975],[5.526195564461723,51.438159078963544],[5.524625820729763,51.43927390179242],[5.5239212556162585,51.439792379003514],[5.523742563649441,51.4399070189723],[5.52422776735292,51.44021529655516],[5.524241283874609,51.44048209156755],[5.527999827155965,51.44139706095238],[5.528000857796724,51.44173114188856],[5.52830320805869,51.441782056451984],[5.529638588576213,51.44221225634552],[5.5311509608880725,51.44269838365907],[5.530556781732898,51.443843635645095],[5.530325058409859,51.44425098088],[5.529762586971994,51.44523971752983],[5.529296081163741,51.44597919435563],[5.527992313162031,51.448045714011684],[5.529595197872983,51.44825327488539],[5.531827726664465,51.44853753330895],[5.533604335719469,51.448768480655055],[5.535419724630786,51.44900158083274],[5.5362268495869165,51.44910509857646],[5.538825251116474,51.4494424709423],[5.53885071790983,51.449317907804605]]]]},"properties":{"buurtcode":"BU07723340","buurtnaam":"Urkhoven","gemeentenaam":"Eindhoven","aantalInwoners":185,"crime_violent":1,"crime_property":0,"crime_disorder":0,"crime_count":1}},{"type":"Feature","geometry":{"type":"MultiPolygon","coordinates":[[[[5.531618786720139,51.455566474333594],[5.531585019419686,51.455540305219074],[5.531544882940833,51.455509200216476],[5.531498240168888,51.45546892582583],[5.531457562056111,51.455417578980246],[5.531431895685057,51.455363391097855],[5.531431646459143,51.45536192625315],[5.531420714256173,51.45529903707481],[5.531422017342492,51.455224357594965],[5.531422512976692,51.45521276159777],[5.531427666110132,51.45509079694964],[5.531450123276388,51.4550084509137],[5.531494841523349,51.45494092659104],[5.531584263902031,51.45486511324492],[5.531729553842919,51.45481700553799],[5.5319452965703455,51.45478185271497],[5.532214882645514,51.45475312231652],[5.532257825131557,51.45475190033932],[5.5324591584785034,51.45474617543094],[5.532656805605634,51.454703457410325],[5.5326573522091556,51.454703420773285],[5.532657898841265,51.45470339312499],[5.5326709013651945,51.454702244320686],[5.532683685839929,51.45470039467093],[5.5326961804144705,51.454697871231495],[5.532708284405794,51.454694683116855],[5.5327198971881355,51.45469085741886],[5.532730932523612,51.45468642121132],[5.532741332948919,51.454681401532135],[5.53275099792469,51.45467585243914],[5.532759855571856,51.454669791999656],[5.5327678485707645,51.45466329219481],[5.532774905042739,51.45465637109194],[5.532780996471713,51.454649109624874],[5.5327860653948395,51.45464153483147],[5.532790068909468,51.45463372766361],[5.532792978356203,51.45462572411193],[5.532794779606554,51.454617605092146],[5.53279544400172,51.45460940659471],[5.532794986188026,51.45460120949945],[5.532793406338309,51.45459306773821],[5.532790792299241,51.45458545760062],[5.532787171668264,51.45457801051671],[5.532782602138461,51.454570771357616],[5.5327770838825865,51.45456379405499],[5.532770674564915,51.45455711449151],[5.532763417548533,51.45455079553337],[5.532755341694466,51.45454486411053],[5.532746519111402,51.454539374064645],[5.5327428006204675,51.45453732030367],[5.532735100770525,51.45452298400305],[5.5327284217894634,51.45450844867622],[5.532722778178245,51.45449375025982],[5.532718169993605,51.454478906731374],[5.532714611707816,51.454463945038945],[5.53271211785056,51.45444891010778],[5.532710688478419,51.45443381991526],[5.532710309260384,51.45441869245664],[5.532711009142158,51.45440358162777],[5.5327127737926585,51.45438850542392],[5.5327155888812705,51.45437348184035],[5.53271946896629,51.45435856479066],[5.532724399659616,51.45434375429276],[5.532730366745067,51.454329104296335],[5.532737355863455,51.454314623807875],[5.532745367157387,51.4543003577702],[5.5327543719091175,51.45428632419655],[5.5327829458979005,51.45426859879673],[5.532810770237773,51.454250406915754],[5.532837830627073,51.45423177553812],[5.5328640982920945,51.45421270470032],[5.532888482567741,51.45419405867882],[5.532912117483937,51.45417503606505],[5.5329349743244975,51.45415565487283],[5.532957053089552,51.454135915102576],[5.53297833947871,51.45411584373853],[5.5329988191058685,51.45409544079924],[5.533018463283132,51.454074733286944],[5.53303728639887,51.45405372118416],[5.533055259736901,51.45403242250451],[5.53307238332696,51.45401084623706],[5.533088628453146,51.45398901039539],[5.533094531624659,51.45395445055432],[5.533157598939111,51.45371456282553],[5.533157637713364,51.45368175412837],[5.533158565400878,51.45367493056516],[5.53316527231811,51.45354548530277],[5.533293918127992,51.4531497236771],[5.533353691661159,51.45310362672173],[5.533394722255368,51.45307199804769],[5.533508978505032,51.45300795417533],[5.533649301808609,51.452947904356094],[5.533710971879633,51.452914640655564],[5.5338251058204575,51.452853086487934],[5.534174515019022,51.45263363730273],[5.534189064095359,51.45262598756814],[5.534202892180608,51.45261782638702],[5.534215913012941,51.4526091718458],[5.534228097905927,51.452600050947],[5.534239418231356,51.45259050867041],[5.534249830887923,51.45258056304792],[5.534259278473968,51.45257025909565],[5.53426776104816,51.45255961479101],[5.53427522126762,51.45254869312731],[5.534281644804146,51.452537512100356],[5.534287017416914,51.45252611667138],[5.534291310420322,51.452514533842994],[5.534294509631925,51.452502826553776],[5.534298780525874,51.45248885276628],[5.534301928883752,51.452474763542966],[5.534303926049578,51.45246059487493],[5.534304800913826,51.45244638268032],[5.5343045104044295,51.45243215397958],[5.534303083469857,51.45241796266826],[5.534300520169523,51.45240382672343],[5.534255669541186,51.452245502937394],[5.534249597832118,51.45222303892024],[5.534244432161414,51.45220047488399],[5.534240201416838,51.45217784674702],[5.53423690559701,51.4521551545093],[5.534234530371908,51.45213241616645],[5.534233090155913,51.45210964068905],[5.534232585063535,51.45208686403154],[5.534233000677899,51.45206407722353],[5.5342343658575475,51.45204130719462],[5.5342366518570065,51.45201856296975],[5.534336502034349,51.451740246512486],[5.534341819073278,51.45172503995356],[5.534348114817521,51.45170996698843],[5.534355346252533,51.45169507261469],[5.5343635277923715,51.45168036580264],[5.534372630750796,51.451665873554354],[5.534382655214317,51.45165162283542],[5.534393586824669,51.451637622652534],[5.5344053825382655,51.45162390901448],[5.534418042412849,51.451610499898194],[5.534431552148772,51.451597422287584],[5.534445882972656,51.45158467621861],[5.534461006256806,51.45157230667057],[5.534470035475575,51.451566173973006],[5.534479843093644,51.4515605166904],[5.534490357353321,51.45155538884547],[5.534501506381552,51.45155080850615],[5.534513218363028,51.45154681171776],[5.534525421482594,51.45154343452553],[5.53454515736479,51.45153829501562],[5.534565269322091,51.451533784233845],[5.5345857285526945,51.451529893227686],[5.53460646321371,51.45152664905392],[5.53462743014666,51.451524051767],[5.534648586193414,51.451522101421425],[5.534669859481792,51.45152081608542],[5.5346912212396555,51.45152019579521],[5.534707692202795,51.45151975247752],[5.534724179559876,51.45151992935514],[5.534740625795627,51.45152073548951],[5.534756944534334,51.451522153012775],[5.534773107033009,51.451524190950025],[5.534789041331927,51.451526840403815],[5.5348047042144755,51.451530083451644],[5.534820009334101,51.451533911214376],[5.5348349134740085,51.451538305769425],[5.534849373475746,51.45154326717178],[5.534863317291536,51.45154875955823],[5.534883198589886,51.45155742640772],[5.534903567544854,51.451565634213345],[5.534924409741017,51.45157337400443],[5.53494568198958,51.451580636846955],[5.534967355488247,51.451587413788424],[5.534989415820987,51.4515936958582],[5.5350046696837385,51.45159501582211],[5.535020022094136,51.45159567049723],[5.535035415564096,51.45159567793386],[5.535050778073894,51.45159501125721],[5.535066023392368,51.451593697542904],[5.535081093915335,51.451591718886675],[5.535095917826969,51.45158911133445],[5.535110408779552,51.4515858660072],[5.535124509314737,51.45158200994409],[5.535148369352069,51.451570995493306],[5.535171522579962,51.45155940666015],[5.535193940312361,51.45154727044742],[5.535215593806034,51.451534595880936],[5.535236439989372,51.45152140998166],[5.535263034509476,51.451501888749],[5.5352889084351435,51.45148198191299],[5.53531401866682,51.45146170750646],[5.535338365233655,51.45144107451847],[5.53536193377946,51.45142009195639],[5.53538472433368,51.45139876880929],[5.5354067081538565,51.451377114103025],[5.535427870941876,51.45135515482211],[5.535465869233879,51.45130775414992],[5.535538011431246,51.45121779358051],[5.535724952160161,51.45108704890202],[5.535895212887289,51.45101198307199],[5.536071335129841,51.450965448540735],[5.536212385028151,51.45092818097917],[5.536300309319435,51.45090494963679],[5.5363145872354425,51.45090263925414],[5.536328532004259,51.45089963716835],[5.536342071782632,51.45089597043743],[5.536355105926544,51.45089165716774],[5.536367576979017,51.45088672439894],[5.536379384325665,51.45088119922618],[5.536390470539054,51.45087511767781],[5.536400763806538,51.45086851580068],[5.536410206730734,51.45086143861184],[5.536418741855683,51.450853913151114],[5.5364263118434955,51.450846002412824],[5.536432873682919,51.45083775139575],[5.53643839874962,51.450829205079856],[5.536442829676173,51.45082041747097],[5.536446166610777,51.45081143351241],[5.536448366630842,51.450802325168546],[5.536449444240963,51.45079312837553],[5.536449356519285,51.4507839150979],[5.536448132356121,51.45077472125325],[5.536445757631445,51.45076562775767],[5.536440824120035,51.450752735330596],[5.5364349128884704,51.45074000595165],[5.536428038382844,51.45072745757955],[5.536420229493575,51.450715126131854],[5.536411500725084,51.450703047544415],[5.53640185213687,51.450691239794274],[5.536391326946569,51.45067972080334],[5.536379954073614,51.45066853547761],[5.536367733548015,51.45065769280552],[5.536354708645939,51.4506472286861],[5.5363409081983725,51.45063716105954],[5.536151461234621,51.450466600620494],[5.536151201288086,51.4504662953379],[5.53615097014274,51.450465999007164],[5.536141275870326,51.450453382313256],[5.5361325158102,51.45044049476422],[5.536124704494395,51.45042738128518],[5.536117856338004,51.45041405084645],[5.536112000229274,51.45040053936593],[5.536107136255619,51.45038687380988],[5.536103278890288,51.45037308112573],[5.536100442635924,51.45035919724985],[5.536105102589147,51.450354454263945],[5.536110612575251,51.450350096704426],[5.5361169151972245,51.450346169587974],[5.536123909929503,51.45034272697488],[5.536131496247167,51.45033982292571],[5.536139587981346,51.45033750249372],[5.536148055747078,51.4503357928103],[5.536156784545429,51.4503347209884],[5.536165659288791,51.45033428717507],[5.536174550592888,51.45033451850168],[5.536183343311257,51.450335397138126],[5.536191907941588,51.45033691426144],[5.536200114952026,51.45033905205993],[5.536207877939171,51.45034178367803],[5.536518186200748,51.45036440642794],[5.536825517059063,51.45041775546221],[5.536844600642109,51.45042010396491],[5.536863854733154,51.45042180506101],[5.536883236173353,51.450422858805744],[5.536902673061762,51.450423274280276],[5.536922107794347,51.45042303358113],[5.536941511628189,51.450422145733995],[5.53696079824628,51.45042061084986],[5.536979938876348,51.45041842896563],[5.536998861646412,51.450415618151126],[5.537017509012345,51.4504121784806],[5.537035837844754,51.450408118998176],[5.537053790658186,51.45040345775538],[5.537071324294567,51.45039819480782],[5.537088395683872,51.45039235717712],[5.537104918568924,51.45038596295188],[5.537120892979349,51.450379021120824],[5.537136232687623,51.45037155876125],[5.537150923366711,51.4503635938692],[5.537173481711284,51.450350809908606],[5.537195420086839,51.45033761326282],[5.537216724106978,51.450324003950634],[5.537237350732784,51.45031001798238],[5.537257314320351,51.450295646351435],[5.537276586157164,51.45028090707239],[5.537371446060681,51.45017139269643],[5.53754274892892,51.44995622563746],[5.537558483191305,51.449941967275386],[5.537575009849845,51.44992806743554],[5.537592314548243,51.44991453512472],[5.537610354187919,51.449901388375565],[5.537629128828194,51.44988864516504],[5.537648595370999,51.44987632352578],[5.537668753845677,51.449864432446084],[5.537689561154766,51.44985298995862],[5.537710988585664,51.4498420140774],[5.537733036168651,51.449831513790755],[5.537755646390254,51.449821498161334],[5.5377788049248,51.44981198518474],[5.537810333353667,51.44980167038178],[5.537842222898059,51.4497918045372],[5.537874459172887,51.449782387669124],[5.537907027823151,51.44977342878469],[5.537908853179882,51.449772932046656],[5.537910692951825,51.44977244427868],[5.537946727693126,51.4497632202283],[5.537983109522023,51.449754553015424],[5.538019824113427,51.44974646063566],[5.538056857053008,51.44973893411866],[5.5380941796300265,51.449731991478515],[5.538131763044403,51.4497256237638],[5.5381695785858485,51.44971984898865],[5.538207626225643,51.4497146581643],[5.538245862837813,51.449710060335],[5.538272578052517,51.449710295361086],[5.538299252375537,51.449711213573245],[5.538325842561431,51.4497127880617],[5.5383523198993805,51.449715036841084],[5.538378626788024,51.44971794200873],[5.538404720101033,51.44972151260954],[5.538430571008178,51.449725730703676],[5.538445298515874,51.449728992454176],[5.538460340542566,51.449731660542014],[5.538475625129428,51.4497337260718],[5.538491080317362,51.44973518014829],[5.538506662918528,51.44973601383871],[5.538522286588153,51.44973621826653],[5.538537908197999,51.44973580247643],[5.538553455818647,51.449734766561825],[5.538568857550765,51.44973311960477],[5.5385840702064995,51.449730852672815],[5.538599007530552,51.44972798385552],[5.538613626425006,51.44972453118622],[5.538627869346173,51.449720494739914],[5.5386659808825,51.44969559152022],[5.538689409366057,51.4496591749094],[5.53873912273659,51.44961474216948],[5.538810403644745,51.449515117852684],[5.538810700899235,51.449513661300635],[5.538816886710498,51.44948337939629],[5.538825251116474,51.4494424709423],[5.5362268495869165,51.44910509857646],[5.535419724630786,51.44900158083274],[5.533604335719469,51.448768480655055],[5.531827726664465,51.44853753330895],[5.529595197872983,51.44825327488539],[5.527992313162031,51.448045714011684],[5.52766126910675,51.448003687956245],[5.5268329579994,51.447900194815965],[5.525393206448071,51.44772029088243],[5.524385984739301,51.44758619277763],[5.522784111390219,51.447377220793506],[5.522400259636918,51.44732846290958],[5.5207812876935725,51.447105200285904],[5.520527537667101,51.44707404321068],[5.520384335751144,51.44705645978345],[5.520256437093509,51.44706070477278],[5.520009997567499,51.4470298555225],[5.518296499628572,51.44681534289032],[5.515815211227149,51.44648008983045],[5.51541095399242,51.44642676613201],[5.515097159440835,51.44638537398197],[5.515004006759878,51.44637308533686],[5.514844901629628,51.4463520977595],[5.514378974644791,51.44629243631523],[5.512783488889893,51.44608812091964],[5.512153609716646,51.44600270480699],[5.51113997001179,51.44588694401673],[5.509802069991238,51.44571438418543],[5.508040940433625,51.445484518239375],[5.506423384948267,51.44527336583979],[5.50504296570545,51.4451372889802],[5.5035507382753375,51.44512800286219],[5.5021187436381584,51.445190853221256],[5.50103094037488,51.44645836402069],[5.500966976975722,51.446682565291425],[5.5009442620306475,51.44703375322421],[5.500778732348316,51.44722519724768],[5.500695900289451,51.44732099743706],[5.500543484900792,51.44744418546615],[5.501028940056038,51.447463956297675],[5.5014370188413455,51.44751037872684],[5.502976866997189,51.44802671882432],[5.504014387703086,51.4483986650154],[5.504501216608609,51.448573185138876],[5.506060235378893,51.44913918428265],[5.509317080971081,51.45032146217548],[5.511886679517917,51.451223966434],[5.512673197787675,51.45149115055196],[5.514097575650993,51.451979980010165],[5.517127043736771,51.45301956361564],[5.518683320689553,51.45349181350507],[5.519178382066955,51.453642033272956],[5.519508872348354,51.45372520270895],[5.521154018894044,51.45413919075691],[5.5223873651201405,51.454411990725255],[5.523785866466873,51.45468499316141],[5.525127267492844,51.4549065386874],[5.525375752282431,51.45494757687095],[5.525631330376771,51.454980982808536],[5.527656923355816,51.45524572437305],[5.530068382570885,51.455479503813685],[5.531691524198,51.455618869002606],[5.531618786720139,51.455566474333594]]]]},"properties":{"buurtcode":"BU07723350","buurtnaam":"'t Hofke","gemeentenaam":"Eindhoven","aantalInwoners":3790,"crime_violent":12,"crime_property":0,"crime_disorder":3,"crime_count":15}},{"type":"Feature","geometry":{"type":"MultiPolygon","coordinates":[[[[5.502397471438801,51.45772552544104],[5.503242218081508,51.45767771225996],[5.503640093784582,51.4576534683182],[5.504005233993939,51.4576173368797],[5.5047081254077685,51.45749739446769],[5.504878319678692,51.4574555521223],[5.505150540420669,51.45738862497719],[5.506144617155738,51.45709976126857],[5.5065149721286515,51.45697504324859],[5.507069322336027,51.456763869763016],[5.507741783970086,51.45647872960477],[5.508483758242184,51.45611751404938],[5.508864736441991,51.455892283316736],[5.509036120672607,51.45577287854959],[5.5092016080528,51.45563846863352],[5.509416375409782,51.455435549115755],[5.509677379750046,51.4551240244815],[5.509771515747233,51.455011666028334],[5.509986112427056,51.454747433938024],[5.510134971132661,51.4545845910809],[5.510306159053386,51.45439023713946],[5.510564205000524,51.454069742927565],[5.511093426988602,51.45344143079746],[5.511201978019857,51.45327268790991],[5.511853223647377,51.45248623953655],[5.512673197787675,51.45149115055196],[5.511886679517917,51.451223966434],[5.509317080971081,51.45032146217548],[5.506060235378893,51.44913918428265],[5.504501216608609,51.448573185138876],[5.504014387703086,51.4483986650154],[5.502976866997189,51.44802671882432],[5.5014370188413455,51.44751037872684],[5.501028940056038,51.447463956297675],[5.500543484900792,51.44744418546615],[5.500233227385702,51.44764139816985],[5.499843903809975,51.447885423125555],[5.499331624566715,51.44849308674055],[5.498367190971401,51.44962771237595],[5.498283477301618,51.44971981822252],[5.498144367931097,51.4498728732105],[5.497594022867401,51.450396242626894],[5.49723256198796,51.45070049418388],[5.49687397908339,51.45095622647512],[5.496592917708262,51.451124767618985],[5.495969607574236,51.45146955437999],[5.495028173377846,51.45185031686241],[5.4942373380039005,51.45209071114202],[5.493905077952047,51.45216944303364],[5.49452915942208,51.452801581719136],[5.495680356850893,51.45353056463948],[5.495889266713791,51.45384939555741],[5.495986661040516,51.45487164293336],[5.495854633492849,51.455030440357994],[5.495552380609704,51.45515601581022],[5.495548682218629,51.45535241076381],[5.4957649095147785,51.45594836544072],[5.4962834237308,51.456348478739926],[5.497664219935569,51.45667271264222],[5.497997793421546,51.45686835496539],[5.498212196356832,51.4571404111332],[5.498300000037085,51.457664615438645],[5.5007637133331935,51.457774940324406],[5.502397471438801,51.45772552544104]]]]},"properties":{"buurtcode":"BU07723360","buurtnaam":"Karpen","gemeentenaam":"Eindhoven","aantalInwoners":465,"crime_violent":0,"crime_property":0,"crime_disorder":0,"crime_count":0}},{"type":"Feature","geometry":{"type":"MultiPolygon","coordinates":[[[[5.5144890971509914,51.465513545201176],[5.514630496736075,51.46547597085614],[5.51483327980104,51.465399830683914],[5.514889804409856,51.46537334209258],[5.514898330189901,51.46536537778426],[5.51491340099083,51.465351294012315],[5.5149304893253595,51.46532282616876],[5.514949504093047,51.465283417009736],[5.514960235652799,51.4652461022992],[5.514972296160945,51.46519518628563],[5.5149793085360415,51.4651504779828],[5.514981875109283,51.46511123067241],[5.514971967745928,51.46507810034173],[5.5149489407765016,51.46504149679358],[5.514938277783357,51.46501087512492],[5.51493679644854,51.46497527266049],[5.514959399162176,51.46494271791434],[5.5149994316542035,51.464921415830254],[5.515054412608589,51.464904052342405],[5.515120276486735,51.464893121752176],[5.515195584859643,51.46488884134905],[5.515270059301849,51.46489506057078],[5.5153738665788286,51.46492854604851],[5.515464670834216,51.46496925465452],[5.515606134425175,51.46504205981852],[5.515626931538587,51.46505320081674],[5.515701185436502,51.46508315007311],[5.515892540819476,51.46512997655986],[5.515935532261493,51.46514245926565],[5.515966959246387,51.46514166050513],[5.516008086450843,51.46512082427578],[5.516067596410032,51.46508681729156],[5.516130176566239,51.465039350853395],[5.516179985524348,51.46498956146629],[5.516325250373252,51.46485454369228],[5.516392968901862,51.46480254113235],[5.516625710623157,51.46465165086054],[5.516674278715524,51.464616235509276],[5.516713700307931,51.464577846068224],[5.516762212190988,51.46452777922343],[5.51682084552923,51.46445420473697],[5.5168337520936985,51.46439293264671],[5.516824818451814,51.46431806702913],[5.516841619274985,51.46429531601164],[5.516866075083497,51.464262210523465],[5.516929215499668,51.46424036071686],[5.517014247571311,51.46425524112979],[5.517142944608754,51.46429185232486],[5.517238932528161,51.464328499884964],[5.517330601923468,51.46437468017092],[5.517426534510582,51.464386824545294],[5.517524585581451,51.46437991050751],[5.517581147037974,51.46434717344729],[5.517618026892305,51.46428587444301],[5.51766777423286,51.46415513259217],[5.517691440451642,51.464047565734504],[5.517708612372478,51.46395361498011],[5.517732438312465,51.46390185853966],[5.517785232140104,51.463805036434984],[5.517794782852599,51.46378341698651],[5.5179125062479715,51.46364186635959],[5.517932059652981,51.463595732583954],[5.517966377291463,51.4635495822372],[5.518044722716541,51.463411149780484],[5.518088874077607,51.46336191423161],[5.518147851395387,51.46333418086499],[5.518206834164857,51.46330336435093],[5.51827567181455,51.463281768078794],[5.518364168417154,51.46325092727074],[5.518467446781686,51.46322621799017],[5.518570730558957,51.463198434489016],[5.518659253412583,51.46317681579567],[5.518728064028837,51.46314599691829],[5.518841015902942,51.463062859065026],[5.518930568843018,51.46299451592994],[5.518938654530632,51.462989023704324],[5.518947842003232,51.4629813729532],[5.518956107346426,51.462973318754244],[5.518963378740554,51.46296490613199],[5.518969627510005,51.46295617107389],[5.518974825057737,51.46294717653301],[5.518978928318127,51.46293795851275],[5.518981937473744,51.46292857993385],[5.518983809511965,51.462919094776886],[5.5189845589268645,51.462909538980206],[5.518984171511591,51.46289997548058],[5.518982633032927,51.46289045822598],[5.518979972427171,51.46288104111567],[5.518976204215117,51.46287176907661],[5.518971328579622,51.462862705028826],[5.518965403184437,51.46285388486196],[5.518957052526979,51.462847359546124],[5.518947854167145,51.46284128462138],[5.51893788023667,51.46283572292649],[5.518927202737034,51.462830692357294],[5.518915879357383,51.46282623779164],[5.518903996541268,51.46282239508635],[5.518891640705327,51.46281919110945],[5.5188789126305355,51.46281664372437],[5.518865869901825,51.4628147618545],[5.518852627715777,51.462813572335634],[5.518839272437548,51.46281308405874],[5.5188259047951425,51.46281329691006],[5.518812611101905,51.462814201803404],[5.518799477696522,51.462815798641294],[5.518786605281348,51.46281807832135],[5.518285561687625,51.4629480618239],[5.518200336156082,51.46297028775664],[5.518112777887916,51.46295194142226],[5.5180860938654135,51.462910138159565],[5.518076525884356,51.46286552918218],[5.518076517001016,51.46286243709194],[5.518079126691666,51.46283917150037],[5.5180864574023785,51.462816296106965],[5.518096437029818,51.46279883790146],[5.518107453418687,51.46278162122427],[5.518119506671423,51.462764682029686],[5.518132553643473,51.46274802935437],[5.518146594437073,51.462731699152656],[5.518161600297826,51.46271570044517],[5.518177556964102,51.46270007819083],[5.518194450019958,51.462684823416886],[5.518212236450104,51.4626699901031],[5.518230901838652,51.462655569276805],[5.518250403144997,51.46264160592912],[5.518270740369012,51.46262810005982],[5.518291884834033,51.46261508765518],[5.5183137789811045,51.46260256877975],[5.518336408523963,51.46259057940361],[5.518359744683055,51.46257911955895],[5.5183837443926,51.462568225248354],[5.5184083932375,51.46255788749898],[5.518433633762638,51.46254814232978],[5.518945296158487,51.46238469037309],[5.5189704776632835,51.46236456324774],[5.518981365205493,51.462357674607546],[5.5189915320087035,51.46235035532556],[5.519000906254499,51.46234265042668],[5.5190094736050135,51.462334577904564],[5.519017190995302,51.46232617376275],[5.5190240153605625,51.46231747400477],[5.519029932441409,51.46230852359031],[5.519034899147196,51.46229934953411],[5.5190389156085935,51.462289996779624],[5.519041967540387,51.46228050129769],[5.519044026293603,51.46227090806407],[5.51904507755748,51.462261244061125],[5.519043015590965,51.4622548105109],[5.5190420181517705,51.462248267892285],[5.519042114279336,51.462241706058975],[5.519043289739646,51.46223517895912],[5.519045544765988,51.46222876749038],[5.519048850760769,51.46222253460567],[5.519053164736658,51.46221654327418],[5.519058443732206,51.462210865453834],[5.51906464476014,51.46220556411369],[5.5190716816125915,51.46220068429454],[5.5190794825226615,51.462196288997966],[5.51908797567228,51.462192423248545],[5.519097060437562,51.46218912311473],[5.519106650584627,51.462186424648564],[5.519116631100655,51.46218436393483],[5.519126901309724,51.46218295906468],[5.519137346121065,51.462182219157036],[5.519147850469395,51.46218216231952],[5.51915831360133,51.4621827796775],[5.51916862040001,51.46218407136134],[5.519178655695712,51.46218601952431],[5.519188318709298,51.462188606303194],[5.519197494245309,51.462191804862655],[5.5192060958615015,51.46219557934606],[5.519214037089537,51.462199884908095],[5.519221217071616,51.46220467671996],[5.519227563754637,51.46220991890871],[5.519233004955784,51.46221553065839],[5.519238947184294,51.462225204716056],[5.519245967835975,51.46223459890283],[5.519253994832789,51.46224366835678],[5.519263013654916,51.46225236815089],[5.5192729810036365,51.462260653390686],[5.519283839215671,51.46226848818661],[5.519295545017794,51.462275836632934],[5.5193080407468,51.46228266283994],[5.5193212543499675,51.462288930934484],[5.51933512816367,51.46229460502708],[5.51934961896633,51.46229966718927],[5.519364611561491,51.462304090585256],[5.519380077116923,51.462307857270446],[5.51939124457742,51.46231315690247],[5.519403000533001,51.46231794351185],[5.51941527298275,51.46232219920292],[5.519428004262667,51.46232588808614],[5.519441108034077,51.4623290102595],[5.519454555413018,51.46233152980084],[5.51946824567033,51.462333446824566],[5.519482121194413,51.46233474341852],[5.519496110062438,51.46233542865303],[5.51951014024638,51.462335475643776],[5.519524139849487,51.46233490244984],[5.519538036922213,51.46233370915284],[5.519551759514251,51.4623318958344],[5.519565250093017,51.462329471548706],[5.519755706026902,51.46222805167981],[5.520208030601962,51.461847513509795],[5.520219528133067,51.46183772970737],[5.520231875852037,51.46182835841164],[5.520245045084522,51.46181943560979],[5.520258992740478,51.461810988316806],[5.520273675703559,51.461803034558976],[5.520289050910355,51.46179561033976],[5.520305060855301,51.46178873370201],[5.520321662422216,51.46178242267197],[5.520338798132541,51.46177670428113],[5.5203564104807,51.46177159657234],[5.520374470688055,51.461767099578125],[5.520392892523257,51.461763249351534],[5.520445302462432,51.46174950868573],[5.520584156437287,51.46171315247301],[5.520836730030821,51.46164701212683],[5.520848898795904,51.46164537122218],[5.520860792207829,51.46164306547094],[5.5208723095916845,51.461640112965966],[5.52088337907907,51.461636540755904],[5.520893885632325,51.46163237593877],[5.520903771772202,51.46162764554676],[5.520912936877714,51.46162238565012],[5.5209213379119735,51.46161664124172],[5.5209288886699435,51.46161045736392],[5.520935546114961,51.46160387900961],[5.520941238484536,51.46159696918207],[5.520945937106676,51.46158976386909],[5.520949598997953,51.461582326040926],[5.520952195590199,51.46157472763959],[5.520953712599462,51.461567004635924],[5.520954135848284,51.461559228955906],[5.520953451132151,51.46155146353624],[5.520975780044667,51.4611777611639],[5.520970502032465,51.46116894934377],[5.520966273813222,51.46115992059029],[5.520963109907347,51.46115071983022],[5.520961053640746,51.461141400946055],[5.520960090755469,51.461132008897266],[5.520960250214181,51.461122606571514],[5.5209615033432415,51.461113229956375],[5.520963864689431,51.46110393296695],[5.520967305658,51.46109477855671],[5.520971826354165,51.46108580268014],[5.520977383767514,51.46107705931837],[5.52098396364035,51.46106859343111],[5.52099152296238,51.46106045899937],[5.521000018670785,51.461052692027174],[5.5210093933136974,51.46104532853488],[5.521019618270622,51.46103842248724],[5.521030636089709,51.461032009904564],[5.521042374877157,51.46102610884664],[5.521054777234428,51.461020773311034],[5.521067771267645,51.4610160213576],[5.521081299473006,51.461011871029434],[5.521095261257312,51.46100836738535],[5.521109613426952,51.46100550148609],[5.5211242697518825,51.461003309385305],[5.521139129534326,51.461001800187276],[5.521154135217642,51.46100097395816],[5.521169186103213,51.461000839802296],[5.521184224634758,51.46100139778581],[5.52120915765262,51.461000119689764],[5.521234150183102,51.460999506681084],[5.521259159059249,51.46099955880936],[5.521284141114479,51.46100027612435],[5.521309053181683,51.46100165867568],[5.521333852094109,51.46100370651305],[5.5213584802424895,51.46100640172564],[5.521382908902352,51.46100976232387],[5.521407094827076,51.46101376139186],[5.521430966097692,51.46101840800104],[5.521454508246152,51.461023675202334],[5.521477678131827,51.46102957203441],[5.521500418145418,51.461036080586524],[5.521522685066465,51.461043182931384],[5.521544464506418,51.46105087908593],[5.521565684439514,51.46105914216736],[5.5215863304503054,51.461067963204066],[5.521601746428924,51.46107451613753],[5.521617765014029,51.46108047512208],[5.521634314232198,51.46108583125169],[5.521651365224735,51.46109055759346],[5.521668817212541,51.461094636286234],[5.521686641389789,51.46109805837429],[5.52170476575565,51.461100805963355],[5.521723103973836,51.461102879152776],[5.521741612821738,51.46110426001523],[5.521760234741796,51.46110494861702],[5.521778869007229,51.46110494507441],[5.5217974868119155,51.461104240432064],[5.521815987456417,51.46110284379492],[5.52183434216093,51.46110075519637],[5.521852450252206,51.46109799273001],[5.521870254145947,51.46109454747392],[5.521887710779461,51.4610904554327],[5.521904748205057,51.46108571668964],[5.521921294528913,51.46108034930535],[5.5219372922463466,51.46107437132391],[5.521949910351733,51.46106903544369],[5.521962110099938,51.461063340499344],[5.521972512214533,51.46105799819077],[5.521982568185141,51.46105238662177],[5.5219907826429475,51.4610371593111],[5.522000048207497,51.46102216448927],[5.522010336205575,51.46100743814363],[5.522021632300493,51.46099299826803],[5.522033922208453,51.460978880833245],[5.522047177203539,51.46096510384954],[5.522348451563975,51.46074343591541],[5.522381790700986,51.46071890313195],[5.522596593220295,51.46051047626382],[5.522801565623074,51.460311597409],[5.52281277314512,51.460301382231386],[5.522824816326555,51.46029153461522],[5.5228376521338784,51.46028209955381],[5.522851266231355,51.460273095040854],[5.522865615504933,51.46026453910358],[5.522880642505663,51.46025646776331],[5.522896332871059,51.46024889002524],[5.522912629125723,51.4602418329219],[5.522929488155685,51.46023531448069],[5.522946881237296,51.460229352712],[5.522964722089669,51.460223965693615],[5.522983010740378,51.46021916241402],[5.523001660908966,51.460214960950715],[5.523096220472132,51.46018409149755],[5.523256215011473,51.46013176154854],[5.523328435234564,51.460108135886536],[5.523894981674576,51.4599227286123],[5.524340701517642,51.45970458929631],[5.5249173207927,51.459493844118],[5.524937764470341,51.45948811215171],[5.524958569440456,51.45948290109733],[5.524979692618104,51.45947823797161],[5.525001407174512,51.45947405054197],[5.525023382439157,51.45947042908595],[5.525045589661995,51.45946738262593],[5.52564795643763,51.459426372302836],[5.525649927296417,51.459426235131254],[5.525650776072817,51.45942618019078],[5.52593298405026,51.45940695935624],[5.52633480568369,51.45932625642168],[5.52647224573964,51.45929731052586],[5.526811185106668,51.459216195700215],[5.527333847918016,51.45909112922819],[5.52849748158457,51.458812666383444],[5.528985191296925,51.458758932987735],[5.529084395846847,51.458747998872894],[5.529305200250894,51.45872366715278],[5.529699158809261,51.45870900194513],[5.529714982520025,51.45870778710113],[5.529839025846133,51.45869821520753],[5.529840312307439,51.45852545144691],[5.529840383265122,51.45852513675671],[5.529855921287163,51.45849703713906],[5.529876794237543,51.45844953344312],[5.5299043893519935,51.458421284225736],[5.529914093762699,51.45841418028242],[5.529926396856403,51.45840527542195],[5.529939391803759,51.458396756225454],[5.5299530355239614,51.45838864971142],[5.529967299296227,51.458380973892105],[5.529982154371684,51.458373737791284],[5.529997557669888,51.4583669684274],[5.530013466081787,51.45836068383049],[5.530042656593036,51.458350284118524],[5.5300723524915965,51.45834045905425],[5.530102510640794,51.45833121767891],[5.530133131041777,51.45832255999221],[5.530164156198049,51.45831450404158],[5.530195571721971,51.45830704984438],[5.5302273488939475,51.458300215412855],[5.530259430133683,51.4582939918288],[5.530291829886593,51.45828839705156],[5.530324476240147,51.458283440157814],[5.530357354779122,51.45827911217643],[5.530390436783974,51.458275431119766],[5.5304056584401255,51.458274989947164],[5.530420806175778,51.45827391965669],[5.530435808048117,51.45827222033675],[5.5304505921423885,51.45826990106459],[5.530465100932532,51.45826697089954],[5.530479262504046,51.45826343891895],[5.530493019387511,51.458259332159564],[5.530506299668462,51.458254659698504],[5.530519534406033,51.45824923224396],[5.530532134267547,51.45824323928271],[5.53054404184026,51.458236725829],[5.530555199626903,51.458229709931],[5.530565564575313,51.458222227596664],[5.53057506485644,51.45821431486923],[5.530583657418188,51.45820600775656],[5.530591328014196,51.45819735121964],[5.53059800481549,51.458188381301845],[5.5306036879927545,51.45817915193505],[5.530756601744688,51.45799883974163],[5.530789298427677,51.45795058424224],[5.530828167765735,51.45789323358228],[5.53087380855494,51.45766535952793],[5.530873224075258,51.45748001391157],[5.530875283668638,51.457462420548595],[5.5308784657379215,51.45744488872214],[5.530882756006509,51.45742745440451],[5.530888154530396,51.457410135572815],[5.530894661421478,51.45739296818147],[5.530902247987436,51.45737597923168],[5.5309109286719975,51.45735918668268],[5.530920660422753,51.45734262654211],[5.530931443323935,51.45732632577546],[5.530943263043406,51.45731030237763],[5.530956090888702,51.45729458334958],[5.530966582478246,51.45728172559899],[5.530977981478658,51.45726917234262],[5.530990287974734,51.45725695054598],[5.531003458914916,51.45724509621662],[5.53101746555129,51.45723361837844],[5.53103229360871,51.45722255300353],[5.531047914339232,51.457211909115514],[5.5310642846918325,51.457201722722004],[5.531081361530571,51.45719200286462],[5.5310992595345105,51.45718261457148],[5.531117835447267,51.45717375576971],[5.5311370749945,51.45716546243133],[5.531156920681008,51.45715775260445],[5.531177329371215,51.457150635330684],[5.531198243570193,51.457144128658086],[5.531219648975678,51.45713825957012],[5.53124145923167,51.45713301918452],[5.531251971924961,51.457131424183586],[5.531262702627367,51.4571305210396],[5.531273521903507,51.457130327889935],[5.531284314592174,51.45713082689963],[5.531294965645805,51.45713203618827],[5.531305359846736,51.457133919943644],[5.531315382090524,51.45713647830837],[5.531324931518786,51.4571396664637],[5.531333892970168,51.45714346657507],[5.53134216555738,51.45714782483524],[5.53134967719807,51.457152696390324],[5.531356327004918,51.45715802743312],[5.531362057254706,51.45716376410324],[5.53138166091412,51.457175065571384],[5.5314020255029135,51.457185844751805],[5.531423093383266,51.45719607474935],[5.531444835721413,51.45720573762223],[5.53146720926774,51.457214806457394],[5.531490185245123,51.45722328129025],[5.531513720431811,51.45723114419655],[5.531547225913916,51.45723877901999],[5.531581046237242,51.45724587412372],[5.531615123904819,51.45725244755589],[5.531649458829978,51.45725847235044],[5.53168403665246,51.45726395751358],[5.531718814206258,51.45726890309869],[5.531753777073883,51.45727330013478],[5.531788910837221,51.457277139650934],[5.532443918680642,51.45723191206777],[5.532457235634094,51.457229873018136],[5.532470248458254,51.457227214128004],[5.5324829139882565,51.457223935451196],[5.532495131564325,51.45722005509084],[5.532506843748067,51.45721560907322],[5.532517978655754,51.45721061546553],[5.53252846443323,51.45720510132357],[5.5325382436420645,51.457199102673755],[5.532547258844698,51.45719265554271],[5.532555452603403,51.457185795956754],[5.532562796285667,51.457178568895344],[5.532569218037093,51.457171001414004],[5.532574703670744,51.45716315645149],[5.532579224525587,51.45715506999835],[5.532582723221497,51.457146796058176],[5.532582377541966,51.457137664002],[5.532581024810797,51.45712856915692],[5.532578665143533,51.457119547477404],[5.532575341877239,51.45711065284125],[5.532571040738957,51.457101921221046],[5.5325657906487615,51.45709339752379],[5.532559620497985,51.457085117668036],[5.532552559177782,51.45707711757237],[5.532544635608227,51.45706944214377],[5.532535878651428,51.45706211831207],[5.532526360391638,51.45705519093067],[5.532516080914849,51.45704868696508],[5.532505126663848,51.45704264226215],[5.532496092848485,51.457034222155116],[5.5324862831990105,51.4570261535728],[5.532475726578135,51.45701846344499],[5.532464466207006,51.45701116969496],[5.532452530948273,51.45700429925243],[5.532439978439493,51.456997879011574],[5.532426837543138,51.456991935901996],[5.532413165868194,51.45698648782923],[5.532398992247787,51.45698155273439],[5.532384388650441,51.45697713951632],[5.531917246683721,51.45681747959996],[5.53190289463324,51.45681522328979],[5.531888871309891,51.45681227444225],[5.531875248768516,51.45680866892256],[5.531862127725403,51.45680440660592],[5.531849551487664,51.45679953238206],[5.531837620828686,51.45679406410337],[5.531826407802736,51.456788037635334],[5.531815970047195,51.45678147987258],[5.531806365285567,51.45677444467574],[5.531797665600002,51.45676697689896],[5.531789914239887,51.45675910345479],[5.531783168927817,51.45675087820368],[5.5317774442228025,51.45674235505976],[5.531772797818923,51.456733578895154],[5.531769244274326,51.456724603623705],[5.531766812535724,51.45671548314179],[5.5317655171897835,51.45670628035194],[5.5317653583503255,51.456697031208776],[5.531766350632488,51.45668780760349],[5.531768465430963,51.45667866350364],[5.531783634584553,51.45666638413891],[5.531799567489149,51.45665448134861],[5.531816206649634,51.45664297318101],[5.531833552122975,51.45663187761311],[5.531851575161852,51.45662120366899],[5.531870232659506,51.45661096937918],[5.531878682915199,51.456603327507864],[5.5318960972436235,51.45658673976838],[5.531912661587764,51.45656981151248],[5.531928332812781,51.45655255178273],[5.531943111033572,51.456534996533954],[5.531956981862959,51.4565171457844],[5.5319699309996615,51.456499026518244],[5.5319819297545205,51.45648066573736],[5.531992978128339,51.456462063442075],[5.532003076207702,51.45644324659848],[5.532012180915983,51.4564242422265],[5.532020321087188,51.4564050682678],[5.532027453587259,51.45638573376486],[5.532033237080892,51.456367488567054],[5.532087569377768,51.45623739992529],[5.532079850968186,51.45616295637514],[5.532064971663732,51.45608531277184],[5.532028387606306,51.45600062206195],[5.531985088890681,51.455921809284625],[5.531941356026405,51.455860273252675],[5.531926343403825,51.455840202223435],[5.531876275644829,51.45577726281375],[5.531803203001363,51.45570554303671],[5.531801702122516,51.455704106712105],[5.531776879912247,51.45568035349316],[5.531691524198,51.455618869002606],[5.530068382570885,51.455479503813685],[5.527656923355816,51.45524572437305],[5.525631330376771,51.454980982808536],[5.525375752282431,51.45494757687095],[5.525127267492844,51.4549065386874],[5.523785866466873,51.45468499316141],[5.5223873651201405,51.454411990725255],[5.521154018894044,51.45413919075691],[5.519508872348354,51.45372520270895],[5.519178382066955,51.453642033272956],[5.518683320689553,51.45349181350507],[5.517127043736771,51.45301956361564],[5.514097575650993,51.451979980010165],[5.512673197787675,51.45149115055196],[5.511853223647377,51.45248623953655],[5.511201978019857,51.45327268790991],[5.511093426988602,51.45344143079746],[5.510564205000524,51.454069742927565],[5.510306159053386,51.45439023713946],[5.510134971132661,51.4545845910809],[5.509986112427056,51.454747433938024],[5.509771515747233,51.455011666028334],[5.509677379750046,51.4551240244815],[5.509416375409782,51.455435549115755],[5.5092016080528,51.45563846863352],[5.509036120672607,51.45577287854959],[5.508864736441991,51.455892283316736],[5.508483758242184,51.45611751404938],[5.507741783970086,51.45647872960477],[5.507069322336027,51.456763869763016],[5.5065149721286515,51.45697504324859],[5.506144617155738,51.45709976126857],[5.505150540420669,51.45738862497719],[5.504878319678692,51.4574555521223],[5.5047081254077685,51.45749739446769],[5.504005233993939,51.4576173368797],[5.503640093784582,51.4576534683182],[5.503242218081508,51.45767771225996],[5.502397471438801,51.45772552544104],[5.5007637133331935,51.457774940324406],[5.498300000037085,51.457664615438645],[5.498368830357457,51.45858826065578],[5.4989935089964765,51.45936804674595],[5.499340843835091,51.45950470997912],[5.500002514883419,51.45950848725664],[5.500521468863911,51.45927866753286],[5.500923958504407,51.4592681981093],[5.501430310033531,51.45953071363153],[5.501489863226769,51.459755229743585],[5.501425931871523,51.459971210887595],[5.501841586602346,51.46113812497123],[5.50299311436409,51.462055798079646],[5.504635592641158,51.46271808353155],[5.506955913050462,51.46274734370411],[5.50765771748854,51.463016525469406],[5.508482616348606,51.46333291283227],[5.50924827290544,51.463967036407226],[5.50941069996238,51.464222672666],[5.509409913240928,51.46444759765855],[5.508925183418766,51.464780353848724],[5.508940161139761,51.464979068501485],[5.509678580748705,51.46538930114001],[5.5102352436140665,51.46541581547773],[5.512279110309981,51.465249560367006],[5.513102378198106,51.4654697048988],[5.513883149310379,51.46550048077037],[5.51438860322693,51.46555628186373],[5.5144890971509914,51.465513545201176]]]]},"properties":{"buurtcode":"BU07723370","buurtnaam":"Koudenhoven","gemeentenaam":"Eindhoven","aantalInwoners":525,"crime_violent":1,"crime_property":0,"crime_disorder":0,"crime_count":1}},{"type":"Feature","geometry":{"type":"MultiPolygon","coordinates":[[[[5.504540113460962,51.467058435214135],[5.502253850285747,51.465614197416805],[5.501262013158581,51.464979108171406],[5.500887008263821,51.46489852285047],[5.500863335870411,51.464678818159584],[5.50083076480063,51.46447475342048],[5.500746882116088,51.464231979589506],[5.500574996579683,51.46395748050234],[5.500296631686049,51.46366285110269],[5.499430881411986,51.46275176897496],[5.4992615125725175,51.462573526880085],[5.500232097225284,51.46202942236931],[5.50169410458562,51.46121061075481],[5.501841586602346,51.46113812497123],[5.501425931871523,51.459971210887595],[5.501489863226769,51.459755229743585],[5.501430310033531,51.45953071363153],[5.500923958504407,51.4592681981093],[5.500521468863911,51.45927866753286],[5.500002514883419,51.45950848725664],[5.499340843835091,51.45950470997912],[5.4989935089964765,51.45936804674595],[5.498368830357457,51.45858826065578],[5.496859458838792,51.45908822952747],[5.496308603718186,51.459202362597026],[5.494686740024816,51.45953838445129],[5.4944111294118585,51.459565979269264],[5.49131216465881,51.45987619462457],[5.491183064305743,51.45988911609757],[5.49067078189794,51.4602324600491],[5.490608861455952,51.46065816674293],[5.490573545445027,51.46090096920925],[5.490648753807679,51.46123113680085],[5.491111641758058,51.46272983907616],[5.49139637336335,51.463651670167614],[5.4915093753094,51.464017509924126],[5.491686437519105,51.46438247594744],[5.491924457854889,51.464772399646684],[5.492766245516317,51.46600488821748],[5.493635472837413,51.467277472742744],[5.495874554341071,51.467120327744475],[5.49720785226051,51.46708049072633],[5.49821359426182,51.46710815027375],[5.499122114155807,51.46716450819176],[5.50163206818139,51.46743009732232],[5.502110188832447,51.46748068231541],[5.5034645167423335,51.46759205827314],[5.504504345811103,51.467645980751854],[5.504540113460962,51.467058435214135]]]]},"properties":{"buurtcode":"BU07724350","buurtnaam":"Oude Gracht-Oost","gemeentenaam":"Eindhoven","aantalInwoners":1310,"crime_violent":3,"crime_property":0,"crime_disorder":0,"crime_count":3}},{"type":"Feature","geometry":{"type":"MultiPolygon","coordinates":[[[[5.50811332041402,51.467692676462335],[5.510255073365559,51.46757684727349],[5.511580452802367,51.46749692500468],[5.511818668117691,51.46728593045793],[5.512229907897209,51.466989547284115],[5.51229192166532,51.46693780492027],[5.512319754882934,51.466917047186946],[5.5123428774447465,51.466899818060874],[5.512432432552196,51.46682073849054],[5.512613420619752,51.46669682391623],[5.512697529154644,51.46665218556024],[5.512784422751918,51.46662079342693],[5.512865013657282,51.46660010453192],[5.513060540901891,51.46655656815839],[5.513154985451078,51.46653936068723],[5.513221158276598,51.466535046492005],[5.51331623113556,51.466526503279326],[5.51340646627505,51.466527529163635],[5.513521047524983,51.466542802580484],[5.51363814370359,51.46656196524586],[5.513735623619266,51.466570317761295],[5.513862350932203,51.46657514181821],[5.513993264816671,51.46656399732105],[5.514054440833633,51.466548254514294],[5.51411827808603,51.466521794293506],[5.514177282801007,51.466465416052884],[5.51422465711085,51.46640306401313],[5.514288917991682,51.46630675235486],[5.514328858794099,51.46624689823817],[5.514343449078858,51.46617392136016],[5.514339765786471,51.46610202508156],[5.5142935931672135,51.46592953810665],[5.514259596652787,51.46585546367268],[5.514233689681829,51.465776859113284],[5.514236122611137,51.46571524817852],[5.514249394508053,51.46568039365845],[5.514257123347076,51.465660097823246],[5.514314706268816,51.46560006267426],[5.5143885672926105,51.46555629718374],[5.51438860322693,51.46555628186373],[5.513883149310379,51.46550048077037],[5.513102378198106,51.4654697048988],[5.512279110309981,51.465249560367006],[5.5102352436140665,51.46541581547773],[5.509678580748705,51.46538930114001],[5.508940161139761,51.464979068501485],[5.508925183418766,51.464780353848724],[5.509409913240928,51.46444759765855],[5.50941069996238,51.464222672666],[5.50924827290544,51.463967036407226],[5.508482616348606,51.46333291283227],[5.50765771748854,51.463016525469406],[5.506955913050462,51.46274734370411],[5.504635592641158,51.46271808353155],[5.50299311436409,51.462055798079646],[5.501841586602346,51.46113812497123],[5.50169410458562,51.46121061075481],[5.500232097225284,51.46202942236931],[5.4992615125725175,51.462573526880085],[5.499430881411986,51.46275176897496],[5.500296631686049,51.46366285110269],[5.500574996579683,51.46395748050234],[5.500746882116088,51.464231979589506],[5.50083076480063,51.46447475342048],[5.500863335870411,51.464678818159584],[5.500887008263821,51.46489852285047],[5.501262013158581,51.464979108171406],[5.502253850285747,51.465614197416805],[5.504540113460962,51.467058435214135],[5.504504345811103,51.467645980751854],[5.504827270414091,51.46766612595531],[5.506078826653862,51.4676970917409],[5.50659462211443,51.467709849577446],[5.50811332041402,51.467692676462335]]]]},"properties":{"buurtcode":"BU07724360","buurtnaam":"Eckartdal","gemeentenaam":"Eindhoven","aantalInwoners":315,"crime_violent":1,"crime_property":0,"crime_disorder":0,"crime_count":1}},{"type":"Feature","geometry":{"type":"MultiPolygon","coordinates":[[[[5.489135932932289,51.47581346772055],[5.489995229228478,51.47575697402776],[5.490191943303821,51.47574404089409],[5.49087080309279,51.47569861235577],[5.491368057262317,51.47566533415181],[5.493002174840713,51.47554885716522],[5.493447745002263,51.47551709386014],[5.49448411232971,51.475429675989304],[5.494697135982342,51.47541170637073],[5.49529254536353,51.475370719134894],[5.49625369114757,51.47530454875956],[5.496896334895161,51.47526030106961],[5.499470526325948,51.475064125601236],[5.5002524192568405,51.47501636790099],[5.5013043627826335,51.474952107307445],[5.502003700218326,51.47486302772998],[5.502023929244456,51.47477744568965],[5.502348976104604,51.474786794016254],[5.50276976200851,51.47479235487874],[5.5028844939679615,51.474780285216696],[5.503366766689442,51.47469490756166],[5.502676313108259,51.47413220383403],[5.502254184399565,51.473940811620324],[5.501170885353767,51.47344963149254],[5.498527921120034,51.47118010560194],[5.498408512391841,51.47109494246643],[5.495345783174164,51.46891042819753],[5.494936800114559,51.46851818172206],[5.493635472837413,51.467277472742744],[5.490505106221293,51.467488372928194],[5.4888540837907005,51.467605494196924],[5.488640152684166,51.46762066748699],[5.487688896773298,51.467688131235725],[5.486899022624419,51.467705501040534],[5.487007098245414,51.46842087134433],[5.48705520094044,51.46873926582918],[5.487087787724066,51.46895495573436],[5.4873645458267015,51.47051327355466],[5.487772314987809,51.472774246412904],[5.487907361061572,51.47351777089551],[5.488111414548791,51.474641178654075],[5.488333724810649,51.47586503099335],[5.489135932932289,51.47581346772055]]]]},"properties":{"buurtcode":"BU07725410","buurtnaam":"Eckart","gemeentenaam":"Eindhoven","aantalInwoners":4310,"crime_violent":15,"crime_property":1,"crime_disorder":18,"crime_count":34}},{"type":"Feature","geometry":{"type":"MultiPolygon","coordinates":[[[[5.50773374089079,51.47563426394612],[5.50785761241406,51.475600472340744],[5.507970693756927,51.47556332194008],[5.508019190928108,51.47555990182147],[5.508180854635609,51.47555637233955],[5.508349076081656,51.47555441692081],[5.508324580618063,51.475475504012806],[5.508295816440934,51.47529502372836],[5.508295032581666,51.4751897314319],[5.508208144352846,51.474992179131334],[5.508172971566637,51.474837215271094],[5.50813979952145,51.474627984806865],[5.5080887549703546,51.47446147707875],[5.508064893851144,51.47438364299065],[5.508002283007521,51.474226828899994],[5.507967041687747,51.474116080241544],[5.5079582750852785,51.4740505889939],[5.507958287619879,51.474049887865775],[5.5079596621025875,51.4739928534245],[5.507961739311255,51.473940285616315],[5.507976185176619,51.47383521124237],[5.50798157937253,51.473736258533954],[5.507974190467349,51.47360949918579],[5.507948166926154,51.47339220743177],[5.507902116538702,51.473085706030155],[5.507892013389184,51.47291222645008],[5.507897349551316,51.472802208764115],[5.5079350014736805,51.47262830218645],[5.508026656584622,51.47240593569731],[5.508057485775305,51.47232978778571],[5.508098601896556,51.47221963409503],[5.508129024889227,51.472120691352444],[5.508154684752832,51.472011299738085],[5.508164632748835,51.471925546617875],[5.50817836635217,51.47182908407623],[5.508180469116579,51.47160203741663],[5.508179929712778,51.471507333489924],[5.508180148720709,51.471465158485294],[5.508176911421761,51.47142220505576],[5.5081651686693,51.471379476183756],[5.50814479520292,51.47132773165748],[5.508123438362458,51.47127420839397],[5.5081040627778135,51.471224233590135],[5.508095267169668,51.47116935797712],[5.508103003884929,51.47112353476561],[5.508127051030586,51.47106825653798],[5.508144061714798,51.47104608184376],[5.508189146842037,51.470994790706015],[5.508232835521853,51.47094881329743],[5.508275125383979,51.4709072507563],[5.5083287276086335,51.470865667452216],[5.508416196295428,51.47080285364427],[5.508646255788844,51.47067716839278],[5.509039981476546,51.470485883230594],[5.509054326430044,51.47047891999818],[5.509329315352974,51.470358597573686],[5.509806823881843,51.470171428665324],[5.510016400023817,51.47008452134629],[5.510077807988484,51.47004579638922],[5.510122894724453,51.46999627526281],[5.510134092511664,51.46995385496181],[5.51012958951565,51.46991184672528],[5.510108848265404,51.46987372972919],[5.510016722889451,51.46978793125013],[5.509956415088247,51.46975414351302],[5.509862085191135,51.46972065223504],[5.509638007880364,51.469664762720335],[5.509320145224407,51.46957940740747],[5.509228546100183,51.469549589116745],[5.509141166534889,51.4695153529074],[5.50912744637187,51.46950828420227],[5.509114430098742,51.46950072038283],[5.509102160963654,51.469492688370096],[5.50909066779867,51.46948420611148],[5.509080022684194,51.469475318475105],[5.509070240059977,51.46946604342335],[5.509061348805897,51.46945641688091],[5.50905340660988,51.46944648373094],[5.509046427935725,51.46943627092447],[5.509040441662815,51.469425814386106],[5.509035447887103,51.469415150070574],[5.509031504295588,51.46940432286088],[5.509028582200183,51.469393368741954],[5.509026724872154,51.46938232362306],[5.509025918038823,51.4693712324625],[5.509026176163766,51.46936012221116],[5.509027499390339,51.469349046800886],[5.509029873421735,51.46933804220126],[5.509033298353789,51.46932714436662],[5.509037759913793,51.469316398255145],[5.5090432293894915,51.46930583086268],[5.509049706899989,51.46929548713234],[5.509057163757467,51.46928540304845],[5.509151139165204,51.46919780014488],[5.509275619749471,51.46911893814027],[5.509403640278123,51.46904006330106],[5.509656129643542,51.468894667348515],[5.509731228532433,51.46885801354976],[5.509853673887939,51.46879902698978],[5.509863533877095,51.46879427059882],[5.510020408440497,51.46873155327591],[5.510107457378511,51.46868623954809],[5.510213016585021,51.46862590414388],[5.510217313087534,51.46862344570415],[5.5104052725936485,51.46849681264278],[5.510508564783711,51.46839679443795],[5.510533367106678,51.46837753245861],[5.510636769923827,51.4682972980605],[5.510729269933044,51.468214126848835],[5.510857181836292,51.468097102652955],[5.510960706455541,51.468009173544026],[5.511062327020656,51.46793036985557],[5.511267282033562,51.467747205627894],[5.511475831035485,51.46758960095146],[5.51156593386627,51.467509784397414],[5.511580452802367,51.46749692500468],[5.510255073365559,51.46757684727349],[5.50811332041402,51.467692676462335],[5.50659462211443,51.467709849577446],[5.506078826653862,51.4676970917409],[5.504827270414091,51.46766612595531],[5.504504345811103,51.467645980751854],[5.5034645167423335,51.46759205827314],[5.502110188832447,51.46748068231541],[5.50163206818139,51.46743009732232],[5.499122114155807,51.46716450819176],[5.49821359426182,51.46710815027375],[5.49720785226051,51.46708049072633],[5.495874554341071,51.467120327744475],[5.493635472837413,51.467277472742744],[5.494936800114559,51.46851818172206],[5.495345783174164,51.46891042819753],[5.498408512391841,51.47109494246643],[5.498527921120034,51.47118010560194],[5.501170885353767,51.47344963149254],[5.502254184399565,51.473940811620324],[5.502676313108259,51.47413220383403],[5.503366766689442,51.47469490756166],[5.503607780781988,51.47465223249025],[5.504009646248844,51.474885436487746],[5.505606103936464,51.47517984857108],[5.506342402232401,51.475299033699734],[5.5071134679201075,51.47544637582512],[5.5073061898660916,51.47549606438382],[5.507510839532165,51.475570980454215],[5.507674140335218,51.475642127731604],[5.50773374089079,51.47563426394612]]]]},"properties":{"buurtcode":"BU07725420","buurtnaam":"Luytelaer","gemeentenaam":"Eindhoven","aantalInwoners":1000,"crime_violent":1,"crime_property":0,"crime_disorder":0,"crime_count":1}},{"type":"Feature","geometry":{"type":"MultiPolygon","coordinates":[[[[5.4898390936460375,51.48249541971514],[5.491057091756934,51.48241890940968],[5.491254920434772,51.482364703028146],[5.4914404001963675,51.482201357294144],[5.491898672735582,51.48231575031412],[5.492520104115952,51.48227183978158],[5.492686189057717,51.48226010316566],[5.492841236812071,51.48224914754726],[5.494611190294093,51.482124058562455],[5.495566340815825,51.48205654309384],[5.496585224596915,51.4819845142095],[5.49677276389581,51.48197125502549],[5.497185737442027,51.481942056428665],[5.497314391068591,51.481932960653594],[5.498026077872483,51.48188263802919],[5.498227101582564,51.4818684234696],[5.5004443296808185,51.48182533930129],[5.5010388319360715,51.481813780406625],[5.502104017815023,51.48179306150217],[5.502807919227829,51.481903731099194],[5.503307108424219,51.48198221268806],[5.503367753611511,51.481929424824315],[5.504214403216605,51.482057729400296],[5.504755586352758,51.482130411684494],[5.506018899525201,51.48230006946814],[5.506063256504748,51.48224813994446],[5.5061861943030435,51.482053571992274],[5.506272638409933,51.48194748053887],[5.506429828060496,51.481815519233926],[5.5066699444288885,51.48159854795488],[5.506833863917356,51.48147013870786],[5.506881827340458,51.48142500238494],[5.506964519896217,51.481316694068276],[5.507069536699183,51.48123451071968],[5.507470236819857,51.48086176095586],[5.507672060523233,51.480675595262845],[5.50768333069411,51.48066412308032],[5.507711685576573,51.48063526715502],[5.507812657336776,51.4805324943126],[5.50790591060545,51.480466951385544],[5.50803223912258,51.48035058820893],[5.508148081347497,51.48026456349096],[5.508270153336384,51.48020446444792],[5.508459595835895,51.480090426202246],[5.5084810250518075,51.48007754114133],[5.508647771071136,51.47998196193289],[5.5087439697683065,51.479899013231076],[5.508800445410826,51.47982997539522],[5.508830700259109,51.47979611053347],[5.5089670762182,51.47964348461268],[5.509034826127884,51.47958111345046],[5.50909312805729,51.47953855413349],[5.509168393993717,51.47949843992518],[5.5092346656223254,51.479470119211044],[5.509276378321151,51.47945229596825],[5.509428623960868,51.47937798000202],[5.509498730211733,51.479319686945814],[5.509559727757622,51.47923595653368],[5.509576310099914,51.47917673985155],[5.5095836961172955,51.479107627328496],[5.509570585666767,51.47903930935272],[5.509527807978758,51.47894455093534],[5.509466132994429,51.47888849050528],[5.509336858570173,51.47881073039004],[5.5091558327397445,51.47872150983486],[5.509135975168259,51.478713557678184],[5.509104416310433,51.478700907704415],[5.508950554838585,51.47866559033388],[5.5088452046382494,51.47865184883368],[5.508697699934699,51.47864658255183],[5.508460020859072,51.4786396391826],[5.508250951180759,51.47865140695783],[5.50821269075528,51.47865191410402],[5.50817983748753,51.47865041115488],[5.508146765074176,51.47864769495556],[5.508119057500078,51.47864329230229],[5.50808618786647,51.47863562312734],[5.5080616665233215,51.478627657648516],[5.507941162997604,51.47856665073029],[5.507884634949932,51.47851266051115],[5.5078824125167225,51.47851054149044],[5.507851471833739,51.47845395399956],[5.507833665486252,51.478377955390464],[5.507814876246003,51.478278677182836],[5.5077947141088055,51.47819906756649],[5.507763799726197,51.47812511394531],[5.507843456052314,51.477944215748764],[5.508028497388888,51.47767198242555],[5.508075802810475,51.477576150269925],[5.508167938692332,51.47746630319846],[5.508244435528587,51.47740287173161],[5.50842135948056,51.477305754178886],[5.508556281906979,51.47722032041123],[5.5086428881096525,51.477153516396655],[5.508750393974183,51.47705944590824],[5.508770140193348,51.47704216709381],[5.508814180476736,51.47699116445975],[5.508828852501037,51.47693882618907],[5.508826349635357,51.4768963843743],[5.508810872214824,51.476851987584524],[5.508810191718812,51.47685050516659],[5.508778057324382,51.47675658028919],[5.508754189826838,51.47669126665618],[5.5087273621219,51.47662780776814],[5.508687692646683,51.47653657833011],[5.5086659588119,51.476499387954924],[5.508617880438605,51.4764178660156],[5.508595416918132,51.47636609678914],[5.508574538916473,51.47631511690833],[5.508560743475066,51.47627514973903],[5.508560239200243,51.47627497049109],[5.5085482510188895,51.476227190296775],[5.508539247962256,51.47618687656526],[5.508521824227091,51.476114113566645],[5.5085070101899865,51.47605377016982],[5.5084909391675385,51.47598624614383],[5.508473104310115,51.475921195831184],[5.508434740715118,51.47577940375891],[5.508399475482273,51.4756497071805],[5.50835457567502,51.47557213683148],[5.508349076081656,51.47555441692081],[5.508180854635609,51.47555637233955],[5.508019190928108,51.47555990182147],[5.507970693756927,51.47556332194008],[5.50785761241406,51.475600472340744],[5.50773374089079,51.47563426394612],[5.507674140335218,51.475642127731604],[5.507510839532165,51.475570980454215],[5.5073061898660916,51.47549606438382],[5.5071134679201075,51.47544637582512],[5.506342402232401,51.475299033699734],[5.505606103936464,51.47517984857108],[5.504009646248844,51.474885436487746],[5.503607780781988,51.47465223249025],[5.503366766689442,51.47469490756166],[5.5028844939679615,51.474780285216696],[5.50276976200851,51.47479235487874],[5.502348976104604,51.474786794016254],[5.502023929244456,51.47477744568965],[5.502003700218326,51.47486302772998],[5.5013043627826335,51.474952107307445],[5.5002524192568405,51.47501636790099],[5.499470526325948,51.475064125601236],[5.496896334895161,51.47526030106961],[5.49625369114757,51.47530454875956],[5.49529254536353,51.475370719134894],[5.494697135982342,51.47541170637073],[5.49448411232971,51.475429675989304],[5.493447745002263,51.47551709386014],[5.493002174840713,51.47554885716522],[5.491368057262317,51.47566533415181],[5.49087080309279,51.47569861235577],[5.490191943303821,51.47574404089409],[5.489995229228478,51.47575697402776],[5.489135932932289,51.47581346772055],[5.488333724810649,51.47586503099335],[5.488535834453143,51.47701521321467],[5.488550761221674,51.47709526664805],[5.488589402681308,51.47730251493493],[5.488979754385977,51.47939595594171],[5.48918926746168,51.48056129864874],[5.489356016371083,51.48146224311834],[5.489411778171224,51.481837047854945],[5.489434974766238,51.481992962588116],[5.489485108887923,51.48251761748551],[5.4898390936460375,51.48249541971514]]]]},"properties":{"buurtcode":"BU07725430","buurtnaam":"Vaartbroek","gemeentenaam":"Eindhoven","aantalInwoners":5355,"crime_violent":19,"crime_property":3,"crime_disorder":9,"crime_count":31}},{"type":"Feature","geometry":{"type":"MultiPolygon","coordinates":[[[[5.496204695788432,51.48635713370022],[5.496659549987579,51.48628436669162],[5.498554928258013,51.486148707469454],[5.504905320290295,51.48569395544686],[5.50714170105954,51.48546283334086],[5.508147066046599,51.48542417776532],[5.5081333555904095,51.48536345389175],[5.508111439371264,51.48526986883666],[5.508044550967457,51.48512898719935],[5.5080347026742205,51.48511786047371],[5.507863456309892,51.48492458417978],[5.507860265064522,51.48492099202394],[5.507773789100431,51.48483102424006],[5.507627106293424,51.4847086156619],[5.507477952848975,51.484593481266415],[5.507368807499254,51.48452145994211],[5.50712403639798,51.48438068015204],[5.506950080091156,51.484282091738784],[5.506869048149064,51.4842027153071],[5.506799707033576,51.484123506595225],[5.506784734905304,51.48405791380359],[5.506706768961943,51.48390133059802],[5.506654615196202,51.483831982699535],[5.506596083681953,51.48375705935994],[5.50653379344916,51.48370355979268],[5.5064349479423695,51.48364905491414],[5.506224755537779,51.48361484324315],[5.506076696121761,51.483601664194474],[5.50599779302117,51.483597753690916],[5.505910761530268,51.48359599970144],[5.505786580515078,51.48360831473714],[5.505665240452455,51.48362251436932],[5.505587822105171,51.48359720010381],[5.505524089276407,51.483564177608315],[5.505465956892221,51.483492417301896],[5.505408397064025,51.48338051307406],[5.505407433028477,51.48324767977969],[5.505437918506612,51.48309570471009],[5.505462092582888,51.48298589280603],[5.505492548960133,51.4829004067962],[5.505555503059473,51.482789342033534],[5.505688936818572,51.48265464634534],[5.50572088870498,51.482624043453896],[5.506015965928324,51.482303504325934],[5.506018899525201,51.48230006946814],[5.504755586352758,51.482130411684494],[5.504214403216605,51.482057729400296],[5.503367753611511,51.481929424824315],[5.503307108424219,51.48198221268806],[5.502807919227829,51.481903731099194],[5.502104017815023,51.48179306150217],[5.5010388319360715,51.481813780406625],[5.5004443296808185,51.48182533930129],[5.498227101582564,51.4818684234696],[5.498026077872483,51.48188263802919],[5.497314391068591,51.481932960653594],[5.497185737442027,51.481942056428665],[5.49677276389581,51.48197125502549],[5.496585224596915,51.4819845142095],[5.495566340815825,51.48205654309384],[5.494611190294093,51.482124058562455],[5.492841236812071,51.48224914754726],[5.492686189057717,51.48226010316566],[5.492520104115952,51.48227183978158],[5.491898672735582,51.48231575031412],[5.4914404001963675,51.482201357294144],[5.491254920434772,51.482364703028146],[5.491057091756934,51.48241890940968],[5.4898390936460375,51.48249541971514],[5.489485108887923,51.48251761748551],[5.489513187964691,51.483118663764685],[5.4894733504672075,51.483776007126814],[5.489372566495791,51.48450412209206],[5.489164653930321,51.48530356036978],[5.490899202623953,51.48566106572065],[5.493891927719,51.486277819134514],[5.49463742285768,51.48644556342112],[5.495328307011747,51.486713933921614],[5.496204695788432,51.48635713370022]]]]},"properties":{"buurtcode":"BU07725440","buurtnaam":"Heesterakker","gemeentenaam":"Eindhoven","aantalInwoners":2665,"crime_violent":0,"crime_property":0,"crime_disorder":0,"crime_count":0}},{"type":"Feature","geometry":{"type":"MultiPolygon","coordinates":[[[[5.5115292336852875,51.49689421201914],[5.51159584163854,51.496853790937216],[5.511656125463126,51.49681786190254],[5.511721823832668,51.496781927052886],[5.511773111136255,51.496752749050174],[5.511848692799869,51.49671850242041],[5.511949479190509,51.49666460656156],[5.511991772477494,51.4966326066641],[5.512060159164699,51.4965899452395],[5.512115958009998,51.49657816426822],[5.512190654039907,51.49659389522671],[5.512259931844107,51.49658211771065],[5.512331931713328,51.49653384333622],[5.512407513659536,51.496505214246106],[5.51251281727372,51.49647098020108],[5.512672986283655,51.496426080419205],[5.512800763277275,51.496400280237],[5.512915955135359,51.496380084424466],[5.512984342702796,51.49636943101876],[5.513063528258404,51.496368320843764],[5.5131553334309675,51.49634812307715],[5.513195827031014,51.49633746372851],[5.513263313463937,51.496308276548376],[5.513324500880351,51.49625099764179],[5.513359580844768,51.496204389515256],[5.513377577487033,51.496151049397916],[5.513381167300086,51.49607466899935],[5.513381152756348,51.49601233276466],[5.513373946552202,51.495942696545754],[5.513346925412917,51.49587305480414],[5.513351418177487,51.49578993194436],[5.513343305224343,51.495715245085336],[5.513324396310362,51.49564728442422],[5.513335200396056,51.49559674756145],[5.513349583886463,51.49554395966283],[5.513384671446972,51.49549510435662],[5.513385954650373,51.49548114090535],[5.513389158399232,51.49544625520269],[5.513432350819993,51.4953861732789],[5.5134782304445515,51.495313729040895],[5.513512422130109,51.4952586994665],[5.513579906711524,51.49516212422897],[5.513683358221677,51.4950588133916],[5.51375983839617,51.49497121693289],[5.513748134219144,51.49497233524266],[5.513791332772443,51.49495100322701],[5.5138273256239385,51.49491731064676],[5.513848903049156,51.494872955206965],[5.513881299883832,51.494825226252395],[5.513917297903995,51.49478311127754],[5.513937086732266,51.49475840694424],[5.514004574699233,51.49468429407848],[5.51405943493902,51.49464161922101],[5.514107144851719,51.49459613867593],[5.514141324653594,51.49455795364872],[5.5142015998910745,51.49450012695905],[5.514251082283646,51.494455210708175],[5.5142870841068055,51.494419837097986],[5.514341969169074,51.4943810991064],[5.51437075464562,51.49435020968622],[5.514429227213756,51.49430192179768],[5.514529112674126,51.49424297306172],[5.514634382363409,51.494173366808646],[5.514692850168085,51.494113285688776],[5.514748652038477,51.49405769279067],[5.5148044166759105,51.49400940767562],[5.514876410197462,51.49395101949901],[5.5149501841680815,51.49389600006885],[5.515056354618649,51.49382974521055],[5.515154435111042,51.49376967433536],[5.515241700633569,51.49372476112598],[5.51531368775221,51.49368490727383],[5.5153937561130055,51.49364616807126],[5.515464848446082,51.49361080044406],[5.515530537493095,51.49357936676029],[5.515593511380029,51.493545122583605],[5.515613297801093,51.493494575607016],[5.515613290909194,51.493451331236095],[5.515606994412987,51.4934142600049],[5.51555477696183,51.49334124880373],[5.5155214765520935,51.49330249046648],[5.5154620877902305,51.49324969359511],[5.5153999820746815,51.49320868379723],[5.515337881542807,51.49315925159852],[5.5152649851803695,51.49309578197271],[5.515205576602535,51.49303062560289],[5.515138080226615,51.49297220158722],[5.515046285644269,51.492916590664],[5.514961684673041,51.492858724622714],[5.514866290689628,51.492803117502646],[5.514797889743066,51.49274020894579],[5.514700702538755,51.492686832837556],[5.514583713770478,51.49262222450264],[5.514500918078591,51.49257615824776],[5.514413625519373,51.49252335535653],[5.514303821539682,51.492453129984035],[5.514216521905753,51.49239247087549],[5.514140938185233,51.49234022130599],[5.514052738361763,51.492276740619786],[5.513985250576779,51.492225632685674],[5.513807955214102,51.492112721239266],[5.513741368125415,51.49206945927467],[5.513663069943451,51.49202451112356],[5.5135658942549215,51.49198461702817],[5.513452499077423,51.491942484269806],[5.5133625139715265,51.491899220462884],[5.513344927382671,51.49189213846449],[5.513294128117359,51.491871681333855],[5.51320773727403,51.49182112372657],[5.51312944474848,51.4917778740656],[5.513065558028183,51.491731795351356],[5.513013349147552,51.49168573995293],[5.512965646992215,51.49162395852452],[5.512890047716379,51.491523412158365],[5.5127766503257645,51.49138074072378],[5.512692065857504,51.49127458600297],[5.512622765846311,51.49118134943933],[5.512574177714704,51.49112685859602],[5.512542659690844,51.49108025039921],[5.5124904782232695,51.49102800155801],[5.512475158086743,51.4909914971484],[5.512466169204166,51.49093253229093],[5.512467954330877,51.49088535794913],[5.512467959585496,51.49082975416818],[5.512467035498348,51.4907556257826],[5.5124787124834205,51.490692737641204],[5.512493102447782,51.49061636361026],[5.512520083117741,51.49049000814695],[5.512533572961702,51.49040577001062],[5.512562357844171,51.49033333549577],[5.512568082798578,51.49026857511716],[5.5125682778881115,51.49026621988152],[5.512568655055319,51.490262012788484],[5.51255785409644,51.49021426771703],[5.512554242110731,51.49015754424246],[5.512560523852613,51.490080612634856],[5.512548812488899,51.49000030266818],[5.512539803777364,51.48989752716142],[5.512538280405386,51.489888117684565],[5.512525391158528,51.48980878874373],[5.512492988771997,51.489717813511675],[5.512483981987002,51.48964703758554],[5.51245514232451,51.48956142293815],[5.51245428001313,51.48955886389763],[5.512423664873327,51.48946844402067],[5.512377763910869,51.48937464284268],[5.51234537090146,51.48929208992106],[5.512324667975716,51.48924041842767],[5.512335454776091,51.48921514874474],[5.512357047425019,51.48918201137946],[5.5123471587885415,51.48915169429571],[5.512314753816291,51.4891275316405],[5.51225537888594,51.489092144126396],[5.512190583116079,51.48906461847425],[5.512119484532472,51.48904886568249],[5.512035827693401,51.489032002716854],[5.51197013474626,51.489018509184234],[5.511876552488362,51.489005018483255],[5.511789272058568,51.48898983110558],[5.5116588058766,51.48896734605696],[5.511592213897692,51.48894092759449],[5.5115499273524495,51.488904415879965],[5.511518428199864,51.48886903420345],[5.511485132375668,51.48883476902658],[5.511450936833034,51.48879263973143],[5.511434739310648,51.48873479706323],[5.511424838037963,51.488667959033315],[5.511415824568887,51.488588778640974],[5.511415811079089,51.48849947642631],[5.51141041530032,51.488442754811565],[5.5113897168288455,51.48836581605253],[5.511375302678129,51.48828606613599],[5.511366441033432,51.488272997091705],[5.5113132134839224,51.48819451096391],[5.511255613323692,51.48811755753591],[5.51119082575498,51.48803948814397],[5.511105335105177,51.48796702267719],[5.511060350415888,51.48792263959491],[5.510973061118349,51.48784512432123],[5.5109208845237525,51.48779793537464],[5.510871387170626,51.48769291059055],[5.510821889776335,51.48761427646018],[5.510797580274093,51.487574958921336],[5.510762494331115,51.48752777874492],[5.510745406493813,51.4874862153652],[5.51070671227297,51.48744633777999],[5.510655423129368,51.4874075701383],[5.5105726339529495,51.487353636013914],[5.510479959534592,51.48733901965216],[5.510382791648164,51.48733450221974],[5.5102901136362545,51.48733448327828],[5.510189347208416,51.48734625691835],[5.510070583603403,51.4873686920064],[5.509965325710154,51.48738607910506],[5.509893331804872,51.487378757254355],[5.509788963406516,51.48740568920352],[5.5096971967664485,51.48741801923738],[5.509627910926521,51.48744327823158],[5.509573029607691,51.48746573558046],[5.509502859191715,51.48749940880499],[5.509425491335486,51.487533655820016],[5.509364309450197,51.48756901838943],[5.509274338580252,51.487612231207805],[5.509217652456476,51.48764366994012],[5.50909349017804,51.48769362394028],[5.509042202585543,51.487708778497186],[5.508967538653726,51.487736838190386],[5.508913548025989,51.48774804949749],[5.508855059902819,51.48776264520627],[5.508778587566165,51.48776598788041],[5.508666121246994,51.48777494997242],[5.508581540568215,51.48775583833281],[5.508503265045179,51.487725493247005],[5.508413297469653,51.487683915468665],[5.5083700965248195,51.48763784861827],[5.508337707493916,51.48759684910176],[5.508292711325928,51.4875361865217],[5.5082477197507815,51.48747720479682],[5.508208143350555,51.48741879270596],[5.508158655319197,51.48734183831565],[5.508118159616456,51.48727331491719],[5.508074078942589,51.487188507789455],[5.5080344810715625,51.48711099478057],[5.508000281461675,51.48703853677279],[5.507957091324652,51.48692564813505],[5.507935503784979,51.48686387353279],[5.507931898275252,51.4867964713831],[5.507932186915977,51.486775033154345],[5.507942656547517,51.48670551307952],[5.508000324374451,51.48646911476993],[5.5080620701483145,51.48627757456308],[5.508149420226512,51.48610470414215],[5.508223440470376,51.48595449889083],[5.5081941045264085,51.48569668995285],[5.508172603363057,51.48553728959127],[5.508147066046599,51.48542417776532],[5.50714170105954,51.48546283334086],[5.504905320290295,51.48569395544686],[5.498554928258013,51.486148707469454],[5.496659549987579,51.48628436669162],[5.496204695788432,51.48635713370022],[5.495328307011747,51.486713933921614],[5.495445128334692,51.487073877459196],[5.495540635402792,51.487229428044586],[5.495623225025664,51.48837518810483],[5.495538533217075,51.489990768536124],[5.495613120579398,51.49084601110361],[5.495666123655696,51.49145374973869],[5.496074807337959,51.492823723538905],[5.496392368861297,51.494183507181056],[5.4964819376305645,51.49540646300343],[5.496381702146748,51.49673968053108],[5.496376270782034,51.49677769768869],[5.496535150451839,51.49677946331963],[5.496553526210242,51.496779670794396],[5.4967879034669425,51.49678228205613],[5.497070178677218,51.496785422973815],[5.497209882617062,51.496786657456035],[5.497853046416147,51.49679290689762],[5.499154797518335,51.49680533539437],[5.500091584216072,51.496814274332785],[5.501360545627393,51.496826359499664],[5.502829106200963,51.49684033637921],[5.502977969814267,51.49684175262989],[5.504255645387265,51.496853896552786],[5.505740020062147,51.49686798273488],[5.5062173145369036,51.496872512029405],[5.506272787446147,51.49687303963719],[5.506467043431547,51.4968748814593],[5.508349954860133,51.496892714710064],[5.509568545590404,51.49690424167468],[5.510674059554923,51.496914689249195],[5.5111455945474255,51.49691914157869],[5.511422830034645,51.49692175879624],[5.5115292336852875,51.49689421201914]]]]},"properties":{"buurtcode":"BU07725460","buurtnaam":"Bokt","gemeentenaam":"Eindhoven","aantalInwoners":125,"crime_violent":0,"crime_property":0,"crime_disorder":0,"crime_count":0}},{"type":"Feature","geometry":{"type":"MultiPolygon","coordinates":[[[[5.636351508808457,51.47472715616939],[5.636355691894153,51.47472878317625],[5.636381087300742,51.474703371843276],[5.6363746816565214,51.4747006619535],[5.6369580930488015,51.47418728378794],[5.637459468386219,51.47372721984706],[5.637656066172244,51.47348877743496],[5.637810852025546,51.47330048252782],[5.638001158627018,51.47313300974761],[5.6381420134277,51.47302120213316],[5.638255241221884,51.4729318266565],[5.638439668301878,51.472839277542185],[5.639396991388453,51.47235719772403],[5.640195479130949,51.47195726070451],[5.640519715615894,51.47179327747366],[5.640680432169615,51.47171690200148],[5.640823486707155,51.4716557466082],[5.642184331947031,51.471092191152714],[5.642567437350426,51.47094377584815],[5.642609540411316,51.47088076372316],[5.64254687282383,51.47086490104854],[5.642457767556104,51.47089804861279],[5.6424116578309444,51.470875632829966],[5.642284871833116,51.470854651894605],[5.642079980728264,51.47080332489994],[5.639807672044463,51.47024394879531],[5.635287207613635,51.46912454554947],[5.635170798029164,51.46909675736233],[5.635042410452049,51.46904680952458],[5.63504804847449,51.46902234830665],[5.634978909112985,51.4689931561147],[5.634992934517363,51.468968119783],[5.634890483066813,51.468942765463204],[5.634756674394601,51.46890968351718],[5.634705040363281,51.46889693027817],[5.63469288369358,51.468924497420645],[5.6346716164768385,51.468956747224276],[5.63467139951026,51.46895707667061],[5.63467130529656,51.46895721889187],[5.634671175401581,51.468957416019784],[5.634671104038763,51.468957525833176],[5.634671018382145,51.4689576536543],[5.6346709310809375,51.46895774372649],[5.634670816567445,51.468957858125805],[5.634670630481075,51.46895804368759],[5.634670465875048,51.46895820942875],[5.634670348502588,51.46895832742961],[5.634670148102656,51.46895852740373],[5.634670045043915,51.46895863099232],[5.634669851805832,51.468958824659104],[5.634669718685499,51.468958957974195],[5.63466958127216,51.46895909579272],[5.634669402347521,51.46895927504724],[5.634669267797919,51.46895941016306],[5.634669091736968,51.46895958671493],[5.634668950025622,51.468959728138046],[5.634668773686381,51.46895985345497],[5.6346685686709055,51.46895999860784],[5.634668400927401,51.46896011671558],[5.6346682002099255,51.46896025826384],[5.634668035339929,51.46896037546665],[5.634667798780073,51.46896054225931],[5.634667431763057,51.46896080281115],[5.634667057565021,51.46896106607475],[5.634666669038717,51.46896134105418],[5.634666451114728,51.46896149432424],[5.634666258822325,51.46896159720329],[5.634665795209833,51.46896182649966],[5.634665341647088,51.468962051280286],[5.634665200984229,51.46896212079167],[5.634664925400221,51.468962257105595],[5.634664678521812,51.46896237897674],[5.6346644732717825,51.46896248098439],[5.634664250795757,51.468962591118334],[5.634664006790803,51.468962712084476],[5.634663825933445,51.46896280055736],[5.63466368670978,51.468962870065695],[5.634663517185268,51.46896292525634],[5.6346632945625315,51.4689630084246],[5.63466308056044,51.46896308887795],[5.634662803361526,51.468963192836036],[5.634662577865435,51.46896327690921],[5.634662297793007,51.468963381772255],[5.6346620722970755,51.46896346584551],[5.63466182813064,51.46896355714926],[5.634661595458308,51.46896364483323],[5.634661295276601,51.468963756929845],[5.633473865718185,51.46867039840332],[5.6334706851880725,51.46866961141735],[5.632893817967365,51.46851516275452],[5.632750797404659,51.4684813608445],[5.631857571310263,51.46826138802945],[5.631732096959355,51.468230487368885],[5.631689483724223,51.46821986218248],[5.631640673764784,51.46820768593538],[5.6315728099860785,51.468152736461604],[5.63142450507128,51.468115366502566],[5.631380880227806,51.46810607274913],[5.63138046589507,51.46810636844547],[5.631379878076333,51.468106785852434],[5.631379432193197,51.468107102288876],[5.631378765520113,51.46810757559078],[5.63137835548087,51.46810786678393],[5.6313777561825695,51.468108290506876],[5.631377105122963,51.468108723327],[5.6313768011034275,51.468108925310126],[5.631375996599786,51.46810946002363],[5.631375486070819,51.46810979816823],[5.631374936829281,51.46811016335997],[5.631374399052752,51.468110519539],[5.631373812528376,51.46811090997714],[5.631373689171467,51.46811098663923],[5.63137326315678,51.468111250899675],[5.631372659275834,51.468111625194446],[5.631371950684112,51.46811206442709],[5.631371744131289,51.46811219249886],[5.63137088062244,51.468112727335864],[5.631370227974279,51.46811313229429],[5.631369690072522,51.46811346510294],[5.631369109140832,51.46811382496781],[5.631368901153641,51.46811395394149],[5.6313685367282735,51.46811416324194],[5.631368294264035,51.46811430397314],[5.631367289964509,51.4681148849471],[5.6313670446318245,51.46811502748197],[5.631366137890775,51.468115551622994],[5.631365615655501,51.46811585383736],[5.631365265587819,51.46811605681569],[5.631364845160982,51.46811628960394],[5.63136452230213,51.46811646735706],[5.631363601068302,51.46811697265211],[5.631363060090448,51.468117268613554],[5.631362431584786,51.46811761329722],[5.631361678147942,51.46811800947788],[5.631361305015394,51.46811820531362],[5.631360439643171,51.46811866105388],[5.631360001927204,51.4681188902829],[5.63135960583563,51.46811909875078],[5.631359170954625,51.46811931988407],[5.6313588006472255,51.4681195058262],[5.6313579452139955,51.46811993637738],[5.631357398363816,51.46812021077827],[5.631356700808003,51.46812056099962],[5.631356041935418,51.46812087878076],[5.631355420379559,51.468121177607436],[5.631354448577868,51.46812164615473],[5.631354118417101,51.468121804147906],[5.631353785392609,51.468121964843654],[5.631352779027183,51.46812242896895],[5.63135144819483,51.4681230393901],[5.63135112661601,51.468123187477744],[5.631350588251329,51.46812343399592],[5.631350048408805,51.46812367332623],[5.6313498014534975,51.468123781707426],[5.631348753323664,51.46812424052688],[5.6313481703886294,51.468124495228146],[5.631347449618234,51.4681248104421],[5.631346784762536,51.46812508598888],[5.631346098367868,51.46812537056939],[5.631345241090412,51.468125725619295],[5.631344745678299,51.46812593069955],[5.631344089438273,51.46812620263273],[5.631343292470074,51.46812653238813],[5.631343141682263,51.468126592927945],[5.631342695037337,51.4681267673446],[5.631341806060013,51.46812711526993],[5.631341266068005,51.46812732673557],[5.63134022629347,51.46812773340296],[5.631339934753538,51.468127847270715],[5.631339535504148,51.46812800361076],[5.631338524343719,51.46812837875785],[5.631337210096588,51.4681288615048],[5.631337014753153,51.46812893292432],[5.631336282223558,51.46812920232056],[5.6313355597487815,51.46812946810024],[5.63133491332241,51.46812969147399],[5.631334107439754,51.46812996911353],[5.631333754054941,51.46813009030166],[5.631332688168323,51.46813045837235],[5.63133191244979,51.4681307251623],[5.631331329225436,51.46813092593192],[5.631330883908759,51.46813107967176],[5.631330335103363,51.46813125789759],[5.631329891168024,51.468131400848165],[5.6313291096158276,51.46813165326842],[5.631328177208468,51.46813195364451],[5.6313278309664225,51.46813206493007],[5.631327223252484,51.468132261256585],[5.631326691644582,51.46813242596343],[5.631326251978388,51.46813255991628],[5.631325372646041,51.46813282782196],[5.63132461113095,51.4681330595263],[5.631323934390771,51.46813326588484],[5.631323082286438,51.46813351216064],[5.63132261672052,51.46813364706659],[5.63132157206424,51.4681339485764],[5.63132118121836,51.46813406175312],[5.631320833479337,51.468134162255375],[5.631320133645218,51.468134356078046],[5.631318712394621,51.46813474466748],[5.631317878902942,51.46813497292696],[5.631317163209251,51.46813516138962],[5.631315701609616,51.46813554017591],[5.6313149772762685,51.46813572775781],[5.631314183955247,51.46813593256253],[5.631314033047166,51.46813597063088],[5.631313594670638,51.46813607671605],[5.6313126058085325,51.46813631608712],[5.631311764990877,51.46813652009232],[5.631311062153214,51.46813669055067],[5.631310288883938,51.468136877336136],[5.6313093703715955,51.46813708509936],[5.631308887395787,51.468137193974506],[5.6313078898265285,51.46813741988065],[5.631307169675663,51.4681375822854],[5.631306772947793,51.468137672103715],[5.631306413565444,51.468137748360824],[5.63130560852398,51.4681379145387],[5.631304662605047,51.46813811067409],[5.6313041666433055,51.468138213284284],[5.631302966274567,51.46813846208652],[5.6313025508183205,51.468138548348584],[5.631302064916108,51.468138648241116],[5.631301688230206,51.46813871824234],[5.631300839956558,51.46813887372422],[5.631300250479023,51.468138981923296],[5.631299349009828,51.4681391474041],[5.631297738729404,51.46813944290644],[5.631296152890487,51.46813973386335],[5.631295579229108,51.46813983933273],[5.631294766895553,51.46813998754838],[5.631293866730577,51.468140127858064],[5.63129290473518,51.46814027818465],[5.631292440275653,51.46814035106613],[5.631291415010706,51.4681405114127],[5.631290565172328,51.46814064352727],[5.631289780047744,51.46814076651755],[5.631289085512298,51.46814087493641],[5.631288605231759,51.46814094964878],[5.631288170917282,51.46814100808529],[5.6312874647819315,51.468141100348824],[5.631286338704175,51.46814124742327],[5.631285971976696,51.46814129583077],[5.631284535259684,51.46814148400435],[5.63128436987337,51.468141505923306],[5.631283066900769,51.468141675839696],[5.63128261963864,51.46814173520211],[5.631281729417503,51.46814185122139],[5.631280932586981,51.468141938281434],[5.6312801213743615,51.468142027169336],[5.631279288584369,51.46814211790005],[5.631277709309626,51.468142291091155],[5.631277086514846,51.46814235891071],[5.63127693835963,51.46814237360261],[5.631276699581429,51.46814239657406],[5.631276165927151,51.46814244802745],[5.631275182031205,51.46814253997325],[5.631274449861087,51.46814260802171],[5.631273658714695,51.468142681586755],[5.631272821472258,51.468142747158474],[5.631272152537849,51.468142798894924],[5.631271144108975,51.46814287830783],[5.631270357212587,51.46814293927987],[5.631269593337827,51.46814299930483],[5.631269153136528,51.46814303348404],[5.631268793465001,51.46814305580961],[5.631267724505145,51.46814311916947],[5.631267301525476,51.468143144324074],[5.631266133298009,51.46814321418384],[5.631265444157775,51.468143255176074],[5.6312646802011015,51.4681432999204],[5.631263845750266,51.468143349306544],[5.631263342202329,51.46814337912406],[5.631262563772126,51.46814340861784],[5.631262296138669,51.46814341816656],[5.631261326325965,51.468143452555104],[5.6312604342175225,51.4681434849834],[5.6312589190684506,51.46814353938939],[5.6312572226206115,51.4681436004667],[5.631256104604229,51.46814364055862],[5.631255611019745,51.468143649681224],[5.631254757667103,51.468143663152055],[5.631254013680157,51.468143674596384],[5.631253003470124,51.4681436901932],[5.631252381801219,51.46814369958378],[5.631251419078167,51.468143714182425],[5.631250696601307,51.46814371119974],[5.631249887770853,51.468143707498946],[5.631248927824981,51.46814370321542],[5.631248326241547,51.46814370087864],[5.631247301533905,51.46814369673066],[5.631246594883025,51.468143692816014],[5.631246140102361,51.468143691969814],[5.63124576155323,51.46814368287431],[5.631244804389198,51.4681436606076],[5.631244063126547,51.46814364328235],[5.631243346334173,51.46814362680472],[5.631241856612799,51.46814359216922],[5.631240562639886,51.46814356161843],[5.63124016681629,51.46814355166026],[5.631239917785668,51.46814354139484],[5.631238367461237,51.46814347722341],[5.631236713489056,51.468143407875594],[5.631235926067647,51.46814337087175],[5.631235753326527,51.46814336314335],[5.631235138617232,51.46814332847469],[5.631234125143535,51.46814327216863],[5.631233405342656,51.46814323142783],[5.6312325905341485,51.46814318639145],[5.631231771345231,51.46814312967886],[5.63123101838156,51.468143077322146],[5.631230085456765,51.46814301275768],[5.631229367046895,51.46814296302527],[5.631228927928279,51.468142930685815],[5.631228488790557,51.468142894750976],[5.63122777176688,51.468142835128],[5.631226737981271,51.46814274830291],[5.6312261347032715,51.468142698329494],[5.631225123953644,51.46814261325392],[5.631224795678438,51.468142586075786],[5.631224448651058,51.46814255084704],[5.631223469490454,51.4681424522223],[5.631222879116742,51.46814239323327],[5.631221776121865,51.4681422822834],[5.631221169907887,51.46814222152969],[5.631219764523239,51.46814207975204],[5.631218343177904,51.46814191373838],[5.631217893874524,51.46814186074619],[5.631216309799579,51.46814167529774],[5.63121601602536,51.46814164085652],[5.63121563871312,51.468141594005814],[5.631215486057331,51.46814157455004],[5.631214596013208,51.4681414550648],[5.631213011784156,51.468141240852866],[5.631212594127501,51.46814118509785],[5.63121140163577,51.46814102399852],[5.631211151040816,51.4681409903657],[5.631210832724132,51.46814094159385],[5.631209820164516,51.468140787309004],[5.63120927283058,51.4681407030615],[5.631208100390641,51.46814052394276],[5.631207612114497,51.46814044945926],[5.631206664369599,51.46814030492633],[5.631206265388222,51.468140242840185],[5.631205876456868,51.46814017623867],[5.6312049098874555,51.46814001017222],[5.631204453253593,51.46813993202701],[5.631203169772822,51.46813971089374],[5.631202811092528,51.468139649622124],[5.631201677427734,51.46813945514137],[5.631201374922332,51.46813940274096],[5.631201158828583,51.46813936184513],[5.631199862260696,51.46813911557073],[5.631199605827349,51.468139066669366],[5.631198000958916,51.46813876081576],[5.631197302235034,51.46813862475056],[5.631197068842319,51.46813857849759],[5.6311963700702785,51.46813843344369],[5.631194850053955,51.46813811662611],[5.6311942189939606,51.46813798491364],[5.631193265203698,51.46813778646117],[5.631192952552079,51.46813772059888],[5.631192603854137,51.468137642227795],[5.631191700410054,51.46813743917565],[5.631191105314362,51.468137304691325],[5.631190085154678,51.468137074917145],[5.631189608218597,51.46813696805053],[5.6311890433738565,51.46813683889616],[5.631188505863502,51.46813670788681],[5.631187991413201,51.468136583121336],[5.631187051855416,51.46813635497628],[5.631186293866459,51.46813617049601],[5.63118569583482,51.46813602523135],[5.631185182818892,51.468135899564004],[5.631184711547861,51.46813577560702],[5.631184048595595,51.46813560081549],[5.631183330878672,51.46813541175659],[5.631182319156431,51.468135145111106],[5.631181816175989,51.46813501223181],[5.63118082895293,51.46813475182713],[5.631180238064055,51.46813459665997],[5.6311800507002925,51.46813454581635],[5.631179227651098,51.468134305742275],[5.631178764952311,51.46813417008201],[5.631177241374034,51.46813372563229],[5.631175782658674,51.46813329992305],[5.631174803935827,51.46813301433227],[5.6311743873670075,51.46813289295744],[5.631173469184733,51.468132625217386],[5.631173160715579,51.468132534177926],[5.631172791662745,51.46813241719809],[5.631172141484726,51.468132209121606],[5.631171319759045,51.468131947471825],[5.631170679679217,51.46813174386856],[5.631169788754101,51.4681314598918],[5.631169232284516,51.46813128218084],[5.631168772392007,51.4681311330317],[5.631168302367448,51.46813097311726],[5.631167780432776,51.46813079443522],[5.631166844711093,51.4681304763951],[5.6311662925011,51.468130287888854],[5.631165498071235,51.468130017193225],[5.6311651433857115,51.468129895688875],[5.631164733872993,51.46812974823207],[5.631164122484699,51.4681295274903],[5.631163410158489,51.468129270106],[5.631162033089485,51.46812877231634],[5.631161111667898,51.46812843716776],[5.631160795844283,51.46812831648096],[5.631160520398836,51.4681282109906],[5.631159095582774,51.46812766566071],[5.631157640482002,51.46812710870882],[5.631157465959766,51.46812703716438],[5.631156374136145,51.468126593609036],[5.631155593852158,51.46812627704141],[5.631154999618186,51.468126034690854],[5.631154313081131,51.46812575567967],[5.631153597698677,51.46812546504353],[5.631152941345202,51.468125178778315],[5.631152145071883,51.468124832581466],[5.631151684905011,51.468124632197245],[5.631150807851535,51.4681242511135],[5.631150233727072,51.468124001529816],[5.631149541313057,51.46812370005924],[5.631148884964609,51.468123414692776],[5.631148488259821,51.46812324024313],[5.6311479544412535,51.46812299237288],[5.631147619725809,51.46812283756864],[5.631146787257103,51.46812245099834],[5.631146188517797,51.46812217360121],[5.631145119441389,51.468121677863834],[5.631144946315137,51.46812159822656],[5.631144399486381,51.46812133959717],[5.631144273957789,51.46812127963547],[5.631143970937494,51.46812113105697],[5.631143575561164,51.46812093593046],[5.631142333161033,51.468120323702536],[5.631141559731172,51.46811994330088],[5.631141015727778,51.468119674777874],[5.6311406073077,51.468119462600164],[5.631139597082373,51.468118937975795],[5.631138452645575,51.468118344419175],[5.631137985051783,51.46811810090479],[5.631137557855455,51.46811787618211],[5.631137119073632,51.468117638000706],[5.631136693282672,51.46811740698301],[5.631135957164864,51.4681170067281],[5.631135303319196,51.46811665124461],[5.631134738960737,51.468116344112865],[5.631134079247867,51.46811596796765],[5.631133576878689,51.46811568048137],[5.631132869524638,51.468115276570785],[5.631132212694795,51.46811490131835],[5.6311316540305265,51.46811458248945],[5.631130963898153,51.46811416955422],[5.631130520659299,51.46811390531481],[5.6311295951850235,51.46811335085042],[5.631129343969083,51.46811320126469],[5.631128842957442,51.46811289849477],[5.631128310139949,51.46811256882538],[5.631128136869308,51.46811246222232],[5.631127247397877,51.468111912176965],[5.6311269557173596,51.468111731215416],[5.631126841634624,51.46811165864558],[5.631125907236664,51.468111050267744],[5.631125209687106,51.46811059600002],[5.631124672446269,51.46811024656464],[5.631124203086313,51.468109941930805],[5.631123860818931,51.46810972062591],[5.631123548812309,51.46810950644874],[5.631123060579583,51.46810917129282],[5.631122397564854,51.468108716053926],[5.631122019116662,51.468108457072304],[5.631121205871954,51.468107897878795],[5.631120915534468,51.468107698937075],[5.631120148520797,51.46810717290506],[5.63111994340101,51.468107031312755],[5.631119728125539,51.46810687446081],[5.63111908085965,51.468106403908294],[5.6311186517572045,51.46810609199923],[5.631117893238773,51.46810553988224],[5.631117610058497,51.46810533373456],[5.631117185268718,51.46810502091763],[5.631116702590501,51.4681046479976],[5.631116565308147,51.46810454311701],[5.631115511802538,51.46810373004598],[5.631114653395643,51.46810306847585],[5.631114417841968,51.46810288739691],[5.631113852776158,51.468102448132804],[5.631113437930583,51.4681021110256],[5.631112748433516,51.46810154797778],[5.631112437649404,51.46810129334893],[5.6311117929682615,51.46810076795991],[5.631111454724827,51.46810049181565],[5.6311108895434145,51.4681000309789],[5.631110451435646,51.46809964987573],[5.631109977175695,51.46809923648896],[5.631109424840829,51.468098755850214],[5.6311090199826435,51.46809840254246],[5.631108461871746,51.46809791832035],[5.631108126415166,51.4680976250917],[5.631108028091002,51.46809753900591],[5.6311074423283705,51.46809699731402],[5.631107161742315,51.46809673812766],[5.631106671435146,51.46809628432528],[5.631106105926441,51.46809576236611],[5.63110572698736,51.46809541170077],[5.63110531622827,51.46809503143924],[5.631105035627794,51.468094769556316],[5.631104736154933,51.468094477151254],[5.631104328177753,51.468094078906624],[5.631104064875964,51.46809382238067],[5.631103461593282,51.46809323398425],[5.631103123032034,51.468092898515245],[5.631102971112864,51.46809274782295],[5.631102619431053,51.46809238092094],[5.631101774246023,51.46809150089795],[5.63110137190998,51.46809108106855],[5.631100933402667,51.468090625360105],[5.631100581720783,51.46809025845812],[5.631100322669097,51.46808998933917],[5.631100059155517,51.468089693263416],[5.631099805783439,51.46808940975064],[5.631099245463423,51.46808878171407],[5.631098987744952,51.468088492817174],[5.631098450590889,51.46808789079939],[5.631098104554947,51.46808750321156],[5.631097678884428,51.468087025903436],[5.631097283623798,51.46808658358753],[5.631096904102315,51.468086124160266],[5.631096495610297,51.468085629737686],[5.6310961885178115,51.46808525824806],[5.631095775684116,51.46808475934017],[5.6310952194411135,51.46808408635163],[5.631095081831493,51.468083920348626],[5.631094974612329,51.46808378574248],[5.631094525366892,51.46808320601256],[5.631094316690174,51.468082937687086],[5.631093857307915,51.46808234629303],[5.631093563124737,51.46808196668659],[5.63109341675017,51.46808177643249],[5.6310933515311765,51.4680816911763],[5.63109288616149,51.46808105664906],[5.631092227969544,51.468080158257536],[5.631091917695755,51.46807973014593],[5.6310916566322655,51.468079354065715],[5.631091576862805,51.468079239177264],[5.631091176577137,51.468078664738115],[5.631090877811707,51.46807823570353],[5.631090639957434,51.46807789373179],[5.6310905688760124,51.468077788712804],[5.6310901930704,51.46807721691907],[5.631089995738336,51.468076917109435],[5.6310896388053235,51.46807637583785],[5.631089278950704,51.46807582648251],[5.6310891556074,51.468075637079096],[5.631088975578994,51.46807534352535],[5.631088760698045,51.46807499161806],[5.631088390480608,51.468074388352264],[5.631088113182011,51.46807393680099],[5.6310878213668065,51.468073461909526],[5.631087667469282,51.46807321054805],[5.631087545425549,51.468072995074635],[5.6310872214533765,51.468072427666954],[5.631086994818538,51.46807203084074],[5.631086569152924,51.468071285669566],[5.631086464542561,51.46807110072132],[5.6310862320453,51.46807068413231],[5.6310859950958925,51.4680702423842],[5.631085918055671,51.46807009962518],[5.631085468853271,51.46806925922307],[5.631085385993837,51.468069104790835],[5.630631003155064,51.46795569631158],[5.629268906517402,51.46761910930245],[5.628031196958996,51.46731453702321],[5.626566129672514,51.46695399647403],[5.625270928140473,51.46662859537756],[5.625304754446848,51.46657489981188],[5.625064100223166,51.466516282148085],[5.625025611046278,51.466566966054],[5.624939926860122,51.46665531078417],[5.624822196354467,51.466766336283854],[5.624668652088961,51.466848275283674],[5.6240949861757175,51.467052514316066],[5.623615780625948,51.46722082905062],[5.62349228147119,51.467255821494646],[5.623384394318356,51.46726509162723],[5.623255081157979,51.46725546586282],[5.622348771350059,51.467057738809544],[5.622216718920649,51.46702162685994],[5.6221414979681175,51.467125283136546],[5.621720878010988,51.46772514471981],[5.621420335648267,51.467721488013545],[5.621423926919189,51.46771180987418],[5.621270700408114,51.467675668363235],[5.621005590022549,51.46758507281407],[5.620538312168444,51.4674247335973],[5.619804846471338,51.46811612434772],[5.619884754750484,51.468221771670606],[5.6203048127407635,51.468776954089435],[5.62029885215786,51.468866457350224],[5.619928946468192,51.46914409246589],[5.619841782150555,51.4691963198293],[5.619757442428091,51.469238051700316],[5.619127735856166,51.469537693974885],[5.619063545804819,51.469565695515335],[5.618998863900616,51.469590390162175],[5.617920727088645,51.46992929799831],[5.617833031755604,51.46995416336197],[5.6174750062156305,51.47006422712839],[5.617196876056213,51.47014973787612],[5.616326873333641,51.47040927180175],[5.616242371023942,51.47037342282694],[5.616348426088037,51.470471081482536],[5.61643713636054,51.47057312555589],[5.616375815336922,51.47059128725197],[5.61605680897069,51.47058302385191],[5.615941575329561,51.4705814431874],[5.615775715221276,51.470581067248],[5.615102271855246,51.470576352844674],[5.61498490202474,51.47073752448932],[5.614854037136119,51.470917158141724],[5.614838970923987,51.470937861517534],[5.614713626394023,51.4711135651682],[5.614646691112387,51.471223977857704],[5.614216315890514,51.47125459676038],[5.614204316676723,51.471255447074455],[5.612333832199472,51.471388545675204],[5.610048356264369,51.471551666112376],[5.609882508753898,51.4719168334016],[5.609895184971668,51.47191898445864],[5.610570935123713,51.47203147901717],[5.610555817772163,51.47206570090724],[5.611962715731274,51.47226875890226],[5.612767218696371,51.472369362113845],[5.613735970256029,51.472485703653184],[5.61374510415435,51.472472993894975],[5.614134220843001,51.47251344064849],[5.614128111075858,51.472526450168594],[5.614148804580721,51.47252860044578],[5.61509457185685,51.472626875832205],[5.615096361505818,51.47261347920066],[5.6151129384647875,51.472592584080246],[5.616230776061296,51.47269008783414],[5.6164331273224715,51.47271845408885],[5.616763098393185,51.47273173755395],[5.61748870890171,51.47277380336399],[5.617520239049511,51.47277562872851],[5.618973819734804,51.47283333299328],[5.620541302070671,51.47287802756729],[5.621931196878919,51.47289330613991],[5.623359386891756,51.472912984979615],[5.624300035709655,51.472976307644835],[5.624754270998067,51.47300687082369],[5.626195596708603,51.4731589634496],[5.627036109181762,51.473288392218656],[5.627315435926285,51.47333139471312],[5.627637494711385,51.47337943201812],[5.628992311297325,51.473643047226744],[5.629406458283507,51.473747005102254],[5.630283525159559,51.473963399022054],[5.630692529194941,51.4740842617894],[5.631184117712643,51.474227817653976],[5.631682601839214,51.47437635471075],[5.631890783969114,51.474441976068434],[5.632122251943498,51.47451493686746],[5.632362838129523,51.47459173419215],[5.632547776234604,51.474649313410936],[5.632624543459413,51.47467438316992],[5.632742675277768,51.47472824646825],[5.6327487715975035,51.474721680883185],[5.632877782017362,51.47458286661852],[5.632980832828075,51.4744560708497],[5.633091374353741,51.47433049963719],[5.63309230492967,51.474329305775655],[5.6330924450194395,51.47432912660547],[5.63309285242181,51.4743286053018],[5.633093172689147,51.474328207326664],[5.633093512976354,51.474327785039925],[5.633094210691507,51.47432691616088],[5.633094383692129,51.47432670096656],[5.633094754025681,51.47432624535837],[5.633095021450061,51.4743259238985],[5.633095424743063,51.47432544125475],[5.633096048277452,51.474324695677076],[5.633096384353245,51.474324293174305],[5.633096817697654,51.47432377810796],[5.633097255399099,51.47432327022332],[5.63309761730049,51.474322852385384],[5.633098363977745,51.474321987897426],[5.633098478411599,51.47432185552252],[5.633098688703823,51.47432161598014],[5.633099243824451,51.474320995489414],[5.633099800384274,51.474320374995656],[5.633100152346345,51.47431998234692],[5.633100738948024,51.474319327632855],[5.633101441592747,51.4743185720008],[5.633101682014095,51.47431831441754],[5.633102567836535,51.47431736244598],[5.633102706646902,51.47431721294116],[5.633102952786816,51.47431694815488],[5.633103203239817,51.47431668246064],[5.633103810128063,51.47431605287209],[5.633104014818322,51.47431584210532],[5.6331048636013135,51.47431496122246],[5.633105201397897,51.474314610850435],[5.633105562117076,51.47431424065496],[5.633105955810369,51.47431384612055],[5.633106253591758,51.474313548866185],[5.6331071326056,51.474312668818406],[5.6331074017506495,51.474312399489335],[5.633107669475745,51.47431213375868],[5.6331084971246925,51.474311337414036],[5.633109638353858,51.4743102374895],[5.633109926166481,51.47430996003119],[5.633110652122104,51.47430925648437],[5.633110738055452,51.47430917720272],[5.633111217847061,51.47430873394796],[5.633111806489798,51.474308190689165],[5.633112478196728,51.47430756995259],[5.633112937934576,51.47430714471741],[5.633113565245417,51.47430656542235],[5.633114281489413,51.474305929311136],[5.633114692614645,51.474305564402556],[5.633115874417043,51.474304514729205],[5.63311676830473,51.47430372363802],[5.633117087797441,51.47430344880951],[5.633117364313775,51.47430321182406],[5.633118211052747,51.474302485550865],[5.633118744021902,51.474302027802025],[5.633119076420239,51.47430174395759],[5.633119371594661,51.47430149704533],[5.63312000207036,51.474300970776845],[5.633120671223888,51.47430041026979],[5.633120923417177,51.474300200301656],[5.633121181372523,51.47429999122033],[5.633122403772321,51.47429899629224],[5.633123333837475,51.47429824107954],[5.633123706479088,51.47429794636384],[5.633123910001528,51.47429778593614],[5.633124987799467,51.47429693423298],[5.633125350414249,51.47429664852715],[5.633125809057046,51.47429628711386],[5.633126230476204,51.474295962632674],[5.6331266905970905,51.474295608407274],[5.633127698279843,51.47429483325574],[5.63312794339281,51.47429464487542],[5.633128288861757,51.474294382576275],[5.6331291862879045,51.47429371372377],[5.633129296675437,51.47429363169394],[5.63313065429046,51.474292621199965],[5.633130898002875,51.474292440013556],[5.633131478625789,51.47429201092789],[5.633131976145276,51.47429165212922],[5.6331324105815535,51.4742913393059],[5.633133359741296,51.474290655063434],[5.633133795607051,51.47429034043933],[5.633134252994904,51.474290013185694],[5.633134719033574,51.47428968861044],[5.6331351649892305,51.47428937666169],[5.633136018193681,51.474288781609495],[5.633136679249783,51.47428832089384],[5.6331372126945665,51.47428795123298],[5.633137928314375,51.474287466132914],[5.6331382538605945,51.47428724612257],[5.6331393724692465,51.474286488714434],[5.633139748207831,51.47428623444133],[5.633140263062714,51.47428588729137],[5.633140676136737,51.47428561675986],[5.6331412828373715,51.47428521907963],[5.633142223725182,51.47428460226968],[5.633142666918535,51.47428431189958],[5.6331431660521725,51.47428398545676],[5.63314371401164,51.474283638237004],[5.633144091272192,51.47428339924139],[5.633145320598409,51.47428262092573],[5.633145583099905,51.47428245408164],[5.633146782277803,51.4742816902115],[5.633146958743825,51.47428158377291],[5.633147753522626,51.474281097607005],[5.633148358939149,51.474280728693245],[5.633149381835246,51.474280105418266],[5.63314966588794,51.47427993133769],[5.633150605564317,51.47427935677707],[5.63315071890815,51.474279289122926],[5.633151259831116,51.47427897158069],[5.633152044655703,51.47427850790738],[5.633153043267406,51.474277918840556],[5.633153490924392,51.474277655427045],[5.633153851072678,51.47427744613014],[5.633155033453922,51.474276770384485],[5.6331565372621615,51.47427591149077],[5.633156972042874,51.474275662486264],[5.633157527378578,51.47427534850906],[5.63315804543711,51.47427506157645],[5.633158574976255,51.47427476832762],[5.6331597947900125,51.47427409430065],[5.633160025839367,51.474273967073024],[5.633160700339529,51.47427359711465],[5.633161284452159,51.474273281279004],[5.633161713572524,51.47427305026382],[5.633163253519368,51.474272220057586],[5.633164820872071,51.47427140058],[5.633165445233014,51.47427107477184],[5.6331659030914665,51.474270834707454],[5.633166358115044,51.47427060273864],[5.6331670083499805,51.47427027058389],[5.633168051886952,51.47426973805103],[5.633168631793123,51.47426944289819],[5.63316911839965,51.47426919558209],[5.633169566275081,51.474268972617104],[5.633170240954495,51.474268635916445],[5.633171762587891,51.474267879455965],[5.6331734824717135,51.474267052465684],[5.633173926082315,51.47426683939723],[5.633174912360862,51.47426636541145],[5.633175377503511,51.47426614151117],[5.633176062355578,51.474265822766434],[5.633176488776471,51.47426562501503],[5.6331774521616635,51.47426517624581],[5.633178437078469,51.474264716644775],[5.633178964000968,51.47426447194027],[5.633179562720742,51.47426419562393],[5.633180251943947,51.47426388675751],[5.633180618092381,51.47426372239129],[5.633182145871347,51.4742630378272],[5.633182313871301,51.47426296286677],[5.633182595302302,51.47426283643174],[5.6331835530368,51.47426240744951],[5.633183999632877,51.47426221414986],[5.633184818154192,51.47426186006732],[5.633185493071448,51.47426156741063],[5.633186519811684,51.47426112300214],[5.633187275147446,51.47426079601888],[5.63318811527334,51.474260444587294],[5.633189143525575,51.4742600136586],[5.633189722278913,51.47425977154135],[5.633190328321443,51.47425951858014],[5.633191000471648,51.474259246603175],[5.633191467238053,51.474259056856454],[5.633193084406289,51.47425839996868],[5.633193742192046,51.47425813341524],[5.633194300882052,51.47425790751992],[5.633194898385516,51.47425767255402],[5.633195500202217,51.474257436680205],[5.63319664063574,51.474256989335224],[5.633197302778405,51.47425672996352],[5.63319784714767,51.47425651758142],[5.633198510768487,51.474256265397635],[5.63319895462185,51.47425609727196],[5.633200256008872,51.474255602846426],[5.633200883719164,51.47425536422132],[5.633201239962086,51.47425523133634],[5.6332025931459,51.47425473320597],[5.633204321254994,51.47425409675804],[5.633204634419548,51.474253982840125],[5.633204951901986,51.474253868913195],[5.633205990559781,51.474253499085464],[5.633206999044562,51.4742531392089],[5.633207348134384,51.47425301442877],[5.633207892624869,51.4742528245181],[5.6332085290635,51.47425260295307],[5.633209691310136,51.47425219690999],[5.633210063405033,51.47425206758696],[5.633210442711436,51.4742519409454],[5.633212162504664,51.47425136384022],[5.633213048980403,51.4742510662429],[5.633213850690565,51.47425079758807],[5.6332143980987945,51.47425061486218],[5.633215153881064,51.47425037057364],[5.633215633790613,51.474250215855],[5.633216573487989,51.474249911853356],[5.633217659745756,51.47424956080135],[5.633218339378981,51.47424934184175],[5.633218922751202,51.47424915544442],[5.633219618226726,51.474248938249225],[5.633220090978487,51.474248790736546],[5.633221578205185,51.47424832648031],[5.633221802368574,51.47424825679466],[5.633222032294123,51.47424818799573],[5.633223837216997,51.474247649362184],[5.633224835956549,51.474247350629085],[5.633225522859179,51.4742471451372],[5.633226099112438,51.47424697313676],[5.633226658151587,51.474246811959055],[5.633227445696486,51.4742465855809],[5.633228330965967,51.474246331131695],[5.633229453362435,51.4742460087672],[5.633230153243495,51.47424580774222],[5.633230478044012,51.47424571627144],[5.633231758598111,51.47424536211293],[5.633231919566287,51.47424531772887],[5.633233897161515,51.474244769742334],[5.633273198043003,51.474234238394736],[5.63327485522782,51.47423379535217],[5.633275376955457,51.474233654926934],[5.633275990665167,51.47423348913931],[5.633277527095609,51.474233074216315],[5.633278346334667,51.474232853164196],[5.633278957160658,51.474232686483795],[5.633279930142026,51.4742324156695],[5.63328028656429,51.47423231604207],[5.633281937903846,51.47423185683203],[5.633282843338102,51.47423160503646],[5.6332833621579725,51.47423145922413],[5.633283725747845,51.474231354188355],[5.63328493436308,51.47423100557426],[5.633286451955722,51.47423056732027],[5.633286940578689,51.47423042696486],[5.633287781291106,51.47423018429444],[5.633288031342964,51.47423011095857],[5.633289041567267,51.474229806807514],[5.633289929646737,51.47422953976777],[5.633291221529845,51.47422915142771],[5.6332922461280575,51.4742288436508],[5.633293178754184,51.47422856303402],[5.633293812478408,51.47422837203575],[5.633294270855601,51.47422822814861],[5.633295612945679,51.47422780824214],[5.6332963155980105,51.474227587435834],[5.633298357471186,51.4742269485268],[5.63329927995377,51.47422665534718],[5.633299479682217,51.474226592005024],[5.633299716770034,51.47422651689876],[5.6333005989755245,51.47422622829841],[5.633302603343079,51.474225574187635],[5.633303347619682,51.474225331720625],[5.633304574669145,51.474224931831905],[5.6333047082798995,51.47422488570776],[5.633305663702178,51.47422456189701],[5.633306530050552,51.47422426883577],[5.633307772811239,51.474223846442136],[5.6333089652921045,51.47422344213194],[5.633309631931562,51.474223216008276],[5.6333098689856005,51.47422313460995],[5.633311173443394,51.474222676131376],[5.633311779698539,51.47422246271932],[5.633313651622304,51.47422180439344],[5.633314775063364,51.474221409217556],[5.6333151040407285,51.47422129167059],[5.633315919997436,51.47422099601892],[5.633316329417552,51.474220848639504],[5.633318007307142,51.4742202419585],[5.6333182831162505,51.47422014070329],[5.633318560359863,51.47422003854617],[5.633320167775248,51.474219441901404],[5.633320607333894,51.47421927827873],[5.633321212081558,51.47421905228557],[5.633321407438346,51.47421897906508],[5.6333220452034,51.47421873682263],[5.633322809382555,51.474218448471156],[5.633324410982059,51.47421784105214],[5.633324751410748,51.474217711795646],[5.633326785260597,51.474216920095365],[5.63332722047211,51.47421675108864],[5.6333279271406305,51.47421647454383],[5.633328069338986,51.47421641941284],[5.633328817631868,51.47421612120721],[5.633329448151483,51.474215869991404],[5.633330714933567,51.47421536485089],[5.633331559458165,51.47421502868976],[5.633332108100666,51.47421480820821],[5.6333328046549145,51.4742145244937],[5.633333450939252,51.47421426066039],[5.633334765049411,51.47421372395957],[5.63333519016123,51.47421355047983],[5.633335430001415,51.474213451997],[5.6333374333669015,51.474212612720855],[5.63333780962857,51.47421245552375],[5.633338671284143,51.474212093259304],[5.633339400783072,51.474211779812606],[5.633340028321843,51.47421150972672],[5.633341254680589,51.47421098219973],[5.633342282871943,51.4742105404833],[5.633343147352829,51.47421016832533],[5.633344119473063,51.47420973841254],[5.633345070051994,51.474209317533955],[5.633346080942064,51.47420887046083],[5.633346853465415,51.47420852815949],[5.633347189464272,51.47420837823827],[5.633347966242527,51.47420802424261],[5.6333481500309075,51.474207941158895],[5.633349854353509,51.474207165434294],[5.633351331809391,51.47420649176065],[5.633351644798146,51.47420634548343],[5.6333524861231234,51.474205950003615],[5.633353534188096,51.47420545700969],[5.633354437249028,51.47420503263581],[5.633355267088305,51.474204642573376],[5.63335583993686,51.47420437350172],[5.633356296456325,51.474204152315494],[5.633357391815333,51.474203621469236],[5.633358073723281,51.47420329104435],[5.6333598998012935,51.47420240629962],[5.633360774051056,51.47420197749206],[5.633360890336232,51.474201921516816],[5.633361877953595,51.47420142954929],[5.633363629263772,51.47420055934415],[5.63336392353142,51.4742004113087],[5.633364219228711,51.47420026147249],[5.633365638838294,51.47419953758399],[5.6333659919440535,51.47419935706515],[5.633366705327821,51.474198991517824],[5.6333674746610365,51.47419859169544],[5.633367915304017,51.47419836245298],[5.633369505631239,51.47419753393545],[5.633369738153003,51.47419741299628],[5.63337028499125,51.4741971251032],[5.633371603939358,51.4741964185055],[5.633373304658162,51.4741955088568],[5.633374148560002,51.47419505764156],[5.633374606377817,51.474194810385335],[5.633375087137543,51.47419454690111],[5.633375872142968,51.4741941173829],[5.633377010181203,51.47419349386294],[5.633377235486877,51.47419336934358],[5.633377422042039,51.47419326557999],[5.633378877139032,51.474192449931905],[5.633379284681973,51.47419222165802],[5.633379913207561,51.474191867975016],[5.633380607699865,51.47419146920943],[5.633381085522474,51.474191194944936],[5.633382818888983,51.47419020073344],[5.633384110294751,51.474189458239124],[5.633384606726717,51.47418916505902],[5.633384899423635,51.474188992757426],[5.633386091733536,51.47418829092126],[5.633387020036203,51.4741877433488],[5.633387387331028,51.47418752504736],[5.633387966943114,51.47418717596191],[5.633388460467304,51.47418687739486],[5.633389645502674,51.47418616119213],[5.633390344191334,51.47418573994582],[5.633390616766706,51.47418557307983],[5.6333918533508776,51.474184807330474],[5.633393521723034,51.47418377190809],[5.633394128536754,51.47418339579915],[5.633394629179699,51.47418308283506],[5.633395283277795,51.47418266707611],[5.633395613188664,51.474182456044495],[5.633396975880498,51.47418158755793],[5.633397417680462,51.474181306178444],[5.633398010076605,51.47418092560557],[5.6333984977361675,51.47418060727565],[5.6333991388655535,51.47418018884751],[5.633400326453658,51.47417941241501],[5.633400703673115,51.47417916622769],[5.633401113861196,51.474178894802485],[5.633402308504774,51.47417809228788],[5.63340393769353,51.47417699762275],[5.633404595973396,51.47417655668651],[5.63340501615899,51.47417627085829],[5.633405420550842,51.47417599225435],[5.633406100265164,51.474175522509114],[5.633407158560455,51.474174792191754],[5.633407809594887,51.47417434228218],[5.633408193899125,51.47417407540591],[5.633408515081391,51.474173847314205],[5.6334092750291465,51.47417330908562],[5.633410691676575,51.474172303856946],[5.633411444432645,51.47417176654236],[5.63341232759981,51.47417112378489],[5.633413857371645,51.47417001045312],[5.633414296088568,51.4741696913276],[5.633414825109704,51.47416930279859],[5.633415399965951,51.474168872824904],[5.633415930377823,51.47416847530418],[5.633416872227311,51.47416777129973],[5.633417531664354,51.474167278226695],[5.633417933050834,51.47416697625848],[5.633418298565723,51.4741666950399],[5.633419013840263,51.47416614701793],[5.633420047326014,51.474165353832085],[5.633420420013335,51.47416506810404],[5.633420789816957,51.47416478148318],[5.633421853033083,51.47416389654992],[5.633592138610602,51.474022093711554],[5.633629875331179,51.47399068213187],[5.633630131847989,51.47399047395128],[5.633630392673084,51.47399026396386],[5.633631953271219,51.47398899775661],[5.633632669799691,51.4739884164726],[5.63363318568278,51.473987994712175],[5.63363358108509,51.47398765140791],[5.633634472170962,51.47398687739723],[5.633635364686535,51.47398610158577],[5.633636254333148,51.47398532757812],[5.633637105015335,51.47398453477653],[5.633637955692898,51.47398374107605],[5.633638338043716,51.47398337982202],[5.633638720292516,51.47398299969185],[5.633638820510733,51.47398290060455],[5.633639596474138,51.47398213133139],[5.633640408221434,51.47398132512896],[5.63364118388313,51.4739805001266],[5.633641956675866,51.47397967692796],[5.633642627869511,51.473978963606044],[5.633642730903013,51.47397885282751],[5.6336428381962005,51.47397873125357],[5.633643463331135,51.47397801802883],[5.633644197179125,51.47397717963171],[5.633644549046162,51.47397677080195],[5.6336448864807505,51.47397635481181],[5.6336449751258,51.47397624496249],[5.6336455327436425,51.47397555614988],[5.633645712897643,51.473975333748704],[5.633646156137526,51.47397478719902],[5.633646406351692,51.47397447835846],[5.633646615097987,51.473974219942086],[5.6336468623168745,51.47397388953498],[5.633646988077919,51.4739737229786],[5.633647483940599,51.473973059464754],[5.63364762398309,51.473972872204214],[5.63364823274529,51.473972059239614],[5.633648295623321,51.47397197551199],[5.633648571371072,51.473971597404606],[5.633648838409692,51.47397120583257],[5.6336489112465005,51.47397110051102],[5.633649382499166,51.473970410981984],[5.63364959384664,51.47397010132469],[5.633649942289908,51.473969591828826],[5.63365012508416,51.47396932537757],[5.633650216466742,51.47396918945529],[5.63375913159682,51.47403449491568],[5.633779855859742,51.47404734088716],[5.633880492362921,51.4740866423842],[5.633921264376851,51.47410168411839],[5.633942007803653,51.4741074289585],[5.633972529190662,51.47412201595647],[5.634016679703716,51.474083208271956],[5.634077760906661,51.47407964533923],[5.634126998576967,51.47401813041423],[5.634181047344681,51.473954663725294],[5.634194818582588,51.47393813133781],[5.634221138036356,51.47390515004569],[5.634242244966455,51.47387974826127],[5.634257494366062,51.47386268509974],[5.634257667471385,51.473862490577524],[5.634237668436765,51.47372308423666],[5.634234835693946,51.47370502387328],[5.634217279814519,51.473706040817476],[5.634217589928964,51.47368626504879],[5.634238647758879,51.473561376577265],[5.63428476504652,51.47356446988647],[5.634309745976677,51.473558070057926],[5.634374016987836,51.47363316111344],[5.634378550857393,51.47363845483192],[5.6344114613906235,51.47367690161638],[5.6344154012416805,51.47368147749738],[5.634475241195898,51.47373039294261],[5.634519640668215,51.47376671198909],[5.634567249631726,51.47380562194343],[5.634615478516202,51.47384470134855],[5.634621878431446,51.473841101288],[5.634664460997444,51.47386882195952],[5.634681565405562,51.473856498137266],[5.634715781268655,51.47387816018757],[5.634808332927286,51.47393669585392],[5.634898761912884,51.47399393259469],[5.6349910252944255,51.4740523069324],[5.635091839291674,51.474116083207626],[5.635056929574151,51.47414391355723],[5.635343363305656,51.47429774914163],[5.6353546998979205,51.47426741516981],[5.635403092383553,51.47429167155902],[5.6354634959570316,51.474322185459414],[5.635586315096014,51.4743825976518],[5.635738366525528,51.474460924813336],[5.635737283136682,51.47446575404707],[5.6357702860611685,51.4744918048549],[5.635781966548413,51.47450103831362],[5.63584045681931,51.474529012297836],[5.635930362660273,51.47457171465265],[5.635960793533883,51.47454848591415],[5.6360879860857915,51.47460825005693],[5.636181136710741,51.4746520149499],[5.636294389616468,51.474705219911336],[5.636347500498925,51.47473116469655],[5.636351508808457,51.47472715616939]]]]},"properties":{"buurtcode":"BU07941301","buurtnaam":"Kroon","gemeentenaam":"Helmond","aantalInwoners":2490,"crime_violent":11,"crime_property":0,"crime_disorder":1,"crime_count":12}},{"type":"Feature","geometry":{"type":"MultiPolygon","coordinates":[[[[5.625231822417945,51.49529178040397],[5.626319817199824,51.4950451261906],[5.626299061740778,51.495016801365495],[5.626217269388717,51.49492368447366],[5.626149229425429,51.49484975714851],[5.626056239034263,51.49474901281326],[5.626021598519396,51.49469254585672],[5.626001953419344,51.49465347634285],[5.625974756815098,51.49460778863658],[5.625854683692821,51.49445046282184],[5.625790858916271,51.49435630215191],[5.625774748783166,51.49433497800166],[5.625732906431213,51.49428077195218],[5.625692982287161,51.494246355026014],[5.625610401319925,51.49413963945754],[5.62557886877255,51.49409901215158],[5.625532466126887,51.49404557039435],[5.625510280562704,51.49401867575077],[5.625493877735711,51.493988157645326],[5.625487392410234,51.49397612606621],[5.625445201627034,51.49391877458914],[5.625402658985363,51.49386818329754],[5.62529659352874,51.49382478671597],[5.625249490571457,51.493797008937996],[5.625209568684362,51.493771131082006],[5.625200414778742,51.49376094760794],[5.625182615503455,51.49374117197398],[5.6251699071705605,51.49371490691968],[5.625184848716398,51.493556944554726],[5.625203573794596,51.493398319194846],[5.625219467960145,51.49330964946393],[5.625234611213961,51.49322333629449],[5.625322945191748,51.492949504880386],[5.6253388203663794,51.49289580111074],[5.625381798006403,51.492779346019304],[5.62540610495513,51.49271346335257],[5.625415047088724,51.4926749735723],[5.625429838019158,51.49260123624728],[5.6254578893005664,51.49253273022006],[5.625484882429864,51.4924904013663],[5.625501333368738,51.49246697025204],[5.625518049077843,51.49244460824689],[5.625539372585365,51.49238101476671],[5.625556934604438,51.49233055243056],[5.625581964407275,51.49226531543225],[5.625592476413816,51.49223793243147],[5.625609953047806,51.49215195600761],[5.625614033301494,51.49208425396189],[5.625613339429023,51.49205350512341],[5.625613936847456,51.491964156475724],[5.625606294485659,51.49191537257466],[5.62559880778972,51.49189904735861],[5.625586149837094,51.49187135214551],[5.625585016294509,51.49186661653077],[5.625572283080701,51.49181355542947],[5.625560396099955,51.491715872815774],[5.62554126195754,51.49162008363637],[5.62552358279505,51.491524408334435],[5.625494059423323,51.49136665446146],[5.625454249309135,51.49127098838608],[5.625415948598307,51.49121057369842],[5.625397962466597,51.49116345492686],[5.625374311612072,51.49110143640183],[5.625370768463642,51.491098765907516],[5.625188361156697,51.49096072147112],[5.625015068096462,51.490858244340544],[5.624987662114515,51.49083496469324],[5.62496143216844,51.49078901500182],[5.624923894724616,51.49064022014338],[5.624910433011532,51.49060735800512],[5.624835233706564,51.49050636161265],[5.624771118830091,51.49036619782115],[5.624761956636884,51.490293596066785],[5.624782787832556,51.49021291624525],[5.624801716509577,51.49016773657361],[5.624830699225762,51.490081934575684],[5.6248640993077705,51.49003142210223],[5.62488710304865,51.49001389227095],[5.624900268530857,51.490003861055676],[5.624942177193186,51.489977996152284],[5.624995534743391,51.48994151025321],[5.625063305620352,51.489877570498045],[5.625120860566887,51.489795728114146],[5.62512300194304,51.48979220917545],[5.625157079087789,51.48973635596204],[5.625233183308433,51.48966361717496],[5.625548013657421,51.48936278866211],[5.62558151627369,51.48932935425433],[5.625587335391994,51.489322900181286],[5.625587560172377,51.48932265702781],[5.625587782049422,51.489322409385906],[5.625653883329159,51.48924902739185],[5.625654637732338,51.489248189903265],[5.625720039255317,51.489172101911656],[5.625759376260986,51.48910359968625],[5.6258054212784705,51.489004612115835],[5.625859332388567,51.48893675420234],[5.625966244271987,51.48884441951627],[5.626046730649354,51.488797326703775],[5.626047151237659,51.48879708314856],[5.626047466470372,51.488796792169005],[5.62610590647278,51.48874289147508],[5.626106021104696,51.48874278607282],[5.626233435167699,51.48855454491734],[5.626365656806631,51.488399120413625],[5.6263809035587204,51.48838527356366],[5.6264260919408535,51.48834831835829],[5.626512085651613,51.488297940252934],[5.6266831303985985,51.48818231851303],[5.62679008617122,51.48810717831181],[5.6268385149248985,51.4880677623822],[5.6268858534546675,51.48802092402403],[5.626904491604529,51.48800042750517],[5.6269735632178675,51.487949409669056],[5.627017911975705,51.487922694061346],[5.627063710928895,51.48790069451127],[5.627090024740249,51.48788052375267],[5.627162929053118,51.487824662014624],[5.6271855493915135,51.48780579319984],[5.627205618154635,51.48778905994572],[5.627300589086152,51.48773225386063],[5.627426598852218,51.487653127829866],[5.6274532346598045,51.487634008000924],[5.627494084788707,51.48760468370926],[5.627525094810196,51.4875768807807],[5.627622359449443,51.4875183528695],[5.62765346063422,51.48749965524974],[5.627720503037853,51.48746272640793],[5.627729576001725,51.48745772797679],[5.627981659814363,51.48731499815883],[5.628024033533967,51.487290749139234],[5.628033931926857,51.487283942256205],[5.628223405407365,51.487153403934556],[5.628267773214576,51.48712513276712],[5.628270973047091,51.487123085725855],[5.62845058093095,51.487038364733664],[5.628571778268113,51.48697015067413],[5.6286732115913605,51.48690273244149],[5.628701331754803,51.48688405868695],[5.628743540489021,51.486855998545664],[5.628914615293992,51.48670745689944],[5.628954188413162,51.4866576045939],[5.628975239201827,51.48660912997081],[5.628977856532448,51.48660043249434],[5.629022508915829,51.48645248518659],[5.629042326993846,51.48638339308296],[5.629094403313341,51.48623727303688],[5.629099258060274,51.486205299231045],[5.629099902625574,51.48619925750275],[5.62910056163538,51.48619322473316],[5.629104186115441,51.48616003101736],[5.6291032180654605,51.48612958837011],[5.629092391447376,51.48607815063136],[5.629091543691049,51.486035123584365],[5.6290865008622175,51.48600732306731],[5.6290884643697465,51.485986680990464],[5.629090019751574,51.485970516121725],[5.629163498059523,51.48582596064072],[5.629183541003588,51.48578300712099],[5.629189666535038,51.4857544823273],[5.629187197115076,51.48573682469498],[5.629185459913799,51.48572419920423],[5.629196439053921,51.48568517455521],[5.629217216291922,51.485631415114035],[5.629312230996729,51.48545965107164],[5.629331229460621,51.48541256489997],[5.629332894353755,51.485403473890244],[5.6293812493385165,51.48540553171179],[5.629490860176538,51.48543093985429],[5.629516483404023,51.48542295592977],[5.629533060090744,51.48541779076315],[5.629567703674325,51.48532096466036],[5.629587745246626,51.48528868063386],[5.629625302271064,51.48522828856603],[5.629647812541248,51.48519189157296],[5.629763298822649,51.48492047206556],[5.629689357398959,51.48489396624091],[5.62949306581358,51.48484730032527],[5.629467184891546,51.48482898929762],[5.629610840883058,51.48446200671523],[5.629615355659959,51.48445550750799],[5.629732784275458,51.48428711312709],[5.62958732501348,51.484247324998854],[5.6296634890578465,51.48414291603241],[5.629683469811263,51.484115539931395],[5.629858935737276,51.48387500657709],[5.629898319137261,51.483817226320305],[5.629905154985171,51.4837762506841],[5.629908633762657,51.48377257606574],[5.630024850913447,51.48365018706608],[5.630013438762095,51.48362643665645],[5.629956748681484,51.48359200123854],[5.629982314134539,51.483497009598445],[5.629986136638669,51.48343092585341],[5.629986624283181,51.48342248446769],[5.6300392699856,51.4832682549841],[5.630103091177702,51.48309054265003],[5.631710349920965,51.48350704662178],[5.631931683036812,51.48356350787712],[5.631939828193309,51.48356557616542],[5.63259222568469,51.48373199663307],[5.632589571336048,51.48354139722821],[5.632588392416597,51.48345597127964],[5.632587986122075,51.48342600387019],[5.632587109509018,51.48336220405279],[5.632586637741958,51.483328102886276],[5.631937625690212,51.48315593961385],[5.629877973229894,51.482609540520166],[5.63007997032274,51.48235392253199],[5.629741787202321,51.4822616929959],[5.629510660544418,51.48195934458774],[5.6288279090973745,51.482012445539645],[5.628194084707246,51.48207303687435],[5.628105892197956,51.482088922241665],[5.628079710435514,51.48203240154469],[5.628000708280846,51.48186974366797],[5.6280162834811325,51.48180964016536],[5.628035279315858,51.481756648634416],[5.628061442967806,51.48169524687418],[5.628067841398463,51.481680177623595],[5.628102872102615,51.48160775540076],[5.628184653419981,51.48145785305248],[5.626722941328858,51.48130215906346],[5.626506136695249,51.48123297765903],[5.626529882935519,51.481195814684824],[5.625896738228365,51.48099486650741],[5.626091559974001,51.48075435310593],[5.625533622848024,51.48057731163836],[5.625013959364532,51.480412441067635],[5.624963419319067,51.48039640939946],[5.6244816828413935,51.480243584891085],[5.623936345575437,51.48007041126391],[5.623502892858469,51.47993294436577],[5.62319990250564,51.480139083870476],[5.622982692198962,51.48028685652971],[5.62282122519534,51.480396700833154],[5.622519940801085,51.4805748084069],[5.62202721771951,51.480414904773156],[5.6217185221678845,51.48031470870377],[5.621694297292704,51.480306856349785],[5.621438450767996,51.48022380257684],[5.621182562128737,51.480140775294785],[5.620591220907423,51.479948775128825],[5.620170108664055,51.48027393648718],[5.620132469297865,51.48030300912531],[5.6199871591007415,51.48041519024735],[5.619803144630587,51.48055392002207],[5.619617937626901,51.480696139486724],[5.618496031794121,51.48032569064899],[5.617966191724336,51.48014692149328],[5.6179741072117695,51.48013800704243],[5.617864800695112,51.480100406965406],[5.617809756758686,51.48017227241601],[5.617187735929194,51.47995702609994],[5.616782907972419,51.4798200999239],[5.615971431168503,51.48075132032876],[5.616144669097582,51.48118083698712],[5.616263204602462,51.481470210479515],[5.616143600473468,51.481501034641816],[5.615855943371919,51.48078479677644],[5.615706509358574,51.48043320084799],[5.615499447027577,51.4799289001139],[5.613772782521079,51.480478697320194],[5.613851417979768,51.48072296466006],[5.613884565505445,51.48082591048604],[5.613908969229504,51.4809016834477],[5.614066621600942,51.48125831639939],[5.613588156057996,51.481265592846086],[5.613331519582629,51.4812708546186],[5.6127098721474695,51.481193649810635],[5.612160559143125,51.48112681897288],[5.6120846474158945,51.48111748228951],[5.611466681564152,51.481041585105174],[5.610833027001614,51.48096286532046],[5.6107682552002025,51.48095294013823],[5.610369770809814,51.48089185210189],[5.609988920757793,51.48083341664242],[5.609709018038622,51.480790553565654],[5.6095656670449765,51.48077303833027],[5.609232104337081,51.48058061494524],[5.60914538778508,51.48083502375099],[5.609125431827766,51.480893640914644],[5.608751500210537,51.4811439402537],[5.609277375035167,51.48144478987799],[5.609385643980546,51.48154755796732],[5.609817721139235,51.48202424855202],[5.609741532169921,51.48208473399841],[5.609690619227551,51.48205972664592],[5.609719070552945,51.48203713777032],[5.60969570110866,51.48201556458356],[5.609624082442363,51.48193928843953],[5.609399364456858,51.48169526070283],[5.6093773580258945,51.48167267812455],[5.609297746859703,51.48160151358121],[5.609265018034736,51.48157353122521],[5.609213814951388,51.48153579535534],[5.609111411425278,51.481469671765026],[5.609084197584407,51.48145374166839],[5.608352616619124,51.4815990117419],[5.606970630279834,51.484623561536566],[5.606789589157133,51.485065066475784],[5.605414491192624,51.48486428706179],[5.605190532906987,51.484831592407055],[5.604941825123289,51.48479526625554],[5.604945468397017,51.48478310677165],[5.604147600219565,51.48467034728943],[5.6040738673828425,51.484659922699386],[5.60405832803697,51.484658845980746],[5.6040268261376465,51.484658518024],[5.603947430038378,51.484646971307576],[5.602504663702758,51.4844370789634],[5.602393454873626,51.48442016074479],[5.60227931421876,51.484401261329666],[5.602004567678149,51.48435279728349],[5.601936026685933,51.48430744978751],[5.601934569626359,51.484306511355825],[5.601934171062507,51.484306254114614],[5.601933821616566,51.48430603273773],[5.601932668005979,51.484305331048354],[5.601931133225943,51.48430439725402],[5.601930731846363,51.48430415350094],[5.601930125470684,51.484303790575986],[5.601929475883798,51.48430342323621],[5.601929110669731,51.484303216270135],[5.601927576203637,51.48430234899135],[5.601927226868117,51.48430215098473],[5.601926571539814,51.48430178725101],[5.601925904736379,51.484301432527005],[5.601925542469566,51.48430123993742],[5.601923856694839,51.48430034237559],[5.601922221690207,51.48429952561832],[5.6019217844334666,51.4842993062007],[5.601921387610502,51.4842991127759],[5.6019201366287295,51.484298522725105],[5.6019184585656685,51.484297733911895],[5.601917885739292,51.484297463508426],[5.601917291300821,51.48429718954922],[5.601916582968018,51.484296881642734],[5.601916197781049,51.484296713364685],[5.601914481046465,51.48429596686941],[5.601914088648465,51.48429579590801],[5.60191335581178,51.48429548175453],[5.601912599991324,51.48429517842977],[5.601912213419713,51.48429502183954],[5.601910468104179,51.484294320340084],[5.601910007970035,51.484294134222644],[5.6019093170742655,51.48429386044103],[5.601908685374343,51.484293622505],[5.601908078191073,51.4842933935126],[5.601906397986975,51.484292761106055],[5.601904358912498,51.484292045765294],[5.601904076272473,51.484291947410185],[5.601903237006673,51.48429165592417],[5.601902465591852,51.48429140386346],[5.60190202004506,51.48429125816817],[5.601900284003724,51.484290691481554],[5.601899616405604,51.484290473386736],[5.6018989805479995,51.48429026961526],[5.601898226536178,51.4842900444885],[5.601897759424387,51.48428990512495],[5.601895850606667,51.48428933516084],[5.6018955464098585,51.48428924493512],[5.601894674201615,51.48428898946438],[5.601893816474933,51.4842887519443],[5.601893458968036,51.48428865282801],[5.601891499893903,51.484288110821225],[5.601889455998272,51.48428759413879],[5.601888932773538,51.48428746206936],[5.601888177491822,51.484287272899536],[5.6018874583075675,51.48428710613497],[5.60188683857046,51.48428696255788],[5.6018850053064675,51.48428653896987],[5.6018843870089015,51.484286395390164],[5.601883664962422,51.48428623222638],[5.601882859402921,51.484286066519516],[5.601882385287593,51.484285968516694],[5.601880191972713,51.484285516827455],[5.601878781182843,51.484285230887394],[5.601878235067652,51.484285129421586],[5.601877844575861,51.48428505733193],[5.601875752350955,51.48428467197279],[5.6018474898267865,51.48427972897561],[5.601829994873128,51.48427666906264],[5.601765979905119,51.48426631592206],[5.601734863943067,51.48426228330517],[5.60173283574337,51.484262041644385],[5.601732337332488,51.48426198143807],[5.601731542194825,51.48426188851924],[5.601730774490936,51.48426181262854],[5.601730214191705,51.48426175613149],[5.601728045028093,51.484261540796986],[5.601726649339663,51.48426140403929],[5.601726153901476,51.48426136360244],[5.601725677187141,51.484261324929015],[5.601723682481212,51.484261164104524],[5.6017215036213495,51.48426102968585],[5.601721155121778,51.48426100875384],[5.601720253635383,51.484260955580766],[5.601719421316314,51.48426091576345],[5.6017189346007665,51.484260893287946],[5.601716813488477,51.48426079291991],[5.601714790489148,51.484260738213656],[5.601714334052849,51.48426072556991],[5.601713496064331,51.48426070463927],[5.601712754604778,51.484260698811724],[5.601712108163021,51.48426069280953],[5.601710174600623,51.484260675691104],[5.601709682215356,51.484260672102224],[5.601708868764555,51.484260664609366],[5.601708190713798,51.48426067214824],[5.601707430602303,51.484260679838044],[5.601705546157856,51.48426069858394],[5.601703448855293,51.48426076266457],[5.6017028788257734,51.48426077989229],[5.601702098630961,51.484260802899705],[5.601701260917789,51.484260840394775],[5.601700810405388,51.484260862796006],[5.601698780936394,51.48426096270642],[5.601698375040943,51.48426098232894],[5.601697501361419,51.48426102528333],[5.601696737130003,51.48426107522738],[5.601696116826765,51.484261116816995],[5.601694399844689,51.48426123323122],[5.601694248726714,51.48426124339663],[5.601694099057166,51.48426125535715],[5.6016920929784915,51.484261430729326],[5.601691549002548,51.48426147757174],[5.6016907718990385,51.48426154551674],[5.601689938720498,51.484261628845566],[5.601689512779943,51.48426167187554],[5.601687421934955,51.48426188425707],[5.601685416195192,51.484262131537825],[5.60168491403719,51.48426219268521],[5.601684089585742,51.48426229487418],[5.601683144325464,51.4842624233524],[5.601682895420707,51.48426245706811],[5.60168092723062,51.48426272944812],[5.601680615027517,51.484262773167785],[5.601680304285061,51.48426282137908],[5.601678868566357,51.484263049634315],[5.601678247090125,51.48426314785465],[5.601677527793225,51.48426326243436],[5.601676759636705,51.48426339598013],[5.601676256170292,51.48426348499475],[5.60167443794633,51.48426380833433],[5.601673737411485,51.48426393276709],[5.601673071403246,51.484264051743125],[5.601672275999097,51.4842642078106],[5.6016718560034455,51.48426429037972],[5.601669793439351,51.48426469956082],[5.601668005786988,51.48426509475342],[5.601667341349593,51.48426524159144],[5.6016666610927,51.48426539205402],[5.601665897475515,51.484265572332454],[5.60166541861045,51.48426568826778],[5.601663590863293,51.48426612937629],[5.601663025711859,51.48426626524539],[5.601662331143161,51.48426643371156],[5.601661721467879,51.484266592134084],[5.601661012582996,51.48426677770508],[5.601659219527704,51.48426724841236],[5.601646595478195,51.48427070529199],[5.601621476858441,51.484277600831895],[5.601596372585381,51.484284487351324],[5.601596172717877,51.48428453985296],[5.601594322138129,51.48428502414791],[5.601593820305761,51.48428515450711],[5.601593012202275,51.484285365428285],[5.601592209802326,51.48428556465372],[5.601591687793702,51.48428569055558],[5.601589719119116,51.4842861660789],[5.601589115142844,51.484286311906445],[5.601588373111292,51.48428649034702],[5.601587605140296,51.484286663442],[5.6015870413771545,51.484286788521715],[5.601584944517542,51.48428725259522],[5.6015847230171,51.48428729704675],[5.601582843135719,51.48428767353138],[5.6015823037664045,51.484287781487815],[5.601581475291615,51.48428794660409],[5.601580638140758,51.4842881036466],[5.6015801059143975,51.48428819990459],[5.6015781035983965,51.48428856313111],[5.6015774260891,51.484288685723214],[5.601576693919249,51.48428881830336],[5.60157597608238,51.48428893737412],[5.601575256797513,51.48428905464978],[5.60157340535372,51.48428935557713],[5.601573175177089,51.48428939195482],[5.6015729377893795,51.484289425649116],[5.6015710199899225,51.48428969883349],[5.6015704042209835,51.48428978625631],[5.60156961436305,51.48428989736957],[5.601568762595274,51.48429000769772],[5.6015682661996795,51.48429006973286],[5.601566105067537,51.48429033707224],[5.60156571945829,51.48429038452195],[5.601564752564073,51.48429050494913],[5.601563850353181,51.484290603684684],[5.601563326574428,51.48429065947807],[5.6015614271516965,51.48429086071917],[5.601561155182557,51.48429088818498],[5.60156089039047,51.484290911143226],[5.601558977841477,51.4842910764537],[5.601558430985827,51.48429112330083],[5.601557538746666,51.484291199546256],[5.601556574503195,51.48429127142976],[5.601556168645456,51.484291299141496],[5.601554070274148,51.48429144232173],[5.601553388090157,51.48429148941742],[5.601552590767197,51.484291543915674],[5.601551794833017,51.48429158762497],[5.601551111150069,51.484291622139274],[5.6015492572969645,51.48429171723018],[5.601548972307351,51.484291731236844],[5.60154867865867,51.48429174076503],[5.60154677281245,51.48429180089556],[5.60154623013615,51.4842918180724],[5.601545324711251,51.48429184580317],[5.601544344386114,51.48429186558177],[5.601543951383682,51.48429187169712],[5.6015417329997215,51.484291904536875],[5.60154131696268,51.48429191069453],[5.60154038411676,51.48429192409378],[5.601539465620765,51.48429192757918],[5.601538973256227,51.48429192848382],[5.601537841656357,51.484291925169806],[5.601536718698732,51.484291922738706],[5.601425177630558,51.48429052135113],[5.601388855372256,51.48429006490721],[5.601385002768847,51.48432799428282],[5.6013826913429865,51.48435384095429],[5.601381996154907,51.48436213877354],[5.6013785615752,51.484387942563686],[5.601377981704575,51.48440820319259],[5.601381564216762,51.484410470748706],[5.601381681176531,51.484410544241044],[5.601381963410219,51.48441055630702],[5.601507654472908,51.484415742039616],[5.601508277971097,51.48441576696132],[5.601507694006302,51.48442046910877],[5.601572922702253,51.484422857996464],[5.601573987825675,51.48442402995947],[5.601574270021163,51.48442433955],[5.6015746795721215,51.48442479002863],[5.6015750646188724,51.48442523426023],[5.601575349816527,51.48442556991239],[5.601576351615869,51.484426746486115],[5.6015764877023635,51.48442690713319],[5.601576963985944,51.48442746535325],[5.601577391197968,51.48442799759629],[5.6015775722316015,51.484428225575876],[5.6015785584996,51.484429466896536],[5.601579446726444,51.4844306778359],[5.601579701750358,51.484431026127595],[5.601580042260736,51.48443149021613],[5.601580375657661,51.48443197229499],[5.601580596006926,51.48443229458333],[5.601581413643413,51.48443349576484],[5.601581594863371,51.484433763294206],[5.601581948593389,51.48443428308822],[5.601582248831425,51.484434755340494],[5.601582482370309,51.48443512704226],[5.6015832540648125,51.484436355274156],[5.6015839363263185,51.48443754681692],[5.601584232461296,51.48443806491897],[5.601584451658823,51.484438448332426],[5.601584704400341,51.484438923368586],[5.601584881644362,51.484439263713455],[5.6015855571903606,51.48444055773936],[5.601585645810046,51.484440727462385],[5.601585959610599,51.48444132822773],[5.601586225673316,51.48444188054199],[5.601586353646892,51.48444215266349],[5.6015869789231285,51.4844434719501],[5.601587520588567,51.48444476801976],[5.601587661819875,51.484445103936515],[5.601587878781514,51.48444562398177],[5.601588085754601,51.48444616292167],[5.601588198035707,51.48444646563351],[5.601588664639501,51.48444771959436],[5.601588792960283,51.48444806542236],[5.601588986895835,51.484448587307675],[5.6015891548243895,51.48444908946578],[5.601589280460445,51.48444947664654],[5.601589699707863,51.48445076305364],[5.601590068888514,51.48445211786669],[5.6015901494760145,51.48445241614247],[5.601590298908927,51.48445296507564],[5.601590438391232,51.484453540992995],[5.601590494250159,51.4844537853822],[5.601590800043267,51.484455131323045],[5.601590864735001,51.48445541704392],[5.601590988224325,51.484455959732614],[5.601591072372607,51.484456402719466],[5.601591162491298,51.48445689063862],[5.601591397448641,51.48445817468779],[5.601591581018275,51.484459552313616],[5.601591616802511,51.48445981381814],[5.601591664544125,51.48446016878295],[5.601591752397351,51.48446109265677],[5.601591761492549,51.48446118971773],[5.601591884549593,51.48446255756722],[5.601591913435926,51.48446288290401],[5.60159196206693,51.48446342662919],[5.6015919906863605,51.48446400095256],[5.601592002000289,51.484464263401],[5.601592061800827,51.48446565024293],[5.6015920509393045,51.48446701204646],[5.601592048051286,51.48446731586885],[5.601592043490757,51.48446787587141],[5.601592022932944,51.48446840174637],[5.6015920045134715,51.48446877031574],[5.601591938593036,51.48447005761447],[5.6015919213971666,51.48447038033936],[5.601591893666507,51.48447091162079],[5.601591851284996,51.484471388997065],[5.601591811541376,51.484471815133126],[5.601591685303116,51.48447313400309],[5.601591491391859,51.484474451199674],[5.6015914300195675,51.48447487018447],[5.601591358878449,51.48447535480453],[5.601591262069022,51.48447589160611],[5.601591204486407,51.484476198225614],[5.601590957167804,51.48447748585769],[5.601590884104324,51.48447786801045],[5.601590788565222,51.48447836885502],[5.601590672870747,51.484478869736584],[5.601590585372606,51.48447924382607],[5.601590270563191,51.484480568435856],[5.601540446016052,51.484615678811274],[5.601498381319644,51.48472025837353],[5.60144999922297,51.484819366433406],[5.601405062281412,51.484901075069516],[5.601274355157867,51.48512509693087],[5.601145021663629,51.48534452291095],[5.600655319239318,51.48617333935022],[5.600613538323152,51.48624399482052],[5.599785277318236,51.48764440471676],[5.599791724264484,51.48764401274798],[5.599909379945411,51.48763686172913],[5.6012547999166,51.48755511271037],[5.601324258218958,51.488712249471085],[5.601340520020559,51.48870471408451],[5.601686938840138,51.48898260959942],[5.602750386847547,51.48983568778065],[5.603178167827493,51.49017883007921],[5.6033960282736475,51.49035357976785],[5.603478183510471,51.490419485225075],[5.603860159988892,51.49062684620361],[5.604025967462651,51.490706645189334],[5.604229517779222,51.490832359765555],[5.604385689656897,51.49098037229496],[5.604512278135245,51.49126850205282],[5.604525253130194,51.491416557207856],[5.604474823284671,51.49154527897664],[5.604568255157114,51.491758865360744],[5.604577771666906,51.49176160715157],[5.605043107525382,51.49219769636905],[5.60518681287727,51.49232111203698],[5.60519528058281,51.49232731637431],[5.605338799020262,51.49243229554774],[5.6053428990340795,51.49243480830455],[5.605343105545884,51.492434933759846],[5.605343573450092,51.49243521872461],[5.605344247866012,51.49243562914466],[5.605345563459163,51.49243642487864],[5.605347746960616,51.492437743928],[5.605348076218889,51.4924379428608],[5.605348404032911,51.49243814089748],[5.60535271023203,51.49244071079593],[5.605352871959757,51.492440805773434],[5.605353217083046,51.49244101006973],[5.605353721050029,51.492441308450054],[5.605356860334285,51.49244315874025],[5.6053571130312525,51.49244330658075],[5.605357606871383,51.49244359509244],[5.6053579750850515,51.492443810131974],[5.605358350520098,51.49244402965241],[5.605362480235659,51.49244642999462],[5.6053628368957185,51.492446637864845],[5.605363193547054,51.49244684393735],[5.605366827849226,51.49244892790583],[5.6053674342790645,51.492449273734415],[5.60536803782477,51.49244961866962],[5.6053722639902075,51.49245201343795],[5.605372412693974,51.49245209495676],[5.605376885590483,51.492454594431024],[5.605377343269014,51.49245484885334],[5.605377800943403,51.49245510237678],[5.605381893973337,51.49245735896828],[5.60538214662737,51.49245749782018],[5.605382399281507,51.49245763667206],[5.605382628827794,51.492457761185264],[5.605386689955844,51.49245997109519],[5.605387134615021,51.49246021295772],[5.6053874709870986,51.4924603938998],[5.6053882520140546,51.49246081580549],[5.605391570963258,51.49246259744482],[5.605392076232862,51.492462867058805],[5.605392580058002,51.492463135776596],[5.605397193814363,51.492465581953496],[5.605397336732903,51.49246565808989],[5.605397478202929,51.492465732431334],[5.605401673163085,51.492467925011915],[5.605401801635045,51.49246799128785],[5.605402302541777,51.492468251921295],[5.605402931920318,51.49246857883059],[5.605403552629189,51.492468899464086],[5.605406856814182,51.49247060472691],[5.605407191707675,51.49247077758185],[5.605407526596864,51.49247094953796],[5.605412007080384,51.492473228774315],[5.605412300104192,51.49247337833705],[5.605412646525695,51.49247355296818],[5.605413285966649,51.49247387626315],[5.605416747258771,51.492475613591054],[5.60541739679228,51.49247593956377],[5.605417668148137,51.492476074785095],[5.605418047756852,51.49247626373601],[5.605422597241332,51.492478518573485],[5.605422962412055,51.49247869946161],[5.605423329018469,51.49247887944813],[5.605427331346521,51.49248083778393],[5.605427911552703,51.49248111984173],[5.605428490314478,51.49248140100338],[5.605433033729876,51.492483591133386],[5.605433492689563,51.492483812295056],[5.605433951640687,51.49248403165897],[5.60543785268379,51.492485887713],[5.605438483364823,51.49248618585593],[5.605439114041555,51.49248648310008],[5.60544270035875,51.49248816805913],[5.6054429644593045,51.492488291608744],[5.605443701918727,51.49248863629299],[5.605444054052773,51.49248880102578],[5.6054443513404175,51.49248893889518],[5.605448459948548,51.492490839503965],[5.60544878032676,51.492490988116515],[5.6054491858414375,51.492491174322275],[5.605449911729765,51.49249150824177],[5.60545338670399,51.492493095432216],[5.605453518025649,51.49249315541071],[5.605454138545568,51.49249343649409],[5.605454526729368,51.49249361194585],[5.605454888942896,51.49249377665973],[5.605459437452264,51.492495827454825],[5.605459558664352,51.49249588116014],[5.60545990643572,51.49249603691239],[5.605460373974658,51.492496245473724],[5.605464408626478,51.492498037457366],[5.605465032000498,51.49249831314224],[5.605465653930324,51.49249858793088],[5.605470394075224,51.49250066443419],[5.605470668233776,51.492500783470554],[5.605470940948072,51.49250090161082],[5.60547535630043,51.49250280973461],[5.605475940676065,51.492503060324005],[5.6054765250516505,51.492503310913506],[5.605480810414898,51.49250513658451],[5.605481182673529,51.49250529408864],[5.605481553492214,51.4925054515954],[5.605486332180181,51.49250745791438],[5.605486677019988,51.49250760288566],[5.60548703195214,51.49250775053464],[5.605487733159851,51.49250804225331],[5.605491524841838,51.492509612670524],[5.605492149569778,51.49250987037529],[5.605492774293522,51.49251012718123],[5.6054974488336695,51.49251203481927],[5.605497790767943,51.49251217440272],[5.60549817742157,51.492512330981015],[5.605498907445219,51.492512626241165],[5.6055027609453045,51.49251417586845],[5.605503309176388,51.49251439596386],[5.605503857403274,51.49251461516053],[5.6055044330317845,51.492514843294494],[5.605508980359587,51.49251664690153],[5.60551386947118,51.49251855863175],[5.60551411760348,51.492518655245085],[5.605514623960486,51.492518851149384],[5.605515377005813,51.49251914277091],[5.605519465343648,51.492520718924226],[5.605519944281981,51.49252090229568],[5.605520421776063,51.49252108477106],[5.605525505368538,51.4925230150131],[5.605525942458388,51.49252317958664],[5.605526378108559,51.492523344163],[5.605530844159744,51.49252501399003],[5.605531346154141,51.49252520091384],[5.605531848144066,51.492525386938745],[5.60553690405553,51.49252724981706],[5.605537358433286,51.492527416156065],[5.605537812806732,51.492527581596086],[5.605542236794981,51.492529187682024],[5.605542479120171,51.492529274418516],[5.60554287146067,51.492529415705235],[5.605543504686308,51.49252964373132],[5.605548142033665,51.49253130155191],[5.605548436286732,51.49253140706748],[5.605548649761893,51.492531483071666],[5.6055488069807815,51.49253153850719],[5.605553791819864,51.4925332936538],[5.605553959131227,51.49253335176696],[5.605554409146186,51.49253350912531],[5.605555025028415,51.49253372370072],[5.605559784735392,51.49253537410098],[5.605560001086008,51.49253544920086],[5.605560215992422,51.492535523404634],[5.605565418364262,51.492537299716425],[5.605565696722345,51.49253739357641],[5.605566177001618,51.49253755627133],[5.605566934194722,51.49253781193006],[5.605570635036553,51.49253905532724],[5.605571485958273,51.49253933867537],[5.605571921518074,51.49253948437548],[5.605572338324429,51.49253962291969],[5.605577305351305,51.4925412666391],[5.605577795701446,51.49254142751734],[5.605578286051755,51.49254158839562],[5.60558267030188,51.49254301478092],[5.605583361103368,51.49254323820469],[5.605584050460712,51.49254346073218],[5.6055885254652,51.49254489503731],[5.605588979739786,51.49254503980337],[5.60558942680191,51.49254518188639],[5.605594755427554,51.492546861781726],[5.605595238530841,51.49254701278592],[5.605595720194186,51.492547163792864],[5.605600228140725,51.492548561182296],[5.6056008222777995,51.49254874523668],[5.605601416410405,51.49254892839219],[5.605606629407373,51.49255051771801],[5.605607175936437,51.492550682985296],[5.605607721021085,51.49255084735634],[5.605612090317361,51.492552157814806],[5.605612814202876,51.492552373985426],[5.6056135380841905,51.492552589257244],[5.6056187234342945,51.492554118410126],[5.605619200722021,51.49255425773981],[5.60561967656538,51.49255439617342],[5.605623957690389,51.49255563668483],[5.605624835824736,51.49255588942018],[5.60562571395462,51.49255614125665],[5.605625920148523,51.49255620019587],[5.605630881754872,51.492557613813304],[5.605636421435194,51.492559164773645],[5.605636643480956,51.49255922637976],[5.605637101989383,51.492559353160395],[5.605637781103739,51.49255954154988],[5.605641576030489,51.4925605861191],[5.60564193648613,51.492560684319606],[5.6056425824218525,51.492560860186984],[5.605642964506436,51.49256096463907],[5.605643588813173,51.49256113425493],[5.605648620730749,51.4925624965045],[5.605648861508653,51.49256256077207],[5.605649252232793,51.49256266520795],[5.605649882290684,51.492562833015256],[5.605654118218692,51.49256395675754],[5.605654928487019,51.49256417006959],[5.605655738755458,51.49256438338162],[5.605657539489717,51.492564852813956],[5.6056611553707665,51.49256579434809],[5.605666769380947,51.492567231011805],[5.605667281179701,51.49256736038914],[5.60566779297819,51.49256748976651],[5.605672756659945,51.49256873529017],[5.605673173302721,51.49256883967741],[5.605673589945551,51.492568944064644],[5.605679161883879,51.492570315189305],[5.605679673660965,51.49257044007224],[5.605680183998264,51.492570564958],[5.605684552068395,51.492571619238966],[5.605685402607484,51.49257182258788],[5.605685793279834,51.4925719162373],[5.605686254590681,51.49257202683292],[5.605691288574858,51.49257321919104],[5.605691693655241,51.49257331461123],[5.605692214059083,51.492573436781406],[5.605693138094786,51.49257365257676],[5.605697086482979,51.49257456921766],[5.60569786058536,51.49257474754138],[5.605698633243479,51.492574924968906],[5.605699600498362,51.492575145177575],[5.6057042248629845,51.49257619628125],[5.605709724112006,51.49257742282298],[5.605709865375547,51.492577454018786],[5.605710499619742,51.49257759395303],[5.6057112751231655,51.492577764184226],[5.605716057845533,51.4925788077999],[5.6057164542389,51.4925788933487],[5.605716850636852,51.49257897979636],[5.605722503871854,51.49258018807179],[5.605723048720122,51.492580303005106],[5.605723592128177,51.49258041794116],[5.60572837463959,51.49258141751228],[5.605729010284835,51.492581549354014],[5.605729644486139,51.49258168029962],[5.605735117295416,51.49258279812678],[5.605735683746704,51.49258291391849],[5.6057362501938375,51.492583028811296],[5.605741193920855,51.49258401639463],[5.605741656581252,51.49258410811133],[5.605742117801701,51.49258419983065],[5.605742828357758,51.492584338723006],[5.605748012686383,51.49258535372024],[5.605753499004424,51.492585986133186],[5.605753987410769,51.49258604184689],[5.605754475816952,51.492586097560604],[5.605759018358869,51.49258660140554],[5.605759607603033,51.49258666591903],[5.60576019684725,51.49258673043245],[5.605765312677733,51.492587274551056],[5.605765602249316,51.4925873045701],[5.605766004190928,51.49258734606386],[5.605766694260127,51.492587416680536],[5.605770972967974,51.49258785270528],[5.605771575149904,51.49258791270016],[5.605772175891888,51.49258797269772],[5.605777134477384,51.49258845598741],[5.605777549374128,51.492588496558014],[5.605778219245542,51.49258855912261],[5.605783180594324,51.49258901813748],[5.605783627169413,51.49258905864877],[5.605784072304714,51.49258909916271],[5.6057886273184945,51.49258950141109],[5.60578925251342,51.492589555969545],[5.60578987626408,51.49258960963179],[5.605795121187478,51.49259004923868],[5.605795266675909,51.492590060651395],[5.605795747800617,51.492590099300116],[5.605796374418233,51.492590150260355],[5.605800309824295,51.49259046198484],[5.6058012245261,51.49259053307922],[5.6058021377835345,51.492590603277485],[5.605803758298713,51.49259072518375],[5.605807381042828,51.492590996145836],[5.605812856086751,51.49259137959106],[5.605813404883524,51.49259141721401],[5.605813952240402,51.492591454839726],[5.605818709856814,51.49259176771957],[5.605819129008533,51.49259179479902],[5.605819546720571,51.49259182188117],[5.605824966792809,51.492592152395716],[5.605825511248215,51.49259218553237],[5.605826054255196,51.492592216874165],[5.605830365166884,51.492592462276654],[5.605831151577121,51.492592504847494],[5.605831559188046,51.49259252745425],[5.6058319365518905,51.492592548319884],[5.605837170606253,51.49259282345261],[5.605837478827721,51.49259283905467],[5.605837789929087,51.49259285465131],[5.60584022686002,51.4925929705328],[5.605842367097295,51.49259307258843],[5.605842776130901,51.49259309159692],[5.605843337830898,51.49259311751032],[5.605844308556081,51.492593160634605],[5.6058486393545985,51.49259334937055],[5.605849021016655,51.49259336573377],[5.6058494055585015,51.49259338209163],[5.605854794813815,51.4925935922143],[5.605855136140785,51.492593605057664],[5.605855506270406,51.49259361874588],[5.605856216278409,51.49259364348237],[5.6058604907257745,51.4925937918745],[5.6058610639107185,51.49259381057535],[5.605861639975559,51.492593829270795],[5.605862014411911,51.49259384025435],[5.605867319918556,51.49259400199461],[5.605872563374657,51.49259413598609],[5.605873320865682,51.49259415344254],[5.605874081240871,51.49259417179251],[5.6058780414736855,51.492594256054524],[5.605878849353315,51.492594271618806],[5.605879164726983,51.49259427731975],[5.605879658673005,51.492594287180374],[5.605884814068956,51.49259437459527],[5.605885140962,51.492594380274625],[5.605885496649325,51.49259438500117],[5.605886180665215,51.492594394505446],[5.605890054329954,51.4925944429746],[5.60589033657227,51.49259444604108],[5.605891042174219,51.492594452808305],[5.605891452578529,51.49259445743222],[5.6058920328983834,51.49259446263658],[5.605897111758161,51.49259450435213],[5.6058974731921625,51.49259450637128],[5.605897837506062,51.49259450838501],[5.605902564898949,51.492594524692],[5.605903287754098,51.49259452603364],[5.605904012044771,51.492594526473745],[5.605909152600851,51.4925945222309],[5.605909302357328,51.492594522849046],[5.605914768215559,51.49259449282793],[5.605915539993386,51.49259448688691],[5.605916314651325,51.49259448094033],[5.605920353488071,51.492594441908835],[5.605921043181728,51.492594434323806],[5.605921395945848,51.49259443006705],[5.605921734310746,51.49259442583727],[5.605925394386997,51.49259437493147],[5.605927221543247,51.492594349034455],[5.605927394321142,51.49259434601395],[5.605927568538982,51.49259434299077],[5.605932514282106,51.4925942510232],[5.605933307611311,51.49259423515406],[5.605934103816035,51.49259421838065],[5.60593851817934,51.492594117521456],[5.60593901489709,51.492594104905024],[5.6059395130504655,51.49259409138691],[5.60594487611651,51.49259394560332],[5.605945472167401,51.49259392830618],[5.605946069654027,51.49259391010754],[5.6059504694321936,51.492593770624],[5.605951115858877,51.492593748738116],[5.6059515549666665,51.49259373353293],[5.605951763725455,51.492593726849464],[5.605956956668563,51.492593537339815],[5.605957431761622,51.4925935193705],[5.605957738409228,51.49259350711031],[5.6059585230299005,51.49259347687549],[5.605962202785322,51.49259332615738],[5.605963260922234,51.492593281027766],[5.605964149182869,51.49259324340758],[5.605964320499252,51.4925932358955],[5.6059690539854214,51.49259302207848],[5.6059693145511424,51.49259300900573],[5.605973500891886,51.492592801607664],[5.605974809485082,51.49259273713217],[5.605975452975661,51.49259270356633],[5.6059760993461385,51.49259266999513],[5.605980097009265,51.49259245306303],[5.605980995292954,51.492592403738705],[5.6059814804222015,51.49259237676193],[5.605981895008104,51.492592352613926],[5.605987022627152,51.49259205356364],[5.605987507738943,51.492592022991325],[5.605987994290684,51.492591992416365],[5.605990920801339,51.49259180895291],[5.605992279692213,51.492591723708934],[5.605993118913223,51.4925916691021],[5.605993654400796,51.492591633940954],[5.6059939595740165,51.49259161449245],[5.605998545729489,51.492591305670665],[5.605998943018862,51.49259127795961],[5.605999341748184,51.492591250245866],[5.6060045755455015,51.492590872794295],[5.606004974266174,51.49259084328284],[5.606005349952306,51.49259081471339],[5.606006127243543,51.49259075752602],[5.606010232438201,51.49259044421252],[5.606010855696391,51.492590395403695],[5.606011294713413,51.492590361322314],[5.606011480394416,51.4925903465922],[5.60601696298272,51.49258990305623],[5.606017161614345,51.492589886504064],[5.606017361681867,51.492589869050406],[5.606022366288571,51.49258944169131],[5.606022986640954,51.492589387494675],[5.606023417001138,51.49258934983396],[5.60602360843323,51.49258933329538],[5.606028322188148,51.492588909178146],[5.606028716558844,51.49258887338269],[5.606029112360838,51.49258883578682],[5.606034453550878,51.49258833318994],[5.606035049402919,51.49258827454489],[5.606035646699069,51.492588216796],[5.606040106944907,51.492587776075275],[5.606040619311678,51.492587723878856],[5.606041133113912,51.49258767078088],[5.606046607918411,51.492587105911056],[5.606046905831261,51.492587073891954],[5.606047205184325,51.49258704187013],[5.606051894058093,51.49258653420398],[5.606052612208299,51.49258645555431],[5.606053189315452,51.492586391551164],[5.606053333234186,51.492586376000425],[5.606058583280679,51.49258578458566],[5.606062789848653,51.49258529220564],[5.606063886461225,51.49258516340836],[5.606064613212225,51.49258507665273],[5.606065341398741,51.49258498899555],[5.606069641414773,51.492584465878565],[5.606070170995575,51.49258440016669],[5.606070702016215,51.49258433445218],[5.606076045250759,51.49258365836834],[5.606076451058595,51.49258360547271],[5.606076858306378,51.4925835525745],[5.6060813998878345,51.4925829579934],[5.606082070468664,51.49258286864641],[5.606082487782993,51.49258281303266],[5.606082743929496,51.4925827792941],[5.606088016417083,51.49258206379221],[5.606092626867963,51.49258141784611],[5.606093340594724,51.492581317631725],[5.606093960782441,51.49258122927811],[5.606094582405886,51.492581140022885],[5.606099345276816,51.49258044974608],[5.60609961435245,51.492580409691094],[5.606099886307821,51.492580369630765],[5.606105502344257,51.492579530338844],[5.606105767095496,51.492579489393094],[5.606109266426362,51.49257894979951],[5.606110499537384,51.49257875962271],[5.606111331195085,51.4925786295244],[5.6061121657283,51.49257849852179],[5.606117226122334,51.49257769532759],[5.6065009561128285,51.49248681745941],[5.606515341253228,51.49248357247699],[5.606461197617533,51.49326039403146],[5.6064681112548875,51.4932604763188],[5.607100001379547,51.493267991729034],[5.607121956105905,51.49284396476198],[5.607119966577411,51.492789838751776],[5.607071368205312,51.49260204021052],[5.607051078051386,51.49258117979117],[5.607030789355908,51.49256031936562],[5.607094498464749,51.49246627671508],[5.607086322793431,51.492415973557264],[5.607267585458594,51.49202677301047],[5.607301713679073,51.49196172055781],[5.60734528601139,51.491887400935205],[5.607426940887473,51.491762178495904],[5.607508581886909,51.49169039366162],[5.607631385839792,51.49162973088896],[5.6077142952269865,51.49158803757757],[5.607811711591735,51.49146765693209],[5.607827041062727,51.49144870679626],[5.6078941248015415,51.49131751613362],[5.6079554253177255,51.49114917721321],[5.607986929893567,51.491116776365914],[5.608127308002329,51.49105217872486],[5.608374639295246,51.49096659640749],[5.608439808953867,51.49092225758017],[5.608545007279951,51.49081872250228],[5.608545540357604,51.490818196552645],[5.608618284897975,51.49072148964393],[5.608663517386223,51.49065169665675],[5.608731172768393,51.49054727267493],[5.608892264313798,51.49023930248018],[5.608912745610176,51.49017856306913],[5.608895506668349,51.4901541376552],[5.608857450008818,51.48999131727671],[5.608883450932052,51.48987250057053],[5.60889401439598,51.48982417538231],[5.608925409865523,51.48968075541108],[5.609000121980939,51.48958030882166],[5.609192826162768,51.48947021760521],[5.609246595917128,51.489439023468755],[5.609250759829204,51.48943664253466],[5.609380463869521,51.489581859265954],[5.609628689545116,51.489822777049795],[5.609721337338599,51.489912720796426],[5.60981880762962,51.49003181451604],[5.609947970470552,51.49016282056037],[5.610179371361767,51.490383391977375],[5.610255685892373,51.49044833306657],[5.61032728545081,51.4904972023912],[5.610454456319724,51.49056206405721],[5.610573099159462,51.490599643319584],[5.610817302065793,51.49065535471959],[5.6108992220777445,51.49067403793424],[5.611060841140467,51.49073991152771],[5.6112759042777105,51.49082820787695],[5.611985954067944,51.4912539656911],[5.612244685056027,51.491360926486976],[5.612266792145917,51.49136768826772],[5.612479600124615,51.491432751040435],[5.612755932869297,51.49151726796156],[5.612832853898334,51.4915407774136],[5.613403333068701,51.49175582335979],[5.613479464982694,51.49176788234968],[5.613480992067296,51.491791204090134],[5.613851415089354,51.49196317634591],[5.614068697661236,51.4920640563773],[5.6147620364082025,51.49262888457253],[5.615035585103603,51.49285102707697],[5.61520994999478,51.49299220409834],[5.61559165429976,51.49320208008962],[5.615910636674491,51.493374586052305],[5.61592019520204,51.49337975377862],[5.616319147567829,51.49356204330913],[5.616428112482038,51.49361113214738],[5.616757173472649,51.49375936456792],[5.617502157491881,51.49396679322004],[5.617596090518696,51.4939929895285],[5.618191473212084,51.49415901963815],[5.618343465857675,51.49419342390231],[5.618811079193757,51.49429924609451],[5.620584327302478,51.49470057169525],[5.620678779350964,51.49473747900063],[5.620738688535554,51.4947608914607],[5.620870373443051,51.49478541859989],[5.621104166321446,51.4948289497572],[5.621338011481053,51.49488535211967],[5.621582447726228,51.49492622728417],[5.621704722023578,51.49494076799333],[5.621733294998162,51.49494417120886],[5.621861456439427,51.49494424613785],[5.622725151360771,51.49487002147314],[5.622783016774283,51.49486280361713],[5.62290502903431,51.49482643985026],[5.6229776538645755,51.494824945733676],[5.622981008381849,51.494793963991896],[5.623403878154097,51.49471299277662],[5.6234787163572975,51.49496029941613],[5.623567088014494,51.49500151328584],[5.623729181856614,51.49511345336365],[5.623972746773343,51.49520208211062],[5.624008411667258,51.49521507028213],[5.624396889814181,51.495373254956114],[5.625384805420955,51.49566218807242],[5.625529231701418,51.49570441860846],[5.625231822417945,51.49529178040397]]]]},"properties":{"buurtcode":"BU07941700","buurtnaam":"Stiphout-Dorp","gemeentenaam":"Helmond","aantalInwoners":4965,"crime_violent":5,"crime_property":0,"crime_disorder":3,"crime_count":8}},{"type":"Feature","geometry":{"type":"MultiPolygon","coordinates":[[[[5.628194084707246,51.48207303687435],[5.6288279090973745,51.482012445539645],[5.629510660544418,51.48195934458774],[5.629873912659765,51.481931866220464],[5.630534897067637,51.48188185171122],[5.630995734129507,51.48185896623166],[5.632505933833006,51.48179280796678],[5.632692034094114,51.481785207599984],[5.632692089899717,51.48178781420048],[5.6327410036810495,51.481792466278954],[5.632788350017687,51.48179930229087],[5.632788596379817,51.481799337727075],[5.6327888399258885,51.48179938485436],[5.632799845552073,51.4818015027909],[5.632800285070268,51.481801584561545],[5.632805316939274,51.48180247373591],[5.632811929551142,51.48180364182677],[5.632823838159327,51.48180555831134],[5.632839816958158,51.48180782487348],[5.632843924131817,51.481808359142306],[5.632848767139919,51.48180893051309],[5.632858226991945,51.48181004586518],[5.632858813274749,51.481810113843565],[5.632859109968945,51.48181013928601],[5.632859961154066,51.48181021030202],[5.632923002674448,51.481813434815464],[5.632924305863621,51.48181350038475],[5.632979836507931,51.48181449801027],[5.632978525340909,51.481810288675746],[5.632976962427309,51.48180611312968],[5.632975149240509,51.48180197766108],[5.632973088693691,51.48179788855576],[5.632970786564809,51.481793849397164],[5.632968245766715,51.48178986647108],[5.632964319521874,51.48178444737535],[5.632959949171037,51.48177916314634],[5.632955002316272,51.481774022152784],[5.632953838357934,51.48177281382909],[5.632953642913184,51.4817726101976],[5.632953425758181,51.48177238503912],[5.6329529408542465,51.48177189617737],[5.632952326048656,51.481771344668395],[5.632952155348452,51.481771191321506],[5.632952038174931,51.48177108640075],[5.632950715984019,51.48176990088198],[5.632950598815359,51.481769796860085],[5.632946710368944,51.481766312048606],[5.632945939336911,51.481765621544156],[5.632945105021493,51.48176494195934],[5.632944276493465,51.4817642677556],[5.632943447970421,51.48176359445073],[5.6329425950328025,51.48176293198362],[5.632941743539558,51.48176227041242],[5.632940890601776,51.48176160794531],[5.63294001900794,51.48176095630398],[5.632939145969673,51.481760303766755],[5.632938708020784,51.48175997929892],[5.632984096705185,51.48159141689772],[5.632984146114904,51.48159123612109],[5.632665911895854,51.48160513835352],[5.6325956908233445,51.48160820739805],[5.6325076805265,51.48161204188906],[5.632479284064605,51.48161327821126],[5.632458606285015,51.4814642785384],[5.632446350358566,51.48137596532691],[5.632450766248246,51.48136754263716],[5.632444454453008,51.48135539511652],[5.6324438406277055,51.481294901673365],[5.632453083171132,51.481252230944676],[5.632472048125347,51.48120786788078],[5.632499889636054,51.481167809706704],[5.632522876891733,51.48113790995627],[5.632656042522898,51.48097595941158],[5.632708145746525,51.48090751781045],[5.632775849923457,51.48078767302304],[5.632780085085189,51.48078019451245],[5.633090717014849,51.480199716207096],[5.633235336633946,51.479931224937644],[5.63344739095356,51.479533972081605],[5.633491186412759,51.47945243316433],[5.63375098230626,51.4789537135404],[5.63378649004079,51.478897000791676],[5.63384891697465,51.47881648301661],[5.635960057504406,51.476286584154884],[5.636284862548742,51.47589734698915],[5.636276051726054,51.47589441751227],[5.636089138620021,51.47583544616683],[5.636025823624858,51.475817846554094],[5.635815338725374,51.475770340679986],[5.63537186596398,51.475684714915666],[5.635227874633214,51.47565685959611],[5.634076368763323,51.47543419851805],[5.633907061943106,51.47539340649145],[5.6336814138124796,51.475327987423434],[5.632907825673294,51.47507143644799],[5.633031137325655,51.474977798577044],[5.633024862085103,51.47497095253417],[5.633020127773403,51.47496451942003],[5.633019537623413,51.47496371887281],[5.633015266790271,51.47495621872352],[5.633012088787881,51.47494851492477],[5.633010031492677,51.474940705394374],[5.63300933034409,51.47493480849553],[5.633009086063966,51.4749327523987],[5.633010988525233,51.474924947108626],[5.633013902301727,51.47491730328145],[5.633017828890481,51.47490983170054],[5.633022741200239,51.47490258006277],[5.63302851775401,51.47489570952167],[5.633028651046805,51.47489560407317],[5.633046262851317,51.47488166325672],[5.633069009019106,51.47487094215023],[5.633082901132675,51.474865471117944],[5.633083682547845,51.47486517374307],[5.633084476975776,51.474864887127254],[5.633086064391957,51.474864313898415],[5.633087647490101,51.474863740678764],[5.6330892537198345,51.47486318628653],[5.633090857065956,51.47486263100154],[5.63309165875362,51.47486235605559],[5.633092470555645,51.47486208827925],[5.633094091285644,51.474861553631506],[5.633095712015658,51.474861018983745],[5.633096522378359,51.47486075121041],[5.6330973414354,51.47486049420526],[5.633098978114819,51.47485998109664],[5.633100617667955,51.47485946708307],[5.633102252903221,51.474858953078645],[5.633103909854861,51.474858462399006],[5.63310556680177,51.474857970820416],[5.633107220874676,51.4748574801468],[5.633108892321903,51.47485700831274],[5.633110560885472,51.474856535585936],[5.633111393032544,51.4748563037213],[5.633022743746824,51.47482334118715],[5.6329814211764235,51.47480769805686],[5.632851374647169,51.47475987352214],[5.632804544150868,51.47474244419063],[5.6327487715975035,51.474721680883185],[5.632742675277768,51.47472824646825],[5.632624543459413,51.47467438316992],[5.632547776234604,51.474649313410936],[5.632362838129523,51.47459173419215],[5.632122251943498,51.47451493686746],[5.631890783969114,51.474441976068434],[5.631682601839214,51.47437635471075],[5.631184117712643,51.474227817653976],[5.630692529194941,51.4740842617894],[5.630283525159559,51.473963399022054],[5.629406458283507,51.473747005102254],[5.628992311297325,51.473643047226744],[5.627637494711385,51.47337943201812],[5.627315435926285,51.47333139471312],[5.627036109181762,51.473288392218656],[5.626195596708603,51.4731589634496],[5.624754270998067,51.47300687082369],[5.624300035709655,51.472976307644835],[5.623359386891756,51.472912984979615],[5.621931196878919,51.47289330613991],[5.620541302070671,51.47287802756729],[5.618973819734804,51.47283333299328],[5.617520239049511,51.47277562872851],[5.61748870890171,51.47277380336399],[5.616763098393185,51.47273173755395],[5.6164331273224715,51.47271845408885],[5.616230776061296,51.47269008783414],[5.6151129384647875,51.472592584080246],[5.615096361505818,51.47261347920066],[5.61509457185685,51.472626875832205],[5.614148804580721,51.47252860044578],[5.614128111075858,51.472526450168594],[5.614134220843001,51.47251344064849],[5.61374510415435,51.472472993894975],[5.613735970256029,51.472485703653184],[5.612767218696371,51.472369362113845],[5.611962715731274,51.47226875890226],[5.610555817772163,51.47206570090724],[5.610570935123713,51.47203147901717],[5.609895184971668,51.47191898445864],[5.609882508753898,51.4719168334016],[5.609673149680798,51.47188130968553],[5.609463819499746,51.47184574059591],[5.609109540435847,51.47178226300853],[5.608755262357956,51.47171878434535],[5.608647712118593,51.4716995011468],[5.6086473173757545,51.47169942279589],[5.608467365072723,51.47166309232341],[5.608101163875057,51.47159030045233],[5.607732847412211,51.47151765884789],[5.607302267901239,51.471426850629406],[5.606163199456467,51.471222740510726],[5.605954255637452,51.47117052186997],[5.6057453122973495,51.471118302854855],[5.6052013163016765,51.470985233256215],[5.604892917648492,51.4712818271786],[5.603533362350909,51.472589274782216],[5.605920544277184,51.471843539609665],[5.606207957172014,51.471823181115205],[5.606090593583403,51.472067704738365],[5.606038966487199,51.47223243825475],[5.6059974888941255,51.4724067436255],[5.605970783017622,51.47257605053262],[5.605961694169789,51.47274866817701],[5.605832626774091,51.47274144060367],[5.605811690786671,51.47288986494306],[5.605760749850275,51.47289511092761],[5.605563627210638,51.4728543210045],[5.6055457037927665,51.472886507061084],[5.605377003263746,51.47284446721716],[5.605293683518896,51.47286893832329],[5.60593070497417,51.47302082256801],[5.605952464815444,51.47307149587768],[5.606694405293912,51.47330730416527],[5.607462424908055,51.47349358481345],[5.607820086519919,51.47356818000726],[5.608092610405309,51.47362455353379],[5.608159205017232,51.47361789262168],[5.609253393953813,51.47388738951699],[5.609351723528476,51.47390964700137],[5.609561978100197,51.47395573578801],[5.610213724834285,51.47411613393409],[5.610222029600916,51.47410167414521],[5.611705023255145,51.474469396362366],[5.612438083664071,51.474651091448266],[5.616083035056233,51.4755482750525],[5.6161986091471805,51.4755835624825],[5.616302898428674,51.47563599540095],[5.617506205902793,51.47623285610809],[5.619188880578244,51.477067446454484],[5.620105022941876,51.477521733519566],[5.620225797904132,51.477587235538344],[5.620743544087315,51.47776965913926],[5.622003803021269,51.47818351199032],[5.62227799387642,51.47822222234416],[5.622707933581996,51.47826019526461],[5.622773012522429,51.478268513225494],[5.623695456676906,51.478352919302594],[5.62369812888784,51.47831893756788],[5.624331223930151,51.47836488791189],[5.624826709891851,51.47840072429136],[5.624896047478204,51.478405742537234],[5.624113950437498,51.47901267622589],[5.623985395882206,51.479122131725454],[5.6235724684332835,51.47939591041629],[5.6233741507905535,51.479527295128285],[5.623170247858551,51.47966169301691],[5.622921166858067,51.47982583549702],[5.622613392507105,51.480028648343605],[5.62202721771951,51.480414904773156],[5.622519940801085,51.4805748084069],[5.62282122519534,51.480396700833154],[5.622982692198962,51.48028685652971],[5.62319990250564,51.480139083870476],[5.623502892858469,51.47993294436577],[5.623936345575437,51.48007041126391],[5.6244816828413935,51.480243584891085],[5.624963419319067,51.48039640939946],[5.625013959364532,51.480412441067635],[5.625533622848024,51.48057731163836],[5.626091559974001,51.48075435310593],[5.625896738228365,51.48099486650741],[5.626529882935519,51.481195814684824],[5.626506136695249,51.48123297765903],[5.626722941328858,51.48130215906346],[5.628184653419981,51.48145785305248],[5.628102872102615,51.48160775540076],[5.628067841398463,51.481680177623595],[5.628061442967806,51.48169524687418],[5.628035279315858,51.481756648634416],[5.6280162834811325,51.48180964016536],[5.628000708280846,51.48186974366797],[5.628079710435514,51.48203240154469],[5.628105892197956,51.482088922241665],[5.628194084707246,51.48207303687435]]]]},"properties":{"buurtcode":"BU07941701","buurtnaam":"Schooten","gemeentenaam":"Helmond","aantalInwoners":260,"crime_violent":5,"crime_property":1,"crime_disorder":0,"crime_count":6}},{"type":"Feature","geometry":{"type":"MultiPolygon","coordinates":[[[[5.60968421152151,51.50919059388034],[5.610263759196031,51.50870435164631],[5.610574000199992,51.50841934804592],[5.610716801324779,51.50837165047043],[5.61093352502271,51.50818920582154],[5.611236788493878,51.507974747845076],[5.611333872729423,51.50796882667489],[5.611435852277879,51.50802090884491],[5.611435406162458,51.5079800921867],[5.611567902438882,51.50789663848723],[5.611677580945287,51.507827565442284],[5.6117617565437445,51.50777454118577],[5.6112350800378445,51.50676237829035],[5.611055519220239,51.5064224390264],[5.610774075265564,51.50588730813046],[5.610599044722325,51.505556303195974],[5.610540844101009,51.50544562032362],[5.610518392010589,51.5054022031002],[5.610491585804106,51.50534323482653],[5.610473819542157,51.50529489182977],[5.610463871756019,51.50526069101841],[5.61045027741669,51.50520543674283],[5.6104425557445525,51.50516111942418],[5.610444095670247,51.505046421128185],[5.610447996725935,51.50500194674552],[5.6104602810968185,51.50493412175352],[5.610505519045942,51.504825011696134],[5.610560626421314,51.504725401726205],[5.610579484632815,51.50469697044143],[5.610642092776357,51.50462314354042],[5.610703899082353,51.504559115784815],[5.61096136306826,51.50429420287297],[5.611338550596595,51.50390832375485],[5.611589817728996,51.503650010025915],[5.61174398502524,51.503492241066816],[5.611978973759138,51.50324876213762],[5.612813069063473,51.5023899124828],[5.612899682493293,51.50230511670582],[5.613680188319503,51.501545994762274],[5.613871523118248,51.50135841629486],[5.614267066953606,51.50097242897526],[5.614445599537112,51.500797575449276],[5.614632331176611,51.50061522709459],[5.614720366610545,51.50053390578796],[5.6147722079235995,51.50048962539645],[5.614827500592802,51.50044722586966],[5.6149265962482104,51.50038034559783],[5.615079577103426,51.50028924342912],[5.615253674904475,51.500201919975716],[5.6156015422693875,51.50003113805515],[5.616186619293759,51.499743495580184],[5.616563096266799,51.499558560399464],[5.617269829305698,51.49921197726862],[5.617904337046061,51.49890109188153],[5.618092868155511,51.49881649517774],[5.618267651481567,51.498755799293754],[5.618333827934117,51.498733583077886],[5.618503220129199,51.498683351339025],[5.618729654078107,51.4986385072549],[5.619014049272731,51.49859015887391],[5.6203632490219215,51.49836012954259],[5.6217861591687335,51.498114278270435],[5.62203613878703,51.498090126316086],[5.622196217092622,51.498083682797756],[5.622342081977612,51.498088485559435],[5.622904928038279,51.498137156336774],[5.624134517022236,51.498248948376265],[5.624773485823862,51.49831029140057],[5.6248878595372265,51.4983212224395],[5.625070194720159,51.49833257216003],[5.625235118276461,51.498346545848555],[5.625274418706175,51.49835196674812],[5.62544184615347,51.49836554852398],[5.625613463168355,51.49836514411818],[5.6258025010397965,51.49834464113067],[5.625857762188669,51.49833712146921],[5.625946043777326,51.49831834333876],[5.626065081867601,51.49828502144454],[5.62620473418922,51.49823097428074],[5.626266251367818,51.4982026957603],[5.626393603069855,51.498129177139084],[5.62650275115436,51.49804466660721],[5.626578133926563,51.49796122297867],[5.626638888419664,51.497872964420736],[5.626678889613062,51.4977844787591],[5.626701905725052,51.49769482346015],[5.626702190473237,51.4975163797676],[5.626697047515082,51.49745311007387],[5.626692720148826,51.497383366862245],[5.626671659986033,51.497081246888584],[5.626661952098897,51.496974202737746],[5.626660344459011,51.49693141995788],[5.626667996523759,51.496787405729926],[5.626694876790527,51.496676861810315],[5.626726575095871,51.496578847192175],[5.626773526324648,51.496481367538664],[5.626824685844823,51.4963927600325],[5.626929712251541,51.49627470732535],[5.626879798704318,51.4962137776634],[5.626879355183672,51.496213233860715],[5.626826825880489,51.495891304562356],[5.626811900444786,51.495799812543495],[5.6267724190327755,51.495737755807376],[5.626541673966383,51.49537488915403],[5.626425232171405,51.49519112978102],[5.626319817199824,51.4950451261906],[5.625231822417945,51.49529178040397],[5.625529231701418,51.49570441860846],[5.625384805420955,51.49566218807242],[5.624396889814181,51.495373254956114],[5.624008411667258,51.49521507028213],[5.623972746773343,51.49520208211062],[5.623729181856614,51.49511345336365],[5.623567088014494,51.49500151328584],[5.6234787163572975,51.49496029941613],[5.623403878154097,51.49471299277662],[5.622981008381849,51.494793963991896],[5.6229776538645755,51.494824945733676],[5.62290502903431,51.49482643985026],[5.622783016774283,51.49486280361713],[5.622725151360771,51.49487002147314],[5.621861456439427,51.49494424613785],[5.621733294998162,51.49494417120886],[5.621704722023578,51.49494076799333],[5.621582447726228,51.49492622728417],[5.621338011481053,51.49488535211967],[5.621104166321446,51.4948289497572],[5.620870373443051,51.49478541859989],[5.620738688535554,51.4947608914607],[5.620678779350964,51.49473747900063],[5.620584327302478,51.49470057169525],[5.618811079193757,51.49429924609451],[5.618343465857675,51.49419342390231],[5.618191473212084,51.49415901963815],[5.617596090518696,51.4939929895285],[5.617502157491881,51.49396679322004],[5.616757173472649,51.49375936456792],[5.616428112482038,51.49361113214738],[5.616319147567829,51.49356204330913],[5.61592019520204,51.49337975377862],[5.615910636674491,51.493374586052305],[5.61559165429976,51.49320208008962],[5.61520994999478,51.49299220409834],[5.615035585103603,51.49285102707697],[5.6147620364082025,51.49262888457253],[5.614068697661236,51.4920640563773],[5.613851415089354,51.49196317634591],[5.613480992067296,51.491791204090134],[5.613479464982694,51.49176788234968],[5.613403333068701,51.49175582335979],[5.612832853898334,51.4915407774136],[5.612755932869297,51.49151726796156],[5.612479600124615,51.491432751040435],[5.612266792145917,51.49136768826772],[5.612244685056027,51.491360926486976],[5.611985954067944,51.4912539656911],[5.6112759042777105,51.49082820787695],[5.611060841140467,51.49073991152771],[5.6108992220777445,51.49067403793424],[5.610817302065793,51.49065535471959],[5.610573099159462,51.490599643319584],[5.610454456319724,51.49056206405721],[5.61032728545081,51.4904972023912],[5.610255685892373,51.49044833306657],[5.610179371361767,51.490383391977375],[5.609947970470552,51.49016282056037],[5.60981880762962,51.49003181451604],[5.609721337338599,51.489912720796426],[5.609628689545116,51.489822777049795],[5.609380463869521,51.489581859265954],[5.609250759829204,51.48943664253466],[5.609246595917128,51.489439023468755],[5.609192826162768,51.48947021760521],[5.609000121980939,51.48958030882166],[5.608925409865523,51.48968075541108],[5.60889401439598,51.48982417538231],[5.608883450932052,51.48987250057053],[5.608857450008818,51.48999131727671],[5.608895506668349,51.4901541376552],[5.608912745610176,51.49017856306913],[5.608892264313798,51.49023930248018],[5.608731172768393,51.49054727267493],[5.608663517386223,51.49065169665675],[5.608618284897975,51.49072148964393],[5.608545540357604,51.490818196552645],[5.608545007279951,51.49081872250228],[5.608439808953867,51.49092225758017],[5.608374639295246,51.49096659640749],[5.608127308002329,51.49105217872486],[5.607986929893567,51.491116776365914],[5.6079554253177255,51.49114917721321],[5.6078941248015415,51.49131751613362],[5.607827041062727,51.49144870679626],[5.607811711591735,51.49146765693209],[5.6077142952269865,51.49158803757757],[5.607631385839792,51.49162973088896],[5.607508581886909,51.49169039366162],[5.607426940887473,51.491762178495904],[5.60734528601139,51.491887400935205],[5.607301713679073,51.49196172055781],[5.607267585458594,51.49202677301047],[5.607086322793431,51.492415973557264],[5.607094498464749,51.49246627671508],[5.607030789355908,51.49256031936562],[5.607051078051386,51.49258117979117],[5.607071368205312,51.49260204021052],[5.607119966577411,51.492789838751776],[5.607121956105905,51.49284396476198],[5.607100001379547,51.493267991729034],[5.6064681112548875,51.4932604763188],[5.606461197617533,51.49326039403146],[5.606515341253228,51.49248357247699],[5.6065009561128285,51.49248681745941],[5.606117226122334,51.49257769532759],[5.6061121657283,51.49257849852179],[5.606111331195085,51.4925786295244],[5.606110499537384,51.49257875962271],[5.606109266426362,51.49257894979951],[5.606105767095496,51.492579489393094],[5.606105502344257,51.492579530338844],[5.606099886307821,51.492580369630765],[5.60609961435245,51.492580409691094],[5.606099345276816,51.49258044974608],[5.606094582405886,51.492581140022885],[5.606093960782441,51.49258122927811],[5.606093340594724,51.492581317631725],[5.606092626867963,51.49258141784611],[5.606088016417083,51.49258206379221],[5.606082743929496,51.4925827792941],[5.606082487782993,51.49258281303266],[5.606082070468664,51.49258286864641],[5.6060813998878345,51.4925829579934],[5.606076858306378,51.4925835525745],[5.606076451058595,51.49258360547271],[5.606076045250759,51.49258365836834],[5.606070702016215,51.49258433445218],[5.606070170995575,51.49258440016669],[5.606069641414773,51.492584465878565],[5.606065341398741,51.49258498899555],[5.606064613212225,51.49258507665273],[5.606063886461225,51.49258516340836],[5.606062789848653,51.49258529220564],[5.606058583280679,51.49258578458566],[5.606053333234186,51.492586376000425],[5.606053189315452,51.492586391551164],[5.606052612208299,51.49258645555431],[5.606051894058093,51.49258653420398],[5.606047205184325,51.49258704187013],[5.606046905831261,51.492587073891954],[5.606046607918411,51.492587105911056],[5.606041133113912,51.49258767078088],[5.606040619311678,51.492587723878856],[5.606040106944907,51.492587776075275],[5.606035646699069,51.492588216796],[5.606035049402919,51.49258827454489],[5.606034453550878,51.49258833318994],[5.606029112360838,51.49258883578682],[5.606028716558844,51.49258887338269],[5.606028322188148,51.492588909178146],[5.60602360843323,51.49258933329538],[5.606023417001138,51.49258934983396],[5.606022986640954,51.492589387494675],[5.606022366288571,51.49258944169131],[5.606017361681867,51.492589869050406],[5.606017161614345,51.492589886504064],[5.60601696298272,51.49258990305623],[5.606011480394416,51.4925903465922],[5.606011294713413,51.492590361322314],[5.606010855696391,51.492590395403695],[5.606010232438201,51.49259044421252],[5.606006127243543,51.49259075752602],[5.606005349952306,51.49259081471339],[5.606004974266174,51.49259084328284],[5.6060045755455015,51.492590872794295],[5.605999341748184,51.492591250245866],[5.605998943018862,51.49259127795961],[5.605998545729489,51.492591305670665],[5.6059939595740165,51.49259161449245],[5.605993654400796,51.492591633940954],[5.605993118913223,51.4925916691021],[5.605992279692213,51.492591723708934],[5.605990920801339,51.49259180895291],[5.605987994290684,51.492591992416365],[5.605987507738943,51.492592022991325],[5.605987022627152,51.49259205356364],[5.605981895008104,51.492592352613926],[5.6059814804222015,51.49259237676193],[5.605980995292954,51.492592403738705],[5.605980097009265,51.49259245306303],[5.6059760993461385,51.49259266999513],[5.605975452975661,51.49259270356633],[5.605974809485082,51.49259273713217],[5.605973500891886,51.492592801607664],[5.6059693145511424,51.49259300900573],[5.6059690539854214,51.49259302207848],[5.605964320499252,51.4925932358955],[5.605964149182869,51.49259324340758],[5.605963260922234,51.492593281027766],[5.605962202785322,51.49259332615738],[5.6059585230299005,51.49259347687549],[5.605957738409228,51.49259350711031],[5.605957431761622,51.4925935193705],[5.605956956668563,51.492593537339815],[5.605951763725455,51.492593726849464],[5.6059515549666665,51.49259373353293],[5.605951115858877,51.492593748738116],[5.6059504694321936,51.492593770624],[5.605946069654027,51.49259391010754],[5.605945472167401,51.49259392830618],[5.60594487611651,51.49259394560332],[5.6059395130504655,51.49259409138691],[5.60593901489709,51.492594104905024],[5.60593851817934,51.492594117521456],[5.605934103816035,51.49259421838065],[5.605933307611311,51.49259423515406],[5.605932514282106,51.4925942510232],[5.605927568538982,51.49259434299077],[5.605927394321142,51.49259434601395],[5.605927221543247,51.492594349034455],[5.605925394386997,51.49259437493147],[5.605921734310746,51.49259442583727],[5.605921395945848,51.49259443006705],[5.605921043181728,51.492594434323806],[5.605920353488071,51.492594441908835],[5.605916314651325,51.49259448094033],[5.605915539993386,51.49259448688691],[5.605914768215559,51.49259449282793],[5.605909302357328,51.492594522849046],[5.605909152600851,51.4925945222309],[5.605904012044771,51.492594526473745],[5.605903287754098,51.49259452603364],[5.605902564898949,51.492594524692],[5.605897837506062,51.49259450838501],[5.6058974731921625,51.49259450637128],[5.605897111758161,51.49259450435213],[5.6058920328983834,51.49259446263658],[5.605891452578529,51.49259445743222],[5.605891042174219,51.492594452808305],[5.60589033657227,51.49259444604108],[5.605890054329954,51.4925944429746],[5.605886180665215,51.492594394505446],[5.605885496649325,51.49259438500117],[5.605885140962,51.492594380274625],[5.605884814068956,51.49259437459527],[5.605879658673005,51.492594287180374],[5.605879164726983,51.49259427731975],[5.605878849353315,51.492594271618806],[5.6058780414736855,51.492594256054524],[5.605874081240871,51.49259417179251],[5.605873320865682,51.49259415344254],[5.605872563374657,51.49259413598609],[5.605867319918556,51.49259400199461],[5.605862014411911,51.49259384025435],[5.605861639975559,51.492593829270795],[5.6058610639107185,51.49259381057535],[5.6058604907257745,51.4925937918745],[5.605856216278409,51.49259364348237],[5.605855506270406,51.49259361874588],[5.605855136140785,51.492593605057664],[5.605854794813815,51.4925935922143],[5.6058494055585015,51.49259338209163],[5.605849021016655,51.49259336573377],[5.6058486393545985,51.49259334937055],[5.605844308556081,51.492593160634605],[5.605843337830898,51.49259311751032],[5.605842776130901,51.49259309159692],[5.605842367097295,51.49259307258843],[5.60584022686002,51.4925929705328],[5.605837789929087,51.49259285465131],[5.605837478827721,51.49259283905467],[5.605837170606253,51.49259282345261],[5.6058319365518905,51.492592548319884],[5.605831559188046,51.49259252745425],[5.605831151577121,51.492592504847494],[5.605830365166884,51.492592462276654],[5.605826054255196,51.492592216874165],[5.605825511248215,51.49259218553237],[5.605824966792809,51.492592152395716],[5.605819546720571,51.49259182188117],[5.605819129008533,51.49259179479902],[5.605818709856814,51.49259176771957],[5.605813952240402,51.492591454839726],[5.605813404883524,51.49259141721401],[5.605812856086751,51.49259137959106],[5.605807381042828,51.492590996145836],[5.605803758298713,51.49259072518375],[5.6058021377835345,51.492590603277485],[5.6058012245261,51.49259053307922],[5.605800309824295,51.49259046198484],[5.605796374418233,51.492590150260355],[5.605795747800617,51.492590099300116],[5.605795266675909,51.492590060651395],[5.605795121187478,51.49259004923868],[5.60578987626408,51.49258960963179],[5.60578925251342,51.492589555969545],[5.6057886273184945,51.49258950141109],[5.605784072304714,51.49258909916271],[5.605783627169413,51.49258905864877],[5.605783180594324,51.49258901813748],[5.605778219245542,51.49258855912261],[5.605777549374128,51.492588496558014],[5.605777134477384,51.49258845598741],[5.605772175891888,51.49258797269772],[5.605771575149904,51.49258791270016],[5.605770972967974,51.49258785270528],[5.605766694260127,51.492587416680536],[5.605766004190928,51.49258734606386],[5.605765602249316,51.4925873045701],[5.605765312677733,51.492587274551056],[5.60576019684725,51.49258673043245],[5.605759607603033,51.49258666591903],[5.605759018358869,51.49258660140554],[5.605754475816952,51.492586097560604],[5.605753987410769,51.49258604184689],[5.605753499004424,51.492585986133186],[5.605748012686383,51.49258535372024],[5.605742828357758,51.492584338723006],[5.605742117801701,51.49258419983065],[5.605741656581252,51.49258410811133],[5.605741193920855,51.49258401639463],[5.6057362501938375,51.492583028811296],[5.605735683746704,51.49258291391849],[5.605735117295416,51.49258279812678],[5.605729644486139,51.49258168029962],[5.605729010284835,51.492581549354014],[5.60572837463959,51.49258141751228],[5.605723592128177,51.49258041794116],[5.605723048720122,51.492580303005106],[5.605722503871854,51.49258018807179],[5.605716850636852,51.49257897979636],[5.6057164542389,51.4925788933487],[5.605716057845533,51.4925788077999],[5.6057112751231655,51.492577764184226],[5.605710499619742,51.49257759395303],[5.605709865375547,51.492577454018786],[5.605709724112006,51.49257742282298],[5.6057042248629845,51.49257619628125],[5.605699600498362,51.492575145177575],[5.605698633243479,51.492574924968906],[5.60569786058536,51.49257474754138],[5.605697086482979,51.49257456921766],[5.605693138094786,51.49257365257676],[5.605692214059083,51.492573436781406],[5.605691693655241,51.49257331461123],[5.605691288574858,51.49257321919104],[5.605686254590681,51.49257202683292],[5.605685793279834,51.4925719162373],[5.605685402607484,51.49257182258788],[5.605684552068395,51.492571619238966],[5.605680183998264,51.492570564958],[5.605679673660965,51.49257044007224],[5.605679161883879,51.492570315189305],[5.605673589945551,51.492568944064644],[5.605673173302721,51.49256883967741],[5.605672756659945,51.49256873529017],[5.60566779297819,51.49256748976651],[5.605667281179701,51.49256736038914],[5.605666769380947,51.492567231011805],[5.6056611553707665,51.49256579434809],[5.605657539489717,51.492564852813956],[5.605655738755458,51.49256438338162],[5.605654928487019,51.49256417006959],[5.605654118218692,51.49256395675754],[5.605649882290684,51.492562833015256],[5.605649252232793,51.49256266520795],[5.605648861508653,51.49256256077207],[5.605648620730749,51.4925624965045],[5.605643588813173,51.49256113425493],[5.605642964506436,51.49256096463907],[5.6056425824218525,51.492560860186984],[5.60564193648613,51.492560684319606],[5.605641576030489,51.4925605861191],[5.605637781103739,51.49255954154988],[5.605637101989383,51.492559353160395],[5.605636643480956,51.49255922637976],[5.605636421435194,51.492559164773645],[5.605630881754872,51.492557613813304],[5.605625920148523,51.49255620019587],[5.60562571395462,51.49255614125665],[5.605624835824736,51.49255588942018],[5.605623957690389,51.49255563668483],[5.60561967656538,51.49255439617342],[5.605619200722021,51.49255425773981],[5.6056187234342945,51.492554118410126],[5.6056135380841905,51.492552589257244],[5.605612814202876,51.492552373985426],[5.605612090317361,51.492552157814806],[5.605607721021085,51.49255084735634],[5.605607175936437,51.492550682985296],[5.605606629407373,51.49255051771801],[5.605601416410405,51.49254892839219],[5.6056008222777995,51.49254874523668],[5.605600228140725,51.492548561182296],[5.605595720194186,51.492547163792864],[5.605595238530841,51.49254701278592],[5.605594755427554,51.492546861781726],[5.60558942680191,51.49254518188639],[5.605588979739786,51.49254503980337],[5.6055885254652,51.49254489503731],[5.605584050460712,51.49254346073218],[5.605583361103368,51.49254323820469],[5.60558267030188,51.49254301478092],[5.605578286051755,51.49254158839562],[5.605577795701446,51.49254142751734],[5.605577305351305,51.4925412666391],[5.605572338324429,51.49253962291969],[5.605571921518074,51.49253948437548],[5.605571485958273,51.49253933867537],[5.605570635036553,51.49253905532724],[5.605566934194722,51.49253781193006],[5.605566177001618,51.49253755627133],[5.605565696722345,51.49253739357641],[5.605565418364262,51.492537299716425],[5.605560215992422,51.492535523404634],[5.605560001086008,51.49253544920086],[5.605559784735392,51.49253537410098],[5.605555025028415,51.49253372370072],[5.605554409146186,51.49253350912531],[5.605553959131227,51.49253335176696],[5.605553791819864,51.4925332936538],[5.6055488069807815,51.49253153850719],[5.605548649761893,51.492531483071666],[5.605548436286732,51.49253140706748],[5.605548142033665,51.49253130155191],[5.605543504686308,51.49252964373132],[5.60554287146067,51.492529415705235],[5.605542479120171,51.492529274418516],[5.605542236794981,51.492529187682024],[5.605537812806732,51.492527581596086],[5.605537358433286,51.492527416156065],[5.60553690405553,51.49252724981706],[5.605531848144066,51.492525386938745],[5.605531346154141,51.49252520091384],[5.605530844159744,51.49252501399003],[5.605526378108559,51.492523344163],[5.605525942458388,51.49252317958664],[5.605525505368538,51.4925230150131],[5.605520421776063,51.49252108477106],[5.605519944281981,51.49252090229568],[5.605519465343648,51.492520718924226],[5.605515377005813,51.49251914277091],[5.605514623960486,51.492518851149384],[5.60551411760348,51.492518655245085],[5.60551386947118,51.49251855863175],[5.605508980359587,51.49251664690153],[5.6055044330317845,51.492514843294494],[5.605503857403274,51.49251461516053],[5.605503309176388,51.49251439596386],[5.6055027609453045,51.49251417586845],[5.605498907445219,51.492512626241165],[5.60549817742157,51.492512330981015],[5.605497790767943,51.49251217440272],[5.6054974488336695,51.49251203481927],[5.605492774293522,51.49251012718123],[5.605492149569778,51.49250987037529],[5.605491524841838,51.492509612670524],[5.605487733159851,51.49250804225331],[5.60548703195214,51.49250775053464],[5.605486677019988,51.49250760288566],[5.605486332180181,51.49250745791438],[5.605481553492214,51.4925054515954],[5.605481182673529,51.49250529408864],[5.605480810414898,51.49250513658451],[5.6054765250516505,51.492503310913506],[5.605475940676065,51.492503060324005],[5.60547535630043,51.49250280973461],[5.605470940948072,51.49250090161082],[5.605470668233776,51.492500783470554],[5.605470394075224,51.49250066443419],[5.605465653930324,51.49249858793088],[5.605465032000498,51.49249831314224],[5.605464408626478,51.492498037457366],[5.605460373974658,51.492496245473724],[5.60545990643572,51.49249603691239],[5.605459558664352,51.49249588116014],[5.605459437452264,51.492495827454825],[5.605454888942896,51.49249377665973],[5.605454526729368,51.49249361194585],[5.605454138545568,51.49249343649409],[5.605453518025649,51.49249315541071],[5.60545338670399,51.492493095432216],[5.605449911729765,51.49249150824177],[5.6054491858414375,51.492491174322275],[5.60544878032676,51.492490988116515],[5.605448459948548,51.492490839503965],[5.6054443513404175,51.49248893889518],[5.605444054052773,51.49248880102578],[5.605443701918727,51.49248863629299],[5.6054429644593045,51.492488291608744],[5.60544270035875,51.49248816805913],[5.605439114041555,51.49248648310008],[5.605438483364823,51.49248618585593],[5.60543785268379,51.492485887713],[5.605433951640687,51.49248403165897],[5.605433492689563,51.492483812295056],[5.605433033729876,51.492483591133386],[5.605428490314478,51.49248140100338],[5.605427911552703,51.49248111984173],[5.605427331346521,51.49248083778393],[5.605423329018469,51.49247887944813],[5.605422962412055,51.49247869946161],[5.605422597241332,51.492478518573485],[5.605418047756852,51.49247626373601],[5.605417668148137,51.492476074785095],[5.60541739679228,51.49247593956377],[5.605416747258771,51.492475613591054],[5.605413285966649,51.49247387626315],[5.605412646525695,51.49247355296818],[5.605412300104192,51.49247337833705],[5.605412007080384,51.492473228774315],[5.605407526596864,51.49247094953796],[5.605407191707675,51.49247077758185],[5.605406856814182,51.49247060472691],[5.605403552629189,51.492468899464086],[5.605402931920318,51.49246857883059],[5.605402302541777,51.492468251921295],[5.605401801635045,51.49246799128785],[5.605401673163085,51.492467925011915],[5.605397478202929,51.492465732431334],[5.605397336732903,51.49246565808989],[5.605397193814363,51.492465581953496],[5.605392580058002,51.492463135776596],[5.605392076232862,51.492462867058805],[5.605391570963258,51.49246259744482],[5.6053882520140546,51.49246081580549],[5.6053874709870986,51.4924603938998],[5.605387134615021,51.49246021295772],[5.605386689955844,51.49245997109519],[5.605382628827794,51.492457761185264],[5.605382399281507,51.49245763667206],[5.60538214662737,51.49245749782018],[5.605381893973337,51.49245735896828],[5.605377800943403,51.49245510237678],[5.605377343269014,51.49245484885334],[5.605376885590483,51.492454594431024],[5.605372412693974,51.49245209495676],[5.6053722639902075,51.49245201343795],[5.60536803782477,51.49244961866962],[5.6053674342790645,51.492449273734415],[5.605366827849226,51.49244892790583],[5.605363193547054,51.49244684393735],[5.6053628368957185,51.492446637864845],[5.605362480235659,51.49244642999462],[5.605358350520098,51.49244402965241],[5.6053579750850515,51.492443810131974],[5.605357606871383,51.49244359509244],[5.6053571130312525,51.49244330658075],[5.605356860334285,51.49244315874025],[5.605353721050029,51.492441308450054],[5.605353217083046,51.49244101006973],[5.605352871959757,51.492440805773434],[5.60535271023203,51.49244071079593],[5.605348404032911,51.49243814089748],[5.605348076218889,51.4924379428608],[5.605347746960616,51.492437743928],[5.605345563459163,51.49243642487864],[5.605344247866012,51.49243562914466],[5.605343573450092,51.49243521872461],[5.605343105545884,51.492434933759846],[5.6053428990340795,51.49243480830455],[5.605338799020262,51.49243229554774],[5.60519528058281,51.49232731637431],[5.60518681287727,51.49232111203698],[5.605043107525382,51.49219769636905],[5.604577771666906,51.49176160715157],[5.604568255157114,51.491758865360744],[5.604474823284671,51.49154527897664],[5.604525253130194,51.491416557207856],[5.604512278135245,51.49126850205282],[5.604385689656897,51.49098037229496],[5.604229517779222,51.490832359765555],[5.604025967462651,51.490706645189334],[5.603860159988892,51.49062684620361],[5.603478183510471,51.490419485225075],[5.6033960282736475,51.49035357976785],[5.603178167827493,51.49017883007921],[5.602750386847547,51.48983568778065],[5.601686938840138,51.48898260959942],[5.601340520020559,51.48870471408451],[5.601324258218958,51.488712249471085],[5.6012547999166,51.48755511271037],[5.599909379945411,51.48763686172913],[5.599791724264484,51.48764401274798],[5.599785277318236,51.48764440471676],[5.600613538323152,51.48624399482052],[5.600655319239318,51.48617333935022],[5.601145021663629,51.48534452291095],[5.601274355157867,51.48512509693087],[5.601405062281412,51.484901075069516],[5.60144999922297,51.484819366433406],[5.601498381319644,51.48472025837353],[5.601540446016052,51.484615678811274],[5.601590270563191,51.484480568435856],[5.601590585372606,51.48447924382607],[5.601590672870747,51.484478869736584],[5.601590788565222,51.48447836885502],[5.601590884104324,51.48447786801045],[5.601590957167804,51.48447748585769],[5.601591204486407,51.484476198225614],[5.601591262069022,51.48447589160611],[5.601591358878449,51.48447535480453],[5.6015914300195675,51.48447487018447],[5.601591491391859,51.484474451199674],[5.601591685303116,51.48447313400309],[5.601591811541376,51.484471815133126],[5.601591851284996,51.484471388997065],[5.601591893666507,51.48447091162079],[5.6015919213971666,51.48447038033936],[5.601591938593036,51.48447005761447],[5.6015920045134715,51.48446877031574],[5.601592022932944,51.48446840174637],[5.601592043490757,51.48446787587141],[5.601592048051286,51.48446731586885],[5.6015920509393045,51.48446701204646],[5.601592061800827,51.48446565024293],[5.601592002000289,51.484464263401],[5.6015919906863605,51.48446400095256],[5.60159196206693,51.48446342662919],[5.601591913435926,51.48446288290401],[5.601591884549593,51.48446255756722],[5.601591761492549,51.48446118971773],[5.601591752397351,51.48446109265677],[5.601591664544125,51.48446016878295],[5.601591616802511,51.48445981381814],[5.601591581018275,51.484459552313616],[5.601591397448641,51.48445817468779],[5.601591162491298,51.48445689063862],[5.601591072372607,51.484456402719466],[5.601590988224325,51.484455959732614],[5.601590864735001,51.48445541704392],[5.601590800043267,51.484455131323045],[5.601590494250159,51.4844537853822],[5.601590438391232,51.484453540992995],[5.601590298908927,51.48445296507564],[5.6015901494760145,51.48445241614247],[5.601590068888514,51.48445211786669],[5.601589699707863,51.48445076305364],[5.601589280460445,51.48444947664654],[5.6015891548243895,51.48444908946578],[5.601588986895835,51.484448587307675],[5.601588792960283,51.48444806542236],[5.601588664639501,51.48444771959436],[5.601588198035707,51.48444646563351],[5.601588085754601,51.48444616292167],[5.601587878781514,51.48444562398177],[5.601587661819875,51.484445103936515],[5.601587520588567,51.48444476801976],[5.6015869789231285,51.4844434719501],[5.601586353646892,51.48444215266349],[5.601586225673316,51.48444188054199],[5.601585959610599,51.48444132822773],[5.601585645810046,51.484440727462385],[5.6015855571903606,51.48444055773936],[5.601584881644362,51.484439263713455],[5.601584704400341,51.484438923368586],[5.601584451658823,51.484438448332426],[5.601584232461296,51.48443806491897],[5.6015839363263185,51.48443754681692],[5.6015832540648125,51.484436355274156],[5.601582482370309,51.48443512704226],[5.601582248831425,51.484434755340494],[5.601581948593389,51.48443428308822],[5.601581594863371,51.484433763294206],[5.601581413643413,51.48443349576484],[5.601580596006926,51.48443229458333],[5.601580375657661,51.48443197229499],[5.601580042260736,51.48443149021613],[5.601579701750358,51.484431026127595],[5.601579446726444,51.4844306778359],[5.6015785584996,51.484429466896536],[5.6015775722316015,51.484428225575876],[5.601577391197968,51.48442799759629],[5.601576963985944,51.48442746535325],[5.6015764877023635,51.48442690713319],[5.601576351615869,51.484426746486115],[5.601575349816527,51.48442556991239],[5.6015750646188724,51.48442523426023],[5.6015746795721215,51.48442479002863],[5.601574270021163,51.48442433955],[5.601573987825675,51.48442402995947],[5.601572922702253,51.484422857996464],[5.601507694006302,51.48442046910877],[5.601508277971097,51.48441576696132],[5.601507654472908,51.484415742039616],[5.601381963410219,51.48441055630702],[5.601381681176531,51.484410544241044],[5.601381564216762,51.484410470748706],[5.601377981704575,51.48440820319259],[5.6013785615752,51.484387942563686],[5.601381996154907,51.48436213877354],[5.6013826913429865,51.48435384095429],[5.601385002768847,51.48432799428282],[5.601388855372256,51.48429006490721],[5.601425177630558,51.48429052135113],[5.601536718698732,51.484291922738706],[5.601537841656357,51.484291925169806],[5.601538973256227,51.48429192848382],[5.601539465620765,51.48429192757918],[5.60154038411676,51.48429192409378],[5.60154131696268,51.48429191069453],[5.6015417329997215,51.484291904536875],[5.601543951383682,51.48429187169712],[5.601544344386114,51.48429186558177],[5.601545324711251,51.48429184580317],[5.60154623013615,51.4842918180724],[5.60154677281245,51.48429180089556],[5.60154867865867,51.48429174076503],[5.601548972307351,51.484291731236844],[5.6015492572969645,51.48429171723018],[5.601551111150069,51.484291622139274],[5.601551794833017,51.48429158762497],[5.601552590767197,51.484291543915674],[5.601553388090157,51.48429148941742],[5.601554070274148,51.48429144232173],[5.601556168645456,51.484291299141496],[5.601556574503195,51.48429127142976],[5.601557538746666,51.484291199546256],[5.601558430985827,51.48429112330083],[5.601558977841477,51.4842910764537],[5.60156089039047,51.484290911143226],[5.601561155182557,51.48429088818498],[5.6015614271516965,51.48429086071917],[5.601563326574428,51.48429065947807],[5.601563850353181,51.484290603684684],[5.601564752564073,51.48429050494913],[5.60156571945829,51.48429038452195],[5.601566105067537,51.48429033707224],[5.6015682661996795,51.48429006973286],[5.601568762595274,51.48429000769772],[5.60156961436305,51.48428989736957],[5.6015704042209835,51.48428978625631],[5.6015710199899225,51.48428969883349],[5.6015729377893795,51.484289425649116],[5.601573175177089,51.48428939195482],[5.60157340535372,51.48428935557713],[5.601575256797513,51.48428905464978],[5.60157597608238,51.48428893737412],[5.601576693919249,51.48428881830336],[5.6015774260891,51.484288685723214],[5.6015781035983965,51.48428856313111],[5.6015801059143975,51.48428819990459],[5.601580638140758,51.4842881036466],[5.601581475291615,51.48428794660409],[5.6015823037664045,51.484287781487815],[5.601582843135719,51.48428767353138],[5.6015847230171,51.48428729704675],[5.601584944517542,51.48428725259522],[5.6015870413771545,51.484286788521715],[5.601587605140296,51.484286663442],[5.601588373111292,51.48428649034702],[5.601589115142844,51.484286311906445],[5.601589719119116,51.4842861660789],[5.601591687793702,51.48428569055558],[5.601592209802326,51.48428556465372],[5.601593012202275,51.484285365428285],[5.601593820305761,51.48428515450711],[5.601594322138129,51.48428502414791],[5.601596172717877,51.48428453985296],[5.601596372585381,51.484284487351324],[5.601621476858441,51.484277600831895],[5.601646595478195,51.48427070529199],[5.601659219527704,51.48426724841236],[5.601661012582996,51.48426677770508],[5.601661721467879,51.484266592134084],[5.601662331143161,51.48426643371156],[5.601663025711859,51.48426626524539],[5.601663590863293,51.48426612937629],[5.60166541861045,51.48426568826778],[5.601665897475515,51.484265572332454],[5.6016666610927,51.48426539205402],[5.601667341349593,51.48426524159144],[5.601668005786988,51.48426509475342],[5.601669793439351,51.48426469956082],[5.6016718560034455,51.48426429037972],[5.601672275999097,51.4842642078106],[5.601673071403246,51.484264051743125],[5.601673737411485,51.48426393276709],[5.60167443794633,51.48426380833433],[5.601676256170292,51.48426348499475],[5.601676759636705,51.48426339598013],[5.601677527793225,51.48426326243436],[5.601678247090125,51.48426314785465],[5.601678868566357,51.484263049634315],[5.601680304285061,51.48426282137908],[5.601680615027517,51.484262773167785],[5.60168092723062,51.48426272944812],[5.601682895420707,51.48426245706811],[5.601683144325464,51.4842624233524],[5.601684089585742,51.48426229487418],[5.60168491403719,51.48426219268521],[5.601685416195192,51.484262131537825],[5.601687421934955,51.48426188425707],[5.601689512779943,51.48426167187554],[5.601689938720498,51.484261628845566],[5.6016907718990385,51.48426154551674],[5.601691549002548,51.48426147757174],[5.6016920929784915,51.484261430729326],[5.601694099057166,51.48426125535715],[5.601694248726714,51.48426124339663],[5.601694399844689,51.48426123323122],[5.601696116826765,51.484261116816995],[5.601696737130003,51.48426107522738],[5.601697501361419,51.48426102528333],[5.601698375040943,51.48426098232894],[5.601698780936394,51.48426096270642],[5.601700810405388,51.484260862796006],[5.601701260917789,51.484260840394775],[5.601702098630961,51.484260802899705],[5.6017028788257734,51.48426077989229],[5.601703448855293,51.48426076266457],[5.601705546157856,51.48426069858394],[5.601707430602303,51.484260679838044],[5.601708190713798,51.48426067214824],[5.601708868764555,51.484260664609366],[5.601709682215356,51.484260672102224],[5.601710174600623,51.484260675691104],[5.601712108163021,51.48426069280953],[5.601712754604778,51.484260698811724],[5.601713496064331,51.48426070463927],[5.601714334052849,51.48426072556991],[5.601714790489148,51.484260738213656],[5.601716813488477,51.48426079291991],[5.6017189346007665,51.484260893287946],[5.601719421316314,51.48426091576345],[5.601720253635383,51.484260955580766],[5.601721155121778,51.48426100875384],[5.6017215036213495,51.48426102968585],[5.601723682481212,51.484261164104524],[5.601725677187141,51.484261324929015],[5.601726153901476,51.48426136360244],[5.601726649339663,51.48426140403929],[5.601728045028093,51.484261540796986],[5.601730214191705,51.48426175613149],[5.601730774490936,51.48426181262854],[5.601731542194825,51.48426188851924],[5.601732337332488,51.48426198143807],[5.60173283574337,51.484262041644385],[5.601734863943067,51.48426228330517],[5.601765979905119,51.48426631592206],[5.601829994873128,51.48427666906264],[5.6018474898267865,51.48427972897561],[5.601875752350955,51.48428467197279],[5.601877844575861,51.48428505733193],[5.601878235067652,51.484285129421586],[5.601878781182843,51.484285230887394],[5.601880191972713,51.484285516827455],[5.601882385287593,51.484285968516694],[5.601882859402921,51.484286066519516],[5.601883664962422,51.48428623222638],[5.6018843870089015,51.484286395390164],[5.6018850053064675,51.48428653896987],[5.60188683857046,51.48428696255788],[5.6018874583075675,51.48428710613497],[5.601888177491822,51.484287272899536],[5.601888932773538,51.48428746206936],[5.601889455998272,51.48428759413879],[5.601891499893903,51.484288110821225],[5.601893458968036,51.48428865282801],[5.601893816474933,51.4842887519443],[5.601894674201615,51.48428898946438],[5.6018955464098585,51.48428924493512],[5.601895850606667,51.48428933516084],[5.601897759424387,51.48428990512495],[5.601898226536178,51.4842900444885],[5.6018989805479995,51.48429026961526],[5.601899616405604,51.484290473386736],[5.601900284003724,51.484290691481554],[5.60190202004506,51.48429125816817],[5.601902465591852,51.48429140386346],[5.601903237006673,51.48429165592417],[5.601904076272473,51.484291947410185],[5.601904358912498,51.484292045765294],[5.601906397986975,51.484292761106055],[5.601908078191073,51.4842933935126],[5.601908685374343,51.484293622505],[5.6019093170742655,51.48429386044103],[5.601910007970035,51.484294134222644],[5.601910468104179,51.484294320340084],[5.601912213419713,51.48429502183954],[5.601912599991324,51.48429517842977],[5.60191335581178,51.48429548175453],[5.601914088648465,51.48429579590801],[5.601914481046465,51.48429596686941],[5.601916197781049,51.484296713364685],[5.601916582968018,51.484296881642734],[5.601917291300821,51.48429718954922],[5.601917885739292,51.484297463508426],[5.6019184585656685,51.484297733911895],[5.6019201366287295,51.484298522725105],[5.601921387610502,51.4842991127759],[5.6019217844334666,51.4842993062007],[5.601922221690207,51.48429952561832],[5.601923856694839,51.48430034237559],[5.601925542469566,51.48430123993742],[5.601925904736379,51.484301432527005],[5.601926571539814,51.48430178725101],[5.601927226868117,51.48430215098473],[5.601927576203637,51.48430234899135],[5.601929110669731,51.484303216270135],[5.601929475883798,51.48430342323621],[5.601930125470684,51.484303790575986],[5.601930731846363,51.48430415350094],[5.601931133225943,51.48430439725402],[5.601932668005979,51.484305331048354],[5.601933821616566,51.48430603273773],[5.601934171062507,51.484306254114614],[5.601934569626359,51.484306511355825],[5.601936026685933,51.48430744978751],[5.602004567678149,51.48435279728349],[5.60227931421876,51.484401261329666],[5.602393454873626,51.48442016074479],[5.602504663702758,51.4844370789634],[5.603947430038378,51.484646971307576],[5.6040268261376465,51.484658518024],[5.60405832803697,51.484658845980746],[5.6040738673828425,51.484659922699386],[5.604147600219565,51.48467034728943],[5.604945468397017,51.48478310677165],[5.604941825123289,51.48479526625554],[5.605190532906987,51.484831592407055],[5.605414491192624,51.48486428706179],[5.606789589157133,51.485065066475784],[5.606970630279834,51.484623561536566],[5.608352616619124,51.4815990117419],[5.609084197584407,51.48145374166839],[5.609111411425278,51.481469671765026],[5.609213814951388,51.48153579535534],[5.609265018034736,51.48157353122521],[5.609297746859703,51.48160151358121],[5.6093773580258945,51.48167267812455],[5.609399364456858,51.48169526070283],[5.609624082442363,51.48193928843953],[5.60969570110866,51.48201556458356],[5.609719070552945,51.48203713777032],[5.609690619227551,51.48205972664592],[5.609741532169921,51.48208473399841],[5.609817721139235,51.48202424855202],[5.609385643980546,51.48154755796732],[5.609277375035167,51.48144478987799],[5.608751500210537,51.4811439402537],[5.609125431827766,51.480893640914644],[5.60914538778508,51.48083502375099],[5.609232104337081,51.48058061494524],[5.6095656670449765,51.48077303833027],[5.609709018038622,51.480790553565654],[5.609988920757793,51.48083341664242],[5.610369770809814,51.48089185210189],[5.6107682552002025,51.48095294013823],[5.610833027001614,51.48096286532046],[5.611466681564152,51.481041585105174],[5.6120846474158945,51.48111748228951],[5.612160559143125,51.48112681897288],[5.6127098721474695,51.481193649810635],[5.613331519582629,51.4812708546186],[5.613588156057996,51.481265592846086],[5.614066621600942,51.48125831639939],[5.613908969229504,51.4809016834477],[5.613884565505445,51.48082591048604],[5.613851417979768,51.48072296466006],[5.613772782521079,51.480478697320194],[5.615499447027577,51.4799289001139],[5.615706509358574,51.48043320084799],[5.615855943371919,51.48078479677644],[5.616143600473468,51.481501034641816],[5.616263204602462,51.481470210479515],[5.616144669097582,51.48118083698712],[5.615971431168503,51.48075132032876],[5.616782907972419,51.4798200999239],[5.617187735929194,51.47995702609994],[5.617809756758686,51.48017227241601],[5.617864800695112,51.480100406965406],[5.6179741072117695,51.48013800704243],[5.617966191724336,51.48014692149328],[5.618496031794121,51.48032569064899],[5.619617937626901,51.480696139486724],[5.619803144630587,51.48055392002207],[5.6199871591007415,51.48041519024735],[5.620132469297865,51.48030300912531],[5.620170108664055,51.48027393648718],[5.620591220907423,51.479948775128825],[5.621182562128737,51.480140775294785],[5.621438450767996,51.48022380257684],[5.621694297292704,51.480306856349785],[5.6217185221678845,51.48031470870377],[5.62202721771951,51.480414904773156],[5.622613392507105,51.480028648343605],[5.622921166858067,51.47982583549702],[5.623170247858551,51.47966169301691],[5.6233741507905535,51.479527295128285],[5.6235724684332835,51.47939591041629],[5.623985395882206,51.479122131725454],[5.624113950437498,51.47901267622589],[5.624896047478204,51.478405742537234],[5.624826709891851,51.47840072429136],[5.624331223930151,51.47836488791189],[5.62369812888784,51.47831893756788],[5.623695456676906,51.478352919302594],[5.622773012522429,51.478268513225494],[5.622707933581996,51.47826019526461],[5.62227799387642,51.47822222234416],[5.622003803021269,51.47818351199032],[5.620743544087315,51.47776965913926],[5.620225797904132,51.477587235538344],[5.620105022941876,51.477521733519566],[5.619188880578244,51.477067446454484],[5.617506205902793,51.47623285610809],[5.616302898428674,51.47563599540095],[5.6161986091471805,51.4755835624825],[5.616083035056233,51.4755482750525],[5.612438083664071,51.474651091448266],[5.611705023255145,51.474469396362366],[5.610222029600916,51.47410167414521],[5.610213724834285,51.47411613393409],[5.609561978100197,51.47395573578801],[5.609351723528476,51.47390964700137],[5.609253393953813,51.47388738951699],[5.608159205017232,51.47361789262168],[5.608092610405309,51.47362455353379],[5.607820086519919,51.47356818000726],[5.607462424908055,51.47349358481345],[5.606694405293912,51.47330730416527],[5.605952464815444,51.47307149587768],[5.60593070497417,51.47302082256801],[5.605293683518896,51.47286893832329],[5.605377003263746,51.47284446721716],[5.6055457037927665,51.472886507061084],[5.605563627210638,51.4728543210045],[5.605760749850275,51.47289511092761],[5.605811690786671,51.47288986494306],[5.605832626774091,51.47274144060367],[5.605961694169789,51.47274866817701],[5.605970783017622,51.47257605053262],[5.6059974888941255,51.4724067436255],[5.606038966487199,51.47223243825475],[5.606090593583403,51.472067704738365],[5.606207957172014,51.471823181115205],[5.605920544277184,51.471843539609665],[5.603533362350909,51.472589274782216],[5.603532710441286,51.47258990070445],[5.603119120370948,51.47271916925928],[5.603044213769636,51.472742408812145],[5.602111324210651,51.47303185012315],[5.601283584948531,51.473288650856475],[5.600627644597617,51.47349215218735],[5.599931067144695,51.47370825416215],[5.599127981149552,51.47395739021998],[5.598329600512325,51.47420505611336],[5.597186128026336,51.47455976432809],[5.5962228071920395,51.47485857057258],[5.596106402389779,51.474898823692264],[5.596092237047849,51.47490469170429],[5.5959834972714235,51.47494977586686],[5.593038376540243,51.47617085511039],[5.592562111789677,51.47637088372214],[5.592218970002667,51.476515288235454],[5.585910815899328,51.47916958620898],[5.5858999281421715,51.47918162260982],[5.585833369348399,51.47925518240346],[5.585783306016466,51.47931163919692],[5.585438405861264,51.47970058678343],[5.583773707369208,51.48157782033459],[5.5833642339116185,51.48203952948674],[5.582940797943987,51.482516972798486],[5.5827152655912435,51.4827712809012],[5.582515347423689,51.482996701040726],[5.581544840681009,51.48409093942377],[5.580636085554824,51.48511549493606],[5.580479146572358,51.48529243628229],[5.580475982555671,51.485296612265344],[5.580444643741352,51.485331704699725],[5.580395568479141,51.48538665909283],[5.577460602159857,51.48869523090078],[5.577383632382968,51.48878199814795],[5.577265389819115,51.4889152860137],[5.577234614911521,51.488948342526776],[5.577151818373845,51.489043298794314],[5.576405039848716,51.489885033359805],[5.575978606024653,51.49036567388745],[5.575756048542609,51.4906165119072],[5.57510633414931,51.491348787938676],[5.575075992747843,51.49138299372317],[5.574038035771264,51.49255278222928],[5.573960612111135,51.49264089620554],[5.573933447373201,51.492670647215306],[5.573887109982226,51.49272676567717],[5.572765523755236,51.49398683273923],[5.5727099366539266,51.4940494642396],[5.571995217915333,51.49485486784974],[5.571365938851431,51.4955639535182],[5.5701973578278885,51.49688603746029],[5.570154946384563,51.4969358472066],[5.573698511558591,51.49829262810663],[5.573746571694387,51.498311022946744],[5.574601521119544,51.49863834975715],[5.576728772117571,51.49945274590943],[5.576830542431527,51.49943072909401],[5.576851463381723,51.49942620075515],[5.576986370362926,51.4993970109107],[5.578243129495253,51.49912511103425],[5.5784730984443325,51.49907535051165],[5.578927524208424,51.49897703267577],[5.579833837432636,51.49878093524117],[5.579932137190828,51.49875966752633],[5.581666280664434,51.499381555512464],[5.582591566914845,51.499707520338305],[5.583135688406234,51.4999046639225],[5.5839163645348435,51.50017869085638],[5.585377177502942,51.50068735879288],[5.586709988514771,51.5011533245594],[5.587643303588077,51.50148077274355],[5.593180406796929,51.50342321429309],[5.599745553127099,51.50573264502422],[5.5999109385839025,51.50576432534547],[5.608698032523292,51.50889292251767],[5.609652824403092,51.50921691947424],[5.60968421152151,51.50919059388034]]]]},"properties":{"buurtcode":"BU07941709","buurtnaam":"Geeneind","gemeentenaam":"Helmond","aantalInwoners":350,"crime_violent":1,"crime_property":0,"crime_disorder":0,"crime_count":1}},{"type":"Feature","geometry":{"type":"MultiPolygon","coordinates":[[[[5.612034084178753,51.46301029311417],[5.6122400489709205,51.462878741005404],[5.612402672392157,51.462791308712006],[5.6125509403259075,51.462722013439276],[5.612716979673089,51.46265452718943],[5.612991279347414,51.46256293380901],[5.613291785109159,51.462487360746174],[5.613464946432599,51.462451058451435],[5.613605912534119,51.462415221105545],[5.613755650061874,51.46238393369942],[5.613971278868042,51.46233887764963],[5.615375786872029,51.462031066320556],[5.616492125109471,51.46181211170459],[5.6166824312957235,51.461764179100285],[5.616719964644694,51.46181374975508],[5.616786757207182,51.46178152056494],[5.616781356436738,51.46174862540873],[5.616780377419912,51.461738816183185],[5.616947045372817,51.461553719154274],[5.61697835972636,51.461559949536],[5.617008408816753,51.461554404524605],[5.617128262913536,51.46152145033536],[5.617226390179102,51.46150504121639],[5.617303394256994,51.46148649933457],[5.617356493808882,51.46146129812473],[5.617463748968306,51.46126548802605],[5.618294619039042,51.45974854103123],[5.618996888210071,51.45838366797792],[5.61900140614233,51.45836584341151],[5.618978532686735,51.45831552704309],[5.618953924732935,51.458261391227275],[5.619208951392089,51.45800524210835],[5.619364754610527,51.45797830659739],[5.623730882657659,51.45510536950699],[5.6242982683021445,51.454826340702176],[5.624826201010581,51.4546664052424],[5.625402197496352,51.45444307801055],[5.625199576175071,51.45425494488231],[5.624706189599106,51.45379582946331],[5.624531935373085,51.453633676745206],[5.624520608188042,51.45364715857343],[5.624517450771776,51.45364422569623],[5.624514679345671,51.453641648884656],[5.623053488588796,51.45228238582494],[5.623076909972988,51.452272373578595],[5.622618111009449,51.45177982681139],[5.622478684462201,51.4516099225627],[5.622412630768035,51.45152942992589],[5.622310968639578,51.45140554871411],[5.6222071528335,51.45127904166218],[5.621932796418487,51.450912905858004],[5.621389717195141,51.450180307289294],[5.621182708222883,51.45012305142456],[5.621015262624191,51.450076744990675],[5.620957234213635,51.450164519110686],[5.620785209120512,51.45011726872642],[5.620755569228084,51.45010790794965],[5.620628508301695,51.45006777619049],[5.620521117509217,51.45002849481315],[5.620004383118549,51.44983299887736],[5.619371167306907,51.44966494146558],[5.619226506300169,51.44963722966726],[5.6184212406025384,51.44948299248635],[5.617364611430302,51.44929594315652],[5.61729459443979,51.44928675379543],[5.616497946080907,51.45182905338367],[5.615464912459287,51.45512528798974],[5.615444156513114,51.45519151056085],[5.6154660101214775,51.45519416438656],[5.615086464414379,51.456346843540935],[5.614761515035446,51.456212434793706],[5.61447172532531,51.45609640590359],[5.61432592380457,51.45604486930695],[5.613999525097766,51.455979400028355],[5.613777727059734,51.45596523181658],[5.6135438918600356,51.45596978662286],[5.613361183245906,51.455985556766045],[5.613198515458827,51.456008320531154],[5.612101161430633,51.45616187930867],[5.612090331790925,51.456162191430764],[5.612076115431319,51.456159626511976],[5.612000900954422,51.45613970250288],[5.611992573887652,51.456137496553126],[5.61192993913586,51.456104523633016],[5.611634233678474,51.45614670094983],[5.611605205571317,51.45620059907336],[5.611530748705767,51.4562474116279],[5.61146928736549,51.456262774679914],[5.61146429695646,51.45626351146367],[5.609894925613913,51.45649496879026],[5.609895033472747,51.45649525262689],[5.610236912940814,51.457389551668435],[5.612572989626471,51.45695068218798],[5.613443148267207,51.45786483663057],[5.614412791983347,51.458639654852696],[5.614525221127761,51.45870809132765],[5.614581480772479,51.45871096587741],[5.614790898936292,51.45883846546478],[5.61451027539179,51.45915256259936],[5.61447568446655,51.4591669310303],[5.614383702278345,51.45930964931031],[5.613769156930012,51.46026314441914],[5.6136599462549865,51.46039801160712],[5.613706667333509,51.46040974188505],[5.612911250905977,51.46160669248268],[5.612889048645659,51.461641131564996],[5.612907366298904,51.461697401245516],[5.612906137759556,51.46173753811016],[5.612885629868873,51.461791299588434],[5.612846515029927,51.46183845443049],[5.612798271557788,51.46187404050304],[5.612734754117098,51.461904256593805],[5.612725719162314,51.461907518085006],[5.612346226148323,51.462456815665846],[5.6119609199204055,51.46302698951762],[5.612034084178753,51.46301029311417]]]]},"properties":{"buurtcode":"BU07942100","buurtnaam":"Brand","gemeentenaam":"Helmond","aantalInwoners":1450,"crime_violent":2,"crime_property":0,"crime_disorder":0,"crime_count":2}},{"type":"Feature","geometry":{"type":"MultiPolygon","coordinates":[[[[5.611722140234603,51.4632706788428],[5.6119504356310195,51.46304250172475],[5.6119609199204055,51.46302698951762],[5.612346226148323,51.462456815665846],[5.612725719162314,51.461907518085006],[5.612734754117098,51.461904256593805],[5.612798271557788,51.46187404050304],[5.612846515029927,51.46183845443049],[5.612885629868873,51.461791299588434],[5.612906137759556,51.46173753811016],[5.612907366298904,51.461697401245516],[5.612889048645659,51.461641131564996],[5.612911250905977,51.46160669248268],[5.613706667333509,51.46040974188505],[5.6136599462549865,51.46039801160712],[5.613769156930012,51.46026314441914],[5.614383702278345,51.45930964931031],[5.61447568446655,51.4591669310303],[5.61451027539179,51.45915256259936],[5.614790898936292,51.45883846546478],[5.614581480772479,51.45871096587741],[5.614525221127761,51.45870809132765],[5.614412791983347,51.458639654852696],[5.613443148267207,51.45786483663057],[5.612572989626471,51.45695068218798],[5.610236912940814,51.457389551668435],[5.609895033472747,51.45649525262689],[5.609894925613913,51.45649496879026],[5.605955765355442,51.45707266826675],[5.604666313460552,51.45726204507407],[5.602824046935999,51.461060561432994],[5.608018742104332,51.462356077760916],[5.611467482676408,51.463215998122955],[5.6117155397820175,51.46327745104251],[5.611722140234603,51.4632706788428]]]]},"properties":{"buurtcode":"BU07942101","buurtnaam":"De Veste","gemeentenaam":"Helmond","aantalInwoners":2885,"crime_violent":7,"crime_property":0,"crime_disorder":3,"crime_count":10}},{"type":"Feature","geometry":{"type":"MultiPolygon","coordinates":[[[[5.604666313460552,51.45726204507407],[5.605955765355442,51.45707266826675],[5.609894925613913,51.45649496879026],[5.61146429695646,51.45626351146367],[5.61146928736549,51.456262774679914],[5.611530748705767,51.4562474116279],[5.611605205571317,51.45620059907336],[5.611634233678474,51.45614670094983],[5.61192993913586,51.456104523633016],[5.611992573887652,51.456137496553126],[5.612000900954422,51.45613970250288],[5.612076115431319,51.456159626511976],[5.612090331790925,51.456162191430764],[5.612101161430633,51.45616187930867],[5.613198515458827,51.456008320531154],[5.613361183245906,51.455985556766045],[5.6135438918600356,51.45596978662286],[5.613777727059734,51.45596523181658],[5.613999525097766,51.455979400028355],[5.61432592380457,51.45604486930695],[5.61447172532531,51.45609640590359],[5.614761515035446,51.456212434793706],[5.615086464414379,51.456346843540935],[5.6154660101214775,51.45519416438656],[5.615444156513114,51.45519151056085],[5.615464912459287,51.45512528798974],[5.616497946080907,51.45182905338367],[5.61729459443979,51.44928675379543],[5.617181777579175,51.44927194460354],[5.616849859864055,51.44924119239012],[5.616436053459744,51.44920068574602],[5.615497294852438,51.449107274620765],[5.614519244250465,51.449012125833455],[5.614540039173662,51.44918948617185],[5.614544922256784,51.449231112283634],[5.61454933961335,51.44926877528889],[5.614525044973698,51.44926644964785],[5.614471928790684,51.44934345148905],[5.614450733952231,51.4494001845019],[5.614510101972081,51.450025403245895],[5.6145119635089245,51.450043853405695],[5.614358766588679,51.45002919481355],[5.6114787135136215,51.449753388812454],[5.610370688670341,51.44995325738628],[5.609787379887061,51.450058470583414],[5.609056984742148,51.4499063808833],[5.60814615768338,51.449716705417835],[5.60805618717982,51.449716381517334],[5.6082296586755,51.45017742435854],[5.608762546351241,51.4515680780831],[5.608817156678532,51.45169808559769],[5.6079458391172485,51.451756978603896],[5.607869849550142,51.45176286623262],[5.607795392642657,51.4517733171669],[5.607648103097558,51.451808813455806],[5.607493616888974,51.45185257477531],[5.607280988920058,51.45192495778652],[5.6070829257929065,51.45199269275336],[5.606212089490533,51.45229692718566],[5.606164920986609,51.45231298868662],[5.60603733319173,51.452356436877835],[5.604794994600909,51.45277944185004],[5.604723590041774,51.452799916500545],[5.604689431588782,51.45279903641481],[5.6045489478195005,51.452847963163734],[5.604689216116127,51.45299796550497],[5.603964910613459,51.45356043333855],[5.603411768307734,51.453989969214405],[5.603218793385562,51.45393540603651],[5.603079799427339,51.45387476512134],[5.602680638198944,51.45353927266054],[5.601004323030408,51.45217001981401],[5.600930828959758,51.45220524641345],[5.598880259259221,51.45427549600314],[5.597306836895708,51.45616804278684],[5.597033514564589,51.456496774870594],[5.596920295755404,51.456431172428964],[5.596547619450284,51.45621522391295],[5.5963495901503695,51.45610047024367],[5.596223526829512,51.456173208057194],[5.5958175672418,51.456407452251995],[5.595789154640644,51.456383098811656],[5.5956709473817625,51.45650026202584],[5.595571955409054,51.45662544463757],[5.595523040195165,51.456764721836336],[5.5955617955275345,51.45684831026527],[5.595269014166993,51.457009263205755],[5.595266617365462,51.45701057983128],[5.595263746950371,51.45701215797376],[5.594390571415746,51.45749213574416],[5.593992829918558,51.45770620630661],[5.59347281751891,51.45799456764167],[5.593302237310396,51.457955238219],[5.592820998104309,51.45833994968571],[5.592569787431034,51.45854072324796],[5.594292385456013,51.45896689561661],[5.594299856464796,51.45895495436343],[5.599093979834392,51.4601356326179],[5.602824046935999,51.461060561432994],[5.604666313460552,51.45726204507407]]]]},"properties":{"buurtcode":"BU07942103","buurtnaam":"Stepekolk","gemeentenaam":"Helmond","aantalInwoners":3890,"crime_violent":4,"crime_property":0,"crime_disorder":0,"crime_count":4}},{"type":"Feature","geometry":{"type":"MultiPolygon","coordinates":[[[[5.610048356264369,51.471551666112376],[5.612333832199472,51.471388545675204],[5.614204316676723,51.471255447074455],[5.614216315890514,51.47125459676038],[5.614646691112387,51.471223977857704],[5.614713626394023,51.4711135651682],[5.614838970923987,51.470937861517534],[5.614854037136119,51.470917158141724],[5.61498490202474,51.47073752448932],[5.615102271855246,51.470576352844674],[5.615775715221276,51.470581067248],[5.615941575329561,51.4705814431874],[5.61605680897069,51.47058302385191],[5.616375815336922,51.47059128725197],[5.61643713636054,51.47057312555589],[5.616348426088037,51.470471081482536],[5.616242371023942,51.47037342282694],[5.616326873333641,51.47040927180175],[5.617196876056213,51.47014973787612],[5.6174750062156305,51.47006422712839],[5.617833031755604,51.46995416336197],[5.617920727088645,51.46992929799831],[5.618998863900616,51.469590390162175],[5.619063545804819,51.469565695515335],[5.619127735856166,51.469537693974885],[5.619757442428091,51.469238051700316],[5.619841782150555,51.4691963198293],[5.619928946468192,51.46914409246589],[5.62029885215786,51.468866457350224],[5.6203048127407635,51.468776954089435],[5.619884754750484,51.468221771670606],[5.619804846471338,51.46811612434772],[5.620538312168444,51.4674247335973],[5.621005590022549,51.46758507281407],[5.621270700408114,51.467675668363235],[5.621423926919189,51.46771180987418],[5.621420335648267,51.467721488013545],[5.621720878010988,51.46772514471981],[5.6221414979681175,51.467125283136546],[5.622216718920649,51.46702162685994],[5.622348771350059,51.467057738809544],[5.623255081157979,51.46725546586282],[5.623384394318356,51.46726509162723],[5.62349228147119,51.467255821494646],[5.623615780625948,51.46722082905062],[5.6240949861757175,51.467052514316066],[5.624668652088961,51.466848275283674],[5.624822196354467,51.466766336283854],[5.624939926860122,51.46665531078417],[5.625025611046278,51.466566966054],[5.6181948033825195,51.46486089972639],[5.6172299052229535,51.464625757350944],[5.616859901465463,51.46453557503057],[5.616774711913937,51.464516039567286],[5.615982278484267,51.46433436251303],[5.6117155397820175,51.46327745104251],[5.611492756532188,51.46354949266244],[5.611437890631737,51.46363533315749],[5.611367670543108,51.46376569443736],[5.611287712390453,51.46393149429987],[5.61124774887694,51.464098479282114],[5.611236305844518,51.46426934830064],[5.611236487495998,51.4643875932006],[5.611229214414427,51.46445747801708],[5.611219976351539,51.46454624464292],[5.611210901761038,51.46463343793371],[5.611259594277775,51.46506704571566],[5.611374157999515,51.46608721196692],[5.611398565909653,51.46630455186578],[5.611493611125475,51.46715087656446],[5.610784809035867,51.467160501831145],[5.610423826435232,51.46716540185181],[5.6100603153659865,51.46717033525052],[5.608043035771768,51.467189057190005],[5.607754977138979,51.46719260455427],[5.604904477803428,51.4672250445256],[5.604898658176796,51.46708842743775],[5.601521121892402,51.46712883165245],[5.601612743935824,51.46663179595601],[5.6015668703766,51.46365228527813],[5.602824046935999,51.461060561432994],[5.599093979834392,51.4601356326179],[5.594299856464796,51.45895495436343],[5.594292385456013,51.45896689561661],[5.592569787431034,51.45854072324796],[5.592820998104309,51.45833994968571],[5.5907213108181155,51.45780635348947],[5.590719582258591,51.45780591606162],[5.590514733330173,51.45776042221778],[5.590494808705485,51.45777082091471],[5.590406597527528,51.45781683496074],[5.590281528665307,51.45792217553316],[5.590235657980681,51.45796080788736],[5.5902140888498355,51.457970292554414],[5.590106243140911,51.458017733806805],[5.589932928428644,51.458093971710326],[5.589609685012447,51.458244653348416],[5.588668631183036,51.45868329511936],[5.588536392283533,51.45874675894116],[5.588417534100965,51.45880361980391],[5.588307899783446,51.45886070732849],[5.588241575384878,51.45889826856611],[5.587981874362507,51.45904534847131],[5.5874223541020696,51.45930744989747],[5.587287750078129,51.459370502879345],[5.585618184975964,51.460157393944506],[5.585572116482064,51.460175162062065],[5.584707567897515,51.46050862678506],[5.584786021286469,51.46061220523343],[5.585104395640577,51.46091628258178],[5.58526129611336,51.461058306931974],[5.58539304199631,51.461183151526264],[5.585796794648844,51.46156575972355],[5.587203255064338,51.46289848885481],[5.587806946238265,51.46347079455367],[5.58764065136683,51.46350627123105],[5.587561996519519,51.46352304446625],[5.585134407175095,51.46404071407083],[5.584956362037174,51.46407867874914],[5.584650648163118,51.46414386141711],[5.584925179009305,51.464400382444005],[5.58499999640534,51.46447028632115],[5.5838538500045845,51.46496293491922],[5.583743489412974,51.46499988469089],[5.583623276383048,51.465021390433925],[5.583498371961181,51.465026220968966],[5.583374991216922,51.465013952345366],[5.583213482948585,51.46498673660725],[5.583195331457738,51.465029067829626],[5.582980260715835,51.465530610749134],[5.582972737811959,51.46554816028667],[5.5858394370896045,51.466034318100725],[5.586938397994142,51.46622659611559],[5.587573829221631,51.466326880161276],[5.588284142615452,51.466421206973656],[5.589731183452977,51.46656397748925],[5.590154382578464,51.4666089221006],[5.590473600216177,51.46664604657444],[5.590771212336411,51.46669495609899],[5.591492391656473,51.46683796306074],[5.591733050064723,51.466887868774094],[5.592164369685605,51.46697731277757],[5.592838112093406,51.46712403522286],[5.593392334159879,51.4672602506894],[5.594875168041593,51.46764326041582],[5.595003878355581,51.46767954312141],[5.595464424311428,51.46780936291905],[5.596109279755337,51.46799745702624],[5.596746087728364,51.468199476511266],[5.597364174850477,51.46840710823873],[5.597876860899085,51.46858647800637],[5.598480923853127,51.468805967255584],[5.5992339338974135,51.46909019775896],[5.5998449699219055,51.46931460210574],[5.600488216717183,51.46954108369625],[5.601115459062369,51.46975693053315],[5.601651302371147,51.46992999420488],[5.60227988584659,51.4701258145423],[5.602935467517297,51.47032314559125],[5.60337019738065,51.470449440517164],[5.60357885815705,51.470510050738774],[5.604281971565831,51.470706683798376],[5.604920522276627,51.4708784086928],[5.605230840484305,51.470956839457195],[5.6052013163016765,51.470985233256215],[5.6057453122973495,51.471118302854855],[5.605954255637452,51.47117052186997],[5.606163199456467,51.471222740510726],[5.607302267901239,51.471426850629406],[5.607732847412211,51.47151765884789],[5.608101163875057,51.47159030045233],[5.608467365072723,51.47166309232341],[5.6086473173757545,51.47169942279589],[5.608647712118593,51.4716995011468],[5.608755262357956,51.47171878434535],[5.609109540435847,51.47178226300853],[5.609463819499746,51.47184574059591],[5.609673149680798,51.47188130968553],[5.609882508753898,51.4719168334016],[5.610048356264369,51.471551666112376]]]]},"properties":{"buurtcode":"BU07942104","buurtnaam":"Kranenbroek","gemeentenaam":"Helmond","aantalInwoners":115,"crime_violent":0,"crime_property":0,"crime_disorder":0,"crime_count":0}},{"type":"Feature","geometry":{"type":"MultiPolygon","coordinates":[[[[5.607754977138979,51.46719260455427],[5.608043035771768,51.467189057190005],[5.6100603153659865,51.46717033525052],[5.610423826435232,51.46716540185181],[5.610784809035867,51.467160501831145],[5.611493611125475,51.46715087656446],[5.611398565909653,51.46630455186578],[5.611374157999515,51.46608721196692],[5.611259594277775,51.46506704571566],[5.611210901761038,51.46463343793371],[5.611219976351539,51.46454624464292],[5.611229214414427,51.46445747801708],[5.611236487495998,51.4643875932006],[5.611236305844518,51.46426934830064],[5.61124774887694,51.464098479282114],[5.611287712390453,51.46393149429987],[5.611367670543108,51.46376569443736],[5.611437890631737,51.46363533315749],[5.611492756532188,51.46354949266244],[5.6117155397820175,51.46327745104251],[5.611467482676408,51.463215998122955],[5.608018742104332,51.462356077760916],[5.602824046935999,51.461060561432994],[5.6015668703766,51.46365228527813],[5.601612743935824,51.46663179595601],[5.601521121892402,51.46712883165245],[5.604898658176796,51.46708842743775],[5.604904477803428,51.4672250445256],[5.607754977138979,51.46719260455427]]]]},"properties":{"buurtcode":"BU07942105","buurtnaam":"De Marke","gemeentenaam":"Helmond","aantalInwoners":10,"crime_violent":4,"crime_property":0,"crime_disorder":0,"crime_count":4}},{"type":"Feature","geometry":{"type":"MultiPolygon","coordinates":[[[[5.544977723276795,51.48565684922634],[5.5478087909255205,51.48336171971293],[5.549943422422613,51.48125990808322],[5.550876206575801,51.48125495027538],[5.554617389321683,51.48115441528486],[5.557371128478539,51.48112149614357],[5.559476030111435,51.481174303869466],[5.560676461049489,51.48116353551298],[5.560108272494469,51.479740518781384],[5.559826563016064,51.47870555463243],[5.559141809626202,51.47731135783209],[5.558584306867564,51.47643128962882],[5.558610872121502,51.47584080771211],[5.5587111391760375,51.47544099458038],[5.5586970122482455,51.475268473452466],[5.558648413043068,51.47503999105392],[5.558599965409744,51.474851257183644],[5.558551666340458,51.47470227184775],[5.558471728844822,51.474603017818055],[5.558391830501525,51.47451370064491],[5.558264121615727,51.474404579638765],[5.558168423954468,51.47434509729916],[5.558024877213394,51.474255874092485],[5.557881220713787,51.47413683906365],[5.557673729834245,51.4739682114832],[5.55749806418834,51.473799537055726],[5.557402183081906,51.473690368622464],[5.557242579707111,51.47356141913147],[5.556874900051872,51.47310484708636],[5.556603289393663,51.4728071285176],[5.556379676358061,51.47257889935282],[5.5560125659218995,51.472271380983685],[5.5557893249618155,51.472142520735325],[5.555629733028317,51.47201356901995],[5.555518169384141,51.47196404440395],[5.555246831127707,51.47173588196208],[5.555086949051066,51.471527432371694],[5.555038848187402,51.47142813104154],[5.555022607558499,51.471338720799984],[5.555006220508781,51.4712095610914],[5.555005561350562,51.47103069389421],[5.555084311160728,51.47081196358783],[5.55510007540267,51.470772193006084],[5.555163498624217,51.47071247892736],[5.555268521379563,51.4706301010505],[5.55466808816488,51.47066176390387],[5.553523656869346,51.47059795314423],[5.552599541246616,51.47057679629064],[5.5515285653857935,51.47055134490133],[5.55017898013981,51.47065660917199],[5.549214285533153,51.47054362977691],[5.548208077721833,51.470518057888206],[5.547014618549585,51.47038571246232],[5.546008435037954,51.47036573949663],[5.545381903107921,51.4702317614154],[5.544377916716427,51.4700002573746],[5.542874247183457,51.46963289687944],[5.541170530052328,51.46928460191027],[5.539727630129726,51.46905279370711],[5.538198040519081,51.46871405920114],[5.537144377273042,51.46867216149863],[5.535016626811232,51.46845999277716],[5.5348434961470545,51.46874335509109],[5.534212774796077,51.469523638345116],[5.533997356471327,51.47015564379207],[5.533741552395829,51.47067843162797],[5.533450211296118,51.47099143487091],[5.533010676875742,51.47123748834763],[5.532657838548066,51.47159101458148],[5.532522026124001,51.47187882112097],[5.532597868789716,51.47224838518715],[5.532743291369632,51.47271561401079],[5.532888295191866,51.47347300877737],[5.532947989108629,51.47413556642677],[5.533069253400285,51.47471068897052],[5.5331517103698165,51.47524625413475],[5.533137813717593,51.47589261186103],[5.533150401846664,51.47624118797807],[5.533063320457119,51.476439047470215],[5.533491885091134,51.47766377690224],[5.534395875698811,51.47767977399462],[5.535868685945073,51.477765825720454],[5.535621129303569,51.478617534280296],[5.535775277497077,51.47953755173033],[5.536404112299239,51.480343201012715],[5.536896604292232,51.4812692426194],[5.537078847306907,51.48196647245314],[5.537085886131515,51.48280605957553],[5.537103439793213,51.48335518811347],[5.537432971228255,51.48369183849991],[5.537514494195919,51.484400994008084],[5.537410796125692,51.48569717922349],[5.538736238765581,51.48644152316603],[5.540336874717431,51.487191108077],[5.5411769347909186,51.48820206850884],[5.544977723276795,51.48565684922634]]]]},"properties":{"buurtcode":"BU08200000","buurtnaam":"Nuenen-Noord","gemeentenaam":"Nuenen, Gerwen en Nederwetten","aantalInwoners":5750,"crime_violent":15,"crime_property":1,"crime_disorder":9,"crime_count":25}},{"type":"Feature","geometry":{"type":"MultiPolygon","coordinates":[[[[5.555268521379563,51.4706301010505],[5.555290419369272,51.47061292449775],[5.555464962928558,51.47048349029151],[5.555671363538275,51.47036394675844],[5.55592568040307,51.47029401836877],[5.556195685810711,51.47016444486022],[5.556434051839369,51.47008460241015],[5.556767734996447,51.46996487208661],[5.5570060633563605,51.46987509065009],[5.557307921173138,51.46975540512936],[5.557482344228851,51.46959615715158],[5.557672750778479,51.46945675858172],[5.557815423898246,51.46931743046695],[5.557894827720482,51.469277565445346],[5.55802155354583,51.46912832255455],[5.558116420932595,51.46896919016378],[5.558349274634658,51.46860311764135],[5.5584465594434045,51.46815208792518],[5.5585068068247,51.46731071670893],[5.558697395528405,51.4659711248412],[5.5589033829298335,51.46484274359244],[5.558972372246017,51.46405697555814],[5.559008195150031,51.46365861230524],[5.55907243405106,51.46238942962445],[5.559155983368624,51.461650549957675],[5.559064507209118,51.46064648208939],[5.559121158452279,51.460406513344665],[5.558742395644081,51.46030819598579],[5.557571509468975,51.460015814731996],[5.555060960471365,51.45937676728084],[5.553118957321244,51.45891569922326],[5.552130307638091,51.45868095833016],[5.549319503491688,51.45802872897839],[5.546631208225699,51.45747766836122],[5.544458358466122,51.45702219834256],[5.5434377631214575,51.45684295359442],[5.543257049747485,51.45744459444228],[5.542794764977613,51.45861093074661],[5.542727597542414,51.45954865101064],[5.542596332857085,51.46074516133004],[5.5424088847150355,51.46188528661633],[5.5415583581821055,51.46189624796816],[5.54091583617172,51.46204906227689],[5.540046211651431,51.46152886326078],[5.5391783512600945,51.460992363516176],[5.537883797862952,51.461615947006194],[5.537338170560734,51.46197282712621],[5.5370368460012465,51.46223388625949],[5.536088025415628,51.462029206962995],[5.5352172478196735,51.461967395495115],[5.534614294450271,51.46198697840471],[5.5343405477068455,51.462785630272776],[5.534073667987392,51.46348595926433],[5.533019547341334,51.46368334821464],[5.532069338355224,51.463964868143414],[5.5325179516620455,51.46475278361887],[5.532877518449399,51.46560541560298],[5.533122304304835,51.46607055408414],[5.532238300977451,51.46639721435507],[5.5319337758109794,51.46658972560699],[5.531642616803375,51.466885028228724],[5.5319333740589585,51.46738353831639],[5.53141314728844,51.467631370513544],[5.5313407275112425,51.46791179401359],[5.532908350518466,51.46807360829506],[5.534067429237002,51.46824546570469],[5.535016626811232,51.46845999277716],[5.537144377273042,51.46867216149863],[5.538198040519081,51.46871405920114],[5.539727630129726,51.46905279370711],[5.541170530052328,51.46928460191027],[5.542874247183457,51.46963289687944],[5.544377916716427,51.4700002573746],[5.545381903107921,51.4702317614154],[5.546008435037954,51.47036573949663],[5.547014618549585,51.47038571246232],[5.548208077721833,51.470518057888206],[5.549214285533153,51.47054362977691],[5.55017898013981,51.47065660917199],[5.5515285653857935,51.47055134490133],[5.552599541246616,51.47057679629064],[5.553523656869346,51.47059795314423],[5.55466808816488,51.47066176390387],[5.555268521379563,51.4706301010505]]]]},"properties":{"buurtcode":"BU08200001","buurtnaam":"Nuenen-Zuid","gemeentenaam":"Nuenen, Gerwen en Nederwetten","aantalInwoners":7075,"crime_violent":14,"crime_property":0,"crime_disorder":31,"crime_count":45}},{"type":"Feature","geometry":{"type":"MultiPolygon","coordinates":[[[[5.561808968501387,51.481037689315386],[5.563236476023129,51.48088470161562],[5.56465413823816,51.48080502565686],[5.564911445231038,51.4792451007646],[5.567328070730023,51.47880094821857],[5.569486863956935,51.478293385113],[5.571106341481417,51.47797371043017],[5.572661463919071,51.47776254320123],[5.57415979027537,51.47769105019147],[5.576109638087873,51.47791880412443],[5.5765420208045935,51.477940854983444],[5.577166757711419,51.4773277672907],[5.578579259740673,51.475892045482944],[5.576509476379309,51.47433336237677],[5.576120603927956,51.473786526503226],[5.57547243258145,51.472966235271315],[5.57533857902083,51.47175859889193],[5.575465308091088,51.471243231199544],[5.575643290232365,51.47061486035276],[5.574818576904953,51.47076113174883],[5.573452238335202,51.47082764888513],[5.572317779874223,51.470845465300314],[5.572214886599662,51.47092624619678],[5.571880532578332,51.47110402114875],[5.571004039570183,51.47118574240628],[5.5707208520169536,51.47128281667973],[5.570565936232694,51.47123474721991],[5.570188536393906,51.47122410430381],[5.570113940029554,51.471016077944356],[5.570167976068043,51.4704721786868],[5.57028851464224,51.47002536495855],[5.570173007016752,51.46959774134754],[5.569891983790635,51.46916756902648],[5.569529163504414,51.468750163839],[5.568904963546235,51.46814159414781],[5.568171660432644,51.46757476312289],[5.567371867799087,51.46696392915096],[5.566616182087812,51.46652802046041],[5.566196977228188,51.46605423202479],[5.565117557124142,51.46528089195148],[5.563384658733512,51.464134097465674],[5.5620442713215965,51.46318135057327],[5.561457775819486,51.46338980955354],[5.560317940887597,51.46372071794149],[5.558972372246017,51.46405697555814],[5.5589033829298335,51.46484274359244],[5.558697395528405,51.4659711248412],[5.5585068068247,51.46731071670893],[5.5584465594434045,51.46815208792518],[5.558349274634658,51.46860311764135],[5.558116420932595,51.46896919016378],[5.55802155354583,51.46912832255455],[5.557894827720482,51.469277565445346],[5.557815423898246,51.46931743046695],[5.557672750778479,51.46945675858172],[5.557482344228851,51.46959615715158],[5.557307921173138,51.46975540512936],[5.5570060633563605,51.46987509065009],[5.556767734996447,51.46996487208661],[5.556434051839369,51.47008460241015],[5.556195685810711,51.47016444486022],[5.55592568040307,51.47029401836877],[5.555671363538275,51.47036394675844],[5.555464962928558,51.47048349029151],[5.555290419369272,51.47061292449775],[5.555268521379563,51.4706301010505],[5.555163498624217,51.47071247892736],[5.55510007540267,51.470772193006084],[5.555084311160728,51.47081196358783],[5.555005561350562,51.47103069389421],[5.555006220508781,51.4712095610914],[5.555022607558499,51.471338720799984],[5.555038848187402,51.47142813104154],[5.555086949051066,51.471527432371694],[5.555246831127707,51.47173588196208],[5.555518169384141,51.47196404440395],[5.555629733028317,51.47201356901995],[5.5557893249618155,51.472142520735325],[5.5560125659218995,51.472271380983685],[5.556379676358061,51.47257889935282],[5.556603289393663,51.4728071285176],[5.556874900051872,51.47310484708636],[5.557242579707111,51.47356141913147],[5.557402183081906,51.473690368622464],[5.55749806418834,51.473799537055726],[5.557673729834245,51.4739682114832],[5.557881220713787,51.47413683906365],[5.558024877213394,51.474255874092485],[5.558168423954468,51.47434509729916],[5.558264121615727,51.474404579638765],[5.558391830501525,51.47451370064491],[5.558471728844822,51.474603017818055],[5.558551666340458,51.47470227184775],[5.558599965409744,51.474851257183644],[5.558648413043068,51.47503999105392],[5.5586970122482455,51.475268473452466],[5.5587111391760375,51.47544099458038],[5.558610872121502,51.47584080771211],[5.558584306867564,51.47643128962882],[5.559141809626202,51.47731135783209],[5.559826563016064,51.47870555463243],[5.560108272494469,51.479740518781384],[5.560676461049489,51.48116353551298],[5.561808968501387,51.481037689315386]]]]},"properties":{"buurtcode":"BU08200002","buurtnaam":"Nuenen-Oost","gemeentenaam":"Nuenen, Gerwen en Nederwetten","aantalInwoners":6125,"crime_violent":9,"crime_property":0,"crime_disorder":0,"crime_count":9}},{"type":"Feature","geometry":{"type":"MultiPolygon","coordinates":[[[[5.559255688171487,51.45983272425338],[5.5595810944601105,51.45872495124818],[5.559983692623826,51.457530341010724],[5.560010616463906,51.45745045110387],[5.5602077224193245,51.45631056369529],[5.560624636146536,51.45468748809872],[5.561022487861653,51.45302483242495],[5.561252816367315,51.45229640668236],[5.564153113453842,51.45265523857021],[5.5666419038891926,51.45296856480859],[5.5690010317512355,51.453284007041425],[5.571757730132056,51.453678828660806],[5.5735024612685775,51.453917062014206],[5.575037237743899,51.45415279886541],[5.5762439292362265,51.454415171006765],[5.578070097892107,51.45486949415394],[5.578999836345948,51.45507867531595],[5.578806599302292,51.45489504874199],[5.578783241192552,51.45487279520574],[5.578551914716011,51.454652386202305],[5.578420911579268,51.4545275596382],[5.577786447187178,51.45392302229085],[5.577106032619491,51.453290700442075],[5.576286236520529,51.45252838178561],[5.576216450743774,51.45246349781575],[5.5760921018722565,51.45234785326737],[5.574222526154092,51.45060918513389],[5.573618343458956,51.450037250387204],[5.572985033088035,51.44943773672401],[5.572463582730125,51.44894688580321],[5.571478302805418,51.448019386410735],[5.571355084281142,51.447903393438395],[5.571342723463523,51.44789175464534],[5.571305265654471,51.447856497281336],[5.571268443246282,51.447821832154844],[5.571172156573936,51.44773119847342],[5.570495376590364,51.446901809254165],[5.569608350055767,51.44581470717838],[5.567753105405606,51.4435408071818],[5.567624059870023,51.44338263538887],[5.567311346007118,51.443005414541],[5.567271901540867,51.442953359096464],[5.567159120829302,51.442804491909726],[5.566487599885677,51.44189996179019],[5.566474397905991,51.44188217551327],[5.566341569905449,51.441827836436794],[5.566243222023891,51.44170839311076],[5.566194705801267,51.441649456916345],[5.566137431712293,51.4415798915453],[5.566125686426996,51.44156562565826],[5.566097355857086,51.44153121641809],[5.566163705413769,51.44148355539516],[5.566008142980781,51.441422868885546],[5.563323614436527,51.44037546978091],[5.560592280938763,51.439309552970215],[5.56028938231935,51.43919145153541],[5.557163074701514,51.4379724330254],[5.5563045731788385,51.43763765816534],[5.55187469745322,51.43591652182866],[5.548775958900657,51.43471488499401],[5.548678054512006,51.434676916943616],[5.547076414273194,51.43405576941365],[5.546703746557092,51.433911355634166],[5.5466820411696025,51.43410306915668],[5.546654249415412,51.434339105242366],[5.54663885733149,51.434485749810186],[5.546633666080135,51.43453514077392],[5.546571517593268,51.43457391313303],[5.546380673982367,51.434711692021246],[5.546265595060741,51.43479358336236],[5.546190093331006,51.43485509715494],[5.5460696322129825,51.434956761773385],[5.546019296712734,51.43499757613495],[5.545927804713174,51.43506386657146],[5.545882867278197,51.435143378812064],[5.545887093982678,51.435213170222234],[5.545888465738148,51.435227145764564],[5.545894654954609,51.43529058848665],[5.545905109248511,51.43532749078896],[5.545919696807204,51.43535368193076],[5.54592202677386,51.43535786748514],[5.545934313364483,51.43537993595201],[5.545950302007489,51.4354119947945],[5.546054372384805,51.43553784737596],[5.546117582284801,51.43563793110965],[5.546182579638143,51.435776214295366],[5.546200207049226,51.43584506156844],[5.546198415574684,51.43586332003971],[5.5461950687905475,51.43589745465727],[5.546190430461736,51.435944750477134],[5.54614907738848,51.43606244187132],[5.546099687128936,51.43613131765829],[5.545993118731241,51.43629181217588],[5.545963511992076,51.436371618146254],[5.54596248845631,51.43637917003913],[5.545962011576892,51.43638264032261],[5.545953864323059,51.436442453166926],[5.545885854096666,51.4365788053476],[5.545851461244841,51.4366967837378],[5.545801025392553,51.436721787023615],[5.545676937464135,51.43671688627459],[5.545594888716683,51.43669585647491],[5.545549393906408,51.43668598582663],[5.545437034090869,51.43669136092411],[5.545293630492261,51.43670684537227],[5.54523231169119,51.43672479807422],[5.545168925664628,51.4367562905056],[5.545126704091215,51.43679454066976],[5.545123980143353,51.4367970162505],[5.545022024780859,51.436870798707396],[5.544944925311264,51.43692096111326],[5.544926974134269,51.43693263475368],[5.5449136147639235,51.436941317931854],[5.5447977971000775,51.43700747857579],[5.544750230920466,51.437030814616975],[5.544649366635146,51.437062734968755],[5.544641048677571,51.437065370906176],[5.544608062113555,51.43707523112444],[5.544513110778974,51.43710362879306],[5.544496831504609,51.43711223496802],[5.544451568375527,51.43713621496256],[5.544405094035073,51.43716346845478],[5.544383150660387,51.43721446390156],[5.544371101325742,51.437265275210976],[5.5443686846976625,51.4373485406495],[5.544370015165849,51.437396538425865],[5.5443713296738855,51.4374440778008],[5.54436942635841,51.437538569411906],[5.544353072150648,51.43761308069606],[5.544331253226391,51.43766688043266],[5.5443335432612155,51.43769703437734],[5.544336395250346,51.437719151680845],[5.544336823639431,51.4377224319725],[5.544352452793981,51.43779214509744],[5.544354207151544,51.43782126606546],[5.54435779196785,51.43788072137097],[5.544360780143628,51.43799236577716],[5.544354532490118,51.438019870587866],[5.544346329862429,51.438056007171426],[5.54432287600351,51.43809869909746],[5.544214049902653,51.4381748451386],[5.544114563783997,51.43824447069097],[5.543865287471386,51.4384188900053],[5.543571870382083,51.43868562788047],[5.543567051127693,51.43869785895771],[5.543563296651227,51.438710232424604],[5.543560635594676,51.438722712287976],[5.543559053483946,51.43873527160126],[5.543558564548395,51.43874786540216],[5.543559183016645,51.43876044872804],[5.543560894445791,51.43877300362091],[5.543563684269424,51.43878547616822],[5.543567566747251,51.43879783039603],[5.543572513053865,51.438810048365475],[5.543578508592,51.438822067175394],[5.543585553300448,51.43883386884824],[5.543705012744011,51.439080816305804],[5.543762351544559,51.43914663529626],[5.5439388311206095,51.43936604544508],[5.544013868876189,51.43946754354539],[5.5440209103320175,51.439474158726235],[5.544026989399594,51.43948113474953],[5.544032048363308,51.439488417760884],[5.544036043920279,51.43949596287535],[5.544038961440227,51.43950369820337],[5.544040757558522,51.439511560882565],[5.544041432057817,51.43951948799249],[5.544040956018192,51.439527434628715],[5.544039372276987,51.43953531084668],[5.544036666296571,51.43954307172251],[5.544032866624678,51.439550654296944],[5.544028001809368,51.439557995610734],[5.544022100398946,51.43956503270434],[5.544015234119985,51.43957171154923],[5.544007431582417,51.4395779871631],[5.543998778896082,51.43958380549791],[5.543989319053487,51.439589121552025],[5.543979152547232,51.4395938812581],[5.54396114353573,51.439597482987345],[5.543942830169484,51.43960041097225],[5.543924269886298,51.439602638169106],[5.543905534599837,51.43960416448124],[5.543886667458607,51.43960498985045],[5.543867769141077,51.43960511414126],[5.543848882734027,51.439604519318515],[5.543830094564501,51.43960321425463],[5.543811476608049,51.439601216830425],[5.543793071981934,51.439598517999165],[5.543774952661515,51.4395951356419],[5.543757205004535,51.43959108761964],[5.543739872159096,51.43958637387497],[5.5437230117182015,51.43958101230788],[5.543706710100547,51.43957503875721],[5.543695138054811,51.439568393688695],[5.543682906052315,51.439562225905654],[5.543670086035985,51.439556544299954],[5.543656706925524,51.43955139377595],[5.5436428406329235,51.439546774236824],[5.543628530398055,51.43954271259051],[5.543613848164006,51.43953921772889],[5.543598837170127,51.439536316559746],[5.5435835549773005,51.43953401799449],[5.543560996558718,51.43953211570645],[5.5435383253020145,51.439530860750615],[5.543515598736632,51.4395302530497],[5.5434928312438245,51.43953029258446],[5.543470109087182,51.439530970250395],[5.54344744670961,51.43953230400552],[5.543424901578799,51.43953427579545],[5.543402531254658,51.439536894531834],[5.543380378791328,51.4395401331909],[5.543358487397044,51.43954400969228],[5.543336885774673,51.43954850602024],[5.543315645774279,51.43955360410129],[5.543308455310539,51.439558045156936],[5.543302115046027,51.43956296147305],[5.543296667913555,51.43956829007161],[5.543292214344247,51.43957395890859],[5.543288797270546,51.43957990500589],[5.543286445211722,51.43958605641576],[5.543285215390241,51.439592323175006],[5.5432851075912035,51.43959864236305],[5.54328610715531,51.43960493310152],[5.543288242540226,51.439611105465275],[5.543291441618272,51.43961709663012],[5.5432957041434054,51.43962283468706],[5.543300943512912,51.43962822986489],[5.543307116425218,51.43963323727836],[5.543316070621624,51.439639831961216],[5.543324134549775,51.439646850304484],[5.543331279321073,51.43965425639238],[5.543337432837746,51.43966199638962],[5.543342566180348,51.43967002539158],[5.543346650398408,51.439678289505316],[5.5433496421587645,51.43968673485674],[5.543351541245626,51.43969529852552],[5.5433523330908665,51.43970392659914],[5.543352003156986,51.43971257415368],[5.543350551197371,51.43972116928003],[5.543347991439778,51.43972966701554],[5.543344352433129,51.43973800440133],[5.543339634022868,51.439746136493866],[5.543333893523422,51.43975400029562],[5.54332677099809,51.43976988385367],[5.543318597829927,51.43978556207955],[5.543309373956531,51.43980101699559],[5.543299142401176,51.43981621258936],[5.543287903102041,51.439831130883235],[5.54327567034798,51.43984574489171],[5.543262472811771,51.43986002761002],[5.543248339165114,51.43987395203344],[5.543233283729068,51.4398875001651],[5.543217335144873,51.439900636011416],[5.543200536529902,51.439913350525735],[5.543182887791124,51.43992561674172],[5.5431644463667205,51.43993740761606],[5.5431452266087335,51.439948714140485],[5.54312527157297,51.43995950929096],[5.543104624314842,51.43996976604342],[5.543083299217729,51.43997948437833],[5.543061339337472,51.439988637271476],[5.543038802143749,51.43999720666842],[5.543015701988955,51.44000518356095],[5.542992096342919,51.44001254989446],[5.542972364608591,51.44001716050688],[5.542952300010165,51.44002116931923],[5.542931945604568,51.440024549307765],[5.542911344571136,51.440027309403376],[5.542890568793369,51.4400294405211],[5.542869632624153,51.44003093365299],[5.5428486079777155,51.44003178870295],[5.542827552354793,51.44003199660538],[5.542806494552541,51.44003156631053],[5.542785506454412,51.44003048873371],[5.542764616857446,51.440028772825144],[5.5427438977062735,51.44002642747752],[5.542723377736729,51.44002344366391],[5.54262529426967,51.43997905361732],[5.5424644739315285,51.43981233924585],[5.542463578389557,51.439802776481756],[5.542463560155962,51.43979320355972],[5.542464448087154,51.439783647407445],[5.542466213509519,51.43977413502907],[5.542468870927476,51.43976470235991],[5.542472391666916,51.43975537640428],[5.542476790263465,51.43974620208612],[5.5424820236606855,51.43973720642867],[5.5427836889516415,51.439430748314535],[5.542792357455467,51.43942110087016],[5.542800075637782,51.43941114009056],[5.542806814887504,51.43940091095764],[5.542812560914919,51.439390440456386],[5.542817270726596,51.439379773588094],[5.542820944476579,51.43936895529598],[5.542823553493052,51.43935801258448],[5.542825112312409,51.439346990377686],[5.542825592293278,51.439335924668526],[5.5428250080033195,51.43932486936977],[5.5428233451525974,51.43931385146648],[5.542821666460897,51.43930661781965],[5.542818923867967,51.43929950244681],[5.5428151751495625,51.439292577180154],[5.54281042049004,51.439285895951365],[5.542804731986581,51.43927951259634],[5.54279812420575,51.43927348102738],[5.542790669213265,51.43926784609151],[5.542782410340908,51.43926266166295],[5.542773448388522,51.439257963561424],[5.5427638410389095,51.439253796653375],[5.542753660296251,51.439250187808405],[5.542742992608281,51.439247181854405],[5.542722097912297,51.43924386595992],[5.542700961049017,51.43924123352478],[5.5426796252570565,51.43923931145717],[5.5426581623861155,51.43923808168384],[5.542636630026302,51.43923756210517],[5.5426150713238655,51.43923775266355],[5.5425935725418105,51.43923864425525],[5.54257216247439,51.43924024583059],[5.54255092738485,51.439242548285876],[5.5425299103884385,51.439245542575065],[5.54250918336621,51.439249219613686],[5.542488789464197,51.4392535793445],[5.5424687861198585,51.43925859472499],[5.542449230861775,51.43926426567872],[5.54193320292874,51.43937066809458],[5.541771436307556,51.43941545771339],[5.541630744764747,51.43944897433108],[5.541501826507004,51.43950200759165],[5.541355290627557,51.439610712952025],[5.541257712311364,51.439719344407436],[5.541235598536946,51.43976388560028],[5.541222543021199,51.43985015825096],[5.541160617918931,51.4399670929658],[5.541005472297171,51.44016761066254],[5.540791439748463,51.44033760832776],[5.540691937911133,51.44040125348799],[5.5406748907127295,51.44045999900117],[5.540698197823002,51.440496192679824],[5.5407095767252885,51.44051387639998],[5.540782545135753,51.440544934997725],[5.540866898712382,51.44054003279722],[5.541070295842829,51.4404957018198],[5.541160065237864,51.44047613171483],[5.541317257667848,51.4404639419616],[5.5413794546211985,51.440495293084545],[5.5414689970775015,51.44054043255901],[5.541501854554175,51.440614689484974],[5.541491313977529,51.44081921392062],[5.541404449063762,51.441042697654225],[5.541052534318485,51.44130977618609],[5.5409467459640975,51.44139493977245],[5.540659168710451,51.44159564066433],[5.5406178432372,51.44165045413313],[5.540640954494771,51.44176073278361],[5.540631695640156,51.4418473509135],[5.540529734864141,51.44207893467751],[5.54044633186232,51.442149228028555],[5.540324696950593,51.44221509521223],[5.539749304970629,51.44235770939426],[5.539637183499718,51.44240862421539],[5.539573108815373,51.442543097786746],[5.539511402017139,51.442744920402305],[5.539460655732041,51.44283503532593],[5.539397535199099,51.44289808350122],[5.539204949009376,51.442991889104256],[5.538871813039129,51.443235206374915],[5.53851091525342,51.44353560090183],[5.538454861793462,51.44361805492948],[5.538462635272754,51.44365891636013],[5.538502955015905,51.443715744364965],[5.538638133251587,51.443723883263125],[5.538839355148075,51.443703891385965],[5.539016501536346,51.44369784501116],[5.539132706089193,51.44371420573403],[5.53921710944628,51.44376983443452],[5.539296042890952,51.44385005425188],[5.539308791571905,51.44386432960783],[5.539341122331397,51.44394056532271],[5.539325722811663,51.44405860678485],[5.539216352214896,51.444124915204576],[5.539123699574221,51.44418379505121],[5.539251368195843,51.444316148595014],[5.539308503549983,51.44438991601094],[5.539370108424016,51.44448828856342],[5.539407566029951,51.44456618046692],[5.539419244032116,51.444604349116766],[5.53942058775986,51.444619061827964],[5.539415021154267,51.44464922611713],[5.5393947440276525,51.44468505451321],[5.539371807100017,51.44471266173874],[5.539336708341268,51.444742442123975],[5.539306536558456,51.44477019361352],[5.539283826064686,51.444792407318815],[5.539253972168351,51.444820607813725],[5.539223122576031,51.44484786578879],[5.539190677476501,51.44487979096114],[5.539131194922971,51.44494342748713],[5.539103872100012,51.444971516778345],[5.539080410936213,51.44499729992751],[5.53905754336502,51.44502424183774],[5.539037263047543,51.44505061408491],[5.539015466976048,51.445071055775934],[5.538744658678157,51.44525005830826],[5.538708016152089,51.44527436640542],[5.538676894247223,51.445297786423126],[5.538648156410292,51.44532874483432],[5.538624289576266,51.445358114900486],[5.538600949766247,51.445385929235506],[5.538580127552889,51.445413848158864],[5.538570716137112,51.44544295673694],[5.538521167259158,51.44561355429606],[5.538509788215813,51.44566959550271],[5.538499752725418,51.4457360528408],[5.538495062407789,51.44576175756101],[5.5384934869810145,51.445772492087904],[5.538502040184859,51.44579246281151],[5.5385141764223516,51.44581281539429],[5.538565194300868,51.44585918463453],[5.538607336593581,51.44590110700263],[5.5386285895702665,51.44592050391469],[5.5386524671753845,51.44595487254812],[5.538695223326824,51.446025620775494],[5.538726292468275,51.44607702257528],[5.538742967136206,51.44610815564481],[5.538758629369425,51.44614195067734],[5.538823208855788,51.44626931711327],[5.5388616884370885,51.4463342821357],[5.538901903069704,51.44639324044987],[5.538944932525151,51.44644646929662],[5.539005245822887,51.44650630026481],[5.539072563575317,51.44656148391446],[5.539133819671737,51.44663218089815],[5.539183976501991,51.446683009374055],[5.539237847891529,51.44675202606419],[5.539293745106857,51.44681595249361],[5.539319680166965,51.446854462084154],[5.539331631453127,51.44687954286706],[5.539362091202485,51.44694191147825],[5.5393895090598075,51.44701517833133],[5.539401281940147,51.44706434000604],[5.5394069750683,51.44711932529583],[5.539405686452465,51.44722017094749],[5.539410900905398,51.44728257252043],[5.539424408246055,51.44735139915153],[5.5394468616311885,51.447411162493985],[5.53946258090564,51.44744451691077],[5.539497518511314,51.447473513664505],[5.539564392417215,51.44752011342271],[5.539641364044206,51.44756648420307],[5.539712777111512,51.44761104649599],[5.539784397116183,51.44764433667342],[5.5398540787313895,51.44767867203299],[5.539929431347541,51.44771394372873],[5.53999151819852,51.44774839682542],[5.540058347682279,51.44778577397601],[5.540124447277986,51.447819952077346],[5.54015867689585,51.447839241790966],[5.540173757713131,51.44786218806189],[5.5401845647946635,51.44788473545188],[5.540178191835586,51.44791891876865],[5.540168050924595,51.44794482846042],[5.540150241559025,51.447974694246966],[5.540081994813983,51.44809380288243],[5.540056132735802,51.44815033963491],[5.5400387290810515,51.448176834117774],[5.54001629659064,51.44820942052773],[5.539995296029628,51.4482357579252],[5.539972235034008,51.44826110926597],[5.539941376806186,51.44828206637215],[5.539909607514264,51.448293020267194],[5.539857345338542,51.44830584368311],[5.539758222717513,51.448299303910204],[5.539495780566034,51.44829627648099],[5.539458595815293,51.44829669361338],[5.539416882698946,51.44830232109333],[5.5393354099379675,51.448321321697016],[5.539252041379939,51.44835419424532],[5.539163829748302,51.44837560349929],[5.539101917732434,51.44841954896946],[5.539078067075556,51.44844553935766],[5.539059265649012,51.44847152316034],[5.539035839714914,51.44852569248628],[5.539022005435012,51.4485874806959],[5.539007022351737,51.44864989061899],[5.538974619586669,51.44876447553027],[5.538968603745579,51.44882412323185],[5.53896211631691,51.44885448644064],[5.538956436097389,51.44888101942175],[5.5389464216329065,51.44892789043228],[5.538917957255071,51.44903296017712],[5.538909058343396,51.44907357361297],[5.538880542861863,51.44917632432484],[5.538877188168597,51.44918843643649],[5.53885071790983,51.449317907804605],[5.538825251116474,51.4494424709423],[5.538816886710498,51.44948337939629],[5.538810700899235,51.449513661300635],[5.538810403644745,51.449515117852684],[5.53873912273659,51.44961474216948],[5.538689409366057,51.4496591749094],[5.5386659808825,51.44969559152022],[5.538627869346173,51.449720494739914],[5.538613626425006,51.44972453118622],[5.538599007530552,51.44972798385552],[5.5385840702064995,51.449730852672815],[5.538568857550765,51.44973311960477],[5.538553455818647,51.449734766561825],[5.538537908197999,51.44973580247643],[5.538522286588153,51.44973621826653],[5.538506662918528,51.44973601383871],[5.538491080317362,51.44973518014829],[5.538475625129428,51.4497337260718],[5.538460340542566,51.449731660542014],[5.538445298515874,51.449728992454176],[5.538430571008178,51.449725730703676],[5.538404720101033,51.44972151260954],[5.538378626788024,51.44971794200873],[5.5383523198993805,51.449715036841084],[5.538325842561431,51.4497127880617],[5.538299252375537,51.449711213573245],[5.538272578052517,51.449710295361086],[5.538245862837813,51.449710060335],[5.538207626225643,51.4497146581643],[5.5381695785858485,51.44971984898865],[5.538131763044403,51.4497256237638],[5.5380941796300265,51.449731991478515],[5.538056857053008,51.44973893411866],[5.538019824113427,51.44974646063566],[5.537983109522023,51.449754553015424],[5.537946727693126,51.4497632202283],[5.537910692951825,51.44977244427868],[5.537908853179882,51.449772932046656],[5.537907027823151,51.44977342878469],[5.537874459172887,51.449782387669124],[5.537842222898059,51.4497918045372],[5.537810333353667,51.44980167038178],[5.5377788049248,51.44981198518474],[5.537755646390254,51.449821498161334],[5.537733036168651,51.449831513790755],[5.537710988585664,51.4498420140774],[5.537689561154766,51.44985298995862],[5.537668753845677,51.449864432446084],[5.537648595370999,51.44987632352578],[5.537629128828194,51.44988864516504],[5.537610354187919,51.449901388375565],[5.537592314548243,51.44991453512472],[5.537575009849845,51.44992806743554],[5.537558483191305,51.449941967275386],[5.53754274892892,51.44995622563746],[5.537371446060681,51.45017139269643],[5.537276586157164,51.45028090707239],[5.537257314320351,51.450295646351435],[5.537237350732784,51.45031001798238],[5.537216724106978,51.450324003950634],[5.537195420086839,51.45033761326282],[5.537173481711284,51.450350809908606],[5.537150923366711,51.4503635938692],[5.537136232687623,51.45037155876125],[5.537120892979349,51.450379021120824],[5.537104918568924,51.45038596295188],[5.537088395683872,51.45039235717712],[5.537071324294567,51.45039819480782],[5.537053790658186,51.45040345775538],[5.537035837844754,51.450408118998176],[5.537017509012345,51.4504121784806],[5.536998861646412,51.450415618151126],[5.536979938876348,51.45041842896563],[5.53696079824628,51.45042061084986],[5.536941511628189,51.450422145733995],[5.536922107794347,51.45042303358113],[5.536902673061762,51.450423274280276],[5.536883236173353,51.450422858805744],[5.536863854733154,51.45042180506101],[5.536844600642109,51.45042010396491],[5.536825517059063,51.45041775546221],[5.536518186200748,51.45036440642794],[5.536207877939171,51.45034178367803],[5.536200114952026,51.45033905205993],[5.536191907941588,51.45033691426144],[5.536183343311257,51.450335397138126],[5.536174550592888,51.45033451850168],[5.536165659288791,51.45033428717507],[5.536156784545429,51.4503347209884],[5.536148055747078,51.4503357928103],[5.536139587981346,51.45033750249372],[5.536131496247167,51.45033982292571],[5.536123909929503,51.45034272697488],[5.5361169151972245,51.450346169587974],[5.536110612575251,51.450350096704426],[5.536105102589147,51.450354454263945],[5.536100442635924,51.45035919724985],[5.536103278890288,51.45037308112573],[5.536107136255619,51.45038687380988],[5.536112000229274,51.45040053936593],[5.536117856338004,51.45041405084645],[5.536124704494395,51.45042738128518],[5.5361325158102,51.45044049476422],[5.536141275870326,51.450453382313256],[5.53615097014274,51.450465999007164],[5.536151201288086,51.4504662953379],[5.536151461234621,51.450466600620494],[5.5363409081983725,51.45063716105954],[5.536354708645939,51.4506472286861],[5.536367733548015,51.45065769280552],[5.536379954073614,51.45066853547761],[5.536391326946569,51.45067972080334],[5.53640185213687,51.450691239794274],[5.536411500725084,51.450703047544415],[5.536420229493575,51.450715126131854],[5.536428038382844,51.45072745757955],[5.5364349128884704,51.45074000595165],[5.536440824120035,51.450752735330596],[5.536445757631445,51.45076562775767],[5.536448132356121,51.45077472125325],[5.536449356519285,51.4507839150979],[5.536449444240963,51.45079312837553],[5.536448366630842,51.450802325168546],[5.536446166610777,51.45081143351241],[5.536442829676173,51.45082041747097],[5.53643839874962,51.450829205079856],[5.536432873682919,51.45083775139575],[5.5364263118434955,51.450846002412824],[5.536418741855683,51.450853913151114],[5.536410206730734,51.45086143861184],[5.536400763806538,51.45086851580068],[5.536390470539054,51.45087511767781],[5.536379384325665,51.45088119922618],[5.536367576979017,51.45088672439894],[5.536355105926544,51.45089165716774],[5.536342071782632,51.45089597043743],[5.536328532004259,51.45089963716835],[5.5363145872354425,51.45090263925414],[5.536300309319435,51.45090494963679],[5.536212385028151,51.45092818097917],[5.536071335129841,51.450965448540735],[5.535895212887289,51.45101198307199],[5.535724952160161,51.45108704890202],[5.535538011431246,51.45121779358051],[5.535465869233879,51.45130775414992],[5.535427870941876,51.45135515482211],[5.5354067081538565,51.451377114103025],[5.53538472433368,51.45139876880929],[5.53536193377946,51.45142009195639],[5.535338365233655,51.45144107451847],[5.53531401866682,51.45146170750646],[5.5352889084351435,51.45148198191299],[5.535263034509476,51.451501888749],[5.535236439989372,51.45152140998166],[5.535215593806034,51.451534595880936],[5.535193940312361,51.45154727044742],[5.535171522579962,51.45155940666015],[5.535148369352069,51.451570995493306],[5.535124509314737,51.45158200994409],[5.535110408779552,51.4515858660072],[5.535095917826969,51.45158911133445],[5.535081093915335,51.451591718886675],[5.535066023392368,51.451593697542904],[5.535050778073894,51.45159501125721],[5.535035415564096,51.45159567793386],[5.535020022094136,51.45159567049723],[5.5350046696837385,51.45159501582211],[5.534989415820987,51.4515936958582],[5.534967355488247,51.451587413788424],[5.53494568198958,51.451580636846955],[5.534924409741017,51.45157337400443],[5.534903567544854,51.451565634213345],[5.534883198589886,51.45155742640772],[5.534863317291536,51.45154875955823],[5.534849373475746,51.45154326717178],[5.5348349134740085,51.451538305769425],[5.534820009334101,51.451533911214376],[5.5348047042144755,51.451530083451644],[5.534789041331927,51.451526840403815],[5.534773107033009,51.451524190950025],[5.534756944534334,51.451522153012775],[5.534740625795627,51.45152073548951],[5.534724179559876,51.45151992935514],[5.534707692202795,51.45151975247752],[5.5346912212396555,51.45152019579521],[5.534669859481792,51.45152081608542],[5.534648586193414,51.451522101421425],[5.53462743014666,51.451524051767],[5.53460646321371,51.45152664905392],[5.5345857285526945,51.451529893227686],[5.534565269322091,51.451533784233845],[5.53454515736479,51.45153829501562],[5.534525421482594,51.45154343452553],[5.534513218363028,51.45154681171776],[5.534501506381552,51.45155080850615],[5.534490357353321,51.45155538884547],[5.534479843093644,51.4515605166904],[5.534470035475575,51.451566173973006],[5.534461006256806,51.45157230667057],[5.534445882972656,51.45158467621861],[5.534431552148772,51.451597422287584],[5.534418042412849,51.451610499898194],[5.5344053825382655,51.45162390901448],[5.534393586824669,51.451637622652534],[5.534382655214317,51.45165162283542],[5.534372630750796,51.451665873554354],[5.5343635277923715,51.45168036580264],[5.534355346252533,51.45169507261469],[5.534348114817521,51.45170996698843],[5.534341819073278,51.45172503995356],[5.534336502034349,51.451740246512486],[5.5342366518570065,51.45201856296975],[5.5342343658575475,51.45204130719462],[5.534233000677899,51.45206407722353],[5.534232585063535,51.45208686403154],[5.534233090155913,51.45210964068905],[5.534234530371908,51.45213241616645],[5.53423690559701,51.4521551545093],[5.534240201416838,51.45217784674702],[5.534244432161414,51.45220047488399],[5.534249597832118,51.45222303892024],[5.534255669541186,51.452245502937394],[5.534300520169523,51.45240382672343],[5.534303083469857,51.45241796266826],[5.5343045104044295,51.45243215397958],[5.534304800913826,51.45244638268032],[5.534303926049578,51.45246059487493],[5.534301928883752,51.452474763542966],[5.534298780525874,51.45248885276628],[5.534294509631925,51.452502826553776],[5.534291310420322,51.452514533842994],[5.534287017416914,51.45252611667138],[5.534281644804146,51.452537512100356],[5.53427522126762,51.45254869312731],[5.53426776104816,51.45255961479101],[5.534259278473968,51.45257025909565],[5.534249830887923,51.45258056304792],[5.534239418231356,51.45259050867041],[5.534228097905927,51.452600050947],[5.534215913012941,51.4526091718458],[5.534202892180608,51.45261782638702],[5.534189064095359,51.45262598756814],[5.534174515019022,51.45263363730273],[5.5338251058204575,51.452853086487934],[5.533710971879633,51.452914640655564],[5.533649301808609,51.452947904356094],[5.533508978505032,51.45300795417533],[5.533394722255368,51.45307199804769],[5.533353691661159,51.45310362672173],[5.533293918127992,51.4531497236771],[5.53316527231811,51.45354548530277],[5.533158565400878,51.45367493056516],[5.533157637713364,51.45368175412837],[5.533157598939111,51.45371456282553],[5.533094531624659,51.45395445055432],[5.533088628453146,51.45398901039539],[5.53307238332696,51.45401084623706],[5.533055259736901,51.45403242250451],[5.53303728639887,51.45405372118416],[5.533018463283132,51.454074733286944],[5.5329988191058685,51.45409544079924],[5.53297833947871,51.45411584373853],[5.532957053089552,51.454135915102576],[5.5329349743244975,51.45415565487283],[5.532912117483937,51.45417503606505],[5.532888482567741,51.45419405867882],[5.5328640982920945,51.45421270470032],[5.532837830627073,51.45423177553812],[5.532810770237773,51.454250406915754],[5.5327829458979005,51.45426859879673],[5.5327543719091175,51.45428632419655],[5.532745367157387,51.4543003577702],[5.532737355863455,51.454314623807875],[5.532730366745067,51.454329104296335],[5.532724399659616,51.45434375429276],[5.53271946896629,51.45435856479066],[5.5327155888812705,51.45437348184035],[5.5327127737926585,51.45438850542392],[5.532711009142158,51.45440358162777],[5.532710309260384,51.45441869245664],[5.532710688478419,51.45443381991526],[5.53271211785056,51.45444891010778],[5.532714611707816,51.454463945038945],[5.532718169993605,51.454478906731374],[5.532722778178245,51.45449375025982],[5.5327284217894634,51.45450844867622],[5.532735100770525,51.45452298400305],[5.5327428006204675,51.45453732030367],[5.532746519111402,51.454539374064645],[5.532755341694466,51.45454486411053],[5.532763417548533,51.45455079553337],[5.532770674564915,51.45455711449151],[5.5327770838825865,51.45456379405499],[5.532782602138461,51.454570771357616],[5.532787171668264,51.45457801051671],[5.532790792299241,51.45458545760062],[5.532793406338309,51.45459306773821],[5.532794986188026,51.45460120949945],[5.53279544400172,51.45460940659471],[5.532794779606554,51.454617605092146],[5.532792978356203,51.45462572411193],[5.532790068909468,51.45463372766361],[5.5327860653948395,51.45464153483147],[5.532780996471713,51.454649109624874],[5.532774905042739,51.45465637109194],[5.5327678485707645,51.45466329219481],[5.532759855571856,51.454669791999656],[5.53275099792469,51.45467585243914],[5.532741332948919,51.454681401532135],[5.532730932523612,51.45468642121132],[5.5327198971881355,51.45469085741886],[5.532708284405794,51.454694683116855],[5.5326961804144705,51.454697871231495],[5.532683685839929,51.45470039467093],[5.5326709013651945,51.454702244320686],[5.532657898841265,51.45470339312499],[5.5326573522091556,51.454703420773285],[5.532656805605634,51.454703457410325],[5.5324591584785034,51.45474617543094],[5.532257825131557,51.45475190033932],[5.532214882645514,51.45475312231652],[5.5319452965703455,51.45478185271497],[5.531729553842919,51.45481700553799],[5.531584263902031,51.45486511324492],[5.531494841523349,51.45494092659104],[5.531450123276388,51.4550084509137],[5.531427666110132,51.45509079694964],[5.531422512976692,51.45521276159777],[5.531422017342492,51.455224357594965],[5.531420714256173,51.45529903707481],[5.531431646459143,51.45536192625315],[5.531431895685057,51.455363391097855],[5.531457562056111,51.455417578980246],[5.531498240168888,51.45546892582583],[5.531544882940833,51.455509200216476],[5.531585019419686,51.455540305219074],[5.532219619979238,51.45559693588842],[5.53232469032614,51.45561323636619],[5.535155422612096,51.45580826953918],[5.537659643390255,51.45603708316037],[5.540286770790351,51.45643983716306],[5.542830173917599,51.45673590341757],[5.5434377631214575,51.45684295359442],[5.544458358466122,51.45702219834256],[5.546631208225699,51.45747766836122],[5.549319503491688,51.45802872897839],[5.552130307638091,51.45868095833016],[5.553118957321244,51.45891569922326],[5.555060960471365,51.45937676728084],[5.557571509468975,51.460015814731996],[5.558742395644081,51.46030819598579],[5.559121158452279,51.460406513344665],[5.559255688171487,51.45983272425338]]]]},"properties":{"buurtcode":"BU08200003","buurtnaam":"Eeneind","gemeentenaam":"Nuenen, Gerwen en Nederwetten","aantalInwoners":730,"crime_violent":3,"crime_property":0,"crime_disorder":0,"crime_count":3}},{"type":"Feature","geometry":{"type":"MultiPolygon","coordinates":[[[[5.528421145318325,51.47831524789875],[5.530214718414916,51.47826474713279],[5.532089834603896,51.47811215284524],[5.5329136241474,51.47780382626877],[5.533491885091134,51.47766377690224],[5.533063320457119,51.476439047470215],[5.533150401846664,51.47624118797807],[5.533137813717593,51.47589261186103],[5.5331517103698165,51.47524625413475],[5.533069253400285,51.47471068897052],[5.532947989108629,51.47413556642677],[5.532888295191866,51.47347300877737],[5.532743291369632,51.47271561401079],[5.532597868789716,51.47224838518715],[5.532522026124001,51.47187882112097],[5.532657838548066,51.47159101458148],[5.533010676875742,51.47123748834763],[5.533450211296118,51.47099143487091],[5.533741552395829,51.47067843162797],[5.533997356471327,51.47015564379207],[5.534212774796077,51.469523638345116],[5.5348434961470545,51.46874335509109],[5.535016626811232,51.46845999277716],[5.534067429237002,51.46824546570469],[5.532908350518466,51.46807360829506],[5.5313407275112425,51.46791179401359],[5.53141314728844,51.467631370513544],[5.5319333740589585,51.46738353831639],[5.531642616803375,51.466885028228724],[5.5319337758109794,51.46658972560699],[5.532238300977451,51.46639721435507],[5.533122304304835,51.46607055408414],[5.532877518449399,51.46560541560298],[5.5325179516620455,51.46475278361887],[5.532069338355224,51.463964868143414],[5.533019547341334,51.46368334821464],[5.534073667987392,51.46348595926433],[5.5343405477068455,51.462785630272776],[5.534614294450271,51.46198697840471],[5.5352172478196735,51.461967395495115],[5.536088025415628,51.462029206962995],[5.5370368460012465,51.46223388625949],[5.537338170560734,51.46197282712621],[5.537883797862952,51.461615947006194],[5.5391783512600945,51.460992363516176],[5.540046211651431,51.46152886326078],[5.54091583617172,51.46204906227689],[5.5415583581821055,51.46189624796816],[5.5424088847150355,51.46188528661633],[5.542596332857085,51.46074516133004],[5.542727597542414,51.45954865101064],[5.542794764977613,51.45861093074661],[5.543257049747485,51.45744459444228],[5.5434377631214575,51.45684295359442],[5.542830173917599,51.45673590341757],[5.540286770790351,51.45643983716306],[5.537659643390255,51.45603708316037],[5.535155422612096,51.45580826953918],[5.53232469032614,51.45561323636619],[5.532219619979238,51.45559693588842],[5.531585019419686,51.455540305219074],[5.531618786720139,51.455566474333594],[5.531691524198,51.455618869002606],[5.531776879912247,51.45568035349316],[5.531801702122516,51.455704106712105],[5.531803203001363,51.45570554303671],[5.531876275644829,51.45577726281375],[5.531926343403825,51.455840202223435],[5.531941356026405,51.455860273252675],[5.531985088890681,51.455921809284625],[5.532028387606306,51.45600062206195],[5.532064971663732,51.45608531277184],[5.532079850968186,51.45616295637514],[5.532087569377768,51.45623739992529],[5.532033237080892,51.456367488567054],[5.532027453587259,51.45638573376486],[5.532020321087188,51.4564050682678],[5.532012180915983,51.4564242422265],[5.532003076207702,51.45644324659848],[5.531992978128339,51.456462063442075],[5.5319819297545205,51.45648066573736],[5.5319699309996615,51.456499026518244],[5.531956981862959,51.4565171457844],[5.531943111033572,51.456534996533954],[5.531928332812781,51.45655255178273],[5.531912661587764,51.45656981151248],[5.5318960972436235,51.45658673976838],[5.531878682915199,51.456603327507864],[5.531870232659506,51.45661096937918],[5.531851575161852,51.45662120366899],[5.531833552122975,51.45663187761311],[5.531816206649634,51.45664297318101],[5.531799567489149,51.45665448134861],[5.531783634584553,51.45666638413891],[5.531768465430963,51.45667866350364],[5.531766350632488,51.45668780760349],[5.5317653583503255,51.456697031208776],[5.5317655171897835,51.45670628035194],[5.531766812535724,51.45671548314179],[5.531769244274326,51.456724603623705],[5.531772797818923,51.456733578895154],[5.5317774442228025,51.45674235505976],[5.531783168927817,51.45675087820368],[5.531789914239887,51.45675910345479],[5.531797665600002,51.45676697689896],[5.531806365285567,51.45677444467574],[5.531815970047195,51.45678147987258],[5.531826407802736,51.456788037635334],[5.531837620828686,51.45679406410337],[5.531849551487664,51.45679953238206],[5.531862127725403,51.45680440660592],[5.531875248768516,51.45680866892256],[5.531888871309891,51.45681227444225],[5.53190289463324,51.45681522328979],[5.531917246683721,51.45681747959996],[5.532384388650441,51.45697713951632],[5.532398992247787,51.45698155273439],[5.532413165868194,51.45698648782923],[5.532426837543138,51.456991935901996],[5.532439978439493,51.456997879011574],[5.532452530948273,51.45700429925243],[5.532464466207006,51.45701116969496],[5.532475726578135,51.45701846344499],[5.5324862831990105,51.4570261535728],[5.532496092848485,51.457034222155116],[5.532505126663848,51.45704264226215],[5.532516080914849,51.45704868696508],[5.532526360391638,51.45705519093067],[5.532535878651428,51.45706211831207],[5.532544635608227,51.45706944214377],[5.532552559177782,51.45707711757237],[5.532559620497985,51.457085117668036],[5.5325657906487615,51.45709339752379],[5.532571040738957,51.457101921221046],[5.532575341877239,51.45711065284125],[5.532578665143533,51.457119547477404],[5.532581024810797,51.45712856915692],[5.532582377541966,51.457137664002],[5.532582723221497,51.457146796058176],[5.532579224525587,51.45715506999835],[5.532574703670744,51.45716315645149],[5.532569218037093,51.457171001414004],[5.532562796285667,51.457178568895344],[5.532555452603403,51.457185795956754],[5.532547258844698,51.45719265554271],[5.5325382436420645,51.457199102673755],[5.53252846443323,51.45720510132357],[5.532517978655754,51.45721061546553],[5.532506843748067,51.45721560907322],[5.532495131564325,51.45722005509084],[5.5324829139882565,51.457223935451196],[5.532470248458254,51.457227214128004],[5.532457235634094,51.457229873018136],[5.532443918680642,51.45723191206777],[5.531788910837221,51.457277139650934],[5.531753777073883,51.45727330013478],[5.531718814206258,51.45726890309869],[5.53168403665246,51.45726395751358],[5.531649458829978,51.45725847235044],[5.531615123904819,51.45725244755589],[5.531581046237242,51.45724587412372],[5.531547225913916,51.45723877901999],[5.531513720431811,51.45723114419655],[5.531490185245123,51.45722328129025],[5.53146720926774,51.457214806457394],[5.531444835721413,51.45720573762223],[5.531423093383266,51.45719607474935],[5.5314020255029135,51.457185844751805],[5.53138166091412,51.457175065571384],[5.531362057254706,51.45716376410324],[5.531356327004918,51.45715802743312],[5.53134967719807,51.457152696390324],[5.53134216555738,51.45714782483524],[5.531333892970168,51.45714346657507],[5.531324931518786,51.4571396664637],[5.531315382090524,51.45713647830837],[5.531305359846736,51.457133919943644],[5.531294965645805,51.45713203618827],[5.531284314592174,51.45713082689963],[5.531273521903507,51.457130327889935],[5.531262702627367,51.4571305210396],[5.531251971924961,51.457131424183586],[5.53124145923167,51.45713301918452],[5.531219648975678,51.45713825957012],[5.531198243570193,51.457144128658086],[5.531177329371215,51.457150635330684],[5.531156920681008,51.45715775260445],[5.5311370749945,51.45716546243133],[5.531117835447267,51.45717375576971],[5.5310992595345105,51.45718261457148],[5.531081361530571,51.45719200286462],[5.5310642846918325,51.457201722722004],[5.531047914339232,51.457211909115514],[5.53103229360871,51.45722255300353],[5.53101746555129,51.45723361837844],[5.531003458914916,51.45724509621662],[5.530990287974734,51.45725695054598],[5.530977981478658,51.45726917234262],[5.530966582478246,51.45728172559899],[5.530956090888702,51.45729458334958],[5.530943263043406,51.45731030237763],[5.530931443323935,51.45732632577546],[5.530920660422753,51.45734262654211],[5.5309109286719975,51.45735918668268],[5.530902247987436,51.45737597923168],[5.530894661421478,51.45739296818147],[5.530888154530396,51.457410135572815],[5.530882756006509,51.45742745440451],[5.5308784657379215,51.45744488872214],[5.530875283668638,51.457462420548595],[5.530873224075258,51.45748001391157],[5.53087380855494,51.45766535952793],[5.530828167765735,51.45789323358228],[5.530789298427677,51.45795058424224],[5.530756601744688,51.45799883974163],[5.5306036879927545,51.45817915193505],[5.53059800481549,51.458188381301845],[5.530591328014196,51.45819735121964],[5.530583657418188,51.45820600775656],[5.53057506485644,51.45821431486923],[5.530565564575313,51.458222227596664],[5.530555199626903,51.458229709931],[5.53054404184026,51.458236725829],[5.530532134267547,51.45824323928271],[5.530519534406033,51.45824923224396],[5.530506299668462,51.458254659698504],[5.530493019387511,51.458259332159564],[5.530479262504046,51.45826343891895],[5.530465100932532,51.45826697089954],[5.5304505921423885,51.45826990106459],[5.530435808048117,51.45827222033675],[5.530420806175778,51.45827391965669],[5.5304056584401255,51.458274989947164],[5.530390436783974,51.458275431119766],[5.530357354779122,51.45827911217643],[5.530324476240147,51.458283440157814],[5.530291829886593,51.45828839705156],[5.530259430133683,51.4582939918288],[5.5302273488939475,51.458300215412855],[5.530195571721971,51.45830704984438],[5.530164156198049,51.45831450404158],[5.530133131041777,51.45832255999221],[5.530102510640794,51.45833121767891],[5.5300723524915965,51.45834045905425],[5.530042656593036,51.458350284118524],[5.530013466081787,51.45836068383049],[5.529997557669888,51.4583669684274],[5.529982154371684,51.458373737791284],[5.529967299296227,51.458380973892105],[5.5299530355239614,51.45838864971142],[5.529939391803759,51.458396756225454],[5.529926396856403,51.45840527542195],[5.529914093762699,51.45841418028242],[5.5299043893519935,51.458421284225736],[5.529876794237543,51.45844953344312],[5.529855921287163,51.45849703713906],[5.529840383265122,51.45852513675671],[5.529840312307439,51.45852545144691],[5.529839025846133,51.45869821520753],[5.529714982520025,51.45870778710113],[5.529699158809261,51.45870900194513],[5.529305200250894,51.45872366715278],[5.529084395846847,51.458747998872894],[5.528985191296925,51.458758932987735],[5.52849748158457,51.458812666383444],[5.527333847918016,51.45909112922819],[5.526811185106668,51.459216195700215],[5.52647224573964,51.45929731052586],[5.52633480568369,51.45932625642168],[5.52593298405026,51.45940695935624],[5.525650776072817,51.45942618019078],[5.525649927296417,51.459426235131254],[5.52564795643763,51.459426372302836],[5.525045589661995,51.45946738262593],[5.525023382439157,51.45947042908595],[5.525001407174512,51.45947405054197],[5.524979692618104,51.45947823797161],[5.524958569440456,51.45948290109733],[5.524937764470341,51.45948811215171],[5.5249173207927,51.459493844118],[5.524340701517642,51.45970458929631],[5.523894981674576,51.4599227286123],[5.523328435234564,51.460108135886536],[5.523256215011473,51.46013176154854],[5.523096220472132,51.46018409149755],[5.523001660908966,51.460214960950715],[5.522983010740378,51.46021916241402],[5.522964722089669,51.460223965693615],[5.522946881237296,51.460229352712],[5.522929488155685,51.46023531448069],[5.522912629125723,51.4602418329219],[5.522896332871059,51.46024889002524],[5.522880642505663,51.46025646776331],[5.522865615504933,51.46026453910358],[5.522851266231355,51.460273095040854],[5.5228376521338784,51.46028209955381],[5.522824816326555,51.46029153461522],[5.52281277314512,51.460301382231386],[5.522801565623074,51.460311597409],[5.522596593220295,51.46051047626382],[5.522381790700986,51.46071890313195],[5.522348451563975,51.46074343591541],[5.522047177203539,51.46096510384954],[5.522033922208453,51.460978880833245],[5.522021632300493,51.46099299826803],[5.522010336205575,51.46100743814363],[5.522000048207497,51.46102216448927],[5.5219907826429475,51.4610371593111],[5.521982568185141,51.46105238662177],[5.521972512214533,51.46105799819077],[5.521962110099938,51.461063340499344],[5.521949910351733,51.46106903544369],[5.5219372922463466,51.46107437132391],[5.521921294528913,51.46108034930535],[5.521904748205057,51.46108571668964],[5.521887710779461,51.4610904554327],[5.521870254145947,51.46109454747392],[5.521852450252206,51.46109799273001],[5.52183434216093,51.46110075519637],[5.521815987456417,51.46110284379492],[5.5217974868119155,51.461104240432064],[5.521778869007229,51.46110494507441],[5.521760234741796,51.46110494861702],[5.521741612821738,51.46110426001523],[5.521723103973836,51.461102879152776],[5.52170476575565,51.461100805963355],[5.521686641389789,51.46109805837429],[5.521668817212541,51.461094636286234],[5.521651365224735,51.46109055759346],[5.521634314232198,51.46108583125169],[5.521617765014029,51.46108047512208],[5.521601746428924,51.46107451613753],[5.5215863304503054,51.461067963204066],[5.521565684439514,51.46105914216736],[5.521544464506418,51.46105087908593],[5.521522685066465,51.461043182931384],[5.521500418145418,51.461036080586524],[5.521477678131827,51.46102957203441],[5.521454508246152,51.461023675202334],[5.521430966097692,51.46101840800104],[5.521407094827076,51.46101376139186],[5.521382908902352,51.46100976232387],[5.5213584802424895,51.46100640172564],[5.521333852094109,51.46100370651305],[5.521309053181683,51.46100165867568],[5.521284141114479,51.46100027612435],[5.521259159059249,51.46099955880936],[5.521234150183102,51.460999506681084],[5.52120915765262,51.461000119689764],[5.521184224634758,51.46100139778581],[5.521169186103213,51.461000839802296],[5.521154135217642,51.46100097395816],[5.521139129534326,51.461001800187276],[5.5211242697518825,51.461003309385305],[5.521109613426952,51.46100550148609],[5.521095261257312,51.46100836738535],[5.521081299473006,51.461011871029434],[5.521067771267645,51.4610160213576],[5.521054777234428,51.461020773311034],[5.521042374877157,51.46102610884664],[5.521030636089709,51.461032009904564],[5.521019618270622,51.46103842248724],[5.5210093933136974,51.46104532853488],[5.521000018670785,51.461052692027174],[5.52099152296238,51.46106045899937],[5.52098396364035,51.46106859343111],[5.520977383767514,51.46107705931837],[5.520971826354165,51.46108580268014],[5.520967305658,51.46109477855671],[5.520963864689431,51.46110393296695],[5.5209615033432415,51.461113229956375],[5.520960250214181,51.461122606571514],[5.520960090755469,51.461132008897266],[5.520961053640746,51.461141400946055],[5.520963109907347,51.46115071983022],[5.520966273813222,51.46115992059029],[5.520970502032465,51.46116894934377],[5.520975780044667,51.4611777611639],[5.520953451132151,51.46155146353624],[5.520954135848284,51.461559228955906],[5.520953712599462,51.461567004635924],[5.520952195590199,51.46157472763959],[5.520949598997953,51.461582326040926],[5.520945937106676,51.46158976386909],[5.520941238484536,51.46159696918207],[5.520935546114961,51.46160387900961],[5.5209288886699435,51.46161045736392],[5.5209213379119735,51.46161664124172],[5.520912936877714,51.46162238565012],[5.520903771772202,51.46162764554676],[5.520893885632325,51.46163237593877],[5.52088337907907,51.461636540755904],[5.5208723095916845,51.461640112965966],[5.520860792207829,51.46164306547094],[5.520848898795904,51.46164537122218],[5.520836730030821,51.46164701212683],[5.520584156437287,51.46171315247301],[5.520445302462432,51.46174950868573],[5.520392892523257,51.461763249351534],[5.520374470688055,51.461767099578125],[5.5203564104807,51.46177159657234],[5.520338798132541,51.46177670428113],[5.520321662422216,51.46178242267197],[5.520305060855301,51.46178873370201],[5.520289050910355,51.46179561033976],[5.520273675703559,51.461803034558976],[5.520258992740478,51.461810988316806],[5.520245045084522,51.46181943560979],[5.520231875852037,51.46182835841164],[5.520219528133067,51.46183772970737],[5.520208030601962,51.461847513509795],[5.519755706026902,51.46222805167981],[5.519565250093017,51.462329471548706],[5.519551759514251,51.4623318958344],[5.519538036922213,51.46233370915284],[5.519524139849487,51.46233490244984],[5.51951014024638,51.462335475643776],[5.519496110062438,51.46233542865303],[5.519482121194413,51.46233474341852],[5.51946824567033,51.462333446824566],[5.519454555413018,51.46233152980084],[5.519441108034077,51.4623290102595],[5.519428004262667,51.46232588808614],[5.51941527298275,51.46232219920292],[5.519403000533001,51.46231794351185],[5.51939124457742,51.46231315690247],[5.519380077116923,51.462307857270446],[5.519364611561491,51.462304090585256],[5.51934961896633,51.46229966718927],[5.51933512816367,51.46229460502708],[5.5193212543499675,51.462288930934484],[5.5193080407468,51.46228266283994],[5.519295545017794,51.462275836632934],[5.519283839215671,51.46226848818661],[5.5192729810036365,51.462260653390686],[5.519263013654916,51.46225236815089],[5.519253994832789,51.46224366835678],[5.519245967835975,51.46223459890283],[5.519238947184294,51.462225204716056],[5.519233004955784,51.46221553065839],[5.519227563754637,51.46220991890871],[5.519221217071616,51.46220467671996],[5.519214037089537,51.462199884908095],[5.5192060958615015,51.46219557934606],[5.519197494245309,51.462191804862655],[5.519188318709298,51.462188606303194],[5.519178655695712,51.46218601952431],[5.51916862040001,51.46218407136134],[5.51915831360133,51.4621827796775],[5.519147850469395,51.46218216231952],[5.519137346121065,51.462182219157036],[5.519126901309724,51.46218295906468],[5.519116631100655,51.46218436393483],[5.519106650584627,51.462186424648564],[5.519097060437562,51.46218912311473],[5.51908797567228,51.462192423248545],[5.5190794825226615,51.462196288997966],[5.5190716816125915,51.46220068429454],[5.51906464476014,51.46220556411369],[5.519058443732206,51.462210865453834],[5.519053164736658,51.46221654327418],[5.519048850760769,51.46222253460567],[5.519045544765988,51.46222876749038],[5.519043289739646,51.46223517895912],[5.519042114279336,51.462241706058975],[5.5190420181517705,51.462248267892285],[5.519043015590965,51.4622548105109],[5.51904507755748,51.462261244061125],[5.519044026293603,51.46227090806407],[5.519041967540387,51.46228050129769],[5.5190389156085935,51.462289996779624],[5.519034899147196,51.46229934953411],[5.519029932441409,51.46230852359031],[5.5190240153605625,51.46231747400477],[5.519017190995302,51.46232617376275],[5.5190094736050135,51.462334577904564],[5.519000906254499,51.46234265042668],[5.5189915320087035,51.46235035532556],[5.518981365205493,51.462357674607546],[5.5189704776632835,51.46236456324774],[5.518945296158487,51.46238469037309],[5.518433633762638,51.46254814232978],[5.5184083932375,51.46255788749898],[5.5183837443926,51.462568225248354],[5.518359744683055,51.46257911955895],[5.518336408523963,51.46259057940361],[5.5183137789811045,51.46260256877975],[5.518291884834033,51.46261508765518],[5.518270740369012,51.46262810005982],[5.518250403144997,51.46264160592912],[5.518230901838652,51.462655569276805],[5.518212236450104,51.4626699901031],[5.518194450019958,51.462684823416886],[5.518177556964102,51.46270007819083],[5.518161600297826,51.46271570044517],[5.518146594437073,51.462731699152656],[5.518132553643473,51.46274802935437],[5.518119506671423,51.462764682029686],[5.518107453418687,51.46278162122427],[5.518096437029818,51.46279883790146],[5.5180864574023785,51.462816296106965],[5.518079126691666,51.46283917150037],[5.518076517001016,51.46286243709194],[5.518076525884356,51.46286552918218],[5.5180860938654135,51.462910138159565],[5.518112777887916,51.46295194142226],[5.518200336156082,51.46297028775664],[5.518285561687625,51.4629480618239],[5.518786605281348,51.46281807832135],[5.518799477696522,51.462815798641294],[5.518812611101905,51.462814201803404],[5.5188259047951425,51.46281329691006],[5.518839272437548,51.46281308405874],[5.518852627715777,51.462813572335634],[5.518865869901825,51.4628147618545],[5.5188789126305355,51.46281664372437],[5.518891640705327,51.46281919110945],[5.518903996541268,51.46282239508635],[5.518915879357383,51.46282623779164],[5.518927202737034,51.462830692357294],[5.51893788023667,51.46283572292649],[5.518947854167145,51.46284128462138],[5.518957052526979,51.462847359546124],[5.518965403184437,51.46285388486196],[5.518971328579622,51.462862705028826],[5.518976204215117,51.46287176907661],[5.518979972427171,51.46288104111567],[5.518982633032927,51.46289045822598],[5.518984171511591,51.46289997548058],[5.5189845589268645,51.462909538980206],[5.518983809511965,51.462919094776886],[5.518981937473744,51.46292857993385],[5.518978928318127,51.46293795851275],[5.518974825057737,51.46294717653301],[5.518969627510005,51.46295617107389],[5.518963378740554,51.46296490613199],[5.518956107346426,51.462973318754244],[5.518947842003232,51.4629813729532],[5.518938654530632,51.462989023704324],[5.518930568843018,51.46299451592994],[5.518841015902942,51.463062859065026],[5.518728064028837,51.46314599691829],[5.518659253412583,51.46317681579567],[5.518570730558957,51.463198434489016],[5.518467446781686,51.46322621799017],[5.518364168417154,51.46325092727074],[5.51827567181455,51.463281768078794],[5.518206834164857,51.46330336435093],[5.518147851395387,51.46333418086499],[5.518088874077607,51.46336191423161],[5.518044722716541,51.463411149780484],[5.517966377291463,51.4635495822372],[5.517932059652981,51.463595732583954],[5.5179125062479715,51.46364186635959],[5.517794782852599,51.46378341698651],[5.517785232140104,51.463805036434984],[5.517732438312465,51.46390185853966],[5.517708612372478,51.46395361498011],[5.517691440451642,51.464047565734504],[5.51766777423286,51.46415513259217],[5.517618026892305,51.46428587444301],[5.517581147037974,51.46434717344729],[5.517524585581451,51.46437991050751],[5.517426534510582,51.464386824545294],[5.517330601923468,51.46437468017092],[5.517238932528161,51.464328499884964],[5.517142944608754,51.46429185232486],[5.517014247571311,51.46425524112979],[5.516929215499668,51.46424036071686],[5.516866075083497,51.464262210523465],[5.516841619274985,51.46429531601164],[5.516824818451814,51.46431806702913],[5.5168337520936985,51.46439293264671],[5.51682084552923,51.46445420473697],[5.516762212190988,51.46452777922343],[5.516713700307931,51.464577846068224],[5.516674278715524,51.464616235509276],[5.516625710623157,51.46465165086054],[5.516392968901862,51.46480254113235],[5.516325250373252,51.46485454369228],[5.516179985524348,51.46498956146629],[5.516130176566239,51.465039350853395],[5.516067596410032,51.46508681729156],[5.516008086450843,51.46512082427578],[5.515966959246387,51.46514166050513],[5.515935532261493,51.46514245926565],[5.515892540819476,51.46512997655986],[5.515701185436502,51.46508315007311],[5.515626931538587,51.46505320081674],[5.515606134425175,51.46504205981852],[5.515464670834216,51.46496925465452],[5.5153738665788286,51.46492854604851],[5.515270059301849,51.46489506057078],[5.515195584859643,51.46488884134905],[5.515120276486735,51.464893121752176],[5.515054412608589,51.464904052342405],[5.5149994316542035,51.464921415830254],[5.514959399162176,51.46494271791434],[5.51493679644854,51.46497527266049],[5.514938277783357,51.46501087512492],[5.5149489407765016,51.46504149679358],[5.514971967745928,51.46507810034173],[5.514981875109283,51.46511123067241],[5.5149793085360415,51.4651504779828],[5.514972296160945,51.46519518628563],[5.514960235652799,51.4652461022992],[5.514949504093047,51.465283417009736],[5.5149304893253595,51.46532282616876],[5.51491340099083,51.465351294012315],[5.514898330189901,51.46536537778426],[5.514889804409856,51.46537334209258],[5.51483327980104,51.465399830683914],[5.514630496736075,51.46547597085614],[5.5144890971509914,51.465513545201176],[5.51438860322693,51.46555628186373],[5.5143885672926105,51.46555629718374],[5.514314706268816,51.46560006267426],[5.514257123347076,51.465660097823246],[5.514249394508053,51.46568039365845],[5.514236122611137,51.46571524817852],[5.514233689681829,51.465776859113284],[5.514259596652787,51.46585546367268],[5.5142935931672135,51.46592953810665],[5.514339765786471,51.46610202508156],[5.514343449078858,51.46617392136016],[5.514328858794099,51.46624689823817],[5.514288917991682,51.46630675235486],[5.51422465711085,51.46640306401313],[5.514177282801007,51.466465416052884],[5.51411827808603,51.466521794293506],[5.514054440833633,51.466548254514294],[5.513993264816671,51.46656399732105],[5.513862350932203,51.46657514181821],[5.513735623619266,51.466570317761295],[5.51363814370359,51.46656196524586],[5.513521047524983,51.466542802580484],[5.51340646627505,51.466527529163635],[5.51331623113556,51.466526503279326],[5.513221158276598,51.466535046492005],[5.513154985451078,51.46653936068723],[5.513060540901891,51.46655656815839],[5.512865013657282,51.46660010453192],[5.512784422751918,51.46662079342693],[5.512697529154644,51.46665218556024],[5.512613420619752,51.46669682391623],[5.512432432552196,51.46682073849054],[5.5123428774447465,51.466899818060874],[5.512319754882934,51.466917047186946],[5.51229192166532,51.46693780492027],[5.512229907897209,51.466989547284115],[5.511818668117691,51.46728593045793],[5.511580452802367,51.46749692500468],[5.51156593386627,51.467509784397414],[5.511475831035485,51.46758960095146],[5.511267282033562,51.467747205627894],[5.511062327020656,51.46793036985557],[5.510960706455541,51.468009173544026],[5.510857181836292,51.468097102652955],[5.510729269933044,51.468214126848835],[5.510636769923827,51.4682972980605],[5.510533367106678,51.46837753245861],[5.510508564783711,51.46839679443795],[5.5104052725936485,51.46849681264278],[5.510217313087534,51.46862344570415],[5.510213016585021,51.46862590414388],[5.510107457378511,51.46868623954809],[5.510020408440497,51.46873155327591],[5.509863533877095,51.46879427059882],[5.509853673887939,51.46879902698978],[5.509731228532433,51.46885801354976],[5.509656129643542,51.468894667348515],[5.509403640278123,51.46904006330106],[5.509275619749471,51.46911893814027],[5.509151139165204,51.46919780014488],[5.509057163757467,51.46928540304845],[5.509049706899989,51.46929548713234],[5.5090432293894915,51.46930583086268],[5.509037759913793,51.469316398255145],[5.509033298353789,51.46932714436662],[5.509029873421735,51.46933804220126],[5.509027499390339,51.469349046800886],[5.509026176163766,51.46936012221116],[5.509025918038823,51.4693712324625],[5.509026724872154,51.46938232362306],[5.509028582200183,51.469393368741954],[5.509031504295588,51.46940432286088],[5.509035447887103,51.469415150070574],[5.509040441662815,51.469425814386106],[5.509046427935725,51.46943627092447],[5.50905340660988,51.46944648373094],[5.509061348805897,51.46945641688091],[5.509070240059977,51.46946604342335],[5.509080022684194,51.469475318475105],[5.50909066779867,51.46948420611148],[5.509102160963654,51.469492688370096],[5.509114430098742,51.46950072038283],[5.50912744637187,51.46950828420227],[5.509141166534889,51.4695153529074],[5.509228546100183,51.469549589116745],[5.509320145224407,51.46957940740747],[5.509638007880364,51.469664762720335],[5.509862085191135,51.46972065223504],[5.509956415088247,51.46975414351302],[5.510016722889451,51.46978793125013],[5.510108848265404,51.46987372972919],[5.51012958951565,51.46991184672528],[5.510134092511664,51.46995385496181],[5.510122894724453,51.46999627526281],[5.510077807988484,51.47004579638922],[5.510016400023817,51.47008452134629],[5.509806823881843,51.470171428665324],[5.509329315352974,51.470358597573686],[5.509054326430044,51.47047891999818],[5.509039981476546,51.470485883230594],[5.508646255788844,51.47067716839278],[5.508416196295428,51.47080285364427],[5.5083287276086335,51.470865667452216],[5.508275125383979,51.4709072507563],[5.508232835521853,51.47094881329743],[5.508189146842037,51.470994790706015],[5.508144061714798,51.47104608184376],[5.508127051030586,51.47106825653798],[5.508103003884929,51.47112353476561],[5.508095267169668,51.47116935797712],[5.5081040627778135,51.471224233590135],[5.508123438362458,51.47127420839397],[5.50814479520292,51.47132773165748],[5.5081651686693,51.471379476183756],[5.508176911421761,51.47142220505576],[5.508180148720709,51.471465158485294],[5.508179929712778,51.471507333489924],[5.508180469116579,51.47160203741663],[5.50817836635217,51.47182908407623],[5.508164632748835,51.471925546617875],[5.508154684752832,51.472011299738085],[5.508129024889227,51.472120691352444],[5.508098601896556,51.47221963409503],[5.508057485775305,51.47232978778571],[5.508026656584622,51.47240593569731],[5.5079350014736805,51.47262830218645],[5.507897349551316,51.472802208764115],[5.507892013389184,51.47291222645008],[5.507902116538702,51.473085706030155],[5.507948166926154,51.47339220743177],[5.507974190467349,51.47360949918579],[5.50798157937253,51.473736258533954],[5.507976185176619,51.47383521124237],[5.507961739311255,51.473940285616315],[5.5079596621025875,51.4739928534245],[5.507958287619879,51.474049887865775],[5.5079582750852785,51.4740505889939],[5.507967041687747,51.474116080241544],[5.508002283007521,51.474226828899994],[5.508064893851144,51.47438364299065],[5.5080887549703546,51.47446147707875],[5.508508601651157,51.47444221582698],[5.509189671329795,51.474552739459],[5.50999047938948,51.474695716889926],[5.510947440769525,51.47461493029052],[5.51169580360817,51.47457536962284],[5.513518836075235,51.47440796080147],[5.514354841308286,51.47426519804095],[5.5156178894648376,51.47403095115023],[5.516020178908644,51.47377348822231],[5.51629665363486,51.473323749458245],[5.516809022323741,51.47279172641529],[5.518286032952694,51.47291956770711],[5.520047041020211,51.47310717768716],[5.520823337691523,51.473324826959015],[5.521169470692176,51.47356094364381],[5.521674193944856,51.47388479718008],[5.52215945260061,51.474392095445644],[5.523136018549096,51.47516201842094],[5.523789378581213,51.47554158716061],[5.524971363725368,51.47609665055696],[5.525836091906323,51.47645067631255],[5.5249910650831175,51.478369913415015],[5.526281226297275,51.47845096531682],[5.528421145318325,51.47831524789875]]]]},"properties":{"buurtcode":"BU08200008","buurtnaam":"Verspreide huizen Boord, Opwetten","gemeentenaam":"Nuenen, Gerwen en Nederwetten","aantalInwoners":1380,"crime_violent":5,"crime_property":0,"crime_disorder":1,"crime_count":6}},{"type":"Feature","geometry":{"type":"MultiPolygon","coordinates":[[[[5.585833369348399,51.47925518240346],[5.5858999281421715,51.47918162260982],[5.585910815899328,51.47916958620898],[5.592218970002667,51.476515288235454],[5.592562111789677,51.47637088372214],[5.593038376540243,51.47617085511039],[5.5959834972714235,51.47494977586686],[5.596092237047849,51.47490469170429],[5.596106402389779,51.474898823692264],[5.5962228071920395,51.47485857057258],[5.597186128026336,51.47455976432809],[5.598329600512325,51.47420505611336],[5.599127981149552,51.47395739021998],[5.599931067144695,51.47370825416215],[5.600627644597617,51.47349215218735],[5.601283584948531,51.473288650856475],[5.602111324210651,51.47303185012315],[5.603044213769636,51.472742408812145],[5.603119120370948,51.47271916925928],[5.603532710441286,51.47258990070445],[5.603533362350909,51.472589274782216],[5.604892917648492,51.4712818271786],[5.6052013163016765,51.470985233256215],[5.605230840484305,51.470956839457195],[5.604920522276627,51.4708784086928],[5.604281971565831,51.470706683798376],[5.60357885815705,51.470510050738774],[5.60337019738065,51.470449440517164],[5.602935467517297,51.47032314559125],[5.60227988584659,51.4701258145423],[5.601651302371147,51.46992999420488],[5.601115459062369,51.46975693053315],[5.600488216717183,51.46954108369625],[5.5998449699219055,51.46931460210574],[5.5992339338974135,51.46909019775896],[5.598480923853127,51.468805967255584],[5.597876860899085,51.46858647800637],[5.597364174850477,51.46840710823873],[5.596746087728364,51.468199476511266],[5.596109279755337,51.46799745702624],[5.595464424311428,51.46780936291905],[5.595003878355581,51.46767954312141],[5.594875168041593,51.46764326041582],[5.593392334159879,51.4672602506894],[5.592838112093406,51.46712403522286],[5.592164369685605,51.46697731277757],[5.591733050064723,51.466887868774094],[5.591492391656473,51.46683796306074],[5.590771212336411,51.46669495609899],[5.590473600216177,51.46664604657444],[5.590154382578464,51.4666089221006],[5.589731183452977,51.46656397748925],[5.588284142615452,51.466421206973656],[5.587573829221631,51.466326880161276],[5.586938397994142,51.46622659611559],[5.5858394370896045,51.466034318100725],[5.582972737811959,51.46554816028667],[5.582980260715835,51.465530610749134],[5.583195331457738,51.465029067829626],[5.583213482948585,51.46498673660725],[5.583374991216922,51.465013952345366],[5.583498371961181,51.465026220968966],[5.583623276383048,51.465021390433925],[5.583743489412974,51.46499988469089],[5.5838538500045845,51.46496293491922],[5.58499999640534,51.46447028632115],[5.584925179009305,51.464400382444005],[5.584650648163118,51.46414386141711],[5.584956362037174,51.46407867874914],[5.585134407175095,51.46404071407083],[5.587561996519519,51.46352304446625],[5.58764065136683,51.46350627123105],[5.587806946238265,51.46347079455367],[5.587203255064338,51.46289848885481],[5.585796794648844,51.46156575972355],[5.58539304199631,51.461183151526264],[5.58526129611336,51.461058306931974],[5.585104395640577,51.46091628258178],[5.584786021286469,51.46061220523343],[5.584707567897515,51.46050862678506],[5.582505823292062,51.458410180505965],[5.582352117599043,51.458264138151314],[5.581858688366068,51.457795295578094],[5.581800047898357,51.457739573775285],[5.579139693490736,51.45521160343025],[5.5791222433434,51.455194994113995],[5.578999836345948,51.45507867531595],[5.578070097892107,51.45486949415394],[5.5762439292362265,51.454415171006765],[5.575037237743899,51.45415279886541],[5.5735024612685775,51.453917062014206],[5.571757730132056,51.453678828660806],[5.5690010317512355,51.453284007041425],[5.5666419038891926,51.45296856480859],[5.564153113453842,51.45265523857021],[5.561252816367315,51.45229640668236],[5.561022487861653,51.45302483242495],[5.560624636146536,51.45468748809872],[5.5602077224193245,51.45631056369529],[5.560010616463906,51.45745045110387],[5.559983692623826,51.457530341010724],[5.5595810944601105,51.45872495124818],[5.559255688171487,51.45983272425338],[5.559121158452279,51.460406513344665],[5.559064507209118,51.46064648208939],[5.559155983368624,51.461650549957675],[5.55907243405106,51.46238942962445],[5.559008195150031,51.46365861230524],[5.558972372246017,51.46405697555814],[5.560317940887597,51.46372071794149],[5.561457775819486,51.46338980955354],[5.5620442713215965,51.46318135057327],[5.563384658733512,51.464134097465674],[5.565117557124142,51.46528089195148],[5.566196977228188,51.46605423202479],[5.566616182087812,51.46652802046041],[5.567371867799087,51.46696392915096],[5.568171660432644,51.46757476312289],[5.568904963546235,51.46814159414781],[5.569529163504414,51.468750163839],[5.569891983790635,51.46916756902648],[5.570173007016752,51.46959774134754],[5.57028851464224,51.47002536495855],[5.570167976068043,51.4704721786868],[5.570113940029554,51.471016077944356],[5.570188536393906,51.47122410430381],[5.570565936232694,51.47123474721991],[5.5707208520169536,51.47128281667973],[5.571004039570183,51.47118574240628],[5.571880532578332,51.47110402114875],[5.572214886599662,51.47092624619678],[5.572317779874223,51.470845465300314],[5.573452238335202,51.47082764888513],[5.574818576904953,51.47076113174883],[5.575643290232365,51.47061486035276],[5.575465308091088,51.471243231199544],[5.57533857902083,51.47175859889193],[5.57547243258145,51.472966235271315],[5.576120603927956,51.473786526503226],[5.576509476379309,51.47433336237677],[5.578579259740673,51.475892045482944],[5.577166757711419,51.4773277672907],[5.5765420208045935,51.477940854983444],[5.577464603838864,51.47798766743501],[5.579961659823595,51.4782568787266],[5.581836206047407,51.478325674628614],[5.583364376310735,51.47849755011626],[5.584681525026001,51.478863862646705],[5.585783306016466,51.47931163919692],[5.585833369348399,51.47925518240346]]]]},"properties":{"buurtcode":"BU08200009","buurtnaam":"Verspreide huizen ten zuidoosten van Nuenen","gemeentenaam":"Nuenen, Gerwen en Nederwetten","aantalInwoners":70,"crime_violent":2,"crime_property":0,"crime_disorder":1,"crime_count":3}},{"type":"Feature","geometry":{"type":"MultiPolygon","coordinates":[[[[5.5598085608116445,51.49448067704343],[5.560842266235117,51.49402409203834],[5.562709190959416,51.49423084482626],[5.563551696398219,51.493853736765224],[5.564118625553779,51.49378012672183],[5.565510606532419,51.49399204939391],[5.566123793321051,51.49320909726442],[5.566763723289994,51.49339238130741],[5.567671129909126,51.492713179451655],[5.567909466929794,51.49216450231847],[5.568202252288414,51.49122192459413],[5.569146593988614,51.490399959698046],[5.57092206371748,51.48904606852092],[5.572799759627274,51.48763019040084],[5.574712520682805,51.48645411039166],[5.576552521144062,51.486088781246046],[5.580444643741352,51.485331704699725],[5.580475982555671,51.485296612265344],[5.580479146572358,51.48529243628229],[5.580636085554824,51.48511549493606],[5.581544840681009,51.48409093942377],[5.582515347423689,51.482996701040726],[5.5827152655912435,51.4827712809012],[5.582940797943987,51.482516972798486],[5.5833642339116185,51.48203952948674],[5.583773707369208,51.48157782033459],[5.585438405861264,51.47970058678343],[5.585783306016466,51.47931163919692],[5.584681525026001,51.478863862646705],[5.583364376310735,51.47849755011626],[5.581836206047407,51.478325674628614],[5.579961659823595,51.4782568787266],[5.577464603838864,51.47798766743501],[5.5765420208045935,51.477940854983444],[5.576109638087873,51.47791880412443],[5.57415979027537,51.47769105019147],[5.572661463919071,51.47776254320123],[5.571106341481417,51.47797371043017],[5.569486863956935,51.478293385113],[5.567328070730023,51.47880094821857],[5.564911445231038,51.4792451007646],[5.56465413823816,51.48080502565686],[5.563236476023129,51.48088470161562],[5.561808968501387,51.481037689315386],[5.560676461049489,51.48116353551298],[5.559476030111435,51.481174303869466],[5.557371128478539,51.48112149614357],[5.554617389321683,51.48115441528486],[5.550876206575801,51.48125495027538],[5.549943422422613,51.48125990808322],[5.5478087909255205,51.48336171971293],[5.544977723276795,51.48565684922634],[5.5411769347909186,51.48820206850884],[5.543691550784687,51.4896835340742],[5.547287888686344,51.48920056811021],[5.549601795724853,51.49003584101617],[5.548895160274419,51.49092669888392],[5.548986467442959,51.49148667864495],[5.549497706425969,51.49232724960702],[5.550156125394638,51.49279570810743],[5.5513077630682535,51.49314465066584],[5.552836712561974,51.4934256316905],[5.555086285851314,51.493935611359014],[5.557273929001977,51.49441698581857],[5.558911747124786,51.49454941575227],[5.5598085608116445,51.49448067704343]]]]},"properties":{"buurtcode":"BU08200100","buurtnaam":"Gerwen","gemeentenaam":"Nuenen, Gerwen en Nederwetten","aantalInwoners":1875,"crime_violent":8,"crime_property":0,"crime_disorder":0,"crime_count":8}},{"type":"Feature","geometry":{"type":"MultiPolygon","coordinates":[[[[5.548562933897972,51.53616370889195],[5.548568710856851,51.53614672137757],[5.5485786100325205,51.536117584520156],[5.548606752851984,51.53603478726138],[5.549068263242716,51.534676918392776],[5.549410213355966,51.53367076825919],[5.549470571940582,51.5334931857823],[5.549500451467992,51.533405253362496],[5.5497673229353754,51.532619958350345],[5.549854918442296,51.53236219503861],[5.549917640838013,51.53217760686699],[5.550011224418216,51.53190221735164],[5.550065018027675,51.531743906343756],[5.550072547968389,51.53172174783581],[5.550304061603532,51.531040472375054],[5.550368006859343,51.530852295763644],[5.550371814497759,51.53084109958708],[5.55057494112188,51.53024331372943],[5.550672937494702,51.52995493786383],[5.550873760359694,51.529363896142584],[5.5509030499471175,51.52927771694182],[5.5509149562067455,51.52924250972157],[5.550945071325776,51.52915351590747],[5.551199148146333,51.52840251793193],[5.551200459903417,51.52839863299657],[5.55122651015747,51.528321626670845],[5.55122773645261,51.528318020503036],[5.551275159803947,51.52817779399136],[5.551575150308172,51.52729102907546],[5.551576832699794,51.52728604699939],[5.551869911072458,51.52641971317974],[5.5518768971523125,51.52639906540338],[5.552021421653372,51.52597180207017],[5.552320157053582,51.52508865026541],[5.552326159019173,51.525070907183384],[5.552351435657353,51.524996184792506],[5.552354386701781,51.52498745264519],[5.552580803353766,51.52431808940852],[5.552727068353132,51.52388567222453],[5.552831205641127,51.52357777142208],[5.553042712043621,51.522952436961276],[5.553222310593257,51.522421465288154],[5.553281353784895,51.52224689377899],[5.55348891363817,51.521633186364326],[5.553589918975405,51.5213345116315],[5.55369103720234,51.52103554900552],[5.553737462164393,51.520898280132315],[5.553738345922191,51.52089567216496],[5.553906697349552,51.520402072187686],[5.554117624842141,51.51976443996462],[5.554379721154113,51.51898771836716],[5.554386057733939,51.51896893830498],[5.554574688247143,51.5184225718494],[5.55472434898166,51.5179796304227],[5.5549141535123905,51.517417855148594],[5.555293306694442,51.51629558962247],[5.555496145130395,51.51570146238114],[5.555598067729824,51.51540081591465],[5.555832775274247,51.51470845905859],[5.555845500907778,51.514670931045046],[5.555890474862713,51.51453823855525],[5.556327001778297,51.51328808582813],[5.556955848587371,51.51147509714441],[5.557097907728216,51.51099924718919],[5.557103655477327,51.51097999412837],[5.55712616815572,51.51091376895319],[5.5571558193165185,51.510826562863585],[5.557651265918837,51.509369301815205],[5.558080000711157,51.50899594237146],[5.558506215941833,51.5086247692766],[5.558935927387071,51.50825055129825],[5.559345230621901,51.50789408745177],[5.559764031569788,51.507529356544474],[5.559811250527346,51.507488235532264],[5.561725620613643,51.505820905221896],[5.562772593899022,51.50490896371029],[5.562852279547684,51.50483987383741],[5.562943466677248,51.50476166107989],[5.563336661386094,51.50441987685846],[5.563532274873068,51.50425026212112],[5.56371528349678,51.50409157834849],[5.56410651774075,51.50375233825939],[5.564501951956208,51.50340945005681],[5.564509832476574,51.50340262468087],[5.564713575755938,51.503229570908246],[5.565323992404739,51.5027110828239],[5.565504948540498,51.502557370072985],[5.566112777756752,51.50204106601605],[5.566550579957322,51.50167202972558],[5.566588727445739,51.501663701507916],[5.566689700986686,51.50164166780577],[5.5679737412760115,51.50136141430648],[5.569067622990072,51.50112265626113],[5.569240743834159,51.50108507432741],[5.569331599444385,51.50106535522105],[5.570690092699288,51.50077043885535],[5.571861437060538,51.50051613515596],[5.572140601399263,51.50045552285212],[5.573398786580824,51.500180077485744],[5.573519969611382,51.50015354723442],[5.573571582428195,51.50014224694476],[5.5735814675683555,51.5001400828627],[5.574144674357789,51.50001677413901],[5.5741450916352715,51.50001668358383],[5.574146933380671,51.50001627614277],[5.574196531469796,51.500005419249256],[5.574234244407822,51.499997161135234],[5.574292490097937,51.4999844117067],[5.574364462611247,51.4999686559922],[5.574418852039282,51.49995674863252],[5.5744340609191285,51.499953416397396],[5.57465750326686,51.4999044918426],[5.575212560302663,51.49978297080866],[5.576060032403527,51.49959742428534],[5.576728772117571,51.49945274590943],[5.574601521119544,51.49863834975715],[5.573746571694387,51.498311022946744],[5.573698511558591,51.49829262810663],[5.570154946384563,51.4969358472066],[5.5701973578278885,51.49688603746029],[5.571365938851431,51.4955639535182],[5.571995217915333,51.49485486784974],[5.5727099366539266,51.4940494642396],[5.572765523755236,51.49398683273923],[5.573887109982226,51.49272676567717],[5.573933447373201,51.492670647215306],[5.573960612111135,51.49264089620554],[5.574038035771264,51.49255278222928],[5.575075992747843,51.49138299372317],[5.57510633414931,51.491348787938676],[5.575756048542609,51.4906165119072],[5.575978606024653,51.49036567388745],[5.576405039848716,51.489885033359805],[5.577151818373845,51.489043298794314],[5.577234614911521,51.488948342526776],[5.577265389819115,51.4889152860137],[5.577383632382968,51.48878199814795],[5.577460602159857,51.48869523090078],[5.580395568479141,51.48538665909283],[5.580444643741352,51.485331704699725],[5.576552521144062,51.486088781246046],[5.574712520682805,51.48645411039166],[5.572799759627274,51.48763019040084],[5.57092206371748,51.48904606852092],[5.569146593988614,51.490399959698046],[5.568202252288414,51.49122192459413],[5.567909466929794,51.49216450231847],[5.567671129909126,51.492713179451655],[5.566763723289994,51.49339238130741],[5.566123793321051,51.49320909726442],[5.565510606532419,51.49399204939391],[5.564118625553779,51.49378012672183],[5.563551696398219,51.493853736765224],[5.562709190959416,51.49423084482626],[5.560842266235117,51.49402409203834],[5.5598085608116445,51.49448067704343],[5.558911747124786,51.49454941575227],[5.557273929001977,51.49441698581857],[5.555086285851314,51.493935611359014],[5.552836712561974,51.4934256316905],[5.5513077630682535,51.49314465066584],[5.550156125394638,51.49279570810743],[5.549497706425969,51.49232724960702],[5.548986467442959,51.49148667864495],[5.548895160274419,51.49092669888392],[5.549601795724853,51.49003584101617],[5.547287888686344,51.48920056811021],[5.543691550784687,51.4896835340742],[5.5411769347909186,51.48820206850884],[5.536544677052188,51.49116901083162],[5.535241367480043,51.49200380850309],[5.533920719715964,51.492779344890046],[5.5338535245647,51.49566478577323],[5.5339438434506505,51.49639106815157],[5.53523013688541,51.49871665787976],[5.538222817890676,51.4991647822453],[5.538579320510976,51.49938735086186],[5.535735282007955,51.50304854356411],[5.534772215013628,51.50446997223863],[5.5327931018701095,51.5052117390246],[5.53326214871465,51.50551083929235],[5.533801274787545,51.505851875107545],[5.533905226753537,51.505901442598706],[5.534014596841929,51.50593383486669],[5.534141237958961,51.50596207049612],[5.534323321367795,51.505986685544286],[5.535536064859311,51.50614236969585],[5.53567387413844,51.50629084852791],[5.535848756887808,51.50650018700039],[5.535987790113538,51.506669913054054],[5.536032508814931,51.50670794087823],[5.536093667069695,51.506747403858526],[5.53645378288661,51.506907013317765],[5.53684159367032,51.5070646985199],[5.53729583243738,51.50723368557437],[5.537526090948702,51.507306619491715],[5.537730460709835,51.50735616196712],[5.537951251427619,51.50740567387211],[5.538155612364784,51.507452285317434],[5.538383223845463,51.50751680760141],[5.5386745350108715,51.50759552968292],[5.538855497092964,51.50766560368592],[5.539160560639181,51.50783752789627],[5.539656901769953,51.50815161751405],[5.539694624657748,51.50817680831247],[5.539912935968361,51.5083225701696],[5.539925462731559,51.50833822996236],[5.539945939167187,51.508383442991956],[5.539999864029238,51.50845908370639],[5.5400193042693635,51.50847453668201],[5.540475840357524,51.50874046890549],[5.540533763985764,51.50877560129133],[5.540539883693561,51.50879630308062],[5.540542290250712,51.50881368395299],[5.540424702942563,51.50919730298392],[5.540410803881888,51.50927465053688],[5.540410228607079,51.509283469151306],[5.540396622358517,51.509319486537315],[5.54042014373774,51.50934898333446],[5.540438630953518,51.50937214075866],[5.540508390791252,51.509431356157606],[5.5407631333279905,51.50964754848119],[5.541341327015094,51.51001326180781],[5.541666583434214,51.51022783088832],[5.542271107378051,51.510626618900496],[5.542764803424263,51.51094397970851],[5.543702707717564,51.511512560119],[5.544070956161876,51.51171422907958],[5.545033001022019,51.5121314337124],[5.54618604171642,51.5126563239065],[5.546271560611993,51.512695253998054],[5.545658167503748,51.513563627855405],[5.5446704827166045,51.51517809424192],[5.544362261893794,51.51568397722864],[5.5442781485986705,51.51580276756409],[5.544193839013309,51.51587320819331],[5.544088332328892,51.515917304592534],[5.543982750373384,51.51594381921259],[5.543877137985438,51.5159615428856],[5.543736240587114,51.515961732030014],[5.543693971367369,51.51596178874015],[5.543174159675665,51.51640202949209],[5.542886281005205,51.516683722566874],[5.542703803401748,51.51688615645158],[5.542156555694001,51.517550587923644],[5.541756763221634,51.51807417626448],[5.541532480882349,51.51841292246352],[5.541322137221025,51.51871209080146],[5.541217009052761,51.51887486110206],[5.541168034349182,51.5189760119922],[5.541119044568947,51.519072776424494],[5.541077129719352,51.519178322393415],[5.541028303222526,51.51932343646306],[5.540986477196511,51.51945535494836],[5.540750052671478,51.52037870972113],[5.540699555194972,51.52056726792825],[5.540695400370012,51.52058276980796],[5.5406735166358665,51.52066450532367],[5.54119459296727,51.52057591878895],[5.544309417023815,51.52003392157688],[5.54471716529603,51.51998840161031],[5.545024437877498,51.51996552373675],[5.5456330048872475,51.51994929237628],[5.545622734318027,51.51997062737731],[5.545588232116711,51.520042331661024],[5.545176686454326,51.520897655348065],[5.545104903982523,51.52104683809476],[5.544348032858641,51.521546783406066],[5.544028862542459,51.52175759195947],[5.544404857201788,51.5221497815839],[5.544646779156221,51.52243658842987],[5.5447380689955486,51.52260155951948],[5.544762645011061,51.52274955122579],[5.544746600619578,51.52353695059802],[5.544079618059197,51.52359612265744],[5.543854235364983,51.52362279814909],[5.543720405747,51.52363616409101],[5.543452685806684,51.52364531382139],[5.543241349335814,51.523658782987354],[5.543002928872644,51.523993155315665],[5.542496810895971,51.524345456625305],[5.542236211798318,51.52453396237977],[5.542094412204989,51.524636531312844],[5.541040173662564,51.52539908403345],[5.54019367544591,51.526011352556296],[5.540121828266283,51.52601157258579],[5.539003485172621,51.525665846929634],[5.538866605423179,51.525648326329964],[5.538462684585906,51.525596608779004],[5.538498981274591,51.52567398983531],[5.538497881145544,51.525741702667766],[5.538493710877152,51.52599949320559],[5.538163943845504,51.52600072936856],[5.538041432169282,51.526001184460014],[5.537187741056539,51.52600437048955],[5.537173302490235,51.526004425006136],[5.536918840720092,51.5260053720617],[5.53691483480707,51.52600538619123],[5.536810277649472,51.526005772005696],[5.53673214650204,51.52505154856444],[5.536703667018751,51.52504970643989],[5.536630018177309,51.52504494693517],[5.533236177912064,51.52482553558731],[5.530862303582377,51.52504825535053],[5.530915097481297,51.52508829761755],[5.531477506324068,51.52551486024508],[5.531500892092242,51.525532592864955],[5.532382371727924,51.52620115256346],[5.53271936134139,51.526456729041705],[5.532939477749099,51.526623669855724],[5.533709941152696,51.52720797284686],[5.53377082964774,51.5272541518823],[5.533803144656365,51.52727865924168],[5.533850656585251,51.527314688897604],[5.534187807153501,51.52757037778398],[5.534270148806155,51.52763282592317],[5.53457891281202,51.527865529565915],[5.5350169141736405,51.52819564035077],[5.535161344541647,51.52830397705663],[5.535557692919038,51.528616466973716],[5.535558010747168,51.52861670926268],[5.5364844872393615,51.52932527004894],[5.53652087972767,51.52935301633513],[5.537357184891788,51.530004454926726],[5.5373819843891114,51.52999944330348],[5.537465939802373,51.530037375104236],[5.537920391908645,51.53037883341146],[5.537920521937997,51.530378932118495],[5.538513703763402,51.53083241393755],[5.5392396405561035,51.5313971878704],[5.539731049986897,51.531779498256846],[5.539742855260386,51.53178868718553],[5.539911506267229,51.53192290059507],[5.5405486623470726,51.53241672748345],[5.540648120335864,51.5324938090984],[5.540661356374943,51.53250406570008],[5.540763170093592,51.53258297780017],[5.540737677102667,51.53259631452275],[5.540818533707277,51.53265749260783],[5.540933302502821,51.532744333455646],[5.540933837146651,51.53274474622838],[5.540964599215234,51.532768013222956],[5.541487471070728,51.53316730824929],[5.5415893892927945,51.53324642622897],[5.541854915802989,51.533452525547034],[5.542099154923796,51.53363669328977],[5.542448445014144,51.533900072461115],[5.543331728744103,51.53458017844707],[5.543678007610243,51.534852231998094],[5.543798092934753,51.53493118885854],[5.544280085861376,51.5352982840003],[5.544681318989492,51.53560385111102],[5.5447026055002135,51.535620055853606],[5.545619029523226,51.53632762299154],[5.546019067114144,51.536636476976966],[5.5460635224697645,51.53667078900477],[5.546066528537874,51.53667310398015],[5.54611410156873,51.53670865217591],[5.546151038632508,51.53673625090987],[5.5462204908151325,51.53678813756232],[5.5466096920591355,51.53707895516451],[5.547282005110297,51.53758129949319],[5.547395716212124,51.53769223398076],[5.547436083628423,51.53773161169728],[5.5477923025116525,51.53798836776287],[5.54780355952359,51.537996486985286],[5.547913123958448,51.538075463096376],[5.548562933897972,51.53616370889195]]]]},"properties":{"buurtcode":"BU08200109","buurtnaam":"Verspreide huizen Gerwen","gemeentenaam":"Nuenen, Gerwen en Nederwetten","aantalInwoners":345,"crime_violent":0,"crime_property":0,"crime_disorder":0,"crime_count":0}},{"type":"Feature","geometry":{"type":"MultiPolygon","coordinates":[[[[5.51792788067262,51.4969952287715],[5.519738230773998,51.497117341270695],[5.522687316690653,51.496084751583474],[5.525307368922786,51.49484742392459],[5.528476716595819,51.493392803143706],[5.530115014844056,51.49285682411672],[5.53103047030441,51.49270401494273],[5.5320184904952985,51.49280166708665],[5.533920719715964,51.492779344890046],[5.535241367480043,51.49200380850309],[5.536544677052188,51.49116901083162],[5.53509903433821,51.48981525342118],[5.533387853862358,51.48967190772289],[5.5314851615431975,51.48943607864651],[5.53075309947173,51.48922378319117],[5.5311288101497125,51.48872725875056],[5.528110358404297,51.48857617228018],[5.527999495309839,51.48902770461467],[5.526654308917605,51.48892960406323],[5.524092908760499,51.48889837065863],[5.517477466143667,51.48908207327323],[5.51245514232451,51.48956142293815],[5.512483981987002,51.48964703758554],[5.512492988771997,51.489717813511675],[5.512525391158528,51.48980878874373],[5.512538280405386,51.489888117684565],[5.512539803777364,51.48989752716142],[5.512548812488899,51.49000030266818],[5.512560523852613,51.490080612634856],[5.512554242110731,51.49015754424246],[5.51255785409644,51.49021426771703],[5.512568655055319,51.490262012788484],[5.5125682778881115,51.49026621988152],[5.512568082798578,51.49026857511716],[5.512562357844171,51.49033333549577],[5.512533572961702,51.49040577001062],[5.512520083117741,51.49049000814695],[5.512493102447782,51.49061636361026],[5.5124787124834205,51.490692737641204],[5.512467035498348,51.4907556257826],[5.512467959585496,51.49082975416818],[5.512467954330877,51.49088535794913],[5.512466169204166,51.49093253229093],[5.512475158086743,51.4909914971484],[5.5124904782232695,51.49102800155801],[5.512542659690844,51.49108025039921],[5.512574177714704,51.49112685859602],[5.512622765846311,51.49118134943933],[5.512692065857504,51.49127458600297],[5.5127766503257645,51.49138074072378],[5.512890047716379,51.491523412158365],[5.512965646992215,51.49162395852452],[5.513013349147552,51.49168573995293],[5.513065558028183,51.491731795351356],[5.51312944474848,51.4917778740656],[5.51320773727403,51.49182112372657],[5.513294128117359,51.491871681333855],[5.513344927382671,51.49189213846449],[5.5133625139715265,51.491899220462884],[5.513452499077423,51.491942484269806],[5.5135658942549215,51.49198461702817],[5.513663069943451,51.49202451112356],[5.513741368125415,51.49206945927467],[5.513807955214102,51.492112721239266],[5.513985250576779,51.492225632685674],[5.514052738361763,51.492276740619786],[5.514140938185233,51.49234022130599],[5.514216521905753,51.49239247087549],[5.514303821539682,51.492453129984035],[5.514413625519373,51.49252335535653],[5.514500918078591,51.49257615824776],[5.514583713770478,51.49262222450264],[5.514700702538755,51.492686832837556],[5.514797889743066,51.49274020894579],[5.514866290689628,51.492803117502646],[5.514961684673041,51.492858724622714],[5.515046285644269,51.492916590664],[5.515138080226615,51.49297220158722],[5.515205576602535,51.49303062560289],[5.5152649851803695,51.49309578197271],[5.515337881542807,51.49315925159852],[5.5153999820746815,51.49320868379723],[5.5154620877902305,51.49324969359511],[5.5155214765520935,51.49330249046648],[5.51555477696183,51.49334124880373],[5.515606994412987,51.4934142600049],[5.515613290909194,51.493451331236095],[5.515613297801093,51.493494575607016],[5.515593511380029,51.493545122583605],[5.515530537493095,51.49357936676029],[5.515464848446082,51.49361080044406],[5.5153937561130055,51.49364616807126],[5.51531368775221,51.49368490727383],[5.515241700633569,51.49372476112598],[5.515154435111042,51.49376967433536],[5.515056354618649,51.49382974521055],[5.5149501841680815,51.49389600006885],[5.514876410197462,51.49395101949901],[5.5148044166759105,51.49400940767562],[5.514748652038477,51.49405769279067],[5.514692850168085,51.494113285688776],[5.514634382363409,51.494173366808646],[5.514529112674126,51.49424297306172],[5.514429227213756,51.49430192179768],[5.51437075464562,51.49435020968622],[5.514341969169074,51.4943810991064],[5.5142870841068055,51.494419837097986],[5.514251082283646,51.494455210708175],[5.5142015998910745,51.49450012695905],[5.514141324653594,51.49455795364872],[5.514107144851719,51.49459613867593],[5.51405943493902,51.49464161922101],[5.514004574699233,51.49468429407848],[5.513937086732266,51.49475840694424],[5.513917297903995,51.49478311127754],[5.513881299883832,51.494825226252395],[5.513848903049156,51.494872955206965],[5.5138273256239385,51.49491731064676],[5.513791332772443,51.49495100322701],[5.513748134219144,51.49497233524266],[5.51375983839617,51.49497121693289],[5.513683358221677,51.4950588133916],[5.513579906711524,51.49516212422897],[5.513512422130109,51.4952586994665],[5.5134782304445515,51.495313729040895],[5.513432350819993,51.4953861732789],[5.513389158399232,51.49544625520269],[5.513385954650373,51.49548114090535],[5.515573310026326,51.49753632263237],[5.51792788067262,51.4969952287715]]]]},"properties":{"buurtcode":"BU08200200","buurtnaam":"Nederwetten","gemeentenaam":"Nuenen, Gerwen en Nederwetten","aantalInwoners":740,"crime_violent":2,"crime_property":0,"crime_disorder":0,"crime_count":2}},{"type":"Feature","geometry":{"type":"MultiPolygon","coordinates":[[[[5.5411769347909186,51.48820206850884],[5.540336874717431,51.487191108077],[5.538736238765581,51.48644152316603],[5.537410796125692,51.48569717922349],[5.537514494195919,51.484400994008084],[5.537432971228255,51.48369183849991],[5.537103439793213,51.48335518811347],[5.537085886131515,51.48280605957553],[5.537078847306907,51.48196647245314],[5.536896604292232,51.4812692426194],[5.536404112299239,51.480343201012715],[5.535775277497077,51.47953755173033],[5.535621129303569,51.478617534280296],[5.535868685945073,51.477765825720454],[5.534395875698811,51.47767977399462],[5.533491885091134,51.47766377690224],[5.5329136241474,51.47780382626877],[5.532089834603896,51.47811215284524],[5.530214718414916,51.47826474713279],[5.528421145318325,51.47831524789875],[5.526281226297275,51.47845096531682],[5.5249910650831175,51.478369913415015],[5.525836091906323,51.47645067631255],[5.524971363725368,51.47609665055696],[5.523789378581213,51.47554158716061],[5.523136018549096,51.47516201842094],[5.52215945260061,51.474392095445644],[5.521674193944856,51.47388479718008],[5.521169470692176,51.47356094364381],[5.520823337691523,51.473324826959015],[5.520047041020211,51.47310717768716],[5.518286032952694,51.47291956770711],[5.516809022323741,51.47279172641529],[5.51629665363486,51.473323749458245],[5.516020178908644,51.47377348822231],[5.5156178894648376,51.47403095115023],[5.514354841308286,51.47426519804095],[5.513518836075235,51.47440796080147],[5.51169580360817,51.47457536962284],[5.510947440769525,51.47461493029052],[5.50999047938948,51.474695716889926],[5.509189671329795,51.474552739459],[5.508508601651157,51.47444221582698],[5.5080887549703546,51.47446147707875],[5.50813979952145,51.474627984806865],[5.508172971566637,51.474837215271094],[5.508208144352846,51.474992179131334],[5.508295032581666,51.4751897314319],[5.508295816440934,51.47529502372836],[5.508324580618063,51.475475504012806],[5.508349076081656,51.47555441692081],[5.50835457567502,51.47557213683148],[5.508399475482273,51.4756497071805],[5.508434740715118,51.47577940375891],[5.508473104310115,51.475921195831184],[5.5084909391675385,51.47598624614383],[5.5085070101899865,51.47605377016982],[5.508521824227091,51.476114113566645],[5.508539247962256,51.47618687656526],[5.5085482510188895,51.476227190296775],[5.508560239200243,51.47627497049109],[5.508560743475066,51.47627514973903],[5.508574538916473,51.47631511690833],[5.508595416918132,51.47636609678914],[5.508617880438605,51.4764178660156],[5.5086659588119,51.476499387954924],[5.508687692646683,51.47653657833011],[5.5087273621219,51.47662780776814],[5.508754189826838,51.47669126665618],[5.508778057324382,51.47675658028919],[5.508810191718812,51.47685050516659],[5.508810872214824,51.476851987584524],[5.508826349635357,51.4768963843743],[5.508828852501037,51.47693882618907],[5.508814180476736,51.47699116445975],[5.508770140193348,51.47704216709381],[5.508750393974183,51.47705944590824],[5.5086428881096525,51.477153516396655],[5.508556281906979,51.47722032041123],[5.50842135948056,51.477305754178886],[5.508244435528587,51.47740287173161],[5.508167938692332,51.47746630319846],[5.508075802810475,51.477576150269925],[5.508028497388888,51.47767198242555],[5.507843456052314,51.477944215748764],[5.507763799726197,51.47812511394531],[5.5077947141088055,51.47819906756649],[5.507814876246003,51.478278677182836],[5.507833665486252,51.478377955390464],[5.507851471833739,51.47845395399956],[5.5078824125167225,51.47851054149044],[5.507884634949932,51.47851266051115],[5.507941162997604,51.47856665073029],[5.5080616665233215,51.478627657648516],[5.50808618786647,51.47863562312734],[5.508119057500078,51.47864329230229],[5.508146765074176,51.47864769495556],[5.50817983748753,51.47865041115488],[5.50821269075528,51.47865191410402],[5.508250951180759,51.47865140695783],[5.508460020859072,51.4786396391826],[5.508697699934699,51.47864658255183],[5.5088452046382494,51.47865184883368],[5.508950554838585,51.47866559033388],[5.509104416310433,51.478700907704415],[5.509135975168259,51.478713557678184],[5.5091558327397445,51.47872150983486],[5.509336858570173,51.47881073039004],[5.509466132994429,51.47888849050528],[5.509527807978758,51.47894455093534],[5.509570585666767,51.47903930935272],[5.5095836961172955,51.479107627328496],[5.509576310099914,51.47917673985155],[5.509559727757622,51.47923595653368],[5.509498730211733,51.479319686945814],[5.509428623960868,51.47937798000202],[5.509276378321151,51.47945229596825],[5.5092346656223254,51.479470119211044],[5.509168393993717,51.47949843992518],[5.50909312805729,51.47953855413349],[5.509034826127884,51.47958111345046],[5.5089670762182,51.47964348461268],[5.508830700259109,51.47979611053347],[5.508800445410826,51.47982997539522],[5.5087439697683065,51.479899013231076],[5.508647771071136,51.47998196193289],[5.5084810250518075,51.48007754114133],[5.508459595835895,51.480090426202246],[5.508270153336384,51.48020446444792],[5.508148081347497,51.48026456349096],[5.50803223912258,51.48035058820893],[5.50790591060545,51.480466951385544],[5.507812657336776,51.4805324943126],[5.507711685576573,51.48063526715502],[5.50768333069411,51.48066412308032],[5.507672060523233,51.480675595262845],[5.507470236819857,51.48086176095586],[5.507069536699183,51.48123451071968],[5.506964519896217,51.481316694068276],[5.506881827340458,51.48142500238494],[5.506833863917356,51.48147013870786],[5.5066699444288885,51.48159854795488],[5.506429828060496,51.481815519233926],[5.506272638409933,51.48194748053887],[5.5061861943030435,51.482053571992274],[5.506063256504748,51.48224813994446],[5.506018899525201,51.48230006946814],[5.506015965928324,51.482303504325934],[5.50572088870498,51.482624043453896],[5.505688936818572,51.48265464634534],[5.505555503059473,51.482789342033534],[5.505492548960133,51.4829004067962],[5.505462092582888,51.48298589280603],[5.505437918506612,51.48309570471009],[5.505407433028477,51.48324767977969],[5.505408397064025,51.48338051307406],[5.505465956892221,51.483492417301896],[5.505524089276407,51.483564177608315],[5.505587822105171,51.48359720010381],[5.505665240452455,51.48362251436932],[5.505786580515078,51.48360831473714],[5.505910761530268,51.48359599970144],[5.50599779302117,51.483597753690916],[5.506076696121761,51.483601664194474],[5.506224755537779,51.48361484324315],[5.5064349479423695,51.48364905491414],[5.50653379344916,51.48370355979268],[5.506596083681953,51.48375705935994],[5.506654615196202,51.483831982699535],[5.506706768961943,51.48390133059802],[5.506784734905304,51.48405791380359],[5.506799707033576,51.484123506595225],[5.506869048149064,51.4842027153071],[5.506950080091156,51.484282091738784],[5.50712403639798,51.48438068015204],[5.507368807499254,51.48452145994211],[5.507477952848975,51.484593481266415],[5.507627106293424,51.4847086156619],[5.507773789100431,51.48483102424006],[5.507860265064522,51.48492099202394],[5.507863456309892,51.48492458417978],[5.5080347026742205,51.48511786047371],[5.508044550967457,51.48512898719935],[5.508111439371264,51.48526986883666],[5.5081333555904095,51.48536345389175],[5.508147066046599,51.48542417776532],[5.508172603363057,51.48553728959127],[5.5081941045264085,51.48569668995285],[5.508223440470376,51.48595449889083],[5.508149420226512,51.48610470414215],[5.5080620701483145,51.48627757456308],[5.508000324374451,51.48646911476993],[5.507942656547517,51.48670551307952],[5.507932186915977,51.486775033154345],[5.507931898275252,51.4867964713831],[5.507935503784979,51.48686387353279],[5.507957091324652,51.48692564813505],[5.508000281461675,51.48703853677279],[5.5080344810715625,51.48711099478057],[5.508074078942589,51.487188507789455],[5.508118159616456,51.48727331491719],[5.508158655319197,51.48734183831565],[5.508208143350555,51.48741879270596],[5.5082477197507815,51.48747720479682],[5.508292711325928,51.4875361865217],[5.508337707493916,51.48759684910176],[5.5083700965248195,51.48763784861827],[5.508413297469653,51.487683915468665],[5.508503265045179,51.487725493247005],[5.508581540568215,51.48775583833281],[5.508666121246994,51.48777494997242],[5.508778587566165,51.48776598788041],[5.508855059902819,51.48776264520627],[5.508913548025989,51.48774804949749],[5.508967538653726,51.487736838190386],[5.509042202585543,51.487708778497186],[5.50909349017804,51.48769362394028],[5.509217652456476,51.48764366994012],[5.509274338580252,51.487612231207805],[5.509364309450197,51.48756901838943],[5.509425491335486,51.487533655820016],[5.509502859191715,51.48749940880499],[5.509573029607691,51.48746573558046],[5.509627910926521,51.48744327823158],[5.5096971967664485,51.48741801923738],[5.509788963406516,51.48740568920352],[5.509893331804872,51.487378757254355],[5.509965325710154,51.48738607910506],[5.510070583603403,51.4873686920064],[5.510189347208416,51.48734625691835],[5.5102901136362545,51.48733448327828],[5.510382791648164,51.48733450221974],[5.510479959534592,51.48733901965216],[5.5105726339529495,51.487353636013914],[5.510655423129368,51.4874075701383],[5.51070671227297,51.48744633777999],[5.510745406493813,51.4874862153652],[5.510762494331115,51.48752777874492],[5.510797580274093,51.487574958921336],[5.510821889776335,51.48761427646018],[5.510871387170626,51.48769291059055],[5.5109208845237525,51.48779793537464],[5.510973061118349,51.48784512432123],[5.511060350415888,51.48792263959491],[5.511105335105177,51.48796702267719],[5.51119082575498,51.48803948814397],[5.511255613323692,51.48811755753591],[5.5113132134839224,51.48819451096391],[5.511366441033432,51.488272997091705],[5.511375302678129,51.48828606613599],[5.5113897168288455,51.48836581605253],[5.51141041530032,51.488442754811565],[5.511415811079089,51.48849947642631],[5.511415824568887,51.488588778640974],[5.511424838037963,51.488667959033315],[5.511434739310648,51.48873479706323],[5.511450936833034,51.48879263973143],[5.511485132375668,51.48883476902658],[5.511518428199864,51.48886903420345],[5.5115499273524495,51.488904415879965],[5.511592213897692,51.48894092759449],[5.5116588058766,51.48896734605696],[5.511789272058568,51.48898983110558],[5.511876552488362,51.489005018483255],[5.51197013474626,51.489018509184234],[5.512035827693401,51.489032002716854],[5.512119484532472,51.48904886568249],[5.512190583116079,51.48906461847425],[5.51225537888594,51.489092144126396],[5.512314753816291,51.4891275316405],[5.5123471587885415,51.48915169429571],[5.512357047425019,51.48918201137946],[5.512335454776091,51.48921514874474],[5.512324667975716,51.48924041842767],[5.51234537090146,51.48929208992106],[5.512377763910869,51.48937464284268],[5.512423664873327,51.48946844402067],[5.51245428001313,51.48955886389763],[5.51245514232451,51.48956142293815],[5.517477466143667,51.48908207327323],[5.524092908760499,51.48889837065863],[5.526654308917605,51.48892960406323],[5.527999495309839,51.48902770461467],[5.528110358404297,51.48857617228018],[5.5311288101497125,51.48872725875056],[5.53075309947173,51.48922378319117],[5.5314851615431975,51.48943607864651],[5.533387853862358,51.48967190772289],[5.53509903433821,51.48981525342118],[5.536544677052188,51.49116901083162],[5.5411769347909186,51.48820206850884]]],[[[5.532212240978329,51.50514140392963],[5.532220159318781,51.50514934004448],[5.532227774218258,51.50515697092237],[5.5323365185285605,51.50516121310568],[5.532634459940513,51.5051728507532],[5.532701314985729,51.50515320806946],[5.5327931018701095,51.5052117390246],[5.534772215013628,51.50446997223863],[5.535735282007955,51.50304854356411],[5.538579320510976,51.49938735086186],[5.538222817890676,51.4991647822453],[5.53523013688541,51.49871665787976],[5.5339438434506505,51.49639106815157],[5.5338535245647,51.49566478577323],[5.533920719715964,51.492779344890046],[5.5320184904952985,51.49280166708665],[5.53103047030441,51.49270401494273],[5.530115014844056,51.49285682411672],[5.528476716595819,51.493392803143706],[5.525307368922786,51.49484742392459],[5.522687316690653,51.496084751583474],[5.519738230773998,51.497117341270695],[5.51792788067262,51.4969952287715],[5.515573310026326,51.49753632263237],[5.513385954650373,51.49548114090535],[5.513384671446972,51.49549510435662],[5.513349583886463,51.49554395966283],[5.513335200396056,51.49559674756145],[5.513324396310362,51.49564728442422],[5.513343305224343,51.495715245085336],[5.513351418177487,51.49578993194436],[5.513346925412917,51.49587305480414],[5.513373946552202,51.495942696545754],[5.513381152756348,51.49601233276466],[5.513381167300086,51.49607466899935],[5.513377577487033,51.496151049397916],[5.513359580844768,51.496204389515256],[5.513324500880351,51.49625099764179],[5.513263313463937,51.496308276548376],[5.513195827031014,51.49633746372851],[5.5131553334309675,51.49634812307715],[5.513063528258404,51.496368320843764],[5.512984342702796,51.49636943101876],[5.512915955135359,51.496380084424466],[5.512800763277275,51.496400280237],[5.512672986283655,51.496426080419205],[5.51251281727372,51.49647098020108],[5.512407513659536,51.496505214246106],[5.512331931713328,51.49653384333622],[5.512259931844107,51.49658211771065],[5.512190654039907,51.49659389522671],[5.512115958009998,51.49657816426822],[5.512060159164699,51.4965899452395],[5.511991772477494,51.4966326066641],[5.511949479190509,51.49666460656156],[5.511848692799869,51.49671850242041],[5.511773111136255,51.496752749050174],[5.511721823832668,51.496781927052886],[5.511656125463126,51.49681786190254],[5.51159584163854,51.496853790937216],[5.5115292336852875,51.49689421201914],[5.511422830034645,51.49692175879624],[5.51134672035677,51.49695273384533],[5.511163089337297,51.49699762080174],[5.510940790629636,51.497020867912894],[5.51068845879396,51.49704672616059],[5.510479480035415,51.49708580526054],[5.510364047942471,51.497130016575895],[5.510285262122958,51.4972048403625],[5.510239083992367,51.49728663183599],[5.510177482471396,51.49741106370954],[5.510093213418444,51.4975780716856],[5.510052992242247,51.497679586874405],[5.510005264322746,51.497838412556526],[5.509945457927664,51.498009520433556],[5.509816350274076,51.498371934567835],[5.509790963670215,51.49858714487788],[5.509782292107082,51.498660658621084],[5.509892596376355,51.49867315364263],[5.510002901070266,51.498685783389206],[5.510098692260803,51.498699497982074],[5.510147633458589,51.49871755848918],[5.510259389950643,51.49878232957734],[5.510432085872736,51.498886909771734],[5.510595621114409,51.49898006585436],[5.510687091723874,51.49900933488948],[5.510771032375996,51.49901278746549],[5.5108907182837745,51.49899013499623],[5.511088716039847,51.498945350064794],[5.511136006866276,51.49893358759592],[5.511336798378759,51.49888366675823],[5.511375527870267,51.49887995814371],[5.511497343172994,51.498883154119795],[5.511594045657133,51.498898017060895],[5.5116801338734716,51.49892846857402],[5.511714016157477,51.49896904307617],[5.5116981723105285,51.49898923051177],[5.511692704472122,51.49899620254906],[5.511668516405457,51.499009010227134],[5.511588392805889,51.49902162591613],[5.5114551159040674,51.49904034757379],[5.511430892658021,51.499050854147555],[5.511420224026399,51.499062424910505],[5.511608482632448,51.49918472140041],[5.51162999932462,51.49919032532765],[5.511670703932545,51.49919782334644],[5.511780700067246,51.49921807411826],[5.511842273935388,51.49923662378373],[5.511876899636235,51.49926455043148],[5.511884215754837,51.49927511325318],[5.511894351252634,51.49928971794902],[5.511932041209607,51.499353164427404],[5.51194772360149,51.49937384849606],[5.511977784492714,51.49939663849347],[5.512013043266974,51.49940329728921],[5.512028416553753,51.49940055726931],[5.512049950678219,51.49939672302338],[5.512097159424846,51.499381220973895],[5.5121133752950655,51.49937590029899],[5.512143189184121,51.49935071812049],[5.512147643329572,51.49934696508174],[5.512169680078161,51.49933738653083],[5.512338246887933,51.49936782103046],[5.512348987004798,51.49936135565399],[5.512367452207757,51.499351798877186],[5.512396527654897,51.49934091836093],[5.512430003862293,51.49934873848038],[5.512478130449935,51.49937370217053],[5.512532896956129,51.49942505835259],[5.512573955561634,51.499461562033254],[5.512676622651657,51.499508003766],[5.512840112561272,51.49954056432601],[5.513539056563713,51.499652184995135],[5.514424304144384,51.499794941722044],[5.514621396281479,51.499832964164476],[5.514821594673042,51.49991029920696],[5.514938202652372,51.49998120875863],[5.515302223412292,51.50026352918054],[5.515689905298294,51.500574415268225],[5.515899670561196,51.50070732369536],[5.516245034108967,51.50092230086425],[5.516396894489182,51.501015542667844],[5.516688219519475,51.50119282608959],[5.516767525354431,51.50124110587526],[5.516996993878869,51.50136719501506],[5.51720910093372,51.501465267483724],[5.517589943081471,51.501637981441014],[5.517863449557836,51.501766149926446],[5.5180428344114905,51.50182783556241],[5.5182815197998325,51.50189153064289],[5.518363430200695,51.50190807650228],[5.518438295338279,51.50193868847427],[5.518474286744536,51.50195365899083],[5.518521294781934,51.50197321028523],[5.51859787843595,51.501995388871144],[5.518667909692356,51.50199287400152],[5.518698325016104,51.50198208928257],[5.518712989229706,51.501973048143626],[5.518732239595153,51.50196117939468],[5.518739471842562,51.50195699151585],[5.5188054390108885,51.50191876926566],[5.518852159548521,51.50189371909917],[5.518898319258678,51.50186898414996],[5.5189859897641185,51.5018355102497],[5.519138230779742,51.501793927382586],[5.519304054922975,51.50176297148178],[5.519418949651267,51.50175579414521],[5.5194606505523325,51.5017579850195],[5.519498923156213,51.501759982018946],[5.519572147841956,51.50177606049006],[5.519584455238869,51.50177876108742],[5.5196887785395345,51.5017912896146],[5.519755226576838,51.50178991073775],[5.5198259909346055,51.50177223050106],[5.519916195900341,51.50172413748815],[5.519940318742986,51.5017090270826],[5.520001847627835,51.501670449665895],[5.52010407567317,51.501656023263585],[5.520183151218905,51.501658530820514],[5.520365728252802,51.501683122113334],[5.5204937921128785,51.5017516130718],[5.520581625271178,51.5017985861601],[5.520778616211209,51.5019101883741],[5.520826124435425,51.501937890871794],[5.520940386759432,51.502004509541244],[5.521013488949561,51.50203737803994],[5.521089993153227,51.502051690024274],[5.521174598757422,51.50205379505974],[5.5212076833870025,51.50205461995017],[5.521625082092905,51.50203168585476],[5.52184143457494,51.50202212399171],[5.521984347877421,51.50201688928301],[5.5221228847327755,51.50202685027299],[5.5222605742289055,51.50204243897171],[5.52229664383183,51.50204450052906],[5.522395503963717,51.50205015665531],[5.522630126060619,51.50204311593284],[5.522848561594878,51.50203665985525],[5.523456952371381,51.50199091738825],[5.523981709644117,51.50194582718307],[5.5241577569320786,51.501919724250854],[5.524383094340574,51.50187163077995],[5.525232244637946,51.50167421778424],[5.52611526798337,51.50144593618979],[5.526121207456015,51.50145725480717],[5.526144958343991,51.50150022818875],[5.52616258149615,51.50159750028726],[5.526144699801176,51.50172664348837],[5.525972721103708,51.50229233294791],[5.526156764703001,51.502290693566636],[5.5269532257977865,51.502283575515925],[5.526955616895411,51.50228367152525],[5.527833178290154,51.5023186159794],[5.52830013909645,51.503053421925095],[5.5283178110727285,51.50308122938502],[5.529029847123036,51.503767978880546],[5.529164277541464,51.50386746341545],[5.529170571761829,51.50387212085916],[5.529497411173561,51.504114011401704],[5.530242153086697,51.50466515582653],[5.530552545739085,51.504894857005574],[5.530866507480115,51.50512719562295],[5.531027365924877,51.50524623170409],[5.531600824850538,51.50555113692522],[5.531607187515175,51.505554517765304],[5.531618138230095,51.5055603378345],[5.531902764567949,51.505275116905565],[5.531962614073668,51.50522193771791],[5.532022404022597,51.5051817561527],[5.532070829483791,51.50516864449397],[5.532121364385797,51.50515759758199],[5.532212240978329,51.50514140392963]]]]},"properties":{"buurtcode":"BU08200209","buurtnaam":"Verspreide huizen Nederwetten","gemeentenaam":"Nuenen, Gerwen en Nederwetten","aantalInwoners":145,"crime_violent":0,"crime_property":0,"crime_disorder":0,"crime_count":0}},{"type":"Feature","geometry":{"type":"MultiPolygon","coordinates":[[[[5.492169373471981,51.520132745957625],[5.499767358779889,51.52040093287211],[5.49972290869353,51.519906600987056],[5.500204008984244,51.51810194884381],[5.500798904711209,51.518068225114526],[5.5015047094559195,51.51800545705343],[5.502182784203429,51.5177494573355],[5.502521878551117,51.517423846199925],[5.502677053960672,51.517275380131466],[5.502724529721301,51.51664697087685],[5.5032746012200615,51.51652226899586],[5.504099455180951,51.51628240288131],[5.50535509423871,51.515501091620045],[5.5054206079854975,51.51524484996796],[5.504149579333826,51.51450625470782],[5.503674540182472,51.51412302782102],[5.503163090198144,51.513494333060585],[5.502440010119942,51.51301865226912],[5.501544663190415,51.51268695429149],[5.500464756628334,51.5123543053323],[5.4997785573017905,51.512119580068386],[5.499339619614662,51.51174697467887],[5.498902042902076,51.51128448006466],[5.498170742054176,51.51091215022473],[5.497173668527015,51.51073950223003],[5.4966802377295165,51.510436319851],[5.496661972255701,51.51004785893751],[5.497342415981524,51.50904329954704],[5.497781644239173,51.50899794046552],[5.498094446242512,51.50851843654901],[5.498873678999122,51.50789579118555],[5.499094230713351,51.50743350793763],[5.499489099954003,51.50693173025668],[5.499929156674856,51.506594231561614],[5.50060699002387,51.506395823119995],[5.502155274774961,51.506351049624044],[5.503646252167031,51.50642681635508],[5.503783973417699,51.5056320263318],[5.501054524303757,51.503390373036204],[5.499902443809457,51.502812568439914],[5.497542873041313,51.50206174615314],[5.494729660871639,51.501288543597624],[5.494456978837005,51.5011989156504],[5.493541428403385,51.502326779321834],[5.492963846019569,51.5021472004333],[5.492567676815353,51.50241771651044],[5.492100240385801,51.50307102004528],[5.492029028629039,51.503476321698024],[5.491995135818163,51.50442190497348],[5.491634395419899,51.5044222288097],[5.491419809082927,51.50523289506769],[5.489358230794652,51.50517247243933],[5.489314847865911,51.505258246798554],[5.482697386239644,51.505033805563265],[5.482516898847664,51.505248556204116],[5.482617603667702,51.505514200403155],[5.482618226891221,51.50581138674789],[5.482844424225724,51.5061395688231],[5.483020106290358,51.50631133218016],[5.4831962460330015,51.50659264301828],[5.483547284721973,51.50677999198756],[5.483898652354284,51.507014247730694],[5.484325228597748,51.50726417076228],[5.484225351589945,51.50749879987785],[5.484200637768764,51.50762381913941],[5.4842763420488705,51.50787403390555],[5.484602606213653,51.508045668414155],[5.484427892420687,51.50843682002813],[5.483159154437597,51.50840766817681],[5.482984526626555,51.50876349130697],[5.482862123532566,51.508763591865055],[5.482726619869172,51.50900133471345],[5.4818423650851456,51.50889172710209],[5.481607611859859,51.50925933434122],[5.481648230206571,51.509267747144946],[5.480223579287627,51.51105145112649],[5.482455378068451,51.51175357132166],[5.482631312523235,51.512034883155124],[5.4823558125431155,51.51214437703296],[5.481128972604943,51.51263019707114],[5.48085349646765,51.51275541749233],[5.480552745826216,51.51274021007482],[5.480327239217002,51.512755838405454],[5.479851431693084,51.512881497753945],[5.4792497991439255,51.51289742434245],[5.479225258510529,51.51311654083485],[5.478774208128096,51.51313234596476],[5.47846222749644,51.513129781861764],[5.4765399328675315,51.52031768445945],[5.478707203036718,51.52052892031435],[5.489645693337347,51.52171895738733],[5.491717147140068,51.52210980902648],[5.492169373471981,51.520132745957625]]]]},"properties":{"buurtcode":"BU08480000","buurtnaam":"Son","gemeentenaam":"Son en Breugel","aantalInwoners":5335,"crime_violent":8,"crime_property":1,"crime_disorder":25,"crime_count":34}},{"type":"Feature","geometry":{"type":"MultiPolygon","coordinates":[[[[5.507053379378735,51.501722303846115],[5.5075113694587845,51.50173980935088],[5.50816038318662,51.50208267196109],[5.5087444762511355,51.50238037411013],[5.509348919193103,51.50220980216127],[5.50959071329293,51.50057642442533],[5.509327202494327,51.500073336724114],[5.508898394258112,51.49960440896013],[5.509631949150948,51.498759831908984],[5.509790963670215,51.49858714487788],[5.509816350274076,51.498371934567835],[5.509945457927664,51.498009520433556],[5.510005264322746,51.497838412556526],[5.510052992242247,51.497679586874405],[5.510093213418444,51.4975780716856],[5.510177482471396,51.49741106370954],[5.510239083992367,51.49728663183599],[5.510285262122958,51.4972048403625],[5.510364047942471,51.497130016575895],[5.510479480035415,51.49708580526054],[5.51068845879396,51.49704672616059],[5.510940790629636,51.497020867912894],[5.511163089337297,51.49699762080174],[5.51134672035677,51.49695273384533],[5.511422830034645,51.49692175879624],[5.5111455945474255,51.49691914157869],[5.510674059554923,51.496914689249195],[5.509568545590404,51.49690424167468],[5.508349954860133,51.496892714710064],[5.506467043431547,51.4968748814593],[5.506272787446147,51.49687303963719],[5.5062173145369036,51.496872512029405],[5.505740020062147,51.49686798273488],[5.504255645387265,51.496853896552786],[5.502977969814267,51.49684175262989],[5.502829106200963,51.49684033637921],[5.501360545627393,51.496826359499664],[5.500091584216072,51.496814274332785],[5.499154797518335,51.49680533539437],[5.497853046416147,51.49679290689762],[5.497209882617062,51.496786657456035],[5.497070178677218,51.496785422973815],[5.4967879034669425,51.49678228205613],[5.496553526210242,51.496779670794396],[5.496535150451839,51.49677946331963],[5.496376270782034,51.49677769768869],[5.496294263961967,51.49677678573497],[5.496292190204995,51.49677676071032],[5.496282671101512,51.496776652768375],[5.496212563874503,51.496775871638974],[5.494729660871639,51.501288543597624],[5.497542873041313,51.50206174615314],[5.499902443809457,51.502812568439914],[5.501054524303757,51.503390373036204],[5.503783973417699,51.5056320263318],[5.503850722559488,51.50524460580081],[5.504219281774036,51.504079364323275],[5.504504439353346,51.50356503980482],[5.504899170568044,51.50304582921722],[5.505723924688574,51.50277814235845],[5.506310500679531,51.502395528090595],[5.506695300973788,51.50196171272234],[5.507053379378735,51.501722303846115]]],[[[5.487700201176614,51.54134275500774],[5.487943248359266,51.541362221306116],[5.488140115270185,51.54067845743605],[5.488229199145738,51.54036907283526],[5.488241171320705,51.54032749907581],[5.488235967811141,51.539719944708274],[5.488190197311524,51.53962057021817],[5.488115837732884,51.539369672304325],[5.48799982683917,51.53897824629589],[5.488256857161681,51.53815094467694],[5.488277908606518,51.538083179177576],[5.488477228959199,51.53744163198951],[5.488577086795838,51.534729515793],[5.488619032131952,51.53447388778681],[5.488709446174196,51.533922213177874],[5.4887094746165745,51.533922042369234],[5.488709517652273,51.53392195244549],[5.488802888158576,51.5333528372332],[5.48881404924888,51.53328481058069],[5.4888447758672125,51.53326544027001],[5.488957377492107,51.53319443076378],[5.4890308630291225,51.53306517308351],[5.489060430519101,51.533017516525604],[5.489274290939069,51.532754663842034],[5.4892824107883245,51.532744472618894],[5.4895039595802855,51.53246661075888],[5.490033446828106,51.53180253258755],[5.490324375466068,51.5314219488193],[5.490731737722595,51.530855555930486],[5.491049363793195,51.53039542422491],[5.4910604094406334,51.53037943260481],[5.491082459421993,51.53033571924002],[5.49108923164104,51.53032267070656],[5.491130963222996,51.53025830190146],[5.491138042977562,51.530247401372755],[5.492012584188744,51.52889866570953],[5.492693846364601,51.527847927650235],[5.492760084060482,51.52774574787138],[5.493447701210699,51.52668514801219],[5.4934786665532265,51.526690441052054],[5.493499867978906,51.52671679435909],[5.493511380665975,51.52672865783944],[5.493768287206357,51.52699346198127],[5.493902395718182,51.52709443441361],[5.494036415677584,51.52715145237462],[5.4941915343320655,51.52719086905893],[5.494252323716199,51.527205968076295],[5.494262041956766,51.52720838608083],[5.494438238494165,51.52722141043747],[5.494642621604468,51.52723440855176],[5.4949314911787335,51.52721656017843],[5.495547884947744,51.52715360779587],[5.4957957813975575,51.527128119071016],[5.495966976314459,51.527110521519994],[5.496451155104584,51.52704830787419],[5.49683318741237,51.52735935129597],[5.49719514032614,51.52765402614037],[5.49827016872096,51.52852923639467],[5.499919136181457,51.5280280028112],[5.4999971535996375,51.52800429625731],[5.499999183939266,51.52800367407771],[5.500002164567622,51.52800272738806],[5.500288764464515,51.527911448885234],[5.5004998691172515,51.527844224724475],[5.500844871809368,51.52772960753934],[5.501896887291169,51.527436725628455],[5.5019856358562755,51.52741201843852],[5.501660713720451,51.52710465703092],[5.501533487177215,51.526950941442614],[5.501575400916743,51.52680585080556],[5.5017145473258005,51.526766622677485],[5.501857063097044,51.52672645625267],[5.502160521066405,51.52690637051612],[5.502259652414158,51.527095276672675],[5.502452412846176,51.52721786200734],[5.502570205767617,51.52729276462892],[5.502766881110949,51.527050820651304],[5.5029286499660675,51.52693198331824],[5.503076425912069,51.526852718629996],[5.503463468589231,51.52665014309735],[5.503660545744479,51.52656203761844],[5.503723795045138,51.52649604282108],[5.503765814329637,51.52639490568909],[5.503765486822572,51.52626743823746],[5.503751179335453,51.52618393916626],[5.5036662946207136,51.52605655620111],[5.503560271149392,51.52592920325866],[5.503440290593154,51.52585460043471],[5.5033414721185325,51.525788767292354],[5.503115774057439,51.52570547850518],[5.502777290099304,51.52560471936875],[5.502650380401182,51.52556968156877],[5.5023895087398795,51.525508403404096],[5.501874847186289,51.52539902468546],[5.501487165804985,51.52534666003637],[5.50113472795406,51.52529865510839],[5.500873970020447,51.525281327857414],[5.500578013663225,51.52527722057906],[5.500380804498659,51.52531257570473],[5.5002751644321535,51.525334655406574],[5.50015539876811,51.52534356237608],[5.5001131207995755,51.52534360332648],[5.4999368205860515,51.52528663319602],[5.499922520420301,51.52520313364759],[5.499893909326917,51.525031739113615],[5.49993594668521,51.52493499877627],[5.5000623529564905,51.5247634542895],[5.500132377639057,51.52458756884662],[5.500202467476982,51.52443805594211],[5.500237315078162,51.5242841817251],[5.500251002137637,51.52412154612156],[5.500257741621958,51.52399846725502],[5.500222116912861,51.523840265949076],[5.500158242519207,51.52365571936167],[5.500094390513331,51.52347996359593],[5.500051819139583,51.52336132792143],[5.50002338718769,51.52325586486997],[5.499995024877147,51.5231899607067],[5.499952533969209,51.52309769755829],[5.499888931090681,51.52302743200325],[5.499853562886226,51.5229659300164],[5.499825091913641,51.52285607151111],[5.499838932867759,51.522754963009],[5.499964863970552,51.522394424140536],[5.500042018819006,51.52225369539082],[5.500111985191623,51.52205583282076],[5.500168165743244,51.52198105590613],[5.500245472552027,51.521901863041144],[5.500280482484036,51.52181392027394],[5.5002802305796274,51.52171282537864],[5.5002306365226605,51.521602987447096],[5.500078906726161,51.52138541180809],[5.500107497341623,51.52137669391457],[5.499793977661882,51.52069472308828],[5.499767358779889,51.52040093287211],[5.492169373471981,51.520132745957625],[5.491717147140068,51.52210980902648],[5.490468835769789,51.527576008780095],[5.48901881962306,51.527389365506174],[5.488146416631985,51.527129454123035],[5.487552998715164,51.52921083399309],[5.4874212667667175,51.529615435568005],[5.486977367201705,51.53029277238309],[5.483954936157834,51.53002566189923],[5.480934922938119,51.52960397926677],[5.478986189000088,51.52944822961117],[5.4732611211887665,51.528931258536744],[5.473002226978069,51.52848201910536],[5.471262082056243,51.52408588218092],[5.470011877713069,51.51966718105356],[5.474744210301847,51.5201418038081],[5.4765399328675315,51.52031768445945],[5.47846222749644,51.513129781861764],[5.477421087517546,51.51319604188163],[5.475140616784629,51.513275874750065],[5.473261133978716,51.513293007912516],[5.472158468737211,51.51332499639074],[5.472783116336456,51.51226135241789],[5.4729835029807825,51.5122923838732],[5.4733338784477,51.51201066860092],[5.473734127915078,51.511682006227495],[5.474059509880178,51.511400307382516],[5.4711262933785205,51.510823814766276],[5.471144263864957,51.51079741837396],[5.470636991367731,51.51067122834628],[5.473567160742499,51.50554895724919],[5.473496814861865,51.50549013561428],[5.473947402192782,51.50527070280901],[5.474498538165551,51.505145292294706],[5.47489896255233,51.5049416235182],[5.475324310884225,51.50459552121448],[5.468939879798856,51.504460854417914],[5.459354078797896,51.50411663307457],[5.452532059540966,51.503827128837806],[5.450510295341238,51.498700227848246],[5.449781817675305,51.4952489987366],[5.449548354060671,51.49521362620943],[5.449541901454238,51.495212649907245],[5.448774043157358,51.49509637750715],[5.447367853354868,51.494864667435834],[5.445969431237193,51.494615498533626],[5.4445792101657196,51.494348780978264],[5.443197768037661,51.49406487432867],[5.442569049096646,51.49392684934108],[5.442452230010947,51.49415642092343],[5.442403617278006,51.49425193935668],[5.442337808792306,51.4943812722106],[5.442303719240453,51.494448262749046],[5.441747476662738,51.49510433645397],[5.441405027653509,51.49548998355997],[5.440703284211111,51.49605892121683],[5.440706794186904,51.49606797116192],[5.440739149662943,51.49615146073127],[5.440744913007677,51.4961663432647],[5.440749981707005,51.496178322786996],[5.441572852027732,51.49812441270715],[5.441833187156575,51.498740084307016],[5.442180620960253,51.49956167993975],[5.442196132778553,51.49959837322277],[5.4422853188835525,51.499809249450806],[5.442671233542323,51.50072179945687],[5.442791608447333,51.501006430163166],[5.4428783012803965,51.5012114285389],[5.443052469232613,51.50162323142916],[5.44306938352641,51.50166321375898],[5.443237791597499,51.50206143729358],[5.443260772989554,51.50211578950399],[5.443765669225191,51.503309514830576],[5.443834833991504,51.50347305640061],[5.443859001333299,51.503530203376684],[5.444068853718971,51.50402632767741],[5.444103812712185,51.50410897907595],[5.44412444147833,51.50415775930442],[5.444136619378517,51.50418653495996],[5.444415745101827,51.50484424936048],[5.444457237214677,51.50494398483304],[5.444479736775921,51.5050022650645],[5.444780704508378,51.50571379174966],[5.445592279262439,51.50763232603216],[5.445791399405754,51.50809842144932],[5.446059421208976,51.50870970204167],[5.446472181047723,51.50966799543788],[5.447043164337325,51.510993625381126],[5.447112811061903,51.51115532200123],[5.447506209549657,51.51206857961344],[5.447184185689811,51.51239131235755],[5.4470581744938,51.51251760470262],[5.445366091810165,51.51397324711628],[5.444524888418716,51.5146969084255],[5.444387040529802,51.514815491454364],[5.444353409487831,51.514844406451026],[5.4442845499418695,51.51490363942634],[5.444252285910789,51.51493139418859],[5.44183034205578,51.517014495865965],[5.4376667428734375,51.52062402927075],[5.437116520647182,51.5210766738838],[5.437151447402933,51.521090627187434],[5.437008051843973,51.521191316510645],[5.4369985353093275,51.521197999145336],[5.436007043350635,51.52204016045061],[5.435732392562579,51.52227343165909],[5.435123080717965,51.522790944465896],[5.4351160699463,51.522796906821114],[5.434239837579048,51.523541119215544],[5.43423012005111,51.523549365725934],[5.433649317076192,51.52412114155036],[5.433629654041258,51.52414056485575],[5.4334477187436185,51.524319259520475],[5.433375830985325,51.52438990280882],[5.43336893585664,51.52439668297776],[5.431910115639657,51.525830212247286],[5.431909885314895,51.525830446040366],[5.431885167784301,51.52585473384387],[5.431520707126161,51.52621287266794],[5.431380791976747,51.52635035314506],[5.431191353085892,51.52653648969991],[5.4311693124907485,51.526558151656296],[5.429204938491361,51.528443327027645],[5.429197523663895,51.52845044870387],[5.428258369538732,51.529351687885296],[5.428235764183799,51.529373376448575],[5.427206077727821,51.53047814152017],[5.4264376243586865,51.53130257099344],[5.427400180951152,51.5316202405866],[5.42750365423313,51.53166595673857],[5.427357730046979,51.531820359994974],[5.427289209414972,51.53189286795757],[5.427287683095196,51.53189435160807],[5.426664709280811,51.53250375122863],[5.4264324014329555,51.532732437697604],[5.42641918163084,51.532744361083196],[5.4257405656894955,51.532527630422784],[5.42530218972653,51.53238162042962],[5.425218549291909,51.532473996996956],[5.424860962372379,51.53285379312911],[5.424423078010009,51.5333188530696],[5.423794847351204,51.533986044806944],[5.423799935756564,51.53398706790186],[5.423887103350471,51.5340065366421],[5.423885749753352,51.53400796626138],[5.423841440999265,51.534054757063814],[5.424605085409136,51.5342315348744],[5.425455409025412,51.53442099800424],[5.4254536676739615,51.53442400976667],[5.425787832084629,51.53448608223899],[5.426126176487743,51.53454750517086],[5.427134102240399,51.53467462988187],[5.428844767737485,51.53486668108273],[5.4288787182830385,51.53482942903344],[5.428902115035853,51.534803749123775],[5.428907859844873,51.53479745502381],[5.428954479164959,51.534806975170774],[5.429122122173893,51.534832676065804],[5.429343145339756,51.53486892794924],[5.4297395694665225,51.534949159441204],[5.4298334156249615,51.53496978981513],[5.429908575562676,51.53484591696061],[5.431571269528803,51.533346539272245],[5.4323448093194475,51.5335568801624],[5.43234496789924,51.533556925043825],[5.432983462876953,51.53373048779757],[5.432986980437443,51.533731430214694],[5.433420883047478,51.53384939561984],[5.434422984578357,51.534327699102604],[5.434595430188141,51.534410009509266],[5.434830299102699,51.534330579793696],[5.4349856174983735,51.534271460712915],[5.435539801413548,51.53407909946449],[5.435618910478034,51.53405164220987],[5.437410918500446,51.53397244622523],[5.437453574186498,51.53398092201578],[5.438754342493165,51.53423948467498],[5.438966517052239,51.534284674949944],[5.439026083266042,51.53429672009735],[5.439793412148954,51.53445185135353],[5.440552979369243,51.534607790273775],[5.44072332328435,51.534669715453774],[5.441872091568155,51.53490443992969],[5.442300990586544,51.53499207420399],[5.442373458685084,51.53500463288655],[5.443964079802194,51.53532875176154],[5.444417855137118,51.53542121098085],[5.44476329664875,51.5354957628612],[5.444811044499669,51.535505473886836],[5.4455176055757715,51.53564922719785],[5.4462296348570165,51.535793917264535],[5.446315876253994,51.53581147316992],[5.446511772198092,51.535851345806876],[5.446617375647928,51.535872837616274],[5.447230716905107,51.53599999022555],[5.447935700600379,51.53614905997665],[5.448767603596444,51.53632443995343],[5.449084854894415,51.53639020310402],[5.449451437338894,51.53645154356522],[5.450487813433976,51.5366751514622],[5.450664064731661,51.536710218913015],[5.4509460541998935,51.53676720537514],[5.452243288733629,51.53703460881088],[5.452490049546471,51.53708721580318],[5.453183114848629,51.53722382932278],[5.4533251443169934,51.5372530695607],[5.45700850607037,51.53801136149797],[5.4658870793155705,51.53983860762073],[5.465901625642709,51.53982338006014],[5.466210727091162,51.539931825204995],[5.466465193610163,51.54002856759086],[5.467339358759102,51.540375028959595],[5.467411289824095,51.54040112733781],[5.467593216514692,51.54046714016788],[5.467733822135494,51.5405196174662],[5.467894800824351,51.54055876833865],[5.467903150525847,51.540560847913234],[5.468106874658793,51.54061149227805],[5.468282491557522,51.54064640779681],[5.46841897174617,51.540664415789976],[5.468577915208126,51.5406853831648],[5.4686133113036846,51.540690059477946],[5.468880748126881,51.540716199913504],[5.469225567428232,51.54072911694519],[5.469478533608818,51.54073202163378],[5.4709501172992585,51.54074889622647],[5.471030062109056,51.54074980949443],[5.472115579581239,51.540757814156656],[5.472595000975247,51.54076185915045],[5.47270420229667,51.54076770255283],[5.472757123495376,51.54077053106863],[5.473490089925404,51.54081610209077],[5.4735042822121125,51.54082803745266],[5.474011284613219,51.540864774773695],[5.47472767487471,51.540916687359925],[5.474898295717808,51.54092905323373],[5.474997265935838,51.54093622352104],[5.478965028080481,51.54126110692887],[5.482265010033988,51.54153120360994],[5.482344074450294,51.54153767382376],[5.4827481683540515,51.54157073868653],[5.483083898740095,51.54159820816265],[5.4830841005853825,51.54159822597384],[5.4830842880158315,51.54159824379686],[5.483097983833758,51.54159905948258],[5.483669301347057,51.54163291557895],[5.48391883119276,51.541650587158834],[5.4843480264562965,51.541680989296296],[5.484558480713823,51.54169315508128],[5.4845592880412,51.54169319935004],[5.484733758420922,51.54170328254348],[5.484836405062003,51.54170921898522],[5.484926001267571,51.54171951677075],[5.484933507202901,51.541704202858526],[5.486066691045962,51.541777942678685],[5.486266235883396,51.541790905638756],[5.486426321661558,51.54180131313084],[5.487144372967937,51.541847970854455],[5.487317371143011,51.54175230932991],[5.487700201176614,51.54134275500774]]]]},"properties":{"buurtcode":"BU08480009","buurtnaam":"Verspreide huizen Son","gemeentenaam":"Son en Breugel","aantalInwoners":2305,"crime_violent":3,"crime_property":0,"crime_disorder":0,"crime_count":3}},{"type":"Feature","geometry":{"type":"MultiPolygon","coordinates":[[[[5.523894386036306,51.520597052420854],[5.5252685358122955,51.520438133666474],[5.526193271468438,51.52033535142854],[5.526843725938858,51.52013598137518],[5.527302730016098,51.51990818742847],[5.524412013033762,51.51830602862687],[5.523249966108184,51.51755683871145],[5.52149452776234,51.516412821954404],[5.51869533271191,51.514941875131406],[5.515996815669462,51.51382580146283],[5.513355180907808,51.512395001533186],[5.509998613420735,51.510791585480675],[5.508453112648037,51.50982495781881],[5.507402248459383,51.5089785864566],[5.5059588193008615,51.507840194073715],[5.504160612182055,51.50594175712134],[5.503783973417699,51.5056320263318],[5.503646252167031,51.50642681635508],[5.502155274774961,51.506351049624044],[5.50060699002387,51.506395823119995],[5.499929156674856,51.506594231561614],[5.499489099954003,51.50693173025668],[5.499094230713351,51.50743350793763],[5.498873678999122,51.50789579118555],[5.498094446242512,51.50851843654901],[5.497781644239173,51.50899794046552],[5.497342415981524,51.50904329954704],[5.496661972255701,51.51004785893751],[5.4966802377295165,51.510436319851],[5.497173668527015,51.51073950223003],[5.498170742054176,51.51091215022473],[5.498902042902076,51.51128448006466],[5.499339619614662,51.51174697467887],[5.4997785573017905,51.512119580068386],[5.500464756628334,51.5123543053323],[5.501544663190415,51.51268695429149],[5.502440010119942,51.51301865226912],[5.503163090198144,51.513494333060585],[5.503674540182472,51.51412302782102],[5.504149579333826,51.51450625470782],[5.5054206079854975,51.51524484996796],[5.50535509423871,51.515501091620045],[5.504099455180951,51.51628240288131],[5.5032746012200615,51.51652226899586],[5.502724529721301,51.51664697087685],[5.502677053960672,51.517275380131466],[5.502521878551117,51.517423846199925],[5.5054247443001225,51.51735268088069],[5.508445951231601,51.51734396041325],[5.511018433923199,51.51763788203006],[5.514654514600052,51.51799806071734],[5.514604543610672,51.51754243013131],[5.514949668746793,51.517150533609744],[5.515012801106265,51.5165159349921],[5.515618453062429,51.51643426576767],[5.517916301637464,51.517876279995996],[5.518176245619632,51.51797049305028],[5.518262686537494,51.517929894034424],[5.5206246242729495,51.51903426782156],[5.522531867125254,51.52001761588884],[5.523290652722068,51.52047575476148],[5.523421103241872,51.52067811194279],[5.523219795377704,51.520758361012405],[5.5232711177543825,51.520784858073114],[5.523894386036306,51.520597052420854]]]]},"properties":{"buurtcode":"BU08480100","buurtnaam":"Breugel","gemeentenaam":"Son en Breugel","aantalInwoners":1165,"crime_violent":0,"crime_property":0,"crime_disorder":0,"crime_count":0}},{"type":"Feature","geometry":{"type":"MultiPolygon","coordinates":[[[[5.513029122060073,51.52429596023903],[5.513121152588082,51.524206891402685],[5.513217508368876,51.52411364709285],[5.513251977477058,51.52407286436496],[5.513280601152031,51.52403899122362],[5.51338544712607,51.523947094903136],[5.513715638558211,51.52370518564627],[5.5138282989087095,51.523625864531674],[5.5139115847303355,51.523569379388306],[5.514115331200373,51.52347700636973],[5.514319605251936,51.52336235858878],[5.514341489479689,51.52335093714579],[5.514403674634969,51.52331850126691],[5.514550019026117,51.52324868863301],[5.5147668116677595,51.523200452388565],[5.515069796945647,51.52312093969757],[5.515460109108568,51.523024395623125],[5.5158371726488955,51.52293111874255],[5.516160395499003,51.52286058750362],[5.5165764459358355,51.52277209200994],[5.516690630178554,51.52274969144616],[5.5170689810430975,51.522674925738805],[5.517092193787136,51.52266991119513],[5.517471157021743,51.522588069447394],[5.517570617193348,51.52256659232118],[5.518601529849383,51.52234393740001],[5.518739018653197,51.52231423676671],[5.518950694630096,51.52226851533628],[5.519211635373303,51.52230766237637],[5.519334509202568,51.52232610272865],[5.519780445833988,51.52246429666535],[5.52026595425115,51.52189027613275],[5.520834240670054,51.52160002340358],[5.5214934166489,51.521366685383306],[5.522894632609678,51.52113838105326],[5.5232711177543825,51.520784858073114],[5.523219795377704,51.520758361012405],[5.523421103241872,51.52067811194279],[5.523290652722068,51.52047575476148],[5.522531867125254,51.52001761588884],[5.5206246242729495,51.51903426782156],[5.518262686537494,51.517929894034424],[5.518176245619632,51.51797049305028],[5.517916301637464,51.517876279995996],[5.515618453062429,51.51643426576767],[5.515012801106265,51.5165159349921],[5.514949668746793,51.517150533609744],[5.514604543610672,51.51754243013131],[5.514654514600052,51.51799806071734],[5.511018433923199,51.51763788203006],[5.508445951231601,51.51734396041325],[5.5054247443001225,51.51735268088069],[5.502521878551117,51.517423846199925],[5.502182784203429,51.5177494573355],[5.5015047094559195,51.51800545705343],[5.500798904711209,51.518068225114526],[5.500204008984244,51.51810194884381],[5.49972290869353,51.519906600987056],[5.499767358779889,51.52040093287211],[5.499793977661882,51.52069472308828],[5.500107497341623,51.52137669391457],[5.5001292404854825,51.52137006441387],[5.500230958909889,51.52133904495071],[5.5002596752088815,51.52139699378285],[5.501156524598468,51.52135484484506],[5.501804652341343,51.5213234414773],[5.5020300704611484,51.52130563792015],[5.5022977849031145,51.521296583063865],[5.50252325853923,51.52130075570556],[5.502833258259812,51.521296053230856],[5.503058720721398,51.52129582940887],[5.503239677922596,51.52130780208426],[5.503243887057543,51.52130853496296],[5.503397015683611,51.52133505172951],[5.5037001052216095,51.52138309913483],[5.5039468296171545,51.521431202205285],[5.504123060178632,51.52147058458492],[5.504405025523434,51.52152304678409],[5.5046305459561164,51.52154479707633],[5.504856100784279,51.521579733222126],[5.505081621711928,51.521601482643206],[5.505451990209424,51.521666868445834],[5.505424638051637,51.521736962570714],[5.505400377364374,51.52179910760412],[5.505320580728594,51.5220475353846],[5.505934783935365,51.52214864489252],[5.5059360910092385,51.52222969405591],[5.505936229556516,51.52223859266043],[5.505946828264552,51.522241763842864],[5.506657622237998,51.52245422118973],[5.5066535049207745,51.522472013910246],[5.506531478913921,51.522998971546635],[5.506526805788374,51.52301913782939],[5.506563593781837,51.52303629542835],[5.5071162105235185,51.52329404371342],[5.507440209430904,51.52344515951334],[5.507444234084326,51.52344686320311],[5.508339737838579,51.5238273059698],[5.508597523296266,51.523257832798954],[5.508600073051128,51.52325220326105],[5.508680979589179,51.5231282736345],[5.5087554109118235,51.52299165875263],[5.508756744924127,51.52298941020406],[5.50881008225567,51.52289624135365],[5.508811014475119,51.5228946134391],[5.508877445558122,51.52277855483243],[5.50893006525767,51.52268661811688],[5.508932184752987,51.52268713724487],[5.509085465399803,51.52272437882406],[5.509549072004954,51.522837006256836],[5.50974599810586,51.52288485269596],[5.509748867367219,51.52288555079387],[5.510427657906405,51.523076760721096],[5.511049696533605,51.52325199127402],[5.511132943223952,51.52329100337873],[5.5112672391475295,51.52338719174105],[5.512350288842508,51.52396920786429],[5.512670866981209,51.52414148107569],[5.512737394221949,51.5241777235584],[5.512858842154117,51.52422674260564],[5.5129195964287545,51.52425955754695],[5.51301403267623,51.52431055608374],[5.513029122060073,51.52429596023903]]]]},"properties":{"buurtcode":"BU08480101","buurtnaam":"'t Eigen en Hoogstraat","gemeentenaam":"Son en Breugel","aantalInwoners":3460,"crime_violent":7,"crime_property":0,"crime_disorder":1,"crime_count":8}},{"type":"Feature","geometry":{"type":"MultiPolygon","coordinates":[[[[5.54019367544591,51.526011352556296],[5.541040173662564,51.52539908403345],[5.542094412204989,51.524636531312844],[5.542236211798318,51.52453396237977],[5.542496810895971,51.524345456625305],[5.543002928872644,51.523993155315665],[5.543241349335814,51.523658782987354],[5.543452685806684,51.52364531382139],[5.543720405747,51.52363616409101],[5.543854235364983,51.52362279814909],[5.544079618059197,51.52359612265744],[5.544746600619578,51.52353695059802],[5.544762645011061,51.52274955122579],[5.5447380689955486,51.52260155951948],[5.544646779156221,51.52243658842987],[5.544404857201788,51.5221497815839],[5.544028862542459,51.52175759195947],[5.544348032858641,51.521546783406066],[5.545104903982523,51.52104683809476],[5.545176686454326,51.520897655348065],[5.545588232116711,51.520042331661024],[5.545622734318027,51.51997062737731],[5.5456330048872475,51.51994929237628],[5.545024437877498,51.51996552373675],[5.54471716529603,51.51998840161031],[5.544309417023815,51.52003392157688],[5.54119459296727,51.52057591878895],[5.5406735166358665,51.52066450532367],[5.540695400370012,51.52058276980796],[5.540699555194972,51.52056726792825],[5.540750052671478,51.52037870972113],[5.540986477196511,51.51945535494836],[5.541028303222526,51.51932343646306],[5.541077129719352,51.519178322393415],[5.541119044568947,51.519072776424494],[5.541168034349182,51.5189760119922],[5.541217009052761,51.51887486110206],[5.541322137221025,51.51871209080146],[5.541532480882349,51.51841292246352],[5.541756763221634,51.51807417626448],[5.542156555694001,51.517550587923644],[5.542703803401748,51.51688615645158],[5.542886281005205,51.516683722566874],[5.543174159675665,51.51640202949209],[5.543693971367369,51.51596178874015],[5.543736240587114,51.515961732030014],[5.543877137985438,51.5159615428856],[5.543982750373384,51.51594381921259],[5.544088332328892,51.515917304592534],[5.544193839013309,51.51587320819331],[5.5442781485986705,51.51580276756409],[5.544362261893794,51.51568397722864],[5.5446704827166045,51.51517809424192],[5.545658167503748,51.513563627855405],[5.546271560611993,51.512695253998054],[5.54618604171642,51.5126563239065],[5.545033001022019,51.5121314337124],[5.544070956161876,51.51171422907958],[5.543702707717564,51.511512560119],[5.542764803424263,51.51094397970851],[5.542271107378051,51.510626618900496],[5.541666583434214,51.51022783088832],[5.541341327015094,51.51001326180781],[5.5407631333279905,51.50964754848119],[5.540508390791252,51.509431356157606],[5.540438630953518,51.50937214075866],[5.54042014373774,51.50934898333446],[5.540396622358517,51.509319486537315],[5.540410228607079,51.509283469151306],[5.540410803881888,51.50927465053688],[5.540424702942563,51.50919730298392],[5.540542290250712,51.50881368395299],[5.540539883693561,51.50879630308062],[5.540533763985764,51.50877560129133],[5.540475840357524,51.50874046890549],[5.5400193042693635,51.50847453668201],[5.539999864029238,51.50845908370639],[5.539945939167187,51.508383442991956],[5.539925462731559,51.50833822996236],[5.539912935968361,51.5083225701696],[5.539694624657748,51.50817680831247],[5.539656901769953,51.50815161751405],[5.539160560639181,51.50783752789627],[5.538855497092964,51.50766560368592],[5.5386745350108715,51.50759552968292],[5.538383223845463,51.50751680760141],[5.538155612364784,51.507452285317434],[5.537951251427619,51.50740567387211],[5.537730460709835,51.50735616196712],[5.537526090948702,51.507306619491715],[5.53729583243738,51.50723368557437],[5.53684159367032,51.5070646985199],[5.53645378288661,51.506907013317765],[5.536093667069695,51.506747403858526],[5.536032508814931,51.50670794087823],[5.535987790113538,51.506669913054054],[5.535848756887808,51.50650018700039],[5.53567387413844,51.50629084852791],[5.535536064859311,51.50614236969585],[5.534323321367795,51.505986685544286],[5.534141237958961,51.50596207049612],[5.534014596841929,51.50593383486669],[5.533905226753537,51.505901442598706],[5.533801274787545,51.505851875107545],[5.53326214871465,51.50551083929235],[5.5327931018701095,51.5052117390246],[5.532701314985729,51.50515320806946],[5.532634459940513,51.5051728507532],[5.5323365185285605,51.50516121310568],[5.532227774218258,51.50515697092237],[5.532220159318781,51.50514934004448],[5.532212240978329,51.50514140392963],[5.532121364385797,51.50515759758199],[5.532070829483791,51.50516864449397],[5.532022404022597,51.5051817561527],[5.531962614073668,51.50522193771791],[5.531902764567949,51.505275116905565],[5.531618138230095,51.5055603378345],[5.531607187515175,51.505554517765304],[5.531600824850538,51.50555113692522],[5.531027365924877,51.50524623170409],[5.530866507480115,51.50512719562295],[5.530552545739085,51.504894857005574],[5.530242153086697,51.50466515582653],[5.529497411173561,51.504114011401704],[5.529170571761829,51.50387212085916],[5.529164277541464,51.50386746341545],[5.529029847123036,51.503767978880546],[5.5283178110727285,51.50308122938502],[5.52830013909645,51.503053421925095],[5.527833178290154,51.5023186159794],[5.526955616895411,51.50228367152525],[5.5269532257977865,51.502283575515925],[5.526156764703001,51.502290693566636],[5.525972721103708,51.50229233294791],[5.526144699801176,51.50172664348837],[5.52616258149615,51.50159750028726],[5.526144958343991,51.50150022818875],[5.526121207456015,51.50145725480717],[5.52611526798337,51.50144593618979],[5.525232244637946,51.50167421778424],[5.524383094340574,51.50187163077995],[5.5241577569320786,51.501919724250854],[5.523981709644117,51.50194582718307],[5.523456952371381,51.50199091738825],[5.522848561594878,51.50203665985525],[5.522630126060619,51.50204311593284],[5.522395503963717,51.50205015665531],[5.52229664383183,51.50204450052906],[5.5222605742289055,51.50204243897171],[5.5221228847327755,51.50202685027299],[5.521984347877421,51.50201688928301],[5.52184143457494,51.50202212399171],[5.521625082092905,51.50203168585476],[5.5212076833870025,51.50205461995017],[5.521174598757422,51.50205379505974],[5.521089993153227,51.502051690024274],[5.521013488949561,51.50203737803994],[5.520940386759432,51.502004509541244],[5.520826124435425,51.501937890871794],[5.520778616211209,51.5019101883741],[5.520581625271178,51.5017985861601],[5.5204937921128785,51.5017516130718],[5.520365728252802,51.501683122113334],[5.520183151218905,51.501658530820514],[5.52010407567317,51.501656023263585],[5.520001847627835,51.501670449665895],[5.519940318742986,51.5017090270826],[5.519916195900341,51.50172413748815],[5.5198259909346055,51.50177223050106],[5.519755226576838,51.50178991073775],[5.5196887785395345,51.5017912896146],[5.519584455238869,51.50177876108742],[5.519572147841956,51.50177606049006],[5.519498923156213,51.501759982018946],[5.5194606505523325,51.5017579850195],[5.519418949651267,51.50175579414521],[5.519304054922975,51.50176297148178],[5.519138230779742,51.501793927382586],[5.5189859897641185,51.5018355102497],[5.518898319258678,51.50186898414996],[5.518852159548521,51.50189371909917],[5.5188054390108885,51.50191876926566],[5.518739471842562,51.50195699151585],[5.518732239595153,51.50196117939468],[5.518712989229706,51.501973048143626],[5.518698325016104,51.50198208928257],[5.518667909692356,51.50199287400152],[5.51859787843595,51.501995388871144],[5.518521294781934,51.50197321028523],[5.518474286744536,51.50195365899083],[5.518438295338279,51.50193868847427],[5.518363430200695,51.50190807650228],[5.5182815197998325,51.50189153064289],[5.5180428344114905,51.50182783556241],[5.517863449557836,51.501766149926446],[5.517589943081471,51.501637981441014],[5.51720910093372,51.501465267483724],[5.516996993878869,51.50136719501506],[5.516767525354431,51.50124110587526],[5.516688219519475,51.50119282608959],[5.516396894489182,51.501015542667844],[5.516245034108967,51.50092230086425],[5.515899670561196,51.50070732369536],[5.515689905298294,51.500574415268225],[5.515302223412292,51.50026352918054],[5.514938202652372,51.49998120875863],[5.514821594673042,51.49991029920696],[5.514621396281479,51.499832964164476],[5.514424304144384,51.499794941722044],[5.513539056563713,51.499652184995135],[5.512840112561272,51.49954056432601],[5.512676622651657,51.499508003766],[5.512573955561634,51.499461562033254],[5.512532896956129,51.49942505835259],[5.512478130449935,51.49937370217053],[5.512430003862293,51.49934873848038],[5.512396527654897,51.49934091836093],[5.512367452207757,51.499351798877186],[5.512348987004798,51.49936135565399],[5.512338246887933,51.49936782103046],[5.512169680078161,51.49933738653083],[5.512147643329572,51.49934696508174],[5.512143189184121,51.49935071812049],[5.5121133752950655,51.49937590029899],[5.512097159424846,51.499381220973895],[5.512049950678219,51.49939672302338],[5.512028416553753,51.49940055726931],[5.512013043266974,51.49940329728921],[5.511977784492714,51.49939663849347],[5.51194772360149,51.49937384849606],[5.511932041209607,51.499353164427404],[5.511894351252634,51.49928971794902],[5.511884215754837,51.49927511325318],[5.511876899636235,51.49926455043148],[5.511842273935388,51.49923662378373],[5.511780700067246,51.49921807411826],[5.511670703932545,51.49919782334644],[5.51162999932462,51.49919032532765],[5.511608482632448,51.49918472140041],[5.511420224026399,51.499062424910505],[5.511430892658021,51.499050854147555],[5.5114551159040674,51.49904034757379],[5.511588392805889,51.49902162591613],[5.511668516405457,51.499009010227134],[5.511692704472122,51.49899620254906],[5.5116981723105285,51.49898923051177],[5.511714016157477,51.49896904307617],[5.5116801338734716,51.49892846857402],[5.511594045657133,51.498898017060895],[5.511497343172994,51.498883154119795],[5.511375527870267,51.49887995814371],[5.511336798378759,51.49888366675823],[5.511136006866276,51.49893358759592],[5.511088716039847,51.498945350064794],[5.5108907182837745,51.49899013499623],[5.510771032375996,51.49901278746549],[5.510687091723874,51.49900933488948],[5.510595621114409,51.49898006585436],[5.510432085872736,51.498886909771734],[5.510259389950643,51.49878232957734],[5.510147633458589,51.49871755848918],[5.510098692260803,51.498699497982074],[5.510002901070266,51.498685783389206],[5.509892596376355,51.49867315364263],[5.509782292107082,51.498660658621084],[5.509790963670215,51.49858714487788],[5.509631949150948,51.498759831908984],[5.508898394258112,51.49960440896013],[5.509327202494327,51.500073336724114],[5.50959071329293,51.50057642442533],[5.509348919193103,51.50220980216127],[5.5087444762511355,51.50238037411013],[5.50816038318662,51.50208267196109],[5.5075113694587845,51.50173980935088],[5.507053379378735,51.501722303846115],[5.506695300973788,51.50196171272234],[5.506310500679531,51.502395528090595],[5.505723924688574,51.50277814235845],[5.504899170568044,51.50304582921722],[5.504504439353346,51.50356503980482],[5.504219281774036,51.504079364323275],[5.503850722559488,51.50524460580081],[5.503783973417699,51.5056320263318],[5.504160612182055,51.50594175712134],[5.5059588193008615,51.507840194073715],[5.507402248459383,51.5089785864566],[5.508453112648037,51.50982495781881],[5.509998613420735,51.510791585480675],[5.513355180907808,51.512395001533186],[5.515996815669462,51.51382580146283],[5.51869533271191,51.514941875131406],[5.52149452776234,51.516412821954404],[5.523249966108184,51.51755683871145],[5.524412013033762,51.51830602862687],[5.527302730016098,51.51990818742847],[5.526843725938858,51.52013598137518],[5.526193271468438,51.52033535142854],[5.5252685358122955,51.520438133666474],[5.523894386036306,51.520597052420854],[5.5232711177543825,51.520784858073114],[5.522894632609678,51.52113838105326],[5.5214934166489,51.521366685383306],[5.520834240670054,51.52160002340358],[5.52026595425115,51.52189027613275],[5.519780445833988,51.52246429666535],[5.519930851468579,51.522510906047096],[5.519946355921058,51.522491383067404],[5.520988354266533,51.5228178281979],[5.521058734710401,51.52283985948645],[5.521137056927284,51.522862699579],[5.52160200215294,51.52244816626227],[5.522612264387945,51.52343039924711],[5.524174763662482,51.52242858033339],[5.524277256792969,51.52236286986361],[5.524733273478784,51.522070472098335],[5.524804889551942,51.52202454559616],[5.525046524988778,51.521868586116966],[5.526310991399887,51.52293957287742],[5.526311698454731,51.52293990461369],[5.527647838818642,51.523558986669855],[5.528426896844964,51.52391994645434],[5.529328365159517,51.5243375961587],[5.530184393809793,51.52473418934297],[5.530862303582377,51.52504825535053],[5.533236177912064,51.52482553558731],[5.536630018177309,51.52504494693517],[5.536703667018751,51.52504970643989],[5.53673214650204,51.52505154856444],[5.536810277649472,51.526005772005696],[5.53691483480707,51.52600538619123],[5.536918840720092,51.5260053720617],[5.537173302490235,51.526004425006136],[5.537187741056539,51.52600437048955],[5.538041432169282,51.526001184460014],[5.538163943845504,51.52600072936856],[5.538493710877152,51.52599949320559],[5.538497881145544,51.525741702667766],[5.538498981274591,51.52567398983531],[5.538462684585906,51.525596608779004],[5.538866605423179,51.525648326329964],[5.539003485172621,51.525665846929634],[5.540121828266283,51.52601157258579],[5.54019367544591,51.526011352556296]]]]},"properties":{"buurtcode":"BU08480109","buurtnaam":"Verspreide huizen Breugel","gemeentenaam":"Son en Breugel","aantalInwoners":195,"crime_violent":0,"crime_property":0,"crime_disorder":0,"crime_count":0}},{"type":"Feature","geometry":{"type":"MultiPolygon","coordinates":[[[[5.63998010878013,51.51957527862178],[5.638903577426564,51.519577604458284],[5.637985738716064,51.51949446864726],[5.6377842935903875,51.51954237123433],[5.6375667852918525,51.519576264928205],[5.637070373839564,51.519696708680804],[5.636573828786598,51.519793274909865],[5.6362456965278085,51.51985240165134],[5.63600272678523,51.51992370632711],[5.635356316215047,51.52003406874541],[5.635104452093196,51.52008488461125],[5.634809380335302,51.52013859963609],[5.634589138043761,51.52016771879429],[5.634357236171772,51.52020500774799],[5.634139916381892,51.52023327583556],[5.63376691054482,51.52028013109053],[5.633456068941913,51.52033275331008],[5.633221453226743,51.52036835945612],[5.632834046410633,51.52041692744779],[5.63249568967482,51.520460616330034],[5.632203460017708,51.52049999355613],[5.631857966045917,51.52055633542468],[5.631594564976169,51.52059817832189],[5.63136710816711,51.52062562022503],[5.631112231703155,51.52066210763535],[5.630795528815224,51.520714173217016],[5.630378053869076,51.520782458484035],[5.630290440913591,51.520564946308646],[5.63008728631911,51.52004234129318],[5.62987383240837,51.519445881292306],[5.625438035710186,51.5206109026146],[5.625236798928928,51.52070232327771],[5.622698934576826,51.5220097021708],[5.622431815787893,51.52216304787634],[5.622217861893048,51.52232274700799],[5.622052872176995,51.52246043650518],[5.621919844342287,51.522640477198024],[5.621735680259436,51.52286059213545],[5.623739527054587,51.52329724288542],[5.627111363565314,51.52403446049395],[5.627564455729274,51.52386156385983],[5.6308755657406495,51.523003305230226],[5.63403345646336,51.524259579845065],[5.636019895748002,51.52491153515527],[5.6379155549918565,51.52558612426062],[5.6382028272024,51.525173994313576],[5.63871786377884,51.52474760978382],[5.638939118525612,51.52384096316934],[5.63998010878013,51.51957527862178]]],[[[5.6547259045154705,51.56569756727398],[5.654824828429073,51.56548714129151],[5.654918644430363,51.56523245785188],[5.655014539683168,51.56498569754845],[5.655098739686515,51.56474420435624],[5.655150542688749,51.564587557307796],[5.655170096411353,51.56452845706677],[5.655318707697592,51.56410938010483],[5.655648683935821,51.56335094251539],[5.655982471499072,51.5624878852953],[5.656865471978633,51.560242059410044],[5.6569395428485425,51.56005367510445],[5.65730649247184,51.5591348615158],[5.657450667966517,51.55877384055038],[5.657605085395933,51.55838716904641],[5.658258424348783,51.55678603470925],[5.658692110492238,51.55568854694438],[5.658945073757071,51.55504837120916],[5.659449581476444,51.55375883396679],[5.659612397243109,51.55334265813274],[5.660271541203409,51.55169970082386],[5.660313245048948,51.551624098616365],[5.660450450244745,51.55137535825642],[5.660477919636234,51.55132555976146],[5.660578409353455,51.551171672535425],[5.660624382352271,51.55110126465283],[5.660826787506116,51.55079126631292],[5.661105124361022,51.550373090871254],[5.661785504955151,51.549325573282054],[5.662083480724056,51.54874878936038],[5.662152999179538,51.54863429001493],[5.662551634894636,51.5480400995476],[5.662552348592934,51.54803892035092],[5.6627291097174846,51.54774577887773],[5.662939724276813,51.54739649494889],[5.663838464036285,51.54588636937419],[5.664381606253696,51.54497369443646],[5.664698215360912,51.544436589234316],[5.665033423198499,51.54380685568024],[5.665715158535948,51.542634818248565],[5.666061586742578,51.54205269477166],[5.666362805983497,51.54152766642442],[5.666822685944963,51.54072242240677],[5.666843963173459,51.54068515839125],[5.666853674909866,51.5406681645382],[5.666854594727971,51.54066655246589],[5.665119351107474,51.53988141425852],[5.665316549584602,51.53254422797602],[5.665302095253686,51.53227993891711],[5.665465101521813,51.53017901094269],[5.665601880500274,51.52828376077381],[5.665567082597586,51.52800631850039],[5.665556001226655,51.527851571676266],[5.665097692361424,51.527835528185086],[5.663677612168855,51.52798917894977],[5.660149248849983,51.528360677774884],[5.657578511333032,51.52862536397766],[5.6540300017558565,51.5289958819352],[5.649300228350053,51.529491981678234],[5.646828951905865,51.52976716224997],[5.646375211321407,51.52980412484286],[5.646101653851815,51.52984883095438],[5.645724429307885,51.52991792480835],[5.645523002340633,51.529975954645764],[5.645249728509377,51.530070938918165],[5.644990026651245,51.53001842457409],[5.644538426188787,51.52991689325474],[5.643179915931382,51.52959207427185],[5.642370923155425,51.529401150400574],[5.641862887231728,51.53043764103434],[5.637537012157395,51.5344455435397],[5.636265542472863,51.535595159224385],[5.63638550205749,51.5375524639023],[5.63639664355308,51.53958359613954],[5.636240367551635,51.539958644086994],[5.6358940285022685,51.54021583924197],[5.635452639978101,51.54047323633817],[5.635137393380664,51.540651431954196],[5.634885530808776,51.54088848035443],[5.63472914273624,51.541204538409175],[5.634731574391803,51.54148570915313],[5.63523512337684,51.541555146033794],[5.635881064046,51.54377200322244],[5.636584774530357,51.54361685251865],[5.637077462049741,51.54354978950337],[5.63746498038118,51.543527049042744],[5.637922405879084,51.54343814816974],[5.6384150939109166,51.54337135995219],[5.63890753178351,51.54326046915886],[5.639294192426297,51.54308379556268],[5.639545484351365,51.543961893861635],[5.639656859977418,51.54499394433325],[5.6396624760155225,51.546004312524225],[5.639630510532668,51.54657544238746],[5.639282355745478,51.54732281419235],[5.638899291532956,51.54811436025332],[5.637991014150673,51.54950000433175],[5.63527326619982,51.548539528083],[5.632202982025146,51.54755753849694],[5.629698168108213,51.54685996576167],[5.6289224763543935,51.54675174316329],[5.628288138664707,51.54666513446356],[5.6274428792524445,51.54673288606496],[5.626421806521837,51.54682290250047],[5.6254360946830975,51.546912836987595],[5.624837021815907,51.546891867111285],[5.62451928240395,51.5467388630017],[5.6242008614500465,51.54649793965127],[5.624129098323007,51.546256514438724],[5.624197883012973,51.545926886104716],[5.621964254172976,51.54549654790788],[5.6212589608901,51.54551425267501],[5.620704293205276,51.545250516011095],[5.620601502090658,51.545275147223585],[5.61986200966677,51.545320723674955],[5.616047819552458,51.54335131844237],[5.61671345455532,51.54264721226106],[5.617167911267056,51.54196542809634],[5.617306568049239,51.54154802592206],[5.617586214472683,51.541130064158416],[5.6180065126493615,51.54064609429616],[5.618216433816303,51.540381918057214],[5.61832105905748,51.54018424207185],[5.618319271185139,51.53983284510139],[5.618281007289656,51.53921776002696],[5.618455338774944,51.538866015285684],[5.618595318065061,51.538667987661306],[5.619016590625972,51.53842558211391],[5.61919181135684,51.53824967408245],[5.61929597828218,51.53796379693742],[5.619505880362877,51.537656079998044],[5.619776046262999,51.53711060517606],[5.619849465570284,51.53675877787642],[5.619664949858398,51.53590887456485],[5.618999149189718,51.53478661749103],[5.618381942201897,51.53245331886735],[5.61816214385803,51.53200713099331],[5.617729699740482,51.53199000828671],[5.617501692149376,51.53196601988125],[5.616544362251647,51.53244345971466],[5.616337290353657,51.53255257233931],[5.6160197143272645,51.532719485210386],[5.615838500150021,51.53277658196661],[5.613331035436357,51.53314185426304],[5.61318311486649,51.533238486407534],[5.612567329957265,51.53403320641003],[5.612312823849949,51.53416234742407],[5.6119577307010005,51.534352635379896],[5.611188591407764,51.534745119637115],[5.608910899241004,51.53344695646344],[5.6071967634908155,51.534243164823636],[5.606811370932372,51.534412708834196],[5.606158423366718,51.5347187060143],[5.604644117720661,51.53541001057467],[5.604481753095522,51.53550553586135],[5.604191196985709,51.53563753515127],[5.6040012360809035,51.53570783137416],[5.603779688540711,51.535766669623925],[5.603589557987638,51.53580129044756],[5.6034290938090345,51.536012820917364],[5.602968340223682,51.536395690730146],[5.6027222495390525,51.53650316673533],[5.602583300725401,51.536294807417654],[5.601565505215433,51.53476852142558],[5.601389884748789,51.53453710470096],[5.599159877393083,51.53321253980859],[5.598120772940638,51.53382733421952],[5.597464533064856,51.53372514942304],[5.59697745493116,51.53343586133917],[5.596874206395258,51.533558235786295],[5.596439836072429,51.5340787638081],[5.59678311205842,51.53414444023723],[5.5968601827734,51.534302725850004],[5.596928684502461,51.53445793830569],[5.597004372074654,51.534608923030696],[5.597097302492003,51.53473909226067],[5.597172574130493,51.53484850603384],[5.597358352244938,51.535089179838046],[5.597856179143039,51.53589501361562],[5.5979319640021314,51.53601762759292],[5.5969606050989675,51.53698200412955],[5.595536782693968,51.53579355890913],[5.594951447652016,51.53642689645955],[5.594789645668902,51.536601901936116],[5.593536332571504,51.53451257842609],[5.59222211787457,51.53551881207278],[5.592053743037942,51.53558567932859],[5.591868145244277,51.535678700230655],[5.591639449142643,51.53575353858],[5.591435174070931,51.53585024268206],[5.5912639982733765,51.53594576589457],[5.591016192289622,51.5359785021529],[5.59072926754064,51.53592507084011],[5.590350204577848,51.53591505613273],[5.590864955435977,51.53660347588583],[5.588297059132725,51.53643349180971],[5.588224954106437,51.53673024121281],[5.589909649866102,51.537013280444356],[5.590148989848291,51.537050503695205],[5.590119801436828,51.53727189979791],[5.59007619280655,51.53749219736695],[5.589987607203413,51.53767661846832],[5.589921654601598,51.53778543896576],[5.589856841364478,51.53789706729695],[5.589752914516632,51.53807589693768],[5.589467508167003,51.53872020331304],[5.589440776152211,51.53883710198078],[5.58937790576318,51.538981029154094],[5.5893427784499785,51.5391850198109],[5.589347790539366,51.53934961565286],[5.589386045092902,51.53949420993152],[5.589217377462607,51.54015769560249],[5.589107070472872,51.54032164777757],[5.589012731394777,51.54048079747991],[5.588740329068123,51.540508234823406],[5.588633097825572,51.54070616908489],[5.588550418826775,51.540904904939445],[5.588433195273951,51.54113544096313],[5.588351538095694,51.54126029906412],[5.588280205921715,51.54142783536968],[5.588136074999209,51.54173706802331],[5.588034494828991,51.54189004967988],[5.587928601938537,51.542086296491185],[5.587845512805849,51.542193459851674],[5.587577179591437,51.54217594427067],[5.587436010086832,51.542494440035725],[5.587106501830797,51.54331634158282],[5.587419325818134,51.54330794053205],[5.587663959676876,51.543313420037805],[5.58794260903541,51.54331940234649],[5.58815896692185,51.54334796191494],[5.588376909587687,51.54337820462141],[5.5886163341553,51.54342722938265],[5.588838810395264,51.543514765086734],[5.589122182568653,51.5438732591862],[5.589257640442228,51.54404436990136],[5.589323223013225,51.54420436653361],[5.589380462559389,51.54441269150915],[5.589391187239305,51.5445449749198],[5.589381675559739,51.544685157529116],[5.589356383319044,51.54482255940672],[5.589283492182445,51.54499459329374],[5.589238096489239,51.54511938920915],[5.589127904957284,51.545311992408294],[5.589069272108179,51.54544889007631],[5.58892887120374,51.54563592740322],[5.58883882558765,51.54580068736365],[5.588775862455255,51.54592663700259],[5.588613723678625,51.546088712263945],[5.588468877948602,51.54623980303842],[5.588365669605094,51.54638295595083],[5.58814023990369,51.546598229149154],[5.588018380273894,51.546752087848134],[5.587909464836647,51.546878959157176],[5.587824819738226,51.54699258615661],[5.587779422486127,51.54716962793085],[5.587722799382152,51.547711852317626],[5.587667264584741,51.547888911444275],[5.587617496410101,51.54804545486901],[5.587129904632019,51.549246273553635],[5.5873462008820205,51.54925489257432],[5.590466504537955,51.54937337806486],[5.590824147093725,51.549404215227774],[5.591160379233898,51.54943256018956],[5.591340744010146,51.54946539063289],[5.591614854252969,51.54950536000751],[5.592083683393296,51.54956380768537],[5.594008193781349,51.54986265831962],[5.594989214176658,51.55000024078742],[5.596204050081743,51.550181216412334],[5.596514287772145,51.550237401548145],[5.596832986056941,51.55027194131411],[5.597219650726072,51.55029175236346],[5.597594648335081,51.55032169447309],[5.598126889356121,51.550399946757615],[5.598728506243479,51.550476105165906],[5.602342432340633,51.550959384691105],[5.602796932518797,51.55103045570994],[5.603355278822683,51.55109964744958],[5.603602463112033,51.551205086679815],[5.604433346380473,51.551309722549895],[5.60497566039923,51.55136966728666],[5.605306277828216,51.55144376842695],[5.605503799601957,51.55148019620281],[5.606073874010425,51.551596824745836],[5.606345489694992,51.55167468468698],[5.60667607410765,51.55178726508191],[5.607231959208875,51.55194970007944],[5.607516511040968,51.55204635334584],[5.60775471906667,51.55210966648794],[5.6080146341688755,51.55218923091739],[5.608242662481114,51.552243573670964],[5.608450711184842,51.552312561267605],[5.60877267401348,51.55241082597657],[5.609120632765229,51.552527017690196],[5.609698149302704,51.55268659092025],[5.609881656134822,51.55275730719228],[5.610172322298617,51.552904222998],[5.610553841313981,51.55310854740876],[5.610871878041469,51.55327675625527],[5.611075866520305,51.55338872344524],[5.611305345701979,51.55346103562897],[5.61151649678304,51.55356315653371],[5.611734479045249,51.55363380458501],[5.6119684523660025,51.553703578324814],[5.612150326816833,51.553761654355235],[5.612384344618525,51.55384013447338],[5.612635036932515,51.55391886328682],[5.612908520605056,51.55400456944955],[5.612952894231075,51.55402480071773],[5.614223995379493,51.554604321868865],[5.614224100214884,51.55460423717191],[5.614616344666454,51.554728757807496],[5.614818230094947,51.55479284907301],[5.614829927917086,51.55479651161937],[5.616000232710443,51.55514439553852],[5.616284428764522,51.555228871047525],[5.61689801027464,51.555411321964364],[5.617154179770376,51.55548750002454],[5.618191285247857,51.55584113421731],[5.618533389420036,51.555063568996935],[5.618564927511395,51.55499914786394],[5.61867852093518,51.5547671057581],[5.618975175435068,51.55426926585551],[5.6190960984259855,51.55428736267716],[5.619166669175844,51.554144312137865],[5.6191832375660535,51.55411066171337],[5.619218863130216,51.55402815611994],[5.619232885303311,51.553995679269036],[5.619350004567428,51.55401163509809],[5.619534218419459,51.554036751629624],[5.6195689343796325,51.55404148251005],[5.620577861050288,51.55424558068757],[5.620580991817016,51.554245942966936],[5.620700494528062,51.554259717441184],[5.620762852514346,51.55427298585073],[5.620815527429119,51.554197825355004],[5.620822912062007,51.554189837660516],[5.620953038774626,51.55404905789134],[5.620960999089217,51.55404087128583],[5.621025040164389,51.55397502714636],[5.621148873156875,51.553942240314555],[5.621635767909806,51.553238532057875],[5.621712037311029,51.55323756998365],[5.621794237095543,51.55326814608674],[5.62188360996441,51.5533753808458],[5.6219052183514915,51.55342738167321],[5.622079266752805,51.553541816801754],[5.622128786986461,51.55358207622431],[5.622141400891281,51.553623398612],[5.622153615750846,51.553671193623686],[5.622372243397407,51.55373174161331],[5.6227455997251115,51.55382847118249],[5.622803346225234,51.55386167562393],[5.622818343276674,51.55387030143774],[5.622863891734345,51.55386742307449],[5.622889664703825,51.55388813484053],[5.622922527571794,51.55391359627466],[5.622931588008723,51.55393685857566],[5.622934186668855,51.5539930323494],[5.622934241770653,51.5540591886494],[5.622996050567386,51.554133220201706],[5.623034693384835,51.55418878188987],[5.623079949676334,51.55421286996107],[5.623122748754639,51.554235794453966],[5.623216339043512,51.55429349225369],[5.623313457143054,51.55433635158721],[5.623359833571672,51.55435396546331],[5.62339230702715,51.55438760721735],[5.623413809911917,51.55444661911949],[5.6234096024129245,51.55449705391285],[5.623431463914934,51.5545224385742],[5.623443983197471,51.55453698384534],[5.623491096729788,51.55455765231713],[5.623571610608431,51.554568365682044],[5.623715641085448,51.554565386542535],[5.623720831361989,51.55456527715835],[5.623851639518852,51.55457058518545],[5.624020008965427,51.554589659432274],[5.624177019071495,51.5546147788726],[5.624276927735095,51.55463947468707],[5.62433526829728,51.55465901442982],[5.624459359576008,51.55470058660879],[5.624685134257062,51.55477796946686],[5.624836465309148,51.55481981844343],[5.624975622903176,51.55487742212898],[5.625037066884241,51.55490848763355],[5.625121905970613,51.554946426712846],[5.625172462403701,51.554963492038276],[5.625497486616662,51.55504634293032],[5.625500937432177,51.555047225766344],[5.625668903948626,51.55509892723611],[5.6257693274875145,51.555111486057534],[5.625837084206617,51.555108920725125],[5.625886950445484,51.55510432452254],[5.6259979505392534,51.55509906402311],[5.626060004398069,51.555108824660174],[5.626232167026338,51.55516312344764],[5.626345628614785,51.555187160557374],[5.626508021658191,51.555220715173796],[5.626650459247929,51.555243434213736],[5.626695645015289,51.55525358863492],[5.626790687158787,51.55525725885582],[5.626844175787705,51.55525598061319],[5.626949473533502,51.55526304534962],[5.626986104653718,51.55526422857261],[5.627071446164649,51.555260368017095],[5.627114106702941,51.55525650517867],[5.62716720503062,51.555263227482165],[5.627212840611518,51.555276616691096],[5.627266117678958,51.55531713588077],[5.6273136392355,51.55533267844887],[5.627357645431824,51.55536512687394],[5.627489859966726,51.55547217938139],[5.627725735049239,51.555658028518614],[5.627852582358334,51.5557587097303],[5.6279050087502736,51.55580174720135],[5.627944670503029,51.555830519013675],[5.627986272596512,51.555871691140446],[5.628048213659496,51.55593873557741],[5.628233109762984,51.556138863875795],[5.62825790765812,51.55616532920297],[5.628288425602973,51.55618279407707],[5.628372099044386,51.55621749729477],[5.628404918917973,51.5562339686354],[5.628526884225727,51.556283693590665],[5.628557845448374,51.556303134980176],[5.628590383275547,51.556320775375],[5.628676337244823,51.55637749583761],[5.628829867559219,51.556478660147214],[5.628837016339927,51.55649428559865],[5.628840142501936,51.55651270584972],[5.628844384909074,51.55652411265044],[5.628800692699209,51.55655107906404],[5.628733180964333,51.55662717270206],[5.62872087963957,51.55664589451233],[5.628709464514803,51.556668569491954],[5.628704713922222,51.55669716319671],[5.628712467208744,51.55671800081833],[5.62873021685552,51.556747626641425],[5.628758653740964,51.556780376387785],[5.62877969459508,51.556805231417],[5.6287949619002475,51.556829019745884],[5.628806047062704,51.55685272683605],[5.628830804540719,51.5568714618923],[5.628841742780708,51.556891942360224],[5.628844092302819,51.556926993205835],[5.628856248136526,51.55695407780589],[5.628861536575624,51.556977778904646],[5.628874444820675,51.55700805291426],[5.628905435674094,51.55706814977974],[5.6289238007626095,51.557094151876676],[5.628964439454571,51.557135451488506],[5.629005999012898,51.55715199445917],[5.629070100333107,51.55718002317321],[5.629124612578963,51.55721347388489],[5.629153521339812,51.557248074217895],[5.629169853079246,51.55727400857837],[5.629249247008611,51.55740617489261],[5.629281846265103,51.55744595399351],[5.629327478344195,51.55750141821987],[5.629400718164251,51.55756915760982],[5.629449853394593,51.55761899662381],[5.6295190561154325,51.557673252359486],[5.6295410188988875,51.55769237058504],[5.6295777306247805,51.55770557064567],[5.6296277068144045,51.55773190254106],[5.630013012981028,51.557840323300105],[5.63008471478855,51.557862870566055],[5.630121629545808,51.557873535236936],[5.63017062207312,51.55789919479777],[5.630196261336976,51.55792350967758],[5.630225171319043,51.55795810075426],[5.630244947872174,51.55800512414095],[5.630267248498797,51.55809802929003],[5.6302850429465705,51.55818151472552],[5.630309005459708,51.55829390378312],[5.630325069792838,51.558339721413844],[5.630328174212432,51.558348559776576],[5.630348009896202,51.558368877766775],[5.630369379613255,51.55839560146199],[5.630417309032465,51.558421874359915],[5.630447920845853,51.55843488909724],[5.6304692779710805,51.55844040859439],[5.6305009309825325,51.55844858526037],[5.630643758737091,51.55847457049847],[5.630671164656667,51.55848939857515],[5.630694503399679,51.55850410029317],[5.630741231366369,51.55854559333336],[5.630811724315391,51.55863550355617],[5.630834690154526,51.55866668220423],[5.630835866822347,51.55866828871714],[5.630921455275637,51.55878450411066],[5.630955393192865,51.558823372098416],[5.630980467873668,51.55884710372212],[5.631028050623126,51.5588704288188],[5.631126168480894,51.55890023706369],[5.6314932261106545,51.55897274547586],[5.631550690816896,51.55899405421668],[5.631583377485236,51.55901465971948],[5.6316097580214315,51.559034442463016],[5.631619447052423,51.5590529118279],[5.631673247629943,51.5591730223356],[5.631699435796879,51.5592132905757],[5.6317251490026115,51.559251042984314],[5.631764794390328,51.559286474118096],[5.632061396004189,51.55951646540766],[5.6321008789243745,51.55954040029538],[5.632157053617025,51.55956564846777],[5.632228451640158,51.55958464454461],[5.632267086624127,51.55959305777086],[5.632530573132515,51.55965046350678],[5.6326155773165,51.55967612731171],[5.632740391379332,51.55971674538695],[5.632892892619742,51.55977321499915],[5.632933681578052,51.559793209834254],[5.632952777856972,51.55980713801383],[5.632965553528801,51.559820261520755],[5.632984131636914,51.55986366454096],[5.633029062797506,51.55995884061451],[5.633080775518917,51.56005734617209],[5.633256331473219,51.560362860015196],[5.63330129216417,51.5604260453455],[5.633336058988692,51.56046824568138],[5.633393987635606,51.56052406892221],[5.633444467585629,51.56056253279133],[5.633490436245681,51.560598776966444],[5.6335294456899545,51.560620186562],[5.633581231255875,51.56065471958313],[5.633630597802479,51.560676637631644],[5.633681759335004,51.56069714065562],[5.633753159774387,51.560716135797804],[5.633869592721549,51.560734343697206],[5.634073940806994,51.56076137235278],[5.63418405317558,51.560778766340476],[5.6342680956064255,51.56079938835123],[5.634329274138132,51.56082937989003],[5.63439175807996,51.56085544059859],[5.634444978130167,51.560875165910296],[5.6344492409491975,51.56087674787816],[5.634578600253142,51.560919583557286],[5.634634763657307,51.56094483955321],[5.634655790682147,51.56096885760964],[5.634668390426951,51.56100246641646],[5.634767272240833,51.5612292470744],[5.6347960749520185,51.56126165300711],[5.634838320629235,51.56128921252698],[5.634895789885252,51.5613105286048],[5.634968347766466,51.561314087055194],[5.635189893987441,51.56131296081858],[5.63525078950078,51.56131995054375],[5.6353171759172245,51.56133420038658],[5.635417557684318,51.56136511481859],[5.635483128726435,51.56138582913264],[5.635517939588049,51.561396029164186],[5.635624493077222,51.561416251794796],[5.635727946527237,51.56144182017593],[5.635765782312292,51.561453991199926],[5.6357957880293394,51.56146364407642],[5.635818446900767,51.561474750762706],[5.635875414890739,51.56152553219229],[5.635894508637175,51.5615465968782],[5.635899311066294,51.56155188995336],[5.635987365751447,51.56164898653694],[5.636174920738969,51.561802634319214],[5.636286573791404,51.561903078090474],[5.63640984918702,51.562032089830964],[5.636621495430796,51.562236408405674],[5.636685437519871,51.56227003321265],[5.636768654009664,51.56229710004809],[5.637249766465129,51.56237518034823],[5.637387899613235,51.56239945057806],[5.637481964043609,51.5624295498133],[5.637547687556548,51.56246176810507],[5.637620522033872,51.562520316825015],[5.63766547658866,51.562583509479886],[5.637780090291039,51.562806550540934],[5.637831530961447,51.56288205264615],[5.637868574177251,51.562925352354135],[5.637934938580665,51.562971591332904],[5.638019762389226,51.56301773671396],[5.638360714559194,51.56315741580076],[5.638527292826239,51.56325505173985],[5.638616644083384,51.56330341613182],[5.638689995903076,51.56333250729627],[5.639001044030454,51.563423233826875],[5.639153400706099,51.56346819013531],[5.639281292198376,51.56353543693223],[5.639438443019107,51.56366960377408],[5.639716124210037,51.56392912621766],[5.6398530230936545,51.56406480142285],[5.640118855744505,51.56434015056192],[5.640122450671288,51.56434342363347],[5.640310162442364,51.56440947014785],[5.640334049140845,51.56441787670841],[5.640372438129569,51.56443030571661],[5.640413052186948,51.56444345796987],[5.640535183491919,51.564483012893156],[5.640924132383908,51.56460894467296],[5.640990641377889,51.56463619759756],[5.64118698008482,51.564733162866645],[5.6412953670407235,51.56479307917917],[5.641409465428106,51.564876155679684],[5.641573978057794,51.5650146631282],[5.641629997700128,51.56506927298157],[5.6416339145663335,51.56507334529462],[5.641640994013565,51.56508071854002],[5.641668876639575,51.56510976303286],[5.641686865530559,51.5651182271057],[5.64180320021033,51.56516775274532],[5.6418842305623125,51.56520211948642],[5.641918231942154,51.565213784528794],[5.641958512359233,51.56522638866618],[5.642047489035992,51.565250365076395],[5.64227238049875,51.56529703771911],[5.642320432485643,51.56530666750252],[5.642341231643075,51.565314720849635],[5.642506089405931,51.56538303394151],[5.64254224233796,51.5653925458161],[5.642582712117235,51.56539773369649],[5.642814247540866,51.56543052130321],[5.642877653517621,51.56544160938012],[5.642933288143237,51.56545567169555],[5.642983317033005,51.565470546245784],[5.643113326505239,51.56553284945812],[5.643261999028136,51.56560536766437],[5.643316422662639,51.56563990857465],[5.64336260504378,51.5656682653665],[5.6433987583822685,51.565677776975704],[5.643498143661182,51.56570577434722],[5.64363237915355,51.56573978944995],[5.643763320264386,51.565765047708425],[5.643826068020586,51.56577438393203],[5.6439664762244055,51.565785347207935],[5.644113982506182,51.56579158465999],[5.644202210014785,51.565789835590195],[5.644279856035537,51.565791462499654],[5.644363296639217,51.565784869974806],[5.644437662416831,51.56577774906328],[5.644529533249957,51.565769933381105],[5.644635280147421,51.56576748023827],[5.644704053388633,51.565763517503456],[5.644719379557116,51.56576262980381],[5.6447814829724,51.56577021415009],[5.6448539790811925,51.56578182043403],[5.644907398263659,51.565789073306746],[5.644916858518862,51.56579144341858],[5.644948833946205,51.565794078465345],[5.645020896279986,51.565795321699966],[5.6450738446109945,51.56579838682897],[5.645106125133245,51.56580648625297],[5.645276338392261,51.565973496875046],[5.6453669015330465,51.56606282366426],[5.64550755054735,51.56620203448395],[5.645687636025593,51.56637988994671],[5.645859929131305,51.56654919620818],[5.646210457959844,51.56689730477595],[5.646302904927591,51.56699006032323],[5.6464695800116536,51.56712443030929],[5.646650643948558,51.567250121035755],[5.64676451621234,51.56731103581981],[5.64683520372169,51.5673488557706],[5.646850785066334,51.56735718957011],[5.646965445641591,51.56740706435667],[5.647127855086662,51.56747597862171],[5.6472448399633794,51.56752109297328],[5.64731844801972,51.56754995344657],[5.647381315266332,51.567574541221475],[5.647954667310082,51.567788370240066],[5.648194173218852,51.567877578080065],[5.648622062921558,51.56803695188823],[5.649509860983117,51.568368881180874],[5.650331666564838,51.56867533474853],[5.6510397381247035,51.568939514160064],[5.651158277566745,51.56898276044226],[5.651322766953425,51.56905259001908],[5.651389904635844,51.5690815794105],[5.651612135273757,51.569191466223145],[5.6522583030464295,51.569557215136605],[5.652378945904143,51.569624248341995],[5.6524847135347835,51.56967815582702],[5.652495823385184,51.56966148364144],[5.652524213304358,51.569635001566226],[5.652545524856942,51.56961656241416],[5.652565635898943,51.56960002258766],[5.652591790249187,51.56957850730229],[5.652680899156954,51.569509245153],[5.652712870361637,51.569451465437254],[5.65272748091032,51.56939217911869],[5.652715927556881,51.56934288470233],[5.652686484363204,51.56930515437067],[5.652674386717819,51.56928855287229],[5.652892652715648,51.568863451356755],[5.653098084189149,51.568754545084154],[5.653776166636698,51.56753470651453],[5.653995492281299,51.56715564924818],[5.65421749592437,51.56674700380922],[5.654347319392408,51.56650493053423],[5.654495231967134,51.566202376089805],[5.6547259045154705,51.56569756727398]]]]},"properties":{"buurtcode":"BU16590009","buurtnaam":"Verspreide huizen Beek en Donk","gemeentenaam":"Laarbeek","aantalInwoners":1220,"crime_violent":4,"crime_property":0,"crime_disorder":0,"crime_count":4}},{"type":"Feature","geometry":{"type":"MultiPolygon","coordinates":[[[[5.620476462897019,51.524962443990695],[5.621619032362087,51.52298461730717],[5.6217164476220605,51.52288357971288],[5.621735680259436,51.52286059213545],[5.621919844342287,51.522640477198024],[5.622052872176995,51.52246043650518],[5.622217861893048,51.52232274700799],[5.622431815787893,51.52216304787634],[5.622698934576826,51.5220097021708],[5.625236798928928,51.52070232327771],[5.625438035710186,51.5206109026146],[5.62987383240837,51.519445881292306],[5.63008728631911,51.52004234129318],[5.630290440913591,51.520564946308646],[5.630378053869076,51.520782458484035],[5.630795528815224,51.520714173217016],[5.631112231703155,51.52066210763535],[5.63136710816711,51.52062562022503],[5.631594564976169,51.52059817832189],[5.631857966045917,51.52055633542468],[5.632203460017708,51.52049999355613],[5.63249568967482,51.520460616330034],[5.632834046410633,51.52041692744779],[5.633221453226743,51.52036835945612],[5.633456068941913,51.52033275331008],[5.63376691054482,51.52028013109053],[5.634139916381892,51.52023327583556],[5.634357236171772,51.52020500774799],[5.634589138043761,51.52016771879429],[5.634809380335302,51.52013859963609],[5.635104452093196,51.52008488461125],[5.635356316215047,51.52003406874541],[5.63600272678523,51.51992370632711],[5.6362456965278085,51.51985240165134],[5.636573828786598,51.519793274909865],[5.637070373839564,51.519696708680804],[5.6375667852918525,51.519576264928205],[5.6377842935903875,51.51954237123433],[5.637985738716064,51.51949446864726],[5.6377826630555905,51.519001369375765],[5.637651024975373,51.5184808718634],[5.637611925191369,51.51816663373638],[5.628831424843356,51.516337122417205],[5.6310465194473105,51.51386737561703],[5.629070744287969,51.51240745589422],[5.630441225593353,51.511761357520605],[5.629055494467362,51.511233343687636],[5.6275798082048185,51.51067122948975],[5.625722246050052,51.50887253202245],[5.62456643572033,51.50872938411545],[5.623685973254508,51.50583148308076],[5.6262897557561615,51.505211016419366],[5.632102969460084,51.504435769705715],[5.634328085546653,51.50477798574406],[5.638327621583424,51.50439950846207],[5.638363095640587,51.50409887334924],[5.6411890194191745,51.505873358027834],[5.642074929082455,51.505246996384386],[5.643002797398189,51.50552249110919],[5.644034670286755,51.50452585303281],[5.645141452336252,51.50369083635216],[5.645843939260212,51.50343507038287],[5.646658206044765,51.503248153108565],[5.646582891004064,51.50306349081836],[5.6463219306321495,51.50276323018652],[5.6463206151771494,51.50253205600194],[5.646384536969977,51.50209637308313],[5.646362416104717,51.50209380290078],[5.6463504414344,51.50209017109636],[5.646254961398235,51.50206118782172],[5.646016200076965,51.50193484230532],[5.645905199005925,51.50187872937573],[5.645886783122205,51.501869421967186],[5.645884905273283,51.50186844636315],[5.645763945398354,51.50180600936396],[5.64569564065295,51.50178160358782],[5.645619381012808,51.501763938915396],[5.64557577943489,51.50175783325393],[5.645319964696451,51.50172204005345],[5.645091839160552,51.501682517736576],[5.644898297477187,51.501638559115236],[5.644827102049989,51.50161730525136],[5.6447430392499705,51.50157714059269],[5.644301338443841,51.501325029166566],[5.644171584010841,51.501247562847155],[5.644155572438412,51.501237998189744],[5.6438663305655234,51.50104070391188],[5.642758383366361,51.500284895154664],[5.642691870293976,51.500222371708],[5.6426294165887905,51.50014408218723],[5.64256360309926,51.50005218213669],[5.6424460857291425,51.499888054250846],[5.642404435809857,51.49983666716847],[5.642399389146452,51.49983044904926],[5.642006547790107,51.4993458018684],[5.641924671326638,51.49924480402671],[5.6419224960320085,51.49924211217067],[5.6416401944423695,51.498896385222814],[5.641580219748418,51.49882294364091],[5.641517649555469,51.498746307715074],[5.6412227622128,51.498384148955054],[5.641200756371123,51.49835821058538],[5.641172231360094,51.49833050663993],[5.64113796309126,51.498303300572275],[5.64109435633958,51.498277499065985],[5.6410348380634625,51.498246842310486],[5.64097107050125,51.49822116550223],[5.640900080705431,51.49819417403463],[5.640783504840008,51.498153088459816],[5.640771147760873,51.49814775805684],[5.640709564422292,51.49812117749301],[5.640550710633426,51.49804707821638],[5.64052488271445,51.49803552090983],[5.640394097610629,51.49797701876746],[5.639938168855307,51.49778427403932],[5.639843794575197,51.49774457763695],[5.639493729512549,51.49760595649414],[5.6394067644162424,51.49757000998718],[5.639393557306195,51.49756455543567],[5.639207377661829,51.49747021696999],[5.63873152996627,51.49720749780404],[5.638619117104037,51.497144972109886],[5.638150993646444,51.4968846159426],[5.637601019722131,51.496571472275605],[5.637190180263375,51.49633755087842],[5.637023043351409,51.49623192331127],[5.6368903285664835,51.49614804636699],[5.636725263876831,51.4960235197437],[5.636588248189562,51.49590878453903],[5.636528067046596,51.49585590690796],[5.636463070742132,51.49579149807068],[5.636443662940426,51.495768555478],[5.636414529452578,51.49573410118041],[5.636315914716144,51.49559715352299],[5.636194021878137,51.49544035452235],[5.636162273440225,51.495409537166275],[5.636111545580432,51.49538136700154],[5.63600492583189,51.495336561099066],[5.635777457833983,51.49524927142419],[5.635751167121898,51.49523947583368],[5.634928685974503,51.494932976044396],[5.634914559547678,51.49492770271266],[5.634821333346447,51.494882750447786],[5.634777520739763,51.49488402092297],[5.63476538335162,51.494884370264636],[5.634173154641094,51.494919674244954],[5.633324810792496,51.49496415378981],[5.632487352960202,51.49501151661738],[5.632001019582535,51.49503878477167],[5.631317534883678,51.49507982065776],[5.631067345494378,51.495106518782215],[5.631061121272472,51.495108581207],[5.631048531213135,51.49509434248904],[5.63093821012401,51.495110213257554],[5.630759883590814,51.495154234587275],[5.63057421771074,51.49521267080704],[5.630398496885666,51.49526747255808],[5.630236615782725,51.49531177341583],[5.630029930564783,51.495363304295545],[5.629665325433446,51.495448825615604],[5.629138573205369,51.49556988172004],[5.628667319739453,51.495669715212934],[5.628389617513463,51.49572565972679],[5.6280468585264565,51.49579340516283],[5.627823794311123,51.49583928508863],[5.6276171149023435,51.49590105876147],[5.627407758008128,51.49597949358932],[5.6272311611129915,51.49605786066174],[5.627100428983382,51.49613618712046],[5.626997270691596,51.496219463465145],[5.626930021476496,51.49627436062622],[5.626929712251541,51.49627470732535],[5.626824685844823,51.4963927600325],[5.626773526324648,51.496481367538664],[5.626726575095871,51.496578847192175],[5.626694876790527,51.496676861810315],[5.626667996523759,51.496787405729926],[5.626660344459011,51.49693141995788],[5.626661952098897,51.496974202737746],[5.626671659986033,51.497081246888584],[5.626692720148826,51.497383366862245],[5.626697047515082,51.49745311007387],[5.626702190473237,51.4975163797676],[5.626701905725052,51.49769482346015],[5.626678889613062,51.4977844787591],[5.626638888419664,51.497872964420736],[5.626578133926563,51.49796122297867],[5.62650275115436,51.49804466660721],[5.626393603069855,51.498129177139084],[5.626266251367818,51.4982026957603],[5.62620473418922,51.49823097428074],[5.626065081867601,51.49828502144454],[5.625946043777326,51.49831834333876],[5.625857762188669,51.49833712146921],[5.6258025010397965,51.49834464113067],[5.625613463168355,51.49836514411818],[5.62544184615347,51.49836554852398],[5.625274418706175,51.49835196674812],[5.625235118276461,51.498346545848555],[5.625070194720159,51.49833257216003],[5.6248878595372265,51.4983212224395],[5.624773485823862,51.49831029140057],[5.624134517022236,51.498248948376265],[5.622904928038279,51.498137156336774],[5.622342081977612,51.498088485559435],[5.622196217092622,51.498083682797756],[5.62203613878703,51.498090126316086],[5.6217861591687335,51.498114278270435],[5.6203632490219215,51.49836012954259],[5.619014049272731,51.49859015887391],[5.618729654078107,51.4986385072549],[5.618503220129199,51.498683351339025],[5.618333827934117,51.498733583077886],[5.618267651481567,51.498755799293754],[5.618092868155511,51.49881649517774],[5.617904337046061,51.49890109188153],[5.617269829305698,51.49921197726862],[5.616563096266799,51.499558560399464],[5.616186619293759,51.499743495580184],[5.6156015422693875,51.50003113805515],[5.615253674904475,51.500201919975716],[5.615079577103426,51.50028924342912],[5.6149265962482104,51.50038034559783],[5.614827500592802,51.50044722586966],[5.6147722079235995,51.50048962539645],[5.614720366610545,51.50053390578796],[5.614632331176611,51.50061522709459],[5.614445599537112,51.500797575449276],[5.614267066953606,51.50097242897526],[5.613871523118248,51.50135841629486],[5.613680188319503,51.501545994762274],[5.612899682493293,51.50230511670582],[5.612813069063473,51.5023899124828],[5.611978973759138,51.50324876213762],[5.61174398502524,51.503492241066816],[5.611589817728996,51.503650010025915],[5.611338550596595,51.50390832375485],[5.61096136306826,51.50429420287297],[5.610703899082353,51.504559115784815],[5.610642092776357,51.50462314354042],[5.610579484632815,51.50469697044143],[5.610560626421314,51.504725401726205],[5.610505519045942,51.504825011696134],[5.6104602810968185,51.50493412175352],[5.610447996725935,51.50500194674552],[5.610444095670247,51.505046421128185],[5.6104425557445525,51.50516111942418],[5.61045027741669,51.50520543674283],[5.610463871756019,51.50526069101841],[5.610473819542157,51.50529489182977],[5.610491585804106,51.50534323482653],[5.610518392010589,51.5054022031002],[5.610540844101009,51.50544562032362],[5.610599044722325,51.505556303195974],[5.610774075265564,51.50588730813046],[5.611055519220239,51.5064224390264],[5.6112350800378445,51.50676237829035],[5.6117617565437445,51.50777454118577],[5.611677580945287,51.507827565442284],[5.611567902438882,51.50789663848723],[5.611435406162458,51.5079800921867],[5.611435852277879,51.50802090884491],[5.611333872729423,51.50796882667489],[5.611236788493878,51.507974747845076],[5.61093352502271,51.50818920582154],[5.610716801324779,51.50837165047043],[5.610574000199992,51.50841934804592],[5.610263759196031,51.50870435164631],[5.60968421152151,51.50919059388034],[5.609652824403092,51.50921691947424],[5.609652712623856,51.50921703743872],[5.613700879528469,51.5106683324152],[5.613838928205881,51.51071781937269],[5.612986073216134,51.5130242210107],[5.612935127548988,51.51319060980332],[5.61292642261996,51.513477420693285],[5.612702380766774,51.51391633236179],[5.61266566499405,51.51404758112153],[5.612738332494086,51.51426654025917],[5.612789975365053,51.514422338009396],[5.612586157116889,51.51458256003254],[5.612435604469637,51.514726669220686],[5.611502042828908,51.5158981163657],[5.611438170363095,51.516092338412314],[5.6114244106260855,51.51622354265077],[5.6114322041548235,51.51634318921384],[5.611487780896928,51.516520889813826],[5.611563306615892,51.516635069634965],[5.611650524286352,51.51679220260602],[5.611741764675718,51.51689792612358],[5.611969100830922,51.517120519709195],[5.612167139967458,51.51724513630235],[5.612350571400992,51.51732905132316],[5.6128094883799,51.51749277008345],[5.613216063813139,51.51754226433604],[5.613648654255716,51.51761698641695],[5.614539570393881,51.517734916249196],[5.614967846523689,51.517801496327834],[5.615140952828304,51.5178449781507],[5.6154728607198745,51.5179521934868],[5.615715338140037,51.51804722357695],[5.615950656727085,51.5181509754071],[5.616126890864569,51.51823405547533],[5.616327793123923,51.51834264881257],[5.616566059203362,51.518450044813356],[5.6167739523430615,51.51856087081321],[5.616964621190141,51.5186486969059],[5.61714225741803,51.518741042690195],[5.617437193201864,51.51892472888545],[5.617571721117415,51.51903935023623],[5.617719342945441,51.51916124796337],[5.617972695870782,51.51940091359268],[5.618069862845998,51.519516730905444],[5.618338120147365,51.51985327480137],[5.618435214280564,51.51999858644194],[5.618519642028927,51.52013240593145],[5.618581206281684,51.52037413459034],[5.618620847572726,51.52051057127489],[5.6186697597644715,51.52078743736129],[5.618706727142792,51.520973316939475],[5.618949957318101,51.52205063113438],[5.6189746571771035,51.52221462601042],[5.6191156210090405,51.5231469184206],[5.619206222045733,51.52395936875727],[5.6193301977128804,51.524825404365515],[5.6193849168940675,51.52539972751511],[5.619402919001772,51.52553002726913],[5.6200579940714785,51.52568237207635],[5.620476462897019,51.524962443990695]]]]},"properties":{"buurtcode":"BU16590108","buurtnaam":"Verspreide huizen Laar en Strijp","gemeentenaam":"Laarbeek","aantalInwoners":150,"crime_violent":1,"crime_property":0,"crime_disorder":0,"crime_count":1}},{"type":"Feature","geometry":{"type":"MultiPolygon","coordinates":[[[[5.590010093353498,51.52563563327508],[5.5908755603941485,51.52522851348187],[5.59394332224679,51.52450178005666],[5.598166378390185,51.52357035947039],[5.599645794160684,51.52318453500492],[5.6008361201044865,51.522753997718766],[5.60170143547454,51.52234679798486],[5.602421012658779,51.5217367736469],[5.603428673297683,51.52092368549117],[5.604039070067614,51.520088574174416],[5.604505764508774,51.51938378224715],[5.603481086331504,51.51930591095592],[5.60275504522036,51.51925388377471],[5.602964794225326,51.518481033674384],[5.599972960485038,51.51766097415304],[5.599329262616074,51.5169166491448],[5.598645166631643,51.516678005759545],[5.598304794327785,51.51691850575925],[5.597449579161456,51.51657370582997],[5.598086819016891,51.51593351932647],[5.5971829959268256,51.515538524525915],[5.596916158496231,51.515421589995135],[5.5955981571168,51.51497451810684],[5.594578383426427,51.51461454121405],[5.593653958796564,51.514577135270855],[5.592841011597734,51.51494991348736],[5.592495060342009,51.51465754992052],[5.592275156119398,51.51451130820512],[5.592180183496191,51.5143159726957],[5.592069724798853,51.51413049428754],[5.592036959685243,51.51395246406012],[5.592062530847108,51.51378275829661],[5.587325548976773,51.513610642717715],[5.5842599280717105,51.51354366902072],[5.5841727688038665,51.51410392164874],[5.584891568028547,51.51432658031422],[5.582344244486183,51.51671061243092],[5.584906544284109,51.51777033239312],[5.585265965822758,51.51785371113199],[5.585804558585446,51.517880604036606],[5.585984340984529,51.51796428612243],[5.586478383688873,51.518047430865145],[5.586996147417899,51.51830272221956],[5.587425810951725,51.5185899040817],[5.586406038021565,51.519466356302516],[5.587167076243505,51.52000606017986],[5.587637878471981,51.52027575345138],[5.58771123621491,51.52052337802037],[5.587893506425715,51.52086126180816],[5.587931218914723,51.52124433815636],[5.5877523557253985,51.5216277868185],[5.587501691332291,51.522169221581684],[5.587178876902784,51.52268802734846],[5.586964050743012,51.523139231663265],[5.586784477328165,51.52336481685317],[5.586604581645759,51.52356793069169],[5.586714285181524,51.52383824669114],[5.5871132472289045,51.52419823358135],[5.587621136188594,51.52464819915296],[5.588237230963814,51.52507522413003],[5.588672767994215,51.5255028389929],[5.589217110902294,51.526042902541164],[5.590010093353498,51.52563563327508]]]]},"properties":{"buurtcode":"BU16590200","buurtnaam":"Lieshout","gemeentenaam":"Laarbeek","aantalInwoners":3620,"crime_violent":5,"crime_property":1,"crime_disorder":0,"crime_count":6}},{"type":"Feature","geometry":{"type":"MultiPolygon","coordinates":[[[[5.618949957318101,51.52205063113438],[5.618706727142792,51.520973316939475],[5.6186697597644715,51.52078743736129],[5.618620847572726,51.52051057127489],[5.618581206281684,51.52037413459034],[5.618519642028927,51.52013240593145],[5.618435214280564,51.51999858644194],[5.618338120147365,51.51985327480137],[5.618069862845998,51.519516730905444],[5.617972695870782,51.51940091359268],[5.617719342945441,51.51916124796337],[5.617571721117415,51.51903935023623],[5.617437193201864,51.51892472888545],[5.61714225741803,51.518741042690195],[5.616964621190141,51.5186486969059],[5.6167739523430615,51.51856087081321],[5.616566059203362,51.518450044813356],[5.616327793123923,51.51834264881257],[5.616126890864569,51.51823405547533],[5.615950656727085,51.5181509754071],[5.615715338140037,51.51804722357695],[5.6154728607198745,51.5179521934868],[5.615140952828304,51.5178449781507],[5.614967846523689,51.517801496327834],[5.614539570393881,51.517734916249196],[5.613648654255716,51.51761698641695],[5.613216063813139,51.51754226433604],[5.6128094883799,51.51749277008345],[5.612350571400992,51.51732905132316],[5.612167139967458,51.51724513630235],[5.611969100830922,51.517120519709195],[5.611741764675718,51.51689792612358],[5.611650524286352,51.51679220260602],[5.611563306615892,51.516635069634965],[5.611487780896928,51.516520889813826],[5.6114322041548235,51.51634318921384],[5.6114244106260855,51.51622354265077],[5.611438170363095,51.516092338412314],[5.611502042828908,51.5158981163657],[5.612435604469637,51.514726669220686],[5.612586157116889,51.51458256003254],[5.612789975365053,51.514422338009396],[5.612738332494086,51.51426654025917],[5.592062530847108,51.51378275829661],[5.592036959685243,51.51395246406012],[5.592069724798853,51.51413049428754],[5.592180183496191,51.5143159726957],[5.592275156119398,51.51451130820512],[5.592495060342009,51.51465754992052],[5.592841011597734,51.51494991348736],[5.593653958796564,51.514577135270855],[5.594578383426427,51.51461454121405],[5.5955981571168,51.51497451810684],[5.596916158496231,51.515421589995135],[5.5971829959268256,51.515538524525915],[5.598086819016891,51.51593351932647],[5.597449579161456,51.51657370582997],[5.598304794327785,51.51691850575925],[5.598645166631643,51.516678005759545],[5.599329262616074,51.5169166491448],[5.599972960485038,51.51766097415304],[5.602964794225326,51.518481033674384],[5.60275504522036,51.51925388377471],[5.603481086331504,51.51930591095592],[5.604505764508774,51.51938378224715],[5.605454996385349,51.51795393852342],[5.611513243669634,51.52072360133093],[5.612421699133681,51.52109881397838],[5.613253345138366,51.521191587427296],[5.614236055686736,51.521284061263465],[5.615975718850779,51.521610436354905],[5.6189746571771035,51.52221462601042],[5.618949957318101,51.52205063113438]]]]},"properties":{"buurtcode":"BU16590201","buurtnaam":"Industrieterrein Bavaria","gemeentenaam":"Laarbeek","aantalInwoners":25,"crime_violent":4,"crime_property":0,"crime_disorder":0,"crime_count":4}},{"type":"Feature","geometry":{"type":"MultiPolygon","coordinates":[[[[5.602968340223682,51.536395690730146],[5.6034290938090345,51.536012820917364],[5.603589557987638,51.53580129044756],[5.603779688540711,51.535766669623925],[5.6040012360809035,51.53570783137416],[5.604191196985709,51.53563753515127],[5.604481753095522,51.53550553586135],[5.604644117720661,51.53541001057467],[5.606158423366718,51.5347187060143],[5.606811370932372,51.534412708834196],[5.6071967634908155,51.534243164823636],[5.608910899241004,51.53344695646344],[5.611188591407764,51.534745119637115],[5.6119577307010005,51.534352635379896],[5.612312823849949,51.53416234742407],[5.612567329957265,51.53403320641003],[5.61318311486649,51.533238486407534],[5.613331035436357,51.53314185426304],[5.615838500150021,51.53277658196661],[5.6160197143272645,51.532719485210386],[5.616337290353657,51.53255257233931],[5.616544362251647,51.53244345971466],[5.617501692149376,51.53196601988125],[5.617729699740482,51.53199000828671],[5.61816214385803,51.53200713099331],[5.618500906377414,51.53202359368229],[5.61846535826055,51.53185287966252],[5.6184574748253535,51.531719750831705],[5.618254883165178,51.528147161260385],[5.618281005015314,51.5279260452283],[5.618454331158321,51.52742935917766],[5.619028395447754,51.5263945250317],[5.61912819707643,51.526185060059866],[5.6192914314512095,51.525963670401254],[5.6193438688544814,51.525826770445256],[5.619383809370104,51.52571180427476],[5.619402919001772,51.52553002726913],[5.6193849168940675,51.52539972751511],[5.6193301977128804,51.524825404365515],[5.619206222045733,51.52395936875727],[5.6191156210090405,51.5231469184206],[5.6189746571771035,51.52221462601042],[5.615975718850779,51.521610436354905],[5.614236055686736,51.521284061263465],[5.613253345138366,51.521191587427296],[5.612421699133681,51.52109881397838],[5.611513243669634,51.52072360133093],[5.605454996385349,51.51795393852342],[5.604505764508774,51.51938378224715],[5.604039070067614,51.520088574174416],[5.603428673297683,51.52092368549117],[5.602421012658779,51.5217367736469],[5.60170143547454,51.52234679798486],[5.6008361201044865,51.522753997718766],[5.599645794160684,51.52318453500492],[5.598166378390185,51.52357035947039],[5.59394332224679,51.52450178005666],[5.5908755603941485,51.52522851348187],[5.590010093353498,51.52563563327508],[5.589217110902294,51.526042902541164],[5.588672767994215,51.5255028389929],[5.588237230963814,51.52507522413003],[5.587621136188594,51.52464819915296],[5.5871132472289045,51.52419823358135],[5.586714285181524,51.52383824669114],[5.586604581645759,51.52356793069169],[5.586784477328165,51.52336481685317],[5.586964050743012,51.523139231663265],[5.587178876902784,51.52268802734846],[5.587501691332291,51.522169221581684],[5.5877523557253985,51.5216277868185],[5.587931218914723,51.52124433815636],[5.587893506425715,51.52086126180816],[5.58771123621491,51.52052337802037],[5.587637878471981,51.52027575345138],[5.587167076243505,51.52000606017986],[5.586406038021565,51.519466356302516],[5.587425810951725,51.5185899040817],[5.586996147417899,51.51830272221956],[5.586478383688873,51.518047430865145],[5.585984340984529,51.51796428612243],[5.585804558585446,51.517880604036606],[5.585265965822758,51.51785371113199],[5.584906544284109,51.51777033239312],[5.582344244486183,51.51671061243092],[5.584891568028547,51.51432658031422],[5.5841727688038665,51.51410392164874],[5.5842599280717105,51.51354366902072],[5.587325548976773,51.513610642717715],[5.592062530847108,51.51378275829661],[5.612738332494086,51.51426654025917],[5.61266566499405,51.51404758112153],[5.612702380766774,51.51391633236179],[5.61292642261996,51.513477420693285],[5.612935127548988,51.51319060980332],[5.612986073216134,51.5130242210107],[5.613838928205881,51.51071781937269],[5.613700879528469,51.5106683324152],[5.609652712623856,51.50921703743872],[5.609652824403092,51.50921691947424],[5.608698032523292,51.50889292251767],[5.5999109385839025,51.50576432534547],[5.599745553127099,51.50573264502422],[5.593180406796929,51.50342321429309],[5.587643303588077,51.50148077274355],[5.586709988514771,51.5011533245594],[5.585377177502942,51.50068735879288],[5.5839163645348435,51.50017869085638],[5.583135688406234,51.4999046639225],[5.582591566914845,51.499707520338305],[5.581666280664434,51.499381555512464],[5.579932137190828,51.49875966752633],[5.579833837432636,51.49878093524117],[5.578927524208424,51.49897703267577],[5.5784730984443325,51.49907535051165],[5.578243129495253,51.49912511103425],[5.576986370362926,51.4993970109107],[5.576851463381723,51.49942620075515],[5.576830542431527,51.49943072909401],[5.576728772117571,51.49945274590943],[5.576060032403527,51.49959742428534],[5.575212560302663,51.49978297080866],[5.57465750326686,51.4999044918426],[5.5744340609191285,51.499953416397396],[5.574418852039282,51.49995674863252],[5.574364462611247,51.4999686559922],[5.574292490097937,51.4999844117067],[5.574234244407822,51.499997161135234],[5.574196531469796,51.500005419249256],[5.574146933380671,51.50001627614277],[5.5741450916352715,51.50001668358383],[5.574144674357789,51.50001677413901],[5.5735814675683555,51.5001400828627],[5.573571582428195,51.50014224694476],[5.573519969611382,51.50015354723442],[5.573398786580824,51.500180077485744],[5.572140601399263,51.50045552285212],[5.571861437060538,51.50051613515596],[5.570690092699288,51.50077043885535],[5.569331599444385,51.50106535522105],[5.569240743834159,51.50108507432741],[5.569067622990072,51.50112265626113],[5.5679737412760115,51.50136141430648],[5.566689700986686,51.50164166780577],[5.566588727445739,51.501663701507916],[5.566550579957322,51.50167202972558],[5.566112777756752,51.50204106601605],[5.565504948540498,51.502557370072985],[5.565323992404739,51.5027110828239],[5.564713575755938,51.503229570908246],[5.564509832476574,51.50340262468087],[5.564501951956208,51.50340945005681],[5.56410651774075,51.50375233825939],[5.56371528349678,51.50409157834849],[5.563532274873068,51.50425026212112],[5.563336661386094,51.50441987685846],[5.562943466677248,51.50476166107989],[5.562852279547684,51.50483987383741],[5.562772593899022,51.50490896371029],[5.561725620613643,51.505820905221896],[5.559811250527346,51.507488235532264],[5.559764031569788,51.507529356544474],[5.559345230621901,51.50789408745177],[5.558935927387071,51.50825055129825],[5.558506215941833,51.5086247692766],[5.558080000711157,51.50899594237146],[5.557651265918837,51.509369301815205],[5.5571558193165185,51.510826562863585],[5.55712616815572,51.51091376895319],[5.557103655477327,51.51097999412837],[5.557097907728216,51.51099924718919],[5.556955848587371,51.51147509714441],[5.556327001778297,51.51328808582813],[5.555890474862713,51.51453823855525],[5.555845500907778,51.514670931045046],[5.555832775274247,51.51470845905859],[5.555598067729824,51.51540081591465],[5.555496145130395,51.51570146238114],[5.555293306694442,51.51629558962247],[5.5549141535123905,51.517417855148594],[5.55472434898166,51.5179796304227],[5.554574688247143,51.5184225718494],[5.554386057733939,51.51896893830498],[5.554379721154113,51.51898771836716],[5.560539891279552,51.51971157426957],[5.5622180497943665,51.524877537951035],[5.571402355748596,51.52654343746293],[5.575065299758059,51.52688815600784],[5.577583794777019,51.527123117240336],[5.582994481204301,51.5280273564576],[5.5851464788554654,51.52851360826928],[5.588122380087087,51.52980569815522],[5.593341920507891,51.531989827800174],[5.596874206395258,51.533558235786295],[5.59697745493116,51.53343586133917],[5.597464533064856,51.53372514942304],[5.598120772940638,51.53382733421952],[5.599159877393083,51.53321253980859],[5.601389884748789,51.53453710470096],[5.601565505215433,51.53476852142558],[5.602583300725401,51.536294807417654],[5.6027222495390525,51.53650316673533],[5.602968340223682,51.536395690730146]]]]},"properties":{"buurtcode":"BU16590209","buurtnaam":"Verspreide huizen Lieshout","gemeentenaam":"Laarbeek","aantalInwoners":700,"crime_violent":1,"crime_property":0,"crime_disorder":0,"crime_count":1}},{"type":"Feature","geometry":{"type":"MultiPolygon","coordinates":[[[[5.575180226804581,51.54318241042092],[5.575958518011927,51.54314885040816],[5.575937331104136,51.54173598421982],[5.574926644490358,51.54161149242873],[5.575122944029304,51.54022552149487],[5.575577429678044,51.53918912975478],[5.575587328137881,51.53880625348683],[5.576237193120425,51.53807515732744],[5.574049014206855,51.53698290844665],[5.572941186230178,51.53780348486493],[5.571629404629075,51.53849066707991],[5.570972371184096,51.538027103929416],[5.567733121095322,51.53633134013191],[5.566322291563449,51.53715260231623],[5.565512631863297,51.536744298027784],[5.563448698448382,51.53851117037567],[5.566789091902556,51.54027009985709],[5.566285878705679,51.54071159651152],[5.567046478850811,51.54122502748138],[5.565330634750013,51.54184703094465],[5.565890620383495,51.54294868773353],[5.567475783532695,51.542590636914674],[5.568218874685162,51.54276841750899],[5.568685814618911,51.54271713147969],[5.570865377663808,51.543814830621976],[5.575180226804581,51.54318241042092]]]]},"properties":{"buurtcode":"BU16590300","buurtnaam":"Mariahout","gemeentenaam":"Laarbeek","aantalInwoners":1120,"crime_violent":4,"crime_property":0,"crime_disorder":0,"crime_count":4}},{"type":"Feature","geometry":{"type":"MultiPolygon","coordinates":[[[[5.584458377452816,51.562708831987656],[5.589096693331168,51.56211935153944],[5.591933591510778,51.561766041237284],[5.591946375509078,51.56176433795532],[5.5921295660340276,51.561738102480625],[5.593691369665116,51.56154014585243],[5.594036055805597,51.561493693986904],[5.597127678650734,51.56107703854619],[5.600158928648642,51.56066786297245],[5.600366098413833,51.56063989899275],[5.600454889467987,51.56062790788966],[5.6012765757835705,51.56051697732012],[5.602414965279929,51.56036570118642],[5.602697579867101,51.56032814699392],[5.604442112849984,51.5600963077468],[5.604445608746213,51.56007347011689],[5.6060548937715895,51.559852231101715],[5.606093385900225,51.55984693658239],[5.606556092467975,51.5598060691915],[5.60658304324519,51.55980278267106],[5.607414973937682,51.55969262470069],[5.60775183675204,51.55964801766523],[5.6082750545229985,51.55957873297638],[5.609225322143866,51.55871343744135],[5.610967602099716,51.55726851535984],[5.611105938209873,51.55716746068458],[5.612368202189872,51.556355211963286],[5.613356683189181,51.55571634940266],[5.6129010355912685,51.55566509661266],[5.613257749334955,51.55539729142184],[5.613522247223294,51.55519872355905],[5.6135333345674265,51.55518983927755],[5.61353880555997,51.55518528042484],[5.6135834779621705,51.55514802582975],[5.6139087487483,51.55486553819625],[5.614079892508898,51.55471905061526],[5.6141302948282945,51.554680202678],[5.614223995379493,51.554604321868865],[5.612952894231075,51.55402480071773],[5.612908520605056,51.55400456944955],[5.612635036932515,51.55391886328682],[5.612384344618525,51.55384013447338],[5.612150326816833,51.553761654355235],[5.6119684523660025,51.553703578324814],[5.611734479045249,51.55363380458501],[5.61151649678304,51.55356315653371],[5.611305345701979,51.55346103562897],[5.611075866520305,51.55338872344524],[5.610871878041469,51.55327675625527],[5.610553841313981,51.55310854740876],[5.610172322298617,51.552904222998],[5.609881656134822,51.55275730719228],[5.609698149302704,51.55268659092025],[5.609120632765229,51.552527017690196],[5.60877267401348,51.55241082597657],[5.608450711184842,51.552312561267605],[5.608242662481114,51.552243573670964],[5.6080146341688755,51.55218923091739],[5.60775471906667,51.55210966648794],[5.607516511040968,51.55204635334584],[5.607231959208875,51.55194970007944],[5.60667607410765,51.55178726508191],[5.606345489694992,51.55167468468698],[5.606073874010425,51.551596824745836],[5.605503799601957,51.55148019620281],[5.605306277828216,51.55144376842695],[5.60497566039923,51.55136966728666],[5.604433346380473,51.551309722549895],[5.603602463112033,51.551205086679815],[5.603355278822683,51.55109964744958],[5.602796932518797,51.55103045570994],[5.602342432340633,51.550959384691105],[5.598728506243479,51.550476105165906],[5.598126889356121,51.550399946757615],[5.597594648335081,51.55032169447309],[5.597219650726072,51.55029175236346],[5.596832986056941,51.55027194131411],[5.596514287772145,51.550237401548145],[5.596204050081743,51.550181216412334],[5.594989214176658,51.55000024078742],[5.594008193781349,51.54986265831962],[5.592083683393296,51.54956380768537],[5.591614854252969,51.54950536000751],[5.591340744010146,51.54946539063289],[5.591160379233898,51.54943256018956],[5.590824147093725,51.549404215227774],[5.590466504537955,51.54937337806486],[5.5873462008820205,51.54925489257432],[5.587129904632019,51.549246273553635],[5.587617496410101,51.54804545486901],[5.587667264584741,51.547888911444275],[5.587722799382152,51.547711852317626],[5.587779422486127,51.54716962793085],[5.587824819738226,51.54699258615661],[5.587909464836647,51.546878959157176],[5.588018380273894,51.546752087848134],[5.58814023990369,51.546598229149154],[5.588365669605094,51.54638295595083],[5.588468877948602,51.54623980303842],[5.588613723678625,51.546088712263945],[5.588775862455255,51.54592663700259],[5.58883882558765,51.54580068736365],[5.58892887120374,51.54563592740322],[5.589069272108179,51.54544889007631],[5.589127904957284,51.545311992408294],[5.589238096489239,51.54511938920915],[5.589283492182445,51.54499459329374],[5.589356383319044,51.54482255940672],[5.589381675559739,51.544685157529116],[5.589391187239305,51.5445449749198],[5.589380462559389,51.54441269150915],[5.589323223013225,51.54420436653361],[5.589257640442228,51.54404436990136],[5.589122182568653,51.5438732591862],[5.588838810395264,51.543514765086734],[5.5886163341553,51.54342722938265],[5.588376909587687,51.54337820462141],[5.58815896692185,51.54334796191494],[5.58794260903541,51.54331940234649],[5.587663959676876,51.543313420037805],[5.587419325818134,51.54330794053205],[5.587106501830797,51.54331634158282],[5.587436010086832,51.542494440035725],[5.587577179591437,51.54217594427067],[5.587845512805849,51.542193459851674],[5.587928601938537,51.542086296491185],[5.588034494828991,51.54189004967988],[5.588136074999209,51.54173706802331],[5.588280205921715,51.54142783536968],[5.588351538095694,51.54126029906412],[5.588433195273951,51.54113544096313],[5.588550418826775,51.540904904939445],[5.588633097825572,51.54070616908489],[5.588740329068123,51.540508234823406],[5.589012731394777,51.54048079747991],[5.589107070472872,51.54032164777757],[5.589217377462607,51.54015769560249],[5.589386045092902,51.53949420993152],[5.589347790539366,51.53934961565286],[5.5893427784499785,51.5391850198109],[5.58937790576318,51.538981029154094],[5.589440776152211,51.53883710198078],[5.589467508167003,51.53872020331304],[5.589752914516632,51.53807589693768],[5.589856841364478,51.53789706729695],[5.589921654601598,51.53778543896576],[5.589987607203413,51.53767661846832],[5.59007619280655,51.53749219736695],[5.590119801436828,51.53727189979791],[5.590148989848291,51.537050503695205],[5.589909649866102,51.537013280444356],[5.588224954106437,51.53673024121281],[5.588297059132725,51.53643349180971],[5.590864955435977,51.53660347588583],[5.590350204577848,51.53591505613273],[5.59072926754064,51.53592507084011],[5.591016192289622,51.5359785021529],[5.5912639982733765,51.53594576589457],[5.591435174070931,51.53585024268206],[5.591639449142643,51.53575353858],[5.591868145244277,51.535678700230655],[5.592053743037942,51.53558567932859],[5.59222211787457,51.53551881207278],[5.593536332571504,51.53451257842609],[5.594789645668902,51.536601901936116],[5.594951447652016,51.53642689645955],[5.595536782693968,51.53579355890913],[5.5969606050989675,51.53698200412955],[5.5979319640021314,51.53601762759292],[5.597856179143039,51.53589501361562],[5.597358352244938,51.535089179838046],[5.597172574130493,51.53484850603384],[5.597097302492003,51.53473909226067],[5.597004372074654,51.534608923030696],[5.596928684502461,51.53445793830569],[5.5968601827734,51.534302725850004],[5.59678311205842,51.53414444023723],[5.596439836072429,51.5340787638081],[5.596874206395258,51.533558235786295],[5.593341920507891,51.531989827800174],[5.588122380087087,51.52980569815522],[5.5851464788554654,51.52851360826928],[5.582994481204301,51.5280273564576],[5.577583794777019,51.527123117240336],[5.575065299758059,51.52688815600784],[5.571402355748596,51.52654343746293],[5.5622180497943665,51.524877537951035],[5.560539891279552,51.51971157426957],[5.554379721154113,51.51898771836716],[5.554117624842141,51.51976443996462],[5.553906697349552,51.520402072187686],[5.553738345922191,51.52089567216496],[5.553737462164393,51.520898280132315],[5.55369103720234,51.52103554900552],[5.553589918975405,51.5213345116315],[5.55348891363817,51.521633186364326],[5.553281353784895,51.52224689377899],[5.553222310593257,51.522421465288154],[5.553042712043621,51.522952436961276],[5.552831205641127,51.52357777142208],[5.552727068353132,51.52388567222453],[5.552580803353766,51.52431808940852],[5.552354386701781,51.52498745264519],[5.552351435657353,51.524996184792506],[5.552326159019173,51.525070907183384],[5.552320157053582,51.52508865026541],[5.552021421653372,51.52597180207017],[5.5518768971523125,51.52639906540338],[5.551869911072458,51.52641971317974],[5.551576832699794,51.52728604699939],[5.551575150308172,51.52729102907546],[5.551275159803947,51.52817779399136],[5.55122773645261,51.528318020503036],[5.55122651015747,51.528321626670845],[5.551200459903417,51.52839863299657],[5.551199148146333,51.52840251793193],[5.550945071325776,51.52915351590747],[5.5509149562067455,51.52924250972157],[5.5509030499471175,51.52927771694182],[5.550873760359694,51.529363896142584],[5.550672937494702,51.52995493786383],[5.55057494112188,51.53024331372943],[5.550371814497759,51.53084109958708],[5.550368006859343,51.530852295763644],[5.550304061603532,51.531040472375054],[5.550072547968389,51.53172174783581],[5.550065018027675,51.531743906343756],[5.550011224418216,51.53190221735164],[5.549917640838013,51.53217760686699],[5.549854918442296,51.53236219503861],[5.5497673229353754,51.532619958350345],[5.549500451467992,51.533405253362496],[5.549470571940582,51.5334931857823],[5.549410213355966,51.53367076825919],[5.549068263242716,51.534676918392776],[5.548606752851984,51.53603478726138],[5.5485786100325205,51.536117584520156],[5.548568710856851,51.53614672137757],[5.548562933897972,51.53616370889195],[5.547913123958448,51.538075463096376],[5.54780355952359,51.537996486985286],[5.5477923025116525,51.53798836776287],[5.547436083628423,51.53773161169728],[5.5473242068151665,51.53778936440656],[5.543041512292793,51.54000027077517],[5.543014314936411,51.54001361026151],[5.543656745158794,51.5405102714977],[5.54367818241979,51.540498557538754],[5.545206075985763,51.541686539740724],[5.5447639682361745,51.54227543422506],[5.544702785107696,51.542356935807824],[5.5446995670540105,51.542360086170554],[5.5437113597898495,51.543683004553344],[5.543575605750279,51.54386206020649],[5.543446013449248,51.54403068064186],[5.543026251969048,51.54458714346378],[5.543036591071531,51.544600603612146],[5.542409636696844,51.54542805109265],[5.542332067692399,51.54553042680549],[5.54232803497039,51.54553575343209],[5.542313884487142,51.54555442363762],[5.542289831936727,51.54558628432506],[5.54225777058883,51.545628519533075],[5.542241094054901,51.54565048292246],[5.541215767238701,51.54700363976549],[5.540655989646067,51.54774237010134],[5.540654654784763,51.547744115649415],[5.539928016002078,51.54870295937004],[5.5394439560845665,51.54934171212459],[5.53858313923174,51.55047760963298],[5.5384351868924115,51.550672818610465],[5.538112908582313,51.5510980470761],[5.538100233228882,51.55111477331455],[5.537945964899936,51.5513183240748],[5.537838067978922,51.55146068855855],[5.537586510623754,51.551793600973895],[5.536437296112919,51.553325910204116],[5.5363484776589305,51.55344432297321],[5.535881940065951,51.554066346481584],[5.535144123474086,51.555050477216376],[5.534568117108997,51.55581217338118],[5.53456564776347,51.55581549329916],[5.533960914235587,51.55662671399965],[5.533637581212515,51.557059409686694],[5.533081755720157,51.557803230624664],[5.534461506087406,51.55782176741535],[5.5349289381338584,51.557824187957785],[5.536043440391436,51.5578446773975],[5.536262998200594,51.55784871176309],[5.536446590367824,51.55785208160585],[5.536494438852011,51.557852964222796],[5.537893542365952,51.557884073741235],[5.537989428142614,51.55788620606036],[5.540471789089211,51.55797088185655],[5.541254809462827,51.557991253127035],[5.5448495938030025,51.55808472683313],[5.54488071517958,51.55808553872365],[5.545013896752476,51.558088999164056],[5.545238369848635,51.55809599517782],[5.546162784401333,51.55812480621552],[5.549209318390649,51.55821731802686],[5.549371532247605,51.55822588369176],[5.550655031618551,51.5582636527576],[5.552298093262245,51.55828771353449],[5.553452818692476,51.55830414210893],[5.554328458583305,51.55841887215007],[5.55477751601124,51.55847690621323],[5.555044079327175,51.558505709372355],[5.555069961279656,51.55850897098686],[5.555092784700374,51.558511841494514],[5.55533033908497,51.558541773334454],[5.555335955620732,51.55852421945785],[5.556249566974954,51.558645046621244],[5.55688314010944,51.55873098462822],[5.557393592893286,51.55879716197063],[5.557723964722093,51.55883998711772],[5.557724426406638,51.558840049363795],[5.558248902976617,51.55891513718058],[5.558256362360057,51.55891621387588],[5.558959248072871,51.55901755343109],[5.559111713192112,51.559039953410995],[5.559104601311402,51.55907732958249],[5.564418929312613,51.5598455619469],[5.566489912464804,51.56014562295214],[5.568400210262301,51.56042231057354],[5.569526773019032,51.56058538154074],[5.569591546102802,51.56059475440498],[5.569633607518572,51.560600845912816],[5.570484866352259,51.56072405937626],[5.572160285786155,51.56096679833663],[5.574108127108203,51.56124897812716],[5.574990636667833,51.56137678286539],[5.5750846179745635,51.56139039329175],[5.576038863987443,51.56152857340456],[5.577876465554549,51.56178813642159],[5.577884171074298,51.56178922045322],[5.577897427844474,51.56179007969306],[5.582143443980387,51.56240774344728],[5.583445340486091,51.56259709296863],[5.584248868479518,51.5627139495909],[5.5843392508651695,51.56273108220795],[5.584339762418067,51.56273098696393],[5.584458377452816,51.562708831987656]],[[5.568218874685162,51.54276841750899],[5.567475783532695,51.542590636914674],[5.565890620383495,51.54294868773353],[5.565330634750013,51.54184703094465],[5.567046478850811,51.54122502748138],[5.566285878705679,51.54071159651152],[5.566789091902556,51.54027009985709],[5.563448698448382,51.53851117037567],[5.565512631863297,51.536744298027784],[5.566322291563449,51.53715260231623],[5.567733121095322,51.53633134013191],[5.570972371184096,51.538027103929416],[5.571629404629075,51.53849066707991],[5.572941186230178,51.53780348486493],[5.574049014206855,51.53698290844665],[5.576237193120425,51.53807515732744],[5.575587328137881,51.53880625348683],[5.575577429678044,51.53918912975478],[5.575122944029304,51.54022552149487],[5.574926644490358,51.54161149242873],[5.575937331104136,51.54173598421982],[5.575958518011927,51.54314885040816],[5.575180226804581,51.54318241042092],[5.570865377663808,51.543814830621976],[5.568685814618911,51.54271713147969],[5.568218874685162,51.54276841750899]]]]},"properties":{"buurtcode":"BU16590309","buurtnaam":"Verspreide huizen Mariahout","gemeentenaam":"Laarbeek","aantalInwoners":935,"crime_violent":3,"crime_property":0,"crime_disorder":0,"crime_count":3}},{"type":"Feature","geometry":{"type":"MultiPolygon","coordinates":[[[[5.549029696145999,51.43445927303021],[5.549696813990455,51.43372874858067],[5.549876963429508,51.43337446318915],[5.549944648830655,51.43289787005676],[5.550031332752312,51.4322874788123],[5.550155090242936,51.43209831582316],[5.550846421306937,51.431589464029],[5.550994684295324,51.43152910152804],[5.552090083552982,51.43078496341387],[5.552754198971747,51.430449992647226],[5.553740327795043,51.43004946023546],[5.554337934849776,51.42985348854568],[5.555440198200264,51.42961072615752],[5.555613618397704,51.42957019722625],[5.556561483265291,51.42941694642523],[5.556631105565699,51.42937639695501],[5.5566998198948445,51.429318319011635],[5.556741619076345,51.429264565114195],[5.556774900710497,51.42918400133544],[5.55677954279921,51.429117677784696],[5.556766460944908,51.429057139091356],[5.556729966692736,51.428988451163754],[5.556678661097708,51.42893151861676],[5.556624371397945,51.428889518812156],[5.556531916959323,51.42883990441277],[5.556042987205703,51.42873764861508],[5.556038612616483,51.428683596944516],[5.5561851361302645,51.42854091276439],[5.556881127150525,51.4287432972264],[5.557015599863166,51.42876839815607],[5.557101699979712,51.42877507075875],[5.557186827075285,51.42877492050048],[5.557290861601851,51.42876559118334],[5.557623720606931,51.428629415834436],[5.5581366937468255,51.428478475705305],[5.558481301796072,51.428321328009254],[5.558239218464422,51.42811931670675],[5.557874807712028,51.42774049407912],[5.557554226559374,51.427365517203896],[5.557377942009531,51.4270841895904],[5.55706284115653,51.42649801483322],[5.556902088916513,51.42543694563742],[5.556857618067038,51.42388655259127],[5.556865584331616,51.42351097859646],[5.556910127513248,51.423075085643674],[5.556595902904008,51.42269175239631],[5.551632718821374,51.42376381952706],[5.550094295667216,51.424048038655606],[5.54874379046031,51.42427059483269],[5.543626904373441,51.4250567844144],[5.543179482216458,51.425427643157484],[5.542495470358981,51.42585546890684],[5.540442672890832,51.42738469442903],[5.539045569258507,51.428430976022284],[5.536832791015472,51.43005294561588],[5.535886954159924,51.430807987010574],[5.534820632997277,51.43163855616167],[5.534764151141869,51.431690141005845],[5.535376885014514,51.43168059014105],[5.53541427376737,51.43168516275501],[5.535434347457374,51.43168487653733],[5.535533693482878,51.43167417037311],[5.536092240191097,51.43162421767249],[5.536103942845282,51.43161018035853],[5.537067917155907,51.4315026437749],[5.537677244902744,51.431433625029456],[5.538195927780045,51.431375848639526],[5.538283829682816,51.43136625158646],[5.538770777082649,51.43132224851566],[5.5390153446328165,51.431302802073816],[5.539064417632615,51.43129672466901],[5.539161313020117,51.43128471524799],[5.539161917036304,51.43128473243735],[5.53946984361095,51.431291476302036],[5.539552356703461,51.43129170997439],[5.53984667379101,51.43130092455698],[5.540248749653677,51.43133435620355],[5.540389744925588,51.43135986052946],[5.5404709602171645,51.43137608613756],[5.5404745869556296,51.43137697124544],[5.540719852627486,51.43143681852924],[5.541114160508475,51.431511452596965],[5.541178504339385,51.43153069323889],[5.541152996647448,51.43155697392897],[5.541083338265298,51.431539538032084],[5.541005847159663,51.43162988682327],[5.5410523565420355,51.431648162327136],[5.541135134616189,51.431675558350285],[5.541160816545695,51.43166251777365],[5.541398532298635,51.43174702958675],[5.541792046934109,51.4319088527046],[5.542775838813734,51.432288204901496],[5.542898669073508,51.43233267861618],[5.543580051846441,51.43222395550627],[5.544121432875028,51.43253491925258],[5.544215392501334,51.432438451861586],[5.545807298951007,51.43330667004953],[5.546750032661798,51.43361818905453],[5.546752501043886,51.43366600550335],[5.546778322837525,51.433674967811946],[5.546826795958338,51.43369179114769],[5.547303903521483,51.43388349435695],[5.547322967334634,51.43386567054865],[5.547468831898481,51.43391886277798],[5.547445898914742,51.43394055706913],[5.548686573720619,51.43443915429021],[5.548732942064336,51.43445652806274],[5.54885189104707,51.43450220538421],[5.548678054512006,51.434676916943616],[5.548775958900657,51.43471488499401],[5.549029696145999,51.43445927303021]]]]},"properties":{"buurtcode":"BU17710001","buurtnaam":"Skandia","gemeentenaam":"Geldrop-Mierlo","aantalInwoners":3170,"crime_violent":3,"crime_property":0,"crime_disorder":0,"crime_count":3}},{"type":"Feature","geometry":{"type":"MultiPolygon","coordinates":[[[[5.53189823272898,51.432000340856774],[5.5320345424831805,51.431988527486084],[5.532522333466628,51.43194625192551],[5.533457112226131,51.43186403983903],[5.533601189436515,51.4318513645527],[5.53367007966691,51.43184530945127],[5.534339990077386,51.43178638916755],[5.5342843045076275,51.43182917374558],[5.5343533568868875,51.43182438544069],[5.534398773590206,51.43182123594327],[5.534649564031121,51.43163037651987],[5.534737001674556,51.43167598046355],[5.534751822389802,51.43168371083692],[5.534764151141869,51.431690141005845],[5.534820632997277,51.43163855616167],[5.535886954159924,51.430807987010574],[5.536832791015472,51.43005294561588],[5.539045569258507,51.428430976022284],[5.540442672890832,51.42738469442903],[5.542495470358981,51.42585546890684],[5.543179482216458,51.425427643157484],[5.543626904373441,51.4250567844144],[5.544354078133575,51.42445402859041],[5.545302244147961,51.42375205389998],[5.546439579107566,51.422788539063916],[5.547482480202738,51.42201516058356],[5.548658210660899,51.42118220746183],[5.550389718210427,51.419947452832695],[5.551873398041568,51.41885642157713],[5.552952198836725,51.41801002124559],[5.553950952946807,51.417139762493676],[5.554436924179715,51.41651764673645],[5.551990215455188,51.415330182311095],[5.551414312817167,51.415118153162496],[5.550721171790871,51.414892103479175],[5.549990449101765,51.414727166100526],[5.547106016547995,51.41434688206731],[5.543747947752501,51.41412254592334],[5.543452677121023,51.41410281501276],[5.543235746546977,51.41409189879286],[5.54303220168744,51.4140923403611],[5.542840431691785,51.41410139589111],[5.542667305787391,51.414116881003096],[5.542486766235416,51.41414063187019],[5.542262130541873,51.41418153770427],[5.5421024564643355,51.414218759424045],[5.541876283142877,51.41428414549792],[5.541681952548138,51.414353557178124],[5.541500471160742,51.41443112223914],[5.541334291741421,51.41451485638377],[5.5411967116548775,51.41459520058244],[5.541074543336864,51.414676725143174],[5.5409710005515675,51.4147550223044],[5.5408514415619745,51.414858620339345],[5.540510320155809,51.41530991638395],[5.53774943492704,51.41955755319171],[5.529434109030679,51.421368504629974],[5.530412744638558,51.42360819190014],[5.5305604626731855,51.42620430742232],[5.530962470665897,51.427424199038136],[5.531177810139063,51.42798505193389],[5.531377209729205,51.42795543920023],[5.531589162779338,51.428030501824345],[5.531777439858292,51.42802571097789],[5.531838411946974,51.428285642090145],[5.531709512504734,51.42829739751396],[5.531583227891995,51.42847188077752],[5.531236237202734,51.42895127271915],[5.531599517456465,51.430472517884],[5.531439518470566,51.43048744860662],[5.531666558218513,51.43141222899198],[5.531812765941438,51.43200774581986],[5.53189823272898,51.432000340856774]]]]},"properties":{"buurtcode":"BU17710003","buurtnaam":"Zesgehuchten","gemeentenaam":"Geldrop-Mierlo","aantalInwoners":4010,"crime_violent":8,"crime_property":0,"crime_disorder":0,"crime_count":8}},{"type":"Feature","geometry":{"type":"MultiPolygon","coordinates":[[[[5.5795268857465645,51.43135859789125],[5.57889467765625,51.431153358073274],[5.574284320810173,51.429895107619636],[5.573019376842947,51.429562767637],[5.572325029702202,51.42932997986639],[5.571989956238253,51.42925809705299],[5.570062354916565,51.428609402133226],[5.569320910169256,51.42834101854441],[5.5686694450324365,51.42803225940814],[5.568443798011799,51.427952150136186],[5.56673136925373,51.42702058556121],[5.565491262565823,51.42632111451591],[5.564687045101258,51.425758720608115],[5.5634701175588495,51.42504639467509],[5.562840463432647,51.42472096520014],[5.5625130147778945,51.42496858385636],[5.562385797159731,51.42556281585359],[5.562061577380633,51.42577132213353],[5.562026440071196,51.42605053057377],[5.561833574952178,51.42617957037238],[5.561307695692386,51.42622796797272],[5.561100415898328,51.42632865257696],[5.560897926150594,51.426525899739616],[5.560572560132856,51.427027729017105],[5.560436534232752,51.42712083046398],[5.560053001952018,51.42718864283021],[5.55991859998297,51.42751176110968],[5.559504480566846,51.427828385478904],[5.558876087606849,51.42813221525574],[5.558481301796072,51.428321328009254],[5.5581366937468255,51.428478475705305],[5.557623720606931,51.428629415834436],[5.557290861601851,51.42876559118334],[5.557186827075285,51.42877492050048],[5.557101699979712,51.42877507075875],[5.557015599863166,51.42876839815607],[5.556881127150525,51.4287432972264],[5.5561851361302645,51.42854091276439],[5.556038612616483,51.428683596944516],[5.556042987205703,51.42873764861508],[5.556531916959323,51.42883990441277],[5.556624371397945,51.428889518812156],[5.556678661097708,51.42893151861676],[5.556729966692736,51.428988451163754],[5.556766460944908,51.429057139091356],[5.55677954279921,51.429117677784696],[5.556774900710497,51.42918400133544],[5.556741619076345,51.429264565114195],[5.5566998198948445,51.429318319011635],[5.556631105565699,51.42937639695501],[5.556561483265291,51.42941694642523],[5.555613618397704,51.42957019722625],[5.555440198200264,51.42961072615752],[5.554337934849776,51.42985348854568],[5.553740327795043,51.43004946023546],[5.552754198971747,51.430449992647226],[5.552090083552982,51.43078496341387],[5.550994684295324,51.43152910152804],[5.550846421306937,51.431589464029],[5.550155090242936,51.43209831582316],[5.550031332752312,51.4322874788123],[5.549944648830655,51.43289787005676],[5.549876963429508,51.43337446318915],[5.549696813990455,51.43372874858067],[5.549029696145999,51.43445927303021],[5.548775958900657,51.43471488499401],[5.55187469745322,51.43591652182866],[5.5563045731788385,51.43763765816534],[5.557163074701514,51.4379724330254],[5.56028938231935,51.43919145153541],[5.560592280938763,51.439309552970215],[5.563323614436527,51.44037546978091],[5.566008142980781,51.441422868885546],[5.566163705413769,51.44148355539516],[5.5795268857465645,51.43135859789125]]]]},"properties":{"buurtcode":"BU17710004","buurtnaam":"Braakhuizen-Noord","gemeentenaam":"Geldrop-Mierlo","aantalInwoners":4535,"crime_violent":10,"crime_property":0,"crime_disorder":0,"crime_count":10}},{"type":"Feature","geometry":{"type":"MultiPolygon","coordinates":[[[[5.588167931550662,51.42547091363986],[5.584168703708602,51.424443381227405],[5.583392593998599,51.424250368371546],[5.582590577865185,51.424100916211614],[5.578640097659104,51.42358412123242],[5.578458517810971,51.423433179067246],[5.57853212167208,51.421912901259844],[5.578506486852432,51.42171257334544],[5.578283081968958,51.421656082823006],[5.578208478401226,51.42176708988639],[5.577870584482634,51.421748451625774],[5.5776417211939275,51.42169125151055],[5.577279844456275,51.42164919470727],[5.576573739249172,51.4217057870585],[5.575979971108444,51.42169822140099],[5.574539937707079,51.421685619473394],[5.573422666516133,51.421751142631514],[5.572563644304763,51.421346853210245],[5.5717433451210425,51.42133560199155],[5.570596356913078,51.42117078165944],[5.569151893091726,51.42085650142986],[5.56838762179695,51.42069297465855],[5.5668170209794265,51.42035379306685],[5.566176827195514,51.42029239236523],[5.565746202443261,51.420393008548224],[5.565640577639899,51.42026046473086],[5.564978997962419,51.42046655907209],[5.5647840075563275,51.42052895768583],[5.564623620204095,51.42058522241117],[5.5644380245359155,51.420656273944125],[5.564260631353111,51.420730589096166],[5.5641463040632555,51.4207820496867],[5.564052813566907,51.420826345992005],[5.563869496759886,51.42091941368928],[5.563748084678342,51.42098595869311],[5.563632542342507,51.42105326501133],[5.563518395631076,51.42112390840621],[5.5633999843514195,51.42120196842871],[5.563359965568215,51.42124557204609],[5.563332890628522,51.421289296301715],[5.563316155442593,51.42133561883376],[5.563311160572398,51.42139872530236],[5.563317937199502,51.421437225368486],[5.563326952249977,51.42146344078094],[5.563346973312802,51.42150167812336],[5.563373483992057,51.421536903419614],[5.56341554363557,51.42157740582809],[5.5637135569002885,51.421485782170905],[5.563770613863871,51.42147413801741],[5.563809274659736,51.42146929921353],[5.563867040938368,51.421466328038434],[5.563919141699147,51.42146791011993],[5.563966169016418,51.42147286524865],[5.564010707868293,51.42148082456585],[5.56408074986948,51.42150062191919],[5.564124752508916,51.42151857205476],[5.564159397522833,51.42153659032226],[5.56418938198432,51.42155582464194],[5.564217363675167,51.42157799411331],[5.564246795559325,51.421608179299405],[5.564279868443808,51.42166110306544],[5.564294535077249,51.421728201232256],[5.564584540164406,51.42245977768582],[5.564547427837941,51.42270403934264],[5.564205618790668,51.42351973500837],[5.564182885575862,51.423544656576716],[5.5641532616628435,51.4235685926597],[5.564120650090206,51.42358846498504],[5.564085854685908,51.423604674124675],[5.5640489519540814,51.423617666699144],[5.564006233255494,51.42362838046427],[5.563960245486658,51.42363549560257],[5.563908562897781,51.42363857354579],[5.563864051902834,51.42363722264157],[5.563817604226477,51.423631787492766],[5.563732165941143,51.42360963490227],[5.563696597940758,51.423594590471566],[5.5636420747701365,51.42356140677281],[5.563616104016497,51.423538613898764],[5.56359307425844,51.423510822441344],[5.563466729658012,51.4242803442188],[5.563352400027762,51.424396985535324],[5.563044740893952,51.424566488244224],[5.562840463432647,51.42472096520014],[5.5634701175588495,51.42504639467509],[5.564687045101258,51.425758720608115],[5.565491262565823,51.42632111451591],[5.56673136925373,51.42702058556121],[5.568443798011799,51.427952150136186],[5.5686694450324365,51.42803225940814],[5.569320910169256,51.42834101854441],[5.570062354916565,51.428609402133226],[5.571989956238253,51.42925809705299],[5.572325029702202,51.42932997986639],[5.573019376842947,51.429562767637],[5.574284320810173,51.429895107619636],[5.57889467765625,51.431153358073274],[5.5795268857465645,51.43135859789125],[5.588167931550662,51.42547091363986]]]]},"properties":{"buurtcode":"BU17710005","buurtnaam":"Braakhuizen-Zuid","gemeentenaam":"Geldrop-Mierlo","aantalInwoners":4020,"crime_violent":25,"crime_property":0,"crime_disorder":3,"crime_count":28}},{"type":"Feature","geometry":{"type":"MultiPolygon","coordinates":[[[[5.6146126232130875,51.44401541196972],[5.615372334221935,51.44379548229111],[5.615877071820743,51.44347867532171],[5.615548934174134,51.44290252091807],[5.615370330392435,51.442588914248454],[5.615465475528456,51.44209624071808],[5.617895367813484,51.43999621888609],[5.618576961190033,51.4392014433246],[5.619106445278377,51.43858401331354],[5.619419304177938,51.43846674046668],[5.619819831665766,51.438316603571174],[5.620786337842867,51.437769489834366],[5.6213763883580485,51.43700307513032],[5.621647674017614,51.435912383146594],[5.621695725721453,51.43490478990707],[5.622807912151961,51.43448621272667],[5.62305720687172,51.434056055499084],[5.621083486611478,51.43367847613852],[5.620776280902057,51.4332574120541],[5.620296201446552,51.43295266620806],[5.6197743545771255,51.432786723574104],[5.61841706350019,51.4325466156097],[5.618033103476754,51.43250427041754],[5.615629747807776,51.432721040978635],[5.6146447900190966,51.43269714804747],[5.613560795736332,51.432502373303436],[5.613121031794318,51.432347247322184],[5.611161941921656,51.43209248884633],[5.61130298103642,51.43333284799261],[5.6048497871290275,51.43699522353071],[5.605450529593519,51.4372714393336],[5.605339872465559,51.437365452554175],[5.605908482839139,51.437626888488396],[5.604026058745451,51.438575461093784],[5.603536917635239,51.43916350097005],[5.6037260903014845,51.43922488588495],[5.604964588922191,51.43981143813965],[5.606320774913079,51.440979967548735],[5.6089026613363835,51.443024063680284],[5.610243969322841,51.443402645498814],[5.612958108649384,51.44459390094407],[5.613708673663304,51.445011271554726],[5.6146126232130875,51.44401541196972]]]]},"properties":{"buurtcode":"BU17710112","buurtnaam":"Kerkakkers","gemeentenaam":"Geldrop-Mierlo","aantalInwoners":2995,"crime_violent":4,"crime_property":0,"crime_disorder":0,"crime_count":4}},{"type":"Feature","geometry":{"type":"MultiPolygon","coordinates":[[[[5.614025685350974,51.44873217603686],[5.613192696649886,51.44813213271482],[5.613089120191013,51.44784544933912],[5.612740706648718,51.446382845074545],[5.6126680343427235,51.44614710337391],[5.613217635155991,51.44553121942473],[5.613708673663304,51.445011271554726],[5.612958108649384,51.44459390094407],[5.610243969322841,51.443402645498814],[5.6089026613363835,51.443024063680284],[5.606320774913079,51.440979967548735],[5.604964588922191,51.43981143813965],[5.6037260903014845,51.43922488588495],[5.603536917635239,51.43916350097005],[5.5992818792248675,51.43779063805024],[5.597205586432692,51.439561343683806],[5.595516250066487,51.44100191586494],[5.597785252041442,51.44236773525084],[5.597040339776423,51.443150259194134],[5.597866393625688,51.444777941998424],[5.596146540787518,51.44472581208808],[5.597454950287589,51.44737879365925],[5.614182201790741,51.448999854986305],[5.614210909147177,51.44900090020592],[5.614025685350974,51.44873217603686]]]]},"properties":{"buurtcode":"BU17710113","buurtnaam":"Luchen","gemeentenaam":"Geldrop-Mierlo","aantalInwoners":1630,"crime_violent":0,"crime_property":1,"crime_disorder":0,"crime_count":1}},{"type":"Feature","geometry":{"type":"MultiPolygon","coordinates":[[[[5.585572116482064,51.460175162062065],[5.585618184975964,51.460157393944506],[5.587287750078129,51.459370502879345],[5.5874223541020696,51.45930744989747],[5.587981874362507,51.45904534847131],[5.588241575384878,51.45889826856611],[5.588307899783446,51.45886070732849],[5.588417534100965,51.45880361980391],[5.588536392283533,51.45874675894116],[5.588668631183036,51.45868329511936],[5.589609685012447,51.458244653348416],[5.589932928428644,51.458093971710326],[5.590106243140911,51.458017733806805],[5.5902140888498355,51.457970292554414],[5.590235657980681,51.45796080788736],[5.590281528665307,51.45792217553316],[5.590406597527528,51.45781683496074],[5.590494808705485,51.45777082091471],[5.590514733330173,51.45776042221778],[5.590719582258591,51.45780591606162],[5.5907213108181155,51.45780635348947],[5.592820998104309,51.45833994968571],[5.593302237310396,51.457955238219],[5.59347281751891,51.45799456764167],[5.593992829918558,51.45770620630661],[5.594390571415746,51.45749213574416],[5.595263746950371,51.45701215797376],[5.595266617365462,51.45701057983128],[5.595269014166993,51.457009263205755],[5.5955617955275345,51.45684831026527],[5.595523040195165,51.456764721836336],[5.595571955409054,51.45662544463757],[5.5956709473817625,51.45650026202584],[5.595789154640644,51.456383098811656],[5.5958175672418,51.456407452251995],[5.596223526829512,51.456173208057194],[5.5963495901503695,51.45610047024367],[5.596547619450284,51.45621522391295],[5.596920295755404,51.456431172428964],[5.597033514564589,51.456496774870594],[5.597306836895708,51.45616804278684],[5.598880259259221,51.45427549600314],[5.600930828959758,51.45220524641345],[5.601004323030408,51.45217001981401],[5.602680638198944,51.45353927266054],[5.603079799427339,51.45387476512134],[5.603218793385562,51.45393540603651],[5.603411768307734,51.453989969214405],[5.603964910613459,51.45356043333855],[5.604689216116127,51.45299796550497],[5.6045489478195005,51.452847963163734],[5.604689431588782,51.45279903641481],[5.604723590041774,51.452799916500545],[5.604794994600909,51.45277944185004],[5.60603733319173,51.452356436877835],[5.606164920986609,51.45231298868662],[5.606212089490533,51.45229692718566],[5.6070829257929065,51.45199269275336],[5.607280988920058,51.45192495778652],[5.607493616888974,51.45185257477531],[5.607648103097558,51.451808813455806],[5.607795392642657,51.4517733171669],[5.607869849550142,51.45176286623262],[5.6079458391172485,51.451756978603896],[5.608817156678532,51.45169808559769],[5.608762546351241,51.4515680780831],[5.6082296586755,51.45017742435854],[5.60805618717982,51.449716381517334],[5.60814615768338,51.449716705417835],[5.609056984742148,51.4499063808833],[5.609787379887061,51.450058470583414],[5.610370688670341,51.44995325738628],[5.6114787135136215,51.449753388812454],[5.614358766588679,51.45002919481355],[5.6145119635089245,51.450043853405695],[5.614510101972081,51.450025403245895],[5.614450733952231,51.4494001845019],[5.614471928790684,51.44934345148905],[5.614525044973698,51.44926644964785],[5.61454933961335,51.44926877528889],[5.614544922256784,51.449231112283634],[5.614540039173662,51.44918948617185],[5.614519244250465,51.449012125833455],[5.614210909147177,51.44900090020592],[5.614182201790741,51.448999854986305],[5.597454950287589,51.44737879365925],[5.596146540787518,51.44472581208808],[5.597866393625688,51.444777941998424],[5.597040339776423,51.443150259194134],[5.597785252041442,51.44236773525084],[5.595516250066487,51.44100191586494],[5.597205586432692,51.439561343683806],[5.5992818792248675,51.43779063805024],[5.603536917635239,51.43916350097005],[5.604026058745451,51.438575461093784],[5.605908482839139,51.437626888488396],[5.605339872465559,51.437365452554175],[5.605450529593519,51.4372714393336],[5.6048497871290275,51.43699522353071],[5.61130298103642,51.43333284799261],[5.611161941921656,51.43209248884633],[5.613121031794318,51.432347247322184],[5.613560795736332,51.432502373303436],[5.6146447900190966,51.43269714804747],[5.615629747807776,51.432721040978635],[5.618033103476754,51.43250427041754],[5.61841706350019,51.4325466156097],[5.6197743545771255,51.432786723574104],[5.620296201446552,51.43295266620806],[5.620776280902057,51.4332574120541],[5.621083486611478,51.43367847613852],[5.62305720687172,51.434056055499084],[5.6240223053354566,51.43421460201315],[5.624430909540099,51.43440099696648],[5.624658629530791,51.43458438564963],[5.624961629428111,51.434708585221976],[5.6257958264488925,51.434793768281324],[5.62882119355388,51.435427568640755],[5.63037207248905,51.4362208512456],[5.631135675085092,51.43741975621426],[5.630726551695886,51.43866377309947],[5.631644440922691,51.4407851803141],[5.632840694757584,51.442996353832505],[5.634541625095934,51.44412598249174],[5.636911622846641,51.44435663585572],[5.637558180964056,51.44521310428263],[5.63813429804289,51.44628198989635],[5.639221025859493,51.44889545763149],[5.640042444924113,51.45033703758031],[5.637613357434419,51.450800246748756],[5.635935271254864,51.45169370911425],[5.635641537823031,51.45150732542445],[5.6334826394949555,51.45222207284184],[5.631418176681794,51.45262560132476],[5.631598208529623,51.45299972205032],[5.631775421737759,51.45304717035643],[5.63366378396969,51.453549302938136],[5.634670792048668,51.45381705580875],[5.6369294184017225,51.454419067617735],[5.638893455227112,51.454944189416594],[5.640684649735937,51.45542704769594],[5.6407626465097245,51.45545315209878],[5.640790596194102,51.45546250249162],[5.640786330000945,51.455471500468555],[5.64085405120981,51.45548933058491],[5.6408590417708275,51.455481229899846],[5.640903576642522,51.45548989700236],[5.641029000253835,51.455514298049344],[5.64138634097644,51.45560871003443],[5.64155468242088,51.45565169637907],[5.642257177862885,51.45583107669668],[5.643096405261425,51.45605970844118],[5.643306761638602,51.45611201033112],[5.643332058023992,51.456117581700624],[5.6434061609206765,51.45613390419777],[5.643588350681887,51.45616649231838],[5.64417885156912,51.456247079645394],[5.644341840771278,51.45625758860658],[5.644684194541779,51.45627967260547],[5.646181377267612,51.45632642439368],[5.64629664447008,51.45632994361082],[5.6480373521922065,51.45636516407145],[5.649082916361086,51.456389067824716],[5.649824847110154,51.4564044779058],[5.652162042312565,51.456457078436],[5.6533768308626255,51.45648397482879],[5.6555977632982595,51.45653380558848],[5.655756210471824,51.45653982280357],[5.656467523234115,51.45655921619137],[5.65647113048486,51.456502543066975],[5.656471419860569,51.45649794917063],[5.656486873280474,51.456254724075414],[5.6564936318876455,51.45614945972118],[5.656499446376594,51.456057294089504],[5.656502155139132,51.45601657798863],[5.656508615284696,51.45594114783375],[5.656017071186563,51.45527207865283],[5.6559809487502255,51.455222909200074],[5.655861065946443,51.45521464617238],[5.65566040736612,51.45520081622701],[5.655632316605759,51.45514604978699],[5.655730608812385,51.455016116476905],[5.655782788417812,51.45494714282961],[5.655749241077498,51.45484537805351],[5.656067454140356,51.453766629319894],[5.656234964890069,51.453140898671904],[5.656287895942216,51.45287084567823],[5.656298131079892,51.452825608864046],[5.6561788475480865,51.452725300431226],[5.655362204867583,51.45242372248829],[5.6552849662887485,51.45237787790135],[5.655194051296159,51.45223264959683],[5.655201519654726,51.45215713628358],[5.655221172442078,51.45197631922863],[5.655278357716011,51.45147497746429],[5.65508194260811,51.451076599893376],[5.65478043134823,51.45049302615806],[5.654607685056543,51.45017962664115],[5.65445234919143,51.44993998425732],[5.654115277428395,51.44939810800556],[5.654102727337706,51.44936766501184],[5.654089388475282,51.449325358727414],[5.654087828896573,51.44928014909481],[5.65408817998279,51.44924185639438],[5.654095339198533,51.44918700888772],[5.654110665979441,51.44912665957311],[5.654137367705522,51.44906808196],[5.654272573447665,51.44881950425112],[5.654360874116005,51.448790448220485],[5.654426750042098,51.44869070238382],[5.654375113423968,51.44864291089562],[5.6543001354480955,51.4486378692174],[5.653777440979361,51.447618307653535],[5.653716353183353,51.44747921220207],[5.653586634768019,51.44722209897829],[5.653357604453632,51.44676812591471],[5.653381118677427,51.44675494872282],[5.653281214069234,51.44659463840621],[5.653307032011317,51.446384872906386],[5.652563524312281,51.445651290990206],[5.65249821685612,51.445675709118404],[5.6523869122519,51.44550823300489],[5.652228824078143,51.44531003186122],[5.651868125321411,51.44492478611507],[5.651800376577282,51.44487550197956],[5.651731995997475,51.44479170259402],[5.651367857005541,51.44438228347891],[5.651326511427662,51.444321793244825],[5.6512842424674945,51.444275687022824],[5.651221726709332,51.44421075034459],[5.651144643742678,51.44416382402973],[5.651059475756231,51.444012377268194],[5.650886586759827,51.443889353412345],[5.650501780494281,51.44355988796397],[5.650425554599649,51.44351161093318],[5.650381686900729,51.4434374632195],[5.650296507680531,51.44335810537839],[5.650234674264203,51.443311233938864],[5.650208573035792,51.44327479865861],[5.650141067848125,51.44324205223796],[5.649871554462175,51.44299933536002],[5.649415969174774,51.44256530730335],[5.64933896795645,51.44250678417859],[5.6492881394562735,51.44244730330097],[5.649227443043492,51.44237265365891],[5.648976921192432,51.4421541615512],[5.648865003305745,51.44207648066666],[5.6487616278144115,51.441958421202955],[5.648624749906801,51.44184214462837],[5.648499516837787,51.44172476315058],[5.648265112602478,51.44150650305463],[5.648243162656799,51.441521365596834],[5.647528949046695,51.44200468546573],[5.6469661060815906,51.44164792055329],[5.646794821534718,51.4415934349735],[5.6467469391878815,51.44157820683883],[5.646607385321081,51.44154405471309],[5.646201126243322,51.44144464392307],[5.64612059769005,51.44142493976354],[5.646096054579532,51.44141893587621],[5.645879112617804,51.44136573684171],[5.645828917252857,51.44135341681607],[5.645815623113222,51.44135016542676],[5.6451206398334275,51.441149099456304],[5.645213427391331,51.440974243526675],[5.644660694268409,51.44089678726754],[5.644602814205458,51.44088867242378],[5.644475120885828,51.441122840490905],[5.644257252586883,51.44097626577836],[5.644075906570964,51.440853070727144],[5.644123529123639,51.440269149117896],[5.643623148518347,51.44019222874966],[5.643742306584207,51.44000515425825],[5.643827019622296,51.43987214165714],[5.643820429908836,51.43984617879132],[5.643768240921947,51.4396403713045],[5.643716552443399,51.43943652222991],[5.643731538782097,51.439408372570554],[5.643880091757513,51.439129323680376],[5.643890751462462,51.43910930931939],[5.643758633194528,51.43869544531784],[5.6437362333107925,51.43862531974875],[5.64373541333309,51.43862273280447],[5.643639424492776,51.438377237586835],[5.643585330878965,51.438238885476515],[5.6433512891808535,51.43764032036016],[5.643132910157976,51.43708177407407],[5.643034930585758,51.43638338647221],[5.6428111518924755,51.435819565964984],[5.642456671801518,51.43492809605213],[5.642432326532896,51.434866873298176],[5.642428962491576,51.434856813304485],[5.643033870304319,51.43481225164997],[5.642954765025964,51.434459797993156],[5.642953633214682,51.43445287916673],[5.642859098630026,51.434366875774586],[5.642848094999671,51.4343434303746],[5.642427879916724,51.43302647085298],[5.642247546248045,51.432461259675954],[5.641870797048526,51.43132753676591],[5.641211745300077,51.42926201960874],[5.640434862542265,51.426837026136624],[5.640219071824306,51.42616976788147],[5.640192884767759,51.42608879143417],[5.639986066056663,51.425383985356035],[5.6397873725376275,51.424706846534214],[5.6397850646685646,51.42470032572604],[5.639318942457539,51.42338541333025],[5.639278645564782,51.423271739239496],[5.6392243031785085,51.423103709249894],[5.6391749199748595,51.422951012259354],[5.63904128300033,51.42253783789891],[5.639014851314392,51.422456106633994],[5.635402071384422,51.42211081523439],[5.63526754656229,51.42209796012694],[5.635104338926546,51.42208236139589],[5.631470358032396,51.421734925941294],[5.628297488206312,51.42143148478005],[5.628161658385591,51.42141848934839],[5.627629171146127,51.42136754436407],[5.627017687513216,51.42130902922785],[5.626885964937548,51.421193974925416],[5.626760620260122,51.421198007900166],[5.626631809780927,51.421281148592804],[5.6238961162072485,51.42101941217307],[5.623370384447144,51.420969099196725],[5.619632903800993,51.420611365455244],[5.618364267510823,51.42048983555264],[5.615133016130229,51.42018041778072],[5.614305785415053,51.42010118833315],[5.612527478534752,51.4199308525631],[5.611005937837383,51.419784994459356],[5.609685367448219,51.41965847220867],[5.6087708940175025,51.41957086672724],[5.608467168195556,51.41954176309334],[5.608341245139107,51.4195296965744],[5.607281681857135,51.41942816148633],[5.605690979198239,51.41927566807822],[5.605422265027048,51.41924990657807],[5.60455999557165,51.41916270964139],[5.604565295829507,51.41915874471942],[5.604128604902661,51.41911039020494],[5.604117168980267,51.41910894633284],[5.60215358280763,51.41886128750067],[5.602077087952536,51.41891922602834],[5.601219377480495,51.41878992880539],[5.600612369571236,51.418690107807066],[5.600524191007676,51.41867560867402],[5.599843505390755,51.41855649392051],[5.5991550157036825,51.41842777154104],[5.598723945195004,51.418342470006074],[5.5987167937943525,51.41834105468217],[5.598675731230179,51.41833293005069],[5.588167931550662,51.42547091363986],[5.5795268857465645,51.43135859789125],[5.566163705413769,51.44148355539516],[5.566097355857086,51.44153121641809],[5.566125686426996,51.44156562565826],[5.566137431712293,51.4415798915453],[5.566194705801267,51.441649456916345],[5.566243222023891,51.44170839311076],[5.566341569905449,51.441827836436794],[5.566474397905991,51.44188217551327],[5.566487599885677,51.44189996179019],[5.567159120829302,51.442804491909726],[5.567271901540867,51.442953359096464],[5.567311346007118,51.443005414541],[5.567624059870023,51.44338263538887],[5.567753105405606,51.4435408071818],[5.569608350055767,51.44581470717838],[5.570495376590364,51.446901809254165],[5.571172156573936,51.44773119847342],[5.571268443246282,51.447821832154844],[5.571305265654471,51.447856497281336],[5.571342723463523,51.44789175464534],[5.571355084281142,51.447903393438395],[5.571478302805418,51.448019386410735],[5.572463582730125,51.44894688580321],[5.572985033088035,51.44943773672401],[5.573618343458956,51.450037250387204],[5.574222526154092,51.45060918513389],[5.5760921018722565,51.45234785326737],[5.576216450743774,51.45246349781575],[5.576286236520529,51.45252838178561],[5.577106032619491,51.453290700442075],[5.577786447187178,51.45392302229085],[5.578420911579268,51.4545275596382],[5.578551914716011,51.454652386202305],[5.578783241192552,51.45487279520574],[5.578806599302292,51.45489504874199],[5.578999836345948,51.45507867531595],[5.5791222433434,51.455194994113995],[5.579139693490736,51.45521160343025],[5.581800047898357,51.457739573775285],[5.581858688366068,51.457795295578094],[5.582352117599043,51.458264138151314],[5.582505823292062,51.458410180505965],[5.584707567897515,51.46050862678506],[5.585572116482064,51.460175162062065]]]]},"properties":{"buurtcode":"BU17710114","buurtnaam":"Buitengebied Mierlo","gemeentenaam":"Geldrop-Mierlo","aantalInwoners":575,"crime_violent":3,"crime_property":0,"crime_disorder":0,"crime_count":3}},{"type":"Feature","geometry":{"type":"MultiPolygon","coordinates":[[[[5.4805139107153105,51.56680714024676],[5.481074645717245,51.56669967005467],[5.481578242764393,51.56664218500945],[5.483398485477228,51.56664069847143],[5.48608196455534,51.5664297628126],[5.486845144895668,51.566419600571514],[5.487669698398848,51.566552074584294],[5.4898830508688174,51.566578685658335],[5.492280457293967,51.56698560734561],[5.492784220737671,51.56700417858205],[5.493348907071389,51.56696561457891],[5.495134297156441,51.56674517727605],[5.495816086350163,51.56652891763609],[5.4961670447939595,51.56648102529641],[5.499248955841775,51.56621158440564],[5.499611386408245,51.56617556173809],[5.500120783224483,51.56610895414465],[5.500624292791601,51.56602855703635],[5.5017411035224715,51.5658276951179],[5.5020096936590415,51.565806502062564],[5.502238787077575,51.565859548288906],[5.503406798472855,51.56447397808606],[5.504057601821946,51.563812177288845],[5.504476397682735,51.56344788562048],[5.505165531543723,51.56286452228765],[5.5053299429535505,51.562651384320944],[5.5054718753017475,51.56264648376189],[5.508704005285529,51.561032241963126],[5.511374692371999,51.559650644789095],[5.511346219029788,51.559512707988944],[5.5115754902559875,51.55947256247574],[5.51209097820983,51.559342635167866],[5.512717592528062,51.559156896248375],[5.515578765169617,51.558200036714936],[5.517484379756851,51.55756707219094],[5.519688078352993,51.55688010251771],[5.521375953271341,51.556355456593714],[5.525263630508793,51.555149216262095],[5.525516707251571,51.55506900780199],[5.530803372615002,51.553442735314356],[5.534611656169005,51.552297025970994],[5.537945964899936,51.5513183240748],[5.538100233228882,51.55111477331455],[5.538112908582313,51.5510980470761],[5.5384351868924115,51.550672818610465],[5.53858313923174,51.55047760963298],[5.5394439560845665,51.54934171212459],[5.539928016002078,51.54870295937004],[5.540654654784763,51.547744115649415],[5.540655989646067,51.54774237010134],[5.541215767238701,51.54700363976549],[5.542241094054901,51.54565048292246],[5.54225777058883,51.545628519533075],[5.542289831936727,51.54558628432506],[5.542313884487142,51.54555442363762],[5.54232803497039,51.54553575343209],[5.542332067692399,51.54553042680549],[5.542409636696844,51.54542805109265],[5.543036591071531,51.544600603612146],[5.543026251969048,51.54458714346378],[5.543446013449248,51.54403068064186],[5.543575605750279,51.54386206020649],[5.5437113597898495,51.543683004553344],[5.5446995670540105,51.542360086170554],[5.544702785107696,51.542356935807824],[5.5447639682361745,51.54227543422506],[5.545206075985763,51.541686539740724],[5.54367818241979,51.540498557538754],[5.543656745158794,51.5405102714977],[5.543014314936411,51.54001361026151],[5.543041512292793,51.54000027077517],[5.5473242068151665,51.53778936440656],[5.547436083628423,51.53773161169728],[5.547395716212124,51.53769223398076],[5.547282005110297,51.53758129949319],[5.5466096920591355,51.53707895516451],[5.5462204908151325,51.53678813756232],[5.546151038632508,51.53673625090987],[5.54611410156873,51.53670865217591],[5.546066528537874,51.53667310398015],[5.5460635224697645,51.53667078900477],[5.546019067114144,51.536636476976966],[5.545619029523226,51.53632762299154],[5.5447026055002135,51.535620055853606],[5.544681318989492,51.53560385111102],[5.544280085861376,51.5352982840003],[5.543798092934753,51.53493118885854],[5.543678007610243,51.534852231998094],[5.543331728744103,51.53458017844707],[5.542448445014144,51.533900072461115],[5.542099154923796,51.53363669328977],[5.541854915802989,51.533452525547034],[5.5415893892927945,51.53324642622897],[5.541487471070728,51.53316730824929],[5.540964599215234,51.532768013222956],[5.540933837146651,51.53274474622838],[5.540933302502821,51.532744333455646],[5.540818533707277,51.53265749260783],[5.540737677102667,51.53259631452275],[5.540763170093592,51.53258297780017],[5.540661356374943,51.53250406570008],[5.540648120335864,51.5324938090984],[5.5405486623470726,51.53241672748345],[5.539911506267229,51.53192290059507],[5.539742855260386,51.53178868718553],[5.539731049986897,51.531779498256846],[5.5392396405561035,51.5313971878704],[5.538513703763402,51.53083241393755],[5.537920521937997,51.530378932118495],[5.537920391908645,51.53037883341146],[5.537465939802373,51.530037375104236],[5.5373819843891114,51.52999944330348],[5.537357184891788,51.530004454926726],[5.53652087972767,51.52935301633513],[5.5364844872393615,51.52932527004894],[5.535558010747168,51.52861670926268],[5.535557692919038,51.528616466973716],[5.535161344541647,51.52830397705663],[5.5350169141736405,51.52819564035077],[5.53457891281202,51.527865529565915],[5.534270148806155,51.52763282592317],[5.534187807153501,51.52757037778398],[5.533850656585251,51.527314688897604],[5.533803144656365,51.52727865924168],[5.53377082964774,51.5272541518823],[5.533709941152696,51.52720797284686],[5.532939477749099,51.526623669855724],[5.53271936134139,51.526456729041705],[5.532382371727924,51.52620115256346],[5.531500892092242,51.525532592864955],[5.531477506324068,51.52551486024508],[5.530915097481297,51.52508829761755],[5.530862303582377,51.52504825535053],[5.530184393809793,51.52473418934297],[5.529328365159517,51.5243375961587],[5.528426896844964,51.52391994645434],[5.527647838818642,51.523558986669855],[5.526311698454731,51.52293990461369],[5.526310991399887,51.52293957287742],[5.525046524988778,51.521868586116966],[5.524804889551942,51.52202454559616],[5.524733273478784,51.522070472098335],[5.524277256792969,51.52236286986361],[5.524174763662482,51.52242858033339],[5.522612264387945,51.52343039924711],[5.52160200215294,51.52244816626227],[5.521137056927284,51.522862699579],[5.521058734710401,51.52283985948645],[5.520988354266533,51.5228178281979],[5.519946355921058,51.522491383067404],[5.519930851468579,51.522510906047096],[5.519780445833988,51.52246429666535],[5.519334509202568,51.52232610272865],[5.519211635373303,51.52230766237637],[5.518950694630096,51.52226851533628],[5.518739018653197,51.52231423676671],[5.518601529849383,51.52234393740001],[5.517570617193348,51.52256659232118],[5.517471157021743,51.522588069447394],[5.517092193787136,51.52266991119513],[5.5170689810430975,51.522674925738805],[5.516690630178554,51.52274969144616],[5.5165764459358355,51.52277209200994],[5.516160395499003,51.52286058750362],[5.5158371726488955,51.52293111874255],[5.515460109108568,51.523024395623125],[5.515069796945647,51.52312093969757],[5.5147668116677595,51.523200452388565],[5.514550019026117,51.52324868863301],[5.514403674634969,51.52331850126691],[5.514341489479689,51.52335093714579],[5.514319605251936,51.52336235858878],[5.514115331200373,51.52347700636973],[5.5139115847303355,51.523569379388306],[5.5138282989087095,51.523625864531674],[5.513715638558211,51.52370518564627],[5.51338544712607,51.523947094903136],[5.513280601152031,51.52403899122362],[5.513251977477058,51.52407286436496],[5.513217508368876,51.52411364709285],[5.513121152588082,51.524206891402685],[5.513029122060073,51.52429596023903],[5.51301403267623,51.52431055608374],[5.5129195964287545,51.52425955754695],[5.512858842154117,51.52422674260564],[5.512737394221949,51.5241777235584],[5.512670866981209,51.52414148107569],[5.512350288842508,51.52396920786429],[5.5112672391475295,51.52338719174105],[5.511132943223952,51.52329100337873],[5.511049696533605,51.52325199127402],[5.510427657906405,51.523076760721096],[5.509748867367219,51.52288555079387],[5.50974599810586,51.52288485269596],[5.509549072004954,51.522837006256836],[5.509085465399803,51.52272437882406],[5.508932184752987,51.52268713724487],[5.50893006525767,51.52268661811688],[5.508877445558122,51.52277855483243],[5.508811014475119,51.5228946134391],[5.50881008225567,51.52289624135365],[5.508756744924127,51.52298941020406],[5.5087554109118235,51.52299165875263],[5.508680979589179,51.5231282736345],[5.508600073051128,51.52325220326105],[5.508597523296266,51.523257832798954],[5.508339737838579,51.5238273059698],[5.507444234084326,51.52344686320311],[5.507440209430904,51.52344515951334],[5.5071162105235185,51.52329404371342],[5.506563593781837,51.52303629542835],[5.506526805788374,51.52301913782939],[5.506531478913921,51.522998971546635],[5.5066535049207745,51.522472013910246],[5.506657622237998,51.52245422118973],[5.505946828264552,51.522241763842864],[5.505936229556516,51.52223859266043],[5.5059360910092385,51.52222969405591],[5.505934783935365,51.52214864489252],[5.505320580728594,51.5220475353846],[5.505400377364374,51.52179910760412],[5.505424638051637,51.521736962570714],[5.505451990209424,51.521666868445834],[5.505081621711928,51.521601482643206],[5.504856100784279,51.521579733222126],[5.5046305459561164,51.52154479707633],[5.504405025523434,51.52152304678409],[5.504123060178632,51.52147058458492],[5.5039468296171545,51.521431202205285],[5.5037001052216095,51.52138309913483],[5.503397015683611,51.52133505172951],[5.503243887057543,51.52130853496296],[5.503239677922596,51.52130780208426],[5.503058720721398,51.52129582940887],[5.502833258259812,51.521296053230856],[5.50252325853923,51.52130075570556],[5.5022977849031145,51.521296583063865],[5.5020300704611484,51.52130563792015],[5.501804652341343,51.5213234414773],[5.501156524598468,51.52135484484506],[5.5002596752088815,51.52139699378285],[5.500230958909889,51.52133904495071],[5.5001292404854825,51.52137006441387],[5.500107497341623,51.52137669391457],[5.500078906726161,51.52138541180809],[5.5002306365226605,51.521602987447096],[5.5002802305796274,51.52171282537864],[5.500280482484036,51.52181392027394],[5.500245472552027,51.521901863041144],[5.500168165743244,51.52198105590613],[5.500111985191623,51.52205583282076],[5.500042018819006,51.52225369539082],[5.499964863970552,51.522394424140536],[5.499838932867759,51.522754963009],[5.499825091913641,51.52285607151111],[5.499853562886226,51.5229659300164],[5.499888931090681,51.52302743200325],[5.499952533969209,51.52309769755829],[5.499995024877147,51.5231899607067],[5.50002338718769,51.52325586486997],[5.500051819139583,51.52336132792143],[5.500094390513331,51.52347996359593],[5.500158242519207,51.52365571936167],[5.500222116912861,51.523840265949076],[5.500257741621958,51.52399846725502],[5.500251002137637,51.52412154612156],[5.500237315078162,51.5242841817251],[5.500202467476982,51.52443805594211],[5.500132377639057,51.52458756884662],[5.5000623529564905,51.5247634542895],[5.49993594668521,51.52493499877627],[5.499893909326917,51.525031739113615],[5.499922520420301,51.52520313364759],[5.4999368205860515,51.52528663319602],[5.5001131207995755,51.52534360332648],[5.50015539876811,51.52534356237608],[5.5002751644321535,51.525334655406574],[5.500380804498659,51.52531257570473],[5.500578013663225,51.52527722057906],[5.500873970020447,51.525281327857414],[5.50113472795406,51.52529865510839],[5.501487165804985,51.52534666003637],[5.501874847186289,51.52539902468546],[5.5023895087398795,51.525508403404096],[5.502650380401182,51.52556968156877],[5.502777290099304,51.52560471936875],[5.503115774057439,51.52570547850518],[5.5033414721185325,51.525788767292354],[5.503440290593154,51.52585460043471],[5.503560271149392,51.52592920325866],[5.5036662946207136,51.52605655620111],[5.503751179335453,51.52618393916626],[5.503765486822572,51.52626743823746],[5.503765814329637,51.52639490568909],[5.503723795045138,51.52649604282108],[5.503660545744479,51.52656203761844],[5.503463468589231,51.52665014309735],[5.503076425912069,51.526852718629996],[5.5029286499660675,51.52693198331824],[5.502766881110949,51.527050820651304],[5.502570205767617,51.52729276462892],[5.502452412846176,51.52721786200734],[5.502259652414158,51.527095276672675],[5.502160521066405,51.52690637051612],[5.501857063097044,51.52672645625267],[5.5017145473258005,51.526766622677485],[5.501575400916743,51.52680585080556],[5.501533487177215,51.526950941442614],[5.501660713720451,51.52710465703092],[5.5019856358562755,51.52741201843852],[5.501896887291169,51.527436725628455],[5.500844871809368,51.52772960753934],[5.5004998691172515,51.527844224724475],[5.500288764464515,51.527911448885234],[5.500002164567622,51.52800272738806],[5.499999183939266,51.52800367407771],[5.4999971535996375,51.52800429625731],[5.499919136181457,51.5280280028112],[5.49827016872096,51.52852923639467],[5.49719514032614,51.52765402614037],[5.49683318741237,51.52735935129597],[5.496451155104584,51.52704830787419],[5.495966976314459,51.527110521519994],[5.4957957813975575,51.527128119071016],[5.495547884947744,51.52715360779587],[5.4949314911787335,51.52721656017843],[5.494642621604468,51.52723440855176],[5.494438238494165,51.52722141043747],[5.494262041956766,51.52720838608083],[5.494252323716199,51.527205968076295],[5.4941915343320655,51.52719086905893],[5.494036415677584,51.52715145237462],[5.493902395718182,51.52709443441361],[5.493768287206357,51.52699346198127],[5.493511380665975,51.52672865783944],[5.493499867978906,51.52671679435909],[5.4934786665532265,51.526690441052054],[5.493447701210699,51.52668514801219],[5.492760084060482,51.52774574787138],[5.492693846364601,51.527847927650235],[5.492012584188744,51.52889866570953],[5.491138042977562,51.530247401372755],[5.491130963222996,51.53025830190146],[5.49108923164104,51.53032267070656],[5.491082459421993,51.53033571924002],[5.4910604094406334,51.53037943260481],[5.491049363793195,51.53039542422491],[5.490731737722595,51.530855555930486],[5.490324375466068,51.5314219488193],[5.490033446828106,51.53180253258755],[5.4895039595802855,51.53246661075888],[5.4892824107883245,51.532744472618894],[5.489274290939069,51.532754663842034],[5.489060430519101,51.533017516525604],[5.4890308630291225,51.53306517308351],[5.488957377492107,51.53319443076378],[5.4888447758672125,51.53326544027001],[5.48881404924888,51.53328481058069],[5.488802888158576,51.5333528372332],[5.488709517652273,51.53392195244549],[5.4887094746165745,51.533922042369234],[5.488709446174196,51.533922213177874],[5.488619032131952,51.53447388778681],[5.488577086795838,51.534729515793],[5.488477228959199,51.53744163198951],[5.488277908606518,51.538083179177576],[5.488256857161681,51.53815094467694],[5.48799982683917,51.53897824629589],[5.488115837732884,51.539369672304325],[5.488190197311524,51.53962057021817],[5.488235967811141,51.539719944708274],[5.488241171320705,51.54032749907581],[5.488229199145738,51.54036907283526],[5.488140115270185,51.54067845743605],[5.487943248359266,51.541362221306116],[5.487700201176614,51.54134275500774],[5.487317371143011,51.54175230932991],[5.487144372967937,51.541847970854455],[5.486426321661558,51.54180131313084],[5.486266235883396,51.541790905638756],[5.486066691045962,51.541777942678685],[5.484933507202901,51.541704202858526],[5.484926001267571,51.54171951677075],[5.484836405062003,51.54170921898522],[5.484733758420922,51.54170328254348],[5.4845592880412,51.54169319935004],[5.484558480713823,51.54169315508128],[5.4843480264562965,51.541680989296296],[5.48391883119276,51.541650587158834],[5.483669301347057,51.54163291557895],[5.483097983833758,51.54159905948258],[5.4830842880158315,51.54159824379686],[5.4830841005853825,51.54159822597384],[5.483083898740095,51.54159820816265],[5.4827481683540515,51.54157073868653],[5.48277136596747,51.54233778056414],[5.482706176187513,51.54307508948731],[5.482574212579583,51.54380056194342],[5.482366098481175,51.54459149758389],[5.482012159007146,51.54542235400021],[5.482870485534928,51.54559213707942],[5.4857236927467214,51.54740911574831],[5.485701031319528,51.547512588470646],[5.484624485357133,51.54819066933941],[5.483803960812092,51.548691405907356],[5.484014785637269,51.548813948066545],[5.485072494590271,51.54896146687655],[5.485398061235126,51.54871798994574],[5.488376257425173,51.549124537677024],[5.488461369769404,51.54951097604948],[5.487646198337007,51.55140043543534],[5.487852181222946,51.55150082779773],[5.487002667654549,51.55242864727838],[5.486469875164419,51.55293298939545],[5.488014304894164,51.553486497996005],[5.487841403859404,51.553658230090775],[5.48636870746602,51.55433960992389],[5.486013544896131,51.55452065806616],[5.485766019179366,51.554718522655044],[5.48365486414274,51.55715387902387],[5.482731426399038,51.55798702405023],[5.481599906685834,51.55858181585895],[5.481274154971227,51.55838443315539],[5.480999103442621,51.55857913498757],[5.48018199431585,51.5581223107374],[5.479656082913499,51.55854570322049],[5.479130328479744,51.558921881508546],[5.4786947501642445,51.55861305301116],[5.478305211945575,51.558427854866714],[5.477877751582721,51.55835684114933],[5.477587719843518,51.55832377173941],[5.477190850755214,51.55828602648276],[5.477076854277374,51.5585191818503],[5.4754439360115645,51.558238051698886],[5.474613592918701,51.55994500267695],[5.474335245156052,51.56063338418291],[5.4741010504635765,51.56149209040184],[5.473975405284077,51.56217721196009],[5.4739203808435315,51.56278598824273],[5.473928695854871,51.563328934246215],[5.473949467111023,51.56363112826105],[5.474006545440074,51.564088747746645],[5.474097653516133,51.56458900173476],[5.4742059617419105,51.56501255562355],[5.474242631920247,51.56512360581041],[5.474495008596481,51.565850855732236],[5.474832175024319,51.56655456132513],[5.475169242339331,51.56720118836342],[5.475551889681865,51.56773362461936],[5.475721889332404,51.5679343270671],[5.477505336373676,51.56795106477405],[5.4805139107153105,51.56680714024676]]]]},"properties":{"buurtcode":"BU19480309","buurtnaam":"Buitengebied Vressel en Zwijnsbergen","gemeentenaam":"Meierijstad","aantalInwoners":795,"crime_violent":1,"crime_property":0,"crime_disorder":0,"crime_count":1}}]}