{"type":"FeatureCollection","features":[{"type":"Feature","id":"relation/18714174","properties":{"access":"yes","addr:city":"İzmir","addr:district":"Konak","addr:housenumber":"2","addr:neighbourhood":"Alsancak","addr:postcode":"35220","addr:street":"1475. Sokak","amenity":"parking","building":"yes","building:colour":"#adaeb3","building:levels":"8","capacity":"550","charge":"60 TRY/2 hours;70 TRY/4 hours;85 TRY/6 hours;100 TRY/12 hours;120 TRY/day;2300 TRY/month","ele":"25","fee":"yes","name":"Alsancak Punta Katlı Otoparkı","opening_hours":"24/7","operator":"İzmir Büyükşehir Belediyesi","operator:type":"government","parking":"multi-storey","roof:colour":"#aba29d","surface":"asphalt","type":"multipolygon","id":"relation/18714174"},"geometry":{"type":"Point","coordinates":[27.1457534,38.4410678]}},{"type":"Feature","id":"way/93204922","properties":{"leisure":"park","name":"Kordonboyu","surface":"grass","wikidata":"Q6013884","wikimedia_commons":"Category:Kordon","wikipedia":"tr:Kordon (İzmir)","id":"way/93204922"},"geometry":{"type":"Point","coordinates":[27.1390076,38.436347]}},{"type":"Feature","id":"way/172796127","properties":{"access":"yes","amenity":"parking","fee":"yes","parking":"surface","id":"way/172796127"},"geometry":{"type":"Point","coordinates":[27.1456483,38.4416644]}},{"type":"Feature","id":"node/255779089","properties":{"addr:street":"Atatürk Caddesi","name":"iskele","shop":"seafood","wheelchair":"yes","id":"node/255779089"},"geometry":{"type":"Point","coordinates":[27.1421099,38.4393335]}},{"type":"Feature","id":"node/255779115","properties":{"addr:street":"Alsancak Sevgi Yolu","amenity":"fast_food","name":"Konyali mesut usta","wheelchair":"no","id":"node/255779115"},"geometry":{"type":"Point","coordinates":[27.1437218,38.4392321]}},{"type":"Feature","id":"way/256317184","properties":{"amenity":"school","check_date":"2026-01-14","name":"Saint Joseph Fransız Lisesi","wikidata":"Q21526887","wikipedia":"tr:İzmir Saint Joseph Lisesi","id":"way/256317184"},"geometry":{"type":"Point","coordinates":[27.1454357,38.4381262]}},{"type":"Feature","id":"way/260493774","properties":{"amenity":"place_of_worship","denomination":"anglican","name":"The Angelican Church of Saint John the Evangelist","religion":"christian","id":"way/260493774"},"geometry":{"type":"Point","coordinates":[27.1471928,38.4369456]}},{"type":"Feature","id":"node/268029384","properties":{"amenity":"ferry_terminal","ferry":"yes","name":"Alsancak Vapur İskelesi","public_transport":"station","seamark:light:character":"Fl","seamark:light:colour":"yellow","seamark:light:group":"2","seamark:light:height":"7","seamark:light:period":"5","seamark:light:range":"5","seamark:light:reference":"E 4628.55","seamark:name":"Daragac Burnu","seamark:type":"light_minor","source":"US NGA Pub. 113. 2011-10-20.","website":"https://www.izdeniz.com.tr","wheelchair":"yes","wikidata":"Q55808401","wikimedia_commons":"Category:Alsancak Ferry Terminal","wikipedia":"en:Alsancak Ferry Terminal","id":"node/268029384"},"geometry":{"type":"Point","coordinates":[27.1406358,38.4390007]}},{"type":"Feature","id":"node/432815320","properties":{"access":"yes","amenity":"parking","fee":"yes","parking":"surface","id":"node/432815320"},"geometry":{"type":"Point","coordinates":[27.1452873,38.4392105]}},{"type":"Feature","id":"way/528135427","properties":{"leisure":"park","name":"Kıbrıs Şehitleri Parkı","id":"way/528135427"},"geometry":{"type":"Point","coordinates":[27.1433264,38.4386237]}},{"type":"Feature","id":"node/590576309","properties":{"amenity":"bank","atm":"yes","brand":"Vakıfbank","brand:wikidata":"Q1148521","brand:wikipedia":"en:VakıfBank","name":"Vakıfbank","wheelchair":"no","id":"node/590576309"},"geometry":{"type":"Point","coordinates":[27.1437407,38.4422442]}},{"type":"Feature","id":"node/590578569","properties":{"access":"yes","amenity":"parking","fee":"yes","parking":"surface","id":"node/590578569"},"geometry":{"type":"Point","coordinates":[27.1460753,38.4393277]}},{"type":"Feature","id":"way/865676479","properties":{"building":"yes","fee":"no","name":"Demiryolu Müzesi","operator":"TCDD","tourism":"museum","id":"way/865676479"},"geometry":{"type":"Point","coordinates":[27.1472178,38.4387639]}},{"type":"Feature","id":"way/865871515","properties":{"amenity":"clinic","building":"yes","healthcare":"clinic","name":"Alsancak Özel Kent Medical Center","id":"way/865871515"},"geometry":{"type":"Point","coordinates":[27.1442346,38.440624]}},{"type":"Feature","id":"way/865871517","properties":{"building":"yes","name":"Hay Hotel Alsancak","tourism":"hotel","wikidata":"Q111857555","id":"way/865871517"},"geometry":{"type":"Point","coordinates":[27.1443134,38.44109]}},{"type":"Feature","id":"way/865968469","properties":{"addr:city":"İzmir","addr:district":"Konak","addr:housenumber":"33","addr:postcode":"35220","addr:street":"Kıbrıs Şehitleri Caddesi","amenity":"cafe","brand":"Kahve Dünyası","brand:wikidata":"Q28008050","building":"yes","cuisine":"coffee_shop","name":"Kahve Dünyası","takeaway":"yes","id":"way/865968469"},"geometry":{"type":"Point","coordinates":[27.1426295,38.4358543]}},{"type":"Feature","id":"way/865982642","properties":{"access":"yes","amenity":"parking","fee":"yes","parking":"surface","id":"way/865982642"},"geometry":{"type":"Point","coordinates":[27.1459333,38.4401108]}},{"type":"Feature","id":"way/866068417","properties":{"addr:city":"İzmir","addr:district":"Konak","addr:housenumber":"10/B","addr:postcode":"35220","addr:street":"1460. Sokak","air_conditioning":"no","amenity":"restaurant","bar":"yes","building":"yes","cuisine":"burger;regional;pizza","diet:vegan":"yes","microbrewery":"no","name":"Cute Gastro Pub","opening_hours":"Mo-Sa 11:00-22:00","outdoor_seating":"yes","payment:cash":"yes","payment:credit_cards":"yes","payment:mastercard":"yes","payment:visa":"yes","phone":"+90 555 726 56 65","id":"way/866068417"},"geometry":{"type":"Point","coordinates":[27.1454156,38.4396873]}},{"type":"Feature","id":"way/866657807","properties":{"addr:city":"İzmir","addr:district":"Konak","addr:housenumber":"7","addr:neighbourhood":"Alsancak","addr:postcode":"35220","addr:street":"1488. Sokak","building":"yes","building:colour":"#eaeaea","building:levels":"6","email":"info@miraotel.com.tr","internet_access":"wlan","internet_access:fee":"customers","name":"Mira Otel Alsancak","opening_hours":"24/7","phone":"+90 232 421 12 87","reservation":"required","roof:colour":"#e17956","roof:orientation":"along","roof:shape":"hipped","rooms":"39","stars":"3","tourism":"hotel","website":"https://miraotel.com.tr/","id":"way/866657807"},"geometry":{"type":"Point","coordinates":[27.1442506,38.4360975]}},{"type":"Feature","id":"way/866708777","properties":{"access":"yes","amenity":"parking","fee":"yes","parking":"surface","id":"way/866708777"},"geometry":{"type":"Point","coordinates":[27.1472051,38.4377283]}},{"type":"Feature","id":"way/866708778","properties":{"access":"yes","amenity":"parking","fee":"yes","parking":"surface","id":"way/866708778"},"geometry":{"type":"Point","coordinates":[27.1471758,38.4372443]}},{"type":"Feature","id":"way/868567687","properties":{"addr:city":"İzmir","addr:district":"Konak","addr:housenumber":"17","addr:neighbourhood":"Alsancak","addr:postcode":"35220","addr:street":"1469. Sokak","amenity":"restaurant","branch":"İzmir Alsancak","building":"yes","contact:instagram":"https://www.instagram.com/varunagezgin.alsancak/","cuisine":"turkish","name":"Varuna Gezgin","opening_hours":"08:00-01:00","phone":"+90 232 421 45 07","website":"https://varunagezgin.com/","id":"way/868567687"},"geometry":{"type":"Point","coordinates":[27.143474,38.4392532]}},{"type":"Feature","id":"way/869791063","properties":{"amenity":"place_of_worship","building":"church","denomination":"anglican","name":"St. John the Evangelist","religion":"christian","wikidata":"Q17021192","wikimedia_commons":"Category:St. John the Evangelist's Anglican Church (İzmir)","wikipedia":"tr:Aziz Yuhanna Kilisesi","id":"way/869791063"},"geometry":{"type":"Point","coordinates":[27.1472737,38.4370383]}},{"type":"Feature","id":"way/872781004","properties":{"building":"yes","museum":"history","name":"Atatürk Müzesi","opening_hours":"Mo-Fr 08:00-17:00","tourism":"museum","id":"way/872781004"},"geometry":{"type":"Point","coordinates":[27.1406401,38.4356319]}},{"type":"Feature","id":"way/872781005","properties":{"addr:city":"İzmir","addr:district":"Konak","addr:housenumber":"221/A","addr:neighbourhood":"Alsancak","addr:postcode":"35220","addr:street":"Cumhuriyet Bulvarı","amenity":"restaurant","bar":"yes","building":"yes","cuisine":"pizza;chicken;pasta","name":"Laruv GastroPub & Cocktails","opening_hours":"11:00-24:00","payment:cash":"yes","payment:credit_cards":"yes","payment:mastercard":"yes","payment:visa":"yes","phone":"+90 530 172 47 19","reservation":"yes","id":"way/872781005"},"geometry":{"type":"Point","coordinates":[27.1407829,38.435475]}},{"type":"Feature","id":"way/873329879","properties":{"addr:city":"İzmir","addr:district":"Konak","addr:housenumber":"13","addr:postcode":"35220","addr:street":"1449. Sokak","amenity":"cafe","building":"yes","name":"eflatun cafe","id":"way/873329879"},"geometry":{"type":"Point","coordinates":[27.1423416,38.4360453]}},{"type":"Feature","id":"way/1360403895","properties":{"amenity":"ferry_terminal","building":"yes","ferry":"yes","name":"Alsancak Vapur İskelesi","public_transport":"station","website":"https://www.izdeniz.com.tr","wheelchair":"yes","wikidata":"Q55808401","wikimedia_commons":"Category:Alsancak Ferry Terminal","wikipedia":"tr:Alsancak Vapur İskelesi","id":"way/1360403895"},"geometry":{"type":"Point","coordinates":[27.1408468,38.4389848]}},{"type":"Feature","id":"way/1476905990","properties":{"amenity":"parking","parking":"street_side","id":"way/1476905990"},"geometry":{"type":"Point","coordinates":[27.1424601,38.4409297]}},{"type":"Feature","id":"way/1476905991","properties":{"amenity":"parking","parking":"street_side","id":"way/1476905991"},"geometry":{"type":"Point","coordinates":[27.1419007,38.4395076]}},{"type":"Feature","id":"node/1663426078","properties":{"amenity":"nightclub","name":"Cix club","wheelchair":"no","id":"node/1663426078"},"geometry":{"type":"Point","coordinates":[27.1419691,38.4358123]}},{"type":"Feature","id":"node/1664363366","properties":{"addr:city":"İzmir","addr:postcode":"35220","addr:street":"Kıbrıs Şehitleri Caddesi","name":"Vip Iletisim","shop":"electronics","toilets:wheelchair":"no","id":"node/1664363366"},"geometry":{"type":"Point","coordinates":[27.1425685,38.4354877]}},{"type":"Feature","id":"node/2683185185","properties":{"addr:city":"İzmir","addr:housenumber":"118","addr:postcode":"35220","addr:street":"Kıbrıs Şehitleri Caddesi","amenity":"restaurant","name":"kokorecin alasi","note":"Güzellik ve Kozmetik","phone":"+90 232 464 99 11","shop":"beauty;cosmetics","website":"http://www.matchcostmetics.com","wheelchair":"no","id":"node/2683185185"},"geometry":{"type":"Point","coordinates":[27.1438083,38.4391097]}},{"type":"Feature","id":"node/3779969057","properties":{"addr:city":"İzmir","addr:street":"Atatürk Caddesi;Kıbrıs Şehitler Cd","amenity":"restaurant","name":"Midyeli","smoking":"yes","id":"node/3779969057"},"geometry":{"type":"Point","coordinates":[27.1415113,38.435743]}},{"type":"Feature","id":"node/3977974956","properties":{"amenity":"cafe","name":"Poetika Babıali Kahvecisi","id":"node/3977974956"},"geometry":{"type":"Point","coordinates":[27.1422027,38.4369027]}},{"type":"Feature","id":"node/4167431689","properties":{"name":"Atatürk Müzesi","name:en":"Atatürk Museum","tourism":"museum","wikidata":"Q24883371","wikimedia_commons":"Category:İzmir Atatürk Museum","wikipedia":"tr:İzmir Atatürk Müzesi","id":"node/4167431689"},"geometry":{"type":"Point","coordinates":[27.1405674,38.435693]}},{"type":"Feature","id":"node/4257078365","properties":{"amenity":"car_rental","id":"node/4257078365"},"geometry":{"type":"Point","coordinates":[27.1461454,38.4363362]}},{"type":"Feature","id":"node/4460642597","properties":{"amenity":"bar","name":"Cinatı Cafe Bar","name:tr":"Cinatı Cafe Bar","id":"node/4460642597"},"geometry":{"type":"Point","coordinates":[27.1427522,38.4392878]}},{"type":"Feature","id":"node/4680239575","properties":{"addr:city":"İzmir","addr:housenumber":"2C","addr:neighbourhood":"Alsancak","addr:postcode":"35220","addr:street":"1447. Sokak","amenity":"restaurant","cuisine":"turkish","name":"Meyhane Batti","phone":"+90 232 464 76 19","id":"node/4680239575"},"geometry":{"type":"Point","coordinates":[27.1415922,38.4367294]}},{"type":"Feature","id":"node/4752218042","properties":{"addr:street":"1454. Sokak","amenity":"restaurant","name:en":"Rokalemon Visual Arts Office","shop":"photo","toilets:wheelchair":"no","id":"node/4752218042"},"geometry":{"type":"Point","coordinates":[27.1425842,38.4372067]}},{"type":"Feature","id":"node/4915180822","properties":{"addr:street":"Gazı kadınlar Sokağı 16/a","amenity":"bar","name":"Clinic","id":"node/4915180822"},"geometry":{"type":"Point","coordinates":[27.1424769,38.4376728]}},{"type":"Feature","id":"node/4971048822","properties":{"brand":"Kipa","brand:wikidata":"Q218006","brand:wikipedia":"tr:Kipa (şirket)","name":"Kipa","name:tr":"kipa Ekspres","shop":"supermarket","id":"node/4971048822"},"geometry":{"type":"Point","coordinates":[27.1438079,38.4402081]}},{"type":"Feature","id":"node/5217494822","properties":{"name":"Dükkan Design","shop":"gift","id":"node/5217494822"},"geometry":{"type":"Point","coordinates":[27.1423,38.4387209]}},{"type":"Feature","id":"node/5217518522","properties":{"amenity":"nightclub","name":"Jackson's","id":"node/5217518522"},"geometry":{"type":"Point","coordinates":[27.1427217,38.4373219]}},{"type":"Feature","id":"node/5275077821","properties":{"amenity":"bar","name":"meyhane batti","id":"node/5275077821"},"geometry":{"type":"Point","coordinates":[27.1420138,38.4355919]}},{"type":"Feature","id":"node/5284001055","properties":{"amenity":"cafe","brand":"Starbucks","brand:wikidata":"Q37158","brand:wikipedia":"en:Starbucks","cuisine":"coffee_shop","name":"Starbucks","official_name":"Starbucks Coffee","takeaway":"yes","wheelchair":"no","id":"node/5284001055"},"geometry":{"type":"Point","coordinates":[27.1441553,38.4405639]}},{"type":"Feature","id":"node/5287282705","properties":{"amenity":"fast_food","name":"Dombili Kokorec","id":"node/5287282705"},"geometry":{"type":"Point","coordinates":[27.1436072,38.4380927]}},{"type":"Feature","id":"node/5287326464","properties":{"amenity":"cafe","name":"Kebo","wheelchair":"yes","id":"node/5287326464"},"geometry":{"type":"Point","coordinates":[27.144139,38.4409987]}},{"type":"Feature","id":"node/5287342878","properties":{"amenity":"cafe","name":"Babayani","wheelchair":"yes","id":"node/5287342878"},"geometry":{"type":"Point","coordinates":[27.1440705,38.4410815]}},{"type":"Feature","id":"node/5287344369","properties":{"brand":"Intersport","brand:wikidata":"Q666888","name":"Intersport","shop":"sports","wheelchair":"yes","id":"node/5287344369"},"geometry":{"type":"Point","coordinates":[27.1441183,38.4409248]}},{"type":"Feature","id":"node/5287353168","properties":{"brand":"Koton","brand:wikidata":"Q6063877","brand:wikipedia":"tr:Koton","name":"Koton","shop":"clothes","wheelchair":"yes","id":"node/5287353168"},"geometry":{"type":"Point","coordinates":[27.144235,38.4404784]}},{"type":"Feature","id":"node/5287354462","properties":{"amenity":"cafe","check_date":"2026-02-11","name":"Brew Mood Coffee And Tea","wheelchair":"yes","id":"node/5287354462"},"geometry":{"type":"Point","coordinates":[27.1440177,38.4404213]}},{"type":"Feature","id":"node/5287356821","properties":{"amenity":"bank","brand":"Ziraat Bankası","brand:wikidata":"Q696003","brand:wikipedia":"en:Ziraat Bank","name":"Ziraat Bankası","opening_hours":"Mo-Fr 09:00-12:30,13:30-17:00; Sa-Su off; PH off; PH eve 09:00-12:30","website":"https://www.ziraatbank.com.tr/","wheelchair":"yes","id":"node/5287356821"},"geometry":{"type":"Point","coordinates":[27.144136,38.4402685]}},{"type":"Feature","id":"node/5287356874","properties":{"name":"Zencifre","shop":"gift","wheelchair":"limited","id":"node/5287356874"},"geometry":{"type":"Point","coordinates":[27.1438123,38.439255]}},{"type":"Feature","id":"node/5287357066","properties":{"branch":"Ekspres","brand":"Kipa","brand:wikidata":"Q218006","brand:wikipedia":"tr:Kipa (şirket)","name":"Kipa","shop":"supermarket","wheelchair":"yes","id":"node/5287357066"},"geometry":{"type":"Point","coordinates":[27.144103,38.4401889]}},{"type":"Feature","id":"node/5287362333","properties":{"amenity":"cafe","name":"Ayakustu Kahve","wheelchair":"yes","id":"node/5287362333"},"geometry":{"type":"Point","coordinates":[27.1441178,38.4402271]}},{"type":"Feature","id":"node/5287364484","properties":{"brand":"Penti","brand:wikidata":"Q28729986","brand:wikipedia":"tr:Penti","clothes":"underwear;women","name":"Penti","shop":"clothes","wheelchair":"no","id":"node/5287364484"},"geometry":{"type":"Point","coordinates":[27.1439436,38.4397824]}},{"type":"Feature","id":"node/5287371675","properties":{"amenity":"fast_food","name":"Oncu","wheelchair":"yes","id":"node/5287371675"},"geometry":{"type":"Point","coordinates":[27.1439604,38.4396984]}},{"type":"Feature","id":"node/5287378818","properties":{"amenity":"restaurant","name":"Ikram","wheelchair":"no","id":"node/5287378818"},"geometry":{"type":"Point","coordinates":[27.1435644,38.4381223]}},{"type":"Feature","id":"node/5287378819","properties":{"amenity":"restaurant","name":"Urfa taste","wheelchair":"no","id":"node/5287378819"},"geometry":{"type":"Point","coordinates":[27.1438352,38.4395296]}},{"type":"Feature","id":"node/5287378820","properties":{"brand":"Türk Telekom","brand:wikidata":"Q263700","name":"Türk Telekom","shop":"mobile_phone","wheelchair":"no","id":"node/5287378820"},"geometry":{"type":"Point","coordinates":[27.1436371,38.4384128]}},{"type":"Feature","id":"node/5287380642","properties":{"name":"Mundo","shop":"yes","wheelchair":"limited","id":"node/5287380642"},"geometry":{"type":"Point","coordinates":[27.143431,38.4376203]}},{"type":"Feature","id":"node/5287380809","properties":{"amenity":"cafe","name":"Doga Cafe","wheelchair":"yes","id":"node/5287380809"},"geometry":{"type":"Point","coordinates":[27.1432628,38.4372437]}},{"type":"Feature","id":"node/5287380922","properties":{"name":"Mektup","shop":"mall","toilets":"no","toilets:wheelchair":"no","id":"node/5287380922"},"geometry":{"type":"Point","coordinates":[27.1437148,38.4391642]}},{"type":"Feature","id":"node/5287380923","properties":{"addr:housenumber":"82","addr:street":"Kıbrıs Şehitleri Caddesi","amenity":"restaurant","cuisine":"turkish","name":"Manisalı Bir Tat","phone":"+902324216864","self_service":"no","wheelchair":"no","id":"node/5287380923"},"geometry":{"type":"Point","coordinates":[27.1434292,38.4377252]}},{"type":"Feature","id":"node/5287380924","properties":{"name":"yakin","shop":"books","wheelchair":"yes","id":"node/5287380924"},"geometry":{"type":"Point","coordinates":[27.1436558,38.4382467]}},{"type":"Feature","id":"node/5287380929","properties":{"amenity":"bank","atm":"yes","brand":"Garanti Bankası","brand:wikidata":"Q322962","brand:wikipedia":"en:Garanti Bank","name":"Garanti Bankası","wheelchair":"yes","id":"node/5287380929"},"geometry":{"type":"Point","coordinates":[27.1433365,38.4374028]}},{"type":"Feature","id":"node/5287380997","properties":{"name":"Lee","shop":"yes","wheelchair":"yes","id":"node/5287380997"},"geometry":{"type":"Point","coordinates":[27.1430212,38.4362671]}},{"type":"Feature","id":"node/5287381411","properties":{"addr:city":"İzmir","addr:postcode":"35220","addr:street":"Kıbrıs Şehitleri Caddesi","name":"Tekno Pluss","shop":"electronics","toilets:wheelchair":"no","id":"node/5287381411"},"geometry":{"type":"Point","coordinates":[27.1436837,38.4383984]}},{"type":"Feature","id":"node/5287381412","properties":{"shop":"craft","wheelchair":"yes","id":"node/5287381412"},"geometry":{"type":"Point","coordinates":[27.1438166,38.439444]}},{"type":"Feature","id":"node/5287381413","properties":{"addr:city":"İzmir","addr:housenumber":"118","addr:postcode":"35220","addr:street":"Kıbrıs Şehitleri Caddesi","amenity":"restaurant","name":"karatas doner","wheelchair":"limited","id":"node/5287381413"},"geometry":{"type":"Point","coordinates":[27.1432902,38.4374167]}},{"type":"Feature","id":"node/5287381414","properties":{"addr:housenumber":"hospital","addr:street":"1479. Sokak","amenity":"hospital","healthcare":"hospital","name":"ozel kent","id":"node/5287381414"},"geometry":{"type":"Point","coordinates":[27.1432668,38.4404593]}},{"type":"Feature","id":"node/5287381415","properties":{"addr:city":"İzmir","addr:housenumber":"118","addr:postcode":"35220","addr:street":"Kıbrıs Şehitleri Caddesi","name":"gratis marketi","shop":"department_store","toilets:wheelchair":"no","id":"node/5287381415"},"geometry":{"type":"Point","coordinates":[27.1433926,38.4376691]}},{"type":"Feature","id":"node/5287381419","properties":{"addr:city":"İzmir","addr:postcode":"35220","addr:street":"Kıbrıs Şehitleri Caddesi","amenity":"restaurant","name":"pide","toilets:wheelchair":"no","wheelchair":"limited","id":"node/5287381419"},"geometry":{"type":"Point","coordinates":[27.1436499,38.4380707]}},{"type":"Feature","id":"node/5287381420","properties":{"addr:city":"İzmir","addr:housenumber":"118","addr:postcode":"35220","addr:street":"Kıbrıs Şehitleri Caddesi","amenity":"restaurant","name":"yenidogan kokorec","wheelchair":"no","id":"node/5287381420"},"geometry":{"type":"Point","coordinates":[27.1436541,38.438187]}},{"type":"Feature","id":"node/5287382927","properties":{"brand":"Atasun Optik","brand:wikidata":"Q106803132","check_date":"2025-09-18","name":"Atasun Optik","shop":"optician","wheelchair":"no","id":"node/5287382927"},"geometry":{"type":"Point","coordinates":[27.1431739,38.4368935]}},{"type":"Feature","id":"node/5287384171","properties":{"amenity":"restaurant","check_date":"2025-06-23","name":"Köfteci Ramiz","wheelchair":"yes","id":"node/5287384171"},"geometry":{"type":"Point","coordinates":[27.143162,38.4366926]}},{"type":"Feature","id":"node/5287387834","properties":{"addr:city":"İzmir","addr:postcode":"35220","addr:street":"Kıbrıs Şehitleri Caddesi","check_date":"2025-09-18","name":"D&P parfumum","shop":"perfumery","wheelchair":"no","id":"node/5287387834"},"geometry":{"type":"Point","coordinates":[27.1429076,38.4361977]}},{"type":"Feature","id":"node/5287387835","properties":{"addr:city":"İzmir","addr:district":"Konak","addr:housenumber":"12","addr:neighbourhood":"Alsancak","addr:postcode":"35220","addr:street":"Kıbrıs Şehitleri Caddesi","amenity":"community_centre","building":"yes","name":"Turkan Saylan","phone":"+902324225236","toilets:wheelchair":"yes","website":"https://www.konak.bel.tr/kultur-sanat/kultur-merkezleri/turkan-saylan-kultur-merkezi","id":"node/5287387835"},"geometry":{"type":"Point","coordinates":[27.1426911,38.4352727]}},{"type":"Feature","id":"node/5287387836","properties":{"addr:city":"İzmir","addr:postcode":"35220","addr:street":"Kıbrıs Şehitleri Caddesi","check_date":"2026-02-15","name":"Tudors","shop":"clothes","toilets:wheelchair":"limited","id":"node/5287387836"},"geometry":{"type":"Point","coordinates":[27.1430541,38.4363538]}},{"type":"Feature","id":"node/5287387837","properties":{"addr:city":"İzmir","addr:housenumber":"118","addr:postcode":"35220","addr:street":"Kıbrıs Şehitleri Caddesi","name":"Samil","shop":"clothes","wheelchair":"no","id":"node/5287387837"},"geometry":{"type":"Point","coordinates":[27.1427922,38.435844]}},{"type":"Feature","id":"node/5287387838","properties":{"addr:city":"İzmir","addr:postcode":"35220","addr:street":"Kıbrıs Şehitleri Caddesi","amenity":"restaurant","check_date":"2025-09-18","name":"chickinn","wheelchair":"limited","id":"node/5287387838"},"geometry":{"type":"Point","coordinates":[27.1431757,38.4370021]}},{"type":"Feature","id":"node/5287387839","properties":{"addr:city":"İzmir","addr:housenumber":"118","addr:postcode":"35220","addr:street":"Kıbrıs Şehitleri Caddesi","name":"Efemme","shop":"shoes","toilets:wheelchair":"no","id":"node/5287387839"},"geometry":{"type":"Point","coordinates":[27.1430408,38.436386]}},{"type":"Feature","id":"node/5287387840","properties":{"addr:city":"İzmir","addr:housenumber":"118","addr:postcode":"35220","addr:street":"Kıbrıs Şehitleri Caddesi","check_date":"2025-09-18","name":"Loya","shop":"clothes","wheelchair":"no","id":"node/5287387840"},"geometry":{"type":"Point","coordinates":[27.1428825,38.4361207]}},{"type":"Feature","id":"node/5287387841","properties":{"addr:city":"İzmir","addr:postcode":"35220","addr:street":"Kıbrıs Şehitleri Caddesi","name":"Cep Aksesuar","shop":"electronics","wheelchair":"no","id":"node/5287387841"},"geometry":{"type":"Point","coordinates":[27.1428382,38.4359849]}},{"type":"Feature","id":"node/5287387843","properties":{"addr:city":"İzmir","addr:housenumber":"118","addr:postcode":"35220","addr:street":"Kıbrıs Şehitleri Caddesi","check_date":"2025-09-18","name":"Eyfel","shop":"perfumery","wheelchair":"limited","id":"node/5287387843"},"geometry":{"type":"Point","coordinates":[27.1429328,38.4362749]}},{"type":"Feature","id":"node/5287388144","properties":{"check_date":"2025-09-18","name":"David Walker","shop":"cosmetics","wheelchair":"yes","id":"node/5287388144"},"geometry":{"type":"Point","coordinates":[27.1428597,38.4358742]}},{"type":"Feature","id":"node/5287388975","properties":{"addr:city":"İzmir","addr:district":"Konak","addr:housenumber":"16","addr:neighbourhood":"Alsancak","addr:postcode":"35220","addr:street":"Kıbrıs Şehitleri Caddesi","amenity":"pharmacy","healthcare":"pharmacy","name":"Çağdaş Eczanesi","name:tr":"Eczane Çağdaş","phone":"+90 232 463 4040","wheelchair":"yes","id":"node/5287388975"},"geometry":{"type":"Point","coordinates":[27.142722,38.435616]}},{"type":"Feature","id":"node/5287391013","properties":{"addr:city":"İzmir","addr:district":"Konak","addr:housenumber":"4D","addr:neighbourhood":"Alsancak","addr:postcode":"35220","addr:street":"Kıbrıs Şehitleri Caddesi","check_date":"2026-02-15","name":"Penny Tobacco","name:tr":"Penny Sarkuteri","opening_hours":"Mo-Fr 08:00-00:00","phone":"+902324225412","shop":"alcohol","wheelchair":"yes","id":"node/5287391013"},"geometry":{"type":"Point","coordinates":[27.1425225,38.4350805]}},{"type":"Feature","id":"node/5287391745","properties":{"name":"Olgun Orkun","shop":"clothes","toilets:wheelchair":"no","id":"node/5287391745"},"geometry":{"type":"Point","coordinates":[27.1428223,38.4359269]}},{"type":"Feature","id":"node/5287391746","properties":{"brand":"Vodafone","brand:wikidata":"Q122141","brand:wikipedia":"en:Vodafone","name":"Vodafone","shop":"mobile_phone","wheelchair":"no","id":"node/5287391746"},"geometry":{"type":"Point","coordinates":[27.1429139,38.4362087]}},{"type":"Feature","id":"node/5287391747","properties":{"addr:city":"İzmir","addr:district":"Konak","addr:housenumber":"44A","addr:neighbourhood":"Alsancak","addr:street":"Kıbrıs Şehitleri Caddesi","brand":"Mion","name":"Mion","shop":"cosmetics","website":"https://www.mionturkiye.com.tr/","id":"node/5287391747"},"geometry":{"type":"Point","coordinates":[27.1431192,38.4365827]}},{"type":"Feature","id":"node/5287391751","properties":{"brand":"Colin's","brand:wikidata":"Q18015543","brand:wikipedia":"be:Colin’s","name":"Colin's","shop":"clothes","toilets:wheelchair":"no","id":"node/5287391751"},"geometry":{"type":"Point","coordinates":[27.1429408,38.4360906]}},{"type":"Feature","id":"node/5287391752","properties":{"check_date":"2025-09-18","name":"Kırmızı Kedi","shop":"books","wheelchair":"no","id":"node/5287391752"},"geometry":{"type":"Point","coordinates":[27.1431739,38.4368255]}},{"type":"Feature","id":"node/5287393326","properties":{"addr:city":"İzmir","addr:district":"Konak","addr:neighbourhood":"Alsancak","addr:postcode":"35220","addr:street":"Kıbrıs Şehitleri Caddesi","check_date":"2026-01-23","name":"Moonlight Accesories","shop":"beauty","wheelchair":"yes","id":"node/5287393326"},"geometry":{"type":"Point","coordinates":[27.1424881,38.4349651]}},{"type":"Feature","id":"node/5287393328","properties":{"amenity":"restaurant","check_date":"2025-09-18","name":"Alsancak Unlu Mamuller","wheelchair":"yes","id":"node/5287393328"},"geometry":{"type":"Point","coordinates":[27.1425586,38.4355928]}},{"type":"Feature","id":"node/5287393330","properties":{"amenity":"restaurant","name":"Komşu Kahve","wheelchair":"no","id":"node/5287393330"},"geometry":{"type":"Point","coordinates":[27.1428356,38.4354486]}},{"type":"Feature","id":"node/5287393333","properties":{"name":"Tuğba Kuruyemiş","shop":"convenience","wheelchair":"no","id":"node/5287393333"},"geometry":{"type":"Point","coordinates":[27.1424752,38.4347107]}},{"type":"Feature","id":"node/5287393335","properties":{"addr:street":"Talatpaşa Bulvarı","name":"Miss Buse;Berk optik","name:en":"Berk optik","name:tr":"Berk optik","shop":"clothes;optician","wheelchair":"no","id":"node/5287393335"},"geometry":{"type":"Point","coordinates":[27.1428754,38.4354707]}},{"type":"Feature","id":"node/5287404340","properties":{"amenity":"restaurant","name":"Baraka","wheelchair":"no","id":"node/5287404340"},"geometry":{"type":"Point","coordinates":[27.1435345,38.4372812]}},{"type":"Feature","id":"node/5287404342","properties":{"name":"On-ka","shop":"interior_decoration","wheelchair":"no","id":"node/5287404342"},"geometry":{"type":"Point","coordinates":[27.1440965,38.4372891]}},{"type":"Feature","id":"node/5287404344","properties":{"addr:city":"İzmir","addr:district":"konak","addr:housenumber":"8/A","addr:street":"1484. Sokak","amenity":"restaurant","check_date":"2026-01-18","internet_access":"wlan","name":"Yasam Vegan Kafe","opening_hours":"Mo-Sa 12:00-21:30","outdoor_seating":"yes","phone":"+905340330372","website":"https://yasamfoods.com","wheelchair":"no","id":"node/5287404344"},"geometry":{"type":"Point","coordinates":[27.1442602,38.4374929]}},{"type":"Feature","id":"node/5287404348","properties":{"amenity":"cafe","name":"Junker","wheelchair":"no","id":"node/5287404348"},"geometry":{"type":"Point","coordinates":[27.1441462,38.4372817]}},{"type":"Feature","id":"node/5287404349","properties":{"amenity":"cafe","name":"Alin","wheelchair":"no","id":"node/5287404349"},"geometry":{"type":"Point","coordinates":[27.1440931,38.4371901]}},{"type":"Feature","id":"node/5287404352","properties":{"name":"Ikinci Vintage","shop":"clothes","wheelchair":"no","id":"node/5287404352"},"geometry":{"type":"Point","coordinates":[27.1440602,38.4372682]}},{"type":"Feature","id":"node/5287404353","properties":{"amenity":"cafe","name":"Blue","wheelchair":"no","id":"node/5287404353"},"geometry":{"type":"Point","coordinates":[27.1440953,38.437188]}},{"type":"Feature","id":"node/5287436065","properties":{"amenity":"fast_food","brand":"Burger King","brand:wikidata":"Q177054","brand:wikipedia":"en:Burger King","cuisine":"burger","name":"Burger King","takeaway":"yes","wheelchair":"yes","id":"node/5287436065"},"geometry":{"type":"Point","coordinates":[27.1434775,38.4378762]}},{"type":"Feature","id":"node/5287436067","properties":{"name":"Çıtı Pıtı","shop":"clothes","wheelchair":"yes","id":"node/5287436067"},"geometry":{"type":"Point","coordinates":[27.1430574,38.4362742]}},{"type":"Feature","id":"node/5287436071","properties":{"name":"Single Accessories","shop":"mobile_phone","wheelchair":"no","id":"node/5287436071"},"geometry":{"type":"Point","coordinates":[27.1429865,38.4360406]}},{"type":"Feature","id":"node/5287436074","properties":{"brand":"Watsons","brand:wikidata":"Q7974785","brand:wikipedia":"en:Watsons","check_date":"2025-09-18","name":"Watsons","operator":"A.S. Watson Group","operator:wikidata":"Q4647401","operator:wikipedia":"en:A.S. Watson Group","shop":"chemist","wheelchair":"yes","id":"node/5287436074"},"geometry":{"type":"Point","coordinates":[27.142908,38.4365187]}},{"type":"Feature","id":"node/5287436075","properties":{"brand":"Mango","brand:wikidata":"Q136503","brand:wikipedia":"en:Mango (retailer)","name":"Mango","shop":"clothes","wheelchair":"yes","id":"node/5287436075"},"geometry":{"type":"Point","coordinates":[27.1430271,38.436238]}},{"type":"Feature","id":"node/5287436078","properties":{"name":"Bsl Fashion","shop":"clothes","wheelchair":"yes","id":"node/5287436078"},"geometry":{"type":"Point","coordinates":[27.1430957,38.4363286]}},{"type":"Feature","id":"node/5287436079","properties":{"name":"Golden Rose","shop":"cosmetics","wheelchair":"no","id":"node/5287436079"},"geometry":{"type":"Point","coordinates":[27.1429926,38.4359784]}},{"type":"Feature","id":"node/5287436080","properties":{"amenity":"fast_food","brand":"Baydöner","brand:wikidata":"Q28940521","cuisine":"kebab","name":"Baydöner","takeaway":"yes","wheelchair":"yes","id":"node/5287436080"},"geometry":{"type":"Point","coordinates":[27.1430094,38.4368468]}},{"type":"Feature","id":"node/5287436081","properties":{"addr:postcode":"35220","amenity":"pharmacy","healthcare":"pharmacy","name":"Özlem Eczanesi","phone":"+90 232 367 2597","wheelchair":"yes","id":"node/5287436081"},"geometry":{"type":"Point","coordinates":[27.1428677,38.4364046]}},{"type":"Feature","id":"node/5287436082","properties":{"name":"Junior Play","shop":"clothes","wheelchair":"yes","id":"node/5287436082"},"geometry":{"type":"Point","coordinates":[27.1430353,38.4360422]}},{"type":"Feature","id":"node/5287436112","properties":{"brand":"Penti","brand:wikidata":"Q28729986","brand:wikipedia":"tr:Penti","clothes":"underwear;women","name":"Penti","shop":"clothes","wheelchair":"no","id":"node/5287436112"},"geometry":{"type":"Point","coordinates":[27.1437427,38.4396283]}},{"type":"Feature","id":"node/5287436114","properties":{"amenity":"restaurant","name":"Beyababa","wheelchair":"no","id":"node/5287436114"},"geometry":{"type":"Point","coordinates":[27.143644,38.4382171]}},{"type":"Feature","id":"node/5287436116","properties":{"amenity":"restaurant","name":"Aysel Abla Ev Yemekleri","wheelchair":"limited","id":"node/5287436116"},"geometry":{"type":"Point","coordinates":[27.143695,38.4396253]}},{"type":"Feature","id":"node/5287436117","properties":{"amenity":"cafe","name":"Teyzem Borek","wheelchair":"limited","id":"node/5287436117"},"geometry":{"type":"Point","coordinates":[27.1435918,38.4383757]}},{"type":"Feature","id":"node/5287436119","properties":{"addr:postcode":"35220","amenity":"pharmacy","healthcare":"pharmacy","name":"Efes Eczanesi","phone":"+90 232 464 0454","wheelchair":"no","id":"node/5287436119"},"geometry":{"type":"Point","coordinates":[27.143697,38.4396548]}},{"type":"Feature","id":"node/5287436120","properties":{"name":"T-win","shop":"clothes","wheelchair":"no","id":"node/5287436120"},"geometry":{"type":"Point","coordinates":[27.1435822,38.4383607]}},{"type":"Feature","id":"node/5287436722","properties":{"name":"Sezen Tekel","shop":"supermarket","wheelchair":"limited","id":"node/5287436722"},"geometry":{"type":"Point","coordinates":[27.1437257,38.4396815]}},{"type":"Feature","id":"node/5287436723","properties":{"name":"Mutlu Yillar","shop":"shoes","wheelchair":"no","id":"node/5287436723"},"geometry":{"type":"Point","coordinates":[27.1435822,38.4383487]}},{"type":"Feature","id":"node/5287436725","properties":{"amenity":"fast_food","name":"Acar","wheelchair":"limited","id":"node/5287436725"},"geometry":{"type":"Point","coordinates":[27.1437068,38.4397022]}},{"type":"Feature","id":"node/5287436726","properties":{"amenity":"fast_food","brand":"Burger King","brand:wikidata":"Q177054","brand:wikipedia":"en:Burger King","cuisine":"burger","name":"Burger King","takeaway":"yes","wheelchair":"yes","id":"node/5287436726"},"geometry":{"type":"Point","coordinates":[27.1436162,38.4383037]}},{"type":"Feature","id":"node/5287436727","properties":{"name":"Teknotel","shop":"mobile_phone","wheelchair":"yes","id":"node/5287436727"},"geometry":{"type":"Point","coordinates":[27.1437022,38.4397121]}},{"type":"Feature","id":"node/5287436728","properties":{"amenity":"community_centre","name":"Prometric","wheelchair":"no","id":"node/5287436728"},"geometry":{"type":"Point","coordinates":[27.1436263,38.4383308]}},{"type":"Feature","id":"node/5287436730","properties":{"name":"23","shop":"clothes","wheelchair":"no","id":"node/5287436730"},"geometry":{"type":"Point","coordinates":[27.1437988,38.4397928]}},{"type":"Feature","id":"node/5287436731","properties":{"amenity":"cafe","name":"Meyhane Babur","wheelchair":"no","id":"node/5287436731"},"geometry":{"type":"Point","coordinates":[27.1437009,38.4382251]}},{"type":"Feature","id":"node/5287436732","properties":{"amenity":"fast_food","name":"Oncu","wheelchair":"no","id":"node/5287436732"},"geometry":{"type":"Point","coordinates":[27.1437518,38.4396595]}},{"type":"Feature","id":"node/5287436733","properties":{"name":"23","shop":"clothes","wheelchair":"no","id":"node/5287436733"},"geometry":{"type":"Point","coordinates":[27.1438717,38.4395543]}},{"type":"Feature","id":"node/5287436734","properties":{"amenity":"restaurant","name":"Feristah","wheelchair":"limited","id":"node/5287436734"},"geometry":{"type":"Point","coordinates":[27.1437009,38.4382775]}},{"type":"Feature","id":"node/5287436735","properties":{"name":"Baks","shop":"bakery","wheelchair":"limited","id":"node/5287436735"},"geometry":{"type":"Point","coordinates":[27.1437523,38.4396965]}},{"type":"Feature","id":"node/5287436736","properties":{"brand":"Penti","brand:wikidata":"Q28729986","brand:wikipedia":"tr:Penti","clothes":"underwear;women","name":"Penti","shop":"clothes","wheelchair":"no","id":"node/5287436736"},"geometry":{"type":"Point","coordinates":[27.1436369,38.438449]}},{"type":"Feature","id":"node/5287436737","properties":{"name":"Cam","shop":"interior_decoration","wheelchair":"no","id":"node/5287436737"},"geometry":{"type":"Point","coordinates":[27.1436875,38.4382775]}},{"type":"Feature","id":"node/5287436738","properties":{"amenity":"cafe","name":"Aloe Vera","wheelchair":"no","id":"node/5287436738"},"geometry":{"type":"Point","coordinates":[27.14397,38.4396455]}},{"type":"Feature","id":"node/5287436739","properties":{"amenity":"restaurant","name":"Kuzu Kuzu","wheelchair":"no","id":"node/5287436739"},"geometry":{"type":"Point","coordinates":[27.1436411,38.4384742]}},{"type":"Feature","id":"node/5287436740","properties":{"amenity":"restaurant","name":"Agora Meyhanesi","wheelchair":"no","id":"node/5287436740"},"geometry":{"type":"Point","coordinates":[27.1436665,38.4382535]}},{"type":"Feature","id":"node/5287446163","properties":{"addr:street":"Atatürk Caddesi","name":"kordon yendec","shop":"seafood","wheelchair":"no","id":"node/5287446163"},"geometry":{"type":"Point","coordinates":[27.1416287,38.4381478]}},{"type":"Feature","id":"node/5287446164","properties":{"addr:street":"Atatürk Caddesi","name":"popcorn","shop":"deli","wheelchair":"yes","id":"node/5287446164"},"geometry":{"type":"Point","coordinates":[27.141216,38.4368098]}},{"type":"Feature","id":"node/5287446167","properties":{"addr:street":"Atatürk Caddesi","name":"Meresi","shop":"deli","wheelchair":"limited","id":"node/5287446167"},"geometry":{"type":"Point","coordinates":[27.1422064,38.439615]}},{"type":"Feature","id":"node/5287446168","properties":{"addr:street":"Atatürk Caddesi","check_date":"2026-01-30","name":"big boss","shop":"deli","wheelchair":"no","id":"node/5287446168"},"geometry":{"type":"Point","coordinates":[27.1412129,38.4370855]}},{"type":"Feature","id":"node/5287446169","properties":{"addr:street":"Atatürk Caddesi","name":"nargileci tosun pasa","shop":"coffee","wheelchair":"yes","id":"node/5287446169"},"geometry":{"type":"Point","coordinates":[27.1407021,38.4359647]}},{"type":"Feature","id":"node/5287446170","properties":{"addr:street":"Atatürk Caddesi","check_date":"2026-01-19","name":"teka","shop":"furniture","wheelchair":"no","id":"node/5287446170"},"geometry":{"type":"Point","coordinates":[27.140338,38.4355208]}},{"type":"Feature","id":"node/5287446171","properties":{"addr:street":"Atatürk Caddesi","name":"laviv","shop":"coffee","wheelchair":"limited","id":"node/5287446171"},"geometry":{"type":"Point","coordinates":[27.1413265,38.4371386]}},{"type":"Feature","id":"node/5287446172","properties":{"addr:street":"Atatürk Caddesi","amenity":"restaurant","name":"Kordon Cafe","id":"node/5287446172"},"geometry":{"type":"Point","coordinates":[27.1409578,38.4364898]}},{"type":"Feature","id":"node/5287446173","properties":{"addr:street":"Atatürk Caddesi","check_date":"2026-01-30","name":"shotzy","shop":"coffee","wheelchair":"yes","id":"node/5287446173"},"geometry":{"type":"Point","coordinates":[27.140772,38.4360327]}},{"type":"Feature","id":"node/5287446176","properties":{"addr:street":"Atatürk Caddesi","name":"Sack","shop":"deli","wheelchair":"no","id":"node/5287446176"},"geometry":{"type":"Point","coordinates":[27.1419521,38.43887]}},{"type":"Feature","id":"node/5287446180","properties":{"addr:street":"Atatürk Caddesi","check_date":"2026-01-19","name":"gstore","shop":"clothes","wheelchair":"yes","id":"node/5287446180"},"geometry":{"type":"Point","coordinates":[27.1402901,38.4354893]}},{"type":"Feature","id":"node/5287446181","properties":{"addr:street":"Atatürk Caddesi","name":"Kahve Deryasi","shop":"coffee","wheelchair":"yes","id":"node/5287446181"},"geometry":{"type":"Point","coordinates":[27.1423271,38.4398461]}},{"type":"Feature","id":"node/5287446183","properties":{"addr:street":"Atatürk Caddesi","check_date":"2026-01-30","name":"academic tour","shop":"travel_agency","wheelchair":"no","id":"node/5287446183"},"geometry":{"type":"Point","coordinates":[27.1411023,38.4366525]}},{"type":"Feature","id":"node/5287446184","properties":{"addr:street":"Atatürk Caddesi","brand":"Şok","brand:wikidata":"Q19613992","brand:wikipedia":"tr:Şok (market)","check_date":"2026-01-23","name":"Şok","shop":"supermarket","wheelchair":"yes","id":"node/5287446184"},"geometry":{"type":"Point","coordinates":[27.1410383,38.4365433]}},{"type":"Feature","id":"node/5287446185","properties":{"addr:street":"Atatürk Caddesi","name":"Üsküdar Çaycısı","shop":"coffee","wheelchair":"limited","id":"node/5287446185"},"geometry":{"type":"Point","coordinates":[27.1414116,38.4378044]}},{"type":"Feature","id":"node/5287446186","properties":{"addr:street":"Atatürk Caddesi","amenity":"restaurant","cuisine":"turkish","name":"Deli's","wheelchair":"yes","id":"node/5287446186"},"geometry":{"type":"Point","coordinates":[27.1412047,38.4369236]}},{"type":"Feature","id":"node/5287446187","properties":{"addr:street":"Atatürk Caddesi","name":"Kahve Diyarı","shop":"coffee","wheelchair":"limited","id":"node/5287446187"},"geometry":{"type":"Point","coordinates":[27.1406,38.4358318]}},{"type":"Feature","id":"node/5287446188","properties":{"addr:street":"Atatürk Caddesi","name":"aliris","shop":"deli","wheelchair":"yes","id":"node/5287446188"},"geometry":{"type":"Point","coordinates":[27.1420267,38.4390646]}},{"type":"Feature","id":"node/5287446189","properties":{"addr:street":"Atatürk Caddesi","name":"arma","shop":"books","wheelchair":"yes","id":"node/5287446189"},"geometry":{"type":"Point","coordinates":[27.1415128,38.4379524]}},{"type":"Feature","id":"node/5287447534","properties":{"name":"Masaj Salonu","shop":"massage","wheelchair":"no","id":"node/5287447534"},"geometry":{"type":"Point","coordinates":[27.1426389,38.4406188]}},{"type":"Feature","id":"node/5287447535","properties":{"amenity":"restaurant","name":"Gastro state","wheelchair":"no","id":"node/5287447535"},"geometry":{"type":"Point","coordinates":[27.1428271,38.4411033]}},{"type":"Feature","id":"node/5287447536","properties":{"amenity":"cafe","name":"Kandemir Kafe","wheelchair":"limited","id":"node/5287447536"},"geometry":{"type":"Point","coordinates":[27.1424547,38.4401946]}},{"type":"Feature","id":"node/5287447538","properties":{"amenity":"cafe","name":"Harley-Davidson","wheelchair":"no","id":"node/5287447538"},"geometry":{"type":"Point","coordinates":[27.143713,38.4421551]}},{"type":"Feature","id":"node/5287447539","properties":{"amenity":"cafe","name":"Cellini masajkoltugu","shop":"furniture","wheelchair":"no","id":"node/5287447539"},"geometry":{"type":"Point","coordinates":[27.1425942,38.4402762]}},{"type":"Feature","id":"node/5287447540","properties":{"name":"Atmos Gallery","toilets:wheelchair":"no","tourism":"gallery","id":"node/5287447540"},"geometry":{"type":"Point","coordinates":[27.1425042,38.4401702]}},{"type":"Feature","id":"node/5287447541","properties":{"amenity":"cafe","name":"Bezdum","wheelchair":"no","id":"node/5287447541"},"geometry":{"type":"Point","coordinates":[27.1434727,38.44206]}},{"type":"Feature","id":"node/5287447543","properties":{"amenity":"restaurant","name":"Tuzu Biberi","wheelchair":"limited","id":"node/5287447543"},"geometry":{"type":"Point","coordinates":[27.1419527,38.4388219]}},{"type":"Feature","id":"node/5287447544","properties":{"amenity":"cafe","name":"Kahve Askina","wheelchair":"limited","id":"node/5287447544"},"geometry":{"type":"Point","coordinates":[27.141973,38.438941]}},{"type":"Feature","id":"node/5287447545","properties":{"amenity":"cafe","name":"Tyche Cafe","wheelchair":"no","id":"node/5287447545"},"geometry":{"type":"Point","coordinates":[27.1427815,38.4409287]}},{"type":"Feature","id":"node/5287447546","properties":{"amenity":"pub","name":"King Edward's","wheelchair":"no","id":"node/5287447546"},"geometry":{"type":"Point","coordinates":[27.142929,38.441537]}},{"type":"Feature","id":"node/5287447547","properties":{"addr:city":"İzmir","addr:district":"Konak","addr:housenumber":"364","addr:neighbourhood":"Alsancak Mahallesi","addr:postcode":"35220","addr:street":"Atatürk Caddesi","amenity":"restaurant","contact:facebook":"trecepusta","contact:instagram":"trecepusta","contact:twitter":"trecepusta1978","cuisine":"turkish","name":"Meşhur Tavacı Recep Usta","phone":"+902324638797;+905336612135","website":"https://tavacirecepusta.com.tr/","wheelchair":"yes","id":"node/5287447547"},"geometry":{"type":"Point","coordinates":[27.1425871,38.4404463]}},{"type":"Feature","id":"node/5287447548","properties":{"amenity":"restaurant","name":"Bistro bet@10","wheelchair":"no","id":"node/5287447548"},"geometry":{"type":"Point","coordinates":[27.1428747,38.4413879]}},{"type":"Feature","id":"node/5287447549","properties":{"amenity":"cafe","name":"Sakiz Adasi","wheelchair":"limited","id":"node/5287447549"},"geometry":{"type":"Point","coordinates":[27.1427323,38.4408103]}},{"type":"Feature","id":"node/5287447550","properties":{"amenity":"cafe","name":"Play Box cafe & Oyun Dunyasi","wheelchair":"limited","id":"node/5287447550"},"geometry":{"type":"Point","coordinates":[27.14238,38.4399498]}},{"type":"Feature","id":"node/5287447551","properties":{"amenity":"restaurant","name":"Tek Tek","wheelchair":"no","id":"node/5287447551"},"geometry":{"type":"Point","coordinates":[27.1433629,38.4419882]}},{"type":"Feature","id":"node/5287447557","properties":{"amenity":"restaurant","name":"01 Adana","wheelchair":"no","id":"node/5287447557"},"geometry":{"type":"Point","coordinates":[27.1435868,38.4421143]}},{"type":"Feature","id":"node/5287457681","properties":{"addr:street":"Atatürk Caddesi","name":"Dem Han Market","shop":"supermarket","toilets:wheelchair":"no","id":"node/5287457681"},"geometry":{"type":"Point","coordinates":[27.1418544,38.4375285]}},{"type":"Feature","id":"node/5287457686","properties":{"addr:city":"İzmir","addr:district":"Konak","addr:housenumber":"210","addr:neighbourhood":"Alsancak","addr:postcode":"35220","addr:street":"Cumhuriyet Bulvarı","email":"info@egepalas.com","name":"Ege Palas Business Hotel","phone":"+90 232 463 90 90","tourism":"hotel","website":"https://www.egepalas.com.tr/","wheelchair":"yes","wikidata":"Q6026408","wikimedia_commons":"Category:Ege Palas","wikipedia":"tr:Ege Palas","id":"node/5287457686"},"geometry":{"type":"Point","coordinates":[27.1414682,38.4362051]}},{"type":"Feature","id":"node/5287457688","properties":{"addr:street":"Atatürk Caddesi;Kıbrıs Şehitler Cd","amenity":"cafe","name":"Kalyon","wheelchair":"limited","id":"node/5287457688"},"geometry":{"type":"Point","coordinates":[27.1409576,38.4356943]}},{"type":"Feature","id":"node/5287457691","properties":{"addr:street":"Atatürk Caddesi","name":"Shoe Renewal","shop":"shoes","toilets:wheelchair":"no","id":"node/5287457691"},"geometry":{"type":"Point","coordinates":[27.1414213,38.4365456]}},{"type":"Feature","id":"node/5287457692","properties":{"addr:street":"Alsancak Sevgi Yolu","amenity":"cafe","name":"kendine has","wheelchair":"no","id":"node/5287457692"},"geometry":{"type":"Point","coordinates":[27.143134,38.4376046]}},{"type":"Feature","id":"node/5287457702","properties":{"addr:city":"İzmir","addr:housenumber":"2C","addr:postcode":"35220","addr:street":"1447. Sokak","amenity":"restaurant","name":"Meyhane Al Sancak","wheelchair":"no","id":"node/5287457702"},"geometry":{"type":"Point","coordinates":[27.1421085,38.4357882]}},{"type":"Feature","id":"node/5287457704","properties":{"addr:street":"Alsancak Sevgi Yolu","amenity":"cafe","name":"Kaybedenler kulübü","toilets:wheelchair":"no","id":"node/5287457704"},"geometry":{"type":"Point","coordinates":[27.1427706,38.437648]}},{"type":"Feature","id":"node/5287457707","properties":{"addr:street":"Atatürk Caddesi","name":"Bayraklilar Kitap&Kitasiye","shop":"copyshop","wheelchair":"limited","id":"node/5287457707"},"geometry":{"type":"Point","coordinates":[27.1418683,38.4376137]}},{"type":"Feature","id":"node/5287457708","properties":{"addr:street":"Atatürk Caddesi;Kıbrıs Şehitler Cd","amenity":"restaurant","check_date":"2026-02-11","name":"Eco pub","wheelchair":"no","id":"node/5287457708"},"geometry":{"type":"Point","coordinates":[27.14093,38.4352027]}},{"type":"Feature","id":"node/5287457711","properties":{"amenity":"bar","brewery":"yes","internet_access":"wlan","internet_access:fee":"no","min_age":"18","mobile":"+90 533 410 08 33","name":"Stone Bar","outdoor_seating":"yes","payment:cash":"yes","payment:credit_cards":"yes","payment:debit_cards":"yes","smoking":"outside","wheelchair":"yes","id":"node/5287457711"},"geometry":{"type":"Point","coordinates":[27.1413014,38.4356362]}},{"type":"Feature","id":"node/5287457712","properties":{"addr:street":"1450. Sokak","amenity":"restaurant","name":"Vecihi","wheelchair":"no","id":"node/5287457712"},"geometry":{"type":"Point","coordinates":[27.1422159,38.4373893]}},{"type":"Feature","id":"node/5287457714","properties":{"addr:street":"1450. Sokak","amenity":"cafe","name":"Hermit","wheelchair":"no","id":"node/5287457714"},"geometry":{"type":"Point","coordinates":[27.1420859,38.4367578]}},{"type":"Feature","id":"node/5287457717","properties":{"addr:street":"Atatürk Caddesi","name":"Star Kuaför","shop":"hairdresser","wheelchair":"no","id":"node/5287457717"},"geometry":{"type":"Point","coordinates":[27.1417777,38.4373517]}},{"type":"Feature","id":"node/5287457718","properties":{"addr:city":"İzmir","addr:housenumber":"fast food","addr:postcode":"35220","addr:street":"Atatürk Caddesi;Kıbrıs Şehitler Cd","amenity":"fast_food","name":"Burgar mate","wheelchair":"no","id":"node/5287457718"},"geometry":{"type":"Point","coordinates":[27.1411147,38.4353117]}},{"type":"Feature","id":"node/5287457719","properties":{"addr:street":"Atatürk Caddesi","name":"Beauty club","shop":"beauty","wheelchair":"limited","id":"node/5287457719"},"geometry":{"type":"Point","coordinates":[27.141712,38.4367854]}},{"type":"Feature","id":"node/5287457720","properties":{"addr:street":"1450. Sokak","amenity":"restaurant","cuisine":"chinese","name":"Sakoshi","wheelchair":"no","id":"node/5287457720"},"geometry":{"type":"Point","coordinates":[27.1428014,38.4366072]}},{"type":"Feature","id":"node/5287460055","properties":{"addr:street":"1471. Sokak","amenity":"fast_food","name":"Köfteci Barış","wheelchair":"no","id":"node/5287460055"},"geometry":{"type":"Point","coordinates":[27.1464479,38.4392155]}},{"type":"Feature","id":"node/5287460056","properties":{"addr:street":"Liman Caddesi","brand":"BİM","brand:wikidata":"Q1022075","brand:wikipedia":"en:Bim (company)","diet:gluten_free":"yes","diet:halal":"yes","diet:kosher":"no","name":"BİM","opening_hours":"Mo-Su 09:00-21:00","shop":"supermarket","wheelchair":"designated","id":"node/5287460056"},"geometry":{"type":"Point","coordinates":[27.1471631,38.4393147]}},{"type":"Feature","id":"node/5287460057","properties":{"addr:street":"Liman Caddesi","amenity":"cafe","name":"Albatros","wheelchair":"no","id":"node/5287460057"},"geometry":{"type":"Point","coordinates":[27.1471687,38.439152]}},{"type":"Feature","id":"node/5287460059","properties":{"addr:street":"Alsancak Sevgi Yolu","amenity":"restaurant","name":"ayak ustu lezzet duragi","wheelchair":"no","id":"node/5287460059"},"geometry":{"type":"Point","coordinates":[27.1439425,38.4392312]}},{"type":"Feature","id":"node/5287460061","properties":{"brand":"Arçelik","brand:wikidata":"Q640497","name":"Arçelik","opening_hours":"Mo-Su 09:00-19:00","shop":"appliance","id":"node/5287460061"},"geometry":{"type":"Point","coordinates":[27.1468298,38.4392258]}},{"type":"Feature","id":"node/5287460064","properties":{"addr:street":"1471. Sokak","name":"Mavi Deniz Büfe","shop":"kiosk","wheelchair":"no","id":"node/5287460064"},"geometry":{"type":"Point","coordinates":[27.1469841,38.439238]}},{"type":"Feature","id":"node/5287460065","properties":{"addr:street":"1471. Sokak","amenity":"cafe","name":"Nostalji Aile Çay Salonu","wheelchair":"no","id":"node/5287460065"},"geometry":{"type":"Point","coordinates":[27.1466244,38.4392244]}},{"type":"Feature","id":"node/5287460067","properties":{"addr:street":"Liman Caddesi","name":"Aklan Unlu Mamülleri","shop":"bakery","wheelchair":"no","id":"node/5287460067"},"geometry":{"type":"Point","coordinates":[27.1469317,38.4391595]}},{"type":"Feature","id":"node/5287460068","properties":{"addr:street":"1471. Sokak","name":"İddaa","shop":"bookmaker","wheelchair":"no","id":"node/5287460068"},"geometry":{"type":"Point","coordinates":[27.1471412,38.4392349]}},{"type":"Feature","id":"node/5287460069","properties":{"addr:street":"Alsancak Sevgi Yolu","amenity":"restaurant","name":"kulub ali balik restaurant","wheelchair":"no","id":"node/5287460069"},"geometry":{"type":"Point","coordinates":[27.1441064,38.4392262]}},{"type":"Feature","id":"node/5287460070","properties":{"addr:street":"Liman Caddesi","amenity":"dentist","healthcare":"dentist","name":"Avrupadent Ağız & Diş Sağlığı","wheelchair":"designated","id":"node/5287460070"},"geometry":{"type":"Point","coordinates":[27.1471103,38.4394017]}},{"type":"Feature","id":"node/5287460071","properties":{"addr:street":"1471. Sokak","amenity":"restaurant","check_date":"2026-01-21","name":"Fıstık","wheelchair":"no","id":"node/5287460071"},"geometry":{"type":"Point","coordinates":[27.14718,38.4392098]}},{"type":"Feature","id":"node/5287460072","properties":{"addr:street":"Liman Caddesi","brand":"Bosch","brand:wikidata":"Q234021","name":"Bosch","shop":"electronics","wheelchair":"designated","id":"node/5287460072"},"geometry":{"type":"Point","coordinates":[27.1471652,38.439269]}},{"type":"Feature","id":"node/5287460073","properties":{"addr:street":"1479. Sokak","brand":"Ibis","brand:wikidata":"Q920166","brand:wikipedia":"en:Ibis (hotel)","name":"Ibis","tourism":"hotel","wheelchair":"designated","id":"node/5287460073"},"geometry":{"type":"Point","coordinates":[27.1469076,38.4400407]}},{"type":"Feature","id":"node/5287460074","properties":{"addr:street":"1471. Sokak","shop":"hairdresser","wheelchair":"no","id":"node/5287460074"},"geometry":{"type":"Point","coordinates":[27.147047,38.4392321]}},{"type":"Feature","id":"node/5287460075","properties":{"addr:street":"Alsancak Sevgi Yolu","amenity":"restaurant","name":"dostlar firini","wheelchair":"limited","id":"node/5287460075"},"geometry":{"type":"Point","coordinates":[27.1438565,38.4392413]}},{"type":"Feature","id":"node/5287460076","properties":{"addr:street":"Alsancak Sevgi Yolu","name":"gold tekel","shop":"kiosk","wheelchair":"no","id":"node/5287460076"},"geometry":{"type":"Point","coordinates":[27.144232,38.4392111]}},{"type":"Feature","id":"node/5287460077","properties":{"addr:street":"1471. Sokak","name":"Ahmet Bakkal","shop":"kiosk","wheelchair":"no","id":"node/5287460077"},"geometry":{"type":"Point","coordinates":[27.1465553,38.439222]}},{"type":"Feature","id":"node/5287460078","properties":{"addr:street":"1460 Sk","name":"İzmir Matbaa Basim","shop":"copyshop","wheelchair":"no","id":"node/5287460078"},"geometry":{"type":"Point","coordinates":[27.1457591,38.4392034]}},{"type":"Feature","id":"node/5287460079","properties":{"addr:street":"1471. Sokak","name":"Midye Evi","shop":"greengrocer","wheelchair":"no","id":"node/5287460079"},"geometry":{"type":"Point","coordinates":[27.1463334,38.4392071]}},{"type":"Feature","id":"node/5287460080","properties":{"addr:street":"1471. Sokak","name":"İklim S.A.","shop":"appliance","wheelchair":"no","id":"node/5287460080"},"geometry":{"type":"Point","coordinates":[27.1469109,38.4392275]}},{"type":"Feature","id":"node/5287460081","properties":{"addr:street":"Alsancak Sevgi Yolu","name":"yorgancioglu","shop":"stationery","wheelchair":"no","id":"node/5287460081"},"geometry":{"type":"Point","coordinates":[27.1440327,38.4392331]}},{"type":"Feature","id":"node/5287460083","properties":{"addr:street":"1471. Sokak","amenity":"cafe","check_date":"2026-01-21","name":"sokak bornova","wheelchair":"limited","id":"node/5287460083"},"geometry":{"type":"Point","coordinates":[27.1458961,38.4392046]}},{"type":"Feature","id":"node/5287460084","properties":{"addr:street":"Alsancak Sevgi Yolu","name":"darkgate","shop":"tattoo","wheelchair":"limited","id":"node/5287460084"},"geometry":{"type":"Point","coordinates":[27.1441766,38.4392172]}},{"type":"Feature","id":"node/5287461156","properties":{"addr:housenumber":"46a","addr:street":"1469 Sk","name":"Tuana Tekel","shop":"supermarket","id":"node/5287461156"},"geometry":{"type":"Point","coordinates":[27.1446018,38.4391032]}},{"type":"Feature","id":"node/5287461158","properties":{"addr:housenumber":"418","addr:street":"Liman Caddesi","brand":"Türk Telekom","brand:wikidata":"Q263700","name":"Türk Telekom","shop":"mobile_phone","wheelchair":"no","id":"node/5287461158"},"geometry":{"type":"Point","coordinates":[27.1471479,38.4393928]}},{"type":"Feature","id":"node/5287461159","properties":{"addr:housenumber":"110","addr:street":"1469 Sk","amenity":"cafe","name":"Ercan Çayevi","wheelchair":"no","id":"node/5287461159"},"geometry":{"type":"Point","coordinates":[27.1465832,38.4391283]}},{"type":"Feature","id":"node/5287461161","properties":{"addr:street":"Alsancak Sevgi Yolu","amenity":"cafe","check_date":"2026-02-11","name":"Ege Mektup Turku Evi","toilets:wheelchair":"no","id":"node/5287461161"},"geometry":{"type":"Point","coordinates":[27.1437652,38.4389446]}},{"type":"Feature","id":"node/5287461162","properties":{"addr:housenumber":"74","addr:street":"1460 Sk","name":"Bodrum Sandalet","shop":"shoes","toilets:wheelchair":"no","id":"node/5287461162"},"geometry":{"type":"Point","coordinates":[27.1453802,38.4390773]}},{"type":"Feature","id":"node/5287461165","properties":{"addr:housenumber":"100b","addr:street":"1468. Sokak","name":"İlker Et Galerisi","shop":"butcher","wheelchair":"no","id":"node/5287461165"},"geometry":{"type":"Point","coordinates":[27.1464276,38.4391195]}},{"type":"Feature","id":"node/5287461166","properties":{"addr:housenumber":"70","addr:street":"1469 Sk","amenity":"place_of_worship","check_date":"2026-01-14","name":"Dirilis Kilisesi","religion":"christian","wheelchair":"no","id":"node/5287461166"},"geometry":{"type":"Point","coordinates":[27.145295,38.4390759]}},{"type":"Feature","id":"node/5287461167","properties":{"addr:housenumber":"86","addr:postcode":"35220","addr:street":"1469. Sokak","amenity":"bar","contact:facebook":"dinozor-bar-1307921565904202","email":"dinozorbar@gmail.com","name":"Dinozor Bar","opening_hours":"Mo-Su 14:00-02:00","phone":"+905358411579","toilets:wheelchair":"no","id":"node/5287461167"},"geometry":{"type":"Point","coordinates":[27.1458871,38.4390853]}},{"type":"Feature","id":"node/5287461168","properties":{"addr:housenumber":"88","addr:street":"1469 Sk","name":"İzmir Unlu Mamüller","opening_hours":"24/7","shop":"bakery","wheelchair":"limited","id":"node/5287461168"},"geometry":{"type":"Point","coordinates":[27.1460443,38.4390909]}},{"type":"Feature","id":"node/5287461170","properties":{"addr:housenumber":"106","addr:street":"1469 Sk","amenity":"cafe","name":"Zümrüt Cafe","wheelchair":"no","id":"node/5287461170"},"geometry":{"type":"Point","coordinates":[27.146524,38.439123]}},{"type":"Feature","id":"node/5287461171","properties":{"addr:housenumber":"30c","addr:street":"1485. Sokak","name":"Sanlier Elektrik","shop":"radiotechnics","wheelchair":"limited","id":"node/5287461171"},"geometry":{"type":"Point","coordinates":[27.1443218,38.4390961]}},{"type":"Feature","id":"node/5287461172","properties":{"addr:housenumber":"416","addr:street":"Liman Caddesi","amenity":"dentist","healthcare":"dentist","name":"Özel Avrupadent","id":"node/5287461172"},"geometry":{"type":"Point","coordinates":[27.1471478,38.4393636]}},{"type":"Feature","id":"node/5287461173","properties":{"addr:housenumber":"108","addr:street":"1469 Sk","check_date":"2026-02-23","name":"Ali Baba","shop":"supermarket","toilets:wheelchair":"no","id":"node/5287461173"},"geometry":{"type":"Point","coordinates":[27.1465543,38.4391263]}},{"type":"Feature","id":"node/5287461174","properties":{"addr:street":"Liman Caddesi","amenity":"marketplace","name":"Atom","wheelchair":"limited","id":"node/5287461174"},"geometry":{"type":"Point","coordinates":[27.1471608,38.4392882]}},{"type":"Feature","id":"node/5287461175","properties":{"addr:housenumber":"102","addr:street":"1469 Sk","amenity":"restaurant","check_date":"2026-02-02","name":"Kirik Gatal","wheelchair":"yes","id":"node/5287461175"},"geometry":{"type":"Point","coordinates":[27.1464839,38.4391215]}},{"type":"Feature","id":"node/5287461177","properties":{"addr:housenumber":"34","addr:street":"1469 Sk","name":"CNGO style","shop":"clothes","id":"node/5287461177"},"geometry":{"type":"Point","coordinates":[27.1447402,38.4390108]}},{"type":"Feature","id":"node/5287461179","properties":{"addr:housenumber":"84","addr:street":"1469 Sk","amenity":"cafe","check_date":"2026-01-21","name":"Liberta","wheelchair":"no","id":"node/5287461179"},"geometry":{"type":"Point","coordinates":[27.14577,38.4390778]}},{"type":"Feature","id":"node/5287461180","properties":{"addr:housenumber":"40","addr:street":"1469 Sk","name":"Mert Fotokopi","shop":"copyshop","wheelchair":"limited","id":"node/5287461180"},"geometry":{"type":"Point","coordinates":[27.1448089,38.4390919]}},{"type":"Feature","id":"node/5287461182","properties":{"addr:housenumber":"100a","addr:street":"1469 Sk","name":"EnterNet","shop":"radiotechnics","wheelchair":"limited","id":"node/5287461182"},"geometry":{"type":"Point","coordinates":[27.1462924,38.4391121]}},{"type":"Feature","id":"node/5287461184","properties":{"addr:housenumber":"38","addr:street":"1469 Sk","name":"MINI Cell","shop":"mobile_phone","wheelchair":"limited","id":"node/5287461184"},"geometry":{"type":"Point","coordinates":[27.1447452,38.4390986]}},{"type":"Feature","id":"node/5287461186","properties":{"addr:housenumber":"32","addr:street":"1469 Sk","amenity":"nightclub","name":"Yeni Vesile","wheelchair":"limited","id":"node/5287461186"},"geometry":{"type":"Point","coordinates":[27.1444778,38.4391022]}},{"type":"Feature","id":"node/5289185666","properties":{"amenity":"restaurant","name":"Chick Inn","wheelchair":"limited","id":"node/5289185666"},"geometry":{"type":"Point","coordinates":[27.1432619,38.4372643]}},{"type":"Feature","id":"node/5289185667","properties":{"amenity":"cafe","name":"Mare Cafe","wheelchair":"limited","id":"node/5289185667"},"geometry":{"type":"Point","coordinates":[27.1436178,38.4372757]}},{"type":"Feature","id":"node/5289185668","properties":{"amenity":"cafe","name":"Culube","wheelchair":"yes","id":"node/5289185668"},"geometry":{"type":"Point","coordinates":[27.1438352,38.4372568]}},{"type":"Feature","id":"node/5289185669","properties":{"amenity":"restaurant","name":"Kalabalik","wheelchair":"limited","id":"node/5289185669"},"geometry":{"type":"Point","coordinates":[27.1438481,38.4378729]}},{"type":"Feature","id":"node/5289185672","properties":{"shop":"tattoo","wheelchair":"no","id":"node/5289185672"},"geometry":{"type":"Point","coordinates":[27.1433683,38.4372894]}},{"type":"Feature","id":"node/5289185673","properties":{"amenity":"cafe","cuisine":"coffee_shop","name":"No.18 Coffee","opening_hours":"Mo-Fr 09:00-20:30, Sa 10:00-20:00","wheelchair":"yes","id":"node/5289185673"},"geometry":{"type":"Point","coordinates":[27.1442791,38.4376567]}},{"type":"Feature","id":"node/5289185674","properties":{"amenity":"restaurant","name":"Kalabalik Meyhane","wheelchair":"no","id":"node/5289185674"},"geometry":{"type":"Point","coordinates":[27.143574,38.4378563]}},{"type":"Feature","id":"node/5289185675","properties":{"name":"Abba Exclusive","shop":"shoes","wheelchair":"yes","id":"node/5289185675"},"geometry":{"type":"Point","coordinates":[27.1436421,38.4391865]}},{"type":"Feature","id":"node/5289185676","properties":{"amenity":"cafe","name":"Nar Cafe","wheelchair":"limited","id":"node/5289185676"},"geometry":{"type":"Point","coordinates":[27.1434732,38.4372801]}},{"type":"Feature","id":"node/5289185677","properties":{"amenity":"cafe","name":"Baraka","wheelchair":"limited","id":"node/5289185677"},"geometry":{"type":"Point","coordinates":[27.1437419,38.4372561]}},{"type":"Feature","id":"node/5289185678","properties":{"amenity":"restaurant","name":"Beybaba","wheelchair":"yes","id":"node/5289185678"},"geometry":{"type":"Point","coordinates":[27.1441852,38.4379687]}},{"type":"Feature","id":"node/5289185679","properties":{"amenity":"fast_food","brand":"Burger King","brand:wikidata":"Q177054","brand:wikipedia":"en:Burger King","cuisine":"burger","name":"Burger King","takeaway":"yes","wheelchair":"yes","id":"node/5289185679"},"geometry":{"type":"Point","coordinates":[27.1434352,38.4378594]}},{"type":"Feature","id":"node/5295296252","properties":{"addr:street":"Atatürk Caddesi;Kıbrıs Şehitler Cd","amenity":"fast_food","name":"Mersin Tantuni","wheelchair":"limited","id":"node/5295296252"},"geometry":{"type":"Point","coordinates":[27.1410866,38.4353669]}},{"type":"Feature","id":"node/5295296259","properties":{"addr:street":"Atatürk Caddesi","name":"Phoenix","shop":"tattoo","id":"node/5295296259"},"geometry":{"type":"Point","coordinates":[27.1419956,38.4374612]}},{"type":"Feature","id":"node/5295296261","properties":{"addr:street":"Atatürk Caddesi","shop":"hairdresser","wheelchair":"no","id":"node/5295296261"},"geometry":{"type":"Point","coordinates":[27.1413637,38.4364558]}},{"type":"Feature","id":"node/5295296264","properties":{"addr:street":"Atatürk Caddesi","amenity":"cafe","name":"cafe du fiesta","toilets:wheelchair":"limited","id":"node/5295296264"},"geometry":{"type":"Point","coordinates":[27.1421036,38.4376731]}},{"type":"Feature","id":"node/5418690125","properties":{"addr:housenumber":"414","addr:street":"Liman Caddesi","air_conditioning":"yes","name":"TCDD Misafirhanesi","tourism":"hotel","wheelchair":"yes","id":"node/5418690125"},"geometry":{"type":"Point","coordinates":[27.1471303,38.4394181]}},{"type":"Feature","id":"node/5538795858","properties":{"amenity":"bar","name":"la Puerta","id":"node/5538795858"},"geometry":{"type":"Point","coordinates":[27.1462123,38.4392327]}},{"type":"Feature","id":"node/5635894423","properties":{"amenity":"restaurant","name":"Bade tesyatant","name:tr":"Bade testarany","id":"node/5635894423"},"geometry":{"type":"Point","coordinates":[27.1410462,38.4355179]}},{"type":"Feature","id":"node/5758631822","properties":{"name":"Çelebi Bomba","shop":"bakery","id":"node/5758631822"},"geometry":{"type":"Point","coordinates":[27.1439811,38.4411421]}},{"type":"Feature","id":"node/5774593955","properties":{"addr:housenumber":"179/Z1","addr:street":"Kıbrıs Şehitleri Caddesi","amenity":"cafe","name:en":"Two Cups Coffee Bar & Roastery","id":"node/5774593955"},"geometry":{"type":"Point","coordinates":[27.1439737,38.4411617]}},{"type":"Feature","id":"node/6299255693","properties":{"amenity":"bar","name":"Kasaba Alsancak","id":"node/6299255693"},"geometry":{"type":"Point","coordinates":[27.1449079,38.4385312]}},{"type":"Feature","id":"node/6469190188","properties":{"addr:housenumber":"28","addr:street":"1454. Sokak","amenity":"restaurant","check_date":"2026-01-23","internet_access":"wlan","name":"Umami","name:en":"umami","opening_hours":"Mo-Su 08:00-21:00","id":"node/6469190188"},"geometry":{"type":"Point","coordinates":[27.1442361,38.4369655]}},{"type":"Feature","id":"node/6625066385","properties":{"addr:street":"Muzaffer İzgü Sokak","amenity":"bar","name":"Kovan","name:ru":"Улей","id":"node/6625066385"},"geometry":{"type":"Point","coordinates":[27.1423756,38.4374643]}},{"type":"Feature","id":"node/6627474809","properties":{"amenity":"school","check_date":"2026-01-23","name":"ÖSYM e-Sınav Binası","id":"node/6627474809"},"geometry":{"type":"Point","coordinates":[27.1429417,38.4386384]}},{"type":"Feature","id":"node/6718118386","properties":{"amenity":"restaurant","cuisine":"turkish","name":"Local diners","id":"node/6718118386"},"geometry":{"type":"Point","coordinates":[27.1458409,38.4368027]}},{"type":"Feature","id":"node/6768625685","properties":{"amenity":"bar","name":"Çelebi Bomba","id":"node/6768625685"},"geometry":{"type":"Point","coordinates":[27.1439672,38.4411302]}},{"type":"Feature","id":"node/6843500176","properties":{"addr:city":"İzmir","addr:district":"Konak","addr:housenumber":"89","addr:neighbourhood":"Alsancak Mah.","addr:postcode":"35220","addr:street":"1469 Sok.","branch":"Brand Shop","brand":"LG","brand:wikidata":"Q162345","brand:wikipedia":"en:LG Electronics","contact:phone":"+902324221919","name":"LG","shop":"electronics","website":"https://www.lg.com/tr","id":"node/6843500176"},"geometry":{"type":"Point","coordinates":[27.1468519,38.4392306]}},{"type":"Feature","id":"node/6879114887","properties":{"addr:street":"1448. Sokak","shop":"tattoo","id":"node/6879114887"},"geometry":{"type":"Point","coordinates":[27.1415241,38.4358856]}},{"type":"Feature","id":"node/6879114986","properties":{"name:en":"Lucky Ink Tattoo","shop":"tattoo","id":"node/6879114986"},"geometry":{"type":"Point","coordinates":[27.1421845,38.4355929]}},{"type":"Feature","id":"node/7006201385","properties":{"amenity":"cafe","name":"OT","id":"node/7006201385"},"geometry":{"type":"Point","coordinates":[27.143788,38.439999]}},{"type":"Feature","id":"node/7020202085","properties":{"amenity":"restaurant","name:en":"Alsancak Balik pisiricisi","id":"node/7020202085"},"geometry":{"type":"Point","coordinates":[27.1421127,38.4386576]}},{"type":"Feature","id":"node/7108562238","properties":{"amenity":"restaurant","check_date":"2025-09-18","name":"Kırçiçeği","id":"node/7108562238"},"geometry":{"type":"Point","coordinates":[27.1430648,38.4370425]}},{"type":"Feature","id":"node/7108562240","properties":{"amenity":"fast_food","name":"Ayla Tantuni","id":"node/7108562240"},"geometry":{"type":"Point","coordinates":[27.1431853,38.4373165]}},{"type":"Feature","id":"node/7108562243","properties":{"amenity":"restaurant","check_date":"2025-09-18","name":"Ora","id":"node/7108562243"},"geometry":{"type":"Point","coordinates":[27.1431351,38.4372036]}},{"type":"Feature","id":"node/7158346586","properties":{"amenity":"pub","name":"kepler Pavillon","name:tr":"Kepler Pavilion","opening_hours":"Mo-Su 10:00-04:00","id":"node/7158346586"},"geometry":{"type":"Point","coordinates":[27.1423421,38.4381648]}},{"type":"Feature","id":"node/8006285186","properties":{"amenity":"bar","name":"rePUBlic","website":"http://republicizmir.com/","id":"node/8006285186"},"geometry":{"type":"Point","coordinates":[27.1414813,38.4353519]}},{"type":"Feature","id":"node/8006288185","properties":{"amenity":"bar","name:en":"Sardunya","id":"node/8006288185"},"geometry":{"type":"Point","coordinates":[27.1428767,38.4372521]}},{"type":"Feature","id":"node/8010696789","properties":{"amenity":"bar","name:en":"Sardunya","id":"node/8010696789"},"geometry":{"type":"Point","coordinates":[27.142823,38.4377452]}},{"type":"Feature","id":"node/8068713358","properties":{"addr:city":"İzmir","addr:district":"Konak","addr:housenumber":"212","addr:neighbourhood":"Alsancak","addr:postcode":"35220","addr:street":"Cumhuriyet Bulvarı","name":"Hansgrohe","shop":"furniture","id":"node/8068713358"},"geometry":{"type":"Point","coordinates":[27.1414863,38.4363155]}},{"type":"Feature","id":"node/8068713361","properties":{"addr:city":"İzmir","addr:district":"Konak","addr:housenumber":"208","addr:neighbourhood":"Alsancak","addr:postcode":"35220","addr:street":"Cumhuriyet Bulvarı","name":"Deniz Kabuğu","opening_hours":"Mo-Fr 09:00-18:30; Sa 09:00-17:00","phone":"+90 232 465 13 76","shop":"furniture","id":"node/8068713361"},"geometry":{"type":"Point","coordinates":[27.1413729,38.4361009]}},{"type":"Feature","id":"node/8068713362","properties":{"addr:city":"İzmir","addr:district":"Konak","addr:housenumber":"206","addr:neighbourhood":"Alsancak","addr:postcode":"35220","addr:street":"Cumhuriyet Bulvarı","amenity":"restaurant","name":"Mavi","phone":"+90 555 446 67 31","id":"node/8068713362"},"geometry":{"type":"Point","coordinates":[27.1413236,38.4360225]}},{"type":"Feature","id":"node/8068723602","properties":{"addr:city":"İzmir","addr:district":"Konak","addr:housenumber":"25;25A","addr:neighbourhood":"Alsancak","addr:postcode":"35220","addr:street":"1448. Sokak","amenity":"cafe","check_date":"2025-09-18","name":"Düşler Yakası","phone":"+902324649478","id":"node/8068723602"},"geometry":{"type":"Point","coordinates":[27.1422859,38.4357967]}},{"type":"Feature","id":"node/8068723603","properties":{"addr:city":"İzmir","addr:district":"Konak","addr:housenumber":"21;21B","addr:neighbourhood":"Alsancak","addr:postcode":"35220","addr:street":"1448. Sokak","amenity":"cafe","check_date":"2025-09-18","name":"Şık Cafe","phone":"+905074249926","id":"node/8068723603"},"geometry":{"type":"Point","coordinates":[27.1421974,38.4358104]}},{"type":"Feature","id":"node/8068723604","properties":{"addr:city":"İzmir","addr:district":"Konak","addr:housenumber":"19","addr:neighbourhood":"Alsancak","addr:postcode":"35220","addr:street":"1448. Sokak","amenity":"bar","name":"Deep Rock Bar","id":"node/8068723604"},"geometry":{"type":"Point","coordinates":[27.1421029,38.4358319]}},{"type":"Feature","id":"node/8068723606","properties":{"addr:city":"İzmir","addr:district":"Konak","addr:housenumber":"7;7B","addr:neighbourhood":"Alsancak","addr:postcode":"35220","addr:street":"1448. Sokak","amenity":"restaurant","cuisine":"brasserie","name":"Şımarık Meyhane","opening_hours":"Mo-Fr 19:00-02:00; Sa-Su 20:00-02:00","phone":"+90 232 463 30 63","website":"https://simarikmeyhane.net/","id":"node/8068723606"},"geometry":{"type":"Point","coordinates":[27.141781,38.435897]}},{"type":"Feature","id":"node/8068723608","properties":{"addr:city":"İzmir","addr:district":"Konak","addr:housenumber":"5","addr:neighbourhood":"Alsancak","addr:postcode":"35220","addr:street":"1448. Sokak","amenity":"nightclub","name":"Cix Club","id":"node/8068723608"},"geometry":{"type":"Point","coordinates":[27.1415822,38.4359301]}},{"type":"Feature","id":"node/8068723609","properties":{"addr:city":"İzmir","addr:district":"Konak","addr:housenumber":"5A","addr:neighbourhood":"Alsancak","addr:postcode":"35220","addr:street":"1448. Sokak","amenity":"bar","name":"Kendine Has","id":"node/8068723609"},"geometry":{"type":"Point","coordinates":[27.1415242,38.4359452]}},{"type":"Feature","id":"node/8068917151","properties":{"addr:city":"İzmir","addr:district":"Konak","addr:housenumber":"4A","addr:neighbourhood":"Alsancak","addr:postcode":"35220","addr:street":"Kıbrıs Şehitleri Caddesi","amenity":"restaurant","cuisine":"turkish","name":"Energy Vitamin","phone":"+902324647337","website":"https://www.yemeksepeti.com/energy-vitamin-alsancak-kibris-seh-cad-izmir","id":"node/8068917151"},"geometry":{"type":"Point","coordinates":[27.1425451,38.4349569]}},{"type":"Feature","id":"node/8068917154","properties":{"addr:city":"İzmir","addr:district":"Konak","addr:housenumber":"4C","addr:neighbourhood":"Alsancak","addr:postcode":"35220","addr:street":"Kıbrıs Şehitleri Caddesi","name":"Mehmet Fotografcilik","phone":"+902324226287","shop":"photo","website":"https://www.mehmetlerfoto.com/flatpages/iletisim/","id":"node/8068917154"},"geometry":{"type":"Point","coordinates":[27.1425155,38.4350526]}},{"type":"Feature","id":"node/8068917157","properties":{"addr:city":"İzmir","addr:district":"Konak","addr:housenumber":"2B","addr:neighbourhood":"Alsancak","addr:postcode":"35220","addr:street":"1440. Sokak","name":"Cadi Kazani","opening_hours":"Mo-Su 09:00-22:00","phone":"+902324634643","shop":"clothes","id":"node/8068917157"},"geometry":{"type":"Point","coordinates":[27.1427695,38.4353114]}},{"type":"Feature","id":"node/8068917158","properties":{"addr:city":"İzmir","addr:district":"Konak","addr:housenumber":"14A","addr:neighbourhood":"Alsancak","addr:postcode":"35220","addr:street":"Kıbrıs Şehitleri Caddesi","name":"Ata GSM","opening_hours":"Mo-Sa 09:30-20:30","phone":"+902324222320","shop":"mobile_phone","id":"node/8068917158"},"geometry":{"type":"Point","coordinates":[27.142704,38.4354834]}},{"type":"Feature","id":"node/8078010372","properties":{"addr:city":"İzmir","addr:district":"Konak","addr:housenumber":"224","addr:neighbourhood":"Alsancak","addr:postcode":"35220","addr:street":"Cumhuriyet Bulvarı","amenity":"restaurant","name":"Beyaz Konak","opening_hours":"Mo-Su 14:00-03:00","phone":"+902324218181","id":"node/8078010372"},"geometry":{"type":"Point","coordinates":[27.1418054,38.4369865]}},{"type":"Feature","id":"node/8078010376","properties":{"addr:city":"İzmir","addr:district":"Konak","addr:housenumber":"226","addr:neighbourhood":"Alsancak","addr:postcode":"35220","addr:street":"Cumhuriyet Bulvarı","name":"Ege Kuru Temizleme","opening_hours":"Mo-Sa 08:00-19:00","phone":"+902324634313","shop":"laundry","website":"https://www.tikla.com.tr/ege-kuru-temizleme-alsancak.html","id":"node/8078010376"},"geometry":{"type":"Point","coordinates":[27.1417894,38.4370426]}},{"type":"Feature","id":"node/8118802046","properties":{"addr:city":"İzmir","addr:postcode":"35220","addr:street":"Kıbrıs Şehitleri Caddesi","check_date":"2025-11-03","name":"Ambar","shop":"clothes","toilets:wheelchair":"limited","id":"node/8118802046"},"geometry":{"type":"Point","coordinates":[27.1433354,38.4375197]}},{"type":"Feature","id":"node/8157548911","properties":{"amenity":"library","name":"İzmir Kent Kütüphanesi","name:en":"Izmir City Library","opening_hours":"Mo-Sa 08:31-17:30","id":"node/8157548911"},"geometry":{"type":"Point","coordinates":[27.1473284,38.4380516]}},{"type":"Feature","id":"node/8425783259","properties":{"fee":"no","name":"Mask Müzesi","tourism":"museum","wikidata":"Q25474208","wikimedia_commons":"Category:İzmir Mask Museum","wikipedia":"tr:İzmir Mask Müzesi","id":"node/8425783259"},"geometry":{"type":"Point","coordinates":[27.1421208,38.4357339]}},{"type":"Feature","id":"node/8514596332","properties":{"amenity":"cafe","name":"Şarlo Cafe","id":"node/8514596332"},"geometry":{"type":"Point","coordinates":[27.1445845,38.4387179]}},{"type":"Feature","id":"node/8933568651","properties":{"addr:city":"İzmir","addr:district":"Konak","addr:housenumber":"53/B","addr:neighbourhood":"Alsancak","addr:postcode":"35220","addr:street":"Kıbrıs Şehitleri Caddesi","name":"Q Art Tattoo Studio","phone":"+905551918273","shop":"tattoo","id":"node/8933568651"},"geometry":{"type":"Point","coordinates":[27.1428771,38.4364498]}},{"type":"Feature","id":"node/9425805366","properties":{"addr:street":"1450. Sokak","amenity":"fast_food","check_date":"2024-09-22","cuisine":"mexican","name":"Burritos Kadas","id":"node/9425805366"},"geometry":{"type":"Point","coordinates":[27.1423996,38.4363526]}},{"type":"Feature","id":"node/9896772565","properties":{"amenity":"restaurant","brand":"HD İskender","brand:wikidata":"Q28940587","cuisine":"kebab","name":"HD İskender","id":"node/9896772565"},"geometry":{"type":"Point","coordinates":[27.1428398,38.4357787]}},{"type":"Feature","id":"node/9896786536","properties":{"amenity":"fast_food","brand":"Burger King","brand:wikidata":"Q177054","check_date":"2026-02-15","cuisine":"burger","name":"Burger King","takeaway":"yes","id":"node/9896786536"},"geometry":{"type":"Point","coordinates":[27.1426322,38.4351319]}},{"type":"Feature","id":"node/9896786850","properties":{"amenity":"cafe","name":"Brew Mood Coffee & Tea","id":"node/9896786850"},"geometry":{"type":"Point","coordinates":[27.1416941,38.4348122]}},{"type":"Feature","id":"node/9896786980","properties":{"amenity":"fast_food","brand":"Popeyes","brand:wikidata":"Q1330910","cuisine":"chicken","name":"Popeyes","official_name":"Popeyes Louisiana Kitchen","takeaway":"yes","id":"node/9896786980"},"geometry":{"type":"Point","coordinates":[27.1426823,38.435208]}},{"type":"Feature","id":"node/9896786981","properties":{"amenity":"cafe","name":"Soulmate Coffee","id":"node/9896786981"},"geometry":{"type":"Point","coordinates":[27.1427126,38.4353483]}},{"type":"Feature","id":"node/9896791662","properties":{"amenity":"restaurant","check_date":"2025-09-18","name":"Ercan Burger","id":"node/9896791662"},"geometry":{"type":"Point","coordinates":[27.142933,38.4366666]}},{"type":"Feature","id":"node/9896793065","properties":{"amenity":"fast_food","brand":"Tavuk Dünyası","brand:wikidata":"Q126924105","cuisine":"chicken","name":"Tavuk Dünyası","takeaway":"yes","id":"node/9896793065"},"geometry":{"type":"Point","coordinates":[27.1426552,38.4359063]}},{"type":"Feature","id":"node/9896799434","properties":{"name":"Avkom İletişim","shop":"mobile_phone","id":"node/9896799434"},"geometry":{"type":"Point","coordinates":[27.1425274,38.4354282]}},{"type":"Feature","id":"node/9896799435","properties":{"amenity":"fast_food","check_date":"2025-09-18","name":"Levent Börek","id":"node/9896799435"},"geometry":{"type":"Point","coordinates":[27.142944,38.4367049]}},{"type":"Feature","id":"node/10178864389","properties":{"amenity":"restaurant","check_date":"2022-11-12","cuisine":"mediterranean","internet_access":"wlan","internet_access:fee":"customers","microbrewery":"no","name":"Şahane Meyhane","name:tr":"Şahane Meyöhane","outdoor_seating":"yes","payment:mastercard":"yes","payment:visa":"yes","phone":"+90 532 224 77 43","reservation":"yes","smoking":"outside","wheelchair":"no","id":"node/10178864389"},"geometry":{"type":"Point","coordinates":[27.1447186,38.4386653]}},{"type":"Feature","id":"node/10315643972","properties":{"description":"Спортмаг. Газ и снаряга, нет одежды.\nNo clothes, equipment and touristical gas tanks.","shop":"sports","id":"node/10315643972"},"geometry":{"type":"Point","coordinates":[27.1450001,38.4365967]}},{"type":"Feature","id":"node/10731342394","properties":{"addr:city":"İzmir","addr:district":"Konak","addr:housenumber":"394","addr:neighbourhood":"Alsancak","addr:postcode":"35220","addr:street":"Atatürk Caddesi","branch":"Alsancak İzmir","brand":"Migros","brand:wikidata":"Q1754510","name":"Migros","opening_hours":"Mo-Su 08:00-22:00","shop":"supermarket","id":"node/10731342394"},"geometry":{"type":"Point","coordinates":[27.1463563,38.4410834]}},{"type":"Feature","id":"node/10945871779","properties":{"addr:city":"Izmir","addr:district":"Konak","addr:housenumber":"1","addr:neighbourhood":"Alsancak","addr:postcode":"35220","addr:street":"Enver Dündar Başar Sokağı","air_conditioning":"yes","branch":"Dövme Dükkanı","brand":"Panormos Tattoo Equipment","contact:facebook":"https://www.facebook.com/panormosizmir","currency:CHF":"yes","currency:EUR":"yes","currency:GBP":"yes","currency:RUB":"yes","currency:USD":"yes","currency:others":"yes","description":"Panormos Tattoo'nun İzmir şubesi olarak faaliyet gösteren dövme malzemeleri satış dükkânı.","email":"izmirstore@panormostattoo.com","internet_access":"wlan","name":"Panormos Tattoo İzmir Store","name:tr":"Panormos Tattoo İzmir Mağazası","opening_hours":"Mo-Su 10:00-21:00","operator":"Panormos Tattoo Equipment","payment:american_express":"yes","payment:cash":"yes","payment:debit_cards":"yes","payment:mastercard":"yes","payment:visa":"yes","shop":"tattoo","start_date":"2022-12-15","stroller":"yes","toilets":"yes","wheelchair":"yes","id":"node/10945871779"},"geometry":{"type":"Point","coordinates":[27.1421454,38.4387536]}},{"type":"Feature","id":"node/11096452687","properties":{"name":"Ada Apart Hotel","tourism":"hotel","id":"node/11096452687"},"geometry":{"type":"Point","coordinates":[27.1467147,38.4382399]}},{"type":"Feature","id":"node/11438553269","properties":{"amenity":"bar","name":"Che","id":"node/11438553269"},"geometry":{"type":"Point","coordinates":[27.1423437,38.4373862]}},{"type":"Feature","id":"node/11579537369","properties":{"amenity":"cafe","name":"Sushi City Alsancak uzakdoğu restorani","name:ru":"Ресторан азиатской кухни","id":"node/11579537369"},"geometry":{"type":"Point","coordinates":[27.1441837,38.4375512]}},{"type":"Feature","id":"node/11581653669","properties":{"amenity":"cafe","name":"Castelo Restaurant","name:ru":"Ресторан Castelo","id":"node/11581653669"},"geometry":{"type":"Point","coordinates":[27.1445205,38.4369414]}},{"type":"Feature","id":"node/11708100620","properties":{"check_date":"2024-03-09","email":"yerdenizkitapcisi@gmail.com","name":"Yerdeniz Kitapçısı","opening_hours":"Mo-Sa 11:00-19:00","payment:cash":"yes","payment:credit_cards":"yes","payment:debit_cards":"yes","phone":"+90 533 717 45 45","second_hand":"no","shop":"books","id":"node/11708100620"},"geometry":{"type":"Point","coordinates":[27.1462976,38.4378747]}},{"type":"Feature","id":"node/11733511870","properties":{"check_date":"2024-03-15","name":"OK Co. Roastery","payment:cash":"yes","payment:credit_cards":"yes","payment:debit_cards":"yes","shop":"coffee","toilets":"yes","toilets:wheelchair":"no","wheelchair":"no","id":"node/11733511870"},"geometry":{"type":"Point","coordinates":[27.1450531,38.4386324]}},{"type":"Feature","id":"node/11825031470","properties":{"amenity":"cafe","name":"Sevinç Pastanesi","id":"node/11825031470"},"geometry":{"type":"Point","coordinates":[27.1421246,38.4347883]}},{"type":"Feature","id":"node/11853803569","properties":{"amenity":"pharmacy","healthcare":"pharmacy","name":"Sibel Atlas Eczanesi","phone":"+90 232 388 1335","id":"node/11853803569"},"geometry":{"type":"Point","coordinates":[27.1438666,38.4405692]}},{"type":"Feature","id":"node/11853803669","properties":{"amenity":"pharmacy","healthcare":"pharmacy","name":"Nilgün Eczanesi","phone":"+90 232 464 4880","id":"node/11853803669"},"geometry":{"type":"Point","coordinates":[27.1464911,38.4398717]}},{"type":"Feature","id":"node/11853803769","properties":{"amenity":"pharmacy","healthcare":"pharmacy","name":"Okay Eczanesi","phone":"+90 232 422 6044","id":"node/11853803769"},"geometry":{"type":"Point","coordinates":[27.1460684,38.4362887]}},{"type":"Feature","id":"node/11991308192","properties":{"addr:city":"İzmir","addr:district":"Konak","addr:housenumber":"2","addr:neighbourhood":"Alsancak Mahallesi","addr:postcode":"35220","addr:street":"1466. Sokak","name":"Zeynel Ergin Gevrek Fırını","shop":"bakery","id":"node/11991308192"},"geometry":{"type":"Point","coordinates":[27.1452412,38.4384526]}},{"type":"Feature","id":"node/12066193334","properties":{"name":"TeleLife","shop":"mobile_phone","id":"node/12066193334"},"geometry":{"type":"Point","coordinates":[27.1419523,38.4347603]}},{"type":"Feature","id":"node/12066193335","properties":{"brand":"Penti","brand:wikidata":"Q28729986","clothes":"underwear;women","name":"Penti","shop":"clothes","id":"node/12066193335"},"geometry":{"type":"Point","coordinates":[27.1433517,38.4379638]}},{"type":"Feature","id":"node/12066193479","properties":{"name":"Loris Parfüm","shop":"perfumery","id":"node/12066193479"},"geometry":{"type":"Point","coordinates":[27.1427358,38.436093]}},{"type":"Feature","id":"node/12066194365","properties":{"amenity":"restaurant","name":"Macaroni Express","id":"node/12066194365"},"geometry":{"type":"Point","coordinates":[27.1418376,38.434775]}},{"type":"Feature","id":"node/12066194366","properties":{"name":"Tuğba Kuruyemiş","shop":"convenience","id":"node/12066194366"},"geometry":{"type":"Point","coordinates":[27.1421737,38.4346925]}},{"type":"Feature","id":"node/12066194367","properties":{"name":"Çıtıpıtı","shop":"clothes","id":"node/12066194367"},"geometry":{"type":"Point","coordinates":[27.1428307,38.4363368]}},{"type":"Feature","id":"node/12066194830","properties":{"name":"Mion","shop":"cosmetics","id":"node/12066194830"},"geometry":{"type":"Point","coordinates":[27.1427335,38.4352898]}},{"type":"Feature","id":"node/12066194831","properties":{"name":"Case Shop","shop":"mobile_phone","id":"node/12066194831"},"geometry":{"type":"Point","coordinates":[27.1427622,38.436152]}},{"type":"Feature","id":"node/12066194832","properties":{"name":"Liza Jazz Accessories","shop":"clothes","id":"node/12066194832"},"geometry":{"type":"Point","coordinates":[27.1428443,38.4363791]}},{"type":"Feature","id":"node/12066194836","properties":{"brand":"Koton","brand:wikidata":"Q6063877","name":"Koton","shop":"clothes","id":"node/12066194836"},"geometry":{"type":"Point","coordinates":[27.1434077,38.4381511]}},{"type":"Feature","id":"node/12066194837","properties":{"name":"Suwen","shop":"clothes","id":"node/12066194837"},"geometry":{"type":"Point","coordinates":[27.1433544,38.4379025]}},{"type":"Feature","id":"node/12066195453","properties":{"amenity":"school","name":"Dalton Uluslararası Eğitim Kurumları","id":"node/12066195453"},"geometry":{"type":"Point","coordinates":[27.1428575,38.4365271]}},{"type":"Feature","id":"node/12066195454","properties":{"name":"Bargello","shop":"perfumery","id":"node/12066195454"},"geometry":{"type":"Point","coordinates":[27.1432253,38.4374524]}},{"type":"Feature","id":"node/12066196705","properties":{"brand":"Gratis","brand:wikidata":"Q28605813","name":"Gratis","shop":"cosmetics","id":"node/12066196705"},"geometry":{"type":"Point","coordinates":[27.1428165,38.4362814]}},{"type":"Feature","id":"node/12066196706","properties":{"name":"Alsancak Kurukahvecisi","shop":"coffee","id":"node/12066196706"},"geometry":{"type":"Point","coordinates":[27.1432449,38.437502]}},{"type":"Feature","id":"node/12066196707","properties":{"brand":"LC Waikiki","brand:wikidata":"Q3205965","name":"LC Waikiki","shop":"clothes","id":"node/12066196707"},"geometry":{"type":"Point","coordinates":[27.1433159,38.4377854]}},{"type":"Feature","id":"node/12066196839","properties":{"name":"Bargello","shop":"perfumery","id":"node/12066196839"},"geometry":{"type":"Point","coordinates":[27.1428352,38.4363591]}},{"type":"Feature","id":"node/12066199080","properties":{"name":"Piercing Clinic","shop":"tattoo","id":"node/12066199080"},"geometry":{"type":"Point","coordinates":[27.1427457,38.436117]}},{"type":"Feature","id":"node/12066200301","properties":{"name":"Bargello","shop":"perfumery","id":"node/12066200301"},"geometry":{"type":"Point","coordinates":[27.1418727,38.434767]}},{"type":"Feature","id":"node/12066200302","properties":{"brand":"Yves Rocher","brand:wikidata":"Q1477321","name":"Yves Rocher","shop":"cosmetics","id":"node/12066200302"},"geometry":{"type":"Point","coordinates":[27.1422079,38.4347003]}},{"type":"Feature","id":"node/12066202075","properties":{"name":"Helvacı Ali","shop":"confectionery","id":"node/12066202075"},"geometry":{"type":"Point","coordinates":[27.143218,38.4374239]}},{"type":"Feature","id":"node/12066202777","properties":{"amenity":"fast_food","name":"Berk Kordon Pilavcısı","id":"node/12066202777"},"geometry":{"type":"Point","coordinates":[27.1432064,38.4373638]}},{"type":"Feature","id":"node/12066208708","properties":{"name":"Akarsu Market","shop":"convenience","id":"node/12066208708"},"geometry":{"type":"Point","coordinates":[27.1419893,38.4347532]}},{"type":"Feature","id":"node/12066208709","properties":{"amenity":"cafe","brand":"Caffè Nero","brand:wikidata":"Q675808","cuisine":"coffee_shop","name":"Caffè Nero","takeaway":"yes","id":"node/12066208709"},"geometry":{"type":"Point","coordinates":[27.1425875,38.4382986]}},{"type":"Feature","id":"node/12066208889","properties":{"name":"Sacha","shop":"bag","id":"node/12066208889"},"geometry":{"type":"Point","coordinates":[27.1427942,38.4362329]}},{"type":"Feature","id":"node/12066208890","properties":{"amenity":"fast_food","name":"Meyve Dünyası","id":"node/12066208890"},"geometry":{"type":"Point","coordinates":[27.1433224,38.4376947]}},{"type":"Feature","id":"node/12066209100","properties":{"brand":"Arçelik","brand:wikidata":"Q640497","name":"Arçelik","shop":"appliance","id":"node/12066209100"},"geometry":{"type":"Point","coordinates":[27.1421288,38.4346991]}},{"type":"Feature","id":"node/12066209319","properties":{"name":"Loya","shop":"clothes","id":"node/12066209319"},"geometry":{"type":"Point","coordinates":[27.1433895,38.438066]}},{"type":"Feature","id":"node/12066209320","properties":{"amenity":"cafe","name":"Brew Mood Coffee & Tea","id":"node/12066209320"},"geometry":{"type":"Point","coordinates":[27.1418339,38.4386817]}},{"type":"Feature","id":"node/12066209472","properties":{"amenity":"fast_food","name":"İzmir Midye","id":"node/12066209472"},"geometry":{"type":"Point","coordinates":[27.1427135,38.4355298]}},{"type":"Feature","id":"node/12066209473","properties":{"amenity":"bar","name":"45lik","id":"node/12066209473"},"geometry":{"type":"Point","coordinates":[27.143282,38.4376899]}},{"type":"Feature","id":"node/12066209712","properties":{"amenity":"cafe","brand":"Özsüt","brand:wikidata":"Q20472928","cuisine":"coffee_shop","name":"Özsüt","takeaway":"yes","id":"node/12066209712"},"geometry":{"type":"Point","coordinates":[27.1424387,38.4350705]}},{"type":"Feature","id":"node/12066209713","properties":{"amenity":"fast_food","name":"Berk Tantuni","id":"node/12066209713"},"geometry":{"type":"Point","coordinates":[27.1432113,38.4373978]}},{"type":"Feature","id":"node/12066209714","properties":{"amenity":"fast_food","name":"Dürümle","id":"node/12066209714"},"geometry":{"type":"Point","coordinates":[27.1432686,38.4376228]}},{"type":"Feature","id":"node/12066210469","properties":{"name":"Alsancak 1924","shop":"bakery","id":"node/12066210469"},"geometry":{"type":"Point","coordinates":[27.1426093,38.4357548]}},{"type":"Feature","id":"node/12193051511","properties":{"amenity":"fast_food","check_date":"2024-09-22","cuisine":"burger","name":"Reel","id":"node/12193051511"},"geometry":{"type":"Point","coordinates":[27.1424189,38.436373]}},{"type":"Feature","id":"node/12473958901","properties":{"addr:housenumber":"5/A","addr:postcode":"35220","addr:street":"1440. Sokak","amenity":"cafe","cuisine":"coffee_shop;sandwich","name":"The Blue Cafe","opening_hours":"Mo-Su 08:30-20:30","id":"node/12473958901"},"geometry":{"type":"Point","coordinates":[27.1432499,38.4356128]}},{"type":"Feature","id":"node/12593565885","properties":{"addr:city":"İzmir","addr:district":"Konak","addr:housenumber":"9/A","addr:neighbourhood":"Alsancak","addr:postcode":"35220","addr:street":"Mahmut Esat Bozkurt Caddesi","contact:instagram":"https://www.instagram.com/egekitapveplak/","email":"info@egekitabevi.net","name":"Ege Kitap ve Plak Evi","name:en":"Ege Book and Vinyl House","phone":"+90 232 465 31 51","shop":"music","website":"https://egekitabevi.net/","id":"node/12593565885"},"geometry":{"type":"Point","coordinates":[27.1440625,38.4367117]}},{"type":"Feature","id":"node/12626408223","properties":{"addr:city":"İzmir","addr:district":"Konak","addr:housenumber":"52","addr:neighbourhood":"Alsancak","addr:street":"Muzaffer İzgü Sokak","amenity":"bar","min_age":"18","name":"f.loki","opening_hours":"Mo-Su 19:00-04:00","id":"node/12626408223"},"geometry":{"type":"Point","coordinates":[27.1432337,38.4375401]}},{"type":"Feature","id":"node/12776982857","properties":{"amenity":"pub","name":"Adres Belli Irish Pub","id":"node/12776982857"},"geometry":{"type":"Point","coordinates":[27.1419955,38.4353176]}},{"type":"Feature","id":"node/12776982858","properties":{"amenity":"bar","name":"Adres Belli 2.0","id":"node/12776982858"},"geometry":{"type":"Point","coordinates":[27.1422289,38.4352558]}},{"type":"Feature","id":"node/12776982861","properties":{"name":"Pia Kitabevi","opening_hours":"Mo-Su 11:00-23:00","shop":"books","id":"node/12776982861"},"geometry":{"type":"Point","coordinates":[27.1444472,38.437294]}},{"type":"Feature","id":"node/12776982862","properties":{"amenity":"cafe","name":"Münire","opening_hours":"Mo-Su 11:00-23:00","id":"node/12776982862"},"geometry":{"type":"Point","coordinates":[27.1442653,38.4372873]}},{"type":"Feature","id":"node/12776982863","properties":{"amenity":"restaurant","cuisine":"kebab","name":"Alsancak Eski Konak Pide Kebap","id":"node/12776982863"},"geometry":{"type":"Point","coordinates":[27.144687,38.4376049]}},{"type":"Feature","id":"node/12776982864","properties":{"amenity":"bar","name":"Independent","id":"node/12776982864"},"geometry":{"type":"Point","coordinates":[27.1442563,38.4388295]}},{"type":"Feature","id":"node/12998797402","properties":{"brand":"MACFit","brand:wikidata":"Q106801022","leisure":"fitness_centre","name":"MACFit","opening_hours":"Mo-Fr 07:00-22:00; Sa-Su 09:00-20:00","id":"node/12998797402"},"geometry":{"type":"Point","coordinates":[27.1427805,38.4380726]}},{"type":"Feature","id":"node/13048810338","properties":{"addr:city":"İzmir","addr:district":"Konak","addr:housenumber":"110","addr:neighbourhood":"Alsancak","addr:postcode":"35220","addr:street":"1469. Sokak","amenity":"cafe","internet_access":"yes","internet_access:fee":"no","name":"Kitap Arası Coffee & Book Store","opening_hours":"09:00-20:00","phone":"+90 232 421 50 05","id":"node/13048810338"},"geometry":{"type":"Point","coordinates":[27.1467465,38.4390835]}},{"type":"Feature","id":"node/13082004522","properties":{"amenity":"cafe","name":"Coffee Geist","id":"node/13082004522"},"geometry":{"type":"Point","coordinates":[27.1419238,38.435316]}},{"type":"Feature","id":"node/13154229301","properties":{"amenity":"bar","name":"Friends","id":"node/13154229301"},"geometry":{"type":"Point","coordinates":[27.1442357,38.4378789]}},{"type":"Feature","id":"node/13164950020","properties":{"name":"In House Hotel and Hostel","tourism":"hotel","id":"node/13164950020"},"geometry":{"type":"Point","coordinates":[27.1443812,38.4377852]}},{"type":"Feature","id":"node/13164950021","properties":{"name":"Titan House Hostel","tourism":"hotel","id":"node/13164950021"},"geometry":{"type":"Point","coordinates":[27.1446955,38.4377852]}},{"type":"Feature","id":"node/13164950022","properties":{"name":"Laguna Hause Hostel","tourism":"hotel","id":"node/13164950022"},"geometry":{"type":"Point","coordinates":[27.144981,38.4379145]}},{"type":"Feature","id":"node/13460922179","properties":{"name":"Yigitler Ekmek Firin","shop":"bakery","id":"node/13460922179"},"geometry":{"type":"Point","coordinates":[27.1446067,38.4373065]}},{"type":"Feature","id":"node/13460941225","properties":{"name":"Boston","shop":"shoes","id":"node/13460941225"},"geometry":{"type":"Point","coordinates":[27.1446966,38.4368853]}},{"type":"Feature","id":"node/13460948289","properties":{"name":"Kessel Spor","shop":"shoes","id":"node/13460948289"},"geometry":{"type":"Point","coordinates":[27.1446105,38.4374109]}},{"type":"Feature","id":"node/13464154367","properties":{"amenity":"cafe","name":"232","id":"node/13464154367"},"geometry":{"type":"Point","coordinates":[27.1442698,38.4375698]}},{"type":"Feature","id":"node/13464161583","properties":{"amenity":"fast_food","name":"Guguklu","id":"node/13464161583"},"geometry":{"type":"Point","coordinates":[27.1447263,38.4373619]}},{"type":"Feature","id":"node/13464169320","properties":{"amenity":"restaurant","name":"Meşhur Balikşçi İsa","id":"node/13464169320"},"geometry":{"type":"Point","coordinates":[27.1447293,38.4373048]}},{"type":"Feature","id":"node/13464169533","properties":{"amenity":"cafe","name":"Gamini","id":"node/13464169533"},"geometry":{"type":"Point","coordinates":[27.1443803,38.4372938]}},{"type":"Feature","id":"node/13464169716","properties":{"amenity":"restaurant","name":"Usta Tabaği","id":"node/13464169716"},"geometry":{"type":"Point","coordinates":[27.1447381,38.4372545]}},{"type":"Feature","id":"node/13473469911","properties":{"check_date":"2026-01-21","name":"Mayo Shop","shop":"clothes","id":"node/13473469911"},"geometry":{"type":"Point","coordinates":[27.1457483,38.4361466]}},{"type":"Feature","id":"node/13473469912","properties":{"amenity":"car_rental","check_date":"2026-01-21","name":"Ceylan Rent a Car","id":"node/13473469912"},"geometry":{"type":"Point","coordinates":[27.1458405,38.4361786]}},{"type":"Feature","id":"node/13473469913","properties":{"check_date":"2026-01-21","name":"Ena Tattoo","shop":"tattoo","id":"node/13473469913"},"geometry":{"type":"Point","coordinates":[27.1465004,38.4364615]}},{"type":"Feature","id":"node/13473469914","properties":{"check_date":"2026-01-21","name":"Vio Boutique","shop":"clothes","id":"node/13473469914"},"geometry":{"type":"Point","coordinates":[27.1465548,38.4364828]}},{"type":"Feature","id":"node/13524775460","properties":{"brand":"A101","brand:wikidata":"Q6034496","name":"A101","shop":"supermarket","id":"node/13524775460"},"geometry":{"type":"Point","coordinates":[27.144872,38.4357985]}},{"type":"Feature","id":"node/13524781518","properties":{"amenity":"bank","brand":"Vakıfbank","brand:wikidata":"Q1148521","name":"Vakıfbank","id":"node/13524781518"},"geometry":{"type":"Point","coordinates":[27.1437877,38.4353229]}},{"type":"Feature","id":"node/13546319020","properties":{"name":"Nazlı Tekel & Çerez","shop":"bakery","id":"node/13546319020"},"geometry":{"type":"Point","coordinates":[27.1446558,38.4364649]}},{"type":"Feature","id":"node/13546321149","properties":{"name":"city hotel Izmir","tourism":"hotel","id":"node/13546321149"},"geometry":{"type":"Point","coordinates":[27.1457018,38.4370488]}},{"type":"Feature","id":"node/13572686360","properties":{"addr:city":"İzmir","addr:district":"Konak","addr:housenumber":"300/B","addr:neighbourhood":"Alsancak","addr:postcode":"35220","addr:street":"Cumhuriyet Bulvarı","amenity":"cafe","cuisine":"cake;pastry;dessert","delivery":"yes","diet:gluten_free":"yes","diet:vegan":"yes","diet:vegetarian":"yes","internet_access":"wlan","internet_access:fee":"customers","name":"Atadan Fırın","opening_hours":"24/7","outdoor_seating":"yes","payment:american_express":"yes","payment:cash":"yes","payment:credit_cards":"yes","payment:debit_cards":"yes","payment:mastercard":"yes","payment:visa":"yes","phone":"+90 542 895 95 75","reservation":"yes","website":"https://www.atadanbakery.com/","id":"node/13572686360"},"geometry":{"type":"Point","coordinates":[27.1438086,38.4414636]}},{"type":"Feature","id":"node/13647533101","properties":{"addr:housenumber":"3/F","addr:postcode":"35220","addr:street":"1440. Sokak","name":"Doğan Kitabevi - Sahaf","opening_hours":"Mo-Sa 09:00-19:00; Su 00:00-00:00","phone":"+90 232 422 28 62","shop":"books","id":"node/13647533101"},"geometry":{"type":"Point","coordinates":[27.1431448,38.4355582]}},{"type":"Feature","id":"node/13647554201","properties":{"addr:housenumber":"15/A","addr:postcode":"35220","addr:street":"1440. Sokak","name":"Gaga Kitap - Sahaf","opening_hours":"Mo-Sa 09:00-20:00; Su 13:00-17:00","phone":"+90 544 629 59 79","shop":"books","id":"node/13647554201"},"geometry":{"type":"Point","coordinates":[27.1440091,38.4359415]}},{"type":"Feature","id":"node/13849409721","properties":{"amenity":"cafe","name":"Marsiyas Cafe","id":"node/13849409721"},"geometry":{"type":"Point","coordinates":[27.1466956,38.439284]}}]}